edge:declared:db.AgendaBonusIssue:certificate_of_payment_for_the_share_file	18190.68,20110.290000000001 20465.18,18734.700000000001
edge:declared:db.AgendaBonusIssue:meeting_draft	17918.68,20203.09 16600.150000000001,20626.799999999999
edge:declared:db.AgendaBonusIssueNewIssueBalanceCertificateFile:agenda_bonus_issue	18967.099999999999,19709.23 18190.68,20120.240000000002
edge:declared:db.AgendaBonusIssueNewIssueMinutesFile:agenda_bonus_issue	18513.759999999998,20081.279999999999 18190.68,20135.049999999999
edge:declared:db.AgendaBonusIssueSharesToIssue:agenda_bonus_issue	16086.780000000001,18815.720000000001 18103.799999999999,20057.209999999999
edge:declared:db.AgendaBonusIssueSharesToIssue:share_class	15991.66,18741.720000000001 15547.559999999999,18272.310000000001
edge:declared:db.AgendaBorrowCapital:meeting_draft	16731.720000000001,20150.02 16539.900000000001,20423.380000000001
edge:declared:db.AgendaBranchChange:address	17796.880000000001,20042.470000000001 23920.169999999998,19003.029999999999
edge:declared:db.AgendaBranchChange:installation_event	17717.18,20014.52 19180.23,18396.119999999999
edge:declared:db.AgendaBranchChange:meeting_draft	17576.220000000001,20112.52 16600.150000000001,20607.310000000001
edge:declared:db.AgendaCashDividends:meeting_draft	15758.299999999999,20612.959999999999 16280.15,20568.400000000001
edge:declared:db.AgendaCeoAddressChange:meeting_draft	13033.02,21913.16 16280.15,20679.84
edge:declared:db.AgendaCeoAddressChangeItem:agenda_ceo_address_change	12801.360000000001,22480.02 12915.42,21995.16
edge:declared:db.AgendaCeoAddressChangeItem:stakeholder	12761.219999999999,22480.02 10128.959999999999,19507.16
edge:declared:db.AgendaChangeOfAoiClassStock:aoi	19572.779999999999,20601.18 19223.860000000001,20600.68
edge:declared:db.AgendaChangeOfAoiCustom:aoi	19668.380000000001,19791.560000000001 19021.400000000001,20535.41
edge:declared:db.AgendaChangeOfAoiCustom:changed_part	19714.970000000001,19709.560000000001 20677.119999999999,18734.700000000001
edge:declared:db.AgendaChangeOfAoiDirectorCompensationRule:aoi	19741.919999999998,20704.040000000001 19223.860000000001,20627.52
edge:declared:db.AgendaChangeOfAoiNumberOfDirectors:aoi	19307.560000000001,20450.080000000002 19166.779999999999,20535.41
edge:declared:db.AgendaChangeOfAoiThirdPartyAllocation:aoi	19380.950000000001,20818.549999999999 19141.849999999999,20665.41
edge:declared:db.AgendaChangeOfArticlesOfIncorporation:_deprecated_changed_part	19136.32,20535.41 20697.720000000001,18734.700000000001
edge:declared:db.AgendaChangeOfArticlesOfIncorporation:meeting_draft	18856.860000000001,20626.049999999999 16600.150000000001,20629.709999999999
edge:declared:db.AgendaCoCeoSystemChange:meeting_draft	16081.34,21080.299999999999 16360.450000000001,20713.380000000001
edge:declared:db.AgendaCompanyNameChange:meeting_draft	17060.650000000001,20934.240000000002 16600.150000000001,20657.720000000001
edge:declared:db.AgendaCustom:meeting_draft	16117.57,20950.889999999999 16296.700000000001,20713.380000000001
edge:declared:db.AgendaDirectorChange:stakeholder	12604.67,22775.830000000002 10076.82,19507.16
edge:declared:db.AgendaDirectorCompensationItem:director_compensation	11608.190000000001,20388.34 15045.68,21636.509999999998
edge:declared:db.AgendaDirectorCompensationItem:stakeholder	11445.92,20314.34 10128.959999999999,19507.16
edge:declared:db.AgendaDirectorCompensationRule:meeting_draft	16591.73,20930.740000000002 16489.639999999999,20713.380000000001
edge:declared:db.AgendaFinancialStatements:audit_report	17463.48,20204.07 20465.18,18734.700000000001
edge:declared:db.AgendaFinancialStatements:meeting_draft	17217.02,20258.279999999999 16600.150000000001,20504.389999999999
edge:declared:db.AgendaHeadOfficeRelocation:address	18562.77,21624.869999999999 23920.169999999998,19086.040000000001
edge:declared:db.AgendaHeadOfficeRelocation:meeting_draft	18355.029999999999,21624.869999999999 16600.150000000001,20655.029999999999
edge:declared:db.AgendaHeadOfficeRelocationAoiChange:meeting_draft	16956.27,20689.740000000002 16600.150000000001,20630.509999999998
edge:declared:db.AgendaMethodOfGivingPublicNoticeChange:daily_newspaper	17425.23,20000.77 17125.119999999999,15319.52
edge:declared:db.AgendaMethodOfGivingPublicNoticeChange:meeting_draft	17177.73,20082.77 16600.150000000001,20463.419999999998
edge:declared:db.AgendaNewIssue:financial_statements	16220.43,22253.779999999999 20579.310000000001,18734.700000000001
edge:declared:db.AgendaNewIssue:meeting_draft	16194.24,22253.779999999999 16465.380000000001,20713.380000000001
edge:declared:db.AgendaNewIssueItem:new_issue	19374.759999999998,25283.580000000002 16281.370000000001,22423.779999999999
edge:declared:db.AgendaNewIssueItemFromConversion:new_issue_item	19229.5,25878.25 19419.07,25413.580000000002
edge:declared:db.AgendaNewIssueItemFromPayment:new_issue_item	18663.5,25620.09 19315.07,25393.869999999999
edge:declared:db.AgendaNewIssueItemInstitutionMember:institution	21151.34,26077.400000000001 19662.130000000001,25086.939999999999
edge:declared:db.AgendaNewIssueItemInstitutionMemberCeo:member	19943.869999999999,25685.080000000002 21098.099999999999,26077.400000000001
edge:declared:db.AgendaNewIssueItemShareClass:item	18736.939999999999,25288.400000000001 19315.07,25338.049999999999
edge:declared:db.AgendaNewIssueItemShareholder:item	19590.18,25086.939999999999 19479.93,25283.580000000002
edge:declared:db.AgendaNewIssueNewShareClass:new_issue	16577.450000000001,22409.240000000002 16281.370000000001,22361.029999999999
edge:declared:db.AgendaNewOptionsRule:meeting_draft	16924.400000000001,21069.939999999999 16600.150000000001,20713.380000000001
edge:declared:db.AgendaNewOrChangeRsuRule:meeting_draft	17093.009999999998,21115.110000000001 16600.150000000001,20702.220000000001
edge:declared:db.AgendaOptionCancel:meeting_draft	15042.190000000001,21018.82 16280.15,20601.330000000002
edge:declared:db.AgendaOptionCancelGrantee:option_cancel	14054.66,21003.150000000001 14794.190000000001,20988.290000000001
edge:declared:db.AgendaOptionCancelGrantee:option_grantee	13933.4,20964.68 14129.68,19268.610000000001
edge:declared:db.AgendaOptionCancelOption:_deprecated_grantee	14278.51,21036.169999999998 14054.66,21016.66
edge:declared:db.AgendaOptionCancelOption:option_cancel	14504.98,21065.32 14794.190000000001,21039.029999999999
edge:declared:db.AgendaOptionCancelOptionDistribution:option	14265.530000000001,21188.439999999999 14338.73,21118.169999999998
edge:declared:db.AgendaOptionExercise:meeting_draft	13400.43,21754.41 16280.15,20673.91
edge:declared:db.AgendaOptionExerciseClaim:option_exercise	13016.99,21616.91 13207.35,21751.939999999999
edge:declared:db.AgendaOptionExerciseClaim:option_exercise_claim	12939.49,21534.91 11341.77,17915.16
edge:declared:db.AgendaOptionExerciseGrantee:option_exercise	13363.25,21619.389999999999 13299.860000000001,21751.939999999999
edge:declared:db.AgendaOptionExerciseGrantee:option_grantee	13398.370000000001,21529.389999999999 14129.68,19268.610000000001
edge:declared:db.AgendaOptionExerciseGranteeOption:grantee	13250.639999999999,21417.98 13345.5,21529.389999999999
edge:declared:db.AgendaOptionGrant:meeting_draft	15719.280000000001,19843.459999999999 16280.780000000001,20423.380000000001
edge:declared:db.AgendaOptionGrantGrantee:_deprecated_option_grant_event	14767.120000000001,19187.73 14915.27,18343.939999999999
edge:declared:db.AgendaOptionGrantGrantee:option_grant	14832.389999999999,19285.73 15473.52,19753.459999999999
edge:declared:db.AgendaOptionGrantGrantee:option_grantee	14586.17,19230.27 14129.68,19206.5
edge:declared:db.AgendaOptionGrantGrantee:stakeholder	14586.17,19247.220000000001 10128.959999999999,19378.43
edge:declared:db.AgendaPurposeChange:meeting_draft	17763.830000000002,21799.369999999999 16600.150000000001,20713.380000000001
edge:declared:db.AgendaPurposeChangeItem:agenda_purpose_change	17894.009999999998,21960.889999999999 17837.099999999999,21881.369999999999
edge:declared:db.AgendaRsuGrant:meeting_draft	15798.68,20853.110000000001 16280.15,20639.459999999999
edge:declared:db.AgendaRsuGrantGrantee:rsu	13223.1,18206.27 14549.940000000001,15331.15
edge:declared:db.AgendaRsuGrantGrantee:rsu_grant	13223.1,18206.27 15573.33,20881.25
edge:declared:db.AgendaRsuGrantGrantee:stakeholder	13223.1,18206.27 10128.959999999999,19307.950000000001
edge:declared:db.AgendaSubsidiaryEstablishment:meeting_draft	15844.549999999999,21409.220000000001 16309.98,20713.380000000001
edge:declared:db.AgendaTemplate:company	24780.07,8399.8700000000008 16194.99,12370.469999999999
edge:declared:db.AiPayrollLedger:payroll	2658.9499999999998,5006.1499999999996 4263.8400000000001,4598.1800000000003
edge:declared:db.AlimtalkActivityRecipient:activity	35507.599999999999,14348.77 36294.919999999998,14156.77
edge:declared:db.AlimtalkActivityRecipientStatusHistory:recipient	35333.839999999997,14474.219999999999 35361.989999999998,14420
edge:declared:db.AllocatedSeat:stakeholder	8179.8299999999999,13978.51 9879.1499999999996,19193.16
edge:declared:db.Announcement:company_set	20772.720000000001,12239.190000000001 16194.99,12450.33
edge:declared:db.Announcement:subscription_plan_set	20947.220000000001,12192.469999999999 21244.029999999999,11953.6
edge:declared:db.AnnualSalary:employee	10142.82,14974.950000000001 8613.3600000000006,15007.5
edge:declared:db.AnnualSalary:ledger	10378.82,14991.139999999999 11206.25,15118.610000000001
edge:declared:db.Article:third_party_provider	20628.209999999999,19740.32 20455.540000000001,19771.98
edge:declared:db.Article:thumbnail_image	20750.560000000001,19676.580000000002 20712.599999999999,18734.700000000001
edge:declared:db.ArticlePublishHistory:article	20785.380000000001,19889.540000000001 20760.119999999999,19758.580000000002
edge:declared:db.ArticlesOfIncorporation:_deprecated_daily_newspaper	17169.369999999999,15366.85 17203.099999999999,15319.52
edge:declared:db.ArticlesOfIncorporation:articles_of_incorporation_file	17213.849999999999,15480.85 20465.18,18307.16
edge:declared:db.ArticlesOfIncorporation:company	17056.09,15366.85 16094.15,12675.32
edge:declared:db.ArticlesOfIncorporation:source_meeting	17213.849999999999,15480.85 17249.810000000001,17446.73
edge:declared:db.ArticlesOfIncorporationAnalyzationRequest:company	13155.299999999999,7659.2200000000003 15876.16,12241.32
edge:declared:db.ArticlesOfIncorporationAnalyzationResult:request	10746.719999999999,7940.9399999999996 12950.92,7646.6099999999997
edge:declared:db.AuditLog:actor_api_key	17341.150000000001,7245.3699999999999 17713.75,7441.0299999999997
edge:declared:db.AvailableModusignRequest:company	21292.330000000002,19377.970000000001 16185.77,12675.32
edge:declared:db.AvailableModusignRequest:modusign_account	21359.869999999999,19451.970000000001 22105.349999999999,20236.990000000002
edge:declared:db.BalanceCertificateDocument:new_issue_agenda	14419.99,22683.630000000001 16009.370000000001,22423.779999999999
edge:declared:db.BalanceCertificateDocument:option_exercise_agenda	14219.99,22668.049999999999 13329.75,21849.939999999999
edge:declared:db.BaseModusignDocumentUsageHistory:modusign_document	25566.34,13635.75 23681.060000000001,20555.490000000002
edge:declared:db.BaseModusignDocumentUsageHistory:purchase	25255.34,13634.299999999999 23095.610000000001,13782.76
edge:declared:db.BranchAbolitionEvent:installation_event	18579.209999999999,18240.16 18969.84,18320.529999999999
edge:declared:db.BranchChangeEvent:address	19670,18552.299999999999 23920.169999999998,18958.060000000001
edge:declared:db.BranchChangeEvent:installation_event	19457.200000000001,18499.459999999999 19217.84,18388.939999999999
edge:declared:db.BranchInstallationEvent:address	19217.84,18372.950000000001 23920.169999999998,18929.799999999999
edge:declared:db.BulkEmail:sender_mail_integration	13467.440000000001,17219.599999999999 13104.120000000001,17113.939999999999
edge:declared:db.BulkEmail:template_revision	13727.440000000001,17234.25 17342.720000000001,16569.049999999999
edge:declared:db.BulkEmailCommonAttachment:bulk_email	15920.59,17854.919999999998 13727.440000000001,17304.349999999999
edge:declared:db.BulkEmailRecipient:bulk_email	17211.799999999999,19074.009999999998 13727.440000000001,17325.950000000001
edge:declared:db.BulkEmailRecipient:email_activity_recipient	17392.34,19188.009999999998 25682.799999999999,23085.189999999999
edge:declared:db.BulkEmailRecipientAttachment:recipient	17726.860000000001,19027.48 17392.34,19157.419999999998
edge:declared:db.BulkEmailTemplateRevision:template	17582.720000000001,16545.029999999999 19319.470000000001,15056.35
edge:declared:db.BusinessPlan:company	13984.219999999999,11958.6 15814.99,12411.209999999999
edge:declared:db.BusinessPlanAiAnalysis:business_plan_ai_review	11993.049999999999,11144.49 13667.790000000001,11747.969999999999
edge:declared:db.BusinessPlanAiAnalysisItem:ai_analysis_feedback	10225.549999999999,10519.049999999999 9840.0799999999999,10365.309999999999
edge:declared:db.BusinessPlanAiAnalysisItem:business_plan_ai_analysis	10445.83,10601.049999999999 11785.139999999999,11070.49
edge:declared:db.BusinessPlanAiAnalysisItemImprovement:ai_analysis_feedback	9775.6200000000008,10480.91 9753.9699999999993,10365.309999999999
edge:declared:db.BusinessPlanAiAnalysisItemImprovement:business_plan_ai_analysis_item	9954.5599999999995,10531.709999999999 10196.32,10549.639999999999
edge:declared:db.BusinessPlanAiReview:business_plan	13806.83,11829.969999999999 13843.16,11892.33
edge:declared:db.BusinessPlanAiReview:company	13905.68,11826.309999999999 15814.99,12401.18
edge:declared:db.BusinessRegistrationCertificate:company	19514.900000000001,9826.1399999999994 16194.99,12315.74
edge:declared:db.CaptableRequest:captable_file	18649.669999999998,16494.84 20465.18,18300.700000000001
edge:declared:db.CaptableRequest:company	18582.16,16412.84 16185.18,12675.32
edge:declared:db.CashIncentive:category	11234.16,13994.27 11329.709999999999,13813.24
edge:declared:db.CashIncentive:employee	11039.35,14076.27 8613.3600000000006,14956.219999999999
edge:declared:db.CashIncentiveCategory:company	11467.24,13742.92 15814.99,12515.309999999999
edge:declared:db.CashIncentiveItem:cash_incentive	10349.4,14015.32 11028.389999999999,14032.1
edge:declared:db.CashPayment:purchase	23097.5,14077.540000000001 23009.459999999999,13924.219999999999
edge:declared:db.CeoAddressChangeEvent:director	16108.16,16590.060000000001 16500.259999999998,16513.950000000001
edge:declared:db.Charge:credit	20720.59,13717.360000000001 20857.110000000001,13820.049999999999
edge:declared:db.Charge:meeting	20630.209999999999,13717.360000000001 17367.52,17446.73
edge:declared:db.CmeBulkEmail:cme	17983.360000000001,16458.580000000002 20066.630000000001,14540.690000000001
edge:declared:db.CmeBulkEmailRecipient:_deprecated_cme_bulk_email	18125.970000000001,16434.169999999998 17983.360000000001,16459.009999999998
edge:declared:db.CmeBulkEmailRecipient:cme_company	18300.950000000001,16371.57 19185.119999999999,14142.120000000001
edge:declared:db.CmeBulkEmailTemplate:cme	20079.639999999999,14900.190000000001 20135.419999999998,14540.690000000001
edge:declared:db.CmeCompany:company	19106.790000000001,14113.32 16194.99,12565.950000000001
edge:declared:db.CmeCompany:company_managing_entity	19366.790000000001,14142.120000000001 20007.23,14419.41
edge:declared:db.CmeCompany:contact_set	19366.790000000001,14142.120000000001 20717.290000000001,14684.08
edge:declared:db.CmeCompanyContact:cme_company	19659.349999999999,14179.629999999999 19366.790000000001,14113.34
edge:declared:db.CmeCompanyContactNotificationSettings:cme_company_contact	19697.43,14102.5 19746.959999999999,14168.15
edge:declared:db.CmeCompanyDirectorTermManagement:cme_company	19567.41,13978.18 19366.790000000001,14041.85
edge:declared:db.CmeCompanyNote:cme_company	19184.810000000001,13897.08 19220.02,14028.120000000001
edge:declared:db.CmeCompanyRegistration:cme_contact	20627.779999999999,14771.73 20705.419999999998,14755.309999999999
edge:declared:db.CmeCompanyRegistration:company_managing_entity	20452.110000000001,14730.290000000001 20217.619999999999,14540.690000000001
edge:declared:db.CmeCompanyRegistrationFile:cme_company_registration	20700.330000000002,14867.5 20586.360000000001,14812.290000000001
edge:declared:db.CmeContact:company_managing_entity	20706.110000000001,14684.08 20267.23,14523.92
edge:declared:db.CmeMemberRelation:company_managing_entity	20661.41,14448.469999999999 20267.23,14468.370000000001
edge:declared:db.Company:sso_configuration	15814.99,12478.040000000001 14992.58,12566.6
edge:declared:db.CompanyAddressChangeEvent:address	19636.790000000001,18422.599999999999 23920.169999999998,18954.060000000001
edge:declared:db.CompanyAppointedTransferAgentChange:company	20908.869999999999,9855.8099999999995 16194.99,12357.48
edge:declared:db.CompanyAuthorizedSharesChange:company	23565.779999999999,9464.4099999999999 16194.99,12383.110000000001
edge:declared:db.CompanyBenefit:company	18914.639999999999,10676.93 16194.99,12341.92
edge:declared:db.CompanyBulkEmailTemplate:company	18826.779999999999,13901.610000000001 16194.99,12542.41
edge:declared:db.CompanyCreateAssignmentReadiness:company	17041.549999999999,8639.5799999999999 16026.33,12241.32
edge:declared:db.CompanyCreateProgress:company_create_request	23757.07,16872.23 23954.34,17183.200000000001
edge:declared:db.CompanyCreateRequest:address	24002.43,17313.200000000001 24140.360000000001,18836.040000000001
edge:declared:db.CompanyCreateRequest:articles_of_incorporation_attachment	23866.540000000001,17294.509999999998 20845.18,18370.84
edge:declared:db.CompanyCreateRequest:company	23887.880000000001,17183.200000000001 16194.99,12581.450000000001
edge:declared:db.CompanyDepartment:department_code	9792.5799999999999,14091.6 9766.8299999999999,14043.07
edge:declared:db.CompanyDepartmentCode:organization_chart	9859.3500000000004,13964 10387.57,13828.360000000001
edge:declared:db.CompanyDocumentAIAnalysis:company	18144.860000000001,16028.15 16171.190000000001,12675.32
edge:declared:db.CompanyDocumentAIAnalysis:file	18211.18,16110.15 20465.18,18300.700000000001
edge:declared:db.CompanyDocumentDelivery:company	18290.48,12641.35 16194.99,12472.57
edge:declared:db.CompanyEndorsement:company	24092.25,8583.9599999999991 16194.99,12367.370000000001
edge:declared:db.CompanyEndorsementFeed:company_endorsement	27514.950000000001,6483.1199999999999 24238.779999999999,8509.9599999999991
edge:declared:db.CompanyExpertClientRelation:company	20193.799999999999,13951.59 16194.99,12515.07
edge:declared:db.CompanyExpertClientRelation:expert_client	20372.349999999999,14025.59 21604.77,14629.15
edge:declared:db.CompanyFeed:company	28352.07,5467.8900000000003 16194.99,12348.77
edge:declared:db.CompanyFeedAccessLog:company_feeds	41116.190000000002,3977.0999999999999 28569.709999999999,5400.8199999999997
edge:declared:db.CompanyFeedAccessLog:venture_capital	41220.019999999997,4001.8699999999999 38065.669999999998,12270.07
edge:declared:db.CompanyFeedRating:company_feed	29497.119999999999,3812.5700000000002 28480.490000000002,5361.8900000000003
edge:declared:db.CompanyGuideState:company	17601.41,12514.23 16194.99,12465.389999999999
edge:declared:db.CompanyInvestmentContractInfo:company	19280.360000000001,12923.459999999999 16194.99,12485.219999999999
edge:declared:db.CompanyInvestorInterest:company	28924.290000000001,8501.8400000000001 16194.99,12398.35
edge:declared:db.CompanyInvestorInterest:venture_capital	29124.849999999999,8502.7199999999993 37803.459999999999,12392.24
edge:declared:db.CompanyInvitation:invitee	17121.360000000001,9739.1200000000008 16076.58,12241.32
edge:declared:db.CompanyIrClosingFeed:investor_relations	29216.529999999999,6278.3599999999997 30469.169999999998,7439.9399999999996
edge:declared:db.CompanyIrNewCommitFeed:investor_relations	29810.389999999999,6136.75 30536.41,7439.9399999999996
edge:declared:db.CompanyIrOpenFeed:investor_relations	29981.32,5598.8999999999996 30567.23,7439.9399999999996
edge:declared:db.CompanyIrSetting:company	21489.310000000001,8065.1099999999997 16194.99,12306.09
edge:declared:db.CompanyLegalPartnerRelation:company	21944.75,14344.16 16194.99,12507.950000000001
edge:declared:db.CompanyLegalPartnerRelation:legal_partner	22104.27,14418.16 22372.950000000001,14645.84
edge:declared:db.CompanyManagementAssignment:company	15502.610000000001,9316.1100000000006 15956.610000000001,12241.32
edge:declared:db.CompanyManagingEntity:expert_client	20267.23,14490.4 21604.77,14641.77
edge:declared:db.CompanyManagingEntity:expert_partner	20267.23,14494.33 22332.5,14790.48
edge:declared:db.CompanyManagingEntity:holding_company	20267.23,14432.690000000001 20368.419999999998,14409.33
edge:declared:db.CompanyMethodOfGivingPublicNoticeChange:company	17001.290000000001,14918.26 16095.1,12675.32
edge:declared:db.CompanyMethodOfGivingPublicNoticeChange:daily_newspaper	17040.549999999999,14992.26 17201.700000000001,15237.52
edge:declared:db.CompanyMnaSetting:company	18985.139999999999,12153.68 16194.99,12438.82
edge:declared:db.CompanyNameChange:company	12888.83,10896.41 15814.99,12363
edge:declared:db.CompanyNews:company	18990.990000000002,8116.5100000000002 16154.700000000001,12241.32
edge:declared:db.CompanyNewsFeed:company_news	19193.389999999999,8227.9300000000003 19143.18,8075.4300000000003
edge:declared:db.CompanyNewsLink:company_news	18723.509999999998,7436.6999999999998 19000.23,8034.5100000000002
edge:declared:db.CompanyNotificationSetting:company	14924.77,11464.629999999999 15814.99,12270.870000000001
edge:declared:db.CompanyNotificationTrigger:notification_setting	14649.42,11249.34 14835.25,11390.629999999999
edge:declared:db.CompanyOptionRule:company	18967.380000000001,12949.690000000001 16194.99,12489.75
edge:declared:db.CompanyOverview:company	15866.85,10616.700000000001 15958.540000000001,12241.32
edge:declared:db.CompanyOwnerAddRequest:company	17019.860000000001,10379.639999999999 16102.540000000001,12241.32
edge:declared:db.CompanyOwnerAuditLog:company	8813.75,7786.1000000000004 15814.99,12334.85
edge:declared:db.CompanyOwnerAuditLogOwnerRoleRelation:company_owner_audit_log	9252.8199999999997,8801.1800000000003 8774.7800000000007,7786.1000000000004
edge:declared:db.CompanyOwnerAuditLogOwnerRoleRelation:owner_role	9266.9099999999999,8875.1800000000003 9103.0300000000007,10971.08
edge:declared:db.CompanyOwnerNotificationTrigger:trigger	14452.879999999999,11109.549999999999 14534.299999999999,11175.34
edge:declared:db.CompanyParValueChange:_deprecated_articles_of_incorporation	16968.52,15651.67 17052.52,15480.85
edge:declared:db.CompanyParValueChange:company	16939.509999999998,15651.67 16069.459999999999,12675.32
edge:declared:db.CompanyPaymentLink:company	22959.02,12167.26 16194.99,12451.24
edge:declared:db.CompanyPolicyFile:company	16593.099999999999,9713.9200000000001 16025.889999999999,12241.32
edge:declared:db.CompanyProfileAccessLog:company	28871.470000000001,8717.1700000000001 16194.99,12399.41
edge:declared:db.CompanyProfileAccessLog:venture_capital	29077.259999999998,8719.8899999999994 37803.459999999999,12397.530000000001
edge:declared:db.CompanyPromotionWinLog:company	14366,8665.2600000000002 15911.469999999999,12241.32
edge:declared:db.CompanyPromotionWinLog:prize_type	14472.5,8604.2299999999996 14985.950000000001,8518.8999999999996
edge:declared:db.CompanyPromotionWinLog:promotion	14472.5,8623.5900000000001 14890.98,8618.7399999999998
edge:declared:db.CompanyPurposeChange:company	16867.02,14138.879999999999 16116.41,12675.32
edge:declared:db.CompanyPurposeChangeItem:company_purpose_change	16994.599999999999,14357.030000000001 16908.860000000001,14212.879999999999
edge:declared:db.CompanyPurposeChangeItem:industrial_code	17038.23,14431.030000000001 17191.389999999999,14698.799999999999
edge:declared:db.CompanyQuestionThread:company	18872.959999999999,14222.84 16194.99,12584.790000000001
edge:declared:db.CompanyQuestionThread:expert_partner	19156.959999999999,14330.860000000001 22332.5,14725.780000000001
edge:declared:db.CompanyRegistrationAssignment:company	21830.330000000002,10272.76 16194.99,12387.030000000001
edge:declared:db.CompanyRegistrationAssignmentLog:company	20344.59,11837.530000000001 16194.99,12431.09
edge:declared:db.CompanyRsuRule:_deprecate_articles_of_incorporation	16882.310000000001,15216.48 17038.02,15366.85
edge:declared:db.CompanyRsuRule:company	16832.560000000001,15142.48 16070.74,12675.32
edge:declared:db.CompanySsoEmailDomain:configuration	14013.780000000001,12577.120000000001 14744.58,12579.48
edge:declared:db.CompanySsoIdentity:configuration	14484.02,12635.32 14744.58,12597.290000000001
edge:declared:db.CompanyStockTransferRestrictedChange:company	15910.1,10774.440000000001 15972.870000000001,12241.32
edge:declared:db.CompanyStockValue:company	19735.560000000001,9305.6399999999994 16194.99,12297.67
edge:declared:db.CompanyTag:company_set	20826.41,10037.790000000001 16194.99,12362.91
edge:declared:db.CompanyTanTableView:company	10546.43,10036.809999999999 15814.99,12373.92
edge:declared:db.CompanyTodo:company	22462.060000000001,10309.950000000001 16194.99,12395.09
edge:declared:db.CompanyUpdateRequest:change_detection	18128.150000000001,14153.120000000001 18191.259999999998,14386.74
edge:declared:db.CompanyUpdateRequest:company	18064.09,14071.120000000001 16194.99,12624.65
edge:declared:db.CompanyUpdateRequest:company_question_thread	18241.07,14145.85 18872.959999999999,14317.709999999999
edge:declared:db.CompanyUserRelation:company	7555.1999999999998,11807.99 15814.99,12447.25
edge:declared:db.CompanyUserRelation:stakeholder	7447.3400000000001,11847.389999999999 9867.4699999999993,19193.16
edge:declared:db.CompanyUserRelationOwnerRoleRelation:company_user_relation	8512.9500000000007,11585.93 7555.1999999999998,11774.040000000001
edge:declared:db.CompanyUserRelationOwnerRoleRelation:owner_role	8693.7700000000004,11511.93 9058.8099999999995,11069.08
edge:declared:db.ConsentForm:investor	27232.77,36239.940000000002 10780.469999999999,22780.23
edge:declared:db.ConsentForm:item	27275.349999999999,36239.940000000002 23910.080000000002,26716.369999999999
edge:declared:db.ConsentForm:uploaded_consent_form_file	27274.509999999998,36239.940000000002 20791.060000000001,18734.700000000001
edge:declared:db.ConsentFormModusignDocument:consent_form	30575.459999999999,28018.580000000002 27312.830000000002,36239.940000000002
edge:declared:db.ConsentFormModusignEmbeddedDraft:consent_form	27214.080000000002,35425.019999999997 27290.93,36239.940000000002
edge:declared:db.CorporateRegistration:attachment	18949.560000000001,15656.969999999999 20478.880000000001,18300.700000000001
edge:declared:db.CorporateRegistration:company	18882.540000000001,15558.969999999999 16194.99,12675.32
edge:declared:db.CorporateRegistrationChangeConfirmation:change_detection	18424.75,14386.82 18365.07,14400.860000000001
edge:declared:db.CorporateRegistrationChangeConfirmation:staff_review_required_question_thread	18767.75,14333.440000000001 18872.959999999999,14319.24
edge:declared:db.CorporateRegistrationChangeDetection:company	18148.02,14386.74 16194.99,12672.700000000001
edge:declared:db.CorporateRegistrationChangeDetection:xml_file	18269.509999999998,14484.74 20493.200000000001,18300.700000000001
edge:declared:db.CorporateRegistrationChangeDetectionParseResult:change_detection	18349.439999999999,14271.129999999999 18245.630000000001,14386.74
edge:declared:db.CorporateRegistrationExtractionLog:corporate_registration_issue_log	20635.299999999999,16159.299999999999 20751.360000000001,15985.360000000001
edge:declared:db.CorporateRegistrationIssueCoupon:company	18836,13507.690000000001 16194.99,12520.639999999999
edge:declared:db.CorporateRegistrationIssueCouponIssueLog:coupon	18990.02,13703.1 18767.59,13589.690000000001
edge:declared:db.CorporateRegistrationIssueCouponUseRequest:coupon	19279.209999999999,14721.74 18685.509999999998,13589.690000000001
edge:declared:db.CorporateRegistrationIssueCouponUseResult:corporate_registration	19609.369999999999,15616.209999999999 19029.52,15656.969999999999
edge:declared:db.CorporateRegistrationIssueCouponUseResult:log	19923.09,15643.68 20643.549999999999,15887.360000000001
edge:declared:db.CorporateRegistrationIssueCouponUseResult:request	19777.580000000002,15561.68 19323.849999999999,14795.74
edge:declared:db.CorporateRegistrationIssueLog:_deprecated_staff_review_required_question_thread	20877.790000000001,15887.360000000001 19156.959999999999,14393.67
edge:declared:db.CorporateRegistrationIssueLog:pdf_file	20924.549999999999,15985.360000000001 20738.369999999999,18300.700000000001
edge:declared:db.CorporateRegistrationIssueMaintenance:third_party_api_notice	33627.980000000003,15829.6 32791.059999999998,15825.950000000001
edge:declared:db.CorporateRegistrationIssueRequest:delivery	19155.290000000001,12468.51 19363.049999999999,12423.309999999999
edge:declared:db.CorporateRegistrationPaidIssue:company	20274.130000000001,13803.26 16194.99,12507.52
edge:declared:db.CorporateRegistrationPaidIssue:corporate_registration	20368.59,13885.26 18955.59,15558.969999999999
edge:declared:db.CorporationPostRegistrationEmail:company	15319.75,9446.5699999999997 15955.639999999999,12241.32
edge:declared:db.CorporationPostRegistrationScheduledEmail:corporation_post_registration_email	15389.940000000001,7968.5100000000002 15313.58,9372.5699999999997
edge:declared:db.CorporationPostRegistrationScheduledEmailPeriodicTaskRelation:corporation_post_registration_scheduled_email	14724.43,7578.8299999999999 15322.75,7894.5100000000002
edge:declared:db.Credit:company	20800.200000000001,13829.34 16194.99,12503.26
edge:declared:db.CreditCard:company	24407.349999999999,13394.299999999999 16194.99,12474.370000000001
edge:declared:db.CreditCard:investment_association	24655.349999999999,13456.58 30510.490000000002,16550.099999999999
edge:declared:db.CreditCard:legal_partner	24655.349999999999,13456.58 22640.5,14645.84
edge:declared:db.CreditCard:venture_capital	24655.349999999999,13421.309999999999 37803.459999999999,12488.129999999999
edge:declared:db.CreditUse:credit	22160.360000000001,13906.9 21048.200000000001,13869.25
edge:declared:db.CreditUse:purchase	22396.360000000001,13894.9 22799.610000000001,13840.01
edge:declared:db.CsAgentResponse:inquiry_thread_message	25138.610000000001,11436.07 24382.59,11463.6
edge:declared:db.CsAgentResponseFeedBack:cs_agent_response	25753.240000000002,11360.68 25386.610000000001,11414.120000000001
edge:declared:db.DebtConfirmationAndOffsetContractDocument:new_issue_item	17578.950000000001,25572.290000000001 19315.07,25364.16
edge:declared:db.DepartmentStaffUserRelation:department	18020.009999999998,31850.150000000001 15195.1,32310.209999999999
edge:declared:db.DirectorAppointmentEvent:director	16220.41,16201.01 16510.560000000001,16367.950000000001
edge:declared:db.DirectorCompensationDecisionEvent:director	16677.66,16815.25 16611.119999999999,16513.950000000001
edge:declared:db.DirectorCompensationLimitEvent:director	16495.209999999999,16616.349999999999 16582.990000000002,16513.950000000001
edge:declared:db.DirectorTermEndEvent:appointment_event	16178.440000000001,16323.67 16155.129999999999,16201.01
edge:declared:db.DirectorTermEndEvent:director	16310.23,16395.91 16500.259999999998,16443.779999999999
edge:declared:db.DirectorVote:agenda	14958.34,20833 15145.549999999999,20942.619999999999
edge:declared:db.DirectorVote:attended_director	14908.469999999999,20759 14778.35,20672.91
edge:declared:db.DirectorVotingRightsPerAgenda:agenda	14720.74,20861.73 15145.549999999999,20969.110000000001
edge:declared:db.DirectorVotingRightsPerAgenda:director	14633.33,20787.73 14672.66,20672.91
edge:declared:db.DirectorsMeeting:chairperson	15318.290000000001,20314.139999999999 14808.790000000001,20558.91
edge:declared:db.DirectorsMeeting:meeting	15484.559999999999,20192.139999999999 17102.080000000002,17680.73
edge:declared:db.DirectorsMeeting:sealed_meeting_minutes_file	15575.27,20212.380000000001 20465.18,18679.259999999998
edge:declared:db.DirectorsMeetingAgenda:agenda_bonus_issue	15429.549999999999,21004.610000000001 17918.68,20167.16
edge:declared:db.DirectorsMeetingAgenda:agenda_branch_change	15429.549999999999,20981.290000000001 17553.110000000001,20112.52
edge:declared:db.DirectorsMeetingAgenda:agenda_co_ceo_system_change	15429.549999999999,21041.650000000001 15926.15,21105.389999999999
edge:declared:db.DirectorsMeetingAgenda:agenda_custom	15429.549999999999,21017.799999999999 15962.65,20996.779999999999
edge:declared:db.DirectorsMeetingAgenda:agenda_director_change	15145.549999999999,21120.540000000001 12723.219999999999,22775.830000000002
edge:declared:db.DirectorsMeetingAgenda:agenda_director_compensation_decision	15179.77,21120.540000000001 15170.51,21636.509999999998
edge:declared:db.DirectorsMeetingAgenda:agenda_financial_statements	15429.549999999999,20983.07 17215.48,20251.419999999998
edge:declared:db.DirectorsMeetingAgenda:agenda_head_office_relocation	15429.549999999999,21109.77 18321.43,21653.52
edge:declared:db.DirectorsMeetingAgenda:agenda_new_issue	15429.549999999999,21120.540000000001 16077.98,22253.779999999999
edge:declared:db.DirectorsMeetingAgenda:agenda_option_cancel	15145.549999999999,21025.98 15042.190000000001,21026.93
edge:declared:db.DirectorsMeetingAgenda:agenda_rsu_grant	15429.549999999999,20983.57 15573.33,20937.25
edge:declared:db.DirectorsMeetingAgenda:agenda_shareholders_meeting_convocation	15429.549999999999,21110.470000000001 15660.85,21216.619999999999
edge:declared:db.DirectorsMeetingAgenda:agenda_subsidiary_establishment	15429.549999999999,21120.540000000001 15768.93,21409.220000000001
edge:declared:db.DirectorsMeetingAgenda:meeting	15429.549999999999,20965.369999999999 15443.92,20314.139999999999
edge:declared:db.DirectorsMeetingDirectorAttendance:stakeholder	14527.190000000001,20575.82 10128.959999999999,19507.16
edge:declared:db.DirectorsMeetingNoticeEmail:directors_meeting	15887.02,19263.169999999998 15477.9,20192.139999999999
edge:declared:db.DirectorsMeetingNoticeEmailRecipient:director	15721.41,19620.98 14751.34,20558.91
edge:declared:db.DirectorsMeetingNoticeEmailRecipient:email	15788.200000000001,19538.98 15889.950000000001,19263.169999999998
edge:declared:db.DocumentDelivery:delivery	20144.459999999999,12440.690000000001 20388.110000000001,12388.530000000001
edge:declared:db.DocumentDeliveryQuestionThreadRelation:document_delivery	20227.599999999999,12566.73 20105.810000000001,12508.23
edge:declared:db.DocumentDeliveryQuestionThreadRelation:question_thread	20570.599999999999,12564.959999999999 20784.990000000002,12614.41
edge:declared:db.DocumentParseResult:attachment	20199.509999999998,16866.209999999999 20175.23,17196.560000000001
edge:declared:db.DormantUserEmail:user	-666.01999999999998,30220.419999999998 -2273.73,31226.169999999998
edge:declared:db.DormantUserPhone:user	-1538.9200000000001,29641.889999999999 -2319.1300000000001,31226.169999999998
edge:declared:db.DormantUserReactivationToken:user	-465.80000000000001,30355.389999999999 -2255.04,31226.169999999998
edge:declared:db.ESOP:company	9578.5599999999995,16700.09 15814.99,12620.360000000001
edge:declared:db.ESOP:shareholder	9503.0200000000004,16814.09 10690.15,22650.23
edge:declared:db.ESOPParticipant:esop	9132.2099999999991,15961.48 9466.25,16700.09
edge:declared:db.EditableCompanyOwnerAuditLog:company	16463.889999999999,10057.15 16024.860000000001,12241.32
edge:declared:db.ElectronicCertificate:company	17087.68,16959.43 16066.940000000001,12675.32
edge:declared:db.ElectronicCertificate:director	17037.080000000002,16959.43 16772.259999999998,16513.950000000001
edge:declared:db.ElectronicCertificateApplicationFormDocument:stakeholder	7969.0600000000004,25150.619999999999 9909.1100000000006,19507.16
edge:declared:db.ElectronicCertificateCaseReportDocument:stakeholder	8824.8400000000001,23422.720000000001 9919.2099999999991,19507.16
edge:declared:db.ElectronicCertificateFileDownloadHistory:file_uploaded	18233.419999999998,17318.689999999999 18145.75,17266.860000000001
edge:declared:db.ElectronicCertificateFileUploadRequest:electronic_certificate	17440.130000000001,17035.389999999999 17243.77,17049.43
edge:declared:db.ElectronicCertificateFileUploaded:file_upload_request	18007.889999999999,17192.860000000001 17737.860000000001,17060.130000000001
edge:declared:db.ElectronicCertificateReturnRequest:electronic_certificate	22123.060000000001,19146.700000000001 17243.77,17049.43
edge:declared:db.ElectronicCertificateReturnRequest:recipient_address	22362.139999999999,19165.400000000001 23920.169999999998,18979.009999999998
edge:declared:db.EmailActivityRecipient:email_activity	25784.43,23183.189999999999 25654.07,25626.049999999999
edge:declared:db.EmailActivityRecipientStatusHistory:recipient	25901.310000000001,24551.169999999998 25790.990000000002,23183.189999999999
edge:declared:db.EmailVerification:email	25211.259999999998,4732.25 24615.27,4511.3299999999999
edge:declared:db.Employee:department_code_set	8597.1200000000008,14909.73 9674.6599999999999,14043.07
edge:declared:db.Employee:group_set	8613.3600000000006,14964.59 11594.540000000001,13988.209999999999
edge:declared:db.EmployeeDepartmentCodeRelation:department_code	9090.25,14297.379999999999 9630.2900000000009,14043.07
edge:declared:db.EmployeeDepartmentCodeRelation:employee	8981.3500000000004,14371.379999999999 8551.0799999999999,14909.73
edge:declared:db.EmployeeGroup:company	11818.879999999999,13914.209999999999 15814.99,12586.559999999999
edge:declared:db.EmployeeNumber:company	11751.700000000001,14056.959999999999 15814.99,12598.370000000001
edge:declared:db.EmployeeNumber:employee	11530.629999999999,14127.969999999999 8613.3600000000006,14968.84
edge:declared:db.EmployeeOption:company	10874.370000000001,12535.950000000001 15814.99,12460.889999999999
edge:declared:db.EmployeeOption:grantee	10678.110000000001,12590.83 8472.5599999999995,14208.540000000001
edge:declared:db.EmployeeOptionExerciseCandidate:management	11250.040000000001,13569.5 12319.73,13636.690000000001
edge:declared:db.EmployeeOptionExerciseCandidate:option	11086.59,13515.200000000001 10769.190000000001,12590.83
edge:declared:db.EmployeeOptionExerciseCandidate:option_exercise_claim	11250.040000000001,13516.370000000001 12704.059999999999,13085.790000000001
edge:declared:db.EmployeeOptionExerciseCandidateFile:candidate	11193.370000000001,12997.610000000001 11109.35,13515.200000000001
edge:declared:db.EmployeeOptionExerciseClaim:company	12970.059999999999,13021.42 15814.99,12493.48
edge:declared:db.EmployeeOptionExerciseClaimOption:option	11545.530000000001,12747.17 10874.370000000001,12570.48
edge:declared:db.EmployeeOptionExerciseClaimOption:option_exercise_claim	11851.530000000001,12812.23 12704.059999999999,13014.450000000001
edge:declared:db.EmployeeOptionExerciseManagement:company	12593.629999999999,13605.74 15814.99,12526.68
edge:declared:db.EmployeeOptionExerciseManagementEmail:management	13109.469999999999,14089.32 12526.83,13687.74
edge:declared:db.EmployeeOptionVesting:employee_option	9630.1599999999999,13005.07 10626.370000000001,12589.559999999999
edge:declared:db.EmployeeOptionVestingItem:option_vesting	9467.3299999999999,13215.33 9526.4300000000003,13079.07
edge:declared:db.EmployeeOptionVestingTraceable:option	10469.01,13151.950000000001 10726.459999999999,12590.83
edge:declared:db.EmployeeStock:participant	9314.7000000000007,15870.190000000001 9235.8600000000006,15892.959999999999
edge:declared:db.EmployeeStockGuide:esop	9791.6800000000003,16418.740000000002 9536.6399999999994,16700.09
edge:declared:db.EmployeeStockGuideAudience:employee_stock_guide	10058.440000000001,15808.42 9844.8899999999994,16336.74
edge:declared:db.EmployeeStockGuideAudience:participant	9949.8999999999996,15790.059999999999 9235.8600000000006,15897.83
edge:declared:db.EmployeeStockGuideEmail:employee_stock_guide	11433.280000000001,17120.529999999999 9917.4099999999999,16418.740000000002
edge:declared:db.EmployeeStockTag:category	9607.6700000000001,16062.33 9485.2399999999998,16066.790000000001
edge:declared:db.EmployeeStockTag:employee_stock_set	9668.6299999999992,16016.809999999999 9481.0100000000002,15873.110000000001
edge:declared:db.EmployeeStockTag:esop	9716.9599999999991,16098.809999999999 9510.9599999999991,16700.09
edge:declared:db.EmployeeStockTagCategory:esop	9432.8500000000004,16140.790000000001 9486.0100000000002,16700.09
edge:declared:db.EmployeeStockWithdrawRequest:account	10345.77,16782.02 10972.139999999999,16918.619999999999
edge:declared:db.EmployeeStockWithdrawRequest:esop	10111.23,16752.169999999998 9621.4300000000003,16778.91
edge:declared:db.EmploymentCertificateDocumentRequest:company	12631.74,13990.49 15814.99,12611.91
edge:declared:db.EmploymentCertificateDocumentRequest:history	12385.799999999999,14061.379999999999 11682.120000000001,14200.4
edge:declared:db.EmploymentStatusHistory:connected_hrm_status_event	11434.120000000001,14257.639999999999 5514.96,15820.5
edge:declared:db.EmploymentStatusHistory:employee	11434.120000000001,14256.440000000001 8613.3600000000006,14973.99
edge:declared:db.EmploymentStatusHistory:related_events	11624.879999999999,14269.9 15422.719999999999,16829.880000000001
edge:declared:db.Event:company	15594.32,16786.459999999999 15985.790000000001,12675.32
edge:declared:db.EventAttachment:company	15877.219999999999,15608.58 15992.32,12675.32
edge:declared:db.EventAttachment:event	15867.389999999999,15682.58 15617.24,16786.459999999999
edge:declared:db.ExpertClientIncorporationSupport:contact_set	21230.32,14841.92 20953.419999999998,14763.98
edge:declared:db.ExpertClientIncorporationSupport:expert_client	21452.360000000001,14838.82 21644.48,14727.15
edge:declared:db.ExpertClientIncorporationSupport:incorporation_request	21338.27,14920.82 21740.650000000001,15844.76
edge:declared:db.ExpertClientSignupChannel:expert_client	23943.279999999999,14986.959999999999 21852.77,14641.940000000001
edge:declared:db.ExpertClientTaxServiceSettings:expert_client	21641.549999999999,14967.49 21714.259999999998,14727.15
edge:declared:db.ExpertClientTaxServiceSettings:legal_partner	21764.75,14967.49 22332.5,14812.709999999999
edge:declared:db.ExpressDelivery1:order_status_history	318.35000000000002,9795.8799999999992 391.04000000000002,9938.8700000000008
edge:declared:db.ExpressDelivery1:seal_card_return_status_history	180.63999999999999,9771.9500000000007 -53.210000000000001,9795.5100000000002
edge:declared:db.ExternalStockInfo:company	15272.01,9875.6399999999994 15943.23,12241.32
edge:declared:db.FABContent:thumbnail_image	21415.830000000002,18510.119999999999 20845.18,18510.869999999999
edge:declared:db.FinancialAccount:institution	11125.200000000001,16896.66 11374.040000000001,16477.139999999999
edge:declared:db.FinancialStatementsForNewIssueFromConversionDocument:new_issue	15878.860000000001,23420.549999999999 16281.370000000001,22423.779999999999
edge:declared:db.Fund:fund_partners	33565.660000000003,13702.83 36073.459999999999,13712.139999999999
edge:declared:db.Fund:portfolio_company_set	33317.660000000003,13720.5 30912.599999999999,14092.790000000001
edge:declared:db.Fund:venture_capital	33565.660000000003,13668.02 37803.459999999999,12530.15
edge:declared:db.FundPartner:venture_capital	36256.790000000001,13671.6 37803.459999999999,12602.73
edge:declared:db.FundingNewsDistributionServiceRequest:company	18265.220000000001,14537.34 16194.99,12675.32
edge:declared:db.FundingNewsDistributionServiceRequest:company_question_thread	18429.93,14537.34 18872.959999999999,14363.49
edge:declared:db.FundingNewsDistributionServiceRequest:logo	18341.389999999999,14627.34 20475.529999999999,18300.700000000001
edge:declared:db.HelpTemplate:partners_to_share	8524.2000000000007,9768.0699999999997 22332.5,14719.67
edge:declared:db.Hrm:company	-141.40000000000001,16055.790000000001 15814.99,12511.360000000001
edge:declared:db.HrmAlpConfig:hrm	-2145.52,15851.290000000001 -461.39999999999998,16069.02
edge:declared:db.HrmAlpConfigIndivApprovalTemplateRel:alp_config	-1850.9200000000001,15572.07 -2205.9499999999998,15798.129999999999
edge:declared:db.HrmAlpExcludedEmp:emp	5608.7399999999998,17980.48 4788.6199999999999,18088.66
edge:declared:db.HrmAlpLaborReceiptRefusal:emp	5055.5600000000004,18854.610000000001 4718.1999999999998,18284.110000000001
edge:declared:db.HrmAlpTarget:emp	4934.3599999999997,18321.119999999999 4788.6199999999999,18282.59
edge:declared:db.HrmAlpUsageDesignation:target	5540.6000000000004,18640.799999999999 5127.2799999999997,18394.91
edge:declared:db.HrmAlpUsageDesignationDate:leave_usage	6303.1800000000003,18470.709999999999 6535.1099999999997,18413.169999999998
edge:declared:db.HrmAlpUsageDesignationDate:usage_designation	6070.6999999999998,18513.759999999998 5763.8000000000002,18621.200000000001
edge:declared:db.HrmAlpUsagePlan:target	5406.1800000000003,18275.299999999999 5182.3599999999997,18325.889999999999
edge:declared:db.HrmAlpUsagePlanDate:usage_plan	5745.7700000000004,18201.91 5654.1800000000003,18218.119999999999
edge:declared:db.HrmAnnualLeaveAdjustment:emp	5315.2200000000003,18089.279999999999 4788.6199999999999,18106.18
edge:declared:db.HrmAnnualLeaveConfigBase:annual_leave	3896.7199999999998,22647.119999999999 3856.6399999999999,21875.779999999999
edge:declared:db.HrmApproval:approvable	3669.1900000000001,18067.759999999998 2943.29,17841.970000000001
edge:declared:db.HrmApproval:requestor	3752.8099999999999,18153.849999999999 4444.6199999999999,18134.279999999999
edge:declared:db.HrmApprovalLine:actual_approver	3733,18229.18 4444.6199999999999,18134.84
edge:declared:db.HrmApprovalLine:approval	3614.7199999999998,18204.610000000001 3622.96,18157.759999999998
edge:declared:db.HrmApprovalLine:approver	3488.79,18286.610000000001 2718.9899999999998,18534.400000000001
edge:declared:db.HrmApprovalReview:approval	3192.3099999999999,18284.790000000001 3508.29,18157.759999999998
edge:declared:db.HrmApprovalReview:approver	3022.0100000000002,18358.790000000001 2700,18521.32
edge:declared:db.HrmApprovalTemplate:hrm	1513.45,18012.18 -158.61000000000001,16230.709999999999
edge:declared:db.HrmApprovalTemplateLine:approver	2576.75,18400.73 2589.4200000000001,18521.32
edge:declared:db.HrmApprovalTemplateLine:template	2455.6500000000001,18326.73 1675.9300000000001,18090.709999999999
edge:declared:db.HrmApprovalTemplateReview:approver	2217.1399999999999,18376.610000000001 2493.6999999999998,18521.32
edge:declared:db.HrmApprovalTemplateReview:template	2105.8600000000001,18307.57 1641.21,18094.18
edge:declared:db.HrmApprover:dept	2470.9899999999998,18575.09 388.11000000000001,18567.599999999999
edge:declared:db.HrmApprover:emp	2718.9899999999998,18545.93 4444.6199999999999,18150.77
edge:declared:db.HrmAttendance:emp	4241.1899999999996,17946.830000000002 4444.6199999999999,18035
edge:declared:db.HrmAttendanceItem:attendance	4495.3400000000001,17859.290000000001 4270.6000000000004,17888.549999999999
edge:declared:db.HrmAttendanceItem:emp	4601.9099999999999,17884.150000000001 4578.9700000000003,17938.110000000001
edge:declared:db.HrmAttendanceLocation:attendance_item	5264.6000000000004,17132.860000000001 4656.5900000000001,17802.150000000001
edge:declared:db.HrmAttendanceLocation:ongoing_attendance	5435.29,17127.939999999999 5622.0200000000004,17189.599999999999
edge:declared:db.HrmAttendanceLocation:personal_location	5373.7200000000003,17034.860000000001 6350.3800000000001,16269.52
edge:declared:db.HrmAttendanceLocation:work_location	5267.5100000000002,17034.860000000001 3420.52,15415.469999999999
edge:declared:db.HrmCertificateConfig:hrm	-1011.62,16163.98 -461.39999999999998,16106.440000000001
edge:declared:db.HrmCertificateConfigIndividualApprovalTemplateRelation:certificate_config	-1815.52,16630.32 -1184.78,16213.200000000001
edge:declared:db.HrmCertificateIssue:connected_status_event	5658.2799999999997,16527.25 5410.8299999999999,15906.16
edge:declared:db.HrmCertificateIssue:emp	5648.0900000000001,16609.25 4788.6199999999999,17938.110000000001
edge:declared:db.HrmCommonLocation:work_location_config	5458.9099999999999,15431.940000000001 5430.4799999999996,15041.530000000001
edge:declared:db.HrmConciergeRequest:company	18073.740000000002,10168.5 16194.620000000001,12241.32
edge:declared:db.HrmDailyLeaveUsageItem:usage	5324.2799999999997,20599.209999999999 6630.6599999999999,18437.919999999998
edge:declared:db.HrmDept:hrm	244.28,18506.130000000001 -271.79000000000002,16230.709999999999
edge:declared:db.HrmDeptName:dept	-1151.79,19843.470000000001 190.72999999999999,18628.130000000001
edge:declared:db.HrmDeptName:event	-1231.29,19917.470000000001 -1437.6900000000001,20361.029999999999
edge:declared:db.HrmDeptParent:dept	-341.49000000000001,19829.189999999999 229.13,18628.130000000001
edge:declared:db.HrmDeptParent:event	-352.48000000000002,19911.189999999999 -181.09999999999999,20287.52
edge:declared:db.HrmDeptReorg:hrm	-1027.1099999999999,15350.219999999999 -439.76999999999998,15948.709999999999
edge:declared:db.HrmDeptStatus:dept	249.22,20051.419999999998 257.74000000000001,18628.130000000001
edge:declared:db.HrmDeptStatus:event	244.00999999999999,20125.419999999998 39.600000000000001,21651.75
edge:declared:db.HrmDocument:emp	2205.3499999999999,15639.43 4444.6199999999999,17938.110000000001
edge:declared:db.HrmDocument:form	1957.3499999999999,15566.01 -364.64999999999998,15061.17
edge:declared:db.HrmDocument:hrm	1957.3499999999999,15616.709999999999 -141.40000000000001,16056.200000000001
edge:declared:db.HrmDocumentDraft:emp	251,13029.59 4444.6199999999999,17938.110000000001
edge:declared:db.HrmDocumentDraft:form	201.84999999999999,13029.59 -471.76999999999998,14985.209999999999
edge:declared:db.HrmDocumentDraftFieldAttachment:field_value	654.37,11384.940000000001 -415.31999999999999,12889.360000000001
edge:declared:db.HrmDocumentDraftFieldMultiSelectValue:field_value	-663.80999999999995,13265.629999999999 -475.95999999999998,12979.360000000001
edge:declared:db.HrmDocumentDraftFieldMultiSelectValue:selected_option	-743.05999999999995,13339.629999999999 -922.50999999999999,13459.690000000001
edge:declared:db.HrmDocumentDraftFieldValue:draft	-378.58999999999997,12979.360000000001 91.969999999999999,12986.67
edge:declared:db.HrmDocumentDraftFieldValue:field_definition	-527.99000000000001,12979.360000000001 -2256.8400000000001,13938.629999999999
edge:declared:db.HrmDocumentFieldAttachment:field_value	-1077.1500000000001,14401.76 -412.63999999999999,14330.440000000001
edge:declared:db.HrmDocumentFieldMultiSelectValue:field_value	-175.27000000000001,13864.030000000001 -277.38,14272.129999999999
edge:declared:db.HrmDocumentFieldMultiSelectValue:selected_option	-369.56999999999999,13790.030000000001 -896.83000000000004,13541.690000000001
edge:declared:db.HrmDocumentFieldValue:document	-204.86000000000001,14362.129999999999 1990.6199999999999,15541.43
edge:declared:db.HrmDocumentFieldValue:field_definition	-412.63999999999999,14295.870000000001 -2189.4499999999998,13991.190000000001
edge:declared:db.HrmDocumentForm:hrm	-480.08999999999997,15083.209999999999 -328.81,15948.709999999999
edge:declared:db.HrmDocumentFormFieldDefinition:form	-2189.4499999999998,14013.33 -570.27999999999997,14985.209999999999
edge:declared:db.HrmDocumentFormFieldSelectOption:field_definition	-1097.9300000000001,13541.690000000001 -2211.9699999999998,13938.629999999999
edge:declared:db.HrmDocumentFormIndividualApprovalTemplateRelation:document_form	-1370.8099999999999,15172.1 -612.64999999999998,15053.59
edge:declared:db.HrmEmp:connected_employee	4788.6199999999999,17938.110000000001 8417.2600000000002,15111.73
edge:declared:db.HrmEmp:hrm	4444.6199999999999,18035.880000000001 -141.40000000000001,16189.35
edge:declared:db.HrmEmpAffiliation:emp	2567.7399999999998,17782.990000000002 4444.6199999999999,18037.349999999999
edge:declared:db.HrmEmpAffiliation:event	2508.25,17725.189999999999 3490.3800000000001,17094.209999999999
edge:declared:db.HrmEmpAffiliationDept:affiliation	884.66999999999996,18214.029999999999 2323.9099999999999,17807.189999999999
edge:declared:db.HrmEmpAffiliationDept:dept	716.27999999999997,18284.389999999999 356.95999999999998,18506.130000000001
edge:declared:db.HrmEmpContract:emp	4657.5500000000002,35276.610000000001 4658.7700000000004,18284.110000000001
edge:declared:db.HrmEmpContract:mgmt	4644.9099999999999,35276.610000000001 2200.1399999999999,27689.849999999999
edge:declared:db.HrmEmpContractCommonVar:hrm	26.73,15663.74 -192.78999999999999,15948.709999999999
edge:declared:db.HrmEmpContractMgmt:hrm	2178.3000000000002,27607.849999999999 -216.97999999999999,16230.709999999999
edge:declared:db.HrmEmpContractMgmt:template_revision	2163.2399999999998,27607.849999999999 -848.24000000000001,22396.810000000001
edge:declared:db.HrmEmpContractModusignDocument:hrm_emp_contract	28314.889999999999,36457.220000000001 4781.5500000000002,35323.57
edge:declared:db.HrmEmpContractTemplate:hrm	-1883.6900000000001,20211.650000000001 -355.52999999999997,16230.709999999999
edge:declared:db.HrmEmpContractTemplateRevision:template	-893.44000000000005,22314.810000000001 -1879.3199999999999,20285.650000000001
edge:declared:db.HrmEmpContractTemplateRevisionSigner:revision	-1723.1300000000001,22874.880000000001 -940.46000000000004,22396.810000000001
edge:declared:db.HrmEmpEmploymentType:emp	4460.5699999999997,17539.150000000001 4515.6599999999999,17938.110000000001
edge:declared:db.HrmEmpEmploymentType:event	4461.2600000000002,17465.150000000001 4522.8699999999999,17072.220000000001
edge:declared:db.HrmEmpJob:emp	2453.8299999999999,16573.439999999999 4444.6199999999999,17938.110000000001
edge:declared:db.HrmEmpJob:event	2500.5100000000002,16536.330000000002 3256.6900000000001,16569.16
edge:declared:db.HrmEmpJob:level	2256.6300000000001,16573.439999999999 1809.02,16771.34
edge:declared:db.HrmEmpJob:position	2252.5100000000002,16514.619999999999 2011.51,16503.32
edge:declared:db.HrmEmpJob:role	2252.5100000000002,16533.02 1580.0699999999999,16601.259999999998
edge:declared:db.HrmEmpJob:title	2283.46,16467.439999999999 1431.49,15982.16
edge:declared:db.HrmEmpJobLevel:hrm	1617.8900000000001,16771.34 -141.40000000000001,16146.530000000001
edge:declared:db.HrmEmpJobPosition:hrm	1775.51,16475.23 -141.40000000000001,16119.41
edge:declared:db.HrmEmpJobRole:hrm	1344.0699999999999,16579.970000000001 -141.40000000000001,16137.379999999999
edge:declared:db.HrmEmpJobTitle:hrm	1250.73,15956.379999999999 -141.40000000000001,16075.969999999999
edge:declared:db.HrmEmpMov:hrm	493.26999999999998,15790.379999999999 -141.40000000000001,16029.440000000001
edge:declared:db.HrmEmpReturnToWorkEvent:absence_event	5031.5699999999997,15709.5 4849.1599999999999,15713.59
edge:declared:db.HrmEmpSalaryAccount:emp	10729.48,16464.91 4788.6199999999999,18027.130000000001
edge:declared:db.HrmEmpSalaryAccount:institution	10965.48,16432.549999999999 11280.32,16429.009999999998
edge:declared:db.HrmEmpStatus:emp	6721.8100000000004,16144.98 4788.6199999999999,17938.110000000001
edge:declared:db.HrmEmpStatus:event	6643.6999999999998,16086.809999999999 5514.96,15884.26
edge:declared:db.HrmEmpUserInvitation:emp	3006.73,18045.950000000001 4444.6199999999999,18105.700000000001
edge:declared:db.HrmEmpUserInvitation:hrm	2814.6900000000001,17999.799999999999 -141.40000000000001,16218.379999999999
edge:declared:db.HrmEmpUserInvitationInvitee:invitation	2611.1399999999999,18165.599999999999 2793.5100000000002,18081.799999999999
edge:declared:db.HrmEmpWorkAssignment:emp	3331.75,18847.290000000001 4444.6199999999999,18209.669999999998
edge:declared:db.HrmEmpWorkAssignment:work	3148.8800000000001,18897.360000000001 1937.49,19013.310000000001
edge:declared:db.HrmEmpWorkLocationAssignment:work_location	4042.0300000000002,16146.25 3407.1999999999998,15415.469999999999
edge:declared:db.HrmEmpWorkLocationAssignment:work_location_config	4075.02,16220.25 3917.23,16435.200000000001
edge:declared:db.HrmEmpWorkLocationConfig:emp	3902.77,16517.200000000001 4444.6199999999999,17938.110000000001
edge:declared:db.HrmEmpWorkLocationConfig:work_location_set	3882.8099999999999,16435.200000000001 3388.3899999999999,15415.469999999999
edge:declared:db.HrmFixedWorkSchedule:fixed_work	1976.22,18664.889999999999 1930.1300000000001,18715.389999999999
edge:declared:db.HrmGoogleCalendarIntegration:hrm	-610.07000000000005,15452.969999999999 -369.75,15948.709999999999
edge:declared:db.HrmLeaveBase:hrm	3051.1399999999999,20920.970000000001 -168.84999999999999,16230.709999999999
edge:declared:db.HrmLeaveCommonConfig:leave	1994.4000000000001,21059.59 2965.2600000000002,21002.029999999999
edge:declared:db.HrmLeaveGrant:emp	3939.1199999999999,19220.509999999998 4510.6000000000004,18284.110000000001
edge:declared:db.HrmLeaveGrant:grantable_leave	3901.5500000000002,19294.509999999998 3546.4200000000001,20191.290000000001
edge:declared:db.HrmLeaveIndividualApprovalTemplateRelation:leave	1507.3199999999999,20092.450000000001 2972.1900000000001,20920.970000000001
edge:declared:db.HrmLeaveUsage:emp	6535.1099999999997,18373.669999999998 4788.6199999999999,18276.220000000001
edge:declared:db.HrmLeaveUsage:leave	6587.6700000000001,18437.919999999998 3200.8299999999999,20920.970000000001
edge:declared:db.HrmLeaveUsageAttachment:usage	7030.79,19281.689999999999 6688.25,18437.919999999998
edge:declared:db.HrmLeaveUsageItem:emp	4663.9899999999998,19386.900000000001 4677.5799999999999,18284.110000000001
edge:declared:db.HrmLeaveUsageItem:leave	4622.7200000000003,19468.900000000001 3178.9899999999998,20920.970000000001
edge:declared:db.HrmLeaveUsageItem:usage	4742.3299999999999,19386.900000000001 6567.4300000000003,18437.919999999998
edge:declared:db.HrmOngoingAttendance:emp	5692.6899999999996,17271.549999999999 4788.6199999999999,17966.66
edge:declared:db.HrmOngoingAttendanceClockedSchedule:ongoing_attendance	6360.7299999999996,16880.580000000002 5818.04,17189.549999999999
edge:declared:db.HrmPersonalLocation:hrm_emp	6365.2799999999997,16269.52 4788.6199999999999,17938.110000000001
edge:declared:db.HrmPersonalLocation:work_location_config	6364.7700000000004,16179.52 5460.0799999999999,15041.530000000001
edge:declared:db.HrmRequestor:dept	687.84000000000003,19351.759999999998 291.51999999999998,18628.130000000001
edge:declared:db.HrmRequestor:emp	825.64999999999998,19351.759999999998 4444.6199999999999,18208.779999999999
edge:declared:db.HrmSelectiveWorkPlan:emp	4067.8499999999999,18080.860000000001 4444.6199999999999,18103.34
edge:declared:db.HrmSelectiveWorkPlanConfig:selective_work	1963.4100000000001,19530.290000000001 2042.01,19539.549999999999
edge:declared:db.HrmSelectiveWorkPlanItem:emp	3305.1599999999999,18167.02 4444.6199999999999,18111.299999999999
edge:declared:db.HrmSelectiveWorkPlanItem:plan	3305.1599999999999,18157.330000000002 3819.8499999999999,18090.610000000001
edge:declared:db.HrmSelectiveWorkSchedule:selective_work	2382.6100000000001,19214.330000000002 2194.6900000000001,19509.150000000001
edge:declared:db.HrmSelectiveWorkSettlementConfig:selective_work	1663.95,19625.169999999998 2042.01,19571.689999999999
edge:declared:db.HrmSigner:hrm	-851,15958.02 -461.39999999999998,16051.370000000001
edge:declared:db.HrmSlackChannelConfig:integration	-808.20000000000005,16669.259999999998 -774.17999999999995,16625.09
edge:declared:db.HrmSlackIntegration:hrm	-718.65999999999997,16551.09 -428.92000000000002,16230.709999999999
edge:declared:db.HrmStaffNote:hrm	-1294.9200000000001,16038.030000000001 -461.39999999999998,16081.389999999999
edge:declared:db.HrmStaggeredWorkSchedule:staggered_work	1378.55,20428.459999999999 731.65999999999997,19586
edge:declared:db.HrmStandardWork:hrm	-1106.8199999999999,16719.720000000001 -461.39999999999998,16214.860000000001
edge:declared:db.HrmStandardWorkSchedule:standard_work	-1524.9200000000001,17678.849999999999 -1165.73,16793.720000000001
edge:declared:db.HrmTag:hrm_set	-1016.4400000000001,15697.17 -461.39999999999998,16001.870000000001
edge:declared:db.HrmWorkAutoClockOutConfig:work	1209.97,18938.93 1677.49,19006.860000000001
edge:declared:db.HrmWorkBase:emp_set	1937.49,18983.509999999998 4444.6199999999999,18168.970000000001
edge:declared:db.HrmWorkBase:hrm	1764.4000000000001,18964.75 -167.05000000000001,16230.709999999999
edge:declared:db.HrmWorkIndividualApprovalTemplateRelation:work	2392.98,19044.400000000001 1937.49,19029.889999999999
edge:declared:db.HrmWorkLocation:hrm	3240.6300000000001,15390.9 -141.40000000000001,16057.120000000001
edge:declared:db.HrmWorkLocationGpsConfig:work_location	5301.4899999999998,15027.030000000001 3488.6300000000001,15344.74
edge:declared:db.HrmWorkOvertime:work	1287.3199999999999,18838.740000000002 1677.49,18979.009999999998
edge:declared:db.IBKSignupChannel:ibk_user_login_token	25859.889999999999,14524.16 25819.599999999999,14478.469999999999
edge:declared:db.IBKUserLoginToken:ibk_user	25819.650000000001,14404.469999999999 25863.490000000002,14359.75
edge:declared:db.IaAccountInfo:investment_association	34277.239999999998,18213.540000000001 30818.490000000002,16737.360000000001
edge:declared:db.IaCertificateOfInvestmentDocument:partner	37042.190000000002,18570.810000000001 39497.330000000002,18317.169999999998
edge:declared:db.IaCertificateOfInvestmentDocumentRecipient:certificate_of_investment_document_email	-2495.8800000000001,20075.259999999998 -2524.73,20165.580000000002
edge:declared:db.IaConfirmationRequest:investment_association	25843.470000000001,19072.450000000001 30510.490000000002,16804.869999999999
edge:declared:db.IaConfirmationRequest:partner_list_file	25480.470000000001,19072.450000000001 20845.18,18534.02
edge:declared:db.IaConsentForm:consent_form_or_meeting	35396.650000000001,18780.32 33741.769999999997,19219.849999999999
edge:declared:db.IaConsentFormDocument:consent_form	36194.389999999999,18548.599999999999 35663.510000000002,18706.32
edge:declared:db.IaConsentFormDocument:partner	36456.839999999997,18495.790000000001 39497.330000000002,18310.52
edge:declared:db.IaConsentFormOrMeeting:investment_association	33490.580000000002,19217.98 30818.490000000002,16804.869999999999
edge:declared:db.IaConsentFormOrMeetingDocumentGeneration:consent_form_or_meeting	33948.769999999997,19224.849999999999 33741.769999999997,19248.75
edge:declared:db.IaConsentFormOrMeetingDocumentGenerationItem:document	35216.82,19202.59 35654.849999999999,19340.290000000001
edge:declared:db.IaConsentFormOrMeetingDocumentGenerationItem:generation	34879.709999999999,19175.830000000002 34291.769999999997,19207.939999999999
edge:declared:db.IaConsentFormOrMeetingElectronicSignatureRequest:document	33446.68,21198.529999999999 34009.470000000001,19994.639999999999
edge:declared:db.IaConsentFormOrMeetingElectronicSignatureRequestModusignDocument:electronic_signature_request	28333.369999999999,21101.419999999998 33223.900000000001,21245.689999999999
edge:declared:db.IaConsentFormOrMeetingElectronicSignatureRequestModusignEmbeddedDraft:electronic_signature_request	26460.130000000001,21863.580000000002 33223.900000000001,21268.939999999999
edge:declared:db.IaConsentFormOrMeetingElectronicSignatureRequestStatusHistory:electronic_signature_request	33186.379999999997,21824.459999999999 33400.110000000001,21304.529999999999
edge:declared:db.IaConsentFormOrMeetingElectronicSignatureRequestUploadedModusignDocument:electronic_signature_request	29700.060000000001,21514.470000000001 33223.900000000001,21265.52
edge:declared:db.IaConsentFormOrMeetingElectronicSignatureRequiredDocument:consent_form_or_meeting	33797.599999999999,19888.639999999999 33570.580000000002,19323.98
edge:declared:db.IaConsentFormOrMeetingElectronicSignatureRequiredDocument:edited_file	33613.470000000001,19955.169999999998 20845.18,18531.779999999999
edge:declared:db.IaConsentFormOrMeetingElectronicSignatureRequiredDocument:partner	34009.470000000001,19892.310000000001 39497.330000000002,18345.209999999999
edge:declared:db.IaConsentFormOrMeetingEsigRequiredDocumentPageRange:esig_required_document	34542.160000000003,19843.080000000002 34009.470000000001,19914.93
edge:declared:db.IaConsentFormOrMeetingEsigRequiredDocumentPageRange:page_range_document	34834.25,19776.740000000002 35654.849999999999,19443.299999999999
edge:declared:db.IaConsentFormOrMeetingGuideEmail:consent_form_or_meeting	33791.110000000001,18998.529999999999 33596.32,19217.98
edge:declared:db.IaConsentFormOrMeetingGuideEmailRecipient:consent_form_or_meeting_guide_email	33769.099999999999,18766.310000000001 33812.870000000003,18924.529999999999
edge:declared:db.IaDocumentArchive:investment_association	32594.799999999999,15058.35 30818.490000000002,16542.630000000001
edge:declared:db.IaDocumentArchiveAttachment:ia_document_archive	32271.900000000001,15114.98 32520.91,15052.33
edge:declared:db.IaExpertPartnerBulkEmailTemplate:legal_partner	21377.439999999999,15240.73 22332.5,14895.84
edge:declared:db.IaFoundingProgressStatus:investment_association	32100.790000000001,17607.439999999999 30818.490000000002,16772.009999999998
edge:declared:db.IaGpAppointmentEvent:partner	35756.639999999999,17931.119999999999 39497.330000000002,18286.049999999999
edge:declared:db.IaGpTerminationEvent:appointment_event	35929.540000000001,18192.830000000002 35677.470000000001,17960.689999999999
edge:declared:db.IaGpTerminationEvent:partner	36098.230000000003,18235.709999999999 39497.330000000002,18298.07
edge:declared:db.IaInvestmentCertificateRegistrationRequest:partner	39560.279999999999,19850.630000000001 39647.93,18409.950000000001
edge:declared:db.IaLegalPartnerRelation:investment_association	25803.029999999999,15460.02 30510.490000000002,16758.490000000002
edge:declared:db.IaLegalPartnerRelation:legal_partner	25567.029999999999,15403 22640.5,14796.15
edge:declared:db.IaMeeting:consent_form_or_meeting	33934.93,20111.950000000001 33573.580000000002,19323.98
edge:declared:db.IaMeetingAgenda:meeting	35465.139999999999,20550.610000000001 34081.870000000003,20207.43
edge:declared:db.IaMeetingAgendaVote:agenda	35324.75,22582.799999999999 35618.279999999999,20595.369999999999
edge:declared:db.IaMeetingAgendaVote:electronic_signature	35261.650000000001,22582.799999999999 33495.139999999999,21304.529999999999
edge:declared:db.IaMeetingAgendaVote:partner	35359.75,22582.799999999999 39545.010000000002,18409.950000000001
edge:declared:db.IaMeetingConvocationNoticeEmail:ia_meeting	35038.059999999998,21950.59 33980.449999999997,20233.950000000001
edge:declared:db.IaMeetingConvocationNoticeRecipient:convocation_notice_email	34834,21122.560000000001 35051.139999999999,21950.59
edge:declared:db.IaMeetingMinutesDocument:meeting	35088.279999999999,20086.939999999999 34081.870000000003,20162.509999999998
edge:declared:db.IaMeetingNoticeDocument:meeting	34815.580000000002,19969.009999999998 34081.870000000003,20140.470000000001
edge:declared:db.IaMeetingSealedNoticeDocumentFile:ia_meeting	29659.119999999999,19706.150000000001 33803.870000000003,20157.799999999999
edge:declared:db.IaMeetingShortenPeriodDocument:meeting	36782.82,20419.040000000001 34081.870000000003,20185.77
edge:declared:db.IaMeetingShortenPeriodDocument:partner	37032.470000000001,20395.139999999999 39517.870000000003,18409.950000000001
edge:declared:db.IaModusignDocumentUsageHistory:investment_association	27677.060000000001,14628.84 30510.490000000002,16538.869999999999
edge:declared:db.IaOperation:_deprecated_investment_association	34737.870000000003,16449.830000000002 30818.490000000002,16663.25
edge:declared:db.IaOperation:ia_operation_management	34814,16480.130000000001 34654.949999999997,16619.639999999999
edge:declared:db.IaOperationManagement:investment_association	34495.169999999998,16657.389999999999 30818.490000000002,16671.02
edge:declared:db.IaOwner:investment_association	34521.639999999999,17165.369999999999 30818.490000000002,16691.259999999998
edge:declared:db.IaOwner:partner	34773.639999999999,17209.099999999999 39497.330000000002,18265.830000000002
edge:declared:db.IaOwnerAuditLog:investment_association	27002.529999999999,7849.9700000000003 30543.66,16538.869999999999
edge:declared:db.IaPartnerDataCollection:investment_association	27303.720000000001,17722.169999999998 30510.490000000002,16782.490000000002
edge:declared:db.IaPartnerDataCollectionItem:address	25375.23,17993.290000000001 24228.169999999998,18846.220000000001
edge:declared:db.IaPartnerDataCollectionItem:ia_partner_data_collection	25567.41,17929.57 27055.720000000001,17771.669999999998
edge:declared:db.IaPartnerDataCollectionItemReply:address	25600.169999999998,18145.73 24228.169999999998,18878.349999999999
edge:declared:db.IaPartnerDataCollectionItemReply:ia_partner_data_collection	25820.080000000002,18063.73 27055.720000000001,17786.349999999999
edge:declared:db.IaPartnerDataCollectionItemReply:ia_partner_data_collection_item	25610.540000000001,18063.73 25497.130000000001,17993.290000000001
edge:declared:db.IaPartnerInvestmentConfirmation:partner	35415.910000000003,17140.34 39497.330000000002,18258.130000000001
edge:declared:db.IaPartnerInvestmentConfirmationEmailRecipient:ia_partner_investment_confirmation_email	11872.76,5633.4799999999996 11792.219999999999,5677.6499999999996
edge:declared:db.IaPartnerWithdrawalEvent:partner	39509.25,17996.02 39600.669999999998,18191.950000000001
edge:declared:db.IaPaymentLink:investment_association	28583.080000000002,14800.389999999999 30510.490000000002,16538.869999999999
edge:declared:db.IaPfCompany:investment_association	31124.419999999998,18693.279999999999 30818.490000000002,16804.869999999999
edge:declared:db.IaPfCompanyInvestment:ia_pf_company	34328.519999999997,22343.59 31163.16,18767.279999999999
edge:declared:db.IaPfCompanyInvestmentSalesIntent:ia_pf_company_investment	33869.120000000003,22398.369999999999 34280.010000000002,22387.779999999999
edge:declared:db.IaPfCompanyInvestmentStock:ia_pf_company_investment	32933.870000000003,22130.060000000001 34280.010000000002,22363.119999999999
edge:declared:db.IaQuestionThread:investment_association	26930.07,13919.66 30510.490000000002,16538.869999999999
edge:declared:db.IaRule:address	27639.09,19289.66 24228.169999999998,18974.830000000002
edge:declared:db.IaRule:file	27639.09,19282.27 20845.18,18531.68
edge:declared:db.IaRule:investment_association	27833.380000000001,19240.66 30620.799999999999,16804.869999999999
edge:declared:db.IaRuleCompensation:rule	28055.98,19233.799999999999 27899.09,19268.919999999998
edge:declared:db.IaRuleDocument:rule	32369.59,19155.150000000001 27899.09,19315.950000000001
edge:declared:db.IaRuleInvestment:rule	28145.110000000001,19637.349999999999 27899.09,19334.040000000001
edge:declared:db.IaRuleMeeting:rule	28182.040000000001,19077.82 27879.130000000001,19240.66
edge:declared:db.IaRulePartner:rule	28282.849999999999,19411.759999999998 27899.09,19328.73
edge:declared:db.IaSealStamp:image_file	22143.810000000001,18242.150000000001 20845.18,18484.369999999999
edge:declared:db.IaSealStamp:investment_association	22391.810000000001,18197.27 30510.490000000002,16773.299999999999
edge:declared:db.IaSealStampImage:seal_stamp	22456.049999999999,18338.970000000001 22332.150000000001,18260.02
edge:declared:db.IaUserInvitation:ia_owner	34136.839999999997,16881.279999999999 34577.589999999997,17140.130000000001
edge:declared:db.IaUserInvitation:investment_association	33943.059999999998,16834.470000000001 30818.490000000002,16679.130000000001
edge:declared:db.IaUserInvitationInvitee:_deprecated_individual_partner	37179.980000000003,16698.02 36583.449999999997,17065.220000000001
edge:declared:db.IaUserInvitationInvitee:invitation	37135.400000000001,16656.509999999998 34191.059999999998,16832.709999999999
edge:declared:db.IaUserInvitationInvitee:legal_representative	37259.57,16698.02 37259.910000000003,17008.98
edge:declared:db.IaUserInvitationInvitee:manager	37304.040000000001,16698.02 38083.389999999999,17550.919999999998
edge:declared:db.IaUserInvitationInvitee:partner	37330.43,16698.02 39497.330000000002,18192.66
edge:declared:db.IaWrittenResolutionDocument:meeting	36562.190000000002,20117.59 34081.870000000003,20171.509999999998
edge:declared:db.IaWrittenResolutionDocument:partner	36826.220000000001,20072.290000000001 39497.330000000002,18399.279999999999
edge:declared:db.ImAccessLog:investor_matching	30654.860000000001,11223.690000000001 28393.950000000001,10939.24
edge:declared:db.ImAccessLog:venture_capital	30890.860000000001,11258.51 37803.459999999999,12443.530000000001
edge:declared:db.ImAttachment:investor_matching	32534.790000000001,11212.200000000001 28393.950000000001,10931.01
edge:declared:db.ImAttachmentDownloadLog:attachment	34287.330000000002,11733.82 32782.790000000001,11259.66
edge:declared:db.ImAttachmentDownloadLog:venture_capital	34522.779999999999,11793.59 37803.459999999999,12438.879999999999
edge:declared:db.ImAttachmentPdfEvent:attachment	34118.449999999997,11548.52 32782.790000000001,11248.32
edge:declared:db.ImAttachmentPdfEvent:pdf_event	34214,11535.23 34183.669999999998,11489.139999999999
edge:declared:db.ImAttachmentPdfEvent:venture_capital	34366.449999999997,11605.75 37803.459999999999,12430.9
edge:declared:db.ImBrokerAssignment:_deprecated_assigned_companies	29143.330000000002,11689.24 16194.99,12445.66
edge:declared:db.ImBrokerAssignment:assigned_investors	29391.330000000002,11693.27 37803.459999999999,12458.34
edge:declared:db.ImBrokerAssignment:im_broker	29391.330000000002,11695.6 33458.519999999997,12141.790000000001
edge:declared:db.ImBrokerAssignment:investor_matching	29201.720000000001,11633 28373.400000000001,11014.370000000001
edge:declared:db.ImBrokerAssignmentInvitedUser:broker_assignment	31822.029999999999,11844.639999999999 29391.330000000002,11689.889999999999
edge:declared:db.ImBrokerAssignmentInvitedUser:venture_capital	32099.029999999999,11866.23 37803.459999999999,12456.049999999999
edge:declared:db.ImConsultingRequest:company	26829.66,9530.5699999999997 16194.99,12401.4
edge:declared:db.ImConsultingRequest:investor_matching	26991.259999999998,9539.0900000000001 28167.130000000001,10828.370000000001
edge:declared:db.ImContactRequest:investor_matching	30503.919999999998,11521.290000000001 28393.950000000001,10959.200000000001
edge:declared:db.ImContactRequest:venture_capital	30751.919999999998,11569.75 37803.459999999999,12452.049999999999
edge:declared:db.ImContactRequestIntention:im_contact_request	30326.73,11354.98 30565.560000000001,11513.540000000001
edge:declared:db.ImDay:recipients	34338.089999999997,11092.27 34750.519999999997,10720.790000000001
edge:declared:db.ImDay:venture_capitals	34407.690000000002,11185.91 37803.459999999999,12408.43
edge:declared:db.ImDayParticipation:im_day	32528.34,10521.139999999999 34159.690000000002,11097.370000000001
edge:declared:db.ImDayParticipation:investor_matching	32280.34,10490.969999999999 28393.950000000001,10918.1
edge:declared:db.ImDayParticipation:venture_capital	32528.34,10521.709999999999 37803.459999999999,12409.200000000001
edge:declared:db.ImDayParticipationAttachment:participation	32029.130000000001,10126.870000000001 32351.880000000001,10428.34
edge:declared:db.ImDaySurvey:im_day	31688.009999999998,10785.58 34159.690000000002,11125.690000000001
edge:declared:db.ImDaySurvey:investor_matching	31452.009999999998,10774.91 28393.950000000001,10919.27
edge:declared:db.ImDisclosing:investor_matching	29356.18,9761.1599999999999 28340.459999999999,10828.370000000001
edge:declared:db.ImInvestorBroker:venture_capital	35334.709999999999,12339.790000000001 37803.459999999999,12465.690000000001
edge:declared:db.ImInvestorMemo:investor_matching	29863.32,11519.48 28393.950000000001,10974.08
edge:declared:db.ImInvestorMemo:venture_capital	30080.310000000001,11569.59 37803.459999999999,12454
edge:declared:db.ImIrPartnerBrokerOwnerRelation:im_ir_partner_broker	30776.360000000001,12164.77 31047.540000000001,12113.530000000001
edge:declared:db.ImNote:investor_matching	29047.91,10391.780000000001 28391.73,10828.370000000001
edge:declared:db.ImTag:investor_matching_set	30580.139999999999,10410.74 28393.950000000001,10890.23
edge:declared:db.ImWatching:_deprecated_investor_matching	27862.650000000001,9158.9200000000001 28235.48,10828.370000000001
edge:declared:db.ImWatching:company	27729.490000000002,9152.8400000000001 16194.99,12401.33
edge:declared:db.ImWatching:venture_capital	27977.259999999998,9158.9200000000001 37803.459999999999,12414.02
edge:declared:db.InauguralConsentDocument:director_change_agenda	13322.15,23239.310000000001 12733.01,22881.830000000002
edge:declared:db.IncorporationBenefitRequest:incorporation_request	22020.950000000001,15243.110000000001 21850.16,15844.76
edge:declared:db.IncorporationBenefitRequest:tax_partner	22070.299999999999,15169.110000000001 22355.540000000001,14895.84
edge:declared:db.IncorporationRequest:address	21968.48,16054.76 23920.169999999998,18836.040000000001
edge:declared:db.IncorporationRequest:balance_certificate_account_file	21959.43,16054.76 20757.330000000002,18300.700000000001
edge:declared:db.IncorporationRequest:balance_certificate_account_holder	21968.48,16054.76 23362.639999999999,17749.950000000001
edge:declared:db.IncorporationRequest:company	21672.48,15900.290000000001 16194.99,12583.110000000001
edge:declared:db.IncorporationRequest:company_question_thread	21672.48,15977.440000000001 19156.959999999999,14393.67
edge:declared:db.IncorporationRequestAoiFile:incorporation_request	22149.919999999998,15789.59 21968.48,15877.379999999999
edge:declared:db.IncorporationRequestAssistance:incorporation_request	22207.470000000001,15953.18 21968.48,15987.719999999999
edge:declared:db.IncorporationRequestAssistance:legal_partner	22352.939999999999,15891.870000000001 22473.66,14895.84
edge:declared:db.IncorporationRequestAssistanceReceipt:incorporation_request_assistance	22144.310000000001,17586.959999999999 22342.919999999998,15973.870000000001
edge:declared:db.IncorporationRequestDirector:address	21905.189999999999,17109.959999999999 23920.169999999998,18864.459999999999
edge:declared:db.IncorporationRequestDirector:incorporation_request	21866.540000000001,17035.959999999999 21968.48,16054.76
edge:declared:db.IncorporationRequestPromoter:address	23427.380000000001,17847.950000000001 23920.169999999998,18836.040000000001
edge:declared:db.IncorporationRequestPromoterCustodian:address	23767.700000000001,18125.549999999999 24081.509999999998,18836.040000000001
edge:declared:db.IncorporationRequestPromoterCustodian:promoter	23706.189999999999,18051.549999999999 23461.77,17847.950000000001
edge:declared:db.IncorporationRequestPromoterInstitutionCeo:promoter	23527.09,17619.889999999999 23436.91,17749.950000000001
edge:declared:db.IncorporationRequestPurpose:incorporation_request	21349.5,16050.68 21672.48,15977.969999999999
edge:declared:db.IndividualInvestorCompanyCeo:company_info	27777.639999999999,22180.32 30473.23,24864.959999999999
edge:declared:db.IndividualInvestorCompanyInfo:address	30469.790000000001,24864.959999999999 24182.73,19086.040000000001
edge:declared:db.IndividualInvestorCompanyInfo:company	30625.970000000001,24946.959999999999 32981.190000000002,25812.48
edge:declared:db.IndividualInvestorCompanyName:non_unified_share_company	34848.720000000001,25200.970000000001 33241.190000000002,25810.900000000001
edge:declared:db.IndividualInvestorCompanyParValue:non_unified_share_company	31533.029999999999,25444.310000000001 32981.190000000002,25825.970000000001
edge:declared:db.IndividualInvestorCompanyShareClass:non_unified_share_company	32121.220000000001,27276.119999999999 33065.739999999998,25925.23
edge:declared:db.IndividualInvestorCompanyShareStock:_deprecated_non_unified_stock_create_request	31624.790000000001,26607.959999999999 31261.02,28087.639999999999
edge:declared:db.IndividualInvestorCompanyShareStock:_deprecated_stock_unissued_confirmation_file	31634.950000000001,26607.959999999999 31526.740000000002,29224.049999999999
edge:declared:db.IndividualInvestorCompanyShareStock:management_history	31470.540000000001,26590.32 30476.580000000002,26778.560000000001
edge:declared:db.IndividualInvestorCompanyShareStock:non_unified_share_company	31728.189999999999,26509.959999999999 32981.190000000002,25921.299999999999
edge:declared:db.IndividualInvestorCompanyShareStock:share_class	31667.139999999999,26607.959999999999 32078.360000000001,27276.119999999999
edge:declared:db.IndividualInvestorEvent:company	36992.25,27998.860000000001 33229.150000000001,25925.23
edge:declared:db.IndividualInvestorStakeholder:address	28516.549999999999,22038.869999999999 24228.169999999998,19078.360000000001
edge:declared:db.IndividualInvestorStakeholder:company	28625.119999999999,22120.869999999999 33032.760000000002,25795.23
edge:declared:db.IndividualInvestorUser:address	25678.200000000001,20253.040000000001 24228.169999999998,19084.98
edge:declared:db.IndividualStockOption:company	30345.549999999999,23272.549999999999 33041.720000000001,25795.23
edge:declared:db.IndividualStockOption:create_request	30420.740000000002,23194.91 31352.529999999999,23045.860000000001
edge:declared:db.IndividualStockOption:grantee	30269.549999999999,23158.549999999999 29903.509999999998,22153.599999999999
edge:declared:db.IndividualStockOptionCreateRequestEtcFile:create_request	32575.759999999998,23000.099999999999 31666.529999999999,23018.09
edge:declared:db.IndividualStockOptionGrantContract:individual_stock_option	29919.84,22908.389999999999 30220.259999999998,23158.549999999999
edge:declared:db.IndividualStockOptionGrantee:stakeholder	29758.759999999998,22122.810000000001 28712.939999999999,22084.84
edge:declared:db.IndividualStockOptionResumeEvent:pause_event	33414.610000000001,29380.290000000001 32636.91,27330.759999999998
edge:declared:db.IndividualStockOptionSalesIntent:individual_stock_option	33750.309999999998,23141.34 30420.740000000002,23212.75
edge:declared:db.IndividualStockOptionVesting:individual_stock_option	31041.700000000001,23585.27 30406.27,23272.549999999999
edge:declared:db.IndividualStockOptionVestingItem:individual_stock_option_vesting	31238.84,23424.720000000001 31138.91,23585.27
edge:declared:db.IndividualStockOptionVestingTraceable:individual_stock_option	30713.639999999999,22848.869999999999 30356.349999999999,23158.549999999999
edge:declared:db.InputSignupChannel:input_channel	26036.73,15083.370000000001 26454.009999999998,15229.290000000001
edge:declared:db.InstitutionStakeholderManager:institution_stakeholder	10010.530000000001,21587.610000000001 10079.02,21228.07
edge:declared:db.InternetRegistryOfficeOtp:company	16945.27,16234.83 16067.23,12675.32
edge:declared:db.InternetRegistryOfficeOtp:director	16866.66,16316.83 16756.049999999999,16367.950000000001
edge:declared:db.InternetRegistryOfficeOtpReturnRequest:internet_registry_office_otp	22387.279999999999,19550.389999999999 17023.549999999999,16316.83
edge:declared:db.InternetRegistryOfficeOtpReturnRequest:recipient_address	22543.98,19550.389999999999 23920.169999999998,19016.279999999999
edge:declared:db.InvestmentAgreement:document	17611.439999999999,16100.530000000001 18255.150000000001,15423.85
edge:declared:db.InvestmentAgreement:stakeholder	17496.82,16100.530000000001 10128.959999999999,19234
edge:declared:db.InvestmentAgreementDocument:company	18328.389999999999,15325.85 16194.99,12675.32
edge:declared:db.InvestmentAgreementDocument:pdf_file	18444.18,15423.85 20473.509999999998,18300.700000000001
edge:declared:db.InvestmentAssociation:venture_capital	30818.490000000002,16549.23 37803.459999999999,12579.639999999999
edge:declared:db.InvestmentAssociationDocument:investment_association	35735.43,19324.77 30818.490000000002,16769.990000000002
edge:declared:db.InvestmentAssociationEvent:investment_association	33264.360000000001,17647.119999999999 30818.490000000002,16729.169999999998
edge:declared:db.InvestmentAssociationIndividualPartnerLegalRepresentative:ward	37062.440000000002,17062.09 36691.260000000002,17091.970000000001
edge:declared:db.InvestmentAssociationOrganizationPartnerCeo:organization_partner	38868.190000000002,16842.59 38319.400000000001,16886.93
edge:declared:db.InvestmentAssociationOrganizationPartnerCorporationSignerCeo:corporation	38732.599999999999,14958.66 38645.900000000001,14904.219999999999
edge:declared:db.InvestmentAssociationOrganizationPartnerManager:organization_partner	34997.239999999998,15486.33 38029.199999999997,16853.490000000002
edge:declared:db.InvestmentAssociationOrganizationPartnerSigner:_deprecated_manager	37712.360000000001,15138.1 35113.379999999997,15427.35
edge:declared:db.InvestmentAssociationOrganizationPartnerSigner:organization_partner	37915.860000000001,15161.110000000001 38131.519999999997,16853.490000000002
edge:declared:db.InvestmentAssociationPartner:address	39497.330000000002,18307.09 24228.169999999998,18904.650000000001
edge:declared:db.InvestmentAssociationPartner:investment_association	39497.330000000002,18272.490000000002 30818.490000000002,16699.139999999999
edge:declared:db.InvestmentAssociationPartnerManager:partner	38197.720000000001,17624.919999999998 39497.330000000002,18228.080000000002
edge:declared:db.InvestmentAssociationPartnerResume:partner	40985.190000000002,16768.470000000001 39748.989999999998,18191.950000000001
edge:declared:db.InvestmentAssociationPartnerResume:signer	40944.5,16686.470000000001 37997.470000000001,15161.110000000001
edge:declared:db.InvestmentAssociationPartnerResumeItem:resume	41166.660000000003,16347.290000000001 41039.099999999999,16686.470000000001
edge:declared:db.InvestmentAssociationPartnerSalesIntent:partner	37132.68,21820.459999999999 39576.230000000003,18409.950000000001
edge:declared:db.InvestmentAssociationShare:investment_association	34372.620000000003,17503.77 30818.490000000002,16706.150000000001
edge:declared:db.InvestmentAssociationShare:partner	34612.620000000003,17547.889999999999 39497.330000000002,18277.5
edge:declared:db.InvestmentRound:company	16065.82,11015.67 15985.26,12241.32
edge:declared:db.InvestmentRoundNewIssueEvent:investment_round	16116.68,10389.43 16071.889999999999,10933.67
edge:declared:db.InvestmentRoundNewIssueEvent:new_issue_event	16116.709999999999,10315.43 16050.35,9920.2299999999996
edge:declared:db.InvestmentSimulation:company	13293.25,7501.79 15893.25,12241.32
edge:declared:db.InvestmentSimulationInitialOption:option_grantee	11516.58,7237.6300000000001 11994.6,7334.2799999999997
edge:declared:db.InvestmentSimulationInitialOptionGrantee:simulation	12352.6,7400.1300000000001 13144.559999999999,7449.1199999999999
edge:declared:db.InvestmentSimulationInitialShareholder:simulation	10109.709999999999,6580.2600000000002 13144.559999999999,7422.3800000000001
edge:declared:db.InvestmentSimulationInitialStock:shareholder	8107.71,4548.9499999999998 9954.9599999999991,6506.2600000000002
edge:declared:db.InvestmentSimulationInvestor:simulation_round	18282.18,4538.3900000000003 14426.59,6900.4700000000003
edge:declared:db.InvestmentSimulationNewIssueInvestment:investor	17826.66,5954.9099999999999 18334.099999999999,4538.3900000000003
edge:declared:db.InvestmentSimulationPurchaseInvestment:investor	21405.48,6206.5600000000004 18422.18,4538.3900000000003
edge:declared:db.InvestmentSimulationPurchaseSellStock:seller	21863.290000000001,5778.9899999999998 21503.299999999999,6206.5600000000004
edge:declared:db.InvestmentSimulationRound:simulation	14295.25,6974.4700000000003 13364.35,7411.79
edge:declared:db.InvestorInterest:venture_capital	39571.739999999998,13571.66 38171.459999999999,12602.52
edge:declared:db.InvestorMatching:_deprecated_excluded_companies	28109.950000000001,10964.42 16194.99,12437.879999999999
edge:declared:db.InvestorMatching:excluded_investors	28393.950000000001,10944.040000000001 37803.459999999999,12445.709999999999
edge:declared:db.InvestorRelations:previous_investors	30762.279999999999,7671.6099999999997 37803.459999999999,12352.74
edge:declared:db.InvestorRelationsSurvey:_deprecated_preferred_investors	35778.739999999998,10536.6 37803.459999999999,12313.58
edge:declared:db.InvestorRelationsSurvey:investor_relations	35671.860000000001,10462.6 30762.279999999999,7656.9499999999998
edge:declared:db.InvitationSeat:allocated_seat	8489.8999999999996,12242.469999999999 8174.79,13904.51
edge:declared:db.InvitationSeat:invitation_seat_request	8563.6900000000005,12168.469999999999 10007.16,11362.09
edge:declared:db.InvitationSeatRequest:company	10199.49,11344.860000000001 15814.99,12421.280000000001
edge:declared:db.IrAiAnalysis:investor_relations	31307.720000000001,7136.29 30762.279999999999,7473.3000000000002
edge:declared:db.IrAiAnalysisLike:ai_analysis	31844.130000000001,6666.6700000000001 31407.619999999999,7062.29
edge:declared:db.IrAiSummary:investor_relations	32205.700000000001,7265.9799999999996 30762.279999999999,7539.5100000000002
edge:declared:db.IrAlert:ir_set	35026.239999999998,9475.9899999999998 30762.279999999999,7635.4200000000001
edge:declared:db.IrAlert:venture_capital	35161.050000000003,9557.9899999999998 37803.459999999999,12285.17
edge:declared:db.IrAlertInvestorRelations:investor_relations	33961.959999999999,9193.7199999999993 30762.279999999999,7643.5500000000002
edge:declared:db.IrAlertInvestorRelations:ir_alert	34156.93,9261.9599999999991 34997.790000000001,9484.2600000000002
edge:declared:db.IrApproval:investor_relations	30686.68,7075.9200000000001 30628.790000000001,7439.9399999999996
edge:declared:db.IrApprovalNotificationDismiss:ir_approval	30822.5,6719.6999999999998 30707.200000000001,7001.9200000000001
edge:declared:db.IrBrokerActivity:investor_relations	30288.299999999999,8251.5100000000002 30547.810000000001,7697.9399999999996
edge:declared:db.IrBrokerActivity:vc_user_relations	30342.91,8325.5100000000002 34716.599999999999,10630.790000000001
edge:declared:db.IrClosing:investor_relations	32951.550000000003,6727.8800000000001 30762.279999999999,7513.3100000000004
edge:declared:db.IrCommittedInvestmentAmount:investor_relations	34615.669999999998,10044.32 30762.279999999999,7664.0699999999997
edge:declared:db.IrCommittedInvestmentAmount:venture_capital	34726.940000000002,10118.32 37803.459999999999,12342.07
edge:declared:db.IrCompanyCreate:company	17486.290000000001,9843.6800000000003 16127.860000000001,12241.32
edge:declared:db.IrFeed:investor_relations	30375.369999999999,7530.6099999999997 30454.279999999999,7528.25
edge:declared:db.IrFeedAccessLog:ir_feeds	31034.790000000001,8023.29 30375.369999999999,7579.3100000000004
edge:declared:db.IrFeedAccessLog:venture_capital	31147.549999999999,8097.29 37803.459999999999,12357.16
edge:declared:db.IrFeedRating:ir_feed	29846.060000000001,7536.29 30127.369999999999,7534.9200000000001
edge:declared:db.IrFundRaising:investor_relations	36062.760000000002,7575.1099999999997 30762.279999999999,7569.1099999999997
edge:declared:db.IrFundRaising:venture_capital	36202.93,7619.8900000000003 37912.110000000001,12270.07
edge:declared:db.IrFundRaisingMemo:fund_raising	35314.43,7794.0900000000001 36062.760000000002,7606.3199999999997
edge:declared:db.IrFundRaisingStageLog:fund_raising	35567.699999999997,5251.3500000000004 36174.699999999997,7529.8900000000003
edge:declared:db.IrInsightClub:pitching_day_hall	35880.550000000003,8795.6700000000001 35564.93,8752.7299999999996
edge:declared:db.IrInsightClub:venture_capitals	36026.169999999998,8853.3999999999996 37876.440000000002,12270.07
edge:declared:db.IrInsightClubParticipation:investor_relations	35028.769999999997,8041.8699999999999 30762.279999999999,7585.4200000000001
edge:declared:db.IrInsightClubParticipation:ir_insight_club	35208.57,8100.3400000000001 35958.440000000002,8771.3999999999996
edge:declared:db.IrInsightClubParticipationAttendee:ir_insight_club_participation	34799.199999999997,7739.5 35106.669999999998,8010.3400000000001
edge:declared:db.IrInsightClubSurvey:ir_insight_club_participation	35628.169999999998,8112.9200000000001 35287.769999999997,8071.4799999999996
edge:declared:db.IrInvestorFeedback:venture_capital	38108.940000000002,12770.290000000001 38071.779999999999,12680.07
edge:declared:db.IrNote:investor_relations	32598.759999999998,7403.8000000000002 30762.279999999999,7555.8900000000003
edge:declared:db.IrSearchMetadata:investor_relations	32316.880000000001,8067.0900000000001 30762.279999999999,7613.4799999999996
edge:declared:db.IrSubscription:company	13752.870000000001,7751.3199999999997 15901.139999999999,12241.32
edge:declared:db.IrSubscriptionMarketingRequest:ir_subscription	14189.27,7912.8199999999997 13820.76,7751.3199999999997
edge:declared:db.IrTeamMember:investor_relations	32603.669999999998,7516.29 30762.279999999999,7564.6300000000001
edge:declared:db.IrTranscript:investor_relations	32187.939999999999,7629.5 30762.279999999999,7574.4700000000003
edge:declared:db.IrosOtpIssueMeetingDocument:stakeholder	9794.25,22737.880000000001 9955.2999999999993,19507.16
edge:declared:db.LawtalkSignup:company	18239.349999999999,15884.91 16174.02,12675.32
edge:declared:db.LawtalkSignupAttachment:lawtalk_signup	18688.110000000001,16214.450000000001 18316.91,15958.91
edge:declared:db.LedgerByCustomerDocument:new_issue	16212.18,23653.220000000001 16281.370000000001,22423.779999999999
edge:declared:db.LegalPartner:address_for_express_delivery	22640.5,14714.76 23609.91,14392.33
edge:declared:db.LegalPartner:logo	22447.119999999999,14895.84 20756.619999999999,18300.700000000001
edge:declared:db.LegalPartnerEmail:legal_partner	22923.209999999999,14279.129999999999 22597.299999999999,14645.84
edge:declared:db.LegalPartnerPaypleSettings:legal_partner	23399.290000000001,15641.85 22617.66,14895.84
edge:declared:db.LegalPartnerRegistrationAssistanceSettings:legal_partner	22751.209999999999,16154.26 22510.580000000002,14895.84
edge:declared:db.LegalPartnerSignupChannel:legal_partner	24061.450000000001,14446.469999999999 22640.5,14734.15
edge:declared:db.LegalPartnerSlackChannels:legal_partner	22940.419999999998,14936.15 22640.5,14826.42
edge:declared:db.LegalPartnerUserRelation:legal_partner	23201.290000000001,15948.379999999999 22562.68,14895.84
edge:declared:db.ManualOptionVestingItem:manual_option_vesting	14290.57,18510.66 14328.139999999999,18457.310000000001
edge:declared:db.Meeting:company	17241.16,17446.73 16067.17,12675.32
edge:declared:db.Meeting:electronic_signature_selected_ceo	17147.450000000001,17446.73 16747.34,16513.950000000001
edge:declared:db.Meeting:employee_attorney	17398.080000000002,17475.279999999999 17594.549999999999,17370.709999999999
edge:declared:db.Meeting:meeting_draft	17192.669999999998,17680.73 16437.860000000001,20423.380000000001
edge:declared:db.Meeting:new_articles_of_incorporation_file	17398.080000000002,17580.099999999999 20465.18,18453.080000000002
edge:declared:db.Meeting:new_corporate_registration	17398.080000000002,17446.73 18936.540000000001,15656.969999999999
edge:declared:db.MeetingAttachment:meeting	18534.48,17748.810000000001 17398.080000000002,17567.040000000001
edge:declared:db.MeetingDirectorContact:meeting	14504.299999999999,17818.740000000002 17102.080000000002,17671.349999999999
edge:declared:db.MeetingDirectorContact:stakeholder	14282.969999999999,17862.439999999999 10128.959999999999,19349.82
edge:declared:db.MeetingDocument:directors_meeting	14814.860000000001,25909.700000000001 15438.469999999999,20314.139999999999
edge:declared:db.MeetingDocument:meeting	14891.299999999999,25909.700000000001 17250.810000000001,17680.73
edge:declared:db.MeetingDocument:shareholders_meeting	14894.16,25909.700000000001 15834.17,22723.959999999999
edge:declared:db.MeetingDocumentCache:meeting_document	19799.849999999999,26861.560000000001 15024.08,26133.650000000001
edge:declared:db.MeetingDocumentGeneration:meeting	19676.759999999998,22019.23 17398.080000000002,17680.73
edge:declared:db.MeetingDocumentGenerationItem:meeting_document	22016.720000000001,26930.389999999999 15024.08,26130.360000000001
edge:declared:db.MeetingDocumentGenerationItem:meeting_document_generation	22132.639999999999,26908.779999999999 19714.830000000002,22093.23
edge:declared:db.MeetingDocumentManualModification:meeting_document	17653.48,26287.950000000001 15024.08,26118.029999999999
edge:declared:db.MeetingDraft:company	16437.43,20423.380000000001 16018.530000000001,12675.32
edge:declared:db.MeetingDraftAgendaDirectorChange:meeting_draft	12671.799999999999,20606.540000000001 16280.15,20556.049999999999
edge:declared:db.MeetingDraftAgendaDirectorChange:stakeholder	12441.9,20571.630000000001 10128.959999999999,19507.16
edge:declared:db.MeetingDraftAgendaDirectorCompensation:meeting_draft	15038.42,20134.16 16280.15,20463.529999999999
edge:declared:db.MeetingDraftAgendaDirectorCompensationItem:director_compensation	13356.700000000001,20041.060000000001 14727.43,20090.919999999998
edge:declared:db.MeetingDraftAgendaDirectorCompensationItem:stakeholder	12976.700000000001,20000.150000000001 10128.959999999999,19507.16
edge:declared:db.MeetingDraftRegistrationAssistance:meeting_draft	16243.459999999999,20170.490000000002 16366.940000000001,20423.380000000001
edge:declared:db.MeetingDraftSchedule:meeting_draft	15753.610000000001,20421.189999999999 16280.15,20534.16
edge:declared:db.MembershipContentAccessLog:membership_content	-2093.5,4490.5799999999999 -1514.9300000000001,4968.2700000000004
edge:declared:db.MembershipContentAuthorRelation:author	27767.419999999998,25540.619999999999 27612.310000000001,25334.380000000001
edge:declared:db.MiraeassetAccount:relation	7075.0299999999997,11905.1 7307.1999999999998,11835.540000000001
edge:declared:db.MnaBuyer:company	13114.15,7875.1700000000001 15868.16,12241.32
edge:declared:db.MnaBuyerAttachment:mna_buyer	12338.57,8355.6800000000003 13037.58,7875.1700000000001
edge:declared:db.ModusignApiLog:modusign_account	22271.299999999999,20094.610000000001 22182.459999999999,20236.990000000002
edge:declared:db.ModusignAuthentication:modusign_account	22344.509999999998,20216.580000000002 22275.880000000001,20241.310000000001
edge:declared:db.ModusignCompanyUserConnection:company	25453.48,9472.7900000000009 16194.99,12398.32
edge:declared:db.ModusignDocument:_option_grant_contract	23547.84,20572.389999999999 21035.279999999999,19087.889999999999
edge:declared:db.ModusignDocument:audit_trail_file	23547.84,20555.490000000002 20845.18,18718.389999999999
edge:declared:db.ModusignDocumentActionHistory:modusign_document	24164.07,20551.720000000001 23819.84,20611.419999999998
edge:declared:db.ModusignDocumentActionHistory:modusign_document_participant	24272.279999999999,20490.060000000001 24079.130000000001,20206.57
edge:declared:db.ModusignDocumentModusignAccountRelation:modusign_account	22632.349999999999,20282.209999999999 22275.880000000001,20285.009999999998
edge:declared:db.ModusignDocumentModusignAccountRelation:modusign_document	22901.970000000001,20330.09 23547.84,20583.470000000001
edge:declared:db.ModusignDocumentModusignApiKeyRelation:modusign_api_key	23072.52,20864.98 22910.049999999999,21045.150000000001
edge:declared:db.ModusignDocumentModusignApiKeyRelation:modusign_document	23218.619999999999,20790.98 23547.84,20681.75
edge:declared:db.ModusignDocumentParticipant:modusign_document	24023.68,20206.57 23747,20555.490000000002
edge:declared:db.ModusignEmbeddedDraft:modusign_account	22698.310000000001,21627.16 22171.84,20334.990000000002
edge:declared:db.ModusignEmbeddedDraft:modusign_api_key	22736.009999999998,21627.16 22892.200000000001,21119.150000000001
edge:declared:db.ModusignEmbeddedDraft:modusign_document	22771.369999999999,21627.16 23657.919999999998,20717.490000000002
edge:declared:db.ModusignExceededSignings:company	19283.060000000001,10187.889999999999 16194.99,12326.620000000001
edge:declared:db.ModusignIaUserConnection:investment_association	31192.349999999999,15837.77 30747.959999999999,16538.869999999999
edge:declared:db.NaverWorkplaceEmployee:naver_workplace_company	26841.5,14886.25 27049.299999999999,14985.370000000001
edge:declared:db.NcpSignupChannel:naver_workplace_company	26810.810000000001,15005.540000000001 27008.330000000002,15016.440000000001
edge:declared:db.NewIssueNoticeEmail:new_issue	13070.049999999999,20779.860000000001 16009.370000000001,22253.779999999999
edge:declared:db.NewIssueNoticeEmailRecipient:bulk_email_recipient	13522.690000000001,20561.34 17132.34,19188.009999999998
edge:declared:db.NewIssueNoticeEmailRecipient:email	13293.68,20643.34 13112.290000000001,20704.68
edge:declared:db.NewIssueNoticeEmailRecipient:shareholder	13363.15,20643.34 10828.790000000001,22650.23
edge:declared:db.NewIssueSkipNoticeDocument:new_issue_agenda	15329.77,23047.049999999999 16212.18,22423.779999999999
edge:declared:db.NewIssueSkipNoticeDocument:shareholder	15003.77,23082.919999999998 10828.790000000001,22650.23
edge:declared:db.NewIssueStockAcceptanceDocument:new_issue_item	18048.889999999999,26041.169999999998 19315.07,25413.07
edge:declared:db.NewIssueStockAllocationDocument:bonus_issue_agenda	18760.290000000001,24225.23 18190.68,20203.209999999999
edge:declared:db.NewIssueStockAllocationDocument:new_issue_agenda	18397.290000000001,24257.27 16281.370000000001,22423.779999999999
edge:declared:db.NewIssueStockAllocationRecordDateNoticeDocument:bonus_issue_agenda	21702.169999999998,24082.5 18190.68,20203.209999999999
edge:declared:db.NewIssueStockSubscriptionDocument:new_issue_item	17993.610000000001,25327.57 19315.07,25346.700000000001
edge:declared:db.NewIssueStockUnissuedConfirmationDocument:new_issue_item	18122.68,25639.220000000001 19315.07,25377.150000000001
edge:declared:db.NonUnifiedShareCreateRequest:stock_unissued_confirmation_file	31261.049999999999,28177.639999999999 31514.110000000001,29224.049999999999
edge:declared:db.NonUnifiedShareEtcFile:create_request	30989.029999999999,27372.880000000001 31234.439999999999,28087.639999999999
edge:declared:db.NonUnifiedShareEtcFile:management_history	30930.34,27298.880000000001 30386.490000000002,26860.810000000001
edge:declared:db.NonUnifiedShareManagement:non_unified_share_company	32094.290000000001,26205.740000000002 32981.190000000002,25905.52
edge:declared:db.NonUnifiedShareManagementHistory:create_request	30358.189999999999,26860.810000000001 31218.41,28087.639999999999
edge:declared:db.NonUnifiedShareManagementHistory:management	30463.139999999999,26754.810000000001 31842.290000000001,26290.779999999999
edge:declared:db.NonUnifiedShareManagementHistory:renew_request	30165.580000000002,26810.110000000001 29909.080000000002,26439.889999999999
edge:declared:db.NonUnifiedShareManagementHistory:stock_unissued_confirmation_file	30347.110000000001,26860.810000000001 31502.900000000001,29224.049999999999
edge:declared:db.NonUnifiedShareManagementSalesIntent:non_unified_share_management	35956.720000000001,24586.41 32076.279999999999,26203.389999999999
edge:declared:db.NonUnifiedShareSucPoaDocument:modusign_document	25292.900000000001,21113.060000000001 25031.52,21094.580000000002
edge:declared:db.NonUnifiedShareSucPoaDocument:request	25475.360000000001,21164.529999999999 29840.02,26349.889999999999
edge:declared:db.NonUnifiedShareSucPoaDocument:user_address	25415.34,21082.529999999999 24170.82,19086.040000000001
edge:declared:db.NonUnifiedShareSucRenewRequest:management	30029.400000000001,26384.27 31842.290000000001,26257.16
edge:declared:db.NonUnifiedShareSucRenewRequest:renew_stock_unissued_confirmation_file	29903.560000000001,26439.889999999999 31491.220000000001,29224.049999999999
edge:declared:db.NotarizationPoA:meeting	15648.93,23008.82 15792.540000000001,22723.959999999999
edge:declared:db.NotarizationPoaDirectorSigner:director	13734.67,22812.529999999999 13759.450000000001,22756.439999999999
edge:declared:db.NotarizationPoaDirectorSigner:notarization_poa	13825.610000000001,22863.459999999999 15504.26,23037.25
edge:declared:db.NotarizationPoaShareholderSigner:notarization_poa	15864.93,23000.59 15752.26,23024.029999999999
edge:declared:db.NotarizationPoaShareholderSigner:shareholder	16155.639999999999,22993.5 17010.02,23169.110000000001
edge:declared:db.Notification:company	14971.27,9565.6800000000003 15927.389999999999,12241.32
edge:declared:db.NotificationInbox:notification	14943.620000000001,9357.9699999999993 14955.58,9491.6800000000003
edge:declared:db.Option:company	16807.549999999999,17344.939999999999 16060.52,12675.32
edge:declared:db.Option:grantee	16677.75,17434.939999999999 14129.68,19185.740000000002
edge:declared:db.Option:sealed_contract_file	16925.75,17434.939999999999 20465.18,18452.939999999999
edge:declared:db.Option:source_meeting	16918.330000000002,17434.939999999999 17102.080000000002,17506.709999999999
edge:declared:db.OptionAdjustment:event	15635.870000000001,16170.120000000001 15590.93,16786.459999999999
edge:declared:db.OptionContractTemplatePermission:company	18343.73,13011.610000000001 16194.99,12503.18
edge:declared:db.OptionExerciseClaim:company	11369.24,17785.16 15814.99,12675.32
edge:declared:db.OptionExerciseClaim:financial_account	11296.889999999999,17785.16 11107.860000000001,16994.66
edge:declared:db.OptionExerciseClaimAttachment:attachment_setting_item	12364.870000000001,17588.130000000001 12260.030000000001,17505
edge:declared:db.OptionExerciseClaimAttachment:option_exercise_claim	12276.07,17657.34 11442.690000000001,17824.68
edge:declared:db.OptionExerciseClaimCandidate:option_exercise_claim	12137.860000000001,17849.77 11442.690000000001,17849.09
edge:declared:db.OptionExerciseClaimCandidate:option_exercise_management	12304.139999999999,17804.900000000001 13342.82,16208.790000000001
edge:declared:db.OptionExerciseClaimCandidate:option_grantee	12329.82,17894.900000000001 13869.68,19155.610000000001
edge:declared:db.OptionExerciseClaimCandidate:stock_subscription_file	12411.860000000001,17862.349999999999 20465.18,18593.990000000002
edge:declared:db.OptionExerciseClaimDocumentSetting:management	13243.66,16674.689999999999 13350.42,16208.790000000001
edge:declared:db.OptionExerciseClaimEventRelation:_deprecated_payment	11410.43,18168.599999999999 11578.93,18173.48
edge:declared:db.OptionExerciseClaimEventRelation:claim	11268.35,18114.75 11333.690000000001,17915.16
edge:declared:db.OptionExerciseClaimEventRelation:event	11227.110000000001,18196.75 11135.02,18332.459999999999
edge:declared:db.OptionExerciseClaimMeetingDocument:exercise_claim	13213.01,22182.700000000001 12974.85,21616.91
edge:declared:db.OptionExerciseClaimMeetingDocument:grantee	13238.389999999999,22182.700000000001 13373.049999999999,21619.389999999999
edge:declared:db.OptionExerciseClaimOption:option_exercise_claim	11651.790000000001,17899.16 11442.690000000001,17868.950000000001
edge:declared:db.OptionExerciseClaimOptionTaxation:_deprecated_claim	11808.82,18023.599999999999 11442.690000000001,17895.610000000001
edge:declared:db.OptionExerciseClaimOptionTaxation:claim_option	11891.1,18023.599999999999 11812.26,17948.419999999998
edge:declared:db.OptionExerciseClaimPayment:option_exercise_claim	11660.23,18140.060000000001 11403.73,17915.16
edge:declared:db.OptionExerciseManagement:company	13449.07,16078.790000000001 15834.549999999999,12675.32
edge:declared:db.OptionExerciseManagement:excluded_institution_set	13234.639999999999,16084.25 11528.32,16408.57
edge:declared:db.OptionExerciseManagementAttachmentSetting:management	12331.59,17301.599999999999 13300.09,16208.790000000001
edge:declared:db.OptionExerciseManagementAttachmentSettingItem:setting	12190.08,17431 12255.26,17375.599999999999
edge:declared:db.OptionExerciseManagementCommonSetting:management	13786.379999999999,16254.799999999999 13494.639999999999,16177.870000000001
edge:declared:db.OptionExerciseManagementEmail:option_exercise_management	13775.65,16460.029999999999 13449.879999999999,16208.790000000001
edge:declared:db.OptionExerciseManagementPaymentBankSetting:company	13069.940000000001,12376.09 15814.99,12452.809999999999
edge:declared:db.OptionExerciseManagementReminderSetting:management	13797.85,16101.219999999999 13494.639999999999,16131.120000000001
edge:declared:db.OptionExerciseManagementTaxation:management	13040.74,16200.26 13234.639999999999,16166.52
edge:declared:db.OptionExerciseManagementTaxationDefaultSetting:company	17471.279999999999,9452.5599999999995 16077.610000000001,12241.32
edge:declared:db.OptionGrantContract:_deprecated_template	20867.790000000001,18973.889999999999 19482.52,16239.110000000001
edge:declared:db.OptionGrantContract:_grantee	20775.279999999999,19086.84 14834.17,19248.889999999999
edge:declared:db.OptionGrantContract:contract_file	20878.34,18973.889999999999 20764.16,18734.700000000001
edge:declared:db.OptionGrantContract:template_revision	20892.099999999999,18973.889999999999 20367.990000000002,16720.369999999999
edge:declared:db.OptionGrantContractModusignDocument:option_grant_contract	21666.450000000001,20150.419999999998 21035.279999999999,19087.889999999999
edge:declared:db.OptionGrantContractModusignEmbeddedDraft:option_grant_contract	21618.52,20495.459999999999 21035.279999999999,19087.889999999999
edge:declared:db.OptionGrantContractStakeholder:company	19109.23,15223.799999999999 16194.99,12658
edge:declared:db.OptionGrantContractTemplate:_deprecated_stakeholder	19479.59,16133.110000000001 19269.900000000001,15329.799999999999
edge:declared:db.OptionGrantContractTemplate:company	19458.27,16133.110000000001 16194.99,12675.32
edge:declared:db.OptionGrantContractTemplateDraft:company	17745.610000000001,14020.68 16194.99,12626.74
edge:declared:db.OptionGrantContractTemplateDraft:stakeholder_set	17828.799999999999,14094.68 19111.279999999999,15223.799999999999
edge:declared:db.OptionGrantContractTemplateRevision:stakeholder_set	20321.41,16630.369999999999 19277.849999999999,15329.799999999999
edge:declared:db.OptionGrantContractTemplateRevision:template	20283.09,16630.369999999999 19623.02,16231.290000000001
edge:declared:db.OptionGrantEvent:_deprecated_grantee	14878.6,18343.939999999999 14129.68,19154.610000000001
edge:declared:db.OptionGrantEvent:share_class	15047.870000000001,18278.259999999998 15346.43,18238.110000000001
edge:declared:db.OptionManagement:agenda_option_grant	12864.530000000001,19722.759999999998 15471.280000000001,19796.009999999998
edge:declared:db.OptionManagementStakeholderSeat:option_management	12404.139999999999,19708.119999999999 12628.530000000001,19715.540000000001
edge:declared:db.OptionManagementStakeholderSeat:stakeholder_seat	12203.049999999999,19660.59 8229.6200000000008,19361.68
edge:declared:db.OptionResumeEvent:pause_event	34618.470000000001,4355.0100000000002 34483.019999999997,4493.4300000000003
edge:declared:db.OptionTag:category	14442.780000000001,13986.16 14320.33,13943.91
edge:declared:db.OptionTag:company	14477.67,13986.16 15814.99,12648.6
edge:declared:db.OptionTagCategory:company	14259.309999999999,13869.91 15814.99,12624.49
edge:declared:db.OptionTaxCalculatorSetting:company	21630.279999999999,9988.0200000000004 16194.99,12374.879999999999
edge:declared:db.OptionValueChange:company	16094.33,11134.74 16020.65,12241.32
edge:declared:db.OptionValueChange:investment_round	16092.4,11060.74 16087.059999999999,11015.67
edge:declared:db.OptionVesting:_deprecated_grant_event	14518.07,18246.330000000002 14799.870000000001,18279.889999999999
edge:declared:db.Order:seal_card	1521.3699999999999,8280.3600000000006 -523.5,8363.4500000000007
edge:declared:db.OrderPromotionRelation:order	2956.7800000000002,9592.3700000000008 1694.29,8324.1599999999999
edge:declared:db.OrderPromotionRelation:promotion	3023.6700000000001,9592.3700000000008 3519.5799999999999,8982.0400000000009
edge:declared:db.OrderStaffInChargeRelation:order	1417.01,6751.3400000000001 1637.8199999999999,8226.1599999999999
edge:declared:db.OrderStaffInChargeRelation:staff_in_charge	1284.5799999999999,6722.21 307.31,6784.7399999999998
edge:declared:db.OrderStatusHistory:order	442.73000000000002,9938.8700000000008 1610.29,8324.1599999999999
edge:declared:db.OrganizationChart:company	10623.57,13769.530000000001 15814.99,12514.42
edge:declared:db.OtherDocumentArchive:company	19802.310000000001,16520.630000000001 16194.99,12675.32
edge:declared:db.OtherDocumentArchiveAttachment:other_document_archive	20152.080000000002,17196.560000000001 19855.259999999998,16594.630000000001
edge:declared:db.OwnerRole:company	9223.2000000000007,11045.91 15814.99,12418.82
edge:declared:db.OwnerRolePermissionRelation:owner_permission	8300.1100000000006,10586.59 7931.6300000000001,10482.4
edge:declared:db.OwnerRolePermissionRelation:owner_role	8483.7800000000007,10659.040000000001 9015.6800000000003,10971.08
edge:declared:db.Payment:_company	21134.630000000001,13491.139999999999 16194.99,12497.6
edge:declared:db.Payment:app_card	21311.27,13525.790000000001 21360.419999999998,13588.93
edge:declared:db.Payment:charge	21134.630000000001,13494.42 20771.669999999998,13635.360000000001
edge:declared:db.Payment:credit_card	21394.630000000001,13423.52 24407.349999999999,13401.73
edge:declared:db.Payment:purchase	21394.630000000001,13495.889999999999 22799.610000000001,13789.02
edge:declared:db.PaymentLink:payment_store	26013.360000000001,13326.809999999999 24272.630000000001,14153.15
edge:declared:db.PaymentLink:question_threads	25984.16,13266.559999999999 21044.990000000002,12660.35
edge:declared:db.PaymentRefund:payment	21493.200000000001,13386.6 21394.630000000001,13419.5
edge:declared:db.PaymentRefund:payment_status_history	21541.540000000001,13312.6 21476.43,13261.02
edge:declared:db.PaymentStatusHistory:payment	21403.02,13261.02 21301.5,13411.790000000001
edge:declared:db.PaymentStore:legal_partner	24024.630000000001,14243.15 22640.5,14698.76
edge:declared:db.Payroll:company	4483.5600000000004,4626.25 15814.99,12330.25
edge:declared:db.Payroll:setting	4400.8299999999999,4626.25 5196.3500000000004,11563.559999999999
edge:declared:db.PayrollAnnualSalaryInfo:employee	7724.0200000000004,14331.879999999999 8329.3600000000006,14973.99
edge:declared:db.PayrollAnnualSalaryItem:item_setting_relation	6891.9799999999996,13808.85 6152.6499999999996,12509.73
edge:declared:db.PayrollAnnualSalaryItem:payroll_annual_salary_info	6979.6499999999996,13882.85 7625.4300000000003,14257.879999999999
edge:declared:db.PayrollDocumentSealStampSetting:_deprecated_ceo	16191.940000000001,14905.26 16561.91,16367.950000000001
edge:declared:db.PayrollDocumentSealStampSetting:company	16178.58,14823.26 16022.190000000001,12675.32
edge:declared:db.PayrollDocumentSealStampSetting:seal_stamp	16201.32,14905.26 16497.900000000001,15520.959999999999
edge:declared:db.PayrollEmployeeMonthlyWage:hrm_emp	4111.1800000000003,18537.169999999998 4444.6199999999999,18256.360000000001
edge:declared:db.PayrollLedger:company	11424.610000000001,15084.709999999999 15814.99,12618.77
edge:declared:db.PayrollLedgerAttachment:payroll_ldeger	10674.190000000001,14718.860000000001 11247.23,15084.709999999999
edge:declared:db.PayrollLedgerFile:payroll_ledger	11102.379999999999,14709.200000000001 11302.07,15084.709999999999
edge:declared:db.PayrollLedgerFileModificationRequest:payroll_ledger_file	11510,14558.959999999999 11207.299999999999,14640.719999999999
edge:declared:db.PayrollLedgerItemSettingRelation:ledger_item	5970.1499999999996,12509.73 4680.5100000000002,12902.42
edge:declared:db.PayrollLedgerItemSettingRelation:setting	6070.8599999999997,12419.73 5261.0699999999997,11645.559999999999
edge:declared:db.PayrollManagementRelation:payroll	7028.7600000000002,6848.6800000000003 4464.3299999999999,4626.25
edge:declared:db.PayrollSetting:ledger_item_set	5181.9300000000003,11645.559999999999 4595.3900000000003,12902.42
edge:declared:db.PayrollSettlement:company_question_thread_set	11020.299999999999,9431.2000000000007 18872.959999999999,14215.67
edge:declared:db.PayrollSettlement:payroll	10956.24,9349.2000000000007 4477.5200000000004,4626.25
edge:declared:db.PayrollSettlementAutoCreation:payroll	5488.4499999999998,6634.5500000000002 4426.1099999999997,4626.25
edge:declared:db.PayrollSettlementAutoCreation:payroll_question_help_template	5541.8800000000001,6708.5500000000002 8288.2000000000007,9694.0699999999997
edge:declared:db.PayrollSettlementProgressLog:payroll_settlement	10345.33,9584.2800000000007 10843.73,9428.8500000000004
edge:declared:db.PayrollSocialInsuranceSetting:hrm	-428.37,16878.740000000002 -324.08999999999997,16230.709999999999
edge:declared:db.PayrollStaffUserRelation:payroll	3914.9499999999998,4763.5799999999999 4263.8400000000001,4620.0500000000002
edge:declared:db.PayrollStatement:_deprecated_employee	8725.0599999999995,15727.620000000001 8506.6299999999992,15111.73
edge:declared:db.PayrollStatement:hrm_emp	8616.5,15849.620000000001 4788.6199999999999,18014.049999999999
edge:declared:db.PayrollStatement:payroll_ledger	8876.5,15844.200000000001 11206.25,15173.41
edge:declared:db.PayrollStatementAttendance:payroll_statement	8364.7199999999993,15695.110000000001 8656.5799999999999,15727.620000000001
edge:declared:db.PayrollStatementDocument:payroll_statement	10278.59,15629.26 8876.5,15849.620000000001
edge:declared:db.PayrollStatementEmail:payroll_ledger	10378.040000000001,18020.209999999999 11312.74,15190.709999999999
edge:declared:db.PayrollStatementEmailRecipient:email	9906.0499999999993,18308.950000000001 10278.549999999999,18110.209999999999
edge:declared:db.PayrollStatementEmailRecipient:payroll_statement	9773.5499999999993,18308.950000000001 8876.5,15849.620000000001
edge:declared:db.PayrollStatementItem:ledger_item_setting_relation	7689.1499999999996,13350.51 6197.75,12509.73
edge:declared:db.PayrollStatementItem:payroll_statement	7814.1199999999999,13424.51 8656.7600000000002,15727.620000000001
edge:declared:db.PayrollStatementPayrollInformation:payroll_statement	8642.2800000000007,15997.92 8718.0599999999995,15849.620000000001
edge:declared:db.PayrollStatementScheduledEmail:payroll_statement_email	10075.629999999999,17268.630000000001 10346.66,18020.209999999999
edge:declared:db.PayrollStatementScheduledEmailPeriodicTaskRelation:payroll_statement_scheduled_email	9910.3299999999999,17383.009999999998 9932.2600000000002,17268.630000000001
edge:declared:db.PeriodicOptionVestingItem:periodic_option_vesting	14023.139999999999,18282.849999999999 13956.77,18365.279999999999
edge:declared:db.PhantomStock:company	8847.1700000000001,17223.799999999999 15814.99,12621.41
edge:declared:db.PhantomStock:grantee	8799.1000000000004,17321.799999999999 9237.1200000000008,18143.799999999999
edge:declared:db.PhantomStockGrantContract:phantom_stock	8355.4300000000003,17481.84 8675.1100000000006,17321.799999999999
edge:declared:db.PhantomStockResumeEvent:pause_event	15398.76,16430.32 15469.129999999999,16318.83
edge:declared:db.PhantomStockVesting:phantom_stock	8529.7399999999998,17639.060000000001 8740.4500000000007,17321.799999999999
edge:declared:db.PhantomStockVestingItem:phantom_stock_vesting	8403.8299999999999,17954.529999999999 8488.3299999999999,17713.060000000001
edge:declared:db.PhantomStockVestingTraceable:phantom_stock	8747.3500000000004,17817.700000000001 8770.6800000000003,17321.799999999999
edge:declared:db.PhantomStockVestingTraceable:source_vesting_item	8646.6499999999996,17891.700000000001 8490.7900000000009,17954.529999999999
edge:declared:db.PhoneVerification:phone	5587.0500000000002,14006.049999999999 3454.9299999999998,12571.870000000001
edge:declared:db.PingpongDelivery:dropoff_address	20593.290000000001,12407.26 23739.209999999999,14306.07
edge:declared:db.PitchingDayHall:assigned_irs	35316.93,8706.5400000000009 30762.279999999999,7606.1499999999996
edge:declared:db.PitchingDayHallAccessLog:pitching_day_hall	35621.07,8947.6299999999992 35479.129999999997,8781.1499999999996
edge:declared:db.PitchingDayHallAccessLog:venture_capital	35676.870000000003,9021.6299999999992 37850.300000000003,12270.07
edge:declared:db.PitchingDayHallAssignedIrs:investor_relations	33156.849999999999,7999.1700000000001 30762.279999999999,7594.9399999999996
edge:declared:db.PitchingDayHallAssignedIrs:pitching_day_hall	33395.269999999997,8057.1000000000004 35316.93,8695.1100000000006
edge:declared:db.PortalMenuVisibilitySetting:company	16802.189999999999,10128.17 16068.27,12241.32
edge:declared:db.PortalSetting:company	18014.400000000001,9301.0200000000004 16142.9,12241.32
edge:declared:db.PortfolioCompany:company	30652.599999999999,14090.52 16194.99,12479.459999999999
edge:declared:db.PortfolioCompany:venture_capital	30912.599999999999,14075.6 37803.459999999999,12516.73
edge:declared:db.PortfolioCompanyFund:fund	32188.009999999998,14424.719999999999 33363.68,13746.309999999999
edge:declared:db.PortfolioCompanyFund:portfolio_company	31972.169999999998,14427.52 30912.599999999999,14140.25
edge:declared:db.PortfolioCompanyManager:portfolio_company	30502.330000000002,15406.139999999999 30775.240000000002,14170.01
edge:declared:db.PortfolioCompanyUserRelation:portfolio_company	30920.41,14432.549999999999 30810.639999999999,14170.01
edge:declared:db.PrivacyPolicyLog:privacy_policy	159.61000000000001,30015.490000000002 191.41,29907.5
edge:declared:db.PromotionAddress:promotion	3527.3099999999999,7212.7299999999996 3548.9699999999998,8908.0400000000009
edge:declared:db.PromotionCodeUsageHistory:promotion_code	26328.139999999999,12579.75 26197.790000000001,12335.299999999999
edge:declared:db.PromotionCodeUsageHistory:service_fee_item	26396.939999999999,12653.75 25765.810000000001,12820.02
edge:declared:db.Purchase:_corporate_registration_paid_issue	22799.610000000001,13820.32 20547.700000000001,13842.82
edge:declared:db.Purchase:_credit	22799.610000000001,13823.5 21048.200000000001,13862.299999999999
edge:declared:db.Purchase:_deprecated_payment_store	23095.610000000001,13890.59 24024.630000000001,14234.01
edge:declared:db.Purchase:_incorporation_request	22926.889999999999,13924.219999999999 21968.48,15844.76
edge:declared:db.Purchase:_invitation_seat_request	22799.610000000001,13755.59 10199.49,11344.809999999999
edge:declared:db.Purchase:_meeting	22799.610000000001,13922.4 17398.080000000002,17520.549999999999
edge:declared:db.Purchase:_payment_store_legal_partner	22896.959999999999,13924.219999999999 22546.439999999999,14645.84
edge:declared:db.Purchase:_subscription_payment_request	23071.369999999999,13714.219999999999 21728.540000000001,11797.99
edge:declared:db.Purchase:basket	23095.610000000001,13718.139999999999 23287.52,13588.549999999999
edge:declared:db.Purchase:company	22799.610000000001,13790.309999999999 16194.99,12496.98
edge:declared:db.Purchase:investment_association	23095.610000000001,13863.559999999999 30510.490000000002,16648.830000000002
edge:declared:db.Purchase:service_fee	23095.610000000001,13773.77 23909.619999999999,13593.040000000001
edge:declared:db.Purchase:venture_capital	23095.610000000001,13861.030000000001 37803.459999999999,12492.190000000001
edge:declared:db.PurchaseItem:payment_store	23669.029999999999,13927.58 24272.630000000001,14153.15
edge:declared:db.PurchaseItem:purchase	23452.02,13883.59 23095.610000000001,13862.49
edge:declared:db.PurchaseStatusHistory:purchase	22154.939999999999,13741.07 22799.610000000001,13805.110000000001
edge:declared:db.Purpose:articles_of_incorporation	17298.029999999999,15180.120000000001 17213.849999999999,15373.690000000001
edge:declared:db.Purpose:industrial_code	17303.970000000001,15106.120000000001 17212.560000000001,14772.799999999999
edge:declared:db.QrReplyPasswordReset:request	25038.450000000001,16414.93 25124.970000000001,16712.369999999999
edge:declared:db.QrReplyPasswordResetRequest:reply	25093.389999999999,16786.369999999999 24854.849999999999,16994.799999999999
edge:declared:db.QuarterlyReportRequest:quarterly_report	29459.34,16823.84 29756.560000000001,16031.18
edge:declared:db.QuarterlyReportRequestAttachment:quarterly_report_request	25447.060000000001,17370.959999999999 29272.470000000001,16891.880000000001
edge:declared:db.QuarterlyReportRequestRecipient:email_activity_recipient	30671.939999999999,17791.220000000001 25831.84,23085.189999999999
edge:declared:db.QuarterlyReportRequestRecipient:portfolio_company	30714.209999999999,17701.220000000001 30781.360000000001,14170.01
edge:declared:db.QuarterlyReportRequestRecipient:portfolio_company_manager	30710.700000000001,17701.220000000001 30497.709999999999,15480.139999999999
edge:declared:db.QuarterlyReportRequestRecipient:quarterly_report_request	30650.52,17701.220000000001 29507.779999999999,16913.84
edge:declared:db.QuarterlyReportRequestReportItem:quarterly_report_item	28126.75,16732.240000000002 28916.049999999999,16728.880000000001
edge:declared:db.QuarterlyReportRequestReportItem:quarterly_report_request	28198.580000000002,16759.889999999999 29272.470000000001,16853.950000000001
edge:declared:db.QuarterlyReportSettings:quarterly_report	29496.310000000001,16086.360000000001 29560.16,15961.77
edge:declared:db.QuarterlyReportSignupChannel:portfolio_company	29357.84,14498.51 30652.599999999999,14165.51
edge:declared:db.QuarterlyReportSignupChannel:quarterly_report	29239.580000000002,14574.75 29853.16,15917.18
edge:declared:db.QuestionMessageAttachment:message	22247.549999999999,15303.67 24208.560000000001,11541.18
edge:declared:db.QuestionMessageScheduled:question_thread_message	24471.369999999999,10986.24 24279.84,11395.18
edge:declared:db.QuestionThread:_company	20784.990000000002,12639.549999999999 16194.99,12468.83
edge:declared:db.QuestionThreadAssignment:question_thread	19792.68,12764.42 20784.990000000002,12658.120000000001
edge:declared:db.QuestionThreadMessage:question_thread	24110.59,11516.200000000001 21044.990000000002,12598.700000000001
edge:declared:db.QuestionThreadMessageAccessLog:message	24371.84,11678.4 24289.130000000001,11541.18
edge:declared:db.QuestionThreadMessageCategory:question_thread_message	25323.049999999999,11571.35 24382.59,11481.41
edge:declared:db.QuestionThreadMessagePeriodicTaskRelation:question_message_scheduled	24306.580000000002,10817 24435.98,10912.24
edge:declared:db.QuestionThreadMessageProfile:message	24741.849999999999,11276.459999999999 24382.59,11415.58
edge:declared:db.QuestionThreadMessageReminder:message	25330.049999999999,11678.42 24382.59,11494.75
edge:declared:db.QuestionThreadMessageReview:message	24867.950000000001,11786.889999999999 24382.59,11538.469999999999
edge:declared:db.QuestionThreadMessageReviewRequest:message	25342.560000000001,11791.450000000001 24382.59,11508.540000000001
edge:declared:db.QuestionThreadTag:question_thread_set	20987.57,12906.84 20934.990000000002,12713.389999999999
edge:declared:db.RebootProductContactRequest:company	13103.76,11988.299999999999 15814.99,12427.42
edge:declared:db.RegisteredMail:order_status_history	11.41,10040.6 289.25999999999999,9997.9400000000005
edge:declared:db.RegisteredMail:seal_card_return_status_history	-119.83,10020.549999999999 -175.68000000000001,9851.5699999999997
edge:declared:db.Registration:meeting	14859.559999999999,19518.810000000001 17102.080000000002,17680.73
edge:declared:db.RegistrationAgenda:agenda_ceo_address_change	12646.440000000001,21748.169999999998 12869.610000000001,21913.16
edge:declared:db.RegistrationAgenda:agenda_director_change	12591.030000000001,21748.169999999998 12642.98,22775.830000000002
edge:declared:db.RegistrationAgenda:agenda_option_exercise	12711.700000000001,21721.57 13152.43,21783.509999999998
edge:declared:db.RegistrationAgenda:registration	12634.139999999999,21658.169999999998 14767.030000000001,19600.810000000001
edge:declared:db.RegistrationAssistance:legal_partner	20839.450000000001,17490.52 22440.240000000002,14895.84
edge:declared:db.RegistrationAssistance:meeting	20690.150000000001,17532.689999999999 17398.080000000002,17563.84
edge:declared:db.RegistrationAssistanceReceipt:registration_assistance	21358.150000000001,17779.720000000001 20907.549999999999,17572.52
edge:declared:db.RegistrationCaseReport:company	13195.700000000001,8302.6800000000003 15858.27,12241.32
edge:declared:db.RegistrationCaseReport:jurisdiction	13170.01,8302.6800000000003 13141.93,9872.6100000000006
edge:declared:db.RegistrationCaseReportUpdateLog:company	18181.610000000001,9792.9400000000005 16166.889999999999,12241.32
edge:declared:db.RegistrationDirector:registration	14913.530000000001,19687.43 14842.950000000001,19600.810000000001
edge:declared:db.RegistrationFormCaptable:agenda	19066.950000000001,24294.540000000001 17453.919999999998,21520.48
edge:declared:db.RegistrationFormCaptableDocument:captable	17358.380000000001,25150.740000000002 19003.900000000001,24376.540000000001
edge:declared:db.RegistrationFormCaptableNotarizationRequestor:registration_form_captable	18255.040000000001,23852.110000000001 19023.77,24294.540000000001
edge:declared:db.RegistrationFormCaptableNotarizationRequestor:shareholder	18136.130000000001,23778.110000000001 17376.240000000002,23263.400000000001
edge:declared:db.RegistrationFormHeadOfficeInsideRelocationDocument:head_office_relocation_agenda	19461.110000000001,24552.950000000001 18470.860000000001,21730.869999999999
edge:declared:db.RegistrationFormHeadOfficeOutsideRelocationDocument:head_office_relocation_agenda	20400.43,24280.790000000001 18490.630000000001,21730.869999999999
edge:declared:db.RegistrationHelp:company_question_thread	18646.599999999999,14706.4 18933.189999999999,14393.67
edge:declared:db.RegistrationHelp:meeting	18588.869999999999,14780.4 17360.049999999999,17446.73
edge:declared:db.ResignationLetterDocument:director_change_agenda	13293.389999999999,24350.380000000001 12668.219999999999,22881.830000000002
edge:declared:db.RightToConsentOrConsult:company	14001.450000000001,16878.259999999998 15940.58,12675.32
edge:inheritance:db.RsuAdjustEvent->db.Event	14596.08,16625.799999999999 15422.719999999999,16854.439999999999
edge:declared:db.RsuExerciseClaim:company	13406.09,15394.23 15814.99,12673.860000000001
edge:declared:db.RsuExerciseClaim:financial_account	13280.530000000001,15500.23 11170.190000000001,16896.66
edge:declared:db.RsuExerciseClaimAttachment:attachment_setting_item	12748.49,15546.65 12587.440000000001,15529.35
edge:declared:db.RsuExerciseClaimAttachment:rsu_exercise_claim	12995.49,15507.27 13235.16,15467.700000000001
edge:declared:db.RsuExerciseClaimCandidate:hrm_emp	11352.01,16695.75 4788.6199999999999,18083.799999999999
edge:declared:db.RsuExerciseClaimCandidate:rsu_exercise_claim	11553.450000000001,16620.099999999999 13277.700000000001,15500.23
edge:declared:db.RsuExerciseClaimCandidate:rsu_exercise_management	11503.950000000001,16620.099999999999 11759.9,16124.92
edge:declared:db.RsuExerciseClaimCandidate:rsu_grantee	11528.15,16718.099999999999 11909.219999999999,17090.490000000002
edge:declared:db.RsuExerciseClaimCandidateEmailRecipient:candidate	11961.58,16541.560000000001 11604.01,16635.869999999999
edge:declared:db.RsuExerciseClaimEventRelation:claim	14408.9,15733.01 13483.16,15480.99
edge:declared:db.RsuExerciseClaimEventRelation:event	14605.42,15806.129999999999 15061.99,16099.549999999999
edge:declared:db.RsuExerciseClaimRsu:rsu	13854.860000000001,15359.370000000001 14549.940000000001,15269.389999999999
edge:declared:db.RsuExerciseClaimRsu:rsu_exercise_claim	13618.860000000001,15392.52 13483.16,15413.09
edge:declared:db.RsuExerciseManagement:company	11842.75,16026.92 15814.99,12643.139999999999
edge:declared:db.RsuExerciseManagement:excluded_institution_set	11732.719999999999,16124.92 11451.73,16387.139999999999
edge:declared:db.RsuExerciseManagementAttachmentSetting:management	11938.85,15658.67 11803.27,16026.92
edge:declared:db.RsuExerciseManagementAttachmentSettingItem:setting	12320.360000000001,15545.950000000001 12113.26,15645.370000000001
edge:declared:db.RsuExerciseManagementEmail:rsu_exercise_management	12607.85,16594.709999999999 11862.93,16124.92
edge:declared:db.RsuExtraAttachment:rsu	15154.690000000001,14917.01 14786,15185.15
edge:declared:db.RsuGrantContract:rsu	15418.299999999999,14961.879999999999 14821.940000000001,15203.74
edge:declared:db.RsuGrantContract:template	15537.42,14871.879999999999 15573.49,14447.76
edge:declared:db.RsuGrantContractModusignDocument:rsu_grant_contract	21604.549999999999,19227.150000000001 15654.93,14949.629999999999
edge:declared:db.RsuGrantContractTemplate:company	15586.58,14365.76 15982.280000000001,12675.32
edge:declared:db.RsuGrantContractTemplate:stakeholder_set	15551.290000000001,14365.76 15468.91,14234.299999999999
edge:declared:db.RsuGrantContractTemplateStakeholder:company	15448.700000000001,14160.299999999999 15950.91,12675.32
edge:declared:db.RsuMeeting:company	15808.65,15059.59 15988.57,12675.32
edge:declared:db.RsuMeeting:meeting	15929.309999999999,15149.59 17102.080000000002,17446.73
edge:declared:db.RsuMeetingAttachment:meeting	15610.84,15209 15722.129999999999,15149.59
edge:declared:db.RsuPerformanceCondition:company	14761.860000000001,14243.379999999999 15854.299999999999,12675.32
edge:declared:db.RsuResumeEvent:pause_event	15077.370000000001,17278.490000000002 15071.68,17330.09
edge:declared:db.RsuRsa:company	14720.459999999999,15185.15 15902.93,12675.32
edge:declared:db.RsuRsa:grantee	14549.940000000001,15331.15 12006.790000000001,17090.490000000002
edge:declared:db.RsuRsa:grantee_hrm_emp	14549.940000000001,15326.91 4788.6199999999999,18024.549999999999
edge:declared:db.RsuRsa:source_meeting	14821.940000000001,15240.07 15681.309999999999,15121.700000000001
edge:declared:db.RsuRsaSealedContractFile:company	15309.73,14513.65 15944.969999999999,12675.32
edge:declared:db.RsuRsaSealedContractFile:grant_contract	15321.92,14587.65 15513.83,14871.879999999999
edge:declared:db.RsuTag:category	14936.35,14381.200000000001 14990.65,14170.719999999999
edge:declared:db.RsuTag:company	15034.07,14381.200000000001 15901.809999999999,12675.32
edge:declared:db.RsuTag:rsu_set	14905.120000000001,14463.200000000001 14707.92,15185.15
edge:declared:db.RsuTagCategory:company	15022.469999999999,14096.719999999999 15878.57,12675.32
edge:declared:db.RsuVesting:rsu	14333.09,15244.68 14549.940000000001,15253.200000000001
edge:declared:db.RsuVestingItem:performance_condition	14280.74,14929.139999999999 14710.08,14317.379999999999
edge:declared:db.RsuVestingItem:rsu_vesting	14244.08,15019.139999999999 14223.309999999999,15203.309999999999
edge:declared:db.RsuVestingTraceable:rsu	14514.75,15141.200000000001 14579.98,15185.15
edge:declared:db.RsuVestingTraceable:source_vesting_item	14429.950000000001,15067.200000000001 14336.58,15019.139999999999
edge:declared:db.RtccConsentSummary:company	13365.77,10504.08 15814.99,12319.059999999999
edge:declared:db.RtccConsentSummary:source_result	13433.84,10443.27 13664.459999999999,10396.73
edge:declared:db.RtccEmail:right_to_consent_or_consult	13933.25,17046.790000000001 13966.690000000001,16960.259999999998
edge:declared:db.RtccEmailAuthentication:rtcc_investor	14761.629999999999,17674.27 14455.219999999999,17509.27
edge:declared:db.RtccInvestor:right_to_consent_or_consult	14339.57,17419.27 14012.35,16960.259999999998
edge:declared:db.RtccInvestor:stakeholder	14264.01,17509.27 10128.959999999999,19238.049999999999
edge:declared:db.RtccInvestorFile:investor	16064.18,17369.209999999999 14527.15,17455.360000000001
edge:declared:db.RtccSummaryAnalysisRequest:company	14666.1,10983.51 15814.99,12241.32
edge:declared:db.RtccSummaryAnalysisRequestDocument:document	14527.540000000001,10549.49 18273.23,15325.85
edge:declared:db.RtccSummaryAnalysisRequestDocument:request	14478.690000000001,10549.49 14530.559999999999,10901.51
edge:declared:db.RtccSummaryAnalysisResult:request	13700.719999999999,10396.73 14473.809999999999,10901.51
edge:declared:db.RtccSummaryAnalysisResultDocument:document	13738.700000000001,9545.7800000000007 18263.93,15325.85
edge:declared:db.RtccSummaryAnalysisResultDocument:result	13700.120000000001,9545.7800000000007 13631.92,10314.73
edge:declared:db.Safe:company	11879.49,15351.26 15814.99,12624.18
edge:declared:db.Safe:holder	11790.200000000001,15425.26 11587.889999999999,15633.84
edge:declared:db.SafeCreateEvent:contract_file	19005.790000000001,18198.400000000001 20465.18,18457.779999999999
edge:declared:db.SalesMetric:legal_partner	23338.970000000001,14709.299999999999 22640.5,14759.5
edge:declared:db.SdContactRequest:secondary_deal	38071.550000000003,8614.2999999999993 39059.279999999999,6277.5100000000002
edge:declared:db.SdContactRequest:venture_capital	38055.540000000001,8688.2999999999993 37991.150000000001,12270.07
edge:declared:db.SealCardReturnRequest:seal_card	-1401.03,8458.5799999999999 -771.5,8383.8999999999996
edge:declared:db.SealCardReturnStatusHistory:seal_card_return_request	-230.93000000000001,9769.5699999999997 -1483.99,8514.2900000000009
edge:declared:db.SealCertificateDelivery:company	19363.049999999999,12396.139999999999 16194.99,12453.049999999999
edge:declared:db.SealCertificateDelivery:seal_card_pickup_delivery	19611.049999999999,12390.360000000001 20388.110000000001,12362.68
edge:declared:db.SealCertificateIssueRequest:delivery	19624.91,12491.49 19556.880000000001,12444.559999999999
edge:declared:db.SealStamp:attachment	16624.48,15626.959999999999 20465.18,18353.07
edge:declared:db.SealStamp:company	16514.91,15520.959999999999 16038.59,12675.32
edge:declared:db.SealStamp:director	16530.389999999999,15626.959999999999 16622.860000000001,16367.950000000001
edge:declared:db.SealStampCardContinuedUseApplicationFormDocument:stakeholder	9220.4799999999996,23221.360000000001 9932.9699999999993,19507.16
edge:declared:db.SealStampDeclarationDocument:stakeholder	9530.3899999999994,23069.950000000001 9944.8299999999999,19507.16
edge:declared:db.SealStampImage:seal_stamp	18732.5,17015.169999999998 16631.450000000001,15626.959999999999
edge:declared:db.SealStampUsageHistory:employee	10550.65,15330.299999999999 8613.3600000000006,15034.309999999999
edge:declared:db.SealStampUsageHistory:payroll_statement_document	10617.459999999999,15402.25 10435.790000000001,15573.709999999999
edge:declared:db.SealStampUsageHistory:seal_stamp	10798.65,15354.299999999999 16399.779999999999,15582.42
edge:declared:db.SealStampUsageHistory:wht_book	10550.65,15352.700000000001 9616.3899999999994,15378.73
edge:declared:db.SealStampUsageHistory:wht_certificate	10701.67,15296.25 10761.459999999999,15178.950000000001
edge:declared:db.SealStampUsageHistory:wht_receipt	10550.65,15305.73 10283.049999999999,15211.809999999999
edge:declared:db.SecondaryDeal:assigned_investors	39088.910000000003,6277.5100000000002 38023.889999999999,12270.07
edge:declared:db.SecondaryDeal:business_line	38956.629999999997,6146.4899999999998 38214.760000000002,6101.2200000000003
edge:declared:db.SecondaryDeal:corporate_registration	38956.629999999997,6084.96 38701.290000000001,5968.0500000000002
edge:declared:db.SecondaryDeal:operating_profit	39078.379999999997,6035.5100000000002 38700.190000000002,4634.8999999999996
edge:declared:db.SelfRegistration:meeting	17583.91,17481.259999999998 17398.080000000002,17526.98
edge:declared:db.ServiceFee:basket	23909.619999999999,13560.9 23459.310000000001,13544.18
edge:declared:db.ServiceFeeItem:product	25587.27,12811.690000000001 24818.049999999999,12233.42
edge:declared:db.ServiceFeeItem:service_fee	25560.779999999999,12893.690000000001 24157.619999999999,13603.690000000001
edge:declared:db.ShareClass:company	15475.379999999999,18166.310000000001 15988.1,12675.32
edge:declared:db.ShareholderInstitutionMember:institution	10230.09,21987.389999999999 10657.1,22650.23
edge:declared:db.ShareholderInstitutionMember:manager	10178.690000000001,21905.389999999999 10027.040000000001,21661.610000000001
edge:declared:db.ShareholderInstitutionMemberCeo:member	10133.15,22599.240000000002 10199.67,21987.389999999999
edge:declared:db.ShareholderVote:agenda	17412.049999999999,22801.549999999999 17359.25,21520.48
edge:declared:db.ShareholderVote:attended_shareholder	17295.630000000001,22875.549999999999 17217.439999999999,23125.400000000001
edge:declared:db.ShareholderVotingRightsPerAgenda:agenda	17256.869999999999,22364.939999999999 17335.799999999999,21520.48
edge:declared:db.ShareholderVotingRightsPerAgenda:shareholder	17111.84,22438.939999999999 17189.07,23125.400000000001
edge:declared:db.ShareholdersAgreementStakeholder:stakeholder	8902.3600000000006,19098.669999999998 9796.9599999999991,19310.970000000001
edge:declared:db.ShareholdersMeeting:chairperson	15697.950000000001,22711.830000000002 13951.1,22707.830000000002
edge:declared:db.ShareholdersMeeting:meeting	15834.110000000001,22585.959999999999 17248.560000000001,17680.73
edge:declared:db.ShareholdersMeeting:sealed_meeting_minutes_file	15918.49,22585.959999999999 20584.130000000001,18734.700000000001
edge:declared:db.ShareholdersMeetingAgenda:agenda_authorized_shares_change	17133.919999999998,21456.32 16589.720000000001,21707.549999999999
edge:declared:db.ShareholdersMeetingAgenda:agenda_bonus_issue	17453.919999999998,21257.810000000001 18190.68,20203.209999999999
edge:declared:db.ShareholdersMeetingAgenda:agenda_branch_change	17453.919999999998,21255.900000000001 17663.880000000001,20112.52
edge:declared:db.ShareholdersMeetingAgenda:agenda_change_of_articles_of_incorporation	17453.919999999998,21457.830000000002 18923.43,20665.41
edge:declared:db.ShareholdersMeetingAgenda:agenda_co_ceo_system_change	17133.919999999998,21357.970000000001 16174.15,21148.380000000001
edge:declared:db.ShareholdersMeetingAgenda:agenda_company_name_change	17343.889999999999,21246.48 17237.130000000001,21008.240000000002
edge:declared:db.ShareholdersMeetingAgenda:agenda_custom	17133.919999999998,21349.919999999998 16206.58,21032.889999999999
edge:declared:db.ShareholdersMeetingAgenda:agenda_director_change	17133.919999999998,21453.029999999999 12769.66,22790.82
edge:declared:db.ShareholdersMeetingAgenda:agenda_director_compensation_decision	17133.919999999998,21448.439999999999 15295.700000000001,21666.560000000001
edge:declared:db.ShareholdersMeetingAgenda:agenda_director_compensation_rule	17133.919999999998,21325.02 16663.459999999999,21004.740000000002
edge:declared:db.ShareholdersMeetingAgenda:agenda_financial_statements	17453.919999999998,21248.400000000001 17463.48,20258.279999999999
edge:declared:db.ShareholdersMeetingAgenda:agenda_head_office_relocation	17453.919999999998,21460.77 18321.43,21649.669999999998
edge:declared:db.ShareholdersMeetingAgenda:agenda_head_office_relocation_aoi_change	17453.919999999998,21246.48 17143.59,20754.02
edge:declared:db.ShareholdersMeetingAgenda:agenda_method_of_giving_public_notice_change	17453.919999999998,21246.48 17304.919999999998,20082.77
edge:declared:db.ShareholdersMeetingAgenda:agenda_new_issue	17133.919999999998,21517.09 16248.219999999999,22253.779999999999
edge:declared:db.ShareholdersMeetingAgenda:agenda_new_options_rule	17133.919999999998,21292.060000000001 16871.459999999999,21143.939999999999
edge:declared:db.ShareholdersMeetingAgenda:agenda_new_or_change_rsu_rule	17201.869999999999,21246.48 17162.540000000001,21189.110000000001
edge:declared:db.ShareholdersMeetingAgenda:agenda_option_cancel	17133.919999999998,21358.330000000002 15042.190000000001,21053.080000000002
edge:declared:db.ShareholdersMeetingAgenda:agenda_option_grant	17133.919999999998,21246.900000000001 15719.280000000001,19843.459999999999
edge:declared:db.ShareholdersMeetingAgenda:agenda_purpose_change	17453.919999999998,21519.720000000001 17762.52,21799.369999999999
edge:declared:db.ShareholdersMeetingAgenda:agenda_rsu_grant	17133.919999999998,21349.919999999998 15821.33,20943.110000000001
edge:declared:db.ShareholdersMeetingAgenda:agenda_subsidiary_establishment	17133.919999999998,21443.099999999999 15954.129999999999,21449.48
edge:declared:db.ShareholdersMeetingAgenda:meeting	17133.919999999998,21520.48 15905.799999999999,22585.959999999999
edge:declared:db.ShareholdersMeetingConvocationNoticeEmail:shareholders_meeting	18068.389999999999,20767.75 15911.709999999999,22585.959999999999
edge:declared:db.ShareholdersMeetingConvocationNoticeEmailAttachment:convocation_notice_email	19978.389999999999,20428.970000000001 18293.830000000002,20734.790000000001
edge:declared:db.ShareholdersMeetingConvocationNoticeEmailNewIssueAttachment:email	16594.5,22048.98 18211.459999999999,20767.75
edge:declared:db.ShareholdersMeetingConvocationNoticeEmailNewIssueAttachment:new_issue	16698.400000000001,22122.98 16281.370000000001,22287.279999999999
edge:declared:db.ShareholdersMeetingConvocationNoticeEmailRecipient:email_activity_recipient	24468.400000000001,23672.490000000002 25686.48,23183.189999999999
edge:declared:db.ShareholdersMeetingConvocationNoticeRecipient:bulk_email_recipient	18973.82,21067.939999999999 17392.34,19188.009999999998
edge:declared:db.ShareholdersMeetingConvocationNoticeRecipient:convocation_notice_email	18963.009999999998,21067.939999999999 18293.830000000002,20767.75
edge:declared:db.ShareholdersMeetingConvocationNoticeRecipient:shareholder	18751.09,21157.939999999999 17385.02,23141.279999999999
edge:declared:db.ShareholdersMeetingDirectorAttendance:stakeholder	13725.18,22658.439999999999 10128.959999999999,19507.16
edge:declared:db.ShareholdersMeetingPowerOfAttorneyIndividualDocument:shareholder	16424.970000000001,24601.950000000001 17159.509999999998,23263.400000000001
edge:declared:db.ShareholdersMeetingShareholderAttendance:meeting	17033.950000000001,23125.400000000001 15957.950000000001,22723.959999999999
edge:declared:db.ShareholdersMeetingShareholderAttendance:original_shareholder	17010.02,23263.400000000001 10828.790000000001,22711.23
edge:declared:db.ShareholdersMeetingShortenPeriodIndividualDocument:shareholder	16807.349999999999,23511.220000000001 17095.419999999998,23263.400000000001
edge:declared:db.ShareholdersMeetingWrittenDecisionIndividualDocument:shareholder	16982.419999999998,24367.290000000001 17184.759999999998,23263.400000000001
edge:declared:db.Stakeholder:company	10128.959999999999,19193.16 15814.99,12675.32
edge:declared:db.Stakeholder:standardized_address	10128.959999999999,19375.189999999999 23920.169999999998,18973.310000000001
edge:declared:db.StakeholderAccount:account	10653.049999999999,18263.34 11079.700000000001,16994.66
edge:declared:db.StakeholderAccount:stakeholder	10619.41,18337.34 10128.959999999999,19193.16
edge:declared:db.StakeholderCustodian:stakeholder	9390.7600000000002,19301.439999999999 9796.9599999999991,19337.099999999999
edge:declared:db.StakeholderSeat:stakeholder	8229.6200000000008,19352.349999999999 9796.9599999999991,19352.310000000001
edge:declared:db.StarredQuestionThread:question_thread	20538.91,12830.6 20784.990000000002,12708.639999999999
edge:declared:db.Stock:company	15439.129999999999,18424.02 15987.120000000001,12675.32
edge:declared:db.Stock:share_class	15442.51,18424.02 15463.200000000001,18272.310000000001
edge:declared:db.Stock:shareholder	15563.030000000001,18506.02 10828.790000000001,22650.23
edge:declared:db.StockDocumentAnalysis:document_ai_process_request	28449.240000000002,27668.419999999998 29284.810000000001,27399.09
edge:declared:db.StockDocumentAnalysis:stock_reregistration_event	28377.849999999999,27742.419999999998 28536.16,27877.02
edge:declared:db.StockTransferAgreement:company	16983.360000000001,18416.040000000001 16065.799999999999,12675.32
edge:declared:db.StockTransferAgreement:purchaser	16848,18570.040000000001 10128.959999999999,19373.830000000002
edge:declared:db.StockTransferAgreement:sealed_agreement_file	17120,18570.040000000001 20465.18,18643.360000000001
edge:declared:db.StockTransferAgreement:seller	16848,18570.040000000001 10828.790000000001,22650.23
edge:declared:db.StockTransferAgreement:stock_transfer_event	16848,18485.380000000001 16655.41,18517.299999999999
edge:declared:db.StockTransferAgreementClauses:stock_transfer_agreement	17205.290000000001,18420.98 17120,18434.389999999999
edge:declared:db.StockTransferAgreementItem:agreement	16292.68,18353.529999999999 16848,18428.450000000001
edge:declared:db.StockTransferAgreementItem:share_class	16045.68,18315.32 15594.43,18236.560000000001
edge:declared:db.StockTransferAgreementManagement:company	18156.919999999998,13305.110000000001 16194.99,12533.139999999999
edge:declared:db.StockTransferAgreementManagement:related_tax_advices	18423.400000000001,13313.51 20784.990000000002,12679.299999999999
edge:declared:db.StockTransferAgreementManagement:stock_transfer_agreement	18252.630000000001,13395.110000000001 17032.18,18416.040000000001
edge:declared:db.StockTransferAgreementManagementStakeholderSeat:stakeholder_seat	6036.0799999999999,8519.1000000000004 8097.79,19311.349999999999
edge:declared:db.StockTransferAgreementManagementStakeholderSeat:stock_transfer_agreement_management	6121.8599999999997,8519.1000000000004 18120.400000000001,13305.110000000001
edge:declared:db.StockTransferAgreementModusignDocument:stock_transfer_agreement	20223.900000000001,20211.130000000001 17120,18570.040000000001
edge:declared:db.StockTransferAgreementModusignEmbeddedDraft:stock_transfer_agreement	19462.189999999999,19996.110000000001 17120,18570.040000000001
edge:declared:db.StockTransferAgreementPurchaserInstitution:agreement	17146.419999999998,18843.16 17120,18570.040000000001
edge:declared:db.StockTransferAgreementSellerInstitution:agreement	17131.580000000002,18726.700000000001 17028.959999999999,18570.040000000001
edge:declared:db.StockTransferAgreementSurvey:company	21064.720000000001,10666.26 16194.99,12391.02
edge:declared:db.StockTransferPrice:share_class	16118.52,18418.830000000002 15594.43,18257.82
edge:declared:db.StockTransferPrice:stock_transfer_event	16354.52,18486.080000000002 16419.41,18503.119999999999
edge:declared:db.StockUnissuedConfirmationRequest:company	18765.16,15735.780000000001 16194.99,12675.32
edge:declared:db.StockUnissuedConfirmationRequest:stock_unissued_confirmation_file	18826.810000000001,15817.780000000001 20475.529999999999,18300.700000000001
edge:declared:db.StripeCard:customer	874.85000000000002,7263.4700000000003 974.16999999999996,7640.6899999999996
edge:declared:db.StripePayment:card	-263.33999999999997,7916.75 804.26999999999998,7263.4700000000003
edge:declared:db.StripePayment:order	-206.34999999999999,7977.8500000000004 1521.3699999999999,8255.4500000000007
edge:declared:db.StripePayment:seal_card_return_request	-425.13999999999999,7998.75 -1430.4100000000001,8432.2900000000009
edge:declared:db.Subscription:company	21997.490000000002,11135.700000000001 16194.99,12415.190000000001
edge:declared:db.Subscription:subscription_contract	21997.490000000002,11135.709999999999 19738.919999999998,11635.940000000001
edge:declared:db.Subscription:subscription_package	21997.490000000002,11129.450000000001 19932.040000000001,11490.07
edge:declared:db.Subscription:subscription_plan	22047.389999999999,11186.709999999999 21373.68,11839.6
edge:declared:db.Subscription:subscription_policy	21997.490000000002,11149.110000000001 20499.459999999999,11637.709999999999
edge:declared:db.Subscription:subscription_promotion	21997.490000000002,11163.219999999999 20819.830000000002,11661.23
edge:declared:db.SubscriptionBonus:subscription	22512.380000000001,11200.190000000001 22269.490000000002,11139.620000000001
edge:declared:db.SubscriptionContract:company	19502.919999999998,11688.110000000001 16194.99,12417.809999999999
edge:declared:db.SubscriptionModusignDocumentUsageHistory:subscription	23911.5,11928.41 22269.490000000002,11170.09
edge:declared:db.SubscriptionPackage:company	19696.040000000001,11537.73 16194.99,12410.93
edge:declared:db.SubscriptionPaymentRequest:company	21573.810000000001,11772.43 16194.99,12431.690000000001
edge:declared:db.SubscriptionPaymentRequest:subscription	21727.580000000002,11715.99 22079.619999999999,11186.709999999999
edge:declared:db.SubscriptionPenaltyPayment:company	19477.66,11812.84 16194.99,12422.58
edge:declared:db.SubscriptionPenaltyPayment:subscription	19717.66,11758.15 21997.490000000002,11142.690000000001
edge:declared:db.SubscriptionPeriod:subscription	22980.110000000001,10805.040000000001 22269.490000000002,11057.41
edge:declared:db.SubscriptionPerk:subscription	22441.34,11365.16 22229.599999999999,11186.709999999999
edge:declared:db.SubscriptionPlan:permissions	21184.860000000001,11920.559999999999 20524.59,12042.24
edge:declared:db.SubscriptionPlanOffering:subscription_plan	21563.07,12011.73 21437.75,11953.6
edge:declared:db.SubscriptionPlanPerk:subscription_plan	21527.689999999999,11933.940000000001 21444.860000000001,11919.41
edge:declared:db.SubscriptionPolicy:company	20268.02,11695.809999999999 16194.99,12424.23
edge:declared:db.SubscriptionPromotion:company	20611.91,11717.469999999999 16194.99,12427.780000000001
edge:declared:db.SubscriptionReservation:company	20632.759999999998,12095.49 16194.99,12443.459999999999
edge:declared:db.SubscriptionReservation:subscription_plan	20799.73,12048.99 21184.860000000001,11935.059999999999
edge:declared:db.SubscriptionSuspensionHistory:subscription	22419.200000000001,11084.26 22269.490000000002,11095.5
edge:declared:db.TalingCoupon:_company	10581.129999999999,11751.639999999999 15814.99,12433.469999999999
edge:declared:db.TaxBookkeepingServiceRequest:company	21166.66,14128.809999999999 16194.99,12511.52
edge:declared:db.TaxBookkeepingServiceRequest:incorporation_request	20953.560000000001,14210.809999999999 21849.27,15844.76
edge:declared:db.TaxPartnerTbkContract:legal_partner	23866.43,14579.129999999999 22640.5,14747.08
edge:declared:db.TaxPartnerTbkContractItem:tax_partner_tbk_contract	23855.400000000001,14717.93 23953.619999999999,14599.959999999999
edge:declared:db.TaxPartnerTbkSettings:legal_partner	22820.740000000002,15762.66 22528.849999999999,14895.84
edge:declared:db.TbkConsulting:tax_bookkeeping_service_request	21500.619999999999,14248.959999999999 21227.560000000001,14185.629999999999
edge:declared:db.TbkConsulting:tbk_question_thread	21500.619999999999,14326.719999999999 19156.959999999999,14239.450000000001
edge:declared:db.TbkConsultingMemo:tbk_consulting	22045.009999999998,14108.950000000001 21746.669999999998,14228.719999999999
edge:declared:db.TbkConsultingRefusal:incorporation_request	21396.139999999999,15542.059999999999 21711.360000000001,15844.76
edge:declared:db.TbkConsultingStatusLog:tbk_consulting	21498.450000000001,14048.469999999999 21597.650000000001,14228.719999999999
edge:declared:db.TbkContract:tbk_consulting	23124.5,15166.25 21748.619999999999,14326.719999999999
edge:declared:db.TbkContractBenefit:tbk_contract	23386.400000000001,15251.389999999999 23315.689999999999,15235.360000000001
edge:declared:db.TbkContractSettlement:tbk_contract	23370.080000000002,15074.25 23246.68,15166.25
edge:declared:db.ThirdPartyArticleProviderUserRelation:article_provider	20388.09,19894.25 20398.509999999998,19845.98
edge:declared:db.UserApiKeyCompanyAccess:api_key	16991.529999999999,9438.1700000000001 17670.709999999999,7523.0299999999997
edge:declared:db.UserApiKeyCompanyAccess:selected_companies	16963.060000000001,9520.1700000000001 16038.32,12241.32
edge:declared:db.UserApiKeyCompanyRelation:company	16874.110000000001,9266.1200000000008 16038.02,12241.32
edge:declared:db.UserApiKeyCompanyRelation:company_access	16898.869999999999,9266.1200000000008 16965.639999999999,9438.1700000000001
edge:declared:db.UserApiKeyRevocation:api_key	17239.610000000001,7470.5200000000004 17561.619999999999,7480.0900000000001
edge:declared:db.UserInvitation:company	8579.6599999999999,11737.379999999999 15814.99,12435.16
edge:declared:db.UserInvitation:company_user_relation	8331.6599999999999,11742.200000000001 7555.1999999999998,11790.65
edge:declared:db.UserInvitationInvitee:invitation	7858.9200000000001,12895.299999999999 8432.7099999999991,11770.42
edge:declared:db.UserInvitationInvitee:stakeholder	7851.1000000000004,12969.299999999999 9879.9899999999998,19193.16
edge:declared:db.UserInvitationOwnerRoleRelation:owner_role	9420.1000000000004,11307.389999999999 9153.9300000000003,11069.08
edge:declared:db.UserInvitationOwnerRoleRelation:user_invitation	9356.6800000000003,11381.389999999999 8573.5200000000004,11680.42
edge:declared:db.UserProfileImageMapping:profile_image	22145.73,18931.619999999999 22286.529999999999,18913.580000000002
edge:declared:db.UserSealCardRelation:seal_card	-900.80999999999995,8528.4799999999996 -710.25,8409.75
edge:declared:db.ValuationHistory:company	18490.099999999999,12474.059999999999 16194.99,12456.690000000001
edge:declared:db.ValuationServiceRequest:company	17911.950000000001,13777.58 16194.99,12588.190000000001
edge:declared:db.ValuationServiceRequest:company_question_thread	18038.110000000001,13851.58 18872.959999999999,14276.16
edge:declared:db.VcIrRecommendationRequest:venture_capital	35899.32,9774.7099999999991 37828.940000000002,12270.07
edge:declared:db.VcIrRecommendationRequestResult:investor_relations	33972.989999999998,8788.4799999999996 30762.279999999999,7624.7600000000002
edge:declared:db.VcIrRecommendationRequestResult:request	34148.43,8862.4799999999996 35798.410000000003,9700.7099999999991
edge:declared:db.VcLpReport:venture_capital	37481.760000000002,13000.68 37803.459999999999,12666.309999999999
edge:declared:db.VcLpReportRequest:alimtalk_activity	38093.699999999997,13408.809999999999 36499.449999999997,14091.26
edge:declared:db.VcLpReportRequest:vc_lp_report	38097.919999999998,13326.809999999999 37533.589999999997,13074.68
edge:declared:db.VcLpReportRequestRecipient:alimtalk_activity_recipient	36163.279999999999,13981.379999999999 35464.220000000001,14338
edge:declared:db.VcLpReportRequestRecipient:fund_partner	36285.419999999998,13899.379999999999 36216.769999999997,13753.6
edge:declared:db.VcLpReportRequestRecipient:vc_lp_report_request	36376.68,13901.07 38065.25,13404.23
edge:declared:db.VcNameAlias:venture_capital	39052.639999999999,12133.110000000001 38171.459999999999,12415.4
edge:declared:db.VcSearchLog:company	29451.810000000001,6927.3699999999999 16194.99,12383.040000000001
edge:declared:db.VcSearchLog:investor_relations	29637.07,6927.3699999999999 30454.279999999999,7467.21
edge:declared:db.VcSearchLog:venture_capital	29652.669999999998,6927.3699999999999 37803.459999999999,12352.6
edge:declared:db.VcUserRole:venture_capital	35229.32,11053.5 37803.459999999999,12380.23
edge:declared:db.VentureBusinessCertification:attachment	18539.119999999999,15553.280000000001 20475.470000000001,18300.700000000001
edge:declared:db.VentureBusinessCertification:company	18464.759999999998,15497.610000000001 16194.99,12675.32
edge:declared:db.VentureBusinessCertificationExpirationNotificationLog:venture_business_certification	18349.59,15622.01 18361.009999999998,15579.610000000001
edge:declared:db.VentureCapitalEmailTemplates:venture_capital	38514.470000000001,12575.25 38171.459999999999,12510.059999999999
edge:declared:db.VentureCapitalPaymentLink:venture_capital	30349.389999999999,12812.629999999999 37803.459999999999,12483.74
edge:declared:db.VentureCapitalQuarterlyReport:content_template	29853.16,15917.18 30816.41,13891.35
edge:declared:db.VentureCapitalQuarterlyReport:venture_capital	29853.16,15931.74 37803.459999999999,12553.26
edge:declared:db.VentureCapitalQuarterlyReportContentTemplate:venture_capital	31026,13817.35 37803.459999999999,12511.280000000001
edge:declared:db.VentureCapitalQuarterlyReportItem:quarterly_report	29115.130000000001,16687.200000000001 29756.459999999999,16031.18
edge:declared:db.VentureCapitalQuarterlyReportItemReply:file_attachment	27888,16650.110000000001 20845.18,18399.869999999999
edge:declared:db.VentureCapitalQuarterlyReportItemReply:item	28234.529999999999,16627.259999999998 28916.049999999999,16709.110000000001
edge:declared:db.VentureCapitalQuarterlyReportItemReply:reply	27871.529999999999,16632.139999999999 24914.369999999999,17036.68
edge:declared:db.VentureCapitalQuarterlyReportReply:_deprecated_captable	24576.369999999999,17117.32 20845.18,18387.330000000002
edge:declared:db.VentureCapitalQuarterlyReportReply:company_create_request	24576.369999999999,17100.82 24126.540000000001,17210.02
edge:declared:db.VentureCapitalQuarterlyReportReply:portfolio_company	24878.150000000001,16994.799999999999 30652.599999999999,14168.129999999999
edge:declared:db.VentureCapitalQuarterlyReportReply:quarterly_report	24914.369999999999,17019.689999999999 29560.16,15917.18
edge:declared:db.VentureCapitalSubscription:subscription_plan	38869.269999999997,11082.9 39020.75,11275.17
edge:declared:db.VentureCapitalSubscription:venture_capital	38817.580000000002,11082.9 38108.919999999998,12270.07
edge:declared:db.VentureCapitalSubscriptionPlanPermission:subscription_plan	40480.260000000002,11253.1 39198.580000000002,11309.959999999999
edge:declared:db.VentureCapitalSubscriptionPlanPrice:subscription_plan	38919.080000000002,11937.790000000001 39045.330000000002,11357.17
edge:declared:db.VentureCapitalUserRelation:roles	34848.150000000001,10720.790000000001 35113.620000000003,10979.5
edge:declared:db.VentureCapitalUserRelation:venture_capital	34881.639999999999,10720.790000000001 37803.459999999999,12371.33
edge:declared:db.VentureComplex:address	24735.48,17942.59 24154.720000000001,18836.040000000001
edge:declared:db.VideoCollection:video_contents	18714.799999999999,9473.9899999999998 19377.950000000001,8859.3400000000001
edge:declared:db.VideoCollectionFeedback:company	18169.52,10315.200000000001 16194.99,12259.52
edge:declared:db.VideoCollectionFeedback:video_collection	18229.349999999999,10241.200000000001 18636.700000000001,9563.9899999999998
edge:declared:db.VideoCollectionPermission:company	18560.169999999998,9026.4599999999991 16166.41,12241.32
edge:declared:db.VideoCollectionPermission:video_collection	18591.34,9026.4599999999991 18659.41,9473.9899999999998
edge:declared:db.VideoContentHistory:company	18987.27,9745.0200000000004 16194.99,12283.42
edge:declared:db.VideoContentHistory:video_collection	18914.080000000002,9663.0200000000004 18743.68,9563.9899999999998
edge:declared:db.VideoContentHistory:video_content	19012.439999999999,9663.0200000000004 19403.869999999999,8859.3400000000001
edge:declared:db.VideoContentSpeecher:video_content	19005.59,8755.1900000000005 19299.43,8799.1700000000001
edge:declared:db.WhitepaperPreviewFile:whitepaper	287.52999999999997,6264.5200000000004 260.13999999999999,6422.1000000000004
edge:declared:db.WhitepaperWatermarkFile:whitepaper	1527.5899999999999,5916.5900000000001 348.54000000000002,6422.1000000000004
edge:declared:db.WhtBook:employee	9380.4200000000001,15342.799999999999 8613.3600000000006,15062.639999999999
edge:declared:db.WhtBook:wht_book_without_date	9368.3899999999994,15417.52 9169.8199999999997,15473.969999999999
edge:declared:db.WhtBookWithoutDate:employee	9008.25,15469.299999999999 8589.8799999999992,15111.73
edge:declared:db.WhtCertificate:employee	10706.09,15135.540000000001 8613.3600000000006,15018.540000000001
edge:declared:db.WhtReceipt:employee	10111.02,15163.99 8613.3600000000006,15023.83
edge:declared:db.YearEndTaxSettlement:payroll	7730.1800000000003,19746.25 4407.25,4626.25
edge:declared:db.YearEndTaxSettlementConfirmationSchedule:year_end_tax_settlement	6724.5299999999997,18126.23 7712.3400000000001,19746.25
edge:declared:db.YetsAssistance:employee	13887.52,30668.400000000001 6218.9899999999998,31104.119999999999
edge:declared:db.YetsAssistanceCreatorYetsEmployee:yets_employee	7392.5299999999997,30206.43 6167.1899999999996,31047.439999999999
edge:declared:db.YetsAssistanceMessage:assistance	15691.950000000001,30414.27 14135.52,30661.23
edge:declared:db.YetsAssistanceMessage:creator	15691.950000000001,30386.529999999999 12243.549999999999,30162.169999999998
edge:declared:db.YetsAssistanceMessageFile:message	23879.77,32921.629999999997 15939.950000000001,30433.459999999999
edge:declared:db.YetsAssistanceStaffAccessLog:assistance	13139.51,30807.720000000001 13887.52,30693.220000000001
edge:declared:db.YetsAssistanceStaffFavoriteRelation:assistance	14683.030000000001,30495.139999999999 14135.52,30640.509999999998
edge:declared:db.YetsEmail:year_end_tax_settlement	8893.5699999999997,19797.240000000002 7864.0299999999997,19791.889999999999
edge:declared:db.YetsEmailAuthentication:yets_employee	5006.6700000000001,31831.759999999998 5976.1800000000003,31177.439999999999
edge:declared:db.YetsEmployee:employee	6082.0699999999997,31047.439999999999 8431.0900000000001,15111.73
edge:declared:db.YetsEmployee:year_end_tax_settlement	6082.0600000000004,31047.439999999999 7733.4899999999998,19836.25
edge:declared:db.YetsEmployeeFile:employee	25363.349999999999,35207.739999999998 6218.9899999999998,31143.540000000001
edge:declared:db.YetsEmployeeResult:yets_employee	7684.1499999999996,27871.150000000001 6104.8100000000004,31047.439999999999
edge:declared:db.YetsEmployeeResultAssistanceMessageRelation:assistance_message	12847.98,30066.98 15691.950000000001,30380.91
edge:declared:db.YetsEmployeeResultAssistanceMessageRelation:result	12459.98,30028.02 7804.6400000000003,27871.150000000001
edge:declared:db.YetsEmployeeResultStatusLog:result	7523.1800000000003,27215.139999999999 7693.9300000000003,27781.150000000001
edge:declared:db.YetsEmployeeResultWhtReceipt:result	23103,31474.32 7831.5100000000002,27855.529999999999
edge:declared:db.YetsEmployeeSubmissionLog:yets_employee	5852.1499999999996,31489.049999999999 6034.46,31177.439999999999
edge:declared:db.YetsEmployeeUploadForm:yets_employee	8008.8500000000004,31655.509999999998 6218.9899999999998,31153.529999999999
edge:declared:db.YetsEmployeeUploadFormStatusLog:yets_employee_upload_form	7630.9300000000003,32411.18 8101.7600000000002,31723.509999999998
edge:declared:db.ZuzuTaxPhoneToken:phone	3805.79,12371.23 3490.79,12497.870000000001
edge:declared:document_ai.DocumentAiProcessResult:request	28629.130000000001,29825.200000000001 29388.189999999999,27399.09
edge:declared:fi_sta.FiStaCompanyCeo:fi_sta_company	35810.830000000002,30389.299999999999 34829.690000000002,32778.290000000001
edge:declared:fi_sta.FiStaCompanySearchResult:fi_sta_company	34824.589999999997,31544.68 34813.160000000003,32778.290000000001
edge:declared:fi_sta.FiStaContractDocument:participant	32418.009999999998,33325.879999999997 32982.860000000001,33696.860000000001
edge:declared:fi_sta.FiStaContractDocument:stock_transfer_agreement_document	32225.900000000001,33300.980000000003 29647.02,33719.629999999997
edge:declared:fi_sta.FiStaContractDocument:stock_transfer_notice_poa_document	32362.130000000001,33325.879999999997 32420.27,33524.339999999997
edge:declared:fi_sta.FiStaContractDocument:stock_unissued_confirmation_poa_document	32348.880000000001,33235.879999999997 32298.23,30329.41
edge:declared:fi_sta.FiStaManagement:fi_sta_company	37209.580000000002,35122.699999999997 34855.529999999999,32860.290000000001
edge:declared:fi_sta.FiStaParticipant:fi_sta_user	33181.290000000001,33783.900000000001 35433.889999999999,34472.080000000002
edge:declared:fi_sta.FiStaStockTransferAgreementDocument:starter	29647.02,33747.120000000003 32933.290000000001,33745.910000000003
edge:declared:fi_sta.FiStaStockTransferNoticePoaDocument:signer	32555.709999999999,33598.339999999997 32933.290000000001,33709.269999999997
edge:declared:fi_sta.FiStaStockUnissuedConfirmationPoaDocument:signer	32305.57,30329.41 33046.550000000003,33696.860000000001
edge:declared:fi_sta.FiStaTransferStock:stock_transfer_agreement_document	31767.529999999999,33970.830000000002 29647.02,33763.75
edge:declared:fi_sta.FiStaUser:fi_sta_management	35648.199999999997,34545.089999999997 37151.910000000003,35122.699999999997
edge:declared:vertex_ai.VertexAiPredictionResult:request	39782.809999999998,17472 39678.779999999999,17567.27
edge:inheritance:db.AgendaBonusIssueNewIssueBalanceCertificateFile->db.FileAttachment	19020.939999999999,19635.23 20465.18,18734.700000000001
edge:inheritance:db.AgendaBonusIssueNewIssueMinutesFile->db.FileAttachment	18734.77,20016.32 20571.099999999999,18734.700000000001
edge:inheritance:db.Announcement->db.QuestionThread	20898.75,12274.469999999999 20913.610000000001,12575.389999999999
edge:inheritance:db.AppointedDirectorCertificateOfSealDocument->db.MeetingDocument	16800.349999999999,29534.889999999999 14958.25,26303.700000000001
edge:inheritance:db.AppointedDirectorResidentRegistrationDocument->db.MeetingDocument	18740.529999999999,26468.549999999999 15024.08,26123.060000000001
edge:inheritance:db.ArticlesOfIncorporationAfterChangeDocument->db.MeetingDocument	21605.799999999999,27789.950000000001 15024.08,26150.869999999999
edge:inheritance:db.ArticlesOfIncorporationBeforeChangeDocument->db.MeetingDocument	17042.220000000001,26040.029999999999 15024.08,26100.200000000001
edge:inheritance:db.ArticlesOfIncorporationDocument->db.MeetingDocument	17780.25,27743.07 15024.08,26206.009999999998
edge:inheritance:db.AuditReportDocument->db.MeetingDocument	18978.709999999999,29137.59 15024.08,26237.220000000001
edge:inheritance:db.BalanceCertificateDocument->db.MeetingDocument	14271.23,22750.049999999999 14790.700000000001,25909.700000000001
edge:inheritance:db.BeforeunloadPdfEvent->db.PdfEvent	33336.57,11174.379999999999 34032.919999999998,11407.139999999999
edge:inheritance:db.BigNumberValueWithVisibility->db.ValueWithVisibility	38620.720000000001,4634.8999999999996 37214.160000000003,5895.8699999999999
edge:inheritance:db.BranchAbolitionEvent->db.Event	18576.970000000001,18173.389999999999 15718.719999999999,17004.459999999999
edge:inheritance:db.BranchChangeEvent->db.Event	19443.84,18499.459999999999 15718.719999999999,17004.459999999999
edge:inheritance:db.BranchInstallationEvent->db.Event	19179.009999999998,18298.119999999999 15718.719999999999,17004.459999999999
edge:inheritance:db.BulkEmailCommonAttachment->db.FileAttachment	16160.59,17901.59 20465.18,18495.25
edge:inheritance:db.BulkEmailRecipientAttachment->db.FileAttachment	17953.110000000001,18974.790000000001 20465.18,18673.900000000001
edge:inheritance:db.CapitalChangeEvent->db.Event	15240.379999999999,16037.48 15525.950000000001,16786.459999999999
edge:inheritance:db.CaptableAfterNewIssueDocument->db.MeetingDocument	17449.150000000001,29724.330000000002 14987.709999999999,26303.700000000001
edge:inheritance:db.CaptableAtRecordDateDocument->db.MeetingDocument	19430.900000000001,26275.580000000002 15024.08,26113.040000000001
edge:inheritance:db.CaptableBeforeNewIssueDocument->db.MeetingDocument	17644.830000000002,24348.310000000001 15024.08,25994.389999999999
edge:inheritance:db.CeoAddressChangeEvent->db.Event	15934.440000000001,16649.970000000001 15718.719999999999,16793.220000000001
edge:inheritance:db.CeoConfirmationDocument->db.MeetingDocument	18420.07,26139.310000000001 15024.08,26108.139999999999
edge:inheritance:db.CeoTypeChangedCeoResidentRegistrationDocument->db.MeetingDocument	13752.530000000001,24539 14706.969999999999,25909.700000000001
edge:inheritance:db.CertificateOfCorporateSealDocument->db.MeetingDocument	17181.68,25859.75 15024.08,26065.810000000001
edge:inheritance:db.CertificateOfSealNotarizationPoaDocument->db.MeetingDocument	14488.809999999999,27288.23 14786.219999999999,26303.700000000001
edge:inheritance:db.CmeBulkEmail->db.BulkEmail	17735.360000000001,16519.740000000002 13727.440000000001,17237.560000000001
edge:inheritance:db.CmeBulkEmailRecipient->db.BulkEmailRecipient	18322.16,16453.57 17392.34,19074.009999999998
edge:inheritance:db.CmeBulkEmailTemplate->db.BulkEmailTemplate	19955.900000000001,14963.17 19534.759999999998,15055.889999999999
edge:inheritance:db.CoCeoSystemChangeEvent->db.Event	16018.92,15872.48 15665.09,16786.459999999999
edge:inheritance:db.CompanyAddressChangeEvent->db.Event	19418.669999999998,18348.599999999999 15718.719999999999,17004.459999999999
edge:inheritance:db.CompanyBulkEmailTemplate->db.BulkEmailTemplate	18826.779999999999,13975.610000000001 19286.759999999998,14974.35
edge:inheritance:db.CompanyDocumentDelivery->db.DocumentDelivery	18526.48,12637.41 19896.459999999999,12481.4
edge:inheritance:db.CompanyEndorsementFeed->db.CompanyFeed	27606.369999999999,6409.1199999999999 28410.369999999999,5467.8900000000003
edge:inheritance:db.CompanyFeed->db.Feed	28467.860000000001,5467.8900000000003 29279.360000000001,7236.2600000000002
edge:inheritance:db.CompanyIrClosingFeed->db.CompanyFeed	29168.279999999999,6204.3599999999997 28494.220000000001,5467.8900000000003
edge:inheritance:db.CompanyIrNewCommitFeed->db.CompanyFeed	29754.93,6062.75 28552.810000000001,5467.8900000000003
edge:inheritance:db.CompanyIrOpenFeed->db.CompanyFeed	29865.810000000001,5524.8999999999996 28569.709999999999,5424.5
edge:inheritance:db.CompanyNewsFeed->db.CompanyFeed	19323.57,8228.5400000000009 28321.709999999999,5453.96
edge:inheritance:db.CompanyOwnerAuditLog->db.AuditLog	8874.6399999999994,7719.3800000000001 17152.689999999999,7215.5500000000002
edge:inheritance:db.CompanyPaymentLink->db.PaymentLink	23177.27,12199.309999999999 25988.310000000001,13236.809999999999
edge:inheritance:db.CompanyQuestionThread->db.QuestionThread	19156.959999999999,14215.67 20837.790000000001,12713.389999999999
edge:inheritance:db.CompanyTanTableView->db.TanTableView	10581.07,9967.5499999999993 11030.93,9842.7099999999991
edge:inheritance:db.ConsentFormModusignDocument->db.ModusignDocument	30555.66,27944.580000000002 23819.84,20716.860000000001
edge:inheritance:db.ConsentFormModusignEmbeddedDraft->db.ModusignEmbeddedDraft	27198.470000000001,35351.019999999997 22736.869999999999,21733.16
edge:inheritance:db.ConsentFormOptionItem->db.ConsentFormItem	23218.310000000001,24142.049999999999 23887.689999999999,26642.369999999999
edge:inheritance:db.CorporateRegistrationDocument->db.MeetingDocument	16718.549999999999,29019.240000000002 14972.549999999999,26303.700000000001
edge:inheritance:db.CustomOptionGrantContractTemplate->db.OptionGrantContractTemplate	20032.900000000001,15920.1 19623.02,16133.110000000001
edge:inheritance:db.CustomOptionGrantContractTemplateRevision->db.OptionGrantContractTemplateRevision	20539.459999999999,16763.07 20450.880000000001,16720.369999999999
edge:inheritance:db.DebtConfirmationAndOffsetContractDocument->db.MeetingDocument	17242.950000000001,25629.779999999999 15024.08,26063.700000000001
edge:inheritance:db.Director->db.Stakeholder	16500.259999999998,16513.950000000001 10128.959999999999,19222.080000000002
edge:inheritance:db.DirectorAppointmentEvent->db.Event	16118.639999999999,16201.01 15682.99,16786.459999999999
edge:inheritance:db.DirectorCompensationDecisionEvent->db.Event	16378.66,16889.25 15718.719999999999,16913.790000000001
edge:inheritance:db.DirectorCompensationLimitEvent->db.Event	16334.059999999999,16690.349999999999 15718.719999999999,16866.259999999998
edge:inheritance:db.DirectorDecisionDocument->db.MeetingDocument	19039.82,27021.73 15024.08,26145.419999999998
edge:inheritance:db.DirectorResidentRegistrationWithAddressChangeHistoryDocument->db.MeetingDocument	14135.219999999999,23545.360000000001 14790.23,25909.700000000001
edge:inheritance:db.DirectorTermEndEvent->db.Event	16140.790000000001,16405.669999999998 15718.719999999999,16786.459999999999
edge:inheritance:db.DirectorsMeetingMinutesDocument->db.MeetingDocument	15951.450000000001,24983.900000000001 15024.08,25936.049999999999
edge:inheritance:db.DirectorsMeetingNoticeDocument->db.MeetingDocument	16386.91,29196.66 14944.17,26303.700000000001
edge:inheritance:db.DirectorsMeetingNoticeEmail->db.BulkEmail	15857.9,19181.169999999998 13723.09,17325.950000000001
edge:inheritance:db.DirectorsMeetingNoticeEmailRecipient->db.BulkEmailRecipient	15906.969999999999,19538.98 17132.34,19188.009999999998
edge:inheritance:db.DirectorsMeetingSkipNoticeDocument->db.MeetingDocument	15781.309999999999,29498.59 14900.27,26303.700000000001
edge:inheritance:db.DocumentLoadedPdfEvent->db.PdfEvent	33909.089999999997,11255.639999999999 34102.860000000001,11407.139999999999
edge:inheritance:db.ESOPParticipant->db.Employee	9082.2000000000007,15871.48 8581.4599999999991,15111.73
edge:inheritance:db.ElectronicCertificateApplicationFormDocument->db.MeetingDocument	8154.6300000000001,25214.330000000002 14668.08,26083.41
edge:inheritance:db.ElectronicCertificateCaseReportDocument->db.MeetingDocument	8898.7700000000004,23496.720000000001 14668.08,26029.150000000001
edge:inheritance:db.Employee->db.Stakeholder	8565.4599999999991,15111.73 9883.0200000000004,19193.16
edge:inheritance:db.EmployeeOptionExerciseEvent->db.Event	15758.83,17217.830000000002 15634.709999999999,17004.459999999999
edge:inheritance:db.EmployeeOptionExerciseManagementEmail->db.BulkEmail	13168.02,14163.32 13566.139999999999,17187.950000000001
edge:inheritance:db.EmployeeOptionGrantee->db.Employee	8428.9599999999991,14282.540000000001 8531.3799999999992,14909.73
edge:inheritance:db.EmployeeStockGuideEmail->db.BulkEmail	11632.57,17167.709999999999 13467.440000000001,17325.950000000001
edge:inheritance:db.ExpertClientSignupChannel->db.SignupChannel	24183.279999999999,14972.9 25147.740000000002,14700.700000000001
edge:inheritance:db.FeeReceiptDocument->db.MeetingDocument	16439.419999999998,27652.849999999999 15024.08,26279.75
edge:inheritance:db.FileValueWithVisibility->db.ValueWithVisibility	38447.370000000003,5912.9200000000001 37291.199999999997,5930.75
edge:inheritance:db.FinancialStatementsDocument->db.MeetingDocument	19405.110000000001,27381.029999999999 15024.08,26156.310000000001
edge:inheritance:db.FinancialStatementsForNewIssueFromConversionDocument->db.MeetingDocument	15849.68,23494.549999999999 14920.059999999999,25909.700000000001
edge:inheritance:db.HrmAlpUsagePlan->db.HrmApprovable	5406.1800000000003,18220.740000000002 2943.29,17837.080000000002
edge:inheritance:db.HrmAnnualLeave->db.HrmLeaveBase	3824.7399999999998,21801.779999999999 3166.6399999999999,21066.970000000001
edge:inheritance:db.HrmAnnualLeaveFiscalBasedConfig->db.HrmAnnualLeaveConfigBase	4176.71,25083.450000000001 3903.1300000000001,22721.119999999999
edge:inheritance:db.HrmAnnualLeaveHireBasedConfig->db.HrmAnnualLeaveConfigBase	3768.7199999999998,24264.099999999999 3895.8699999999999,22721.119999999999
edge:inheritance:db.HrmAttendance->db.HrmApprovable	4022.5999999999999,17898.189999999999 2943.29,17831.700000000001
edge:inheritance:db.HrmAttendanceLocation->db.HrmApprovable	5187.29,17122.91 2943.29,17829.599999999999
edge:inheritance:db.HrmCertificateIssue->db.HrmApprovable	5580.79,16609.25 2943.29,17761.889999999999
edge:inheritance:db.HrmCompensatoryLeave->db.HrmLeaveBase	2001.45,20840.07 2965.2600000000002,20974.939999999999
edge:inheritance:db.HrmCustomLeave->db.HrmLeaveBase	2506.23,20846.130000000001 2965.2600000000002,20960.18
edge:inheritance:db.HrmDeptAbolishedEvent->db.HrmDeptStatusEventBase	75.849999999999994,22841.34 35.850000000000001,21733.75
edge:inheritance:db.HrmDeptCreatedEvent->db.HrmDeptStatusEventBase	-91.920000000000002,21033.439999999999 26.07,21651.75
edge:inheritance:db.HrmDeptNameChangedEvent->db.HrmDeptNameEventBase	-1057.4300000000001,20120.52 -1401.51,20361.029999999999
edge:inheritance:db.HrmDeptNameEventBase->db.HrmDeptEventBase	-1396.24,20435.029999999999 -1123.8499999999999,20604.77
edge:inheritance:db.HrmDeptParentChangedEvent->db.HrmDeptParentEventBase	-774.92999999999995,20289.240000000002 -281.61000000000001,20317.73
edge:inheritance:db.HrmDeptParentEventBase->db.HrmDeptEventBase	-268.75,20361.52 -960.16999999999996,20604.77
edge:inheritance:db.HrmDeptStatusEventBase->db.HrmDeptEventBase	-8.8200000000000003,21651.75 -1026.4200000000001,20678.77
edge:inheritance:db.HrmDocument->db.HrmApprovable	2205.3499999999999,15639.43 2695.29,17764.509999999998
edge:inheritance:db.HrmEmpAbsenceEvent->db.HrmEmpStatusEventBase	4849.1599999999999,15740.58 5266.96,15827.389999999999
edge:inheritance:db.HrmEmpAffiliationChangedEvent->db.HrmEmpAffiliationEventBase	3059.29,16751.939999999999 3488.7399999999998,17020.209999999999
edge:inheritance:db.HrmEmpAffiliationEventBase->db.HrmEmpEventBase	3674.9699999999998,17025.66 3909.8800000000001,16967.310000000001
edge:inheritance:db.HrmEmpContractModusignDocument->db.ModusignDocument	28445.990000000002,36427.059999999998 23819.84,20717.490000000002
edge:inheritance:db.HrmEmpDepartedEvent->db.HrmEmpStatusEventBase	5712.6899999999996,15857.49 5514.96,15854.83
edge:inheritance:db.HrmEmpEmploymentTypeChangedEvent->db.HrmEmpEmploymentTypeEventBase	4628.5600000000004,17132.919999999998 4567.3800000000001,17072.220000000001
edge:inheritance:db.HrmEmpEmploymentTypeEventBase->db.HrmEmpEventBase	4388.0900000000001,17005.310000000001 4134.4399999999996,16951.880000000001
edge:inheritance:db.HrmEmpJobChangedEvent->db.HrmEmpJobEventBase	3188.6900000000001,16034.860000000001 3361.9299999999998,16537.279999999999
edge:inheritance:db.HrmEmpJobEventBase->db.HrmEmpEventBase	3439.5799999999999,16611.279999999999 3934.1599999999999,16893.310000000001
edge:inheritance:db.HrmEmpJoinedEvent->db.HrmEmpStatusEventBase	5010.1300000000001,16444.529999999999 5356.8299999999999,15906.16
edge:inheritance:db.HrmEmpReturnToWorkEvent->db.HrmEmpStatusEventBase	5206.3299999999999,15744.01 5301.3100000000004,15800.16
edge:inheritance:db.HrmEmpStatusEventBase->db.HrmEmpEventBase	5319.1599999999999,15906.16 4063.5,16893.310000000001
edge:inheritance:db.HrmFamilyCareLeave->db.HrmLeaveBase	1999.1600000000001,20950.779999999999 2965.2600000000002,20988.639999999999
edge:inheritance:db.HrmFixedWork->db.HrmWorkBase	1889.25,18789.389999999999 1828.5899999999999,18964.75
edge:inheritance:db.HrmGrantableLeave->db.HrmLeaveBase	3515.0500000000002,20265.290000000001 3142.71,20920.970000000001
edge:inheritance:db.HrmInfertilityTreatmentLeave->db.HrmLeaveBase	3029.5,20430.57 3091.96,20920.970000000001
edge:inheritance:db.HrmLeaveUsage->db.HrmApprovable	6535.1099999999997,18361.900000000001 2943.29,17836.450000000001
edge:inheritance:db.HrmMaternityLeave->db.HrmLeaveBase	1992.6700000000001,21168.709999999999 2965.2600000000002,21015.41
edge:inheritance:db.HrmMenstrualLeave->db.HrmLeaveBase	2519.1500000000001,21386.25 2992.9299999999998,21066.970000000001
edge:inheritance:db.HrmMiscarriageLeave->db.HrmLeaveBase	1992.47,21278.799999999999 2965.2600000000002,21028.91
edge:inheritance:db.HrmPaternityLeave->db.HrmLeaveBase	2502.9899999999998,21259.16 2965.2600000000002,21054.25
edge:inheritance:db.HrmPersonalLocation->db.HrmApprovable	6306.3199999999997,16269.52 2943.29,17760.860000000001
edge:inheritance:db.HrmReserveTrainingLeave->db.HrmLeaveBase	2291.75,21717.689999999999 3019.6100000000001,21066.970000000001
edge:inheritance:db.HrmSelectiveWork->db.HrmWorkBase	2135.8099999999999,19509.150000000001 1852.3299999999999,19086.75
edge:inheritance:db.HrmSelectiveWorkPlan->db.HrmApprovable	3819.8499999999999,18044.200000000001 2943.29,17837.349999999999
edge:inheritance:db.HrmStaggeredWork->db.HrmWorkBase	783.26999999999998,19512 1679,19086.75
edge:inheritance:db.IBKSignupChannel->db.SignupChannel	25774.43,14565.530000000001 25395.740000000002,14642.32
edge:inheritance:db.IaCertificateOfInvestmentDocument->db.InvestmentAssociationDocument	36841.339999999997,18624.34 35880.190000000002,19324.77
edge:inheritance:db.IaConsentFormDocument->db.InvestmentAssociationDocument	36253.019999999997,18548.599999999999 35830.059999999998,19324.77
edge:inheritance:db.IaConsentFormOrMeetingElectronicSignatureRequestModusignDocument->db.ModusignDocument	27937.369999999999,21075.77 23819.84,20664.32
edge:inheritance:db.IaConsentFormOrMeetingElectronicSignatureRequestModusignEmbeddedDraft->db.ModusignEmbeddedDraft	26064.130000000001,21873.400000000001 22843.720000000001,21687.32
edge:inheritance:db.IaConsentFormOrMeetingElectronicSignatureRequiredDocument->db.InvestmentAssociationDocument	34000.970000000001,19888.639999999999 35654.849999999999,19426.080000000002
edge:inheritance:db.IaExpertPartnerBulkEmailTemplate->db.BulkEmailTemplate	21121.98,15258.27 19534.759999999998,15056.35
edge:inheritance:db.IaExplanationFormForElectronicSignatureDocument->db.InvestmentAssociationDocument	37648.080000000002,18632.290000000001 35940.849999999999,19326.700000000001
edge:inheritance:db.IaGpAppointmentEvent->db.InvestmentAssociationEvent	35508.639999999999,17906.91 33483.620000000003,17696.43
edge:inheritance:db.IaGpTerminationEvent->db.InvestmentAssociationEvent	35850.230000000003,18207.84 33483.620000000003,17709.240000000002
edge:inheritance:db.IaMeetingAgendaCustom->db.IaMeetingAgenda	35986.830000000002,20861.470000000001 35672.589999999997,20595.369999999999
edge:inheritance:db.IaMeetingMinutesDocument->db.InvestmentAssociationDocument	35208.139999999999,20012.939999999999 35740.160000000003,19446.77
edge:inheritance:db.IaMeetingNoticeDocument->db.InvestmentAssociationDocument	34928,19895.009999999998 35692.57,19446.77
edge:inheritance:db.IaMeetingSealedNoticeDocumentFile->db.FileAttachment	29345.119999999999,19635.860000000001 20845.18,18567.189999999999
edge:inheritance:db.IaMeetingShortenPeriodDocument->db.InvestmentAssociationDocument	36931.160000000003,20395.139999999999 35782.410000000003,19446.77
edge:inheritance:db.IaModusignDocumentUsageHistory->db.BaseModusignDocumentUsageHistory	27542.650000000001,14554.84 25566.34,13635.23
edge:inheritance:db.IaOwnerAuditLog->db.AuditLog	26833.349999999999,7848.8800000000001 17388.689999999999,7216.2700000000004
edge:inheritance:db.IaPartnerListDocument->db.InvestmentAssociationDocument	35681.300000000003,19130.119999999999 35768.75,19324.77
edge:inheritance:db.IaPaymentLink->db.PaymentLink	28481.34,14726.389999999999 26184.41,13326.809999999999
edge:inheritance:db.IaPfCompanyInvestmentSalesIntent->db.SalesIntent	33953.43,22472.369999999999 35556.529999999999,23097.040000000001
edge:inheritance:db.IaQuestionThread->db.QuestionThread	26616.07,13848.85 21044.990000000002,12671.85
edge:inheritance:db.IaRuleDocument->db.InvestmentAssociationDocument	32605.59,19191.09 35654.849999999999,19423.139999999999
edge:inheritance:db.IaSealStampImage->db.FileAttachment	22228.040000000001,18385.919999999998 20845.18,18494.720000000001
edge:inheritance:db.IaWrittenResolutionDocument->db.InvestmentAssociationDocument	36701.309999999998,20072.290000000001 35802.970000000001,19446.77
edge:inheritance:db.ImAcVcBroker->db.ImZuzuBroker	29384.18,12345.51 31917.23,12236.9
edge:inheritance:db.ImIndividualGpBroker->db.ImZuzuBroker	31692.849999999999,12372.75 31947.07,12268.809999999999
edge:inheritance:db.ImInvestorBroker->db.ImBroker	35098.709999999999,12321.83 33706.519999999997,12168.799999999999
edge:inheritance:db.ImIrPartnerBroker->db.ImBroker	31283.540000000001,12093.030000000001 33458.519999999997,12151.709999999999
edge:inheritance:db.ImPitchingDay->db.ImDay	32880.169999999998,10478.540000000001 34179.919999999998,11092.27
edge:inheritance:db.ImPitchingDayParticipation->db.ImDayParticipation	31036.560000000001,9860.7700000000004 32295.639999999999,10428.34
edge:inheritance:db.ImZuzuBroker->db.ImBroker	32153.23,12226.059999999999 33458.519999999997,12161.15
edge:inheritance:db.InauguralConsentDocument->db.MeetingDocument	13405.629999999999,23313.310000000001 14743.48,25909.700000000001
edge:inheritance:db.IncorporationRequestAssistanceReceipt->db.FileAttachment	22074.810000000001,17660.959999999999 20845.18,18367.5
edge:inheritance:db.IndividualStakeholder->db.Stakeholder	7720.2399999999998,21940.110000000001 9827.2700000000004,19507.16
edge:inheritance:db.IndividualStockOptionCancelEvent->db.IndividualInvestorEvent	38442.400000000001,28691.470000000001 37174.529999999999,28088.860000000001
edge:inheritance:db.IndividualStockOptionExerciseEvent->db.IndividualInvestorEvent	38913.220000000001,29765.75 37128.029999999999,28088.860000000001
edge:inheritance:db.IndividualStockOptionGrantEvent->db.IndividualInvestorEvent	37184.769999999997,26328.880000000001 37082.43,27998.860000000001
edge:inheritance:db.IndividualStockOptionPauseEvent->db.IndividualInvestorEvent	32768.290000000001,27318.439999999999 36955.93,28023.130000000001
edge:inheritance:db.IndividualStockOptionResumeEvent->db.IndividualInvestorEvent	33527.290000000001,29380.290000000001 36960.269999999997,28088.860000000001
edge:inheritance:db.IndividualStockOptionSalesIntent->db.SalesIntent	34049.309999999998,23137.619999999999 35513.900000000001,23134.18
edge:inheritance:db.InputSignupChannel->db.SignupChannel	25857.98,15009.370000000001 25342.040000000001,14708.469999999999
edge:inheritance:db.InstitutionStakeholder->db.Stakeholder	10083.030000000001,21154.07 9973.6499999999996,19507.16
edge:inheritance:db.InvestmentAssociationAssociationPartner->db.InvestmentAssociationOrganizationPartner	36420.800000000003,15910.51 38053.010000000002,16853.490000000002
edge:inheritance:db.InvestmentAssociationCorporationPartner->db.InvestmentAssociationOrganizationPartner	39141.830000000002,15986.459999999999 38191.290000000001,16853.490000000002
edge:inheritance:db.InvestmentAssociationIndividualPartner->db.InvestmentAssociationPartner	36625.269999999997,17147.220000000001 39497.330000000002,18241.150000000001
edge:inheritance:db.InvestmentAssociationOrganizationPartner->db.InvestmentAssociationPartner	38188.760000000002,16951.490000000002 39535.949999999997,18191.950000000001
edge:inheritance:db.InvestmentAssociationOrganizationPartnerCorporationSigner->db.InvestmentAssociationOrganizationPartnerSigner	38487.290000000001,14904.219999999999 38032.209999999999,15071.110000000001
edge:inheritance:db.InvestmentAssociationOrganizationPartnerIndividualSigner->db.InvestmentAssociationOrganizationPartnerSigner	37745.43,14969.66 37860.040000000001,15071.110000000001
edge:inheritance:db.InvestmentAssociationPartnerSalesIntent->db.SalesIntent	37063.800000000003,21894.459999999999 35674.709999999999,23097.040000000001
edge:inheritance:db.InvestmentContractHolder->db.Stakeholder	11535.610000000001,15707.84 10107.07,19193.16
edge:inheritance:db.InvestorRelations->db.InvestorMatching	30454.279999999999,7634.0500000000002 28249.23,10828.370000000001
edge:inheritance:db.IrClosingComplete->db.IrClosing	31950.98,5121.8500000000004 33036.010000000002,6645.8800000000001
edge:inheritance:db.IrClosingExpired->db.IrClosing	33074.839999999997,7201.6400000000003 33066.559999999998,6727.8800000000001
edge:inheritance:db.IrClosingIncomplete->db.IrClosing	34135.830000000002,6706.7399999999998 33189.610000000001,6689.1700000000001
edge:inheritance:db.IrConsultingRequest->db.ImConsultingRequest	27384.490000000002,9623.0699999999997 27042.619999999999,9539.0900000000001
edge:inheritance:db.IrFeed->db.Feed	30127.369999999999,7516.8199999999997 29414.34,7307.8400000000001
edge:inheritance:db.IrosOtpIssueMeetingDocument->db.MeetingDocument	9848.7900000000009,22811.880000000001 14668.08,25989.990000000002
edge:inheritance:db.LawtalkSignupAttachment->db.FileAttachment	18777.34,16288.450000000001 20465.18,18300.700000000001
edge:inheritance:db.LedgerByCustomerDocument->db.MeetingDocument	16189.040000000001,23727.220000000001 14946.92,25909.700000000001
edge:inheritance:db.LegalPartnerSignupChannel->db.SignupChannel	24301.450000000001,14449.85 25147.740000000002,14644.959999999999
edge:inheritance:db.ManualOptionVesting->db.OptionVesting	14362.719999999999,18383.310000000001 14390.870000000001,18268.790000000001
edge:inheritance:db.ManualProduct->db.Product	24493.740000000002,12100.99 24621.09,12159.42
edge:inheritance:db.MeetingAttachment->db.FileAttachment	18750.580000000002,17804.68 20465.18,18451.400000000001
edge:inheritance:db.Mna->db.InvestorMatching	27946.32,10740.889999999999 28109.950000000001,10837.52
edge:inheritance:db.MnaConsultingRequest->db.ImConsultingRequest	26784.360000000001,9679.3700000000008 26915.369999999999,9539.0900000000001
edge:inheritance:db.NcpSignupChannel->db.SignupChannel	26574.810000000001,14970.200000000001 25395.740000000002,14696.280000000001
edge:inheritance:db.NewCeoCertificateOfSealDocument->db.MeetingDocument	17116.240000000002,28591.369999999999 15024.08,26301.84
edge:inheritance:db.NewCeoResidentRegistrationDocument->db.MeetingDocument	17457.529999999999,29345.889999999999 15004.709999999999,26303.700000000001
edge:inheritance:db.NewIssueNoticeEmail->db.BulkEmail	12996.690000000001,20697.860000000001 13687.459999999999,17325.950000000001
edge:inheritance:db.NewIssueSkipNoticeDocument->db.MeetingDocument	15162.42,23129.049999999999 14867.17,25909.700000000001
edge:inheritance:db.NewIssueStockAcceptanceDocument->db.MeetingDocument	17797.330000000002,26080.650000000001 15024.08,26104.959999999999
edge:inheritance:db.NewIssueStockAllocationDocument->db.MeetingDocument	18495.740000000002,24307.23 15024.08,26017.77
edge:inheritance:db.NewIssueStockAllocationRecordDateNoticeDocument->db.MeetingDocument	21490.540000000001,24156.5 15024.08,26035.869999999999
edge:inheritance:db.NewIssueStockSubscriptionDocument->db.MeetingDocument	17667.82,25370.939999999999 15024.08,26053.18
edge:inheritance:db.NewIssueStockUnissuedConfirmationDocument->db.MeetingDocument	17777.18,25702.23 15024.08,26063.82
edge:inheritance:db.NonUnifiedShareManagementSalesIntent->db.SalesIntent	36034.919999999998,24512.41 35671.029999999999,23171.040000000001
edge:inheritance:db.NonUnifiedShareSucPoaModusignDocument->db.ModusignDocument	24861.259999999998,21020.580000000002 23819.84,20680.34
edge:inheritance:db.NotarizationPoaDocument->db.MeetingDocument	19947.880000000001,27088.130000000001 15024.08,26140.77
edge:inheritance:db.OptionExerciseClaimAttachment->db.FileAttachment	12557.07,17644.82 20465.18,18527.709999999999
edge:inheritance:db.OptionExerciseClaimMeetingDocument->db.MeetingDocument	13245.889999999999,22264.700000000001 14767.389999999999,25909.700000000001
edge:inheritance:db.OptionExerciseManagementEmail->db.BulkEmail	13804.07,16534.029999999999 13617.379999999999,17187.950000000001
edge:inheritance:db.OptionGrantContractCeo->db.OptionGrantContractStakeholder	19453.400000000001,15401.540000000001 19291.509999999998,15329.799999999999
edge:inheritance:db.OptionGrantContractFirstRefusalRightHolder->db.OptionGrantContractStakeholder	19420.84,15255.82 19309.91,15276.84
edge:inheritance:db.OptionGrantContractModusignDocument->db.ModusignDocument	21847.990000000002,20224.419999999998 23547.84,20618.59
edge:inheritance:db.OptionGrantContractModusignEmbeddedDraft->db.ModusignEmbeddedDraft	21808.959999999999,20569.459999999999 22676.259999999998,21627.16
edge:inheritance:db.OptionGrantEvent->db.Event	14947.73,18245.939999999999 15552.129999999999,17004.459999999999
edge:inheritance:db.OptionGrantee->db.Stakeholder	13869.68,19268.610000000001 10128.959999999999,19498.799999999999
edge:inheritance:db.OptionWithdrawEvent->db.Event	14695.299999999999,16238.93 15422.719999999999,16809.689999999999
edge:inheritance:db.OtherDocumentArchiveAttachment->db.FileAttachment	20193.34,17278.560000000001 20719.959999999999,18300.700000000001
edge:inheritance:db.PageNumberUpdatedPdfEvent->db.PdfEvent	34587.940000000002,11486.370000000001 34279.059999999998,11458.34
edge:inheritance:db.PayrollStatementEmail->db.BulkEmail	10486.889999999999,18035.68 13467.440000000001,17325.950000000001
edge:inheritance:db.PayrollStatementEmailRecipient->db.BulkEmailRecipient	9966.5200000000004,18390.950000000001 17132.34,19167.57
edge:inheritance:db.PerformanceRsuVestingItem->db.RsuVestingItem	14512.35,14883.389999999999 14373.16,14931.379999999999
edge:inheritance:db.PeriodPhantomStockVestingItem->db.PhantomStockVestingItem	8644.0900000000001,18325.939999999999 8420.9699999999993,18036.529999999999
edge:inheritance:db.PeriodRsuVestingItem->db.RsuVestingItem	14652.809999999999,14695.120000000001 14314.26,14929.139999999999
edge:inheritance:db.PeriodicOptionVesting->db.OptionVesting	14030.870000000001,18365.279999999999 14296.030000000001,18268.790000000001
edge:inheritance:db.PhantomStockCancelEvent->db.Event	14730,17121.049999999999 15422.719999999999,16934.82
edge:inheritance:db.PhantomStockExerciseEvent->db.Event	15387.799999999999,17283.669999999998 15523.59,17004.459999999999
edge:inheritance:db.PhantomStockGrantEvent->db.Event	14855.120000000001,16946.939999999999 15422.719999999999,16905.5
edge:inheritance:db.PhantomStockGrantee->db.Stakeholder	9269.6900000000005,18217.799999999999 9866.7399999999998,19193.16
edge:inheritance:db.PhantomStockPauseEvent->db.Event	15500.790000000001,16318.83 15557.49,16786.459999999999
edge:inheritance:db.PhantomStockResumeEvent->db.Event	15392.68,16504.32 15524.360000000001,16786.459999999999
edge:inheritance:db.PingpongDeliveryAddress->db.Address	23727.93,14396.07 24121.43,18836.040000000001
edge:inheritance:db.Playbook->db.MembershipContent	-1680.6099999999999,4476.4899999999998 -1479.0699999999999,4968.2700000000004
edge:inheritance:db.Post->db.MembershipContent	-1930.97,4983.0299999999997 -1584.2,5005.7700000000004
edge:inheritance:db.ProofOfEmploymentDocument->db.MeetingDocument	18671.16,28004.959999999999 15024.08,26194.98
edge:inheritance:db.QuarterlyReportRequestAttachment->db.FileAttachment	25156.060000000001,17422.48 20845.18,18408.990000000002
edge:inheritance:db.QuarterlyReportSignupChannel->db.SignupChannel	29083.84,14539.389999999999 25395.740000000002,14691.190000000001
edge:inheritance:db.QuestionMessageAttachment->db.FileAttachment	22209.880000000001,15377.67 20757.07,18300.700000000001
edge:inheritance:db.RegistrationAssistanceReceipt->db.FileAttachment	21389.509999999998,17853.720000000001 20796.299999999999,18300.700000000001
edge:inheritance:db.RegistrationFormAllInOneDocument->db.MeetingDocument	16205.879999999999,24336.900000000001 15024.08,25923.060000000001
edge:inheritance:db.RegistrationFormAoiChangeDocument->db.MeetingDocument	13598.620000000001,25744.66 14668.08,26056.349999999999
edge:inheritance:db.RegistrationFormBranchChangeDocument->db.MeetingDocument	19561,28273.720000000001 15024.08,26188.48
edge:inheritance:db.RegistrationFormCaptableDocument->db.MeetingDocument	17180.400000000001,25224.740000000002 15024.08,26027.919999999998
edge:inheritance:db.RegistrationFormCeoAddressChangeDocument->db.MeetingDocument	16265.559999999999,26010.799999999999 15024.08,26092.700000000001
edge:inheritance:db.RegistrationFormDirectorChangeDocument->db.MeetingDocument	17845.02,28000.959999999999 15024.08,26219.18
edge:inheritance:db.RegistrationFormHeadOfficeInsideRelocationDocument->db.MeetingDocument	19359.790000000001,24626.950000000001 15024.08,26030.5
edge:inheritance:db.RegistrationFormHeadOfficeOutsideRelocationDocument->db.MeetingDocument	20624.700000000001,24354.790000000001 15024.08,26034.029999999999
edge:inheritance:db.RegistrationFormNewIssueDocument->db.MeetingDocument	15329.58,23579.73 14882.780000000001,25909.700000000001
edge:inheritance:db.RegistrationFormNewOptionsRuleDocument->db.MeetingDocument	14732.65,27496.810000000001 14829.559999999999,26303.700000000001
edge:inheritance:db.RegistrationPoaDocument->db.MeetingDocument	16135.41,29645.98 14917.780000000001,26303.700000000001
edge:inheritance:db.RegularProduct->db.Product	24580.27,12325.219999999999 24666.849999999999,12233.42
edge:inheritance:db.ResignationLetterDocument->db.MeetingDocument	13342.190000000001,24424.380000000001 14668.75,25909.700000000001
edge:inheritance:db.ResignedDirectorCertificateOfSealDocument->db.MeetingDocument	14116.35,26243.529999999999 14668.08,26141.279999999999
edge:inheritance:db.RsaForfeitEvent->db.Event	15239.17,16872.43 15422.719999999999,16884.18
edge:inheritance:db.RsaVestConfirmEvent->db.Event	15925.950000000001,16945.290000000001 15718.719999999999,16914.619999999999
edge:inheritance:db.RsuCancelEvent->db.Event	15055.610000000001,16366.25 15497.620000000001,16786.459999999999
edge:inheritance:db.RsuExerciseClaimCandidateEmailRecipient->db.BulkEmailRecipient	12199.559999999999,16541.560000000001 17132.34,19074.740000000002
edge:inheritance:db.RsuExerciseEvent->db.Event	15141.65,16173.549999999999 15507.49,16786.459999999999
edge:inheritance:db.RsuExerciseManagementEmail->db.BulkEmail	12716.52,16668.709999999999 13467.440000000001,17188.57
edge:inheritance:db.RsuGrantContractModusignDocument->db.ModusignDocument	21713.5,19301.150000000001 23662.43,20555.490000000002
edge:inheritance:db.RsuGrantEvent->db.Event	15003.110000000001,16660.98 15422.719999999999,16833.650000000001
edge:inheritance:db.RsuGrantee->db.Stakeholder	11911.35,17172.490000000002 10128.959999999999,19193.16
edge:inheritance:db.RsuPauseEvent->db.Event	15108.73,17330.09 15470.719999999999,17004.459999999999
edge:inheritance:db.RsuPerformanceAchievementEvent->db.Event	15297.85,16688.16 15430.08,16786.459999999999
edge:inheritance:db.RsuResumeEvent->db.Event	15126.09,17204.490000000002 15422.719999999999,16997.279999999999
edge:inheritance:db.RtccEmail->db.BulkEmail	13849.16,17120.790000000001 13726.379999999999,17187.950000000001
edge:inheritance:db.RtccInvestorFile->db.FileAttachment	16374.950000000001,17396.790000000001 20465.18,18456.779999999999
edge:inheritance:db.SafeCreateEvent->db.Event	18787.830000000002,18140.43 15718.719999999999,17004.459999999999
edge:inheritance:db.SalesReportDocument->db.MeetingDocument	14065.9,27539.02 14738.83,26303.700000000001
edge:inheritance:db.SealStampCardContinuedUseApplicationFormDocument->db.MeetingDocument	9286.5799999999999,23295.360000000001 14668.08,26017.290000000001
edge:inheritance:db.SealStampDeclarationDocument->db.MeetingDocument	9591.8600000000006,23143.950000000001 14668.08,26006.939999999999
edge:inheritance:db.SealStampImage->db.FileAttachment	18952.599999999999,17089.169999999998 20465.18,18352.52
edge:inheritance:db.SealedOptionGrantContractDocument->db.MeetingDocument	20068.950000000001,26234 15024.08,26110.849999999999
edge:inheritance:db.SealedOptionGrantShareholdersMeetingResolutionDocument->db.MeetingDocument	13844.299999999999,26586.279999999999 14668.08,26192.650000000001
edge:inheritance:db.Shareholder->db.Stakeholder	10684.209999999999,22650.23 9997.5,19507.16
edge:inheritance:db.ShareholdersAgreementModusignDocument->db.ModusignDocument	22789.59,20617.16 23547.84,20633.490000000002
edge:inheritance:db.ShareholdersAgreementModusignEmbeddedDraft->db.ModusignEmbeddedDraft	22430.860000000001,21924.150000000001 22656.970000000001,21733.16
edge:inheritance:db.ShareholdersCertificateOfSealDocument->db.MeetingDocument	13600.98,27912.639999999999 14710.370000000001,26303.700000000001
edge:inheritance:db.ShareholdersMeetingAuditReportDocument->db.MeetingDocument	16881.130000000001,26808.73 15024.08,26168.16
edge:inheritance:db.ShareholdersMeetingConvocationNoticeEmail->db.BulkEmail	18068.060000000001,20669.75 13725.969999999999,17325.950000000001
edge:inheritance:db.ShareholdersMeetingConvocationNoticeEmailAttachment->db.FileAttachment	19910.970000000001,20354.970000000001 20710.529999999999,18734.700000000001
edge:inheritance:db.ShareholdersMeetingConvocationNoticeEmailRecipient->db.ShareholdersMeetingConvocationNoticeRecipient	24302.240000000002,23672.490000000002 19147.09,21096.73
edge:inheritance:db.ShareholdersMeetingConvocationNoticeWrittenRecipient->db.ShareholdersMeetingConvocationNoticeRecipient	18887.599999999999,21259.790000000001 18851.900000000001,21157.939999999999
edge:inheritance:db.ShareholdersMeetingMinutesDocument->db.MeetingDocument	14311.99,26507.57 14668.08,26240.990000000002
edge:inheritance:db.ShareholdersMeetingNoticeDocument->db.MeetingDocument	21087.91,27164.759999999998 15024.08,26136.689999999999
edge:inheritance:db.ShareholdersMeetingPowerOfAttorneyDocument->db.MeetingDocument	17438.09,24667.130000000001 15024.08,26007.380000000001
edge:inheritance:db.ShareholdersMeetingPowerOfAttorneyIndividualDocument->db.MeetingDocument	16602.459999999999,24675.950000000001 15024.08,25961.299999999999
edge:inheritance:db.ShareholdersMeetingShortenPeriodDocument->db.MeetingDocument	13126.309999999999,26274.68 14668.08,26124.700000000001
edge:inheritance:db.ShareholdersMeetingShortenPeriodIndividualDocument->db.MeetingDocument	16737.02,23585.220000000001 15020.540000000001,25909.700000000001
edge:inheritance:db.ShareholdersMeetingSkipNoticeDocument->db.MeetingDocument	15050.9,28128.93 14865.66,26303.700000000001
edge:inheritance:db.ShareholdersMeetingWrittenDecisionDocument->db.MeetingDocument	13392.879999999999,26613.549999999999 14668.08,26169.419999999998
edge:inheritance:db.ShareholdersMeetingWrittenDecisionIndividualDocument->db.MeetingDocument	16929.57,24441.290000000001 15024.08,25964.119999999999
edge:inheritance:db.ShareholdersWrittenResolutionDocument->db.MeetingDocument	20762.099999999999,28536.759999999998 15024.08,26179.73
edge:inheritance:db.StockTransferAgreementModusignDocument->db.ModusignDocument	20465.380000000001,20268.360000000001 23547.84,20631.91
edge:inheritance:db.StockTransferAgreementModusignEmbeddedDraft->db.ModusignEmbeddedDraft	19594.77,20070.110000000001 22616.52,21627.16
edge:inheritance:db.SubscriptionModusignDocumentUsageHistory->db.BaseModusignDocumentUsageHistory	24021.009999999998,12002.41 25255.34,13556.110000000001
edge:inheritance:db.TaxReceiptDocument->db.MeetingDocument	16265.870000000001,23882.669999999998 14968.24,25909.700000000001
edge:inheritance:db.Template->db.MembershipContent	-1813.24,5168.3299999999999 -1563.4100000000001,5058.2700000000004
edge:inheritance:db.TextValueWithVisibility->db.ValueWithVisibility	37954.760000000002,6070.2399999999998 37291.199999999997,5953.6300000000001
edge:inheritance:db.UserProfileImage->db.FileAttachment	22286.529999999999,18872.98 20845.18,18585.740000000002
edge:inheritance:db.VentureCapitalPaymentLink->db.PaymentLink	30109.389999999999,12831.450000000001 26232.16,13268.48
edge:inheritance:db.Webinar->db.MembershipContent	-2061.8000000000002,4731.6800000000003 -1556.1300000000001,4968.2700000000004
edge:inheritance:db.Whitepaper->db.MembershipContent	204.36000000000001,6422.1000000000004 -1406.8299999999999,5058.2700000000004
edge:inheritance:db.WrittenStatementDocument->db.MeetingDocument	14069.870000000001,26086.75 14668.08,26103.68
edge:inheritance:db.YetsAssistanceCreatorUser->db.YetsAssistanceCreator	11721.549999999999,30345.549999999999 12049.1,30191.889999999999
edge:inheritance:db.YetsAssistanceCreatorYetsEmployee->db.YetsAssistanceCreator	7669.5299999999997,30190.720000000001 12007.549999999999,30156
edge:inheritance:db.YetsAssistanceMessageFile->db.FileAttachment	23989.470000000001,32921.629999999997 20720.580000000002,18734.700000000001
edge:inheritance:db.YetsEmail->db.BulkEmail	9140.5699999999997,19763.759999999998 13491.940000000001,17325.950000000001
edge:inheritance:db.YetsEmployeeFile->db.FileAttachment	25472.709999999999,35197.809999999998 20737.549999999999,18734.700000000001
edge:inheritance:db.YetsEmployeeResultWhtReceipt->db.FileAttachment	23230.189999999999,31469.09 20713.459999999999,18734.700000000001
edge:inheritance:db.ZuzuOptionGrantContractTemplate->db.OptionGrantContractTemplate	19804.369999999999,16346.879999999999 19595.93,16239.110000000001
edge:inheritance:db.ZuzuOptionGrantContractTemplateRevision->db.OptionGrantContractTemplateRevision	20513.759999999998,16401.48 20383.189999999999,16630.369999999999
