edge:declared:db.AgendaBonusIssue:certificate_of_payment_for_the_share_file	18066.39,19809.96 20048.87,18602.68
edge:declared:db.AgendaBonusIssue:meeting_draft	17875.46,19955.96 17438.04,20405.34
edge:declared:db.AgendaBonusIssueNewIssueBalanceCertificateFile:agenda_bonus_issue	19539.99,19504.62 18082.52,19850.67
edge:declared:db.AgendaBonusIssueNewIssueMinutesFile:agenda_bonus_issue	19282.11,19323.65 18082.52,19815.32
edge:declared:db.AgendaBonusIssueSharesToIssue:agenda_bonus_issue	17227.73,18839.85 17896.22,19809.96
edge:declared:db.AgendaBonusIssueSharesToIssue:share_class	17163.29,18765.85 16639.17,18279.16
edge:declared:db.AgendaBorrowCapital:meeting_draft	17613.1,20665.93 17456.9,20608.83
edge:declared:db.AgendaBranchChange:address	18932.73,19854.43 22563.75,19036.44
edge:declared:db.AgendaBranchChange:installation_event	18809.96,19756.43 18861.64,18320.72
edge:declared:db.AgendaBranchChange:meeting_draft	18710.34,19854.43 17456.9,20470.65
edge:declared:db.AgendaCashDividends:meeting_draft	16867.63,20597.46 17136.9,20497.92
edge:declared:db.AgendaCeoAddressChange:meeting_draft	14663.9,21770.86 17136.9,20624.51
edge:declared:db.AgendaCeoAddressChangeItem:agenda_ceo_address_change	13849.26,21422.5 14498.98,21770.86
edge:declared:db.AgendaCeoAddressChangeItem:stakeholder	13760.62,21348.5 12769.99,19481.54
edge:declared:db.AgendaChangeOfAoiClassStock:aoi	19154.36,20335.09 19170.91,20491.81
edge:declared:db.AgendaChangeOfAoiCustom:aoi	19518.31,20322.27 19272.15,20491.81
edge:declared:db.AgendaChangeOfAoiCustom:changed_part	19592.94,20240.27 20158.93,18703.97
edge:declared:db.AgendaChangeOfAoiDirectorCompensationRule:aoi	19579.44,20663.76 19361.28,20605.67
edge:declared:db.AgendaChangeOfAoiNumberOfDirectors:aoi	19405.74,20887.58 19255.9,20621.81
edge:declared:db.AgendaChangeOfAoiThirdPartyAllocation:aoi	19141.76,20771.56 19166.19,20621.81
edge:declared:db.AgendaChangeOfArticlesOfIncorporation:_deprecated_changed_part	19265.16,20491.81 20057.31,18703.97
edge:declared:db.AgendaChangeOfArticlesOfIncorporation:meeting_draft	18994.28,20491.81 17456.9,20549.67
edge:declared:db.AgendaCoCeoSystemChange:meeting_draft	14666.51,22416.95 17136.9,20661.67
edge:declared:db.AgendaCompanyNameChange:meeting_draft	19012.38,22922.63 17401.75,20695.34
edge:declared:db.AgendaCustom:meeting_draft	14976.66,22416.95 17136.9,20676.32
edge:declared:db.AgendaDirectorChange:stakeholder	15081.56,22021.57 12826.09,19481.54
edge:declared:db.AgendaDirectorCompensationItem:director_compensation	15887.66,21773.17 16442.55,21589.51
edge:declared:db.AgendaDirectorCompensationItem:stakeholder	15774.52,21773.17 12852.68,19456.86
edge:declared:db.AgendaDirectorCompensationRule:meeting_draft	19365.38,22922.63 17423.33,20695.34
edge:declared:db.AgendaFinancialStatements:audit_report	18331.89,19833.96 20048.87,18621.18
edge:declared:db.AgendaFinancialStatements:meeting_draft	18191.62,19931.96 17456.9,20439.76
edge:declared:db.AgendaHeadOfficeRelocation:address	18783.12,21629.46 22563.75,19045.64
edge:declared:db.AgendaHeadOfficeRelocation:meeting_draft	18725.3,21629.46 17456.9,20678.85
edge:declared:db.AgendaHeadOfficeRelocationAoiChange:meeting_draft	19013.61,23038.63 17396.94,20695.34
edge:declared:db.AgendaMethodOfGivingPublicNoticeChange:daily_newspaper	17486.53,20033.64 17791.91,15778.13
edge:declared:db.AgendaMethodOfGivingPublicNoticeChange:meeting_draft	17467.5,20115.64 17353.8,20405.34
edge:declared:db.AgendaNewIssue:financial_statements	17179.96,22177.52 20057.19,18703.97
edge:declared:db.AgendaNewIssue:meeting_draft	16942.29,22177.52 17229.44,20695.34
edge:declared:db.AgendaNewIssueItem:new_issue	18962.72,25276.72 17109.8,22347.52
edge:declared:db.AgendaNewIssueItemFromConversion:new_issue_item	19374.74,25767.38 19060.48,25406.72
edge:declared:db.AgendaNewIssueItemFromPayment:new_issue_item	18935.07,25555.39 18982.92,25406.72
edge:declared:db.AgendaNewIssueItemInstitutionMember:institution	20753.81,25947.16 19681.33,24969.16
edge:declared:db.AgendaNewIssueItemInstitutionMemberCeo:member	19914.84,25567.31 20716.32,25947.16
edge:declared:db.AgendaNewIssueItemShareClass:item	19011.59,25105.88 19005.98,25276.72
edge:declared:db.AgendaNewIssueItemShareholder:item	19583.22,24969.16 19104.92,25276.72
edge:declared:db.AgendaNewIssueNewShareClass:new_issue	17326.92,22371.51 17192.03,22347.52
edge:declared:db.AgendaNewOptionsRule:meeting_draft	19366.86,23038.63 17417.52,20695.34
edge:declared:db.AgendaNewOrChangeRsuRule:meeting_draft	19014.77,23158.63 17392.4,20695.34
edge:declared:db.AgendaOptionCancel:meeting_draft	16270.24,20903.69 17136.9,20499.34
edge:declared:db.AgendaOptionCancelGrantee:option_cancel	15962.92,20920.49 16022.24,20923.06
edge:declared:db.AgendaOptionCancelGrantee:option_grantee	15829.07,20874.04 15513.84,19227.35
edge:declared:db.AgendaOptionCancelOption:_deprecated_grantee	15828.63,21016.56 15833.57,20956.04
edge:declared:db.AgendaOptionCancelOption:option_cancel	15920.42,21016.56 16022.24,20976.82
edge:declared:db.AgendaOptionCancelOptionDistribution:option	15943.61,21176.56 15831.61,21098.56
edge:declared:db.AgendaOptionExercise:meeting_draft	14671.14,21894.86 17136.9,20632.27
edge:declared:db.AgendaOptionExerciseClaim:option_exercise	14580.2,20857.07 14575.66,21894.86
edge:declared:db.AgendaOptionExerciseClaim:option_exercise_claim	14567.56,20775.07 13655.05,17857.6
edge:declared:db.AgendaOptionExerciseGrantee:option_exercise	15305.89,21532.75 14662.51,21894.86
edge:declared:db.AgendaOptionExerciseGrantee:option_grantee	15388.11,21442.75 15500.05,19227.35
edge:declared:db.AgendaOptionExerciseGranteeOption:grantee	15389.01,21631.81 15386.83,21532.75
edge:declared:db.AgendaOptionGrant:meeting_draft	16642.84,19682.56 17181.7,20405.34
edge:declared:db.AgendaOptionGrantGrantee:_deprecated_option_grant_event	15907.4,19117.04 16200.84,18599.5
edge:declared:db.AgendaOptionGrantGrantee:option_grant	15963.83,19215.04 16525.6,19592.56
edge:declared:db.AgendaOptionGrantGrantee:option_grantee	15755.62,19167.46 15632.93,19168.86
edge:declared:db.AgendaOptionGrantGrantee:stakeholder	15755.62,19172.2 12852.68,19316.3
edge:declared:db.AgendaPurposeChange:meeting_draft	19365.08,23154.63 17412.05,20695.34
edge:declared:db.AgendaPurposeChangeItem:agenda_purpose_change	18140.63,24477.88 19356.27,23236.63
edge:declared:db.AgendaRsuGrant:meeting_draft	14668.17,22540.95 17136.9,20669.18
edge:declared:db.AgendaRsuGrantGrantee:rsu	15760.03,15148.94 15897.39,15204.92
edge:declared:db.AgendaRsuGrantGrantee:rsu_grant	15653.66,15148.94 14613.92,22540.95
edge:declared:db.AgendaRsuGrantGrantee:stakeholder	15630.52,15148.94 12797.37,19167.54
edge:declared:db.AgendaSubsidiaryEstablishment:meeting_draft	14973.37,22544.95 17136.9,20684.82
edge:declared:db.AgendaTemplate:company	22556.19,8792.01 17154.62,12341.65
edge:declared:db.AiPayrollLedger:payroll	7845.43,5338.72 8764.81,4901.83
edge:declared:db.AlimtalkActivityRecipient:activity	30835.01,14331.59 31347.37,14144.82
edge:declared:db.AlimtalkActivityRecipientStatusHistory:recipient	30686.04,14462.19 30705.84,14413.59
edge:declared:db.AllocatedSeat:stakeholder	11581.87,14768.81 12606.49,19167.54
edge:declared:db.Announcement:company_set	20659.21,12187.49 17154.62,12452.16
edge:declared:db.Announcement:subscription_plan_set	20659.21,12152.3 20405.82,12099.5
edge:declared:db.AnnualSalary:employee	12585.21,14968.31 11784.96,15048.27
edge:declared:db.AnnualSalary:ledger	12821.21,14988.22 13485.23,15088.98
edge:declared:db.Article:third_party_provider	20155.53,19703.96 20125.13,19871
edge:declared:db.Article:thumbnail_image	20165.64,19621.96 20224.87,18703.97
edge:declared:db.ArticlePublishHistory:article	20250.42,19754.05 20202.35,19703.96
edge:declared:db.ArticlesOfIncorporation:_deprecated_daily_newspaper	17778.1,15419.01 17792.69,15696.13
edge:declared:db.ArticlesOfIncorporation:articles_of_incorporation_file	17820.04,15419.01 20067.79,18269.97
edge:declared:db.ArticlesOfIncorporation:company	17759.15,15305.01 17025.36,12683.51
edge:declared:db.ArticlesOfIncorporation:source_meeting	17777.9,15419.01 17878.47,17469.51
edge:declared:db.ArticlesOfIncorporationAnalyzationRequest:company	15042.02,7882 16873.62,12249.51
edge:declared:db.ArticlesOfIncorporationAnalyzationResult:request	13319.72,7969.18 14844,7858.28
edge:declared:db.AuditLog:actor_api_key	18040.69,7219.81 18161.25,7465.8
edge:declared:db.AvailableModusignRequest:company	21318.15,20580 17081.06,12683.51
edge:declared:db.AvailableModusignRequest:modusign_account	21361.98,20580 21405.8,20512.37
edge:declared:db.BalanceCertificateDocument:new_issue_agenda	18054.59,23792.73 17111.5,22347.52
edge:declared:db.BalanceCertificateDocument:option_exercise_agenda	18005.29,23792.73 14666.35,21992.86
edge:declared:db.BaseModusignDocumentUsageHistory:modusign_document	23368.35,14217.45 22503.48,20553.46
edge:declared:db.BaseModusignDocumentUsageHistory:purchase	23423.28,14135.45 22046.88,13807.77
edge:declared:db.BranchAbolitionEvent:installation_event	17459.91,17896.08 18738.87,18238.52
edge:declared:db.BranchChangeEvent:address	19081.23,18020.49 22563.75,18900.98
edge:declared:db.BranchChangeEvent:installation_event	18968.09,18030.67 18849.89,18222.72
edge:declared:db.BranchInstallationEvent:address	18986.87,18250.53 22563.75,18859.43
edge:declared:db.BulkEmail:sender_mail_integration	15262.91,17181.96 15262.91,16987.96
edge:declared:db.BulkEmail:template_revision	15392.91,17248.86 17688.37,16545.91
edge:declared:db.BulkEmailCommonAttachment:bulk_email	18997.06,17645.13 15392.91,17264.68
edge:declared:db.BulkEmailRecipient:bulk_email	18162.28,19324 15359.41,17319.96
edge:declared:db.BulkEmailRecipient:email_activity_recipient	18323.99,19438 23611.97,23056.19
edge:declared:db.BulkEmailRecipientAttachment:recipient	19054.11,18955.54 18350.8,19324
edge:declared:db.BulkEmailTemplateRevision:template	17928.37,16480.26 19184.15,15179.34
edge:declared:db.BusinessPlan:company	15345.23,11975.94 16774.62,12363.88
edge:declared:db.BusinessPlanAiAnalysis:business_plan_ai_review	14148.9,11163.46 15310.21,11753.84
edge:declared:db.BusinessPlanAiAnalysisItem:ai_analysis_feedback	12821.28,10544.38 12661.59,10396.29
edge:declared:db.BusinessPlanAiAnalysisItem:business_plan_ai_analysis	13054.86,10621.6 13980.35,11089.46
edge:declared:db.BusinessPlanAiAnalysisItemImprovement:ai_analysis_feedback	12566.77,10496.9 12553.55,10401.16
edge:declared:db.BusinessPlanAiAnalysisItemImprovement:business_plan_ai_analysis_item	12748.23,10528.78 12821.28,10584.57
edge:declared:db.BusinessPlanAiReview:business_plan	15415.11,11835.84 15446.34,11901.94
edge:declared:db.BusinessPlanAiReview:company	15520.4,11835.84 16774.62,12363.8
edge:declared:db.BusinessRegistrationCertificate:company	22885.37,8792.01 17154.62,12348.59
edge:declared:db.CaptableRequest:captable_file	18296.46,15415.32 20101.65,18269.97
edge:declared:db.CaptableRequest:company	18252.12,15333.32 17062.08,12683.51
edge:declared:db.CashIncentive:category	13371.48,13850.49 14679.4,13357.55
edge:declared:db.CashIncentive:employee	13218.05,13932.49 11784.96,14945.77
edge:declared:db.CashIncentiveCategory:company	14647.37,13283.55 16774.62,12515.88
edge:declared:db.CashIncentiveItem:cash_incentive	12988.05,13922.95 13152.21,13908.64
edge:declared:db.CashPayment:purchase	22137.82,14078.5 21974.48,13922.18
edge:declared:db.CeoAddressChangeEvent:director	16223.13,15868.57 17271.59,16394.7
edge:declared:db.Charge:credit	20207.54,13683.87 20372.39,13802.66
edge:declared:db.Charge:meeting	20043.93,13683.87 17975.48,17469.51
edge:declared:db.CmeBulkEmail:cme	18215.86,16505.41 19871.26,14548.89
edge:declared:db.CmeBulkEmailRecipient:_deprecated_cme_bulk_email	18658.08,16585.08 18306.86,16556.5
edge:declared:db.CmeBulkEmailRecipient:cme_company	18789.13,16554.17 19202.06,14150.99
edge:declared:db.CmeBulkEmailTemplate:cme	19883.73,15071.73 19919.74,14548.89
edge:declared:db.CmeCompany:company	19081.85,14036.99 17154.62,12581.23
edge:declared:db.CmeCompany:company_managing_entity	19283.2,14150.99 19809.16,14418.89
edge:declared:db.CmeCompany:contact_set	19298.2,14150.99 20246.23,14603.87
edge:declared:db.CmeCompanyContact:cme_company	19485.2,14171.07 19341.85,14112.35
edge:declared:db.CmeCompanyContactNotificationSettings:cme_company_contact	19573.2,14108.06 19603.2,14150.74
edge:declared:db.CmeCompanyDirectorTermManagement:cme_company	19443.8,13961.74 19341.85,14059.52
edge:declared:db.CmeCompanyNote:cme_company	19216.16,13898.34 19213.86,14036.99
edge:declared:db.CmeCompanyRegistration:cme_contact	20224.07,14735.89 20298.9,14693.87
edge:declared:db.CmeCompanyRegistration:company_managing_entity	20161.72,14735.89 19972.48,14548.89
edge:declared:db.CmeCompanyRegistrationFile:cme_company_registration	20310.09,14859.91 20230.7,14817.89
edge:declared:db.CmeContact:company_managing_entity	20227.58,14603.87 20053.58,14539.13
edge:declared:db.CmeMemberRelation:company_managing_entity	20237.9,14354.86 20052.07,14418.89
edge:declared:db.Company:sso_configuration	16774.62,12466.51 16632.62,12482.51
edge:declared:db.CompanyAddressChangeEvent:address	19077.23,18135.86 22563.75,18905.64
edge:declared:db.CompanyAppointedTransferAgentChange:company	23280.89,8792.01 17154.62,12355.98
edge:declared:db.CompanyAuthorizedSharesChange:company	23694.72,8792.01 17154.62,12362.77
edge:declared:db.CompanyBenefit:company	22554.37,8908.01 17154.62,12345.55
edge:declared:db.CompanyBulkEmailTemplate:company	18817.86,14449.17 17154.62,12638.13
edge:declared:db.CompanyCreateAssignmentReadiness:company	22883.45,8908.01 17154.62,12352.28
edge:declared:db.CompanyCreateProgress:company_create_request	22249.75,16731.64 22155.48,16726.66
edge:declared:db.CompanyCreateRequest:address	22155.48,16779.71 22678.51,18818.25
edge:declared:db.CompanyCreateRequest:articles_of_incorporation_attachment	21895.48,16784.79 20428.87,18270.01
edge:declared:db.CompanyCreateRequest:company	21925.01,16654.79 17154.62,12623.16
edge:declared:db.CompanyDepartment:department_code	12581.07,14084.79 12564.6,14002.25
edge:declared:db.CompanyDepartmentCode:organization_chart	12682.33,13910.23 14141.52,13446.85
edge:declared:db.CompanyDocumentAIAnalysis:company	18825.47,16329.27 17069.16,12683.51
edge:declared:db.CompanyDocumentAIAnalysis:file	18872.21,16411.27 20096,18269.97
edge:declared:db.CompanyDocumentDelivery:company	18329.24,12604.53 17154.62,12485.73
edge:declared:db.CompanyEndorsement:company	23118.19,6463.96 17154.62,12249.63
edge:declared:db.CompanyEndorsementFeed:company_endorsement	24659.67,5512.42 23056.6,6389.96
edge:declared:db.CompanyExpertClientRelation:company	20866.11,14475.7 17154.62,12553.56
edge:declared:db.CompanyExpertClientRelation:expert_client	20803.23,14549.7 20914.83,14633.45
edge:declared:db.CompanyFeed:company	26234.36,4458.76 17154.62,12249.71
edge:declared:db.CompanyFeedAccessLog:company_feeds	34766.82,3994.96 26430.85,4401.1
edge:declared:db.CompanyFeedAccessLog:venture_capital	34874.2,4027.53 32600.3,12250.52
edge:declared:db.CompanyFeedRating:company_feed	26848.36,3682.53 26352.37,4352.76
edge:declared:db.CompanyGuideState:company	23278.84,8908.01 17154.62,12359.43
edge:declared:db.CompanyInvestmentContractInfo:company	23692.54,8908.01 17154.62,12366.02
edge:declared:db.CompanyInvestorInterest:company	27193.22,8397.52 17154.62,12395.25
edge:declared:db.CompanyInvestorInterest:venture_capital	27337.83,8397.52 32357.46,12307.41
edge:declared:db.CompanyInvitation:invitee	22552.43,9024.01 17154.62,12349.46
edge:declared:db.CompanyIrClosingFeed:investor_relations	26391.75,6303.24 27217.35,7455.18
edge:declared:db.CompanyIrNewCommitFeed:investor_relations	26792.37,6162.31 27267.42,7455.18
edge:declared:db.CompanyIrOpenFeed:investor_relations	26915.21,5638.31 27290.68,7455.18
edge:declared:db.CompanyIrSetting:company	22881.4,9024.01 17154.62,12355.96
edge:declared:db.CompanyLegalPartnerRelation:company	21361.1,14388.89 17154.62,12520.52
edge:declared:db.CompanyLegalPartnerRelation:legal_partner	21496.05,14462.89 21590.88,14904.31
edge:declared:db.CompanyManagementAssignment:company	23276.65,9024.01 17154.62,12362.89
edge:declared:db.CompanyManagingEntity:expert_client	20053.58,14509.55 20805.71,14657.98
edge:declared:db.CompanyManagingEntity:expert_partner	20053.58,14525.74 21463.74,14979.73
edge:declared:db.CompanyManagingEntity:holding_company	19942.44,14418.89 19958.57,14376.87
edge:declared:db.CompanyMethodOfGivingPublicNoticeChange:company	17387.09,14639.17 16991.62,12683.51
edge:declared:db.CompanyMethodOfGivingPublicNoticeChange:daily_newspaper	17576.93,14639.17 17786.71,15696.13
edge:declared:db.CompanyMnaSetting:company	23690.2,9024.01 17154.62,12369.26
edge:declared:db.CompanyNameChange:company	22550.36,9140.01 17154.62,12353.36
edge:declared:db.CompanyNews:company	18474.93,8446.56 17046.15,12249.51
edge:declared:db.CompanyNewsFeed:company_news	18851.84,8616.21 18560.69,8446.56
edge:declared:db.CompanyNewsLink:company_news	18794.16,7767.92 18509.87,8364.56
edge:declared:db.CompanyNotificationSetting:company	16354.91,11659.47 16794.65,12249.51
edge:declared:db.CompanyNotificationTrigger:notification_setting	15963.84,11035.81 16312.74,11585.47
edge:declared:db.CompanyOptionRule:company	22879.2,9140.01 17154.62,12359.65
edge:declared:db.CompanyOverview:company	23274.31,9140.01 17154.62,12366.34
edge:declared:db.CompanyOwnerAddRequest:company	23687.71,9140.01 17154.62,12372.5
edge:declared:db.CompanyOwnerAuditLog:company	11747.09,8141.59 16774.62,12309.02
edge:declared:db.CompanyOwnerAuditLogOwnerRoleRelation:company_owner_audit_log	12422.44,9304.29 11722.32,8141.59
edge:declared:db.CompanyOwnerAuditLogOwnerRoleRelation:owner_role	12443.09,9378.29 12368.94,11062.83
edge:declared:db.CompanyOwnerNotificationTrigger:trigger	15875.88,11171.54 15946.45,11035.81
edge:declared:db.CompanyParValueChange:_deprecated_articles_of_incorporation	17642.87,15110.08 17745.18,15305.01
edge:declared:db.CompanyParValueChange:company	17614.1,15036.08 17019.47,12683.51
edge:declared:db.CompanyPaymentLink:company	21655.93,12198.11 17154.62,12455.25
edge:declared:db.CompanyPolicyFile:company	22548.14,9256.01 17154.62,12357.26
edge:declared:db.CompanyProfileAccessLog:company	27190.27,8513.52 17154.62,12397.32
edge:declared:db.CompanyProfileAccessLog:venture_capital	27341.34,8513.52 32357.46,12317.91
edge:declared:db.CompanyPromotionWinLog:company	15402.98,7886 16890.64,12249.51
edge:declared:db.CompanyPromotionWinLog:prize_type	15513,7873.86 16506.76,8105.14
edge:declared:db.CompanyPromotionWinLog:promotion	15434.42,7886 16231.28,8605.24
edge:declared:db.CompanyPurposeChange:company	17530.36,14128.2 17038.5,12683.51
edge:declared:db.CompanyPurposeChangeItem:company_purpose_change	17709.96,14399.58 17564.21,14202.2
edge:declared:db.CompanyPurposeChangeItem:industrial_code	17744.1,14473.58 17821.51,14707.14
edge:declared:db.CompanyQuestionThread:company	18986.79,14210.59 17154.62,12623.24
edge:declared:db.CompanyQuestionThread:expert_partner	19230.16,14340.55 21463.74,14984.88
edge:declared:db.CompanyRegistrationAssignment:company	22876.85,9256.01 17154.62,12363.34
edge:declared:db.CompanyRegistrationAssignmentLog:company	23271.8,9256.01 17154.62,12369.8
edge:declared:db.CompanyRsuRule:_deprecate_articles_of_incorporation	17655.89,15226.08 17725.11,15305.01
edge:declared:db.CompanyRsuRule:company	17614.49,15152.08 17017.13,12683.51
edge:declared:db.CompanySsoEmailDomain:configuration	15938.19,12490.24 16384.62,12484.19
edge:declared:db.CompanySsoIdentity:configuration	15926.77,12627.66 16384.62,12513.44
edge:declared:db.CompanyStockTransferRestrictedChange:company	23685.04,9256.01 17154.62,12375.74
edge:declared:db.CompanyStockValue:company	22545.76,9372.01 17154.62,12361.16
edge:declared:db.CompanyTag:company_set	22874.33,9372.01 17154.62,12367.02
edge:declared:db.CompanyTanTableView:company	15042.43,8002 16871.19,12249.51
edge:declared:db.CompanyTodo:company	23269.11,9372.01 17154.62,12373.25
edge:declared:db.CompanyUpdateRequest:change_detection	18101.23,13800.83 18408.44,14361.79
edge:declared:db.CompanyUpdateRequest:company	18185.27,13718.86 17154.62,12661.45
edge:declared:db.CompanyUpdateRequest:company_question_thread	18290.78,13800.86 18946.16,14210.77
edge:declared:db.CompanyUserRelation:company	11111.37,12370.11 16774.62,12422.39
edge:declared:db.CompanyUserRelation:stakeholder	11035,12450.54 12606.41,19167.54
edge:declared:db.CompanyUserRelationOwnerRoleRelation:company_user_relation	11684.31,11588.14 11053.89,12352.54
edge:declared:db.CompanyUserRelationOwnerRoleRelation:owner_role	11769.24,11514.14 12320.83,11160.83
edge:declared:db.ConsentForm:investor	24948.8,37386.97 13255.31,22796.06
edge:declared:db.ConsentForm:item	24978.23,37386.97 22866.7,26867.93
edge:declared:db.ConsentForm:uploaded_consent_form_file	24975.79,37386.97 20293.26,18703.97
edge:declared:db.ConsentFormModusignDocument:consent_form	23375.12,26498.54 24980.84,37386.97
edge:declared:db.ConsentFormModusignEmbeddedDraft:consent_form	21687.68,23088.5 24977.33,37386.97
edge:declared:db.CorporateRegistration:attachment	18980.78,15660.65 20102.69,18269.97
edge:declared:db.CorporateRegistration:company	18948.69,15562.65 17095.57,12683.51
edge:declared:db.CorporateRegistrationChangeConfirmation:change_detection	18650.81,14281.09 18547.69,14361.79
edge:declared:db.CorporateRegistrationChangeConfirmation:staff_review_required_question_thread	18880.72,14251.96 18946.16,14293.08
edge:declared:db.CorporateRegistrationChangeDetection:company	18303.84,14361.79 17095.69,12683.51
edge:declared:db.CorporateRegistrationChangeDetection:xml_file	18468.66,14459.79 20149.49,18269.97
edge:declared:db.CorporateRegistrationChangeDetectionParseResult:change_detection	18517.82,14165.07 18479.22,14361.79
edge:declared:db.CorporateRegistrationExtractionLog:corporate_registration_issue_log	20328.34,16046.65 20421.52,16004.63
edge:declared:db.CorporateRegistrationIssueCoupon:company	18605.82,13749.13 17154.62,12581.27
edge:declared:db.CorporateRegistrationIssueCouponIssueLog:coupon	18974.4,13755.64 18908.82,13781.56
edge:declared:db.CorporateRegistrationIssueCouponUseRequest:coupon	19226.48,14614 18780.67,13831.13
edge:declared:db.CorporateRegistrationIssueCouponUseResult:corporate_registration	19167.89,15593.55 19103.78,15599.72
edge:declared:db.CorporateRegistrationIssueCouponUseResult:log	19482.37,15616.02 20352.28,15908.41
edge:declared:db.CorporateRegistrationIssueCouponUseResult:request	19355.38,15534.02 19252.07,14688
edge:declared:db.CorporateRegistrationIssueLog:_deprecated_staff_review_required_question_thread	20450.95,15906.63 19164.15,14388.59
edge:declared:db.CorporateRegistrationIssueLog:pdf_file	20445.72,16004.63 20299.14,18269.97
edge:declared:db.CorporateRegistrationIssueMaintenance:third_party_api_notice	29446.82,15830.27 28922.56,15812.21
edge:declared:db.CorporateRegistrationIssueRequest:delivery	19213.66,12490.52 19321.93,12448.5
edge:declared:db.CorporateRegistrationPaidIssue:company	19254.31,15972.11 17106.35,12683.51
edge:declared:db.CorporateRegistrationPaidIssue:corporate_registration	19250.32,15972.11 19016.56,15660.65
edge:declared:db.CorporationPostRegistrationEmail:company	15090.47,7725.39 16878.84,12249.51
edge:declared:db.CorporationPostRegistrationScheduledEmail:corporation_post_registration_email	16227.37,7731.4 15221.34,7693.82
edge:declared:db.CorporationPostRegistrationScheduledEmailPeriodicTaskRelation:corporation_post_registration_scheduled_email	16133.66,7626.57 16318.33,7701.22
edge:declared:db.Credit:company	20291.86,13802.66 17154.62,12520.48
edge:declared:db.CreditCard:company	22822.84,13369.51 17154.62,12495.8
edge:declared:db.CreditCard:investment_association	23013.52,13437.62 27213.38,16524.28
edge:declared:db.CreditCard:legal_partner	22907.15,13437.62 21719,14904.31
edge:declared:db.CreditCard:venture_capital	23070.84,13376.57 32357.46,12473.41
edge:declared:db.CreditUse:credit	21150.48,13748.02 20539.86,13836.12
edge:declared:db.CreditUse:purchase	21386.48,13774.04 21750.88,13778.57
edge:declared:db.CsAgentResponse:inquiry_thread_message	23485.51,11400.28 22781.96,11511
edge:declared:db.CsAgentResponseFeedBack:cs_agent_response	23916.39,11295.51 23733.51,11415.83
edge:declared:db.DebtConfirmationAndOffsetContractDocument:new_issue_item	18259.1,25298.8 18873.84,25334.23
edge:declared:db.DepartmentStaffUserRelation:department	18333.43,31815.04 16423.26,32255.76
edge:declared:db.DirectorAppointmentEvent:director	16552.77,15872.57 17301.89,16389.95
edge:declared:db.DirectorCompensationDecisionEvent:director	16240.44,15988.57 17271.59,16407.67
edge:declared:db.DirectorCompensationLimitEvent:director	16559.55,15988.57 17277.09,16389.95
edge:declared:db.DirectorTermEndEvent:appointment_event	16208.17,16030.57 16434.64,15872.57
edge:declared:db.DirectorTermEndEvent:director	16273.4,16110.14 17271.59,16420.64
edge:declared:db.DirectorVote:agenda	16201.52,20677.06 16394.12,20917.8
edge:declared:db.DirectorVote:attended_director	16138.18,20603.06 16030.73,20485.18
edge:declared:db.DirectorVotingRightsPerAgenda:agenda	16215,20793.06 16360.24,20917.8
edge:declared:db.DirectorVotingRightsPerAgenda:director	16150.12,20719.06 16012.35,20485.18
edge:declared:db.DirectorsMeeting:chairperson	16324.81,20373.39 16143.77,20383.42
edge:declared:db.DirectorsMeeting:meeting	16468.53,20277.12 17791.52,17703.51
edge:declared:db.DirectorsMeeting:sealed_meeting_minutes_file	16584.81,20277.12 20048.87,18601.53
edge:declared:db.DirectorsMeetingAgenda:agenda_bonus_issue	16590.4,20917.8 17850.86,19955.96
edge:declared:db.DirectorsMeetingAgenda:agenda_branch_change	16610.53,20925.74 18714.2,19854.43
edge:declared:db.DirectorsMeetingAgenda:agenda_co_ceo_system_change	16345.67,21103.8 14661.76,22416.95
edge:declared:db.DirectorsMeetingAgenda:agenda_custom	16366.19,21103.8 14969.71,22416.95
edge:declared:db.DirectorsMeetingAgenda:agenda_director_change	16359.67,21103.8 15252.62,22074.57
edge:declared:db.DirectorsMeetingAgenda:agenda_director_compensation_decision	16481.18,21103.8 16517.59,21499.51
edge:declared:db.DirectorsMeetingAgenda:agenda_financial_statements	16610.53,20921.53 18184.58,19931.96
edge:declared:db.DirectorsMeetingAgenda:agenda_head_office_relocation	16610.53,21053.42 18576.9,21643.59
edge:declared:db.DirectorsMeetingAgenda:agenda_new_issue	16535.02,21103.8 16920.07,22177.52
edge:declared:db.DirectorsMeetingAgenda:agenda_option_cancel	16326.53,20974.51 16270.24,20960.12
edge:declared:db.DirectorsMeetingAgenda:agenda_rsu_grant	16355.72,21103.8 14662.18,22540.95
edge:declared:db.DirectorsMeetingAgenda:agenda_shareholders_meeting_convocation	16605.12,21103.8 16791.24,21230.53
edge:declared:db.DirectorsMeetingAgenda:agenda_subsidiary_establishment	16374.56,21103.8 14966.02,22544.95
edge:declared:db.DirectorsMeetingAgenda:meeting	16466.72,20917.8 16455.99,20399.12
edge:declared:db.DirectorsMeetingDirectorAttendance:stakeholder	15813.77,20372.87 12852.68,19380.19
edge:declared:db.DirectorsMeetingNoticeEmail:directors_meeting	16648.73,19201.35 16468.49,20277.12
edge:declared:db.DirectorsMeetingNoticeEmailRecipient:director	16860.93,19382 16026.83,20371.18
edge:declared:db.DirectorsMeetingNoticeEmailRecipient:email	16833.83,19300 16719.59,19201.35
edge:declared:db.DocumentDelivery:delivery	19674.77,12612.12 20084.75,12495
edge:declared:db.DocumentDeliveryQuestionThreadRelation:document_delivery	19874.13,12664.9 19674.77,12621.91
edge:declared:db.DocumentDeliveryQuestionThreadRelation:question_thread	20217.13,12640.4 20355.29,12649.22
edge:declared:db.DocumentParseResult:attachment	19938.45,16883.72 19919.83,17080.04
edge:declared:db.DormantUserEmail:user	5118.94,30184.37 3994.36,31157.77
edge:declared:db.DormantUserPhone:user	4524.61,29620.53 3962,31157.77
edge:declared:db.DormantUserReactivationToken:user	5253.18,30317.38 4007.75,31157.77
edge:declared:db.ESOP:company	12300.05,16460.8 16774.62,12640.45
edge:declared:db.ESOP:shareholder	12243.04,16574.8 13100.1,22666.06
edge:declared:db.ESOPParticipant:esop	12104.85,16040.01 12222.27,16460.8
edge:declared:db.EditableCompanyOwnerAuditLog:company	23682.17,9372.01 17154.62,12378.98
edge:declared:db.ElectronicCertificate:company	17728.63,16942.01 16991.54,12683.51
edge:declared:db.ElectronicCertificate:director	17666.85,16962.57 17461.8,16535.95
edge:declared:db.ElectronicCertificateApplicationFormDocument:stakeholder	19809.19,26797.57 12836.32,19481.54
edge:declared:db.ElectronicCertificateCaseReportDocument:stakeholder	18460.3,26913.57 12806.12,19481.54
edge:declared:db.ElectronicCertificateFileDownloadHistory:file_uploaded	18527.28,17242.74 18602.68,17200.06
edge:declared:db.ElectronicCertificateFileUploadRequest:electronic_certificate	18243.87,17030.56 17914.85,16998.93
edge:declared:db.ElectronicCertificateFileUploaded:file_upload_request	18524.27,17126.06 18447.87,17084.04
edge:declared:db.ElectronicCertificateReturnRequest:electronic_certificate	20506.97,18677.17 17913.09,17032.01
edge:declared:db.ElectronicCertificateReturnRequest:recipient_address	20812.97,18650.33 22563.75,18859.47
edge:declared:db.EmailActivityRecipient:email_activity	23683.52,23154.19 23850.59,25638.19
edge:declared:db.EmailActivityRecipientStatusHistory:recipient	24058.84,24590.59 23691.93,23154.19
edge:declared:db.EmailVerification:email	23516.23,4779 23091.35,4553.93
edge:declared:db.Employee:department_code_set	11726.35,14944.87 12517.87,14002.25
edge:declared:db.Employee:group_set	11784.96,14967.48 13749.18,13883.1
edge:declared:db.EmployeeDepartmentCodeRelation:department_code	12305.99,14013.61 12449.53,14002.25
edge:declared:db.EmployeeDepartmentCodeRelation:employee	12201.4,14087.61 11704.2,14944.87
edge:declared:db.EmployeeGroup:company	13900.64,13809.1 16774.62,12549.77
edge:declared:db.EmployeeNumber:company	13894.09,13925.1 16774.62,12556.77
edge:declared:db.EmployeeNumber:employee	13742,13999.1 11784.96,14975.06
edge:declared:db.EmployeeOption:company	13045.53,12792.48 16774.62,12479.05
edge:declared:db.EmployeeOption:grantee	12878.86,12853.87 12159.89,13807.67
edge:declared:db.EmployeeOptionExerciseCandidate:management	13556.52,13140.39 14995.47,13157.62
edge:declared:db.EmployeeOptionExerciseCandidate:option	13370.55,13093.62 12966.26,12853.87
edge:declared:db.EmployeeOptionExerciseCandidate:option_exercise_claim	13556.52,13127.51 14584.09,13050.36
edge:declared:db.EmployeeOptionExerciseCandidateFile:candidate	13395.19,12879.89 13406.92,13093.62
edge:declared:db.EmployeeOptionExerciseClaim:company	14850.09,13006.42 16774.62,12515.02
edge:declared:db.EmployeeOptionExerciseClaimOption:option	13760.37,12782.67 13045.53,12798.93
edge:declared:db.EmployeeOptionExerciseClaimOption:option_exercise_claim	14027.7,12817.28 14590.4,12999.38
edge:declared:db.EmployeeOptionExerciseManagement:company	15254.52,13118.44 16774.62,12538.94
edge:declared:db.EmployeeOptionExerciseManagementEmail:management	14861.33,15179.68 15298.47,13200.44
edge:declared:db.EmployeeOptionVesting:employee_option	12205.27,12991.89 12833.32,12853.87
edge:declared:db.EmployeeOptionVestingItem:option_vesting	12087.72,13212.55 12132.42,13065.89
edge:declared:db.EmployeeOptionVestingTraceable:option	12822.45,13149.49 12907.73,12853.87
edge:declared:db.EmployeeStock:participant	12167.31,15907.99 12114.52,15950.01
edge:declared:db.EmployeeStockGuide:esop	12523.63,16395.59 12370.81,16471.6
edge:declared:db.EmployeeStockGuideAudience:employee_stock_guide	12542.98,15918 12628.84,16313.59
edge:declared:db.EmployeeStockGuideAudience:participant	12410.32,15904.08 12214.21,15971.85
edge:declared:db.EmployeeStockGuideEmail:employee_stock_guide	14146.98,17112.63 12730.06,16395.59
edge:declared:db.EmployeeStockTag:category	12381.13,16042.02 12344.84,16084.04
edge:declared:db.EmployeeStockTag:employee_stock_set	12377,15960.02 12220.92,15907.99
edge:declared:db.EmployeeStockTag:esop	12538.26,16042.02 12265.99,16460.8
edge:declared:db.EmployeeStockTagCategory:esop	12304.78,16158.04 12256.47,16460.8
edge:declared:db.EmployeeStockWithdrawRequest:account	12981.8,16714.01 13587.88,16864.38
edge:declared:db.EmployeeStockWithdrawRequest:esop	12719.8,16646.35 12370.81,16552.69
edge:declared:db.EmploymentCertificateDocumentRequest:company	14733.74,13568.77 16774.62,12567.84
edge:declared:db.EmploymentCertificateDocumentRequest:history	14821.04,13642.77 12816.62,14598.4
edge:declared:db.EmploymentStatusHistory:connected_hrm_status_event	12604.66,14688.4 9513.9,15855.02
edge:declared:db.EmploymentStatusHistory:employee	12603.59,14686.41 11784.96,14996.61
edge:declared:db.EmploymentStatusHistory:related_events	12803.02,14688.4 16524.37,16802.46
edge:declared:db.Event:company	16672.65,16783.34 16945.9,12683.51
edge:declared:db.EventAttachment:company	17133.67,16867.39 16972.96,12683.51
edge:declared:db.EventAttachment:event	17017.09,16901.32 16820.37,16896.19
edge:declared:db.ExpertClientIncorporationSupport:contact_set	20654.57,14820 20417.91,14693.87
edge:declared:db.ExpertClientIncorporationSupport:expert_client	20777.01,14820 20875.32,14731.45
edge:declared:db.ExpertClientIncorporationSupport:incorporation_request	20745.66,14902 21080,15869.89
edge:declared:db.ExpertClientSignupChannel:expert_client	22648.51,14889.6 21053.71,14697.39
edge:declared:db.ExpertClientTaxServiceSettings:expert_client	20966.51,14960.31 20938.08,14731.45
edge:declared:db.ExpertClientTaxServiceSettings:legal_partner	21114.83,15004.36 21463.74,15021.67
edge:declared:db.ExpressDelivery1:order_status_history	5652.54,9973.42 5789.29,9989.4
edge:declared:db.ExpressDelivery1:seal_card_return_status_history	5523.19,9922.63 5500.96,9850.15
edge:declared:db.ExternalStockInfo:company	22543.19,9488.01 17154.62,12365.07
edge:declared:db.FABContent:thumbnail_image	21072.3,17944.57 20428.87,18270.05
edge:declared:db.FinancialAccount:institution	13713.3,16846.15 13718.69,16660.45
edge:declared:db.FinancialStatementsForNewIssueFromConversionDocument:new_issue	18482.45,23796.73 17135.06,22347.52
edge:declared:db.Fund:fund_partners	30252.95,13767.11 31215.19,13696.36
edge:declared:db.Fund:portfolio_company_set	30004.95,13801.17 27535.26,14280.22
edge:declared:db.Fund:venture_capital	30207.09,13731.22 32357.46,12561.48
edge:declared:db.FundPartner:venture_capital	31379.21,13646.25 32357.46,12644.02
edge:declared:db.FundingNewsDistributionServiceRequest:company	18677.93,15042.5 17095.65,12683.51
edge:declared:db.FundingNewsDistributionServiceRequest:company_question_thread	18781.19,15042.5 19054.28,14388.59
edge:declared:db.FundingNewsDistributionServiceRequest:logo	18765.38,15132.5 20102.73,18269.97
edge:declared:db.HelpTemplate:partners_to_share	11571.26,9154.21 21463.74,14939.25
edge:declared:db.Hrm:company	5517.4,16060.72 16774.62,12515.8
edge:declared:db.HrmAlpConfig:hrm	4141.43,15863.61 5197.4,16072.67
edge:declared:db.HrmAlpConfigIndivApprovalTemplateRel:alp_config	4327.95,15618.32 4075.5,15797.72
edge:declared:db.HrmAlpExcludedEmp:emp	9547.49,17976.8 9052.82,18071.71
edge:declared:db.HrmAlpLaborReceiptRefusal:emp	9197.19,18834.94 8955.77,18277.71
edge:declared:db.HrmAlpTarget:emp	9214.73,18516.08 9021.24,18277.71
edge:declared:db.HrmAlpUsageDesignation:target	9524.55,18615.32 9372.01,18583.19
edge:declared:db.HrmAlpUsageDesignationDate:leave_usage	10121.44,18447.38 10256.84,18436.76
edge:declared:db.HrmAlpUsageDesignationDate:usage_designation	9867.44,18444.42 9760.55,18652.17
edge:declared:db.HrmAlpUsagePlan:target	9330.43,18406.12 9270.39,18516.08
edge:declared:db.HrmAlpUsagePlanDate:usage_plan	9712.54,18219.06 9453.79,18324.12
edge:declared:db.HrmAnnualLeaveAdjustment:emp	9338.47,18077.26 9052.82,18094.39
edge:declared:db.HrmAnnualLeaveConfigBase:annual_leave	8320.97,22527.42 8333.24,21763.28
edge:declared:db.HrmApproval:approvable	7973.8,18065.33 7656.17,17883.37
edge:declared:db.HrmApproval:requestor	8176.35,18110.34 8708.82,18092.68
edge:declared:db.HrmApprovalLine:actual_approver	8283.17,18212.24 8708.82,18127.66
edge:declared:db.HrmApprovalLine:approval	8130.13,18197.35 8084.23,18155.33
edge:declared:db.HrmApprovalLine:approver	8078.77,18279.35 7664.64,18485.38
edge:declared:db.HrmApprovalReview:approval	7846.06,18271.91 7990.09,18155.33
edge:declared:db.HrmApprovalReview:approver	7762.77,18345.91 7606.69,18485.38
edge:declared:db.HrmApprovalTemplate:hrm	6608.59,17670.82 5470.85,16256.84
edge:declared:db.HrmApprovalTemplateLine:approver	7422.82,18392.46 7537.57,18485.38
edge:declared:db.HrmApprovalTemplateLine:template	7340.01,18318.46 6715.46,17752.82
edge:declared:db.HrmApprovalTemplateReview:approver	7169.76,18357.51 7472.85,18485.38
edge:declared:db.HrmApprovalTemplateReview:template	7074.21,18283.51 6679.5,17752.82
edge:declared:db.HrmApprover:dept	7436.7,18494.81 5785.78,18039.8
edge:declared:db.HrmApprover:emp	7684.7,18495.37 8708.82,18150.29
edge:declared:db.HrmAttendance:emp	8136.71,17841.74 8708.82,18043.93
edge:declared:db.HrmAttendanceItem:attendance	9242.11,17683.73 8144.69,17788.86
edge:declared:db.HrmAttendanceItem:emp	9320.14,17712.85 9052.82,17951.29
edge:declared:db.HrmAttendanceLocation:attendance_item	9390.47,17160.72 9368.06,17630.85
edge:declared:db.HrmAttendanceLocation:ongoing_attendance	9504.02,17160.72 9926.85,17340.6
edge:declared:db.HrmAttendanceLocation:personal_location	9436.04,17062.72 9897.26,16861.49
edge:declared:db.HrmAttendanceLocation:work_location	9351.09,17062.72 8161.1,15480.34
edge:declared:db.HrmCertificateConfig:hrm	4947.95,16176.11 5197.4,16117.64
edge:declared:db.HrmCertificateConfigIndividualApprovalTemplateRelation:certificate_config	4345.48,16614.59 4788.67,16217.39
edge:declared:db.HrmCertificateIssue:connected_status_event	9721.89,16251.63 9420.32,15953.4
edge:declared:db.HrmCertificateIssue:emp	9728.08,16333.63 8942.92,17931.71
edge:declared:db.HrmCommonLocation:work_location_config	9269.15,15571.06 9775.99,15609.97
edge:declared:db.HrmConciergeRequest:company	22871.61,9488.01 17154.62,12370.71
edge:declared:db.HrmDailyLeaveUsageItem:usage	9410.35,20641.31 10361.71,18483.57
edge:declared:db.HrmDept:hrm	5646.09,17933.13 5379.8,16256.84
edge:declared:db.HrmDeptName:dept	4722.96,19529.86 5616.48,18055.13
edge:declared:db.HrmDeptName:event	4688.95,19603.86 4567.62,20045.4
edge:declared:db.HrmDeptParent:dept	5321.28,19521.19 5641.61,18055.13
edge:declared:db.HrmDeptParent:event	5325.38,19603.19 5446.24,19966.9
edge:declared:db.HrmDeptReorg:hrm	4902.01,15381.55 5238.7,15974.84
edge:declared:db.HrmDeptStatus:dept	5741.22,19746.4 5658.91,18055.13
edge:declared:db.HrmDeptStatus:event	5739.37,19820.4 5586.78,21326.54
edge:declared:db.HrmDocument:emp	6197.46,16731.6 8708.82,18016.7
edge:declared:db.HrmDocument:form	6091,16633.6 5629.66,14521.66
edge:declared:db.HrmDocument:hrm	6037.35,16633.6 5517.4,16237.67
edge:declared:db.HrmDocumentDraft:emp	6149.47,13678.42 8785.58,17931.71
edge:declared:db.HrmDocumentDraft:form	6112.24,13678.42 5636.3,14423.66
edge:declared:db.HrmDocumentDraftFieldAttachment:field_value	6064.52,11388.31 5315.04,12889.69
edge:declared:db.HrmDocumentDraftFieldMultiSelectValue:field_value	5220.32,13146.94 5276.91,12979.69
edge:declared:db.HrmDocumentDraftFieldMultiSelectValue:selected_option	5174.16,13220.94 4954.4,13460.49
edge:declared:db.HrmDocumentDraftFieldValue:draft	5385.79,12979.69 6041.82,13596.42
edge:declared:db.HrmDocumentDraftFieldValue:field_definition	5212.62,12979.69 4043.63,13937.59
edge:declared:db.HrmDocumentFieldAttachment:field_value	5283.58,14216.55 5491.95,14216.53
edge:declared:db.HrmDocumentFieldMultiSelectValue:field_value	5452.59,13872.64 5551.59,14126.53
edge:declared:db.HrmDocumentFieldMultiSelectValue:selected_option	5373.06,13798.64 4980.37,13542.49
edge:declared:db.HrmDocumentFieldValue:document	5588.68,14216.53 6091.51,16633.6
edge:declared:db.HrmDocumentFieldValue:field_definition	5455.32,14141.16 4111.67,14018.84
edge:declared:db.HrmDocumentForm:hrm	5609.73,14521.66 5383.2,15974.84
edge:declared:db.HrmDocumentFormFieldDefinition:form	4032,14027.59 5544.55,14423.66
edge:declared:db.HrmDocumentFormFieldSelectOption:field_definition	4758.52,13531.68 4111.67,13954.49
edge:declared:db.HrmDocumentFormIndividualApprovalTemplateRelation:document_form	5232.24,14731.16 5494.96,14459.35
edge:declared:db.HrmEmp:connected_employee	9008.13,17931.71 11559.33,15146.87
edge:declared:db.HrmEmp:hrm	8708.82,17991.99 5517.4,16208.91
edge:declared:db.HrmEmpAffiliation:emp	7386.04,17782.19 8708.82,18067.6
edge:declared:db.HrmEmpAffiliation:event	7296.62,17714.43 7896.05,17003.78
edge:declared:db.HrmEmpAffiliationDept:affiliation	6925.74,17486.99 7210.68,17714.43
edge:declared:db.HrmEmpAffiliationDept:dept	6761.39,17479.15 5785.78,17962
edge:declared:db.HrmEmpContract:emp	8796.23,32075.24 8879.77,18277.71
edge:declared:db.HrmEmpContract:mgmt	8785.28,32075.24 6580.11,23324.26
edge:declared:db.HrmEmpContractCommonVar:hrm	5191.12,15381.55 5310.49,15974.84
edge:declared:db.HrmEmpContractMgmt:hrm	6562.48,23242.26 5381.24,16256.84
edge:declared:db.HrmEmpContractMgmt:template_revision	6517.72,23242.26 5042.32,22372
edge:declared:db.HrmEmpContractModusignDocument:hrm_emp_contract	25732.9,37860 8916.88,32157.24
edge:declared:db.HrmEmpContractTemplate:hrm	4209.21,19737.27 5312.7,16256.84
edge:declared:db.HrmEmpContractTemplateRevision:template	4977.91,22290 4208.95,19811.27
edge:declared:db.HrmEmpContractTemplateRevisionSigner:revision	4399.75,22823.82 4941.47,22372
edge:declared:db.HrmEmpEmploymentType:emp	8932.2,17626.56 8889.54,17931.71
edge:declared:db.HrmEmpEmploymentType:event	8942.7,17552.56 9018.67,17199.25
edge:declared:db.HrmEmpJob:emp	7442.3,16767.37 8708.82,17944.81
edge:declared:db.HrmEmpJob:event	7509.29,16683.74 7964.14,16571.36
edge:declared:db.HrmEmpJob:level	7261.29,16674.93 6768.62,16518.21
edge:declared:db.HrmEmpJob:position	7285.05,16661.37 7014.28,16518.21
edge:declared:db.HrmEmpJob:role	7261.29,16694.55 6770.3,16616.07
edge:declared:db.HrmEmpJob:title	7261.29,16681.43 7062.3,16628.56
edge:declared:db.HrmEmpJobLevel:hrm	6534.3,16447.92 5517.4,16160.99
edge:declared:db.HrmEmpJobPosition:hrm	6826.3,16454.04 5517.4,16152.68
edge:declared:db.HrmEmpJobRole:hrm	6552.77,16560.21 5517.4,16175.32
edge:declared:db.HrmEmpJobTitle:hrm	6826.3,16561.42 5517.4,16164.37
edge:declared:db.HrmEmpMov:hrm	4909.88,15497.55 5209.58,15974.84
edge:declared:db.HrmEmpReturnToWorkEvent:absence_event	9160.1,15723.91 9087.1,15716.16
edge:declared:db.HrmEmpSalaryAccount:emp	13031.28,16185.19 9052.82,18025.16
edge:declared:db.HrmEmpSalaryAccount:institution	13159.48,16185.19 13661.37,16570.45
edge:declared:db.HrmEmpStatus:emp	9728.64,16449.63 8947.84,17931.71
edge:declared:db.HrmEmpStatus:event	9728.96,16375.63 9413.48,15953.4
edge:declared:db.HrmEmpUserInvitation:emp	7328.33,17901.35 8708.82,18082.18
edge:declared:db.HrmEmpUserInvitation:hrm	7161.53,17844.11 5504.59,16256.84
edge:declared:db.HrmEmpUserInvitationInvitee:invitation	7410.51,18161.48 7234.92,17926.11
edge:declared:db.HrmEmpWorkAssignment:emp	7993.37,18818.64 8708.82,18191.25
edge:declared:db.HrmEmpWorkAssignment:work	7824.91,18892.64 7017.88,18905.85
edge:declared:db.HrmEmpWorkLocationAssignment:work_location	8466.89,16143.72 8090.38,15541.47
edge:declared:db.HrmEmpWorkLocationAssignment:work_location_config	8503.92,16217.72 8455.36,16627.44
edge:declared:db.HrmEmpWorkLocationConfig:emp	8461.84,16709.44 8835.47,17931.71
edge:declared:db.HrmEmpWorkLocationConfig:work_location_set	8437.35,16627.44 8054.38,15541.47
edge:declared:db.HrmFixedWorkSchedule:fixed_work	7004.76,18678.19 6951.42,18720.21
edge:declared:db.HrmGoogleCalendarIntegration:hrm	5194.23,15497.55 5298.97,15974.84
edge:declared:db.HrmLeaveBase:hrm	7852.7,20891.87 5431.07,16256.84
edge:declared:db.HrmLeaveCommonConfig:leave	7047.41,20948.43 7754.84,20962.22
edge:declared:db.HrmLeaveGrant:emp	8396.18,19187.45 8803.38,18277.71
edge:declared:db.HrmLeaveGrant:grantable_leave	8369.44,19261.45 8119.79,20169.05
edge:declared:db.HrmLeaveIndividualApprovalTemplateRelation:leave	7483.41,20952.09 7754.84,20960.6
edge:declared:db.HrmLeaveUsage:emp	10256.84,18398.79 9052.82,18141.47
edge:declared:db.HrmLeaveUsage:leave	10330.79,18483.57 7962.62,20891.87
edge:declared:db.HrmLeaveUsageAttachment:usage	10614.44,19332.28 10401.16,18483.57
edge:declared:db.HrmLeaveUsageItem:emp	9006.39,19058.94 8903.59,18277.71
edge:declared:db.HrmLeaveUsageItem:leave	8986.98,19140.94 7935.03,20891.87
edge:declared:db.HrmLeaveUsageItem:usage	9095.51,19058.94 10270.44,18483.57
edge:declared:db.HrmOngoingAttendance:emp	9955.32,17422.6 9052.82,17995.52
edge:declared:db.HrmOngoingAttendanceClockedSchedule:ongoing_attendance	10442.18,17144.97 10062.73,17340.6
edge:declared:db.HrmPersonalLocation:hrm_emp	9907.12,16861.49 8995.57,17931.71
edge:declared:db.HrmPersonalLocation:work_location_config	9931.64,16771.49 9901.24,15615.82
edge:declared:db.HrmRequestor:dept	6345.69,19145.04 5686.66,18055.13
edge:declared:db.HrmRequestor:emp	6442.69,19145.04 8708.82,18171.18
edge:declared:db.HrmSelectiveWorkPlan:emp	7747.72,17637.83 8708.82,18033.84
edge:declared:db.HrmSelectiveWorkPlanConfig:selective_work	6887.88,19518.18 6951.88,19236.18
edge:declared:db.HrmSelectiveWorkPlanItem:emp	7783.76,17512.96 8708.82,18011.93
edge:declared:db.HrmSelectiveWorkPlanItem:plan	7694.67,17512.96 7670.92,17555.83
edge:declared:db.HrmSelectiveWorkSchedule:selective_work	7209.88,19255.18 7075.88,19191.18
edge:declared:db.HrmSelectiveWorkSettlementConfig:selective_work	6502.15,19518.18 6885.88,19236.18
edge:declared:db.HrmSigner:hrm	4922.86,15613.55 5197.4,15999.93
edge:declared:db.HrmSlackChannelConfig:integration	4986.69,16450.02 4983.08,16648.71
edge:declared:db.HrmSlackIntegration:hrm	5006.76,16648.71 5264.62,16256.84
edge:declared:db.HrmStaffNote:hrm	5199.36,15613.55 5279.98,15974.84
edge:declared:db.HrmStaggeredWorkSchedule:staggered_work	6575.9,20425.06 6137.63,19581.01
edge:declared:db.HrmStandardWork:hrm	4906.72,16885.18 5274.8,16256.84
edge:declared:db.HrmStandardWorkSchedule:standard_work	4544.5,17649.62 4867.73,16959.18
edge:declared:db.HrmTag:hrm_set	4948.34,15729.55 5197.4,16036.32
edge:declared:db.HrmWorkAutoClockOutConfig:work	6516.95,18959.73 6757.88,18934.72
edge:declared:db.HrmWorkBase:emp_set	7010.46,18894.18 8708.82,18169.9
edge:declared:db.HrmWorkBase:hrm	6855,18894.18 5433.4,16256.84
edge:declared:db.HrmWorkIndividualApprovalTemplateRelation:work	7880.38,19481.45 7017.88,18916.03
edge:declared:db.HrmWorkLocation:hrm	7913.1,15443.47 5517.4,16076.44
edge:declared:db.HrmWorkLocationGpsConfig:work_location	9775.99,15594.66 8161.1,15468.94
edge:declared:db.HrmWorkOvertime:work	6534.2,18864.64 6769.61,18894.18
edge:declared:db.IBKSignupChannel:ibk_user_login_token	24052.24,14567.08 24030.86,14517.72
edge:declared:db.IBKUserLoginToken:ibk_user	24023.56,14443.72 24062.71,14401.7
edge:declared:db.IaAccountInfo:investment_association	29875.01,18264.68 27521.38,16770.38
edge:declared:db.IaCertificateOfInvestmentDocument:partner	31933.75,18534.07 33524.98,18284.36
edge:declared:db.IaCertificateOfInvestmentDocumentRecipient:certificate_of_investment_document_email	3845.59,20069.67 3826.2,20147.16
edge:declared:db.IaConfirmationRequest:investment_association	22003.5,18102.48 27213.38,16679.53
edge:declared:db.IaConfirmationRequest:partner_list_file	21657.24,18185.99 20428.87,18446.65
edge:declared:db.IaConsentForm:consent_form_or_meeting	31200.49,18625.48 29386.38,19225.35
edge:declared:db.IaConsentFormDocument:consent_form	32047.75,18568.25 31457.88,18578.4
edge:declared:db.IaConsentFormDocument:partner	32417.75,18521.29 33524.98,18291.42
edge:declared:db.IaConsentFormOrMeeting:investment_association	29293.3,19225.35 27521.34,16770.46
edge:declared:db.IaConsentFormOrMeetingDocumentGeneration:consent_form_or_meeting	29658.24,19221.23 29418.6,19253.55
edge:declared:db.IaConsentFormOrMeetingDocumentGenerationItem:document	30630.03,19194.59 30904.68,19294.71
edge:declared:db.IaConsentFormOrMeetingDocumentGenerationItem:generation	30334,19180.93 30001.24,19178.05
edge:declared:db.IaConsentFormOrMeetingElectronicSignatureRequest:document	29043.95,21068.92 29511.58,19995.96
edge:declared:db.IaConsentFormOrMeetingElectronicSignatureRequestModusignDocument:electronic_signature_request	25915.93,21129.89 28826.7,21103.26
edge:declared:db.IaConsentFormOrMeetingElectronicSignatureRequestModusignEmbeddedDraft:electronic_signature_request	26704.91,21384.33 28826.7,21144.32
edge:declared:db.IaConsentFormOrMeetingElectronicSignatureRequestStatusHistory:electronic_signature_request	28897.36,21472.29 28978.13,21174.92
edge:declared:db.IaConsentFormOrMeetingElectronicSignatureRequestUploadedModusignDocument:electronic_signature_request	26479.34,21187.34 28826.7,21111.02
edge:declared:db.IaConsentFormOrMeetingElectronicSignatureRequiredDocument:consent_form_or_meeting	29507.07,19889.96 29249.85,19331.35
edge:declared:db.IaConsentFormOrMeetingElectronicSignatureRequiredDocument:edited_file	29332.83,19930.88 20428.87,18467.86
edge:declared:db.IaConsentFormOrMeetingElectronicSignatureRequiredDocument:partner	29650.78,19889.96 33524.98,18331.81
edge:declared:db.IaConsentFormOrMeetingEsigRequiredDocumentPageRange:esig_required_document	30284.45,19427.67 29606.33,19889.96
edge:declared:db.IaConsentFormOrMeetingEsigRequiredDocumentPageRange:page_range_document	30535.15,19364.43 30904.68,19363.56
edge:declared:db.IaConsentFormOrMeetingGuideEmail:consent_form_or_meeting	29645.69,18923.28 29293.34,19225.35
edge:declared:db.IaConsentFormOrMeetingGuideEmailRecipient:consent_form_or_meeting_guide_email	29663.61,18710.1 29686.54,18849.28
edge:declared:db.IaDocumentArchive:investment_association	28892.61,15038.08 27521.38,16504.46
edge:declared:db.IaDocumentArchiveAttachment:ia_document_archive	28521.97,15099 28679.15,15038.08
edge:declared:db.IaExpertPartnerBulkEmailTemplate:legal_partner	20747.98,15337.1 21463.74,15083.81
edge:declared:db.IaFoundingProgressStatus:investment_association	28312.45,17589.15 27521.38,16770.46
edge:declared:db.IaGpAppointmentEvent:partner	31033.61,17898.96 33524.98,18250.54
edge:declared:db.IaGpTerminationEvent:appointment_event	31114.98,18154.32 30941.42,17930.56
edge:declared:db.IaGpTerminationEvent:partner	31270.78,18190.64 33524.98,18268.36
edge:declared:db.IaInvestmentCertificateRegistrationRequest:partner	33727.96,19785 33685.28,18375.44
edge:declared:db.IaLegalPartnerRelation:investment_association	24836.48,15391.57 27213.38,16504.54
edge:declared:db.IaLegalPartnerRelation:legal_partner	24600.48,15413.38 21771.74,15049.14
edge:declared:db.IaMeeting:consent_form_or_meeting	29941.57,20960.99 29248.64,19331.35
edge:declared:db.IaMeetingAgenda:meeting	30808.26,20566.87 30080.2,20960.99
edge:declared:db.IaMeetingAgendaVote:agenda	30681.11,22522.07 30879.6,20566.87
edge:declared:db.IaMeetingAgendaVote:electronic_signature	30624.13,22522.07 29092.68,21174.92
edge:declared:db.IaMeetingAgendaVote:partner	30705.39,22522.07 33605.74,18375.44
edge:declared:db.IaMeetingConvocationNoticeEmail:ia_meeting	30492.73,22199.22 29994.73,21082.99
edge:declared:db.IaMeetingConvocationNoticeRecipient:convocation_notice_email	30413.23,21282.65 30505.37,22199.22
edge:declared:db.IaMeetingMinutesDocument:meeting	30558.61,20062.33 30005.08,20960.99
edge:declared:db.IaMeetingNoticeDocument:meeting	30349.33,19946.31 29989.16,20960.99
edge:declared:db.IaMeetingSealedNoticeDocumentFile:ia_meeting	28366.7,19773.35 29889.31,20960.99
edge:declared:db.IaMeetingShortenPeriodDocument:meeting	31748.69,18720.43 30015.21,20960.99
edge:declared:db.IaMeetingShortenPeriodDocument:partner	31978.75,18638.56 33524.98,18294.85
edge:declared:db.IaModusignDocumentUsageHistory:investment_association	24680.41,14424.94 27213.38,16504.46
edge:declared:db.IaOperation:_deprecated_investment_association	30229.7,16455.13 27521.38,16504.54
edge:declared:db.IaOperation:ia_operation_management	30319.53,16455.13 30209.97,16599.06
edge:declared:db.IaOperationManagement:investment_association	30063.81,16599.06 27521.38,16504.58
edge:declared:db.IaOwner:investment_association	29981.05,17364.13 27521.38,16680.28
edge:declared:db.IaOwner:partner	30233.05,17429.73 33524.98,18228.35
edge:declared:db.IaOwnerAuditLog:investment_association	23051.29,4905.57 27318.45,16504.46
edge:declared:db.IaPartnerDataCollection:investment_association	24871.96,17696.28 27213.38,16770.42
edge:declared:db.IaPartnerDataCollectionItem:address	23610.82,17949.09 22832.59,18818.25
edge:declared:db.IaPartnerDataCollectionItem:ia_partner_data_collection	23785.49,17886.81 24623.96,17756.54
edge:declared:db.IaPartnerDataCollectionItemReply:address	23605.47,18073.09 22848.9,18818.25
edge:declared:db.IaPartnerDataCollectionItemReply:ia_partner_data_collection	23801.4,17991.09 24623.96,17770.53
edge:declared:db.IaPartnerDataCollectionItemReply:ia_partner_data_collection_item	23648.49,17991.09 23648.49,17949.09
edge:declared:db.IaPartnerInvestmentConfirmation:partner	30837.06,17130.86 33524.98,18208.98
edge:declared:db.IaPartnerInvestmentConfirmationEmailRecipient:ia_partner_investment_confirmation_email	14082.71,5684.64 14031.45,5727.04
edge:declared:db.IaPartnerWithdrawalEvent:partner	33681.98,18003.44 33681.98,18157.44
edge:declared:db.IaPaymentLink:investment_association	25426.05,13485.81 27290.23,16504.46
edge:declared:db.IaPfCompany:investment_association	27480.86,17196.17 27521.3,16770.46
edge:declared:db.IaPfCompanyInvestment:ia_pf_company	28214.89,20145.99 27716.86,17270.17
edge:declared:db.IaPfCompanyInvestmentSalesIntent:ia_pf_company_investment	29459.9,21674.01 28366.21,20211.39
edge:declared:db.IaPfCompanyInvestmentStock:ia_pf_company_investment	27979.69,20426.96 28230.24,20211.39
edge:declared:db.IaQuestionThread:investment_association	21923.86,11503.04 27226.37,16504.46
edge:declared:db.IaRule:address	24916.92,19184.02 22871.75,18866.74
edge:declared:db.IaRule:file	24916.92,19205.26 20428.87,18467.77
edge:declared:db.IaRule:investment_association	25162.23,19184.02 27213.38,16770.46
edge:declared:db.IaRuleCompensation:rule	25574.11,19421.71 25176.92,19290.75
edge:declared:db.IaRuleDocument:rule	28348.28,19319.6 25176.92,19247.9
edge:declared:db.IaRuleInvestment:rule	25762.48,18857.87 25162.27,19184.02
edge:declared:db.IaRuleMeeting:rule	24650.48,19576.9 24975.92,19306.02
edge:declared:db.IaRulePartner:rule	25215.93,19448.06 25095.59,19306.02
edge:declared:db.IaSealStamp:image_file	21714.74,18291.87 20428.87,18461.85
edge:declared:db.IaSealStamp:investment_association	21962.74,18238.74 27213.38,16683.09
edge:declared:db.IaSealStampImage:seal_stamp	21467.74,18260.82 21714.74,18270.58
edge:declared:db.IaUserInvitation:ia_owner	29821.8,16857.58 30085.45,17358.16
edge:declared:db.IaUserInvitation:investment_association	29676.2,16775.58 27521.38,16504.62
edge:declared:db.IaUserInvitationInvitee:_deprecated_individual_partner	31996.71,16682.8 31601.55,17050.57
edge:declared:db.IaUserInvitationInvitee:invitation	31925.36,16643.88 29924.2,16806.51
edge:declared:db.IaUserInvitationInvitee:legal_representative	32049.99,16682.8 32054.05,16996.6
edge:declared:db.IaUserInvitationInvitee:manager	32007.65,16682.8 31589,17174.57
edge:declared:db.IaUserInvitationInvitee:partner	32103.93,16682.8 33565.04,18157.44
edge:declared:db.IaWrittenResolutionDocument:meeting	32192.89,18720.43 30026.81,20960.99
edge:declared:db.IaWrittenResolutionDocument:partner	32383.01,18638.43 33524.98,18305.28
edge:declared:db.ImAccessLog:investor_matching	26994.67,11518.89 25881.4,11015.07
edge:declared:db.ImAccessLog:venture_capital	27194.43,11575.31 32357.46,12425.23
edge:declared:db.ImAttachment:investor_matching	28697.54,11200.09 25881.4,10977.18
edge:declared:db.ImAttachmentDownloadLog:attachment	30403.71,11798.71 28945.54,11250.54
edge:declared:db.ImAttachmentDownloadLog:venture_capital	30639.71,11857.31 32357.46,12404.82
edge:declared:db.ImAttachmentPdfEvent:attachment	30302.79,11681.54 28945.54,11242.61
edge:declared:db.ImAttachmentPdfEvent:pdf_event	30302.79,11661.69 29990.68,11484.51
edge:declared:db.ImAttachmentPdfEvent:venture_capital	30550.79,11740.91 32357.46,12396.35
edge:declared:db.ImBrokerAssignment:_deprecated_assigned_companies	26364,11703.07 17154.62,12451.08
edge:declared:db.ImBrokerAssignment:assigned_investors	26612,11708.62 32357.46,12432.34
edge:declared:db.ImBrokerAssignment:im_broker	26612,11719.86 28706.52,12173.5
edge:declared:db.ImBrokerAssignment:investor_matching	26438.58,11644 25833.2,11043.81
edge:declared:db.ImBrokerAssignmentInvitedUser:broker_assignment	28178.25,11845.1 26612,11704.16
edge:declared:db.ImBrokerAssignmentInvitedUser:venture_capital	28455.25,11877.16 32357.46,12429.48
edge:declared:db.ImConsultingRequest:company	24687.73,9357.14 17154.62,12390.02
edge:declared:db.ImConsultingRequest:investor_matching	24816.18,9357.14 25679.04,10857.81
edge:declared:db.ImContactRequest:investor_matching	27263.64,11514.89 25881.4,11003.36
edge:declared:db.ImContactRequest:venture_capital	27498.43,11577.48 32357.46,12423.48
edge:declared:db.ImContactRequestIntention:im_contact_request	27183.83,11377.17 27285.9,11514.89
edge:declared:db.ImDay:recipients	29464.6,10968.06 29321.8,10572.06
edge:declared:db.ImDay:venture_capitals	29591.46,11066.06 32357.46,12375.77
edge:declared:db.ImDayParticipation:im_day	29267.85,10811.86 29441.68,10968.06
edge:declared:db.ImDayParticipation:investor_matching	29107.13,10768.29 25881.4,10944.6
edge:declared:db.ImDayParticipation:venture_capital	29328.99,10811.86 32357.46,12363.38
edge:declared:db.ImDayParticipationAttachment:participation	28825.15,10282.21 29182.2,10713.86
edge:declared:db.ImDaySurvey:im_day	27708.84,10906.27 29354.4,11016.93
edge:declared:db.ImDaySurvey:investor_matching	27472.84,10894.99 25881.4,10964.26
edge:declared:db.ImDisclosing:investor_matching	26435.72,9787.51 25811.04,10857.81
edge:declared:db.ImInvestorBroker:venture_capital	30731.1,12324.11 32357.46,12456.04
edge:declared:db.ImInvestorMemo:investor_matching	27008.2,11638.89 25881.4,11027.82
edge:declared:db.ImInvestorMemo:venture_capital	27194.43,11692.72 32357.46,12429.27
edge:declared:db.ImIrPartnerBrokerOwnerRelation:im_ir_partner_broker	27485.43,12162.88 27631.2,12117.18
edge:declared:db.ImNote:investor_matching	26199.41,10418.95 25853.46,10857.81
edge:declared:db.ImTag:investor_matching_set	27290.44,10426.18 25881.4,10930.25
edge:declared:db.ImWatching:_deprecated_investor_matching	26452.89,11784 25819.04,11043.81
edge:declared:db.ImWatching:company	26364,11833.35 17154.62,12453.71
edge:declared:db.ImWatching:venture_capital	26612,11837.92 32357.46,12436.35
edge:declared:db.InauguralConsentDocument:director_change_agenda	13961.61,22441.75 15004.62,22120.46
edge:declared:db.IncorporationBenefitRequest:incorporation_request	21394.64,15935.32 21264.27,15953.85
edge:declared:db.IncorporationBenefitRequest:tax_partner	21522.29,15880.76 21603.73,15154.31
edge:declared:db.IncorporationRequest:address	21122.33,16079.89 22563.79,18818.25
edge:declared:db.IncorporationRequest:balance_certificate_account_file	20991.45,16079.89 20299.18,18269.97
edge:declared:db.IncorporationRequest:balance_certificate_account_holder	21186.01,16079.89 22047.85,17377.56
edge:declared:db.IncorporationRequest:company	20994.26,15869.89 17154.62,12623.2
edge:declared:db.IncorporationRequest:company_question_thread	20994.22,15869.89 19191.61,14388.59
edge:declared:db.IncorporationRequestAoiFile:incorporation_request	21334.45,15809.19 21249.87,15869.89
edge:declared:db.IncorporationRequestAssistance:incorporation_request	21377.64,16015.78 21264.27,15998.04
edge:declared:db.IncorporationRequestAssistance:legal_partner	21522.19,15996.76 21605.39,15154.31
edge:declared:db.IncorporationRequestAssistanceReceipt:incorporation_request_assistance	21206.11,17047.6 21505.47,16078.76
edge:declared:db.IncorporationRequestDirector:address	22092.85,17335.56 22668.29,18818.25
edge:declared:db.IncorporationRequestDirector:incorporation_request	22050.86,17261.56 21192.54,16079.89
edge:declared:db.IncorporationRequestPromoter:address	22099.44,17475.56 22662.37,18818.25
edge:declared:db.IncorporationRequestPromoterCustodian:address	22044.75,17817.49 22660.28,18818.25
edge:declared:db.IncorporationRequestPromoterCustodian:promoter	22016.72,17743.49 22092.33,17475.56
edge:declared:db.IncorporationRequestPromoterInstitutionCeo:promoter	22089.88,16545.31 22078.36,17377.56
edge:declared:db.IncorporationRequestPurpose:incorporation_request	20793.13,16070.03 20968.27,15991.2
edge:declared:db.IndividualInvestorCompanyCeo:company_info	25109.08,22006.65 24965.96,22176.54
edge:declared:db.IndividualInvestorCompanyInfo:address	24904.2,22176.54 22800.72,19068.25
edge:declared:db.IndividualInvestorCompanyInfo:company	24981.84,22258.54 28422.2,25055.96
edge:declared:db.IndividualInvestorCompanyName:non_unified_share_company	30256.29,25145.4 28632.14,25121.65
edge:declared:db.IndividualInvestorCompanyParValue:non_unified_share_company	27921.85,25158.4 28372.14,25125.97
edge:declared:db.IndividualInvestorCompanyShareClass:non_unified_share_company	28392.74,27213.61 28498.72,25185.96
edge:declared:db.IndividualInvestorCompanyShareStock:_deprecated_non_unified_stock_create_request	27987.29,25483.04 27807.08,28036.38
edge:declared:db.IndividualInvestorCompanyShareStock:_deprecated_stock_unissued_confirmation_file	27990.58,25483.04 27978.01,29156.25
edge:declared:db.IndividualInvestorCompanyShareStock:management_history	27959.58,25483.04 27174.01,26717.87
edge:declared:db.IndividualInvestorCompanyShareStock:non_unified_share_company	28070.79,25385.04 28395.97,25185.96
edge:declared:db.IndividualInvestorCompanyShareStock:share_class	28001.54,25483.04 28382.65,27213.61
edge:declared:db.IndividualInvestorEvent:company	31869.84,27948.39 28579.97,25185.96
edge:declared:db.IndividualInvestorStakeholder:address	24905.18,22300.54 22797.72,19068.25
edge:declared:db.IndividualInvestorStakeholder:company	24984.09,22382.54 28418.63,25055.96
edge:declared:db.IndividualInvestorUser:address	23829.64,20218.26 22822.16,19068.25
edge:declared:db.IndividualStockOption:company	27167.45,23233.43 28456.54,25055.96
edge:declared:db.IndividualStockOption:create_request	27257.47,23149.45 27819.5,23032.84
edge:declared:db.IndividualStockOption:grantee	27111.86,23119.43 26842.92,22137.34
edge:declared:db.IndividualStockOptionCreateRequestEtcFile:create_request	28663.78,22974.77 28133.5,22994.45
edge:declared:db.IndividualStockOptionGrantContract:individual_stock_option	26858.6,22886.43 27074.62,23119.43
edge:declared:db.IndividualStockOptionGrantee:stakeholder	26701.78,22116.96 25068.41,22324.16
edge:declared:db.IndividualStockOptionResumeEvent:pause_event	29336.19,29352.56 28775.31,27312.26
edge:declared:db.IndividualStockOptionSalesIntent:individual_stock_option	29511.75,23102.1 27257.47,23172.37
edge:declared:db.IndividualStockOptionVesting:individual_stock_option	27651.64,23542.36 27209.12,23233.43
edge:declared:db.IndividualStockOptionVestingItem:individual_stock_option_vesting	27781.35,23405.21 27720.94,23542.36
edge:declared:db.IndividualStockOptionVestingTraceable:individual_stock_option	27420.3,22840.59 27177.17,23119.43
edge:declared:db.InputSignupChannel:input_channel	24143.92,15114.74 24509.07,15270.73
edge:declared:db.InstitutionStakeholderManager:institution_stakeholder	12735.23,21567.98 12752.04,21198.17
edge:declared:db.InternetRegistryOfficeOtp:company	17606.68,16237.67 16991.5,12683.51
edge:declared:db.InternetRegistryOfficeOtp:director	17594.78,16319.67 17497.77,16389.95
edge:declared:db.InternetRegistryOfficeOtpReturnRequest:internet_registry_office_otp	21886.63,20036.24 17771.43,16237.67
edge:declared:db.InternetRegistryOfficeOtpReturnRequest:recipient_address	22019.61,19962.24 22563.75,19060.25
edge:declared:db.InvestmentAgreement:document	17001.47,17534.41 18583.94,15415.32
edge:declared:db.InvestmentAgreement:stakeholder	16883.36,17608.41 12852.68,19256.66
edge:declared:db.InvestmentAgreementDocument:company	18592.55,15317.32 17088.54,12683.51
edge:declared:db.InvestmentAgreementDocument:pdf_file	18645.94,15415.32 20126.34,18269.97
edge:declared:db.InvestmentAssociation:venture_capital	27521.38,16504.5 32357.46,12573.25
edge:declared:db.InvestmentAssociationDocument:investment_association	31051.73,19283.62 27521.38,16770.42
edge:declared:db.InvestmentAssociationEvent:investment_association	29428.48,17616.12 27521.38,16770.34
edge:declared:db.InvestmentAssociationIndividualPartnerLegalRepresentative:ward	31856.52,17056.69 31731.5,17071.28
edge:declared:db.InvestmentAssociationOrganizationPartnerCeo:organization_partner	33345.39,16772.03 32778.71,16174.74
edge:declared:db.InvestmentAssociationOrganizationPartnerCorporationSignerCeo:corporation	33187.27,14974.87 33120.14,14920.73
edge:declared:db.InvestmentAssociationOrganizationPartnerManager:organization_partner	30597.68,15493.46 32566.8,16076.74
edge:declared:db.InvestmentAssociationOrganizationPartnerSigner:_deprecated_manager	32381.09,15142.34 30670.77,15423.87
edge:declared:db.InvestmentAssociationOrganizationPartnerSigner:organization_partner	32585.87,15154.75 32724.83,16076.74
edge:declared:db.InvestmentAssociationPartner:address	33524.98,18291.79 22871.75,18866.7
edge:declared:db.InvestmentAssociationPartner:investment_association	33524.98,18220.51 27521.38,16504.7
edge:declared:db.InvestmentAssociationPartnerManager:partner	31632.02,17248.57 33524.98,18188.48
edge:declared:db.InvestmentAssociationPartnerResume:partner	34752.55,16751.8 33765.38,18157.44
edge:declared:db.InvestmentAssociationPartnerResume:signer	34728.63,16669.8 32641.09,15154.75
edge:declared:db.InvestmentAssociationPartnerResumeItem:resume	34894.64,16384.37 34798.88,16669.8
edge:declared:db.InvestmentAssociationPartnerSalesIntent:partner	31946.11,21784.4 33628.2,18375.44
edge:declared:db.InvestmentAssociationShare:investment_association	29992.08,17482.16 27521.38,16687.03
edge:declared:db.InvestmentAssociationShare:partner	30227.05,17544.24 33524.98,18233.62
edge:declared:db.InvestmentRound:company	16951.11,10362.09 16963.23,12249.51
edge:declared:db.InvestmentRoundNewIssueEvent:investment_round	17125.52,10008.45 16973.76,10280.09
edge:declared:db.InvestmentRoundNewIssueEvent:new_issue_event	17159,9934.45 17178.95,9876.83
edge:declared:db.InvestmentSimulation:company	16717.26,6911.93 16954.96,12249.51
edge:declared:db.InvestmentSimulationInitialOption:option_grantee	13678.32,6684.49 13998.29,6777.98
edge:declared:db.InvestmentSimulationInitialOptionGrantee:simulation	14303.92,6818.57 16591.26,6864.44
edge:declared:db.InvestmentSimulationInitialShareholder:simulation	12759.37,6016.47 16591.26,6840.27
edge:declared:db.InvestmentSimulationInitialStock:shareholder	11230.57,4013.06 12565.78,5943.35
edge:declared:db.InvestmentSimulationInvestor:simulation_round	18462.65,3990.83 15719.43,6339.4
edge:declared:db.InvestmentSimulationNewIssueInvestment:investor	18148.56,5392.95 18500.26,3990.83
edge:declared:db.InvestmentSimulationPurchaseInvestment:investor	20670.15,5638.31 18562.98,3990.83
edge:declared:db.InvestmentSimulationPurchaseSellStock:seller	20970.64,5233.09 20738.65,5638.31
edge:declared:db.InvestmentSimulationRound:simulation	15754.58,6413.4 16619.94,6821.93
edge:declared:db.InvestorInterest:venture_capital	33649.42,13520.21 32707.9,12660.52
edge:declared:db.InvestorMatching:_deprecated_excluded_companies	25597.4,10978.2 17154.62,12430.09
edge:declared:db.InvestorMatching:excluded_investors	25881.4,10982.22 32357.46,12414.81
edge:declared:db.InvestorRelations:previous_investors	27463.06,7713.18 32357.46,12290.81
edge:declared:db.InvestorRelationsSurvey:_deprecated_preferred_investors	30277.7,10007.18 32357.46,12256.52
edge:declared:db.InvestorRelationsSurvey:investor_relations	30198.14,9933.18 27472.95,7709.82
edge:declared:db.InvitationSeat:allocated_seat	11634.08,13577.94 11569.8,14694.81
edge:declared:db.InvitationSeat:invitation_seat_request	11753.92,13503.94 12765.99,11325.38
edge:declared:db.InvitationSeatRequest:company	12765.99,11243.38 16774.62,12409.33
edge:declared:db.IrAiAnalysis:investor_relations	27839.35,7156.64 27472.95,7488.33
edge:declared:db.IrAiAnalysisLike:ai_analysis	28242.03,6723.17 27930.82,7082.64
edge:declared:db.IrAiSummary:investor_relations	28425.38,7432.42 27472.95,7563.06
edge:declared:db.IrAlert:ir_set	30494.96,9929.18 27472.95,7697.89
edge:declared:db.IrAlert:venture_capital	30583.34,10011.18 32377.24,12250.52
edge:declared:db.IrAlertInvestorRelations:investor_relations	29734.98,9191.77 27472.95,7686.65
edge:declared:db.IrAlertInvestorRelations:ir_alert	29828.51,9265.77 30508.47,9929.18
edge:declared:db.IrApproval:investor_relations	27394.46,7090.63 27343.93,7455.18
edge:declared:db.IrApprovalNotificationDismiss:ir_approval	27480.29,6753.53 27411.32,7016.63
edge:declared:db.IrBrokerActivity:investor_relations	27715.21,9076.92 27308.6,7713.18
edge:declared:db.IrBrokerActivity:vc_user_relations	27765.22,9150.92 29244.7,10482.06
edge:declared:db.IrClosing:investor_relations	29015.86,6747.18 27472.95,7517.62
edge:declared:db.IrCommittedInvestmentAmount:investor_relations	30200.31,10053.18 27469.49,7713.18
edge:declared:db.IrCommittedInvestmentAmount:venture_capital	30279.44,10127.18 32357.46,12266.13
edge:declared:db.IrCompanyCreate:company	23266.21,9488.01 17154.62,12376.71
edge:declared:db.IrFeed:investor_relations	26769.28,7713.39 27164.95,7631.49
edge:declared:db.IrFeedAccessLog:ir_feeds	26930.57,7846.03 26713.5,7796.49
edge:declared:db.IrFeedAccessLog:venture_capital	27031.44,7920.03 32357.46,12303.45
edge:declared:db.IrFeedRating:ir_feed	26713.39,7588.32 26676.18,7706.49
edge:declared:db.IrFundRaising:investor_relations	31188.37,7576.84 27472.95,7588.01
edge:declared:db.IrFundRaising:venture_capital	31324.46,7624.92 32486.4,12250.52
edge:declared:db.IrFundRaisingMemo:fund_raising	30726.64,7814.21 31199.87,7624.92
edge:declared:db.IrFundRaisingStageLog:fund_raising	30852.05,5291.39 31303.32,7534.92
edge:declared:db.IrInsightClub:pitching_day_hall	31064.5,8810.72 30906.43,8766.09
edge:declared:db.IrInsightClub:venture_capitals	31205.26,8886.73 32457.66,12250.52
edge:declared:db.IrInsightClubParticipation:investor_relations	30477.47,8052.67 27472.95,7612.07
edge:declared:db.IrInsightClubParticipation:ir_insight_club	30640.97,8121.12 31157.52,8804.73
edge:declared:db.IrInsightClubParticipationAttendee:ir_insight_club_participation	30323.72,7756.06 30567.15,8031.12
edge:declared:db.IrInsightClubSurvey:ir_insight_club_participation	30876.12,8129.72 30736.47,8101.91
edge:declared:db.IrInvestorFeedback:venture_capital	32644.95,12737.7 32582.64,12660.52
edge:declared:db.IrNote:investor_relations	28717.38,7429.31 27472.95,7567.12
edge:declared:db.IrSearchMetadata:investor_relations	28425.38,7537.25 27472.95,7577.65
edge:declared:db.IrSubscription:company	15401.95,8002 16888.67,12249.51
edge:declared:db.IrSubscriptionMarketingRequest:ir_subscription	14154.06,8020.33 15271,7970.29
edge:declared:db.IrTeamMember:investor_relations	28717.38,7536.28 27472.95,7578.91
edge:declared:db.IrTranscript:investor_relations	28425.38,7642.07 27472.95,7592.24
edge:declared:db.IrosOtpIssueMeetingDocument:stakeholder	11667.93,22897.64 12641.92,19481.54
edge:declared:db.LawtalkSignup:company	18409.66,14749.57 17094.56,12683.51
edge:declared:db.LawtalkSignupAttachment:lawtalk_signup	18384.37,14928.08 18447.46,14823.57
edge:declared:db.LedgerByCustomerDocument:new_issue	18058.97,23920.73 17107.44,22347.52
edge:declared:db.LegalPartner:address_for_express_delivery	21743.14,14904.31 22342.16,14307.22
edge:declared:db.LegalPartner:logo	21567.89,15154.31 20325.41,18269.97
edge:declared:db.LegalPartnerEmail:legal_partner	21815.56,15350.88 21694.64,15154.31
edge:declared:db.LegalPartnerPaypleSettings:legal_partner	22143.79,15350.88 21771.74,15123.45
edge:declared:db.LegalPartnerRegistrationAssistanceSettings:legal_partner	21821.12,15466.88 21675.84,15154.31
edge:declared:db.LegalPartnerSignupChannel:legal_partner	22551.07,14813.06 21771.74,14993.63
edge:declared:db.LegalPartnerSlackChannels:legal_partner	22158.59,15466.88 21771.74,15153.9
edge:declared:db.LegalPartnerUserRelation:legal_partner	21824.5,15582.88 21664.43,15154.31
edge:declared:db.ManualOptionVestingItem:manual_option_vesting	15790.71,18730.99 15889.55,18627.34
edge:declared:db.Meeting:company	17819.87,17469.51 16991.49,12683.51
edge:declared:db.Meeting:electronic_signature_selected_ceo	17819.83,17469.51 17415.71,16535.95
edge:declared:db.Meeting:employee_attorney	18032.2,17469.51 18174.64,17438.92
edge:declared:db.Meeting:meeting_draft	17808.74,17703.51 17285.5,20405.34
edge:declared:db.Meeting:new_articles_of_incorporation_file	18032.2,17575.41 20048.87,18386.72
edge:declared:db.Meeting:new_corporate_registration	18007.85,17469.51 18980.7,15660.65
edge:declared:db.MeetingAttachment:meeting	18545.21,17721.01 18032.2,17566.22
edge:declared:db.MeetingDirectorContact:meeting	16940.73,17772.87 17736.2,17703.47
edge:declared:db.MeetingDirectorContact:stakeholder	16721.7,17846.87 12852.68,19263.75
edge:declared:db.MeetingDocument:directors_meeting	16238.82,25731.72 16412.48,20399.12
edge:declared:db.MeetingDocument:meeting	16253.97,25731.72 17808.7,17703.51
edge:declared:db.MeetingDocument:shareholders_meeting	16253.93,25731.72 16774.44,22777.48
edge:declared:db.MeetingDocumentCache:meeting_document	19726.45,26917.65 16359.35,25978.37
edge:declared:db.MeetingDocumentGeneration:meeting	20263.39,21087.79 17938.09,17703.51
edge:declared:db.MeetingDocumentGenerationItem:meeting_document	21087,26389.75 16359.35,25892.57
edge:declared:db.MeetingDocumentGenerationItem:meeting_document_generation	21214.55,26315.75 20307.39,21161.79
edge:declared:db.MeetingDocumentManualModification:meeting_document	18413.43,27029.57 16359.35,26016.51
edge:declared:db.MeetingDraft:company	17254.93,20405.34 16991.33,12683.51
edge:declared:db.MeetingDraftAgendaDirectorChange:meeting_draft	16958.65,19557.54 17247.5,20405.34
edge:declared:db.MeetingDraftAgendaDirectorChange:stakeholder	16796.54,19513.66 12852.68,19332.18
edge:declared:db.MeetingDraftAgendaDirectorCompensation:meeting_draft	15207.46,19892.72 17136.9,20497.84
edge:declared:db.MeetingDraftAgendaDirectorCompensationItem:director_compensation	14715.37,19755.95 14894.03,19818.72
edge:declared:db.MeetingDraftAgendaDirectorCompensationItem:stakeholder	14383.44,19684.1 12852.68,19354.99
edge:declared:db.MeetingDraftRegistrationAssistance:meeting_draft	17389.42,21015.5 17325.74,20695.34
edge:declared:db.MeetingDraftSchedule:meeting_draft	16799.16,20378.74 17136.9,20405.34
edge:declared:db.MembershipContentAccessLog:membership_content	4155.29,4545.81 4572.84,5002.71
edge:declared:db.MembershipContentAuthorRelation:author	25366.27,25502.69 25239.58,25321
edge:declared:db.MiraeassetAccount:relation	10688.1,11983.35 10863.37,12352.57
edge:declared:db.MnaBuyer:company	15042.85,8118 16868.72,12249.51
edge:declared:db.MnaBuyerAttachment:mna_buyer	14702.82,9296.65 15016.65,8118
edge:declared:db.ModusignApiLog:modusign_account	21467.12,20066.02 21441.19,20414.37
edge:declared:db.ModusignAuthentication:modusign_account	21405.44,20150.44 21437.55,20414.37
edge:declared:db.ModusignCompanyUserConnection:company	23679.08,9488.01 17154.62,12382.23
edge:declared:db.ModusignDocument:_option_grant_contract	22395.42,20553.46 20503.29,19049.34
edge:declared:db.ModusignDocument:audit_trail_file	22408.36,20553.46 20428.87,18703.97
edge:declared:db.ModusignDocumentActionHistory:modusign_document	22811.87,20536.73 22623.86,20553.46
edge:declared:db.ModusignDocumentActionHistory:modusign_document_participant	22854.17,20462.73 22737.91,20217.13
edge:declared:db.ModusignDocumentModusignAccountRelation:modusign_account	21681.09,20336.33 21531.48,20414.37
edge:declared:db.ModusignDocumentModusignAccountRelation:modusign_document	21833.82,20336.33 22356.93,20572.94
edge:declared:db.ModusignDocumentModusignApiKeyRelation:modusign_api_key	22007.62,20853.06 21883.68,21022.47
edge:declared:db.ModusignDocumentModusignApiKeyRelation:modusign_document	22109.25,20779.06 22356.93,20656.14
edge:declared:db.ModusignDocumentParticipant:modusign_document	22701.87,20217.13 22533.48,20553.46
edge:declared:db.ModusignEmbeddedDraft:modusign_account	21937.15,21859.75 21455.08,20512.37
edge:declared:db.ModusignEmbeddedDraft:modusign_api_key	21949.93,21859.75 21860.92,21096.47
edge:declared:db.ModusignEmbeddedDraft:modusign_document	21978.37,21859.75 22458.91,20715.46
edge:declared:db.ModusignExceededSignings:company	22540.42,9604.01 17154.62,12368.97
edge:declared:db.ModusignIaUserConnection:investment_association	27565.26,15850.23 27521.34,16504.46
edge:declared:db.NaverWorkplaceEmployee:naver_workplace_company	24788.93,14953.88 24902.06,15026.81
edge:declared:db.NcpSignupChannel:naver_workplace_company	24750.85,15044.07 24841.45,15052.64
edge:declared:db.NewIssueNoticeEmail:new_issue	15089.92,20744.98 16920.03,22177.52
edge:declared:db.NewIssueNoticeEmailRecipient:bulk_email_recipient	15253.32,20401.87 18112,19425.41
edge:declared:db.NewIssueNoticeEmailRecipient:email	15145.95,20483.87 15201.26,20663
edge:declared:db.NewIssueNoticeEmailRecipient:shareholder	15098.71,20483.87 13258.04,22666.06
edge:declared:db.NewIssueSkipNoticeDocument:new_issue_agenda	18481.52,23916.73 17129.28,22347.52
edge:declared:db.NewIssueSkipNoticeDocument:shareholder	18353.85,23920.1 13333.21,22761.07
edge:declared:db.NewIssueStockAcceptanceDocument:new_issue_item	18703.1,25308.5 18873.84,25327.36
edge:declared:db.NewIssueStockAllocationDocument:bonus_issue_agenda	18080.03,24040.73 17948.87,19955.96
edge:declared:db.NewIssueStockAllocationDocument:new_issue_agenda	18058.24,24040.73 17103.94,22347.52
edge:declared:db.NewIssueStockAllocationRecordDateNoticeDocument:bonus_issue_agenda	18346.41,24901.96 17986.79,19955.96
edge:declared:db.NewIssueStockSubscriptionDocument:new_issue_item	18273.6,25392.44 18873.84,25350.75
edge:declared:db.NewIssueStockUnissuedConfirmationDocument:new_issue_item	18725.6,25378.76 18873.84,25359.03
edge:declared:db.NonUnifiedShareCreateRequest:stock_unissued_confirmation_file	27810.89,28126.38 27970.87,29156.25
edge:declared:db.NonUnifiedShareEtcFile:create_request	27606.33,27333.33 27792.02,28036.38
edge:declared:db.NonUnifiedShareEtcFile:management_history	27564.44,27259.33 27186.31,26823.87
edge:declared:db.NonUnifiedShareManagement:non_unified_share_company	28041.99,25525.04 28428.12,25185.96
edge:declared:db.NonUnifiedShareManagementHistory:create_request	27167.13,26823.87 27781.11,28036.38
edge:declared:db.NonUnifiedShareManagementHistory:management	27177.83,26717.87 27958.88,25615.04
edge:declared:db.NonUnifiedShareManagementHistory:renew_request	27104.15,26717.87 26144.52,25310.38
edge:declared:db.NonUnifiedShareManagementHistory:stock_unissued_confirmation_file	27158.55,26823.87 27962.35,29156.25
edge:declared:db.NonUnifiedShareManagementSalesIntent:non_unified_share_management	28842.83,24818.1 28041.74,25525.04
edge:declared:db.NonUnifiedShareSucPoaDocument:modusign_document	23853.13,21549.76 23429.61,21064.3
edge:declared:db.NonUnifiedShareSucPoaDocument:request	23980.18,21631.76 26087.42,25220.38
edge:declared:db.NonUnifiedShareSucPoaDocument:user_address	23937.42,21549.76 22774.69,19068.25
edge:declared:db.NonUnifiedShareSucRenewRequest:management	26265.34,25289.97 27864.75,25549.59
edge:declared:db.NonUnifiedShareSucRenewRequest:renew_stock_unissued_confirmation_file	26135.15,25310.38 27956.55,29156.25
edge:declared:db.NotarizationPoA:meeting	16630.53,22844.69 16733.46,22777.48
edge:declared:db.NotarizationPoaDirectorSigner:director	16248.29,22679.6 15914.71,22408.19
edge:declared:db.NotarizationPoaDirectorSigner:notarization_poa	16357.82,22753.6 16515.49,22844.69
edge:declared:db.NotarizationPoaShareholderSigner:notarization_poa	17013.99,23009.44 16710.46,22919.26
edge:declared:db.NotarizationPoaShareholderSigner:shareholder	17263.3,23083.44 17476.87,23110.63
edge:declared:db.Notification:company	15402.29,8118 16886.66,12249.51
edge:declared:db.NotificationInbox:notification	16193.14,9317.91 15413.05,8118
edge:declared:db.Option:company	16859.84,15884.48 16957.97,12683.51
edge:declared:db.Option:grantee	16839.64,15974.48 15526.77,19113.35
edge:declared:db.Option:sealed_contract_file	16917.94,15974.48 20048.87,18343.22
edge:declared:db.Option:source_meeting	16886.32,15974.48 17811.78,17469.51
edge:declared:db.OptionAdjustment:event	16517.18,13260.18 16667.71,16783.34
edge:declared:db.OptionContractTemplatePermission:company	22868.68,9604.01 17154.62,12374.39
edge:declared:db.OptionExerciseClaim:company	13683.65,17727.6 16803.13,12683.51
edge:declared:db.OptionExerciseClaim:financial_account	13639.95,17727.6 13707.94,16944.15
edge:declared:db.OptionExerciseClaimAttachment:attachment_setting_item	14650.86,17500.22 14629.49,17440.09
edge:declared:db.OptionExerciseClaimAttachment:option_exercise_claim	14523.7,17500.22 13764.72,17744.16
edge:declared:db.OptionExerciseClaimCandidate:option_exercise_claim	14035.02,17616.18 13764.72,17735.31
edge:declared:db.OptionExerciseClaimCandidate:option_exercise_management	14166.44,17526.18 15070.02,16139.59
edge:declared:db.OptionExerciseClaimCandidate:option_grantee	14175.55,17616.18 15454.25,19113.35
edge:declared:db.OptionExerciseClaimCandidate:stock_subscription_file	14274.12,17591.74 20048.87,18458.45
edge:declared:db.OptionExerciseClaimDocumentSetting:management	15021.68,16674.74 15102.56,16139.59
edge:declared:db.OptionExerciseClaimEventRelation:_deprecated_payment	13666.24,18238.64 13832.92,18174.25
edge:declared:db.OptionExerciseClaimEventRelation:claim	13583.52,18238.64 13626.76,17857.6
edge:declared:db.OptionExerciseClaimEventRelation:event	13577.9,18320.64 13577.26,18362.66
edge:declared:db.OptionExerciseClaimMeetingDocument:exercise_claim	14951.43,21439.53 14604.78,20857.07
edge:declared:db.OptionExerciseClaimMeetingDocument:grantee	15138.83,21483.4 15252.84,21485.41
edge:declared:db.OptionExerciseClaimOption:option_exercise_claim	13868.18,17822.12 13764.72,17803.74
edge:declared:db.OptionExerciseClaimOptionTaxation:_deprecated_claim	13995.38,17937.62 13764.72,17841.43
edge:declared:db.OptionExerciseClaimOptionTaxation:claim_option	14066.37,17937.62 14015.68,17869.4
edge:declared:db.OptionExerciseClaimPayment:option_exercise_claim	13878.21,18100.25 13694.26,17857.6
edge:declared:db.OptionExerciseManagement:company	15155.35,16009.59 16803.21,12683.51
edge:declared:db.OptionExerciseManagement:excluded_institution_set	14982.38,16125.09 13835.84,16570.45
edge:declared:db.OptionExerciseManagementAttachmentSetting:management	14614.11,17188.75 15083.31,16139.59
edge:declared:db.OptionExerciseManagementAttachmentSettingItem:setting	14613.3,17366.09 14601.71,17262.75
edge:declared:db.OptionExerciseManagementCommonSetting:management	15112.38,15811.59 15129.36,16009.59
edge:declared:db.OptionExerciseManagementEmail:option_exercise_management	15338.89,16518.42 15145.55,16139.59
edge:declared:db.OptionExerciseManagementPaymentBankSetting:company	15612.96,13315.9 16774.62,12594.06
edge:declared:db.OptionExerciseManagementReminderSetting:management	15317.76,16000.3 15242.38,16042.66
edge:declared:db.OptionExerciseManagementTaxation:management	14921.24,16035.11 14982.38,16046.46
edge:declared:db.OptionExerciseManagementTaxationDefaultSetting:company	23263.08,9604.01 17154.62,12380.16
edge:declared:db.OptionGrantContract:_deprecated_template	20385.63,18935.34 19425.65,16229.84
edge:declared:db.OptionGrantContract:_grantee	20274.97,18948.41 16003.62,19161.28
edge:declared:db.OptionGrantContract:contract_file	20397.1,18935.34 20303.56,18703.97
edge:declared:db.OptionGrantContract:template_revision	20397.14,18935.34 20077.75,16767.7
edge:declared:db.OptionGrantContractModusignDocument:option_grant_contract	21023.67,19520.4 20500.06,19049.34
edge:declared:db.OptionGrantContractModusignEmbeddedDraft:option_grant_contract	21263.92,20917.71 20430.4,19049.34
edge:declared:db.OptionGrantContractStakeholder:company	19180.5,15320.03 17133.13,12683.51
edge:declared:db.OptionGrantContractTemplate:_deprecated_stakeholder	19499.01,16123.84 19233.93,15426.03
edge:declared:db.OptionGrantContractTemplate:company	19309.93,16123.84 17095.61,12683.51
edge:declared:db.OptionGrantContractTemplateDraft:company	18550.16,14565.19 17095.73,12683.51
edge:declared:db.OptionGrantContractTemplateDraft:stakeholder_set	18657.61,14639.19 19180.92,15320.03
edge:declared:db.OptionGrantContractTemplateRevision:stakeholder_set	20043.24,16677.7 19255.04,15426.03
edge:declared:db.OptionGrantContractTemplateRevision:template	20013.1,16677.7 19476.53,16229.84
edge:declared:db.OptionGrantEvent:_deprecated_grantee	16175.99,18599.5 15564.14,19113.35
edge:declared:db.OptionGrantEvent:share_class	16281.75,18501.5 16525.91,18279.16
edge:declared:db.OptionManagement:agenda_option_grant	16016.08,19402.87 16487.71,19592.56
edge:declared:db.OptionManagementStakeholderSeat:option_management	15243.61,19107.63 15803.34,19335.6
edge:declared:db.OptionManagementStakeholderSeat:stakeholder_seat	14959.61,19139.14 11726.59,19392.79
edge:declared:db.OptionResumeEvent:pause_event	30177.1,4403.05 30081.98,4503.89
edge:declared:db.OptionTag:category	15648.34,14261.57 15683.08,14215.6
edge:declared:db.OptionTag:company	15742.99,14261.57 16786.16,12683.51
edge:declared:db.OptionTagCategory:company	15588.44,14141.6 16786.12,12683.51
edge:declared:db.OptionTaxCalculatorSetting:company	23675.74,9604.01 17154.62,12385.47
edge:declared:db.OptionValueChange:company	16584.12,10239.69 16927.54,12249.51
edge:declared:db.OptionValueChange:investment_round	16694.38,10239.69 16826.85,10281.73
edge:declared:db.OptionVesting:_deprecated_grant_event	15999.86,18447.59 16154.47,18501.5
edge:declared:db.Order:seal_card	6684.15,8304.73 5310.99,8386.44
edge:declared:db.OrderPromotionRelation:order	7703.23,9590.58 6842.06,8346.35
edge:declared:db.OrderPromotionRelation:promotion	7753.59,9590.58 8146.02,9004.12
edge:declared:db.OrderStaffInChargeRelation:order	6656.86,6785.83 6803.24,8248.35
edge:declared:db.OrderStaffInChargeRelation:staff_in_charge	6526.16,6758.42 5898.24,6805.86
edge:declared:db.OrderStatusHistory:order	5934.79,9962.89 6782.45,8346.35
edge:declared:db.OrganizationChart:company	14130.16,13372.85 16774.62,12515.84
edge:declared:db.OtherDocumentArchive:company	19454.7,16348.89 17095.53,12683.51
edge:declared:db.OtherDocumentArchiveAttachment:other_document_archive	19891.06,17080.04 19499.42,16422.89
edge:declared:db.OwnerRole:company	12490.78,11149.46 16774.62,12409.29
edge:declared:db.OwnerRolePermissionRelation:owner_permission	11854.93,10680.02 11639.39,10594.96
edge:declared:db.OwnerRolePermissionRelation:owner_role	12045.45,10754.02 12242.78,11064.42
edge:declared:db.Payment:_company	20421.17,13414.48 17154.62,12512.89
edge:declared:db.Payment:app_card	20614.02,13528.48 20761.99,13580.06
edge:declared:db.Payment:charge	20421.17,13516.34 20286.77,13601.87
edge:declared:db.Payment:credit_card	20681.17,13466.98 22822.84,13392.91
edge:declared:db.Payment:purchase	20681.17,13485.73 21750.88,13778.53
edge:declared:db.PaymentLink:payment_store	23415.92,13282.38 22859.87,14203.96
edge:declared:db.PaymentLink:question_threads	23319.07,13213.07 20615.29,12683
edge:declared:db.PaymentRefund:payment	20821.74,13373.89 20681.17,13446.75
edge:declared:db.PaymentRefund:payment_status_history	20903.35,13314.44 20854.73,13272.42
edge:declared:db.PaymentStatusHistory:payment	20768.24,13272.42 20628.34,13414.48
edge:declared:db.PaymentStore:legal_partner	22762.66,14293.96 21771.74,14930.4
edge:declared:db.Payroll:company	8957.74,4901.83 16774.62,12287
edge:declared:db.Payroll:setting	8892.57,4901.83 8823.74,11882.91
edge:declared:db.PayrollAnnualSalaryInfo:employee	11318.6,14692.35 11500.96,14983.39
edge:declared:db.PayrollAnnualSalaryItem:item_setting_relation	10890.8,13894.79 9425.62,12176.13
edge:declared:db.PayrollAnnualSalaryItem:payroll_annual_salary_info	10938.31,13968.79 11218.54,14618.35
edge:declared:db.PayrollDocumentSealStampSetting:_deprecated_ceo	16970.52,16277.22 17271.59,16405.16
edge:declared:db.PayrollDocumentSealStampSetting:company	16875.03,16195.22 16959.41,12683.51
edge:declared:db.PayrollDocumentSealStampSetting:seal_stamp	16905.99,16195.22 17271.68,15725.95
edge:declared:db.PayrollEmployeeMonthlyWage:hrm_emp	8545.21,18527.56 8708.82,18248.39
edge:declared:db.PayrollLedger:company	13676.56,15054.79 16774.62,12616.07
edge:declared:db.PayrollLedgerAttachment:payroll_ldeger	13251.07,14766.85 13553.55,15054.79
edge:declared:db.PayrollLedgerFile:payroll_ledger	13542.84,14759.97 13599.11,15054.79
edge:declared:db.PayrollLedgerFileModificationRequest:payroll_ledger_file	13837.93,14581.58 13614.86,14685.97
edge:declared:db.PayrollLedgerItemSettingRelation:ledger_item	9231.76,12114.15 8913.75,12079.4
edge:declared:db.PayrollLedgerItemSettingRelation:setting	9264.8,12086.13 8934.91,11964.91
edge:declared:db.PayrollManagementRelation:payroll	10948.83,7173.09 8946.94,4901.83
edge:declared:db.PayrollSetting:ledger_item_set	8814.9,11964.91 8803.36,12029.51
edge:declared:db.PayrollSettlement:company_question_thread_set	13673.61,9636.67 18984.81,14210.59
edge:declared:db.PayrollSettlement:payroll	13585.19,9554.67 8953.89,4901.83
edge:declared:db.PayrollSettlementAutoCreation:payroll	10028.84,6909.68 8926.66,4901.83
edge:declared:db.PayrollSettlementAutoCreation:payroll_question_help_template	10049.04,6983.68 11508.1,9080.21
edge:declared:db.PayrollSettlementProgressLog:payroll_settlement	13174.33,9723.51 13502,9630.77
edge:declared:db.PayrollSocialInsuranceSetting:hrm	5209.44,15729.55 5242.68,15974.84
edge:declared:db.PayrollStaffUserRelation:payroll	8718.58,5093.83 8851.08,4901.83
edge:declared:db.PayrollStatement:_deprecated_employee	11805.02,15727.15 11665.83,15146.87
edge:declared:db.PayrollStatement:hrm_emp	11741.47,15849.15 9052.82,17969.09
edge:declared:db.PayrollStatement:payroll_ledger	11948.83,15738.75 13485.23,15154.92
edge:declared:db.PayrollStatementAttendance:payroll_statement	11766.46,16124.25 11810.12,15849.15
edge:declared:db.PayrollStatementDocument:payroll_statement	13100.71,15446.85 11948.83,15766.11
edge:declared:db.PayrollStatementEmail:payroll_ledger	13104.7,17159.89 13596.2,15160.79
edge:declared:db.PayrollStatementEmailRecipient:email	12758.06,18452.35 13081.53,17249.89
edge:declared:db.PayrollStatementEmailRecipient:payroll_statement	12732.96,18452.35 11839.76,15849.15
edge:declared:db.PayrollStatementItem:ledger_item_setting_relation	10803.54,13247.51 9444.35,12176.13
edge:declared:db.PayrollStatementItem:payroll_statement	10863.9,13321.51 11796.71,15727.15
edge:declared:db.PayrollStatementPayrollInformation:payroll_statement	12172.22,15745.92 11948.83,15795.83
edge:declared:db.PayrollStatementScheduledEmail:payroll_statement_email	12785.98,17193.07 12969.63,17200.13
edge:declared:db.PayrollStatementScheduledEmailPeriodicTaskRelation:payroll_statement_scheduled_email	12626.6,17325.14 12641.86,17224.74
edge:declared:db.PeriodicOptionVestingItem:periodic_option_vesting	15607.28,18470.59 15612.91,18526.22
edge:declared:db.PhantomStock:company	11799.35,17105.48 16774.62,12650.42
edge:declared:db.PhantomStock:grantee	11770.69,17203.48 12156.38,18132.18
edge:declared:db.PhantomStockGrantContract:phantom_stock	11645.28,17063.46 11697.01,17105.48
edge:declared:db.PhantomStockResumeEvent:pause_event	16414.63,16276.6 16310.15,16265.11
edge:declared:db.PhantomStockVesting:phantom_stock	11684.27,17645.49 11743.75,17203.48
edge:declared:db.PhantomStockVestingItem:phantom_stock_vesting	11632.55,17934.66 11672.43,17719.49
edge:declared:db.PhantomStockVestingTraceable:phantom_stock	11683.37,17761.49 11744.93,17203.48
edge:declared:db.PhantomStockVestingTraceable:source_vesting_item	11667.94,17835.49 11637.53,17934.66
edge:declared:db.PhoneVerification:phone	9582.71,14002.28 8068.3,12573.25
edge:declared:db.PingpongDelivery:dropoff_address	20267.97,12508.58 22332.92,14217.22
edge:declared:db.PitchingDayHall:assigned_irs	30658.43,8686.3 27472.95,7639.78
edge:declared:db.PitchingDayHallAccessLog:pitching_day_hall	30912.53,8954.36 30808.65,8776.07
edge:declared:db.PitchingDayHallAccessLog:venture_capital	30952.88,9028.36 32437.32,12250.52
edge:declared:db.PitchingDayHallAssignedIrs:investor_relations	29117.86,7994.55 27472.95,7628.18
edge:declared:db.PitchingDayHallAssignedIrs:pitching_day_hall	29326.11,8067.84 30683.62,8686.07
edge:declared:db.PortalMenuVisibilitySetting:company	22537.42,9720.01 17154.62,12372.87
edge:declared:db.PortalSetting:company	22865.5,9720.01 17154.62,12378.08
edge:declared:db.PortfolioCompany:company	27275.26,14285.29 17154.62,12493.67
edge:declared:db.PortfolioCompany:venture_capital	27535.26,14257.34 32357.46,12524.92
edge:declared:db.PortfolioCompanyFund:fund	28840.45,13910.11 30004.95,13791.68
edge:declared:db.PortfolioCompanyFund:portfolio_company	28604.45,13958.21 27535.26,14269.58
edge:declared:db.PortfolioCompanyManager:portfolio_company	27233.58,15743.54 27398.2,14371.38
edge:declared:db.PortfolioCompanyUserRelation:portfolio_company	27539.57,14413.4 27481.98,14371.38
edge:declared:db.PrivacyPolicyLog:privacy_policy	5715.4,29969.49 5725.03,29876.3
edge:declared:db.PromotionAddress:promotion	8103.98,7240.24 8169.35,8930.12
edge:declared:db.PromotionCodeUsageHistory:promotion_code	24309.32,12617.97 24206.78,12411.41
edge:declared:db.PromotionCodeUsageHistory:service_fee_item	24207.69,12669.86 24081.35,12985.54
edge:declared:db.Purchase:_corporate_registration_paid_issue	21773.71,13922.18 19329.97,15972.11
edge:declared:db.Purchase:_credit	21750.88,13778.61 20539.86,13836.16
edge:declared:db.Purchase:_deprecated_payment_store	22046.88,13922.18 22708.72,14293.96
edge:declared:db.Purchase:_incorporation_request	21817.54,13922.18 21137.36,15869.89
edge:declared:db.Purchase:_invitation_seat_request	21750.88,13778.49 12765.99,11319.15
edge:declared:db.Purchase:_meeting	21775.92,13922.18 18007.93,17469.51
edge:declared:db.Purchase:_payment_store_legal_partner	21874.53,13922.18 21646.73,14904.31
edge:declared:db.Purchase:_subscription_payment_request	21750.88,13712.18 20877.64,11808.35
edge:declared:db.Purchase:basket	22046.88,13712.18 22279.45,13597.75
edge:declared:db.Purchase:company	21750.88,13778.48 17154.62,12512.85
edge:declared:db.Purchase:investment_association	22046.88,13875.33 27213.38,16504.5
edge:declared:db.Purchase:service_fee	22046.88,13712.22 22696.14,13598.12
edge:declared:db.Purchase:venture_capital	22046.88,13807.73 32357.46,12471.8
edge:declared:db.PurchaseItem:payment_store	22779.5,14141.7 22811.99,14203.96
edge:declared:db.PurchaseItem:purchase	22880.46,14067.7 22046.88,13807.81
edge:declared:db.PurchaseStatusHistory:purchase	21554.79,13946.25 21750.88,13778.69
edge:declared:db.Purpose:articles_of_incorporation	17841.62,14937.91 17784.04,15305.01
edge:declared:db.Purpose:industrial_code	17837.92,14863.91 17843.89,14781.14
edge:declared:db.QrReplyPasswordReset:request	23399.71,16373.08 23368.1,16647.2
edge:declared:db.QrReplyPasswordResetRequest:reply	23340.8,16721.2 23130.67,17127.35
edge:declared:db.QuarterlyReportRequest:quarterly_report	26128.7,16712.9 26631.88,16049.32
edge:declared:db.QuarterlyReportRequestAttachment:quarterly_report_request	24886.67,17200.51 25971.77,16802.9
edge:declared:db.QuarterlyReportRequestRecipient:email_activity_recipient	27334.52,17402.19 23712.11,23056.19
edge:declared:db.QuarterlyReportRequestRecipient:portfolio_company	27362.32,17312.19 27404.46,14371.38
edge:declared:db.QuarterlyReportRequestRecipient:portfolio_company_manager	27358.63,17312.19 27232.14,15817.54
edge:declared:db.QuarterlyReportRequestRecipient:quarterly_report_request	27266.61,17312.19 26189.73,16802.9
edge:declared:db.QuarterlyReportRequestReportItem:quarterly_report_item	25366.92,16729.89 25268.39,16715.03
edge:declared:db.QuarterlyReportRequestReportItem:quarterly_report_request	25665.92,16753.84 25924.58,16756.29
edge:declared:db.QuarterlyReportSettings:quarterly_report	26450.89,15957.42 26528.6,15974.71
edge:declared:db.QuarterlyReportSignupChannel:portfolio_company	25637.87,14889.09 27275.26,14348.13
edge:declared:db.QuarterlyReportSignupChannel:quarterly_report	25549.8,14971.09 26620.05,15935.32
edge:declared:db.QuestionMessageAttachment:message	19692.69,18859.71 22616.6,11590.75
edge:declared:db.QuestionMessageScheduled:question_thread_message	22994.5,10941.49 22773.8,11444.75
edge:declared:db.QuestionThread:_company	20355.29,12650.46 17154.62,12476.82
edge:declared:db.QuestionThreadAssignment:question_thread	20249.52,13179.73 20454.13,12726.51
edge:declared:db.QuestionThreadMessage:question_thread	22518.55,11590.75 20605.71,12588.51
edge:declared:db.QuestionThreadMessageAccessLog:message	23237.68,11537.47 22781.96,11525.64
edge:declared:db.QuestionThreadMessageCategory:question_thread_message	23600.18,11542.26 22781.96,11521.24
edge:declared:db.QuestionThreadMessagePeriodicTaskRelation:question_message_scheduled	22940.92,10786.67 23022.12,10867.49
edge:declared:db.QuestionThreadMessageProfile:message	23248.68,11636.01 22781.96,11544.43
edge:declared:db.QuestionThreadMessageReminder:message	23600.18,11643.93 22781.96,11535.73
edge:declared:db.QuestionThreadMessageReview:message	23275.25,11740.71 22781.96,11565.94
edge:declared:db.QuestionThreadMessageReviewRequest:message	23579.72,11740.71 22781.96,11550.22
edge:declared:db.QuestionThreadTag:question_thread_set	20525.46,12899.32 20496.75,12726.51
edge:declared:db.RebootProductContactRequest:company	23259.68,9720.01 17154.62,12383.61
edge:declared:db.RegisteredMail:order_status_history	5652.54,10053.28 5789.29,10027.38
edge:declared:db.RegisteredMail:seal_card_return_status_history	5528.13,10038.63 5495.48,9850.15
edge:declared:db.Registration:meeting	15881.77,19511.3 17762.48,17703.51
edge:declared:db.RegistrationAgenda:agenda_ceo_address_change	14818.17,21863.05 14699.45,21838.01
edge:declared:db.RegistrationAgenda:agenda_director_change	14987.43,21934.2 15075.31,22021.57
edge:declared:db.RegistrationAgenda:agenda_option_exercise	14818.17,21907.68 14699.45,21925.38
edge:declared:db.RegistrationAgenda:registration	14959.44,21844.2 15823.38,19593.3
edge:declared:db.RegistrationAssistance:legal_partner	21193.8,16626.79 21584.57,15154.31
edge:declared:db.RegistrationAssistance:meeting	21058.92,16698.06 18032.2,17544.54
edge:declared:db.RegistrationAssistanceReceipt:registration_assistance	20964.44,16931.58 21217.07,16708.79
edge:declared:db.RegistrationCaseReport:company	15043.3,8234 16866.11,12249.51
edge:declared:db.RegistrationCaseReport:jurisdiction	15025.59,8234 14984.73,9887
edge:declared:db.RegistrationCaseReportUpdateLog:company	23672.13,9720.01 17154.62,12388.71
edge:declared:db.RegistrationDirector:registration	16008.92,19647.24 15912.45,19593.3
edge:declared:db.RegistrationFormCaptable:agenda	18506.35,23191.97 17936.33,21522.88
edge:declared:db.RegistrationFormCaptableDocument:captable	19331.45,24056.45 18560.73,23273.97
edge:declared:db.RegistrationFormCaptableNotarizationRequestor:registration_form_captable	18236.29,23021.73 18429,23191.97
edge:declared:db.RegistrationFormCaptableNotarizationRequestor:shareholder	18030.49,23021.73 17851.87,23115.99
edge:declared:db.RegistrationFormHeadOfficeInsideRelocationDocument:head_office_relocation_agenda	20106.2,23265.23 18755.13,21735.46
edge:declared:db.RegistrationFormHeadOfficeOutsideRelocationDocument:head_office_relocation_agenda	20108.61,23381.23 18751.68,21735.46
edge:declared:db.RegistrationHelp:company_question_thread	18982.59,14797.33 19090.05,14388.59
edge:declared:db.RegistrationHelp:meeting	19061.48,14871.33 17975.18,17469.51
edge:declared:db.ResignationLetterDocument:director_change_agenda	13941.23,22557.75 15014.62,22127.57
edge:declared:db.RightToConsentOrConsult:company	15756.04,16440 16803.37,12683.51
edge:inheritance:db.RsuAdjustEvent->db.Event	17117.42,13376.18 16686.17,16783.34
edge:declared:db.RsuExerciseClaim:company	15132.09,15385.35 16803.06,12683.51
edge:declared:db.RsuExerciseClaim:financial_account	15051.72,15491.35 13756.38,16846.15
edge:declared:db.RsuExerciseClaimAttachment:attachment_setting_item	14711.68,15565.37 14585.31,15675.42
edge:declared:db.RsuExerciseClaimAttachment:rsu_exercise_claim	14845,15491.37 14984.05,15491.35
edge:declared:db.RsuExerciseClaimCandidate:hrm_emp	13970.78,16498.2 9052.82,18050.42
edge:declared:db.RsuExerciseClaimCandidate:rsu_exercise_claim	14142.46,16409.43 15050.43,15491.35
edge:declared:db.RsuExerciseClaimCandidate:rsu_exercise_management	14085.16,16409.43 13929.23,16133.29
edge:declared:db.RsuExerciseClaimCandidate:rsu_grantee	14153.35,16507.43 14239.63,16802.21
edge:declared:db.RsuExerciseClaimCandidateEmailRecipient:candidate	14245.66,16618.45 14222.78,16474.39
edge:declared:db.RsuExerciseClaimEventRelation:claim	15471.19,15601.03 15220.83,15491.35
edge:declared:db.RsuExerciseClaimEventRelation:event	15582.01,15675.03 16121.03,16431.55
edge:declared:db.RsuExerciseClaimRsu:rsu	15671.03,15277.77 15897.39,15266.88
edge:declared:db.RsuExerciseClaimRsu:rsu_exercise_claim	15444.79,15320.44 15223.85,15395.96
edge:declared:db.RsuExerciseManagement:company	13958.88,16035.29 16781.86,12683.51
edge:declared:db.RsuExerciseManagement:excluded_institution_set	13899.38,16133.29 13736.73,16570.45
edge:declared:db.RsuExerciseManagementAttachmentSetting:management	14179.09,15987.03 14041.61,16038.17
edge:declared:db.RsuExerciseManagementAttachmentSettingItem:setting	14486.07,15749.42 14325.33,15913.03
edge:declared:db.RsuExerciseManagementEmail:rsu_exercise_management	14411.45,16346.43 14009.92,16133.29
edge:declared:db.RsuExtraAttachment:rsu	16323.07,14836.14 16157.39,15187.34
edge:declared:db.RsuGrantContract:rsu	16476.75,15090.18 16169.39,15208.14
edge:declared:db.RsuGrantContract:template	16718,15043.58 16757.65,14071.63
edge:declared:db.RsuGrantContractModusignDocument:rsu_grant_contract	20969.02,19235.27 16718,15086.99
edge:declared:db.RsuGrantContractTemplate:company	16509.65,13989.63 16803.41,12683.51
edge:declared:db.RsuGrantContractTemplate:stakeholder_set	16623.57,13989.63 16600.42,13895.45
edge:declared:db.RsuGrantContractTemplateStakeholder:company	16601.25,13821.45 16906.43,12683.51
edge:declared:db.RsuMeeting:company	16574.54,15191.61 16933.56,12683.51
edge:declared:db.RsuMeeting:meeting	16593.3,15281.61 17818.68,17469.51
edge:declared:db.RsuMeetingAttachment:meeting	16431.39,15400.31 16530.52,15281.61
edge:declared:db.RsuPerformanceCondition:company	16118.84,14064.73 16803.17,12683.51
edge:declared:db.RsuResumeEvent:pause_event	16290.93,17193.22 16226.49,17194.3
edge:declared:db.RsuRsa:company	16157.39,15187.34 16803.39,12683.51
edge:declared:db.RsuRsa:grantee	15897.39,15317.74 14332.2,16802.21
edge:declared:db.RsuRsa:grantee_hrm_emp	15897.39,15314.42 9052.82,18036.31
edge:declared:db.RsuRsa:source_meeting	16169.39,15254.3 16444.1,15242.11
edge:declared:db.RsuRsaSealedContractFile:company	16475.22,14545.6 16909.87,12683.51
edge:declared:db.RsuRsaSealedContractFile:grant_contract	16494.76,14619.6 16558.89,15000.18
edge:declared:db.RsuTag:category	16305.54,14309.18 16243.67,14267.16
edge:declared:db.RsuTag:company	16330.53,14309.18 16803.33,12683.51
edge:declared:db.RsuTag:rsu_set	16327.21,14391.18 16050.34,15187.34
edge:declared:db.RsuTagCategory:company	16329.8,14193.16 16803.25,12683.51
edge:declared:db.RsuVesting:rsu	15200.12,14907.17 15897.39,15202.7
edge:declared:db.RsuVestingItem:performance_condition	15499.29,14818.69 16069.13,14138.73
edge:declared:db.RsuVestingItem:rsu_vesting	15337.58,14865.99 15230.82,14867.98
edge:declared:db.RsuVestingTraceable:rsu	15230.82,15021.31 15897.39,15219.84
edge:declared:db.RsuVestingTraceable:source_vesting_item	15218.18,14949.17 15337.58,14907.24
edge:declared:db.RtccConsentSummary:company	15162.07,10753.36 16774.62,12285.93
edge:declared:db.RtccConsentSummary:source_result	15127.24,10679.36 15252.66,9548.36
edge:declared:db.RtccEmail:right_to_consent_or_consult	15595.9,16927.84 15716.38,16522
edge:declared:db.RtccEmailAuthentication:rtcc_investor	16135.93,17629.54 16013.11,17706.55
edge:declared:db.RtccInvestor:right_to_consent_or_consult	15958.31,17706.55 15735.99,16522
edge:declared:db.RtccInvestor:stakeholder	15872.64,17796.55 12852.68,19244.93
edge:declared:db.RtccInvestorFile:investor	18050.34,18355.28 16121.97,17796.37
edge:declared:db.RtccSummaryAnalysisRequest:company	15318.28,9194.65 16855.43,12249.51
edge:declared:db.RtccSummaryAnalysisRequestDocument:document	15709.88,10263.6 18592.71,15317.32
edge:declared:db.RtccSummaryAnalysisRequestDocument:request	15675.15,10189.6 15312.85,9194.65
edge:declared:db.RtccSummaryAnalysisResult:request	15261.9,9466.36 15292.96,9194.65
edge:declared:db.RtccSummaryAnalysisResultDocument:document	15594.07,10455.35 18590.33,15317.32
edge:declared:db.RtccSummaryAnalysisResultDocument:result	15558.51,10381.35 15271.34,9548.36
edge:declared:db.Safe:company	14001.12,15568.59 16774.62,12675.35
edge:declared:db.Safe:holder	13923.42,15642.59 13734.85,15890.16
edge:declared:db.SafeCreateEvent:contract_file	17466.13,17538.71 20048.87,18421.99
edge:declared:db.SalesMetric:legal_partner	22167.57,15582.88 21741.9,15154.31
edge:declared:db.SdContactRequest:secondary_deal	32589.63,8593.53 33306.64,6275.29
edge:declared:db.SdContactRequest:venture_capital	32577.81,8667.53 32543.6,12250.52
edge:declared:db.SealCardReturnRequest:seal_card	4690.12,8469.95 5062.99,8412.82
edge:declared:db.SealCardReturnStatusHistory:seal_card_return_request	5459.74,9768.15 4594.76,8529.95
edge:declared:db.SealCertificateDelivery:company	19316.38,12350.5 17154.62,12455.33
edge:declared:db.SealCertificateDelivery:seal_card_pickup_delivery	19564.38,12409.2 20084.75,12449.88
edge:declared:db.SealCertificateIssueRequest:delivery	19548.86,12490.52 19497.16,12448.5
edge:declared:db.SealStamp:attachment	17326.51,15725.95 20048.87,18270.05
edge:declared:db.SealStamp:company	17296.33,15619.95 16991.37,12683.51
edge:declared:db.SealStamp:director	17272.88,15725.95 17399.51,16389.95
edge:declared:db.SealStampCardContinuedUseApplicationFormDocument:stakeholder	11667.6,23013.64 12643.31,19481.54
edge:declared:db.SealStampDeclarationDocument:stakeholder	11667.29,23129.64 12644.62,19481.54
edge:declared:db.SealStampImage:seal_stamp	17912.38,16097.21 17395.12,15725.95
edge:declared:db.SealStampUsageHistory:employee	12874.14,15272.06 11784.96,15071.96
edge:declared:db.SealStampUsageHistory:payroll_statement_document	13086.69,15347.84 13156.89,15389.86
edge:declared:db.SealStampUsageHistory:seal_stamp	13122.14,15305.71 17188.98,15662.08
edge:declared:db.SealStampUsageHistory:wht_book	12874.14,15300.49 12384.65,15322.82
edge:declared:db.SealStampUsageHistory:wht_certificate	13092.28,15241.84 13219.82,15170.04
edge:declared:db.SealStampUsageHistory:wht_receipt	12943.58,15241.84 12899.85,15199.37
edge:declared:db.SecondaryDeal:assigned_investors	33327.88,6275.29 32568.88,12250.52
edge:declared:db.SecondaryDeal:business_line	33190.07,6134.56 32755.93,6078.92
edge:declared:db.SecondaryDeal:corporate_registration	33190.07,6050.45 33042.96,5951.26
edge:declared:db.SecondaryDeal:operating_profit	33190.07,6098.53 32772.43,5947.31
edge:declared:db.SelfRegistration:meeting	18202.19,17590.88 18032.2,17544.58
edge:declared:db.ServiceFee:basket	22448.14,13558.22 22279.45,13559.71
edge:declared:db.ServiceFeeItem:product	23880.52,12959.94 23217.94,12306.37
edge:declared:db.ServiceFeeItem:service_fee	23855.24,13041.94 22674.25,13516.12
edge:declared:db.ShareClass:company	16586.85,18173.16 16950.41,12683.51
edge:declared:db.ShareholderInstitutionMember:institution	12844.21,21971.14 13073.21,22666.06
edge:declared:db.ShareholderInstitutionMember:manager	12832.15,21889.14 12746.38,21641.98
edge:declared:db.ShareholderInstitutionMemberCeo:member	12811.76,22574.59 12844.17,21971.14
edge:declared:db.ShareholderVote:agenda	17755.15,22042 17861.48,21522.88
edge:declared:db.ShareholderVote:attended_shareholder	17746.04,22116 17667.22,23103.23
edge:declared:db.ShareholderVotingRightsPerAgenda:agenda	17754.07,22158 17865.5,21522.88
edge:declared:db.ShareholderVotingRightsPerAgenda:shareholder	17745.87,22232 17667.54,23103.23
edge:declared:db.ShareholdersAgreementStakeholder:stakeholder	11993.69,19095.99 12520.68,19167.58
edge:declared:db.ShareholdersMeeting:chairperson	16677.63,22660.84 15988.19,22408.19
edge:declared:db.ShareholdersMeeting:meeting	16852.75,22639.48 17808.66,17703.51
edge:declared:db.ShareholdersMeeting:sealed_meeting_minutes_file	16859.67,22639.48 20057.23,18703.97
edge:declared:db.ShareholdersMeetingAgenda:agenda_authorized_shares_change	17729.54,21513.99 17487.62,21767.11
edge:declared:db.ShareholdersMeetingAgenda:agenda_bonus_issue	17894.73,21248.88 17943.75,19955.96
edge:declared:db.ShareholdersMeetingAgenda:agenda_branch_change	17943.22,21248.88 18780.02,19854.43
edge:declared:db.ShareholdersMeetingAgenda:agenda_change_of_articles_of_incorporation	18049.54,21364.64 18994.28,20621.81
edge:declared:db.ShareholdersMeetingAgenda:agenda_co_ceo_system_change	17729.54,21437.05 14731.59,22418.29
edge:declared:db.ShareholdersMeetingAgenda:agenda_company_name_change	17989.62,21522.88 19012.11,22922.63
edge:declared:db.ShareholdersMeetingAgenda:agenda_custom	17729.54,21442.45 15040.54,22416.95
edge:declared:db.ShareholdersMeetingAgenda:agenda_director_change	17729.54,21414.15 15252.62,22127.57
edge:declared:db.ShareholdersMeetingAgenda:agenda_director_compensation_decision	17729.54,21389.46 16649.71,21541.69
edge:declared:db.ShareholdersMeetingAgenda:agenda_director_compensation_rule	18020.82,21522.88 19362.18,22922.63
edge:declared:db.ShareholdersMeetingAgenda:agenda_financial_statements	17923.54,21248.88 18250.36,19931.96
edge:declared:db.ShareholdersMeetingAgenda:agenda_head_office_relocation	18049.54,21443.97 18576.9,21635.44
edge:declared:db.ShareholdersMeetingAgenda:agenda_head_office_relocation_aoi_change	17982.75,21522.88 19013.97,23038.63
edge:declared:db.ShareholdersMeetingAgenda:agenda_method_of_giving_public_notice_change	17847.12,21248.88 17496.28,20115.64
edge:declared:db.ShareholdersMeetingAgenda:agenda_new_issue	17729.54,21522.87 17180,22177.52
edge:declared:db.ShareholdersMeetingAgenda:agenda_new_options_rule	18011.81,21522.88 19364.62,23038.63
edge:declared:db.ShareholdersMeetingAgenda:agenda_new_or_change_rsu_rule	17976.56,21522.88 19015.64,23158.63
edge:declared:db.ShareholdersMeetingAgenda:agenda_option_cancel	17729.54,21343.89 16270.24,20960.96
edge:declared:db.ShareholdersMeetingAgenda:agenda_option_grant	17773.88,21248.87 16619.79,19682.56
edge:declared:db.ShareholdersMeetingAgenda:agenda_purpose_change	18003.7,21522.88 19363.47,23154.63
edge:declared:db.ShareholdersMeetingAgenda:agenda_rsu_grant	17729.54,21443.22 14731.59,22541.51
edge:declared:db.ShareholdersMeetingAgenda:agenda_subsidiary_establishment	17729.54,21449.27 15028.06,22544.95
edge:declared:db.ShareholdersMeetingAgenda:meeting	17729.58,21522.87 16852.83,22639.48
edge:declared:db.ShareholdersMeetingConvocationNoticeEmail:shareholders_meeting	18381.15,20754.92 16859.63,22639.48
edge:declared:db.ShareholdersMeetingConvocationNoticeEmailAttachment:convocation_notice_email	19602.89,20459.28 18606.57,20666.68
edge:declared:db.ShareholdersMeetingConvocationNoticeEmailNewIssueAttachment:email	17592.69,21824.47 18401.81,20754.92
edge:declared:db.ShareholdersMeetingConvocationNoticeEmailNewIssueAttachment:new_issue	17592.69,21898.45 17192.03,22347.44
edge:declared:db.ShareholdersMeetingConvocationNoticeEmailRecipient:email_activity_recipient	18297.16,19554 23609.4,23056.19
edge:declared:db.ShareholdersMeetingConvocationNoticeRecipient:bulk_email_recipient	19174.67,21329 18269.29,19438
edge:declared:db.ShareholdersMeetingConvocationNoticeRecipient:convocation_notice_email	19143.81,21329 18475.14,20754.92
edge:declared:db.ShareholdersMeetingConvocationNoticeRecipient:shareholder	19159.89,21419 17720.08,23103.23
edge:declared:db.ShareholdersMeetingDirectorAttendance:stakeholder	15803.33,22310.19 12850.57,19481.54
edge:declared:db.ShareholdersMeetingPowerOfAttorneyIndividualDocument:shareholder	17358.78,23408.6 17513.96,23241.23
edge:declared:db.ShareholdersMeetingShareholderAttendance:meeting	17545.6,23103.23 16926.4,22777.48
edge:declared:db.ShareholdersMeetingShareholderAttendance:original_shareholder	17476.87,23151.55 13333.21,22745.39
edge:declared:db.ShareholdersMeetingShortenPeriodIndividualDocument:shareholder	17327.97,23524.6 17571.42,23241.23
edge:declared:db.ShareholdersMeetingWrittenDecisionIndividualDocument:shareholder	17314.19,23640.6 17597.11,23241.23
edge:declared:db.Stakeholder:company	12793.05,19167.54 16803.09,12683.51
edge:declared:db.Stakeholder:standardized_address	12852.68,19317.61 22563.75,18949.68
edge:declared:db.StakeholderAccount:account	13157.67,18206.73 13691.18,16944.15
edge:declared:db.StakeholderAccount:stakeholder	13126.45,18280.73 12752.83,19167.54
edge:declared:db.StakeholderCustodian:stakeholder	12308.31,19254.63 12520.68,19167.62
edge:declared:db.StakeholderSeat:stakeholder	11726.59,19388.83 12520.68,19321.52
edge:declared:db.StarredQuestionThread:question_thread	19997.31,12727.71 20355.29,12676.22
edge:declared:db.Stock:company	16563.81,18415.79 16945.86,12683.51
edge:declared:db.Stock:share_class	16566.96,18415.79 16577.74,18279.16
edge:declared:db.Stock:shareholder	16452.51,18497.79 13100.14,22666.06
edge:declared:db.StockDocumentAnalysis:document_ai_process_request	25820.92,27607.59 26369.22,27351.41
edge:declared:db.StockDocumentAnalysis:stock_reregistration_event	25769.97,27681.59 25875.47,27819.83
edge:declared:db.StockTransferAgreement:company	17640.04,18574.15 16991.41,12683.51
edge:declared:db.StockTransferAgreement:purchaser	17597.66,18669.29 12852.68,19302.39
edge:declared:db.StockTransferAgreement:sealed_agreement_file	17869.66,18593.55 20048.87,18601.45
edge:declared:db.StockTransferAgreement:seller	17597.66,18687.4 13333.21,22666.06
edge:declared:db.StockTransferAgreement:stock_transfer_event	17597.66,18574.15 17400.27,18464.65
edge:declared:db.StockTransferAgreementClauses:stock_transfer_agreement	18243.98,18583.86 17869.66,18583.86
edge:declared:db.StockTransferAgreementItem:agreement	17072.4,18407.52 17597.66,18602.45
edge:declared:db.StockTransferAgreementItem:share_class	16895.07,18333.52 16707.38,18272.32
edge:declared:db.StockTransferAgreementManagement:company	18156.28,13151.61 17154.62,12575.74
edge:declared:db.StockTransferAgreementManagement:related_tax_advices	18386.06,13160.32 20355.29,12726.51
edge:declared:db.StockTransferAgreementManagement:stock_transfer_agreement	18083.06,13196.61 17869.66,18574.15
edge:declared:db.StockTransferAgreementManagementStakeholderSeat:stakeholder_seat	9775.2,8380.31 11595.79,19362.25
edge:declared:db.StockTransferAgreementManagementStakeholderSeat:stock_transfer_agreement_management	9833.6,8380.31 18193.83,13151.61
edge:declared:db.StockTransferAgreementModusignDocument:stock_transfer_agreement	20006.31,20160.13 17849.63,18728.15
edge:declared:db.StockTransferAgreementModusignEmbeddedDraft:stock_transfer_agreement	20247.62,20554.96 17835.34,18728.15
edge:declared:db.StockTransferAgreementPurchaserInstitution:agreement	18243.85,18817.86 17869.66,18728.11
edge:declared:db.StockTransferAgreementSellerInstitution:agreement	18146.57,18747.54 17869.66,18593.59
edge:declared:db.StockTransferAgreementSurvey:company	22534.15,9836.01 17154.62,12376.77
edge:declared:db.StockTransferPrice:share_class	17220.72,18277.38 16707.38,18237.56
edge:declared:db.StockTransferPrice:stock_transfer_event	17350.12,18325.23 17369.91,18390.65
edge:declared:db.StockUnissuedConfirmationRequest:company	18252.87,15457.32 17058.09,12683.51
edge:declared:db.StockUnissuedConfirmationRequest:stock_unissued_confirmation_file	18297.53,15539.32 20095.96,18269.97
edge:declared:db.StripeCard:customer	6254.03,7287.11 6300.14,7658.11
edge:declared:db.StripePayment:card	5456.35,7938.15 6206.78,7287.11
edge:declared:db.StripePayment:order	5533.09,8007.35 6684.15,8269.15
edge:declared:db.StripePayment:seal_card_return_request	5341.29,8020.15 4633.92,8447.95
edge:declared:db.Subscription:company	20744.39,11264.33 17154.62,12406.08
edge:declared:db.Subscription:subscription_contract	20744.39,11264.6 19607.41,11628.51
edge:declared:db.Subscription:subscription_package	20744.39,11276.29 19876.93,11628.51
edge:declared:db.Subscription:subscription_plan	20822.87,11302.07 20316.3,12015.42
edge:declared:db.Subscription:subscription_policy	20744.39,11290.7 19858.07,11744.51
edge:declared:db.Subscription:subscription_promotion	20744.39,11287.32 19567.76,11860.51
edge:declared:db.SubscriptionBonus:subscription	21487.45,11281.73 21016.39,11234.66
edge:declared:db.SubscriptionContract:company	19375.07,11702.51 17154.62,12406.29
edge:declared:db.SubscriptionModusignDocumentUsageHistory:subscription	23692.37,13376.79 20986.05,11302.07
edge:declared:db.SubscriptionPackage:company	19667.81,11699.01 17154.62,12412.56
edge:declared:db.SubscriptionPaymentRequest:company	20877.64,11789.81 17154.62,12425.12
edge:declared:db.SubscriptionPaymentRequest:subscription	20994.39,11726.35 20898.66,11302.07
edge:declared:db.SubscriptionPenaltyPayment:company	19371.81,11814.04 17154.62,12415.01
edge:declared:db.SubscriptionPenaltyPayment:subscription	19583.48,11744.51 20744.39,11275.96
edge:declared:db.SubscriptionPeriod:subscription	21795.48,10889.5 21016.39,11171.79
edge:declared:db.SubscriptionPerk:subscription	21375.92,10952.83 21003.24,11140.07
edge:declared:db.SubscriptionPlan:permissions	20145.82,12071.71 19951.48,12041.44
edge:declared:db.SubscriptionPlanOffering:subscription_plan	20593.69,11999.5 20405.82,12096.4
edge:declared:db.SubscriptionPlanPerk:subscription_plan	20570.24,11918.8 20405.82,12057.49
edge:declared:db.SubscriptionPolicy:company	19667.81,11810.16 17154.62,12420.38
edge:declared:db.SubscriptionPromotion:company	19373.81,11924.08 17154.62,12423.73
edge:declared:db.SubscriptionReservation:company	19124.6,12165.99 17154.62,12440.08
edge:declared:db.SubscriptionReservation:subscription_plan	19360.6,12140.76 20145.82,12082.13
edge:declared:db.SubscriptionSuspensionHistory:subscription	20935.1,11064.02 20932.97,11140.07
edge:declared:db.TalingCoupon:_company	22862.04,9836.01 17154.62,12381.76
edge:declared:db.TaxBookkeepingServiceRequest:company	20335.59,14002.91 17154.62,12553.11
edge:declared:db.TaxBookkeepingServiceRequest:incorporation_request	20440.21,14084.91 21078.71,15869.89
edge:declared:db.TaxPartnerTbkContract:legal_partner	22529.94,14564.78 21771.74,14950.89
edge:declared:db.TaxPartnerTbkContractItem:tax_partner_tbk_contract	22659.22,14606.8 22628.74,14564.78
edge:declared:db.TaxPartnerTbkSettings:legal_partner	21826.77,15698.88 21656.76,15154.31
edge:declared:db.TbkConsulting:tax_bookkeeping_service_request	20665.39,14112.81 20562.54,14083.26
edge:declared:db.TbkConsulting:tbk_question_thread	20665.39,14159.45 19230.16,14286.97
edge:declared:db.TbkConsultingMemo:tbk_consulting	21214.43,14052.03 20913.39,14120.31
edge:declared:db.TbkConsultingRefusal:incorporation_request	20810.08,15540.71 21043.41,15869.89
edge:declared:db.TbkConsultingStatusLog:tbk_consulting	20832.53,13987.41 20802.51,14099.43
edge:declared:db.TbkContract:tbk_consulting	22065.42,15052.51 20851.61,14197.43
edge:declared:db.TbkContractBenefit:tbk_contract	22161.45,15176.53 22202.41,15134.51
edge:declared:db.TbkContractSettlement:tbk_contract	22126.47,15010.49 22185.13,15052.51
edge:declared:db.ThirdPartyArticleProviderUserRelation:article_provider	20124.45,19992.72 20121.04,19945
edge:declared:db.UserApiKeyCompanyAccess:api_key	17822.83,8189.07 18159.8,7547.8
edge:declared:db.UserApiKeyCompanyAccess:selected_companies	17793.18,8271.07 17007.48,12249.51
edge:declared:db.UserApiKeyCompanyRelation:company	18301.08,7690.44 17025.34,12249.51
edge:declared:db.UserApiKeyCompanyRelation:company_access	18278.7,7690.44 17837.55,8189.07
edge:declared:db.UserApiKeyRevocation:api_key	17878.2,7490 18057.35,7499.93
edge:declared:db.UserInvitation:company	12426.42,11984.63 16774.62,12422.27
edge:declared:db.UserInvitation:company_user_relation	12178.42,11994.27 11111.37,12370.07
edge:declared:db.UserInvitationInvitee:invitation	11108.36,12492.56 12188.7,12007.8
edge:declared:db.UserInvitationInvitee:stakeholder	11062.11,12566.56 12606.37,19167.54
edge:declared:db.UserInvitationOwnerRoleRelation:owner_role	12284.7,11299.76 12356.07,11160.83
edge:declared:db.UserInvitationOwnerRoleRelation:user_invitation	12278.61,11373.76 12299.99,11917.8
edge:declared:db.UserProfileImageMapping:profile_image	21084.25,18820.79 21016.96,18855.01
edge:declared:db.UserSealCardRelation:seal_card	4982.38,8539.63 5129.45,8434.82
edge:declared:db.ValuationHistory:company	23256,9836.01 17154.62,12387.07
edge:declared:db.ValuationServiceRequest:company	17968.74,13356.41 17154.62,12638.09
edge:declared:db.ValuationServiceRequest:company_question_thread	17968.74,13362.56 18968.69,14210.59
edge:declared:db.VcIrRecommendationRequest:venture_capital	31105.72,9777.84 32417.68,12250.52
edge:declared:db.VcIrRecommendationRequestResult:investor_relations	29750.62,8798.41 27472.95,7667.64
edge:declared:db.VcIrRecommendationRequestResult:request	29870.57,8872.41 31031.71,9703.84
edge:declared:db.VcLpReport:venture_capital	32204.65,12996.54 32459.37,12660.52
edge:declared:db.VcLpReportRequest:alimtalk_activity	32656.78,13375.27 31509.88,14070.82
edge:declared:db.VcLpReportRequest:vc_lp_report	32651.51,13293.27 32255.61,13070.54
edge:declared:db.VcLpReportRequestRecipient:alimtalk_activity_recipient	31160.01,13937.63 30763.77,14331.59
edge:declared:db.VcLpReportRequestRecipient:fund_partner	31228.26,13855.63 31312.18,13728.25
edge:declared:db.VcLpReportRequestRecipient:vc_lp_report_request	31312.29,13855.63 32613.34,13375.27
edge:declared:db.VcNameAlias:venture_capital	33219.05,12080.24 32725.46,12435.07
edge:declared:db.VcSearchLog:company	24983.07,5714.77 17154.62,12249.75
edge:declared:db.VcSearchLog:investor_relations	25154.54,5714.77 27169.59,7455.18
edge:declared:db.VcSearchLog:venture_capital	25151.98,5714.77 32357.46,12292.43
edge:declared:db.VcUserRole:venture_capital	28115.64,9285.75 32357.46,12333.41
edge:declared:db.VentureBusinessCertification:attachment	18633.36,15539.32 20120.68,18269.97
edge:declared:db.VentureBusinessCertification:company	18588.77,15457.32 17082.46,12683.51
edge:declared:db.VentureBusinessCertificationExpirationNotificationLog:venture_business_certification	18487.99,15619.4 18557.42,15539.32
edge:declared:db.VentureCapitalEmailTemplates:venture_capital	32929.78,12563.15 32725.46,12563.13
edge:declared:db.VentureCapitalPaymentLink:venture_capital	28658.8,12611.56 32357.46,12462.91
edge:declared:db.VentureCapitalQuarterlyReport:content_template	26693.75,15935.32 27018.95,14941.31
edge:declared:db.VentureCapitalQuarterlyReport:venture_capital	26764.21,15935.32 32357.46,12573.21
edge:declared:db.VentureCapitalQuarterlyReportContentTemplate:venture_capital	27114.31,14867.31 32357.46,12537.29
edge:declared:db.VentureCapitalQuarterlyReportItem:quarterly_report	25201.26,16650.05 26547.37,16049.32
edge:declared:db.VentureCapitalQuarterlyReportItemReply:file_attachment	23374.44,17514.44 20428.87,18341.55
edge:declared:db.VentureCapitalQuarterlyReportItemReply:item	23637.35,17432.44 25027.98,16732.05
edge:declared:db.VentureCapitalQuarterlyReportItemReply:reply	23374.44,17450.38 23259.21,17213.82
edge:declared:db.VentureCapitalQuarterlyReportReply:_deprecated_captable	22921.21,17257.35 20428.87,18341.51
edge:declared:db.VentureCapitalQuarterlyReportReply:company_create_request	22949.1,17127.35 22155.48,16779.67
edge:declared:db.VentureCapitalQuarterlyReportReply:portfolio_company	23182.75,17127.35 27312.72,14371.38
edge:declared:db.VentureCapitalQuarterlyReportReply:quarterly_report	23259.21,17135.02 26528.6,16042.02
edge:declared:db.VentureCapitalSubscription:subscription_plan	33151.48,11067.98 33270.23,11252.78
edge:declared:db.VentureCapitalSubscription:venture_capital	33108.42,11067.98 32648.33,12250.52
edge:declared:db.VentureCapitalSubscriptionPlanPermission:subscription_plan	34225.67,11247.93 33441.08,11286.65
edge:declared:db.VentureCapitalSubscriptionPlanPrice:subscription_plan	33226.5,11911.54 33291.93,11334.78
edge:declared:db.VentureCapitalUserRelation:roles	29255.36,10482.06 28104.1,9285.75
edge:declared:db.VentureCapitalUserRelation:venture_capital	29384.55,10572.06 32357.46,12345.74
edge:declared:db.VentureComplex:address	23478.92,18512.16 22871.75,18818.25
edge:declared:db.VideoCollection:video_contents	18894.86,9480.09 19358.26,8888.25
edge:declared:db.VideoCollectionFeedback:company	18785.67,10080.77 17130.26,12249.51
edge:declared:db.VideoCollectionFeedback:video_collection	18817.17,10006.77 18855.66,9570.09
edge:declared:db.VideoCollectionPermission:company	18784.25,10196.77 17138.59,12249.51
edge:declared:db.VideoCollectionPermission:video_collection	18816.58,10122.77 18856.39,9570.09
edge:declared:db.VideoContentHistory:company	19245.35,9936.84 17154.62,12249.55
edge:declared:db.VideoContentHistory:video_collection	19092.37,9854.84 18891.45,9570.09
edge:declared:db.VideoContentHistory:video_content	19131.88,9854.84 19379.84,8888.25
edge:declared:db.VideoContentSpeecher:video_content	19130.42,8806.23 19276.29,8806.25
edge:declared:db.WhitepaperPreviewFile:whitepaper	5849.24,6322.44 5824.47,6437.36
edge:declared:db.WhitepaperWatermarkFile:whitepaper	6724.36,5947.75 5885.84,6437.36
edge:declared:db.WhtBook:employee	12193.32,15287.47 11784.96,15132.34
edge:declared:db.WhtBook:wht_book_without_date	12210.88,15369.47 12088.98,15469.9
edge:declared:db.WhtBookWithoutDate:employee	12017.31,15469.9 11716.01,15146.87
edge:declared:db.WhtCertificate:employee	13167.54,15122.63 11784.96,15058.39
edge:declared:db.WhtReceipt:employee	12743.76,15146.29 11784.96,15065.22
edge:declared:db.YearEndTaxSettlement:payroll	10871.35,18075.82 8902.29,4901.83
edge:declared:db.YearEndTaxSettlementConfirmationSchedule:year_end_tax_settlement	10519.83,18001.66 10754.08,18079.58
edge:declared:db.YetsAssistance:employee	15432.4,30618.82 10002.77,30427.18
edge:declared:db.YetsAssistanceCreatorYetsEmployee:yets_employee	10828.26,30186.96 10002.77,30386.58
edge:declared:db.YetsAssistanceMessage:assistance	18257.82,30460 15680.4,30615.7
edge:declared:db.YetsAssistanceMessage:creator	18257.82,30442.5 14336.11,30126.15
edge:declared:db.YetsAssistanceMessageFile:message	22158.34,30015.05 18505.82,30438.15
edge:declared:db.YetsAssistanceStaffAccessLog:assistance	14936.38,30737.66 15432.4,30666.19
edge:declared:db.YetsAssistanceStaffFavoriteRelation:assistance	16046.51,30446.39 15680.4,30578.46
edge:declared:db.YetsEmail:year_end_tax_settlement	11685.37,19988.52 10897.53,18165.82
edge:declared:db.YetsEmailAuthentication:yets_employee	9383.75,30936.81 9796.61,30487.01
edge:declared:db.YetsEmployee:employee	9863.78,30357.01 11569.34,15146.87
edge:declared:db.YetsEmployee:year_end_tax_settlement	9861.67,30357.01 10874.34,18165.82
edge:declared:db.YetsEmployeeFile:employee	22592.94,31528.15 10002.77,30434.73
edge:declared:db.YetsEmployeeResult:yets_employee	11132.11,28866.74 9909.59,30357.01
edge:declared:db.YetsEmployeeResultAssistanceMessageRelation:assistance_message	14721.48,29730.99 18257.82,30428.06
edge:declared:db.YetsEmployeeResultAssistanceMessageRelation:result	14391.05,29656.99 11293.02,28853.88
edge:declared:db.YetsEmployeeResultStatusLog:result	11215.41,28930.42 11188.23,28866.74
edge:declared:db.YetsEmployeeResultWhtReceipt:result	21526.93,27736.7 11293.02,28808.75
edge:declared:db.YetsEmployeeSubmissionLog:yets_employee	9936.36,30611.15 9883.79,30487.01
edge:declared:db.YetsEmployeeUploadForm:yets_employee	11442.19,30796.03 10002.77,30456.56
edge:declared:db.YetsEmployeeUploadFormStatusLog:yets_employee_upload_form	11201.4,31511.65 11540.89,30860.86
edge:declared:db.ZuzuTaxPhoneToken:phone	8313.29,12382.39 8097.43,12499.25
edge:declared:document_ai.DocumentAiProcessResult:request	25924.52,29760.47 26440.49,27351.41
edge:declared:fi_sta.FiStaCompanyCeo:fi_sta_company	31002.88,30339.64 30296.38,32704.35
edge:declared:fi_sta.FiStaCompanySearchResult:fi_sta_company	30336.27,31501.21 30285.85,32704.35
edge:declared:fi_sta.FiStaContractDocument:participant	28616.92,33259.03 29025.14,33632.44
edge:declared:fi_sta.FiStaContractDocument:stock_transfer_agreement_document	28443.72,33243.42 26714.66,33653.23
edge:declared:fi_sta.FiStaContractDocument:stock_transfer_notice_poa_document	28582.18,33259.03 28655.86,33488.29
edge:declared:fi_sta.FiStaContractDocument:stock_unissued_confirmation_poa_document	28566.64,33169.03 28497.59,30285.88
edge:declared:fi_sta.FiStaManagement:fi_sta_company	31987.46,35037.47 30314.6,32786.35
edge:declared:fi_sta.FiStaParticipant:fi_sta_user	29192.06,33730.44 30759.02,34407.84
edge:declared:fi_sta.FiStaStockTransferAgreementDocument:starter	26714.66,33692.71 28954.71,33682.03
edge:declared:fi_sta.FiStaStockTransferNoticePoaDocument:signer	28765.13,33562.29 28954.71,33634.33
edge:declared:fi_sta.FiStaStockUnissuedConfirmationPoaDocument:signer	28502.98,30285.88 29070.4,33632.44
edge:declared:fi_sta.FiStaTransferStock:stock_transfer_agreement_document	28098.34,33904.53 26714.66,33716.61
edge:declared:fi_sta.FiStaUser:fi_sta_management	30913.38,34481.84 31946.18,35037.47
edge:declared:vertex_ai.VertexAiPredictionResult:request	33823.33,17455.89 33767.19,17538.45
edge:inheritance:db.AgendaBonusIssueNewIssueBalanceCertificateFile->db.FileAttachment	19497.82,19430.62 20057.27,18703.97
edge:inheritance:db.AgendaBonusIssueNewIssueMinutesFile->db.FileAttachment	19524.51,19249.65 20048.87,18703.97
edge:inheritance:db.Announcement->db.QuestionThread	20757.73,12219.13 20528.17,12588.51
edge:inheritance:db.AppointedDirectorCertificateOfSealDocument->db.MeetingDocument	18295.26,26333.57 16359.35,25962.81
edge:inheritance:db.AppointedDirectorResidentRegistrationDocument->db.MeetingDocument	18742.45,26338.86 16359.35,25957.23
edge:inheritance:db.ArticlesOfIncorporationAfterChangeDocument->db.MeetingDocument	19194.45,26343.33 16359.35,25953.21
edge:inheritance:db.ArticlesOfIncorporationBeforeChangeDocument->db.MeetingDocument	19646.45,26346.69 16359.35,25950.19
edge:inheritance:db.ArticlesOfIncorporationDocument->db.MeetingDocument	18335.43,26449.57 16359.35,25971.76
edge:inheritance:db.AuditReportDocument->db.MeetingDocument	18816.95,26461.6 16359.35,25964.71
edge:inheritance:db.BalanceCertificateDocument->db.MeetingDocument	18044.17,23874.73 16359.35,25732.45
edge:inheritance:db.BeforeunloadPdfEvent->db.PdfEvent	29278.36,11182.08 29778.86,11404.17
edge:inheritance:db.BigNumberValueWithVisibility->db.ValueWithVisibility	32479.43,5898.38 32105.27,5908.89
edge:inheritance:db.BranchAbolitionEvent->db.Event	17316.42,17827.48 16747.44,17001.34
edge:inheritance:db.BranchChangeEvent->db.Event	18873.57,17948.67 16820.37,16960.88
edge:inheritance:db.BranchInstallationEvent->db.Event	18785.59,18222.72 16820.37,16969.82
edge:inheritance:db.BulkEmailCommonAttachment->db.FileAttachment	19167.12,17694.8 20048.87,18346.53
edge:inheritance:db.BulkEmailRecipientAttachment->db.FileAttachment	18993.73,18881.54 20048.87,18601.49
edge:inheritance:db.CapitalChangeEvent->db.Event	16517.13,13144.18 16667.86,16783.34
edge:inheritance:db.CaptableAfterNewIssueDocument->db.MeetingDocument	19224.45,26457.38 16359.35,25959.64
edge:inheritance:db.CaptableAtRecordDateDocument->db.MeetingDocument	19680.45,26461.59 16359.35,25955.83
edge:inheritance:db.CaptableBeforeNewIssueDocument->db.MeetingDocument	18361.77,26565.57 16359.35,25980.71
edge:inheritance:db.CeoAddressChangeEvent->db.Event	16167.71,15868.57 16620.41,16783.34
edge:inheritance:db.CeoConfirmationDocument->db.MeetingDocument	18801.95,26568.74 16359.35,25972.19
edge:inheritance:db.CeoTypeChangedCeoResidentRegistrationDocument->db.MeetingDocument	19216.13,26565.57 16359.35,25966.07
edge:inheritance:db.CertificateOfCorporateSealDocument->db.MeetingDocument	19657.95,26568.26 16359.35,25961.46
edge:inheritance:db.CertificateOfSealNotarizationPoaDocument->db.MeetingDocument	18380.38,26681.57 16359.35,25989.66
edge:inheritance:db.CmeBulkEmail->db.BulkEmail	18058.86,16570.99 15392.91,17250.96
edge:inheritance:db.CmeBulkEmailRecipient->db.BulkEmailRecipient	18774.13,16636.17 18253.05,19324
edge:inheritance:db.CmeBulkEmailTemplate->db.BulkEmailTemplate	19763.55,15103.7 19368.55,15143.63
edge:inheritance:db.CoCeoSystemChangeEvent->db.Event	16808.26,13144.18 16676.32,16783.34
edge:inheritance:db.CompanyAddressChangeEvent->db.Event	18889.63,18072.67 16820.37,16969.35
edge:inheritance:db.CompanyBulkEmailTemplate->db.BulkEmailTemplate	18782.64,14523.17 19120.55,15179.34
edge:inheritance:db.CompanyDocumentDelivery->db.DocumentDelivery	18565.24,12619.79 19426.77,12644.05
edge:inheritance:db.CompanyEndorsementFeed->db.CompanyFeed	24766.72,5438.42 26234.32,4458.76
edge:inheritance:db.CompanyFeed->db.Feed	26302.67,4458.76 26090.7,6748.96
edge:inheritance:db.CompanyIrClosingFeed->db.CompanyFeed	26361.56,6229.24 26308.37,4458.76
edge:inheritance:db.CompanyIrNewCommitFeed->db.CompanyFeed	26767.98,6088.31 26320.62,4458.76
edge:inheritance:db.CompanyIrOpenFeed->db.CompanyFeed	26889.86,5564.31 26331.55,4458.76
edge:inheritance:db.CompanyNewsFeed->db.CompanyFeed	18982.51,8616.21 26210.64,4458.76
edge:inheritance:db.CompanyOwnerAuditLog->db.AuditLog	11821.63,8082.6 17904.55,7199.93
edge:inheritance:db.CompanyPaymentLink->db.PaymentLink	21833.94,12265.61 23370.09,13192.38
edge:inheritance:db.CompanyQuestionThread->db.QuestionThread	19109.89,14210.59 20426.58,12726.51
edge:inheritance:db.CompanyTanTableView->db.TanTableView	14998.42,8002 14130.55,9145.38
edge:inheritance:db.ConsentFormModusignDocument->db.ModusignDocument	23364.09,26424.54 22505.12,20715.46
edge:inheritance:db.ConsentFormModusignEmbeddedDraft->db.ModusignEmbeddedDraft	21829.07,23015.56 21948.32,21965.75
edge:inheritance:db.ConsentFormOptionItem->db.ConsentFormItem	22336.29,24297.48 22851.63,26793.93
edge:inheritance:db.CorporateRegistrationDocument->db.MeetingDocument	18811.2,26681.57 16359.35,25979.68
edge:inheritance:db.CustomOptionGrantContractTemplate->db.OptionGrantContractTemplate	19748.85,16161.77 19540.67,16150.58
edge:inheritance:db.CustomOptionGrantContractTemplateRevision->db.OptionGrantContractTemplateRevision	20572.83,16236.67 20220.85,16677.7
edge:inheritance:db.DebtConfirmationAndOffsetContractDocument->db.MeetingDocument	17980.62,25326.12 16359.35,25869.11
edge:inheritance:db.Director->db.Stakeholder	17271.59,16523.12 12852.68,19223.92
edge:inheritance:db.DirectorAppointmentEvent->db.Event	16500.35,15872.57 16654.59,16783.34
edge:inheritance:db.DirectorCompensationDecisionEvent->db.Event	16170.06,15988.57 16613.75,16783.34
edge:inheritance:db.DirectorCompensationLimitEvent->db.Event	16500.47,15988.57 16652.31,16783.34
edge:inheritance:db.DirectorDecisionDocument->db.MeetingDocument	19250.45,26683.64 16359.35,25972.5
edge:inheritance:db.DirectorResidentRegistrationWithAddressChangeHistoryDocument->db.MeetingDocument	19672.85,26681.57 16359.35,25967.1
edge:inheritance:db.DirectorTermEndEvent->db.Event	16175.65,16112.57 16605.14,16783.34
edge:inheritance:db.DirectorsMeetingMinutesDocument->db.MeetingDocument	18394.22,26797.57 16359.35,25998.61
edge:inheritance:db.DirectorsMeetingNoticeDocument->db.MeetingDocument	18827.75,26797.57 16359.35,25987.16
edge:inheritance:db.DirectorsMeetingNoticeEmail->db.BulkEmail	16627.79,19119.35 15313.62,17319.96
edge:inheritance:db.DirectorsMeetingNoticeEmailRecipient->db.BulkEmailRecipient	17051,19345.62 18112,19377.14
edge:inheritance:db.DirectorsMeetingSkipNoticeDocument->db.MeetingDocument	19261.29,26797.57 16359.35,25978.93
edge:inheritance:db.DocumentLoadedPdfEvent->db.PdfEvent	29694.76,11268.67 29825.28,11404.17
edge:inheritance:db.ESOPParticipant->db.Employee	11966.21,15951.59 11682.66,15146.87
edge:inheritance:db.ElectronicCertificateApplicationFormDocument->db.MeetingDocument	19694.83,26797.57 16359.35,25972.74
edge:inheritance:db.ElectronicCertificateCaseReportDocument->db.MeetingDocument	18404.91,26913.57 16359.35,26007.56
edge:inheritance:db.Employee->db.Stakeholder	11669.89,15146.87 12606.45,19167.54
edge:inheritance:db.EmployeeOptionExerciseEvent->db.Event	17117.7,13144.18 16685.32,16783.34
edge:inheritance:db.EmployeeOptionExerciseManagementEmail->db.BulkEmail	15068.76,15253.63 15225.05,17181.96
edge:inheritance:db.EmployeeOptionGrantee->db.Employee	12117.3,13881.67 11677.91,14944.87
edge:inheritance:db.EmployeeStockGuideEmail->db.BulkEmail	14347.17,17172.52 15132.91,17221.75
edge:inheritance:db.ExpertClientSignupChannel->db.SignupChannel	22888.51,14886.15 23308.26,14608.07
edge:inheritance:db.FeeReceiptDocument->db.MeetingDocument	18840.55,26913.57 16359.35,25994.64
edge:inheritance:db.FileValueWithVisibility->db.ValueWithVisibility	32828.43,5896.66 32105.27,5910.02
edge:inheritance:db.FinancialStatementsDocument->db.MeetingDocument	19276.18,26913.57 16359.35,25985.36
edge:inheritance:db.FinancialStatementsForNewIssueFromConversionDocument->db.MeetingDocument	18475.6,23870.73 16359.35,25769.05
edge:inheritance:db.HrmAlpUsagePlan->db.HrmApprovable	9228.81,18328.19 7694.63,17871.3
edge:inheritance:db.HrmAnnualLeave->db.HrmLeaveBase	8299.29,21689.28 7958.98,21037.87
edge:inheritance:db.HrmAnnualLeaveFiscalBasedConfig->db.HrmAnnualLeaveConfigBase	8543.67,24949.68 8323.84,22601.42
edge:inheritance:db.HrmAnnualLeaveHireBasedConfig->db.HrmAnnualLeaveConfigBase	8257.24,24137.47 8318.89,22601.42
edge:inheritance:db.HrmAttendance->db.HrmApprovable	7896.69,17810.01 7694.63,17825.1
edge:inheritance:db.HrmAttendanceLocation->db.HrmApprovable	9268.8,17066.6 7694.63,17785.37
edge:inheritance:db.HrmCertificateIssue->db.HrmApprovable	9689.82,16333.63 7631.66,17785.37
edge:inheritance:db.HrmCompensatoryLeave->db.HrmLeaveBase	7047.41,20744.9 7754.84,20929.4
edge:inheritance:db.HrmCustomLeave->db.HrmLeaveBase	7381.57,20751.13 7754.84,20907.79
edge:inheritance:db.HrmDeptAbolishedEvent->db.HrmDeptStatusEventBase	5632.28,22514.08 5584.4,21408.54
edge:inheritance:db.HrmDeptCreatedEvent->db.HrmDeptStatusEventBase	5505.24,20734.4 5577.61,21326.54
edge:inheritance:db.HrmDeptNameChangedEvent->db.HrmDeptNameEventBase	4831.37,19817.27 4595.68,20045.4
edge:inheritance:db.HrmDeptNameEventBase->db.HrmDeptEventBase	4596.05,20119.4 4771.09,20287.23
edge:inheritance:db.HrmDeptParentChangedEvent->db.HrmDeptParentEventBase	5065.12,19984.28 5340.53,19998.01
edge:inheritance:db.HrmDeptParentEventBase->db.HrmDeptEventBase	5383.59,20040.9 4884.62,20287.23
edge:inheritance:db.HrmDeptStatusEventBase->db.HrmDeptEventBase	5552.25,21326.54 4837.09,20361.23
edge:inheritance:db.HrmDocument->db.HrmApprovable	6164.19,16731.6 7508.14,17785.37
edge:inheritance:db.HrmEmpAbsenceEvent->db.HrmEmpStatusEventBase	9065.51,15757 9265.9,15852.81
edge:inheritance:db.HrmEmpAffiliationChangedEvent->db.HrmEmpAffiliationEventBase	7783.43,16887.76 7876.96,16929.78
edge:inheritance:db.HrmEmpAffiliationEventBase->db.HrmEmpEventBase	7987.25,16929.78 8416.18,16873
edge:inheritance:db.HrmEmpContractModusignDocument->db.ModusignDocument	25834.82,37860 22508.64,20715.46
edge:inheritance:db.HrmEmpDepartedEvent->db.HrmEmpStatusEventBase	9635.83,15864.46 9513.9,15896.53
edge:inheritance:db.HrmEmpEmploymentTypeChangedEvent->db.HrmEmpEmploymentTypeEventBase	9059.6,17011.76 9047.29,17125.25
edge:inheritance:db.HrmEmpEmploymentTypeEventBase->db.HrmEmpEventBase	8973.14,17125.25 8528.82,16873
edge:inheritance:db.HrmEmpJobChangedEvent->db.HrmEmpJobEventBase	8116.67,16311.1 8087.22,16505.21
edge:inheritance:db.HrmEmpJobEventBase->db.HrmEmpEventBase	8150.56,16579.21 8407.75,16799
edge:inheritance:db.HrmEmpJoinedEvent->db.HrmEmpStatusEventBase	9181.76,16454.04 9368.7,15953.4
edge:inheritance:db.HrmEmpReturnToWorkEvent->db.HrmEmpStatusEventBase	9303.77,15757 9356,15847.4
edge:inheritance:db.HrmEmpStatusEventBase->db.HrmEmpEventBase	9340.39,15953.4 8510.73,16799
edge:inheritance:db.HrmFamilyCareLeave->db.HrmLeaveBase	7047.41,20846.67 7754.84,20945.81
edge:inheritance:db.HrmFixedWork->db.HrmWorkBase	6931.96,18794.21 6898.96,18894.18
edge:inheritance:db.HrmGrantableLeave->db.HrmLeaveBase	8101.87,20243.05 7906.11,20891.87
edge:inheritance:db.HrmInfertilityTreatmentLeave->db.HrmLeaveBase	7424.41,20859.67 7754.84,20934.2
edge:inheritance:db.HrmLeaveUsage->db.HrmApprovable	10256.84,18399.23 7694.63,17860.45
edge:inheritance:db.HrmMaternityLeave->db.HrmLeaveBase	7047.41,21050.19 7754.84,20978.63
edge:inheritance:db.HrmMenstrualLeave->db.HrmLeaveBase	7411.41,21042.92 7754.84,20987.01
edge:inheritance:db.HrmMiscarriageLeave->db.HrmLeaveBase	7047.41,21151.96 7754.84,20995.04
edge:inheritance:db.HrmPaternityLeave->db.HrmLeaveBase	7397.06,21141.13 7754.84,21013.42
edge:inheritance:db.HrmPersonalLocation->db.HrmApprovable	9812.97,16771.49 7642.9,17785.37
edge:inheritance:db.HrmReserveTrainingLeave->db.HrmLeaveBase	7037.45,21257.13 7754.84,21011.45
edge:inheritance:db.HrmSelectiveWork->db.HrmWorkBase	6951.88,19146.18 6887.88,19016.18
edge:inheritance:db.HrmSelectiveWorkPlan->db.HrmApprovable	7634.82,17637.83 7586.63,17785.37
edge:inheritance:db.HrmStaggeredWork->db.HrmWorkBase	6160.22,19507.01 6802.22,19016.18
edge:inheritance:db.IBKSignupChannel->db.SignupChannel	23950.27,14601.39 23556.26,14592.4
edge:inheritance:db.IaCertificateOfInvestmentDocument->db.InvestmentAssociationDocument	31745.77,18592.43 31105.34,19283.62
edge:inheritance:db.IaConsentFormDocument->db.InvestmentAssociationDocument	32171.47,18596.43 31138.85,19283.62
edge:inheritance:db.IaConsentFormOrMeetingElectronicSignatureRequestModusignDocument->db.ModusignDocument	25519.93,21094.49 22628.93,20645.96
edge:inheritance:db.IaConsentFormOrMeetingElectronicSignatureRequestModusignEmbeddedDraft->db.ModusignEmbeddedDraft	26308.91,21428.75 22080.11,21898.96
edge:inheritance:db.IaConsentFormOrMeetingElectronicSignatureRequiredDocument->db.InvestmentAssociationDocument	29652.6,19889.96 30907.53,19405.62
edge:inheritance:db.IaExpertPartnerBulkEmailTemplate->db.BulkEmailTemplate	20490.42,15349.09 19368.55,15158.61
edge:inheritance:db.IaExplanationFormForElectronicSignatureDocument->db.InvestmentAssociationDocument	31587.12,19527.39 31190.68,19393.07
edge:inheritance:db.IaGpAppointmentEvent->db.InvestmentAssociationEvent	30785.61,17871.25 29428.48,17670.84
edge:inheritance:db.IaGpTerminationEvent->db.InvestmentAssociationEvent	31022.78,18158.74 29428.48,17688.51
edge:inheritance:db.IaMeetingAgendaCustom->db.IaMeetingAgenda	31117.26,20827.77 30950.68,20566.87
edge:inheritance:db.IaMeetingMinutesDocument->db.InvestmentAssociationDocument	30601.23,19988.33 31014.99,19405.62
edge:inheritance:db.IaMeetingNoticeDocument->db.InvestmentAssociationDocument	30400.09,19872.31 30985.64,19405.62
edge:inheritance:db.IaMeetingSealedNoticeDocumentFile->db.FileAttachment	28162.26,19738.5 20428.87,18467.73
edge:inheritance:db.IaMeetingShortenPeriodDocument->db.InvestmentAssociationDocument	31735.11,18720.43 31115.57,19283.62
edge:inheritance:db.IaModusignDocumentUsageHistory->db.BaseModusignDocumentUsageHistory	24512.23,14376.1 23529.19,14189.41
edge:inheritance:db.IaOwnerAuditLog->db.AuditLog	22957.5,4905.57 18102.73,7145.81
edge:inheritance:db.IaPartnerListDocument->db.InvestmentAssociationDocument	31065.23,19011.82 31051.77,19283.62
edge:inheritance:db.IaPaymentLink->db.PaymentLink	25190.05,13435.43 23567.07,13251.44
edge:inheritance:db.IaPfCompanyInvestmentSalesIntent->db.SalesIntent	29533.52,21748.01 30851.75,23044.03
edge:inheritance:db.IaQuestionThread->db.QuestionThread	21841.17,11503.04 20566.32,12588.51
edge:inheritance:db.IaRuleDocument->db.InvestmentAssociationDocument	28584.28,19320.46 30904.68,19346.74
edge:inheritance:db.IaSealStampImage->db.FileAttachment	21231.74,18280.68 20428.87,18447.49
edge:inheritance:db.IaWrittenResolutionDocument->db.InvestmentAssociationDocument	32160.6,18720.43 31155.02,19283.62
edge:inheritance:db.ImAcVcBroker->db.ImZuzuBroker	26538.27,12334.43 28243.63,12230.5
edge:inheritance:db.ImIndividualGpBroker->db.ImZuzuBroker	28107.36,12375.35 28299.75,12260.3
edge:inheritance:db.ImInvestorBroker->db.ImBroker	30495.1,12327.05 28954.52,12197.63
edge:inheritance:db.ImIrPartnerBroker->db.ImBroker	27867.2,12093.3 28706.52,12186.58
edge:inheritance:db.ImPitchingDay->db.ImDay	28851.91,10871.61 29354.4,10987.71
edge:inheritance:db.ImPitchingDayParticipation->db.ImDayParticipation	27741.39,9637.82 29146.27,10713.86
edge:inheritance:db.ImZuzuBroker->db.ImBroker	28479.63,12217.53 28706.52,12206.43
edge:inheritance:db.InauguralConsentDocument->db.MeetingDocument	13886.4,22515.75 16049.5,25731.72
edge:inheritance:db.IncorporationRequestAssistanceReceipt->db.FileAttachment	21358.68,17121.6 20428.87,18269.97
edge:inheritance:db.IndividualStakeholder->db.Stakeholder	13107.23,20459.57 12744.85,19481.54
edge:inheritance:db.IndividualStockOptionCancelEvent->db.IndividualInvestorEvent	32901.09,28652.32 31990.47,28038.39
edge:inheritance:db.IndividualStockOptionExerciseEvent->db.IndividualInvestorEvent	33206.59,29717.13 31957.22,28038.39
edge:inheritance:db.IndividualStockOptionGrantEvent->db.IndividualInvestorEvent	32029.29,26310.48 31926.55,27948.39
edge:inheritance:db.IndividualStockOptionPauseEvent->db.IndividualInvestorEvent	28910.64,27308.34 31799.72,27965.2
edge:inheritance:db.IndividualStockOptionResumeEvent->db.IndividualInvestorEvent	29414.66,29352.56 31840.65,28038.39
edge:inheritance:db.IndividualStockOptionSalesIntent->db.SalesIntent	29810.75,23095.46 30782.71,23082.59
edge:inheritance:db.InputSignupChannel->db.SignupChannel	24068.63,15040.74 23471.05,14630.57
edge:inheritance:db.InstitutionStakeholder->db.Stakeholder	12752.37,21124.17 12647.68,19481.54
edge:inheritance:db.InvestmentAssociationAssociationPartner->db.InvestmentAssociationOrganizationPartner	31653.27,15926.57 32550.72,16092.24
edge:inheritance:db.InvestmentAssociationCorporationPartner->db.InvestmentAssociationOrganizationPartner	33325.44,15978.35 32913.72,16080.65
edge:inheritance:db.InvestmentAssociationIndividualPartner->db.InvestmentAssociationPartner	31631.64,17132.57 33524.98,18179.62
edge:inheritance:db.InvestmentAssociationOrganizationPartner->db.InvestmentAssociationPartner	32550.72,16174.71 33631.46,18157.44
edge:inheritance:db.InvestmentAssociationOrganizationPartnerCorporationSigner->db.InvestmentAssociationOrganizationPartnerSigner	32993.2,14920.73 32677.68,15064.75
edge:inheritance:db.InvestmentAssociationOrganizationPartnerIndividualSigner->db.InvestmentAssociationOrganizationPartnerSigner	32463.44,14978.9 32539.31,15064.75
edge:inheritance:db.InvestmentAssociationPartnerSalesIntent->db.SalesIntent	31897.68,21858.4 30930.89,23044.03
edge:inheritance:db.InvestmentContractHolder->db.Stakeholder	13679.77,15964.16 12723.95,19167.54
edge:inheritance:db.InvestorRelations->db.InvestorMatching	27254.67,7713.18 25785.73,10857.81
edge:inheritance:db.IrClosingComplete->db.IrClosing	28314.92,5185.98 29089.26,6665.18
edge:inheritance:db.IrClosingExpired->db.IrClosing	29101.22,7228.66 29109.98,6747.18
edge:inheritance:db.IrClosingIncomplete->db.IrClosing	29845.06,6737.09 29234.73,6711.4
edge:inheritance:db.IrConsultingRequest->db.ImConsultingRequest	25405.77,9929.2 24821.77,9357.14
edge:inheritance:db.IrFeed->db.Feed	26603.57,7706.49 26122.07,6822.96
edge:inheritance:db.IrosOtpIssueMeetingDocument->db.MeetingDocument	11713.29,22971.64 16003.35,25810.91
edge:inheritance:db.LawtalkSignupAttachment->db.FileAttachment	18335.69,15002.08 20102.65,18269.97
edge:inheritance:db.LedgerByCustomerDocument->db.MeetingDocument	18045.68,23994.73 16359.35,25744.07
edge:inheritance:db.LegalPartnerSignupChannel->db.SignupChannel	22791.07,14784.31 23308.26,14590.54
edge:inheritance:db.ManualOptionVesting->db.OptionVesting	15918.27,18553.34 15937.23,18447.59
edge:inheritance:db.ManualProduct->db.Product	23002.66,12165.63 23096.55,12232.37
edge:inheritance:db.MeetingAttachment->db.FileAttachment	18781.21,17721.01 20048.87,18386.64
edge:inheritance:db.Mna->db.InvestorMatching	25452.63,10755.8 25602.64,10857.81
edge:inheritance:db.MnaConsultingRequest->db.ImConsultingRequest	24456.44,9359.53 24665.57,9314.15
edge:inheritance:db.NcpSignupChannel->db.SignupChannel	24520.34,14995.9 23556.26,14630.34
edge:inheritance:db.NewCeoCertificateOfSealDocument->db.MeetingDocument	18850.73,27029.57 16359.35,26002.13
edge:inheritance:db.NewCeoResidentRegistrationDocument->db.MeetingDocument	19288.03,27029.57 16359.35,25991.79
edge:inheritance:db.NewIssueNoticeEmail->db.BulkEmail	15337.92,20663.45 15304.48,17319.96
edge:inheritance:db.NewIssueSkipNoticeDocument->db.MeetingDocument	18468.27,23998.73 16359.35,25778.5
edge:inheritance:db.NewIssueStockAcceptanceDocument->db.MeetingDocument	18391.87,25326.12 16359.35,25880.2
edge:inheritance:db.NewIssueStockAllocationDocument->db.MeetingDocument	18039.17,24122.73 16359.35,25755.69
edge:inheritance:db.NewIssueStockAllocationRecordDateNoticeDocument->db.MeetingDocument	18296.67,24975.96 16359.35,25834.83
edge:inheritance:db.NewIssueStockSubscriptionDocument->db.MeetingDocument	17956.15,25442.12 16359.35,25879.92
edge:inheritance:db.NewIssueStockUnissuedConfirmationDocument->db.MeetingDocument	18361.8,25442.12 16359.35,25889
edge:inheritance:db.NonUnifiedShareManagementSalesIntent->db.SalesIntent	28928.63,24744.1 30856.84,23118.03
edge:inheritance:db.NonUnifiedShareSucPoaModusignDocument->db.ModusignDocument	23242.4,20990.3 22628.93,20687.83
edge:inheritance:db.NotarizationPoaDocument->db.MeetingDocument	19725.34,27029.57 16359.35,25984.01
edge:inheritance:db.OptionExerciseClaimAttachment->db.FileAttachment	14804.7,17526.28 20048.87,18601.37
edge:inheritance:db.OptionExerciseClaimMeetingDocument->db.MeetingDocument	15090.39,21521.53 16128.09,25731.72
edge:inheritance:db.OptionExerciseManagementEmail->db.BulkEmail	15439.34,16592.42 15392.91,17181.96
edge:inheritance:db.OptionGrantContractCeo->db.OptionGrantContractStakeholder	19550.71,15418.83 19366.16,15393.14
edge:inheritance:db.OptionGrantContractFirstRefusalRightHolder->db.OptionGrantContractStakeholder	19514.34,15340.68 19366.16,15357.06
edge:inheritance:db.OptionGrantContractModusignDocument->db.ModusignDocument	21117.76,19594.4 22377.31,20553.46
edge:inheritance:db.OptionGrantContractModusignEmbeddedDraft->db.ModusignEmbeddedDraft	21306.52,20991.71 21918.73,21859.75
edge:inheritance:db.OptionGrantEvent->db.Event	16241.73,18501.5 16643.2,17001.34
edge:inheritance:db.OptionGrantee->db.Stakeholder	15372.93,19177.47 12852.68,19315.45
edge:inheritance:db.OptionWithdrawEvent->db.Event	16808.22,13260.18 16676.45,16783.34
edge:inheritance:db.OtherDocumentArchiveAttachment->db.FileAttachment	20059.32,17121.04 20238.87,18269.97
edge:inheritance:db.PageNumberUpdatedPdfEvent->db.PdfEvent	30137.7,11513.58 29990.68,11445.89
edge:inheritance:db.PayrollStatementEmail->db.BulkEmail	13217.63,17207.3 15132.91,17316.42
edge:inheritance:db.PayrollStatementEmailRecipient->db.BulkEmailRecipient	12891.53,18516.69 18112,19360
edge:inheritance:db.PerformanceRsuVestingItem->db.RsuVestingItem	15880.64,14833.98 15585.58,14854.9
edge:inheritance:db.PeriodPhantomStockVestingItem->db.PhantomStockVestingItem	11802.28,18299.51 11639.24,18016.66
edge:inheritance:db.PeriodRsuVestingItem->db.RsuVestingItem	15849,14742.25 15585.58,14824.82
edge:inheritance:db.PeriodicOptionVesting->db.OptionVesting	15695.98,18526.22 15864.55,18447.59
edge:inheritance:db.PhantomStockCancelEvent->db.Event	17117.56,13260.18 16685.73,16783.34
edge:inheritance:db.PhantomStockExerciseEvent->db.Event	16517.23,13376.18 16667.56,16783.34
edge:inheritance:db.PhantomStockGrantEvent->db.Event	16808.17,13376.18 16676.58,16783.34
edge:inheritance:db.PhantomStockGrantee->db.Stakeholder	12053.74,18206.18 12520.68,19167.54
edge:inheritance:db.PhantomStockPauseEvent->db.Event	16178.17,16280.19 16524.45,16783.34
edge:inheritance:db.PhantomStockResumeEvent->db.Event	16542.1,16335.52 16644.47,16783.34
edge:inheritance:db.PingpongDeliveryAddress->db.Address	22390.65,14307.22 22708.74,18818.25
edge:inheritance:db.Playbook->db.MembershipContent	4432.37,4545.81 4597.68,5002.71
edge:inheritance:db.Post->db.MembershipContent	4164.57,4661.81 4561.56,5002.71
edge:inheritance:db.ProofOfEmploymentDocument->db.MeetingDocument	18420.37,27145.57 16359.35,26025.46
edge:inheritance:db.QuarterlyReportRequestAttachment->db.FileAttachment	24931.19,17274.51 20428.87,18341.59
edge:inheritance:db.QuarterlyReportSignupChannel->db.SignupChannel	25373.2,14921.46 23556.26,14597.38
edge:inheritance:db.QuestionMessageAttachment->db.FileAttachment	19728.47,18859.71 20048.87,18625.72
edge:inheritance:db.RegistrationAssistanceReceipt->db.FileAttachment	20864.26,17005.58 20428.83,18269.97
edge:inheritance:db.RegistrationFormAllInOneDocument->db.MeetingDocument	18859.03,27145.57 16359.35,26009.61
edge:inheritance:db.RegistrationFormAoiChangeDocument->db.MeetingDocument	19297.69,27145.57 16359.35,25998.22
edge:inheritance:db.RegistrationFormBranchChangeDocument->db.MeetingDocument	19736.36,27145.57 16359.35,25989.65
edge:inheritance:db.RegistrationFormCaptableDocument->db.MeetingDocument	19303.65,24130.45 16359.35,25826.2
edge:inheritance:db.RegistrationFormCeoAddressChangeDocument->db.MeetingDocument	18426.13,27261.57 16359.35,26034.41
edge:inheritance:db.RegistrationFormDirectorChangeDocument->db.MeetingDocument	18865.93,27261.57 16359.35,26017.09
edge:inheritance:db.RegistrationFormHeadOfficeInsideRelocationDocument->db.MeetingDocument	20086.87,23339.23 16359.35,25805.28
edge:inheritance:db.RegistrationFormHeadOfficeOutsideRelocationDocument->db.MeetingDocument	20084.49,23455.23 16359.35,25810.54
edge:inheritance:db.RegistrationFormNewIssueDocument->db.MeetingDocument	19305.72,27261.57 16359.35,26004.65
edge:inheritance:db.RegistrationFormNewOptionsRuleDocument->db.MeetingDocument	19745.51,27261.57 16359.35,25995.28
edge:inheritance:db.RegistrationPoaDocument->db.MeetingDocument	18431,27377.57 16359.35,26043.36
edge:inheritance:db.RegularProduct->db.Product	23037.96,12400.11 23117.29,12306.37
edge:inheritance:db.ResignationLetterDocument->db.MeetingDocument	13887.28,22631.75 16044.84,25731.72
edge:inheritance:db.ResignedDirectorCertificateOfSealDocument->db.MeetingDocument	18871.74,27377.57 16359.35,26024.58
edge:inheritance:db.RsaForfeitEvent->db.Event	16350.37,16892.34 16524.37,16892.34
edge:inheritance:db.RsaVestConfirmEvent->db.Event	16911.37,16605.91 16763.32,16783.34
edge:inheritance:db.RsuCancelEvent->db.Event	16517.29,13492.18 16667.4,16783.34
edge:inheritance:db.RsuExerciseClaimCandidateEmailRecipient->db.BulkEmailRecipient	14475.59,16678.12 18163.55,19324
edge:inheritance:db.RsuExerciseEvent->db.Event	16029.39,16505.55 16524.37,16783.34
edge:inheritance:db.RsuExerciseManagementEmail->db.BulkEmail	14514.65,16420.43 15220.17,17181.96
edge:inheritance:db.RsuGrantContractModusignDocument->db.ModusignDocument	21047.99,19309.27 22404.61,20553.46
edge:inheritance:db.RsuGrantEvent->db.Event	16808.12,13492.18 16676.72,16783.34
edge:inheritance:db.RsuGrantee->db.Stakeholder	14205.29,16884.21 12793.09,19167.54
edge:inheritance:db.RsuPauseEvent->db.Event	16176.25,17159.26 16524.37,16969.16
edge:inheritance:db.RsuPerformanceAchievementEvent->db.Event	17117.26,13492.18 16686.63,16783.34
edge:inheritance:db.RsuResumeEvent->db.Event	16441.54,17154.26 16576.31,17001.34
edge:inheritance:db.RtccEmail->db.BulkEmail	15723.42,17001.84 15392.91,17181.96
edge:inheritance:db.RtccInvestorFile->db.FileAttachment	18346.71,18429.28 20048.87,18601.41
edge:inheritance:db.SafeCreateEvent->db.Event	17316.31,17464.71 16795,17001.34
edge:inheritance:db.SalesReportDocument->db.MeetingDocument	19312.49,27377.57 16359.35,26011.08
edge:inheritance:db.SealStampCardContinuedUseApplicationFormDocument->db.MeetingDocument	11715.54,23087.64 16003.35,25815.48
edge:inheritance:db.SealStampDeclarationDocument->db.MeetingDocument	11717.98,23203.64 16003.35,25820.04
edge:inheritance:db.SealStampImage->db.FileAttachment	18087.72,16171.21 20048.87,18270.01
edge:inheritance:db.SealedOptionGrantContractDocument->db.MeetingDocument	19753.23,27377.57 16359.35,26000.92
edge:inheritance:db.SealedOptionGrantShareholdersMeetingResolutionDocument->db.MeetingDocument	18435.16,27493.57 16359.35,26052.31
edge:inheritance:db.Shareholder->db.Stakeholder	13100.12,22666.06 12710.49,19481.54
edge:inheritance:db.ShareholdersAgreementModusignDocument->db.ModusignDocument	21849.29,20600.8 22356.93,20627.35
edge:inheritance:db.ShareholdersAgreementModusignEmbeddedDraft->db.ModusignEmbeddedDraft	21603.37,21988.07 21832.11,21939.23
edge:inheritance:db.ShareholdersCertificateOfSealDocument->db.MeetingDocument	18876.72,27493.57 16359.35,26032.06
edge:inheritance:db.ShareholdersMeetingAuditReportDocument->db.MeetingDocument	19318.28,27493.57 16359.35,26017.51
edge:inheritance:db.ShareholdersMeetingConvocationNoticeEmail->db.BulkEmail	18297.68,20656.92 15325.92,17319.96
edge:inheritance:db.ShareholdersMeetingConvocationNoticeEmailAttachment->db.FileAttachment	19789.39,20385.28 20187.49,18703.97
edge:inheritance:db.ShareholdersMeetingConvocationNoticeEmailRecipient->db.ShareholdersMeetingConvocationNoticeRecipient	18261.01,19554 19173.1,21329
edge:inheritance:db.ShareholdersMeetingConvocationNoticeWrittenRecipient->db.ShareholdersMeetingConvocationNoticeRecipient	19315.46,21683.89 19213.54,21419
edge:inheritance:db.ShareholdersMeetingMinutesDocument->db.MeetingDocument	19759.84,27493.57 16359.35,26006.56
edge:inheritance:db.ShareholdersMeetingNoticeDocument->db.MeetingDocument	18438.76,27609.57 16359.35,26061.26
edge:inheritance:db.ShareholdersMeetingPowerOfAttorneyDocument->db.MeetingDocument	18881.02,27609.57 16359.35,26039.54
edge:inheritance:db.ShareholdersMeetingPowerOfAttorneyIndividualDocument->db.MeetingDocument	17261.79,23482.6 16268.3,25731.72
edge:inheritance:db.ShareholdersMeetingShortenPeriodDocument->db.MeetingDocument	19323.29,27609.57 16359.35,26023.94
edge:inheritance:db.ShareholdersMeetingShortenPeriodIndividualDocument->db.MeetingDocument	17261,23598.6 16272.51,25731.72
edge:inheritance:db.ShareholdersMeetingSkipNoticeDocument->db.MeetingDocument	19765.55,27609.57 16359.35,26012.19
edge:inheritance:db.ShareholdersMeetingWrittenDecisionDocument->db.MeetingDocument	18441.9,27725.57 16359.35,26070.21
edge:inheritance:db.ShareholdersMeetingWrittenDecisionIndividualDocument->db.MeetingDocument	17260.13,23714.6 16277.14,25731.72
edge:inheritance:db.ShareholdersWrittenResolutionDocument->db.MeetingDocument	18884.78,27725.57 16359.35,26047.03
edge:inheritance:db.StockTransferAgreementModusignDocument->db.ModusignDocument	20233.53,20227.98 22356.93,20609.99
edge:inheritance:db.StockTransferAgreementModusignEmbeddedDraft->db.ModusignEmbeddedDraft	20342.97,20628.96 21889.51,21859.75
edge:inheritance:db.SubscriptionModusignDocumentUsageHistory->db.BaseModusignDocumentUsageHistory	23695.14,13450.79 23424.1,14135.45
edge:inheritance:db.TaxReceiptDocument->db.MeetingDocument	19327.66,27725.57 16359.35,26030.38
edge:inheritance:db.Template->db.MembershipContent	4436.04,4661.81 4593.21,5002.71
edge:inheritance:db.TextValueWithVisibility->db.ValueWithVisibility	32495.93,6031.72 32105.27,5939.93
edge:inheritance:db.UserProfileImage->db.FileAttachment	20768.96,18889.59 20428.87,18703.97
edge:inheritance:db.VentureCapitalPaymentLink->db.PaymentLink	28418.8,12631 23567.07,13222.27
edge:inheritance:db.Webinar->db.MembershipContent	4180.85,4777.81 4541.75,5002.71
edge:inheritance:db.Whitepaper->db.MembershipContent	5781.19,6437.36 4651.76,5092.71
edge:inheritance:db.WrittenStatementDocument->db.MeetingDocument	19770.54,27725.57 16359.35,26017.83
edge:inheritance:db.YetsAssistanceCreatorUser->db.YetsAssistanceCreator	13957.16,30303.78 14166.52,30153.63
edge:inheritance:db.YetsAssistanceCreatorYetsEmployee->db.YetsAssistanceCreator	11105.26,30151.89 14100.11,30117.97
edge:inheritance:db.YetsAssistanceMessageFile->db.FileAttachment	22271.78,29964.15 20277.31,18703.97
edge:inheritance:db.YetsEmail->db.BulkEmail	11748.85,19988.52 15174.34,17319.96
edge:inheritance:db.YetsEmployeeFile->db.FileAttachment	22705.93,31501.57 20280.01,18703.97
edge:inheritance:db.YetsEmployeeResultWhtReceipt->db.FileAttachment	21655.73,27685.61 20272.3,18703.97
edge:inheritance:db.ZuzuOptionGrantContractTemplate->db.OptionGrantContractTemplate	19781.36,15969.57 19501.59,16123.84
edge:inheritance:db.ZuzuOptionGrantContractTemplateRevision->db.OptionGrantContractTemplateRevision	20168.25,16333.5 20089.17,16677.7
