edge:declared:db.AgendaBonusIssue:certificate_of_payment_for_the_share_file	18243.91,20179.11 20048.87,18648.12
edge:declared:db.AgendaBonusIssue:meeting_draft	18021.84,20299.12 17456.90,20494.41
edge:declared:db.AgendaBonusIssueNewIssueBalanceCertificateFile:agenda_bonus_issue	18787.74,20140.42 18293.84,20238.16
edge:declared:db.AgendaBonusIssueNewIssueMinutesFile:agenda_bonus_issue	19310.56,19323.65 18248.47,20179.11
edge:declared:db.AgendaBonusIssueSharesToIssue:agenda_bonus_issue	17024.29,18827.92 18098.23,20179.11
edge:declared:db.AgendaBonusIssueSharesToIssue:share_class	16968.33,18753.92 16628.83,18280.77
edge:declared:db.AgendaBorrowCapital:meeting_draft	17501.06,20201.81 17381.83,20405.34
edge:declared:db.AgendaBranchChange:address	18128.21,20015.99 22563.75,18979.25
edge:declared:db.AgendaBranchChange:installation_event	18028.09,19995.97 18837.66,18334.95
edge:declared:db.AgendaBranchChange:meeting_draft	17935.63,20093.97 17456.90,20436.02
edge:declared:db.AgendaCashDividends:meeting_draft	16867.63,20558.28 17136.90,20553.30
edge:declared:db.AgendaCeoAddressChange:meeting_draft	14604.67,22110.30 17136.90,20641.51
edge:declared:db.AgendaCeoAddressChangeItem:agenda_ceo_address_change	13937.85,21259.48 14506.57,22110.30
edge:declared:db.AgendaCeoAddressChangeItem:stakeholder	13889.26,21185.48 12786.39,19481.54
edge:declared:db.AgendaChangeOfAoiClassStock:aoi	19428.65,20567.74 19287.57,20564.69
edge:declared:db.AgendaChangeOfAoiCustom:aoi	19645.76,20183.48 19197.40,20495.73
edge:declared:db.AgendaChangeOfAoiCustom:changed_part	19710.58,20101.48 20167.87,18703.97
edge:declared:db.AgendaChangeOfAoiDirectorCompensationRule:aoi	19579.44,20663.76 19287.57,20600.50
edge:declared:db.AgendaChangeOfAoiNumberOfDirectors:aoi	19269.71,20862.35 19139.77,20625.73
edge:declared:db.AgendaChangeOfAoiThirdPartyAllocation:aoi	19126.69,20738.75 19112.10,20625.73
edge:declared:db.AgendaChangeOfArticlesOfIncorporation:_deprecated_changed_part	19139.90,20495.73 20127.63,18703.97
edge:declared:db.AgendaChangeOfArticlesOfIncorporation:meeting_draft	18920.57,20573.16 17456.90,20672.29
edge:declared:db.AgendaCoCeoSystemChange:meeting_draft	17091.55,21353.83 17259.80,20695.34
edge:declared:db.AgendaCompanyNameChange:meeting_draft	17743.32,20920.77 17456.90,20677.38
edge:declared:db.AgendaCustom:meeting_draft	17019.51,20949.55 17197.71,20695.34
edge:declared:db.AgendaDirectorChange:stakeholder	14330.66,22800.15 12757.04,19481.54
edge:declared:db.AgendaDirectorCompensationItem:director_compensation	15379.44,21343.11 16563.16,21606.42
edge:declared:db.AgendaDirectorCompensationItem:stakeholder	15193.49,21275.30 12852.68,19449.83
edge:declared:db.AgendaDirectorCompensationRule:meeting_draft	17382.95,21130.77 17318.40,20695.34
edge:declared:db.AgendaFinancialStatements:audit_report	18331.89,19833.96 20048.87,18621.18
edge:declared:db.AgendaFinancialStatements:meeting_draft	18191.62,19931.96 17456.90,20439.76
edge:declared:db.AgendaHeadOfficeRelocation:address	18795.41,21613.16 22563.75,19048.08
edge:declared:db.AgendaHeadOfficeRelocation:meeting_draft	18650.07,21613.16 17456.90,20676.01
edge:declared:db.AgendaHeadOfficeRelocationAoiChange:meeting_draft	18576.48,22135.61 17404.88,20695.34
edge:declared:db.AgendaMethodOfGivingPublicNoticeChange:daily_newspaper	17708.95,20515.00 18015.14,15189.67
edge:declared:db.AgendaMethodOfGivingPublicNoticeChange:meeting_draft	17521.66,20570.32 17456.90,20642.44
edge:declared:db.AgendaNewIssue:financial_statements	17120.25,22275.97 20060.27,18703.97
edge:declared:db.AgendaNewIssue:meeting_draft	17061.87,22275.97 17277.15,20695.34
edge:declared:db.AgendaNewIssueItem:new_issue	19391.12,25374.64 17116.54,22445.97
edge:declared:db.AgendaNewIssueItemFromConversion:new_issue_item	19403.23,25767.38 19433.99,25504.64
edge:declared:db.AgendaNewIssueItemFromPayment:new_issue_item	19008.26,25490.84 19311.60,25455.00
edge:declared:db.AgendaNewIssueItemInstitutionMember:institution	20753.81,25947.16 19681.33,24969.16
edge:declared:db.AgendaNewIssueItemInstitutionMemberCeo:member	19914.85,25567.31 20716.31,25947.16
edge:declared:db.AgendaNewIssueItemShareClass:item	19069.31,25213.61 19334.54,25374.64
edge:declared:db.AgendaNewIssueItemShareholder:item	19613.93,24969.16 19465.41,25374.64
edge:declared:db.AgendaNewIssueNewShareClass:new_issue	17326.92,22392.96 17186.29,22376.69
edge:declared:db.AgendaNewOptionsRule:meeting_draft	17415.69,20997.89 17338.21,20695.34
edge:declared:db.AgendaNewOrChangeRsuRule:meeting_draft	17416.82,20790.75 17360.72,20695.34
edge:declared:db.AgendaOptionCancel:meeting_draft	16270.24,20904.06 17136.90,20577.33
edge:declared:db.AgendaOptionCancelGrantee:option_cancel	15939.91,20915.20 16022.24,20923.06
edge:declared:db.AgendaOptionCancelGrantee:option_grantee	15806.41,20862.17 15510.91,19241.94
edge:declared:db.AgendaOptionCancelOption:_deprecated_grantee	15833.14,21016.56 15820.86,20944.17
edge:declared:db.AgendaOptionCancelOption:option_cancel	15931.51,21016.56 16026.86,20977.43
edge:declared:db.AgendaOptionCancelOptionDistribution:option	15738.86,21164.88 15796.18,21098.56
edge:declared:db.AgendaOptionExercise:meeting_draft	14728.03,21868.88 17136.90,20632.04
edge:declared:db.AgendaOptionExerciseClaim:option_exercise	14789.38,21347.23 14645.89,21868.88
edge:declared:db.AgendaOptionExerciseClaim:option_exercise_claim	14787.00,21265.23 13655.92,17870.11
edge:declared:db.AgendaOptionExerciseGrantee:option_exercise	15267.75,21552.73 14717.83,21868.88
edge:declared:db.AgendaOptionExerciseGrantee:option_grantee	15349.66,21462.73 15496.74,19241.94
edge:declared:db.AgendaOptionExerciseGranteeOption:grantee	15299.99,21699.58 15350.62,21552.73
edge:declared:db.AgendaOptionGrant:meeting_draft	16647.93,19663.79 17190.81,20405.34
edge:declared:db.AgendaOptionGrantGrantee:_deprecated_option_grant_event	15918.30,19144.10 16195.15,18622.14
edge:declared:db.AgendaOptionGrantGrantee:option_grant	15975.16,19242.10 16536.31,19573.79
edge:declared:db.AgendaOptionGrantGrantee:option_grantee	15768.26,19191.31 15630.51,19188.03
edge:declared:db.AgendaOptionGrantGrantee:stakeholder	15768.26,19198.20 12852.68,19318.23
edge:declared:db.AgendaPurposeChange:meeting_draft	18691.79,22517.53 17400.08,20695.34
edge:declared:db.AgendaPurposeChangeItem:agenda_purpose_change	18982.39,23247.81 18738.21,22599.53
edge:declared:db.AgendaRsuGrant:meeting_draft	16691.60,20725.08 17136.90,20568.97
edge:declared:db.AgendaRsuGrantGrantee:rsu	14937.91,18087.11 16006.81,15335.13
edge:declared:db.AgendaRsuGrantGrantee:rsu_grant	14946.63,18169.11 16467.23,20707.99
edge:declared:db.AgendaRsuGrantGrantee:stakeholder	14845.31,18169.11 12852.68,19233.37
edge:declared:db.AgendaSubsidiaryEstablishment:meeting_draft	16667.54,21456.61 17194.96,20695.34
edge:declared:db.AgendaTemplate:company	23193.48,8416.32 17154.62,12342.97
edge:declared:db.AiPayrollLedger:payroll	7845.43,5338.72 8879.68,4949.87
edge:declared:db.AlimtalkActivityRecipient:activity	30835.01,14331.59 31347.38,14144.82
edge:declared:db.AlimtalkActivityRecipientStatusHistory:recipient	30686.05,14462.19 30705.84,14413.59
edge:declared:db.AllocatedSeat:stakeholder	11234.36,13426.76 12648.02,19167.54
edge:declared:db.Announcement:company_set	20652.83,12197.71 17154.62,12452.16
edge:declared:db.Announcement:subscription_plan_set	20652.83,12155.28 20530.42,12109.53
edge:declared:db.AnnualSalary:employee	12585.21,14978.72 11784.96,15035.75
edge:declared:db.AnnualSalary:ledger	12821.21,14988.22 13485.23,15088.98
edge:declared:db.Article:third_party_provider	20158.97,19557.91 20125.13,19871.00
edge:declared:db.Article:thumbnail_image	20166.51,19475.91 20224.87,18703.97
edge:declared:db.ArticlePublishHistory:article	20250.42,19754.05 20178.45,19557.91
edge:declared:db.ArticlesOfIncorporation:_deprecated_daily_newspaper	17831.25,15297.22 17969.90,15189.67
edge:declared:db.ArticlesOfIncorporation:articles_of_incorporation_file	17802.92,15411.22 20067.79,18269.97
edge:declared:db.ArticlesOfIncorporation:company	17742.13,15297.22 17025.36,12683.51
edge:declared:db.ArticlesOfIncorporation:source_meeting	17760.17,15411.22 17846.79,17463.80
edge:declared:db.ArticlesOfIncorporationAnalyzationRequest:company	15257.39,7959.65 16883.82,12249.51
edge:declared:db.ArticlesOfIncorporationAnalyzationResult:request	13319.72,7967.89 15060.86,7926.94
edge:declared:db.AuditLog:actor_api_key	18260.75,7229.40 18161.25,7465.80
edge:declared:db.AvailableModusignRequest:company	21318.15,20580.00 17081.06,12683.51
edge:declared:db.AvailableModusignRequest:modusign_account	21361.98,20580.00 21405.80,20512.37
edge:declared:db.BalanceCertificateDocument:new_issue_agenda	15389.59,22443.05 16914.29,22366.41
edge:declared:db.BalanceCertificateDocument:option_exercise_agenda	15185.76,22409.87 14687.69,21966.88
edge:declared:db.BaseModusignDocumentUsageHistory:modusign_document	23544.96,13861.64 22513.76,20564.89
edge:declared:db.BaseModusignDocumentUsageHistory:purchase	23395.80,13820.34 22046.88,13817.73
edge:declared:db.BranchAbolitionEvent:installation_event	18826.65,18131.39 18850.48,18236.95
edge:declared:db.BranchChangeEvent:address	19405.56,18532.63 22563.75,18924.16
edge:declared:db.BranchChangeEvent:installation_event	19207.11,18476.26 18950.52,18334.95
edge:declared:db.BranchInstallationEvent:address	18985.54,18307.09 22563.75,18917.00
edge:declared:db.BulkEmail:sender_mail_integration	15128.96,17202.39 14951.29,17135.95
edge:declared:db.BulkEmail:template_revision	15388.96,17213.54 17672.39,16555.47
edge:declared:db.BulkEmailCommonAttachment:bulk_email	16826.24,17352.77 15388.96,17259.44
edge:declared:db.BulkEmailRecipient:bulk_email	17789.38,19064.66 15355.23,17320.00
edge:declared:db.BulkEmailRecipient:email_activity_recipient	17965.48,19178.66 23649.84,23064.19
edge:declared:db.BulkEmailRecipientAttachment:recipient	19337.08,18745.07 18012.49,19089.85
edge:declared:db.BulkEmailTemplateRevision:template	17831.25,16483.83 19201.48,15179.34
edge:declared:db.BusinessPlan:company	15568.53,11975.94 16774.62,12399.75
edge:declared:db.BusinessPlanAiAnalysis:business_plan_ai_review	14144.48,11163.46 15315.10,11753.84
edge:declared:db.BusinessPlanAiAnalysisItem:ai_analysis_feedback	12876.48,10539.60 12613.80,10401.16
edge:declared:db.BusinessPlanAiAnalysisItem:business_plan_ai_analysis	13038.17,10621.60 13995.41,11089.46
edge:declared:db.BusinessPlanAiAnalysisItemImprovement:ai_analysis_feedback	12569.51,10496.90 12550.81,10401.16
edge:declared:db.BusinessPlanAiAnalysisItemImprovement:business_plan_ai_analysis_item	12748.23,10555.11 12821.28,10564.15
edge:declared:db.BusinessPlanAiReview:business_plan	15415.41,11835.84 15446.07,11901.94
edge:declared:db.BusinessPlanAiReview:company	15492.13,11835.84 16774.62,12385.13
edge:declared:db.BusinessRegistrationCertificate:company	22885.37,8792.01 17154.62,12348.59
edge:declared:db.CaptableRequest:captable_file	18347.98,15387.93 20101.19,18269.97
edge:declared:db.CaptableRequest:company	18291.51,15305.93 17066.03,12683.51
edge:declared:db.CashIncentive:category	13426.72,13851.79 14664.99,13369.36
edge:declared:db.CashIncentive:employee	13261.64,13933.79 11784.96,14945.50
edge:declared:db.CashIncentiveCategory:company	14854.18,13295.36 16774.62,12540.29
edge:declared:db.CashIncentiveItem:cash_incentive	13017.29,13946.14 13197.48,13914.54
edge:declared:db.CashPayment:purchase	22004.82,14078.50 21941.45,13922.18
edge:declared:db.CeoAddressChangeEvent:director	16993.70,15983.87 17320.16,16370.13
edge:declared:db.Charge:credit	20228.78,13649.92 20360.37,13802.52
edge:declared:db.Charge:meeting	20169.25,13649.92 17919.63,17463.80
edge:declared:db.CmeBulkEmail:cme	18217.46,16505.41 19868.72,14548.89
edge:declared:db.CmeBulkEmailRecipient:_deprecated_cme_bulk_email	18716.56,16637.75 18306.86,16556.50
edge:declared:db.CmeBulkEmailRecipient:cme_company	18844.87,16621.34 19104.63,14147.59
edge:declared:db.CmeBulkEmailTemplate:cme	19780.58,15039.99 19911.70,14548.89
edge:declared:db.CmeCompany:company	19051.58,14033.59 17154.62,12609.18
edge:declared:db.CmeCompany:company_managing_entity	19242.87,14147.59 19793.58,14419.66
edge:declared:db.CmeCompany:contact_set	19250.62,14147.59 20236.27,14603.87
edge:declared:db.CmeCompanyContact:cme_company	19485.20,14163.64 19257.49,14117.14
edge:declared:db.CmeCompanyContactNotificationSettings:cme_company_contact	19582.71,14108.06 19593.69,14150.74
edge:declared:db.CmeCompanyDirectorTermManagement:cme_company	19466.14,13992.05 19257.49,14052.76
edge:declared:db.CmeCompanyNote:cme_company	19202.94,13898.34 19149.86,14033.59
edge:declared:db.CmeCompanyRegistration:cme_contact	20237.69,14735.89 20283.95,14693.87
edge:declared:db.CmeCompanyRegistration:company_managing_entity	20154.92,14735.89 19983.25,14548.89
edge:declared:db.CmeCompanyRegistrationFile:cme_company_registration	20297.67,14859.91 20244.47,14817.89
edge:declared:db.CmeContact:company_managing_entity	20221.68,14603.87 20053.58,14536.21
edge:declared:db.CmeMemberRelation:company_managing_entity	20232.98,14465.66 20053.58,14476.23
edge:declared:db.Company:sso_configuration	16774.62,12485.34 16258.36,12525.45
edge:declared:db.CompanyAddressChangeEvent:address	19485.89,18400.32 22563.75,18917.38
edge:declared:db.CompanyAppointedTransferAgentChange:company	23146.01,9036.72 17154.62,12355.98
edge:declared:db.CompanyAuthorizedSharesChange:company	23719.05,8816.95 17154.62,12362.77
edge:declared:db.CompanyBenefit:company	22682.86,9124.50 17154.62,12355.47
edge:declared:db.CompanyBulkEmailTemplate:company	18830.66,14449.17 17154.62,12668.38
edge:declared:db.CompanyCreateAssignmentReadiness:company	17990.29,10299.46 17068.23,12249.51
edge:declared:db.CompanyCreateProgress:company_create_request	22249.75,16731.64 22155.48,16726.66
edge:declared:db.CompanyCreateRequest:address	22045.72,16784.79 22678.83,18818.25
edge:declared:db.CompanyCreateRequest:articles_of_incorporation_attachment	21959.77,16784.79 20428.87,18299.04
edge:declared:db.CompanyCreateRequest:company	21948.14,16654.79 17154.62,12626.19
edge:declared:db.CompanyDepartment:department_code	12579.77,14084.79 12566.32,14002.25
edge:declared:db.CompanyDepartmentCode:organization_chart	12682.33,13913.38 14114.06,13461.71
edge:declared:db.CompanyDocumentAIAnalysis:company	19096.10,15915.53 17098.73,12683.51
edge:declared:db.CompanyDocumentAIAnalysis:file	19139.55,15997.53 20143.05,18269.97
edge:declared:db.CompanyDocumentDelivery:company	18329.24,12604.53 17154.62,12485.73
edge:declared:db.CompanyEndorsement:company	22866.83,6559.55 17154.62,12276.38
edge:declared:db.CompanyEndorsementFeed:company_endorsement	24742.30,5796.92 22986.90,6485.55
edge:declared:db.CompanyExpertClientRelation:company	20847.99,14467.72 17154.62,12564.42
edge:declared:db.CompanyExpertClientRelation:expert_client	20924.86,14541.72 20964.16,14631.17
edge:declared:db.CompanyFeed:company	24695.53,4444.91 17154.62,12269.25
edge:declared:db.CompanyFeedAccessLog:company_feeds	34766.82,3994.09 24870.61,4386.99
edge:declared:db.CompanyFeedAccessLog:venture_capital	34874.58,4027.53 32598.21,12250.52
edge:declared:db.CompanyFeedRating:company_feed	26763.45,3682.53 24870.61,4348.30
edge:declared:db.CompanyGuideState:company	19097.28,12692.26 17154.62,12489.70
edge:declared:db.CompanyInvestmentContractInfo:company	19658.67,13049.57 17154.62,12511.04
edge:declared:db.CompanyInvestorInterest:company	27258.20,8288.00 17154.62,12390.97
edge:declared:db.CompanyInvestorInterest:venture_capital	27394.94,8288.00 32357.46,12311.99
edge:declared:db.CompanyInvitation:invitee	20558.35,9408.20 17154.62,12299.34
edge:declared:db.CompanyIrClosingFeed:investor_relations	26389.46,6303.24 27225.34,7455.18
edge:declared:db.CompanyIrNewCommitFeed:investor_relations	26791.32,6162.31 27271.08,7455.18
edge:declared:db.CompanyIrOpenFeed:investor_relations	26914.79,5638.31 27292.16,7455.18
edge:declared:db.CompanyIrSetting:company	20432.33,9172.18 17154.62,12286.01
edge:declared:db.CompanyLegalPartnerRelation:company	21402.68,14388.89 17154.62,12548.81
edge:declared:db.CompanyLegalPartnerRelation:legal_partner	21496.89,14462.89 21537.00,14631.67
edge:declared:db.CompanyManagementAssignment:company	18328.07,9003.53 17047.58,12249.51
edge:declared:db.CompanyManagingEntity:expert_client	20053.58,14508.48 20861.68,14657.33
edge:declared:db.CompanyManagingEntity:expert_partner	20053.58,14505.47 21412.71,14731.10
edge:declared:db.CompanyManagingEntity:holding_company	19944.22,14418.89 19957.56,14376.87
edge:declared:db.CompanyMethodOfGivingPublicNoticeChange:company	17572.35,14576.04 17026.09,12683.51
edge:declared:db.CompanyMethodOfGivingPublicNoticeChange:daily_newspaper	17613.01,14650.04 17983.88,15107.67
edge:declared:db.CompanyMnaSetting:company	23690.20,9024.01 17154.62,12369.26
edge:declared:db.CompanyNameChange:company	14789.25,10909.21 16774.62,12330.49
edge:declared:db.CompanyNews:company	18461.02,8603.88 17046.15,12249.51
edge:declared:db.CompanyNewsFeed:company_news	19193.80,7790.55 18514.99,8521.88
edge:declared:db.CompanyNewsLink:company_news	18794.16,7767.92 18493.29,8521.88
edge:declared:db.CompanyNotificationSetting:company	16246.27,11572.57 16790.24,12249.51
edge:declared:db.CompanyNotificationTrigger:notification_setting	15968.98,11035.81 16198.21,11498.57
edge:declared:db.CompanyOptionRule:company	19349.16,13256.10 17154.62,12533.61
edge:declared:db.CompanyOverview:company	18319.44,10308.74 17100.87,12249.51
edge:declared:db.CompanyOwnerAddRequest:company	23687.71,9140.01 17154.62,12372.50
edge:declared:db.CompanyOwnerAuditLog:company	11815.29,8130.32 16774.62,12309.02
edge:declared:db.CompanyOwnerAuditLogOwnerRoleRelation:company_owner_audit_log	12318.63,8780.70 11799.36,8130.32
edge:declared:db.CompanyOwnerAuditLogOwnerRoleRelation:owner_role	12348.04,8854.70 12375.05,11063.48
edge:declared:db.CompanyOwnerNotificationTrigger:trigger	15885.61,11171.54 15936.72,11035.81
edge:declared:db.CompanyParValueChange:_deprecated_articles_of_incorporation	17655.20,15096.56 17735.07,15297.22
edge:declared:db.CompanyParValueChange:company	17631.45,15022.56 17019.47,12683.51
edge:declared:db.CompanyPaymentLink:company	21589.32,12215.95 17154.62,12456.22
edge:declared:db.CompanyPolicyFile:company	22081.90,8701.37 17154.62,12326.71
edge:declared:db.CompanyProfileAccessLog:company	27196.10,8513.52 17154.62,12393.10
edge:declared:db.CompanyProfileAccessLog:venture_capital	27340.68,8513.52 32357.46,12316.05
edge:declared:db.CompanyPromotionWinLog:company	15694.29,8258.37 16899.11,12249.51
edge:declared:db.CompanyPromotionWinLog:prize_type	15805.91,8206.31 16506.76,8143.78
edge:declared:db.CompanyPromotionWinLog:promotion	15738.88,8258.37 16220.86,8605.24
edge:declared:db.CompanyPurposeChange:company	17592.49,14162.01 17044.98,12683.51
edge:declared:db.CompanyPurposeChangeItem:company_purpose_change	17711.74,14399.58 17625.66,14236.01
edge:declared:db.CompanyPurposeChangeItem:industrial_code	17747.73,14473.58 17847.48,14697.07
edge:declared:db.CompanyQuestionThread:company	18985.06,14210.59 17154.62,12630.52
edge:declared:db.CompanyQuestionThread:expert_partner	19230.16,14325.78 21412.71,14728.27
edge:declared:db.CompanyRegistrationAssignment:company	23878.67,9912.84 17154.62,12396.12
edge:declared:db.CompanyRegistrationAssignmentLog:company	20005.77,11855.07 17154.62,12428.31
edge:declared:db.CompanyRsuRule:_deprecate_articles_of_incorporation	17666.37,15213.50 17720.74,15297.22
edge:declared:db.CompanyRsuRule:company	17629.53,15139.50 17017.13,12683.51
edge:declared:db.CompanySsoEmailDomain:configuration	15292.07,12507.05 16010.36,12530.95
edge:declared:db.CompanySsoIdentity:configuration	15926.77,12620.66 16025.20,12580.08
edge:declared:db.CompanyStockTransferRestrictedChange:company	20567.71,9836.36 17154.62,12327.82
edge:declared:db.CompanyStockValue:company	21311.22,10886.54 17154.62,12397.95
edge:declared:db.CompanyTag:company_set	22040.63,9026.43 17154.62,12337.74
edge:declared:db.CompanyTanTableView:company	13113.21,10055.47 16774.62,12347.57
edge:declared:db.CompanyTodo:company	23322.85,9383.75 17154.62,12373.25
edge:declared:db.CompanyUpdateRequest:change_detection	18399.72,14007.99 18479.06,14402.39
edge:declared:db.CompanyUpdateRequest:company	18352.52,13925.99 17154.62,12665.25
edge:declared:db.CompanyUpdateRequest:company_question_thread	18480.06,14007.99 18946.16,14223.72
edge:declared:db.CompanyUserRelation:company	11111.37,12402.89 16774.62,12464.44
edge:declared:db.CompanyUserRelation:stakeholder	10999.40,12450.54 12648.14,19167.54
edge:declared:db.CompanyUserRelationOwnerRoleRelation:company_user_relation	11702.03,11588.14 11030.42,12352.54
edge:declared:db.CompanyUserRelationOwnerRoleRelation:owner_role	11787.79,11514.14 12302.01,11161.48
edge:declared:db.ConsentForm:investor	25305.98,36661.19 13259.22,22796.06
edge:declared:db.ConsentForm:item	25336.21,36661.19 22868.69,26867.93
edge:declared:db.ConsentForm:uploaded_consent_form_file	25334.82,36661.19 20299.98,18703.97
edge:declared:db.ConsentFormModusignDocument:consent_form	23654.43,26893.60 25340.10,36661.19
edge:declared:db.ConsentFormModusignEmbeddedDraft:consent_form	23001.51,24449.07 25338.71,36661.19
edge:declared:db.CorporateRegistration:attachment	19001.24,15660.65 20143.85,18269.97
edge:declared:db.CorporateRegistration:company	18948.38,15562.65 17103.66,12683.51
edge:declared:db.CorporateRegistrationChangeConfirmation:change_detection	18667.31,14299.71 18543.53,14402.39
edge:declared:db.CorporateRegistrationChangeConfirmation:staff_review_required_question_thread	18883.41,14274.48 18946.16,14278.79
edge:declared:db.CorporateRegistrationChangeDetection:company	18452.53,14402.39 17132.67,12683.51
edge:declared:db.CorporateRegistrationChangeDetection:xml_file	18511.39,14500.39 20144.72,18269.97
edge:declared:db.CorporateRegistrationChangeDetectionParseResult:change_detection	18514.95,14159.78 18493.39,14402.39
edge:declared:db.CorporateRegistrationExtractionLog:corporate_registration_issue_log	20337.61,16046.65 20409.24,16004.63
edge:declared:db.CorporateRegistrationIssueCoupon:company	18583.56,13516.63 17154.62,12606.79
edge:declared:db.CorporateRegistrationIssueCouponIssueLog:coupon	18974.40,13765.79 18712.25,13598.63
edge:declared:db.CorporateRegistrationIssueCouponUseRequest:coupon	19233.37,14666.40 18669.60,13598.63
edge:declared:db.CorporateRegistrationIssueCouponUseResult:corporate_registration	19160.79,15595.71 19103.78,15599.72
edge:declared:db.CorporateRegistrationIssueCouponUseResult:log	19478.83,15623.15 20352.28,15908.41
edge:declared:db.CorporateRegistrationIssueCouponUseResult:request	19348.65,15541.15 19257.28,14740.40
edge:declared:db.CorporateRegistrationIssueLog:_deprecated_staff_review_required_question_thread	20451.22,15906.63 19163.65,14388.59
edge:declared:db.CorporateRegistrationIssueLog:pdf_file	20487.87,16004.63 20260.64,18269.97
edge:declared:db.CorporateRegistrationIssueMaintenance:third_party_api_notice	29446.82,15830.26 28922.56,15812.21
edge:declared:db.CorporateRegistrationIssueRequest:delivery	19215.60,12490.52 19319.37,12448.50
edge:declared:db.CorporateRegistrationPaidIssue:company	19888.94,13769.86 17154.62,12551.19
edge:declared:db.CorporateRegistrationPaidIssue:corporate_registration	19958.14,13851.86 19007.02,15562.65
edge:declared:db.CorporationPostRegistrationEmail:company	15086.07,7834.54 16878.84,12249.51
edge:declared:db.CorporationPostRegistrationScheduledEmail:corporation_post_registration_email	16227.37,7731.40 15216.55,7789.22
edge:declared:db.CorporationPostRegistrationScheduledEmailPeriodicTaskRelation:corporation_post_registration_scheduled_email	16133.66,7626.57 16318.33,7701.22
edge:declared:db.Credit:company	20302.12,13802.52 17154.62,12542.55
edge:declared:db.CreditCard:company	22822.84,13369.51 17154.62,12495.80
edge:declared:db.CreditCard:investment_association	23013.52,13437.62 27213.38,16524.28
edge:declared:db.CreditCard:legal_partner	22897.41,13437.62 21692.81,14631.67
edge:declared:db.CreditCard:venture_capital	23070.84,13376.57 32357.46,12473.41
edge:declared:db.CreditUse:credit	21318.79,13902.13 20538.53,13855.01
edge:declared:db.CreditUse:purchase	21554.79,13885.74 21750.88,13846.67
edge:declared:db.CsAgentResponse:inquiry_thread_message	23485.51,11406.95 22884.51,11478.69
edge:declared:db.CsAgentResponseFeedBack:cs_agent_response	23916.39,11337.81 23733.51,11371.38
edge:declared:db.DebtConfirmationAndOffsetContractDocument:new_issue_item	18259.10,25293.47 19311.60,25423.57
edge:declared:db.DepartmentStaffUserRelation:department	18333.43,31815.04 16423.26,32255.76
edge:declared:db.DirectorAppointmentEvent:director	16994.64,16255.91 17271.28,16380.04
edge:declared:db.DirectorCompensationDecisionEvent:director	17269.56,17007.47 17377.47,16516.13
edge:declared:db.DirectorCompensationLimitEvent:director	17272.88,16648.76 17359.57,16516.13
edge:declared:db.DirectorTermEndEvent:appointment_event	17011.24,16390.83 16928.43,16255.91
edge:declared:db.DirectorTermEndEvent:director	17161.51,16435.09 17271.28,16437.97
edge:declared:db.DirectorVote:agenda	16171.55,20674.50 16394.12,20917.80
edge:declared:db.DirectorVote:attended_director	16103.55,20600.50 16002.71,20491.25
edge:declared:db.DirectorVotingRightsPerAgenda:agenda	16037.08,20811.89 16326.53,20938.99
edge:declared:db.DirectorVotingRightsPerAgenda:director	15952.93,20737.89 15953.64,20491.25
edge:declared:db.DirectorsMeeting:chairperson	16430.79,20244.41 16094.23,20377.25
edge:declared:db.DirectorsMeeting:meeting	16590.74,20143.28 17791.36,17697.80
edge:declared:db.DirectorsMeeting:sealed_meeting_minutes_file	16690.79,20143.48 20048.87,18573.01
edge:declared:db.DirectorsMeetingAgenda:agenda_bonus_issue	16610.53,20946.84 18021.84,20313.17
edge:declared:db.DirectorsMeetingAgenda:agenda_branch_change	16610.53,20921.49 17926.30,20093.97
edge:declared:db.DirectorsMeetingAgenda:agenda_co_ceo_system_change	16610.53,21098.84 17015.89,21353.83
edge:declared:db.DirectorsMeetingAgenda:agenda_custom	16610.53,21005.06 16866.77,20995.28
edge:declared:db.DirectorsMeetingAgenda:agenda_director_change	16356.99,21103.80 14416.42,22800.15
edge:declared:db.DirectorsMeetingAgenda:agenda_director_compensation_decision	16503.26,21103.80 16673.48,21592.40
edge:declared:db.DirectorsMeetingAgenda:agenda_financial_statements	16610.53,20921.53 18184.58,19931.96
edge:declared:db.DirectorsMeetingAgenda:agenda_head_office_relocation	16610.53,21052.18 18588.05,21628.43
edge:declared:db.DirectorsMeetingAgenda:agenda_new_issue	16508.60,21103.80 17013.67,22275.97
edge:declared:db.DirectorsMeetingAgenda:agenda_option_cancel	16326.53,20974.51 16270.24,20960.12
edge:declared:db.DirectorsMeetingAgenda:agenda_rsu_grant	16544.90,20917.80 16599.70,20797.99
edge:declared:db.DirectorsMeetingAgenda:agenda_shareholders_meeting_convocation	16610.53,21095.21 16757.04,21189.54
edge:declared:db.DirectorsMeetingAgenda:agenda_subsidiary_establishment	16500.08,21103.80 16624.65,21456.61
edge:declared:db.DirectorsMeetingAgenda:meeting	16476.32,20917.80 16553.57,20265.28
edge:declared:db.DirectorsMeetingDirectorAttendance:stakeholder	15784.82,20378.13 12852.68,19380.79
edge:declared:db.DirectorsMeetingNoticeEmail:directors_meeting	16696.90,19210.36 16569.14,20143.28
edge:declared:db.DirectorsMeetingNoticeEmailRecipient:director	16835.36,19443.27 16000.76,20377.25
edge:declared:db.DirectorsMeetingNoticeEmailRecipient:email	16845.01,19361.27 16737.19,19210.36
edge:declared:db.DocumentDelivery:delivery	19675.67,12608.37 20164.07,12440.78
edge:declared:db.DocumentDeliveryQuestionThreadRelation:document_delivery	19916.26,12639.90 19675.94,12644.02
edge:declared:db.DocumentDeliveryQuestionThreadRelation:question_thread	20259.26,12644.82 20355.29,12649.22
edge:declared:db.DocumentParseResult:attachment	19943.73,16883.72 19947.55,17069.33
edge:declared:db.DormantUserEmail:user	5118.93,30184.37 3994.36,31157.77
edge:declared:db.DormantUserPhone:user	4524.61,29620.53 3962.00,31157.77
edge:declared:db.DormantUserReactivationToken:user	5253.19,30317.38 4007.75,31157.77
edge:declared:db.ESOP:company	12323.06,16462.53 16774.62,12629.46
edge:declared:db.ESOP:shareholder	12265.54,16576.53 13193.15,22666.06
edge:declared:db.ESOPParticipant:esop	12103.17,16040.01 12238.59,16462.53
edge:declared:db.EditableCompanyOwnerAuditLog:company	23682.17,9372.01 17154.62,12378.98
edge:declared:db.ElectronicCertificate:company	17782.63,16942.01 17004.28,12683.51
edge:declared:db.ElectronicCertificate:director	17720.95,16942.01 17512.22,16516.13
edge:declared:db.ElectronicCertificateApplicationFormDocument:stakeholder	11392.66,25795.70 12652.52,19481.54
edge:declared:db.ElectronicCertificateCaseReportDocument:stakeholder	11012.54,25535.08 12639.25,19481.54
edge:declared:db.ElectronicCertificateFileDownloadHistory:file_uploaded	18544.26,17247.62 18453.99,17175.35
edge:declared:db.ElectronicCertificateFileUploadRequest:electronic_certificate	18036.17,16987.49 17914.85,16982.08
edge:declared:db.ElectronicCertificateFileUploaded:file_upload_request	18355.99,17101.35 18259.13,17032.13
edge:declared:db.ElectronicCertificateReturnRequest:electronic_certificate	21185.51,19055.24 17914.85,17032.01
edge:declared:db.ElectronicCertificateReturnRequest:recipient_address	21398.32,19076.53 22563.75,18956.83
edge:declared:db.EmailActivityRecipient:email_activity	23723.99,23162.19 23848.97,25638.19
edge:declared:db.EmailActivityRecipientStatusHistory:recipient	24056.68,24590.59 23732.64,23162.19
edge:declared:db.EmailVerification:email	23516.23,4779.00 23091.35,4553.93
edge:declared:db.Employee:department_code_set	11727.58,14944.87 12517.28,14002.25
edge:declared:db.Employee:group_set	11784.96,14967.30 13716.61,13917.18
edge:declared:db.EmployeeDepartmentCodeRelation:department_code	12040.18,14303.50 12485.84,14002.25
edge:declared:db.EmployeeDepartmentCodeRelation:employee	11967.48,14377.50 11692.00,14944.87
edge:declared:db.EmployeeGroup:company	13867.81,13843.18 16774.62,12549.63
edge:declared:db.EmployeeNumber:company	13838.48,13991.70 16774.62,12556.77
edge:declared:db.EmployeeNumber:employee	13685.44,14065.70 11784.96,14975.06
edge:declared:db.EmployeeOption:company	12978.87,12783.67 16774.62,12482.22
edge:declared:db.EmployeeOption:grantee	12817.69,12846.52 11877.29,14187.06
edge:declared:db.EmployeeOptionExerciseCandidate:management	13174.81,13482.22 14640.01,14836.53
edge:declared:db.EmployeeOptionExerciseCandidate:option	13106.95,13392.22 12877.19,12846.52
edge:declared:db.EmployeeOptionExerciseCandidate:option_exercise_claim	13274.13,13397.95 14584.09,13050.36
edge:declared:db.EmployeeOptionExerciseCandidateFile:candidate	13395.70,12879.89 13147.90,13392.22
edge:declared:db.EmployeeOptionExerciseClaim:company	14850.09,13006.42 16774.62,12515.02
edge:declared:db.EmployeeOptionExerciseClaimOption:option	13760.37,12783.46 12978.87,12792.14
edge:declared:db.EmployeeOptionExerciseClaimOption:option_exercise_claim	14027.70,12817.28 14590.40,12999.38
edge:declared:db.EmployeeOptionExerciseManagement:company	14716.10,14836.53 16774.62,12669.39
edge:declared:db.EmployeeOptionExerciseManagementEmail:management	15019.44,15179.63 14723.61,14918.53
edge:declared:db.EmployeeOptionVesting:employee_option	12261.69,12994.30 12730.87,12835.49
edge:declared:db.EmployeeOptionVestingItem:option_vesting	12087.72,13212.55 12132.41,13065.89
edge:declared:db.EmployeeOptionVestingTraceable:option	12823.25,13149.49 12850.16,12846.52
edge:declared:db.EmployeeStock:participant	12158.33,15907.99 12125.44,15950.01
edge:declared:db.EmployeeStockGuide:esop	12513.38,16464.15 12386.86,16491.46
edge:declared:db.EmployeeStockGuideAudience:employee_stock_guide	12764.86,15910.18 12647.11,16406.38
edge:declared:db.EmployeeStockGuideAudience:participant	12645.80,15893.19 12214.21,15963.14
edge:declared:db.EmployeeStockGuideEmail:employee_stock_guide	14124.48,17056.89 12737.41,16488.38
edge:declared:db.EmployeeStockTag:category	12522.27,16057.04 12373.18,16115.24
edge:declared:db.EmployeeStockTag:employee_stock_set	12503.30,15980.35 12251.88,15907.99
edge:declared:db.EmployeeStockTag:esop	12595.91,16057.04 12298.65,16462.53
edge:declared:db.EmployeeStockTagCategory:esop	12308.36,16189.24 12265.75,16462.53
edge:declared:db.EmployeeStockWithdrawRequest:account	12902.21,17018.98 13627.21,16897.05
edge:declared:db.EmployeeStockWithdrawRequest:esop	12736.34,17002.11 12313.49,16576.53
edge:declared:db.EmploymentCertificateDocumentRequest:company	15320.84,13412.97 16774.62,12571.06
edge:declared:db.EmploymentCertificateDocumentRequest:history	15178.49,13486.97 12821.55,14598.40
edge:declared:db.EmploymentStatusHistory:connected_hrm_status_event	12608.10,14688.40 9561.43,15823.58
edge:declared:db.EmploymentStatusHistory:employee	12606.32,14688.40 11784.96,14993.18
edge:declared:db.EmploymentStatusHistory:related_events	12806.96,14688.40 16539.11,16804.52
edge:declared:db.Event:company	16693.95,16779.43 16951.00,12683.51
edge:declared:db.EventAttachment:company	16831.11,14819.50 16956.00,12683.51
edge:declared:db.EventAttachment:event	16826.39,14893.50 16695.95,16779.43
edge:declared:db.ExpertClientIncorporationSupport:contact_set	20664.31,14827.17 20417.91,14693.87
edge:declared:db.ExpertClientIncorporationSupport:expert_client	20791.14,14827.17 20913.13,14729.17
edge:declared:db.ExpertClientIncorporationSupport:incorporation_request	20754.01,14909.17 21080.00,15869.89
edge:declared:db.ExpertClientSignupChannel:expert_client	22636.40,14923.88 21109.68,14697.13
edge:declared:db.ExpertClientTaxServiceSettings:expert_client	20969.43,14960.31 20982.84,14729.17
edge:declared:db.ExpertClientTaxServiceSettings:legal_partner	21064.14,14960.31 21412.71,14819.07
edge:declared:db.ExpressDelivery1:order_status_history	5842.05,9819.60 5897.44,9962.89
edge:declared:db.ExpressDelivery1:seal_card_return_status_history	5709.75,9791.83 5625.38,9798.43
edge:declared:db.ExternalStockInfo:company	17586.59,8484.83 16998.52,12249.51
edge:declared:db.FABContent:thumbnail_image	21129.54,17944.57 20428.87,18371.26
edge:declared:db.FinancialAccount:institution	13743.78,16827.20 13718.63,16661.35
edge:declared:db.FinancialStatementsForNewIssueFromConversionDocument:new_issue	16863.05,23943.37 17039.37,22445.97
edge:declared:db.Fund:fund_partners	29882.14,14058.87 31113.09,13787.91
edge:declared:db.Fund:portfolio_company_set	29634.14,14096.84 27535.26,14277.68
edge:declared:db.Fund:venture_capital	29833.81,14041.16 32357.46,12540.47
edge:declared:db.FundPartner:venture_capital	31278.40,13715.09 32357.46,12644.03
edge:declared:db.FundingNewsDistributionServiceRequest:company	18749.63,15114.71 17110.89,12683.51
edge:declared:db.FundingNewsDistributionServiceRequest:company_question_thread	18796.08,15114.71 19056.27,14388.59
edge:declared:db.FundingNewsDistributionServiceRequest:logo	18799.69,15204.71 20143.73,18269.97
edge:declared:db.HelpTemplate:partners_to_share	10255.45,9109.46 21412.71,14679.79
edge:declared:db.Hrm:company	5517.40,16065.54 16774.62,12526.25
edge:declared:db.HrmAlpConfig:hrm	4141.43,15859.59 5197.40,16082.12
edge:declared:db.HrmAlpConfigIndivApprovalTemplateRel:alp_config	4327.95,15618.32 4075.50,15797.72
edge:declared:db.HrmAlpExcludedEmp:emp	9547.49,17976.80 9052.82,18071.71
edge:declared:db.HrmAlpLaborReceiptRefusal:emp	9197.19,18834.94 8955.77,18277.71
edge:declared:db.HrmAlpTarget:emp	9214.73,18516.08 9021.24,18277.71
edge:declared:db.HrmAlpUsageDesignation:target	9524.55,18615.32 9372.01,18583.19
edge:declared:db.HrmAlpUsageDesignationDate:leave_usage	10121.44,18447.38 10262.52,18441.80
edge:declared:db.HrmAlpUsageDesignationDate:usage_designation	9923.23,18494.34 9713.76,18603.17
edge:declared:db.HrmAlpUsagePlan:target	9429.46,18263.53 9270.77,18516.08
edge:declared:db.HrmAlpUsagePlanDate:usage_plan	9685.67,18196.67 9579.22,18208.62
edge:declared:db.HrmAnnualLeaveAdjustment:emp	9338.47,18077.26 9052.82,18094.39
edge:declared:db.HrmAnnualLeaveConfigBase:annual_leave	8320.97,22527.42 8333.24,21763.28
edge:declared:db.HrmApproval:approvable	7925.76,18062.64 7652.50,17891.58
edge:declared:db.HrmApproval:requestor	8121.65,18107.33 8708.82,18105.88
edge:declared:db.HrmApprovalLine:actual_approver	8283.17,18215.39 8708.82,18136.56
edge:declared:db.HrmApprovalLine:approval	8124.96,18197.35 8061.51,18152.64
edge:declared:db.HrmApprovalLine:approver	8077.39,18279.35 7666.42,18485.38
edge:declared:db.HrmApprovalReview:approval	7842.84,18271.91 7955.24,18152.64
edge:declared:db.HrmApprovalReview:approver	7757.11,18345.91 7614.79,18485.38
edge:declared:db.HrmApprovalTemplate:hrm	6753.54,17758.31 5470.85,16256.84
edge:declared:db.HrmApprovalTemplateLine:approver	7437.83,18392.46 7516.07,18485.38
edge:declared:db.HrmApprovalTemplateLine:template	7362.70,18318.46 6833.91,17840.31
edge:declared:db.HrmApprovalTemplateReview:approver	7185.24,18357.51 7450.68,18485.38
edge:declared:db.HrmApprovalTemplateReview:template	7080.05,18283.51 6813.25,17840.31
edge:declared:db.HrmApprover:dept	7436.70,18502.95 5814.25,18049.94
edge:declared:db.HrmApprover:emp	7684.70,18497.65 8708.82,18161.21
edge:declared:db.HrmAttendance:emp	8186.12,17879.49 8708.82,18043.93
edge:declared:db.HrmAttendanceItem:attendance	8411.65,17726.44 8186.12,17800.02
edge:declared:db.HrmAttendanceItem:emp	8571.98,17728.09 8752.39,17931.71
edge:declared:db.HrmAttendanceLocation:attendance_item	9321.09,17156.78 8596.37,17646.09
edge:declared:db.HrmAttendanceLocation:ongoing_attendance	9507.29,17156.78 9920.39,17321.03
edge:declared:db.HrmAttendanceLocation:personal_location	9436.33,17058.78 10097.35,16351.01
edge:declared:db.HrmAttendanceLocation:work_location	9357.81,17058.78 8111.51,15424.97
edge:declared:db.HrmCertificateConfig:hrm	4947.95,16165.95 5197.40,16135.42
edge:declared:db.HrmCertificateConfigIndividualApprovalTemplateRelation:certificate_config	4345.48,16614.59 4788.67,16217.39
edge:declared:db.HrmCertificateIssue:connected_status_event	9687.48,16289.02 9469.04,15922.78
edge:declared:db.HrmCertificateIssue:emp	9694.27,16371.02 8963.36,17931.71
edge:declared:db.HrmCommonLocation:work_location_config	9269.15,15599.40 9750.70,15600.26
edge:declared:db.HrmConciergeRequest:company	18318.88,10614.11 17121.55,12249.51
edge:declared:db.HrmDailyLeaveUsageItem:usage	9410.35,20641.31 10367.13,18493.65
edge:declared:db.HrmDept:hrm	5673.68,17952.64 5379.80,16256.84
edge:declared:db.HrmDeptName:dept	4721.63,19529.86 5645.52,18074.64
edge:declared:db.HrmDeptName:event	4688.95,19603.86 4567.63,20045.40
edge:declared:db.HrmDeptParent:dept	5320.75,19521.19 5669.54,18074.64
edge:declared:db.HrmDeptParent:event	5325.37,19603.19 5446.23,19966.90
edge:declared:db.HrmDeptReorg:hrm	4893.33,15381.55 5268.29,15974.84
edge:declared:db.HrmDeptStatus:dept	5741.31,19746.40 5686.26,18074.64
edge:declared:db.HrmDeptStatus:event	5739.37,19820.40 5586.78,21326.54
edge:declared:db.HrmDocument:emp	7146.92,15650.14 8760.98,17931.71
edge:declared:db.HrmDocument:form	7052.15,15552.14 5862.66,14582.57
edge:declared:db.HrmDocument:hrm	6988.26,15637.60 5517.40,16070.07
edge:declared:db.HrmDocumentDraft:emp	6357.90,14103.40 8774.17,17931.71
edge:declared:db.HrmDocumentDraft:form	6281.62,14103.40 5856.79,14484.57
edge:declared:db.HrmDocumentDraftFieldAttachment:field_value	6064.52,11388.31 5315.04,12889.69
edge:declared:db.HrmDocumentDraftFieldMultiSelectValue:field_value	5153.01,13277.11 5274.24,12979.69
edge:declared:db.HrmDocumentDraftFieldMultiSelectValue:selected_option	5094.41,13351.11 4965.75,13460.49
edge:declared:db.HrmDocumentDraftFieldValue:draft	5346.00,12979.69 6294.68,14021.40
edge:declared:db.HrmDocumentDraftFieldValue:field_definition	5235.51,12979.69 4020.74,13937.59
edge:declared:db.HrmDocumentFieldAttachment:field_value	5335.23,14225.99 5576.12,14169.82
edge:declared:db.HrmDocumentFieldMultiSelectValue:field_value	5446.26,13872.64 5657.54,14095.91
edge:declared:db.HrmDocumentFieldMultiSelectValue:selected_option	5373.07,13798.64 4980.38,13542.49
edge:declared:db.HrmDocumentFieldValue:document	5743.82,14185.91 7064.88,15552.14
edge:declared:db.HrmDocumentFieldValue:field_definition	5576.12,14129.90 4111.67,13999.90
edge:declared:db.HrmDocumentForm:hrm	5787.82,14582.57 5379.84,15974.84
edge:declared:db.HrmDocumentFormFieldDefinition:form	4111.67,14026.41 5678.18,14496.37
edge:declared:db.HrmDocumentFormFieldSelectOption:field_definition	4836.23,13542.49 4052.89,13937.59
edge:declared:db.HrmDocumentFormIndividualApprovalTemplateRelation:document_form	5125.43,14672.91 5678.18,14559.10
edge:declared:db.HrmEmp:connected_employee	9037.04,17931.71 11551.76,15146.87
edge:declared:db.HrmEmp:hrm	8708.82,18007.62 5517.40,16206.16
edge:declared:db.HrmEmpAffiliation:emp	7390.61,17797.21 8708.82,18067.60
edge:declared:db.HrmEmpAffiliation:event	7304.51,17730.78 8081.26,17107.32
edge:declared:db.HrmEmpAffiliationDept:affiliation	6965.21,17458.57 7202.06,17730.78
edge:declared:db.HrmEmpAffiliationDept:dept	6858.68,17458.57 5814.25,17978.43
edge:declared:db.HrmEmpContract:emp	8603.82,32403.55 8879.77,18277.71
edge:declared:db.HrmEmpContract:mgmt	8594.17,32403.55 6660.89,23447.59
edge:declared:db.HrmEmpContractCommonVar:hrm	5629.01,15684.21 5446.13,15974.84
edge:declared:db.HrmEmpContractMgmt:hrm	6644.68,23365.59 5381.24,16256.84
edge:declared:db.HrmEmpContractMgmt:template_revision	6588.83,23365.59 5058.61,22372.00
edge:declared:db.HrmEmpContractModusignDocument:hrm_emp_contract	26006.87,37840.46 8727.02,32483.00
edge:declared:db.HrmEmpContractTemplate:hrm	4209.21,19737.27 5312.70,16256.84
edge:declared:db.HrmEmpContractTemplateRevision:template	4977.91,22290.00 4208.96,19811.27
edge:declared:db.HrmEmpContractTemplateRevisionSigner:revision	4399.75,22823.82 4941.47,22372.00
edge:declared:db.HrmEmpEmploymentType:emp	8919.53,17710.09 8899.21,17931.71
edge:declared:db.HrmEmpEmploymentType:event	8914.19,17636.09 8849.42,17365.62
edge:declared:db.HrmEmpJob:emp	7447.43,16801.93 8708.82,17944.81
edge:declared:db.HrmEmpJob:event	7512.93,16714.29 7971.63,16621.19
edge:declared:db.HrmEmpJob:level	7264.93,16755.68 6944.03,16773.16
edge:declared:db.HrmEmpJob:position	7302.87,16695.93 7014.28,16518.21
edge:declared:db.HrmEmpJob:role	7264.93,16722.30 6770.30,16616.07
edge:declared:db.HrmEmpJob:title	7335.73,16695.93 6614.47,15977.34
edge:declared:db.HrmEmpJobLevel:hrm	6745.29,16751.88 5517.40,16189.16
edge:declared:db.HrmEmpJobPosition:hrm	6826.30,16454.04 5517.40,16152.68
edge:declared:db.HrmEmpJobRole:hrm	6552.77,16560.21 5517.40,16175.32
edge:declared:db.HrmEmpJobTitle:hrm	6457.77,15957.34 5517.40,16092.79
edge:declared:db.HrmEmpMov:hrm	5936.54,15803.89 5517.40,16029.66
edge:declared:db.HrmEmpReturnToWorkEvent:absence_event	9160.10,15720.00 9087.10,15720.00
edge:declared:db.HrmEmpSalaryAccount:emp	11779.84,16607.62 9052.82,18025.16
edge:declared:db.HrmEmpSalaryAccount:institution	11969.02,16570.67 13655.52,16571.35
edge:declared:db.HrmEmpStatus:emp	10219.92,16212.93 9019.36,17931.71
edge:declared:db.HrmEmpStatus:event	10141.65,16138.93 9561.43,15917.17
edge:declared:db.HrmEmpUserInvitation:emp	7315.44,17933.45 8708.82,18082.18
edge:declared:db.HrmEmpUserInvitation:hrm	7149.86,17879.21 5504.59,16256.84
edge:declared:db.HrmEmpUserInvitationInvitee:invitation	7410.51,18161.48 7228.67,17961.21
edge:declared:db.HrmEmpWorkAssignment:emp	7977.84,18818.64 8708.82,18240.70
edge:declared:db.HrmEmpWorkAssignment:work	7813.04,18866.90 7029.91,18957.88
edge:declared:db.HrmEmpWorkLocationAssignment:work_location	8488.40,16143.72 8100.38,15424.97
edge:declared:db.HrmEmpWorkLocationAssignment:work_location_config	8502.92,16217.72 8406.48,16603.29
edge:declared:db.HrmEmpWorkLocationConfig:emp	8410.01,16685.29 8829.15,17931.71
edge:declared:db.HrmEmpWorkLocationConfig:work_location_set	8385.82,16603.29 8086.88,15424.97
edge:declared:db.HrmFixedWorkSchedule:fixed_work	6992.19,18678.19 6963.99,18720.21
edge:declared:db.HrmGoogleCalendarIntegration:hrm	5188.55,15497.55 5318.89,15974.84
edge:declared:db.HrmLeaveBase:hrm	7845.90,20880.78 5430.85,16256.84
edge:declared:db.HrmLeaveCommonConfig:leave	7047.41,20948.22 7748.03,20952.88
edge:declared:db.HrmLeaveGrant:emp	8396.18,19187.45 8803.38,18277.71
edge:declared:db.HrmLeaveGrant:grantable_leave	8369.44,19261.45 8119.79,20169.05
edge:declared:db.HrmLeaveIndividualApprovalTemplateRelation:leave	6651.43,19983.44 7791.30,20880.78
edge:declared:db.HrmLeaveUsage:emp	10262.52,18408.01 9052.82,18141.47
edge:declared:db.HrmLeaveUsage:leave	10335.80,18493.65 7956.78,20880.78
edge:declared:db.HrmLeaveUsageAttachment:usage	10614.44,19332.28 10406.64,18493.65
edge:declared:db.HrmLeaveUsageItem:emp	9017.30,19307.81 8903.59,18277.71
edge:declared:db.HrmLeaveUsageItem:leave	8992.95,19389.81 7942.65,20880.78
edge:declared:db.HrmLeaveUsageItem:usage	9083.50,19307.81 10308.22,18493.65
edge:declared:db.HrmOngoingAttendance:emp	9960.69,17403.03 9052.82,17995.52
edge:declared:db.HrmOngoingAttendanceClockedSchedule:ongoing_attendance	10427.31,17144.97 10099.78,17321.03
edge:declared:db.HrmPersonalLocation:hrm_emp	10107.60,16351.01 8991.30,17931.71
edge:declared:db.HrmPersonalLocation:work_location_config	10123.25,16261.01 9892.00,15641.48
edge:declared:db.HrmRequestor:dept	6339.03,19176.76 5718.59,18074.64
edge:declared:db.HrmRequestor:emp	6443.98,19176.76 8708.82,18178.35
edge:declared:db.HrmSelectiveWorkPlan:emp	7774.83,17636.69 8708.82,18033.41
edge:declared:db.HrmSelectiveWorkPlanConfig:selective_work	6894.39,19518.18 6993.40,19333.76
edge:declared:db.HrmSelectiveWorkPlanItem:emp	7638.59,18079.50 8708.82,18101.22
edge:declared:db.HrmSelectiveWorkPlanItem:plan	7530.74,18040.07 7664.69,17636.69
edge:declared:db.HrmSelectiveWorkSchedule:selective_work	7209.88,19235.09 7141.56,19254.16
edge:declared:db.HrmSelectiveWorkSettlementConfig:selective_work	6499.11,19518.18 6915.87,19333.76
edge:declared:db.HrmSigner:hrm	5064.94,15997.31 5197.40,16051.00
edge:declared:db.HrmSlackChannelConfig:integration	4986.69,16450.02 5018.12,16614.07
edge:declared:db.HrmSlackIntegration:hrm	5047.68,16614.07 5264.62,16256.84
edge:declared:db.HrmStaffNote:hrm	4744.20,16050.00 5197.40,16098.66
edge:declared:db.HrmStaggeredWorkSchedule:staggered_work	6585.24,20425.06 6128.29,19581.01
edge:declared:db.HrmStandardWork:hrm	4847.42,17194.54 5274.80,16256.84
edge:declared:db.HrmStandardWorkSchedule:standard_work	4544.50,17649.62 4805.24,17268.54
edge:declared:db.HrmTag:hrm_set	4912.56,15729.55 5197.40,15976.90
edge:declared:db.HrmWorkAutoClockOutConfig:work	6516.95,18946.60 6769.91,18964.03
edge:declared:db.HrmWorkBase:emp_set	7029.91,18915.86 8708.82,18178.11
edge:declared:db.HrmWorkBase:hrm	6866.97,18911.98 5433.40,16256.84
edge:declared:db.HrmWorkIndividualApprovalTemplateRelation:work	7247.46,19035.82 7029.91,18996.49
edge:declared:db.HrmWorkLocation:hrm	7949.93,15409.82 5517.40,16073.81
edge:declared:db.HrmWorkLocationGpsConfig:work_location	9750.70,15584.65 8197.93,15389.53
edge:declared:db.HrmWorkOvertime:work	6575.42,18862.60 6769.91,18928.76
edge:declared:db.IBKSignupChannel:ibk_user_login_token	24052.24,14567.08 24030.86,14517.72
edge:declared:db.IBKUserLoginToken:ibk_user	24032.88,14443.72 24053.39,14401.70
edge:declared:db.IaAccountInfo:investment_association	29931.92,18190.68 27521.38,16730.73
edge:declared:db.IaCertificateOfInvestmentDocument:partner	31933.75,18532.17 33528.48,18288.00
edge:declared:db.IaCertificateOfInvestmentDocumentRecipient:certificate_of_investment_document_email	3845.59,20069.67 3826.20,20147.16
edge:declared:db.IaConfirmationRequest:investment_association	23265.13,18875.55 27213.38,16721.48
edge:declared:db.IaConfirmationRequest:partner_list_file	23001.15,18893.82 20428.87,18514.95
edge:declared:db.IaConsentForm:consent_form_or_meeting	30221.57,18736.53 29504.97,19194.43
edge:declared:db.IaConsentFormDocument:consent_form	31271.26,18533.10 30424.97,18675.11
edge:declared:db.IaConsentFormDocument:partner	31554.19,18473.84 33528.48,18279.01
edge:declared:db.IaConsentFormOrMeeting:investment_association	29285.94,19194.43 27460.99,16770.46
edge:declared:db.IaConsentFormOrMeetingDocumentGeneration:consent_form_or_meeting	29658.24,19221.63 29518.34,19232.49
edge:declared:db.IaConsentFormOrMeetingDocumentGenerationItem:document	30627.60,19194.59 30910.51,19292.82
edge:declared:db.IaConsentFormOrMeetingDocumentGenerationItem:generation	30334.00,19168.96 30001.24,19188.86
edge:declared:db.IaConsentFormOrMeetingElectronicSignatureRequest:document	28846.84,20741.91 29504.47,19989.87
edge:declared:db.IaConsentFormOrMeetingElectronicSignatureRequestModusignDocument:electronic_signature_request	26624.33,20824.28 28602.49,20797.58
edge:declared:db.IaConsentFormOrMeetingElectronicSignatureRequestModusignEmbeddedDraft:electronic_signature_request	26661.26,21716.63 28677.48,20847.91
edge:declared:db.IaConsentFormOrMeetingElectronicSignatureRequestStatusHistory:electronic_signature_request	28876.87,21472.29 28806.47,20847.91
edge:declared:db.IaConsentFormOrMeetingElectronicSignatureRequestUploadedModusignDocument:electronic_signature_request	26479.34,21166.99 28602.49,20826.65
edge:declared:db.IaConsentFormOrMeetingElectronicSignatureRequiredDocument:consent_form_or_meeting	29504.62,19883.87 29340.73,19300.43
edge:declared:db.IaConsentFormOrMeetingElectronicSignatureRequiredDocument:edited_file	29331.01,19905.97 20428.87,18516.74
edge:declared:db.IaConsentFormOrMeetingElectronicSignatureRequiredDocument:partner	29660.80,19883.87 33528.48,18327.15
edge:declared:db.IaConsentFormOrMeetingEsigRequiredDocumentPageRange:esig_required_document	30283.13,19427.67 29607.50,19883.87
edge:declared:db.IaConsentFormOrMeetingEsigRequiredDocumentPageRange:page_range_document	30535.15,19377.84 30910.51,19352.23
edge:declared:db.IaConsentFormOrMeetingGuideEmail:consent_form_or_meeting	29648.61,18923.28 29378.61,19194.43
edge:declared:db.IaConsentFormOrMeetingGuideEmailRecipient:consent_form_or_meeting_guide_email	29663.61,18710.10 29686.54,18849.28
edge:declared:db.IaDocumentArchive:investment_association	28742.79,15038.08 27481.76,16504.46
edge:declared:db.IaDocumentArchiveAttachment:ia_document_archive	28521.96,15099.00 28679.15,15038.08
edge:declared:db.IaExpertPartnerBulkEmailTemplate:legal_partner	20892.48,15219.13 21412.71,14859.65
edge:declared:db.IaFoundingProgressStatus:investment_association	28390.67,17589.15 27510.39,16770.46
edge:declared:db.IaGpAppointmentEvent:partner	31033.61,17906.42 33528.48,18242.79
edge:declared:db.IaGpTerminationEvent:appointment_event	31114.98,18154.32 30941.41,17930.56
edge:declared:db.IaGpTerminationEvent:partner	31270.78,18198.80 33528.48,18259.72
edge:declared:db.IaInvestmentCertificateRegistrationRequest:partner	33727.96,19785.00 33688.52,18372.96
edge:declared:db.IaLegalPartnerRelation:investment_association	24832.90,15522.03 27213.38,16567.18
edge:declared:db.IaLegalPartnerRelation:legal_partner	24630.63,15457.92 21720.71,14789.50
edge:declared:db.IaMeeting:consent_form_or_meeting	29970.88,20781.74 29348.37,19300.43
edge:declared:db.IaMeetingAgenda:meeting	30741.72,20566.87 30135.52,20791.28
edge:declared:db.IaMeetingAgendaVote:agenda	30680.88,22522.07 30879.83,20566.87
edge:declared:db.IaMeetingAgendaVote:electronic_signature	30631.82,22522.07 28856.69,20847.91
edge:declared:db.IaMeetingAgendaVote:partner	30705.39,22522.07 33609.20,18372.96
edge:declared:db.IaMeetingConvocationNoticeEmail:ia_meeting	30529.55,22072.45 30022.96,20903.74
edge:declared:db.IaMeetingConvocationNoticeRecipient:convocation_notice_email	30415.17,21282.65 30539.19,22072.45
edge:declared:db.IaMeetingMinutesDocument:meeting	30552.58,20062.33 30039.98,20781.74
edge:declared:db.IaMeetingNoticeDocument:meeting	30346.74,19946.31 30020.35,20781.74
edge:declared:db.IaMeetingSealedNoticeDocumentFile:ia_meeting	28809.59,20090.44 29900.28,20781.74
edge:declared:db.IaMeetingShortenPeriodDocument:meeting	31711.69,19325.88 30065.49,20781.74
edge:declared:db.IaMeetingShortenPeriodDocument:partner	31836.10,19243.88 33528.48,18352.33
edge:declared:db.IaModusignDocumentUsageHistory:investment_association	24950.69,14651.82 27225.90,16504.46
edge:declared:db.IaOperation:_deprecated_investment_association	30229.70,16426.81 27521.38,16626.13
edge:declared:db.IaOperation:ia_operation_management	30319.54,16455.13 30209.97,16599.06
edge:declared:db.IaOperationManagement:investment_association	30063.81,16636.12 27521.38,16637.39
edge:declared:db.IaOwner:investment_association	30088.16,17133.98 27521.38,16665.57
edge:declared:db.IaOwner:partner	30340.16,17197.28 33528.48,18213.90
edge:declared:db.IaOwnerAuditLog:investment_association	23186.18,5058.07 27318.45,16504.46
edge:declared:db.IaPartnerDataCollection:investment_association	24992.60,17723.90 27213.38,16702.12
edge:declared:db.IaPartnerDataCollectionItem:address	23611.63,17949.09 22830.14,18818.25
edge:declared:db.IaPartnerDataCollectionItem:ia_partner_data_collection	23785.49,17886.81 24779.49,17778.42
edge:declared:db.IaPartnerDataCollectionItemReply:address	23748.01,18235.83 22871.75,18837.51
edge:declared:db.IaPartnerDataCollectionItemReply:ia_partner_data_collection	23891.97,18153.83 24796.86,17805.90
edge:declared:db.IaPartnerDataCollectionItemReply:ia_partner_data_collection_item	23784.95,18153.83 23671.26,17949.09
edge:declared:db.IaPartnerInvestmentConfirmation:partner	30821.61,17130.86 33528.48,18201.84
edge:declared:db.IaPartnerInvestmentConfirmationEmailRecipient:ia_partner_investment_confirmation_email	14082.71,5684.64 14031.45,5727.04
edge:declared:db.IaPartnerWithdrawalEvent:partner	33681.98,18003.44 33684.02,18154.96
edge:declared:db.IaPaymentLink:investment_association	25304.64,13674.77 27281.48,16504.46
edge:declared:db.IaPfCompany:investment_association	28846.71,19116.78 27419.06,16770.46
edge:declared:db.IaPfCompanyInvestment:ia_pf_company	28509.29,20333.79 28857.63,19190.78
edge:declared:db.IaPfCompanyInvestmentSalesIntent:ia_pf_company_investment	29605.77,21874.23 28527.12,20415.79
edge:declared:db.IaPfCompanyInvestmentStock:ia_pf_company_investment	27939.26,20426.96 28372.80,20386.39
edge:declared:db.IaQuestionThread:investment_association	24483.32,13626.25 27239.18,16504.46
edge:declared:db.IaRule:address	24907.81,19236.28 22871.75,18963.20
edge:declared:db.IaRule:file	24907.81,19232.94 20428.87,18516.93
edge:declared:db.IaRule:investment_association	25092.13,19192.72 27249.02,16770.46
edge:declared:db.IaRuleCompensation:rule	25480.72,19183.09 25167.81,19232.99
edge:declared:db.IaRuleDocument:rule	28444.49,19275.47 25167.81,19252.22
edge:declared:db.IaRuleInvestment:rule	25763.93,18857.87 25149.70,19192.72
edge:declared:db.IaRuleMeeting:rule	24840.09,19540.41 24976.08,19314.72
edge:declared:db.IaRulePartner:rule	25740.49,19392.63 25167.81,19279.42
edge:declared:db.IaSealStamp:image_file	21759.56,18312.73 20428.87,18461.85
edge:declared:db.IaSealStamp:investment_association	22007.56,18261.24 27213.38,16683.09
edge:declared:db.IaSealStampImage:seal_stamp	21467.74,18260.82 21759.56,18287.50
edge:declared:db.IaUserInvitation:ia_owner	29850.06,16857.58 30164.30,17115.97
edge:declared:db.IaUserInvitation:investment_association	29676.20,16807.45 27521.38,16648.80
edge:declared:db.IaUserInvitationInvitee:_deprecated_individual_partner	31996.71,16682.80 31601.55,17050.57
edge:declared:db.IaUserInvitationInvitee:invitation	31925.36,16643.88 29924.20,16806.50
edge:declared:db.IaUserInvitationInvitee:legal_representative	32049.99,16682.80 32054.04,16996.60
edge:declared:db.IaUserInvitationInvitee:manager	32081.54,16682.80 32627.35,17514.02
edge:declared:db.IaUserInvitationInvitee:partner	32098.36,16682.80 33576.07,18154.96
edge:declared:db.IaWrittenResolutionDocument:meeting	31850.37,19782.26 30103.16,20781.74
edge:declared:db.IaWrittenResolutionDocument:partner	31972.35,19700.26 33569.68,18372.96
edge:declared:db.ImAccessLog:investor_matching	27353.65,11225.34 25881.40,10974.96
edge:declared:db.ImAccessLog:venture_capital	27589.65,11273.57 32357.46,12411.60
edge:declared:db.ImAttachment:investor_matching	28697.54,11212.16 25881.40,10963.36
edge:declared:db.ImAttachmentDownloadLog:attachment	29962.79,11726.56 28914.48,11264.12
edge:declared:db.ImAttachmentDownloadLog:venture_capital	30164.67,11796.29 32357.46,12404.49
edge:declared:db.ImAttachmentPdfEvent:attachment	29803.23,11531.61 28945.54,11262.09
edge:declared:db.ImAttachmentPdfEvent:pdf_event	29907.43,11529.58 29886.48,11486.17
edge:declared:db.ImAttachmentPdfEvent:venture_capital	30048.35,11611.58 32357.46,12393.23
edge:declared:db.ImBrokerAssignment:_deprecated_assigned_companies	26364.00,11703.07 17154.62,12451.08
edge:declared:db.ImBrokerAssignment:assigned_investors	26612.00,11708.62 32357.46,12432.34
edge:declared:db.ImBrokerAssignment:im_broker	26612.00,11719.86 28753.87,12155.53
edge:declared:db.ImBrokerAssignment:investor_matching	26438.58,11644.00 25833.20,11043.81
edge:declared:db.ImBrokerAssignmentInvitedUser:broker_assignment	28178.25,11845.10 26612.00,11704.16
edge:declared:db.ImBrokerAssignmentInvitedUser:venture_capital	28455.25,11877.16 32357.46,12429.48
edge:declared:db.ImConsultingRequest:company	24719.29,9462.82 17154.62,12392.54
edge:declared:db.ImConsultingRequest:investor_matching	24849.65,9462.82 25683.27,10857.81
edge:declared:db.ImContactRequest:investor_matching	27263.64,11514.89 25881.40,11003.36
edge:declared:db.ImContactRequest:venture_capital	27498.43,11577.48 32357.46,12423.48
edge:declared:db.ImContactRequestIntention:im_contact_request	27150.33,11377.17 27323.02,11514.89
edge:declared:db.ImDay:recipients	29514.25,11003.09 29626.89,10837.43
edge:declared:db.ImDay:venture_capitals	29636.26,11101.09 32357.46,12369.11
edge:declared:db.ImDayParticipation:im_day	28881.84,10739.86 29479.64,11003.09
edge:declared:db.ImDayParticipation:investor_matching	28646.56,10701.69 25881.40,10943.17
edge:declared:db.ImDayParticipation:venture_capital	28875.77,10739.86 32357.46,12361.44
edge:declared:db.ImDayParticipationAttachment:participation	28819.87,10282.21 28776.47,10641.86
edge:declared:db.ImDaySurvey:im_day	27708.84,10913.09 29407.10,11042.63
edge:declared:db.ImDaySurvey:investor_matching	27472.84,10909.01 25881.40,10947.39
edge:declared:db.ImDisclosing:investor_matching	26441.88,9787.51 25795.56,10857.81
edge:declared:db.ImInvestorBroker:venture_capital	30731.10,12332.47 32357.46,12443.01
edge:declared:db.ImInvestorMemo:investor_matching	26828.55,11525.15 25881.40,11025.69
edge:declared:db.ImInvestorMemo:venture_capital	27016.72,11580.83 32357.46,12426.39
edge:declared:db.ImIrPartnerBrokerOwnerRelation:im_ir_partner_broker	27485.43,12162.88 27631.20,12117.18
edge:declared:db.ImNote:investor_matching	26211.92,10418.95 25822.02,10857.81
edge:declared:db.ImTag:investor_matching_set	27294.44,10446.09 25881.40,10904.72
edge:declared:db.ImWatching:_deprecated_investor_matching	26153.72,11769.85 25819.04,11043.81
edge:declared:db.ImWatching:company	26048.62,11819.69 17154.62,12453.71
edge:declared:db.ImWatching:venture_capital	26296.62,11823.39 32357.46,12436.35
edge:declared:db.InauguralConsentDocument:director_change_agenda	15306.02,23747.80 14412.08,22906.15
edge:declared:db.IncorporationBenefitRequest:incorporation_request	21394.23,15920.78 21264.27,15953.85
edge:declared:db.IncorporationBenefitRequest:tax_partner	21519.34,15852.35 21561.48,14881.67
edge:declared:db.IncorporationRequest:address	21172.92,16079.89 22650.31,18818.25
edge:declared:db.IncorporationRequest:balance_certificate_account_file	21079.60,16079.89 20314.67,18269.97
edge:declared:db.IncorporationRequest:balance_certificate_account_holder	21185.81,16079.89 22054.27,17397.35
edge:declared:db.IncorporationRequest:company	20992.02,15869.89 17154.62,12627.07
edge:declared:db.IncorporationRequest:company_question_thread	20989.16,15869.89 19195.90,14388.59
edge:declared:db.IncorporationRequestAoiFile:incorporation_request	21333.11,15809.19 21253.68,15869.89
edge:declared:db.IncorporationRequestAssistance:incorporation_request	21385.70,16006.35 21264.27,15998.04
edge:declared:db.IncorporationRequestAssistance:legal_partner	21527.49,15974.97 21561.97,14881.67
edge:declared:db.IncorporationRequestAssistanceReceipt:incorporation_request_assistance	21228.95,17227.87 21516.15,16056.97
edge:declared:db.IncorporationRequestDirector:address	21958.66,18132.02 22593.39,18818.25
edge:declared:db.IncorporationRequestDirector:incorporation_request	21910.28,18058.02 21153.56,16079.89
edge:declared:db.IncorporationRequestPromoter:address	22107.23,17495.35 22665.00,18818.25
edge:declared:db.IncorporationRequestPromoterCustodian:address	22405.37,17337.33 22693.57,18818.25
edge:declared:db.IncorporationRequestPromoterCustodian:promoter	22302.93,17337.33 22183.81,17397.35
edge:declared:db.IncorporationRequestPromoterInstitutionCeo:promoter	22103.05,17149.05 22087.04,17397.35
edge:declared:db.IncorporationRequestPurpose:incorporation_request	20793.13,16053.58 20968.27,16010.93
edge:declared:db.IndividualInvestorCompanyCeo:company_info	25109.08,22006.65 25478.70,22695.41
edge:declared:db.IndividualInvestorCompanyInfo:address	25470.54,22695.41 22802.26,19068.25
edge:declared:db.IndividualInvestorCompanyInfo:company	25552.34,22777.41 28434.44,25064.80
edge:declared:db.IndividualInvestorCompanyName:non_unified_share_company	30256.29,25144.33 28646.34,25130.89
edge:declared:db.IndividualInvestorCompanyParValue:non_unified_share_company	27921.85,25155.25 28386.34,25135.37
edge:declared:db.IndividualInvestorCompanyShareClass:non_unified_share_company	28392.73,27213.61 28512.48,25194.80
edge:declared:db.IndividualInvestorCompanyShareStock:_deprecated_non_unified_stock_create_request	28046.57,26569.55 27811.12,28036.38
edge:declared:db.IndividualInvestorCompanyShareStock:_deprecated_stock_unissued_confirmation_file	28053.04,26569.55 27979.15,29156.25
edge:declared:db.IndividualInvestorCompanyShareStock:management_history	27887.94,26566.14 27295.79,26728.29
edge:declared:db.IndividualInvestorCompanyShareStock:non_unified_share_company	28070.11,26471.55 28494.72,25194.80
edge:declared:db.IndividualInvestorCompanyShareStock:share_class	28077.02,26569.55 28373.75,27213.61
edge:declared:db.IndividualInvestorEvent:company	31870.12,27948.39 28593.68,25194.80
edge:declared:db.IndividualInvestorStakeholder:address	25976.82,22189.75 22848.30,19068.25
edge:declared:db.IndividualInvestorStakeholder:company	26053.18,22271.75 28460.32,25064.80
edge:declared:db.IndividualInvestorUser:address	23828.32,20218.26 22826.63,19068.25
edge:declared:db.IndividualStockOption:company	27167.77,23233.43 28470.12,25064.80
edge:declared:db.IndividualStockOption:create_request	27257.47,23149.46 27819.50,23032.84
edge:declared:db.IndividualStockOption:grantee	27111.86,23119.43 26842.91,22137.34
edge:declared:db.IndividualStockOptionCreateRequestEtcFile:create_request	28663.78,22974.77 28133.50,22994.44
edge:declared:db.IndividualStockOptionGrantContract:individual_stock_option	26858.60,22886.43 27074.62,23119.43
edge:declared:db.IndividualStockOptionGrantee:stakeholder	26701.78,22087.26 26154.91,22202.00
edge:declared:db.IndividualStockOptionResumeEvent:pause_event	29336.19,29352.56 28775.31,27312.26
edge:declared:db.IndividualStockOptionSalesIntent:individual_stock_option	29511.75,23102.10 27257.47,23172.38
edge:declared:db.IndividualStockOptionVesting:individual_stock_option	27651.64,23542.36 27209.12,23233.43
edge:declared:db.IndividualStockOptionVestingItem:individual_stock_option_vesting	27781.35,23405.21 27720.94,23542.36
edge:declared:db.IndividualStockOptionVestingTraceable:individual_stock_option	27420.31,22840.59 27177.17,23119.43
edge:declared:db.InputSignupChannel:input_channel	24175.34,15114.74 24477.64,15270.73
edge:declared:db.InstitutionStakeholderManager:institution_stakeholder	12735.23,21567.98 12752.04,21198.17
edge:declared:db.InternetRegistryOfficeOtp:company	17638.11,16237.67 17003.37,12683.51
edge:declared:db.InternetRegistryOfficeOtp:director	17586.06,16319.67 17512.99,16370.13
edge:declared:db.InternetRegistryOfficeOtpReturnRequest:internet_registry_office_otp	22018.21,19962.24 17694.10,16319.67
edge:declared:db.InternetRegistryOfficeOtpReturnRequest:recipient_address	22085.10,19962.24 22640.14,19068.25
edge:declared:db.InvestmentAgreement:document	18042.68,16005.19 18491.03,15415.32
edge:declared:db.InvestmentAgreement:stakeholder	17954.52,16079.19 12852.68,19223.06
edge:declared:db.InvestmentAgreementDocument:company	18592.55,15317.32 17088.54,12683.51
edge:declared:db.InvestmentAgreementDocument:pdf_file	18645.94,15415.32 20126.34,18269.97
edge:declared:db.InvestmentAssociation:venture_capital	27521.38,16512.99 32357.46,12604.24
edge:declared:db.InvestmentAssociationDocument:investment_association	30970.38,19281.47 27521.38,16750.74
edge:declared:db.InvestmentAssociationEvent:investment_association	29237.77,17616.12 27521.38,16718.04
edge:declared:db.InvestmentAssociationIndividualPartnerLegalRepresentative:ward	31856.52,17056.69 31731.50,17071.28
edge:declared:db.InvestmentAssociationOrganizationPartnerCeo:organization_partner	33190.49,16828.83 32917.51,16857.27
edge:declared:db.InvestmentAssociationOrganizationPartnerCorporationSignerCeo:corporation	33187.27,14974.87 33120.14,14920.73
edge:declared:db.InvestmentAssociationOrganizationPartnerManager:organization_partner	30531.75,15493.46 32657.90,16827.18
edge:declared:db.InvestmentAssociationOrganizationPartnerSigner:_deprecated_manager	32381.09,15142.34 30670.77,15423.87
edge:declared:db.InvestmentAssociationOrganizationPartnerSigner:organization_partner	32583.09,15154.75 32731.66,16827.18
edge:declared:db.InvestmentAssociationPartner:address	33528.48,18272.63 22871.75,18861.36
edge:declared:db.InvestmentAssociationPartner:investment_association	33528.48,18223.54 27521.38,16677.19
edge:declared:db.InvestmentAssociationPartnerManager:partner	32704.94,17588.02 33528.48,18155.73
edge:declared:db.InvestmentAssociationPartnerResume:partner	34756.05,16751.80 33762.65,18154.96
edge:declared:db.InvestmentAssociationPartnerResume:signer	34728.63,16669.80 32641.09,15154.75
edge:declared:db.InvestmentAssociationPartnerResumeItem:resume	34894.65,16384.37 34798.88,16669.80
edge:declared:db.InvestmentAssociationPartnerSalesIntent:partner	31946.11,21784.40 33631.63,18372.96
edge:declared:db.InvestmentAssociationShare:investment_association	29992.08,17482.16 27521.38,16687.03
edge:declared:db.InvestmentAssociationShare:partner	30227.05,17544.24 33528.48,18231.29
edge:declared:db.InvestmentRound:company	16902.02,10660.93 16958.61,12249.51
edge:declared:db.InvestmentRoundNewIssueEvent:investment_round	17023.80,10319.79 16917.39,10578.93
edge:declared:db.InvestmentRoundNewIssueEvent:new_issue_event	17061.51,10245.79 17016.72,9731.32
edge:declared:db.InvestmentSimulation:company	16728.83,6993.20 16954.96,12249.51
edge:declared:db.InvestmentSimulationInitialOption:option_grantee	13678.32,6684.49 13998.29,6777.98
edge:declared:db.InvestmentSimulationInitialOptionGrantee:simulation	14303.92,6818.57 16602.89,6941.57
edge:declared:db.InvestmentSimulationInitialShareholder:simulation	12759.37,6016.47 16602.89,6919.08
edge:declared:db.InvestmentSimulationInitialStock:shareholder	11230.56,4013.06 12565.78,5943.35
edge:declared:db.InvestmentSimulationInvestor:simulation_round	18462.65,3990.83 15719.43,6339.40
edge:declared:db.InvestmentSimulationNewIssueInvestment:investor	18148.56,5392.95 18500.26,3990.83
edge:declared:db.InvestmentSimulationPurchaseInvestment:investor	20670.15,5638.31 18562.98,3990.83
edge:declared:db.InvestmentSimulationPurchaseSellStock:seller	20970.64,5233.09 20738.65,5638.31
edge:declared:db.InvestmentSimulationRound:simulation	15754.58,6413.40 16645.08,6903.20
edge:declared:db.InvestorInterest:venture_capital	33641.24,13520.21 32725.46,12633.65
edge:declared:db.InvestorMatching:_deprecated_excluded_companies	25597.40,10975.34 17154.62,12433.69
edge:declared:db.InvestorMatching:excluded_investors	25881.40,10982.22 32357.46,12414.82
edge:declared:db.InvestorRelations:previous_investors	27457.25,7713.18 32357.46,12283.89
edge:declared:db.InvestorRelationsSurvey:_deprecated_preferred_investors	31017.66,10539.71 32378.41,12250.52
edge:declared:db.InvestorRelationsSurvey:investor_relations	30941.71,10465.71 27472.95,7706.67
edge:declared:db.InvitationSeat:allocated_seat	11652.44,13503.90 11325.76,13426.76
edge:declared:db.InvitationSeat:invitation_seat_request	11784.75,13494.76 12623.71,11325.38
edge:declared:db.InvitationSeatRequest:company	12765.99,11318.29 16774.62,12414.55
edge:declared:db.IrAiAnalysis:investor_relations	27852.61,7156.64 27472.95,7460.80
edge:declared:db.IrAiAnalysisLike:ai_analysis	28242.03,6723.17 27930.82,7082.64
edge:declared:db.IrAiSummary:investor_relations	28442.93,7300.65 27472.95,7545.33
edge:declared:db.IrAlert:ir_set	30491.49,9473.95 27472.95,7675.91
edge:declared:db.IrAlert:venture_capital	30587.94,9555.95 32403.35,12250.52
edge:declared:db.IrAlertInvestorRelations:investor_relations	29734.98,9191.77 27472.95,7686.65
edge:declared:db.IrAlertInvestorRelations:ir_alert	29890.11,9265.77 30450.05,9473.95
edge:declared:db.IrApproval:investor_relations	27395.85,7090.63 27339.05,7455.18
edge:declared:db.IrApprovalNotificationDismiss:ir_approval	27480.29,6753.53 27411.32,7016.63
edge:declared:db.IrBrokerActivity:investor_relations	27728.75,9091.95 27352.12,7713.18
edge:declared:db.IrBrokerActivity:vc_user_relations	27781.53,9165.95 29605.31,10747.43
edge:declared:db.IrClosing:investor_relations	29027.06,6747.18 27472.95,7508.72
edge:declared:db.IrCommittedInvestmentAmount:investor_relations	30200.31,10053.18 27469.49,7713.18
edge:declared:db.IrCommittedInvestmentAmount:venture_capital	30279.44,10127.18 32357.46,12266.13
edge:declared:db.IrCompanyCreate:company	18270.12,10119.14 17086.48,12249.51
edge:declared:db.IrFeed:investor_relations	26680.63,7754.35 27164.95,7622.43
edge:declared:db.IrFeedAccessLog:ir_feeds	27362.32,8059.62 26680.63,7822.77
edge:declared:db.IrFeedAccessLog:venture_capital	27511.80,8133.62 32357.46,12304.06
edge:declared:db.IrFeedRating:ir_feed	26721.51,7588.32 26593.77,7743.12
edge:declared:db.IrFundRaising:investor_relations	31188.37,7580.05 27472.95,7584.02
edge:declared:db.IrFundRaising:venture_capital	31323.71,7624.92 32489.78,12250.52
edge:declared:db.IrFundRaisingMemo:fund_raising	30726.64,7814.21 31199.87,7624.92
edge:declared:db.IrFundRaisingStageLog:fund_raising	30852.05,5291.39 31303.32,7534.92
edge:declared:db.IrInsightClub:pitching_day_hall	31064.50,8810.72 30906.43,8766.08
edge:declared:db.IrInsightClub:venture_capitals	31203.87,8886.73 32464.63,12250.52
edge:declared:db.IrInsightClubParticipation:investor_relations	30477.47,8056.74 27472.95,7607.22
edge:declared:db.IrInsightClubParticipation:ir_insight_club	30640.97,8121.12 31157.52,8804.73
edge:declared:db.IrInsightClubParticipationAttendee:ir_insight_club_participation	30323.72,7756.06 30567.15,8031.12
edge:declared:db.IrInsightClubSurvey:ir_insight_club_participation	30876.12,8129.72 30736.47,8101.91
edge:declared:db.IrInvestorFeedback:venture_capital	32639.52,12737.70 32612.70,12660.52
edge:declared:db.IrNote:investor_relations	28717.38,7429.31 27472.95,7567.12
edge:declared:db.IrSearchMetadata:investor_relations	28540.03,8074.85 27472.95,7646.06
edge:declared:db.IrSubscription:company	15420.85,8098.02 16888.67,12249.51
edge:declared:db.IrSubscriptionMarketingRequest:ir_subscription	15621.49,7978.77 15503.91,8024.02
edge:declared:db.IrTeamMember:investor_relations	28717.38,7536.28 27472.95,7578.91
edge:declared:db.IrTranscript:investor_relations	28425.38,7642.07 27472.95,7592.24
edge:declared:db.IrosOtpIssueMeetingDocument:stakeholder	12443.11,22543.81 12674.80,19481.54
edge:declared:db.LawtalkSignup:company	18141.24,14627.53 17084.36,12683.51
edge:declared:db.LawtalkSignupAttachment:lawtalk_signup	18971.66,16092.29 18182.24,14701.53
edge:declared:db.LedgerByCustomerDocument:new_issue	17806.07,23425.52 17110.06,22445.97
edge:declared:db.LegalPartner:address_for_express_delivery	21720.71,14663.88 22312.62,14307.22
edge:declared:db.LegalPartner:logo	21522.22,14881.67 20316.12,18269.97
edge:declared:db.LegalPartnerEmail:legal_partner	21883.78,14277.17 21652.15,14631.67
edge:declared:db.LegalPartnerPaypleSettings:legal_partner	22166.94,15350.88 21692.98,14881.67
edge:declared:db.LegalPartnerRegistrationAssistanceSettings:legal_partner	21755.33,16130.38 21583.87,14881.67
edge:declared:db.LegalPartnerSignupChannel:legal_partner	22564.99,14804.88 21720.71,14760.66
edge:declared:db.LegalPartnerSlackChannels:legal_partner	22165.20,15775.73 21640.12,14881.67
edge:declared:db.LegalPartnerUserRelation:legal_partner	22080.92,15932.31 21621.38,14881.67
edge:declared:db.ManualOptionVestingItem:manual_option_vesting	15798.41,18730.99 15881.85,18627.34
edge:declared:db.Meeting:company	17830.51,17463.80 17002.22,12683.51
edge:declared:db.Meeting:electronic_signature_selected_ceo	17805.17,17463.80 17435.74,16516.13
edge:declared:db.Meeting:employee_attorney	17998.78,17518.61 18089.57,17502.80
edge:declared:db.Meeting:meeting_draft	17828.96,17697.80 17323.94,20405.34
edge:declared:db.Meeting:new_articles_of_incorporation_file	17998.78,17594.40 20048.87,18417.48
edge:declared:db.Meeting:new_corporate_registration	17911.57,17463.80 18934.60,15660.65
edge:declared:db.MeetingAttachment:meeting	18580.96,17659.11 17998.78,17546.89
edge:declared:db.MeetingDirectorContact:meeting	16094.98,17959.50 17702.78,17626.22
edge:declared:db.MeetingDirectorContact:stakeholder	15886.79,18020.96 12852.68,19265.70
edge:declared:db.MeetingDocument:directors_meeting	16111.54,25879.48 16555.96,20265.28
edge:declared:db.MeetingDocument:meeting	16137.46,25879.48 17826.63,17697.80
edge:declared:db.MeetingDocument:shareholders_meeting	16138.37,25879.48 16793.07,22777.48
edge:declared:db.MeetingDocumentCache:meeting_document	19623.64,26827.72 16274.79,26118.00
edge:declared:db.MeetingDocumentGeneration:meeting	20274.87,21087.79 17931.66,17697.80
edge:declared:db.MeetingDocumentGenerationItem:meeting_document	21128.32,26361.91 16274.79,26086.08
edge:declared:db.MeetingDocumentGenerationItem:meeting_document_generation	21256.03,26332.55 20306.96,21161.79
edge:declared:db.MeetingDocumentManualModification:meeting_document	18988.50,28073.57 16274.79,26199.41
edge:declared:db.MeetingDraft:company	17290.94,20405.34 16973.54,12683.51
edge:declared:db.MeetingDraftAgendaDirectorChange:meeting_draft	15328.16,20374.22 17136.90,20532.18
edge:declared:db.MeetingDraftAgendaDirectorChange:stakeholder	15089.33,20324.16 12852.68,19397.71
edge:declared:db.MeetingDraftAgendaDirectorCompensation:meeting_draft	15246.93,19587.76 17136.90,20473.89
edge:declared:db.MeetingDraftAgendaDirectorCompensationItem:director_compensation	14143.58,19547.77 14996.51,19550.26
edge:declared:db.MeetingDraftAgendaDirectorCompensationItem:stakeholder	13763.58,19520.24 12852.68,19379.24
edge:declared:db.MeetingDraftRegistrationAssistance:meeting_draft	17158.71,20109.79 17252.70,20405.34
edge:declared:db.MeetingDraftSchedule:meeting_draft	16848.69,20423.87 17136.90,20505.19
edge:declared:db.MembershipContentAccessLog:membership_content	4155.29,4545.81 4572.84,5002.71
edge:declared:db.MembershipContentAuthorRelation:author	25366.27,25502.69 25239.58,25321.00
edge:declared:db.MiraeassetAccount:relation	10626.35,11983.35 10945.07,12352.54
edge:declared:db.MnaBuyer:company	15042.85,8118.00 16868.72,12249.51
edge:declared:db.MnaBuyerAttachment:mna_buyer	14457.69,8370.43 14953.78,8118.00
edge:declared:db.ModusignApiLog:modusign_account	21467.12,20066.02 21441.19,20414.37
edge:declared:db.ModusignAuthentication:modusign_account	21305.19,20187.44 21414.04,20414.37
edge:declared:db.ModusignCompanyUserConnection:company	23679.08,9488.01 17154.62,12382.23
edge:declared:db.ModusignDocument:_option_grant_contract	22398.62,20564.89 20477.45,19049.34
edge:declared:db.ModusignDocument:audit_trail_file	22416.43,20564.89 20428.87,18667.99
edge:declared:db.ModusignDocumentActionHistory:modusign_document	22767.67,20536.73 22637.30,20590.16
edge:declared:db.ModusignDocumentActionHistory:modusign_document_participant	22854.17,20462.73 22737.91,20217.13
edge:declared:db.ModusignDocumentModusignAccountRelation:modusign_account	21681.09,20336.33 21531.48,20414.37
edge:declared:db.ModusignDocumentModusignAccountRelation:modusign_document	21833.82,20336.33 22365.30,20582.82
edge:declared:db.ModusignDocumentModusignApiKeyRelation:modusign_api_key	22007.62,20853.06 21883.68,21022.47
edge:declared:db.ModusignDocumentModusignApiKeyRelation:modusign_document	22128.05,20779.06 22365.30,20694.41
edge:declared:db.ModusignDocumentParticipant:modusign_document	22701.88,20217.13 22539.19,20564.89
edge:declared:db.ModusignEmbeddedDraft:modusign_account	22069.14,21916.75 21455.08,20512.37
edge:declared:db.ModusignEmbeddedDraft:modusign_api_key	22078.27,21916.75 21860.92,21096.47
edge:declared:db.ModusignEmbeddedDraft:modusign_document	22107.69,21916.75 22476.21,20726.89
edge:declared:db.ModusignExceededSignings:company	21275.62,8557.31 17154.62,12289.94
edge:declared:db.ModusignIaUserConnection:investment_association	27737.85,15850.23 27429.97,16504.46
edge:declared:db.NaverWorkplaceEmployee:naver_workplace_company	24788.93,14953.88 24902.06,15026.81
edge:declared:db.NcpSignupChannel:naver_workplace_company	24750.85,15044.07 24841.45,15052.64
edge:declared:db.NewIssueNoticeEmail:new_issue	14968.96,20854.84 16931.88,22275.97
edge:declared:db.NewIssueNoticeEmailRecipient:bulk_email_recipient	15236.41,20503.30 17772.18,19178.66
edge:declared:db.NewIssueNoticeEmailRecipient:email	15119.09,20585.30 14949.42,20772.84
edge:declared:db.NewIssueNoticeEmailRecipient:shareholder	15121.26,20585.30 13260.97,22666.06
edge:declared:db.NewIssueSkipNoticeDocument:new_issue_agenda	16417.49,24629.20 17026.58,22445.97
edge:declared:db.NewIssueSkipNoticeDocument:shareholder	16338.33,24629.20 13310.57,22796.06
edge:declared:db.NewIssueStockAcceptanceDocument:new_issue_item	18748.14,25941.35 19351.76,25504.64
edge:declared:db.NewIssueStockAllocationDocument:bonus_issue_agenda	18267.65,23875.20 18160.07,20325.11
edge:declared:db.NewIssueStockAllocationDocument:new_issue_agenda	18236.84,23875.20 17119.47,22445.97
edge:declared:db.NewIssueStockAllocationRecordDateNoticeDocument:bonus_issue_agenda	20115.36,23850.47 18197.96,20325.11
edge:declared:db.NewIssueStockSubscriptionDocument:new_issue_item	18314.26,25154.81 19311.60,25406.79
edge:declared:db.NewIssueStockUnissuedConfirmationDocument:new_issue_item	18725.60,25385.28 19311.60,25429.77
edge:declared:db.NonUnifiedShareCreateRequest:stock_unissued_confirmation_file	27810.89,28126.38 27970.87,29156.25
edge:declared:db.NonUnifiedShareEtcFile:create_request	27606.33,27333.33 27792.02,28036.38
edge:declared:db.NonUnifiedShareEtcFile:management_history	27564.43,27259.33 27186.31,26823.87
edge:declared:db.NonUnifiedShareManagement:non_unified_share_company	27930.69,25586.28 28432.95,25194.80
edge:declared:db.NonUnifiedShareManagementHistory:create_request	27167.13,26823.87 27781.11,28036.38
edge:declared:db.NonUnifiedShareManagementHistory:management	27177.83,26717.87 27845.91,25676.28
edge:declared:db.NonUnifiedShareManagementHistory:renew_request	27104.15,26717.87 26370.81,25476.84
edge:declared:db.NonUnifiedShareManagementHistory:stock_unissued_confirmation_file	27158.56,26823.87 27962.35,29156.25
edge:declared:db.NonUnifiedShareManagementSalesIntent:non_unified_share_management	28843.50,24786.82 27926.39,25586.28
edge:declared:db.NonUnifiedShareSucPoaDocument:modusign_document	23786.34,21483.94 23377.36,21064.30
edge:declared:db.NonUnifiedShareSucPoaDocument:request	23852.73,21565.94 26315.49,25386.84
edge:declared:db.NonUnifiedShareSucPoaDocument:user_address	23808.78,21483.94 22776.22,19068.25
edge:declared:db.NonUnifiedShareSucRenewRequest:management	26495.72,25452.09 27748.77,25614.91
edge:declared:db.NonUnifiedShareSucRenewRequest:renew_stock_unissued_confirmation_file	26363.70,25476.84 27956.55,29156.25
edge:declared:db.NotarizationPoA:meeting	16582.11,22953.70 16721.51,22777.48
edge:declared:db.NotarizationPoaDirectorSigner:director	15975.93,22835.03 15414.77,22791.32
edge:declared:db.NotarizationPoaDirectorSigner:notarization_poa	16209.21,22882.51 16425.68,22953.84
edge:declared:db.NotarizationPoaShareholderSigner:notarization_poa	16994.60,23041.93 16673.68,23000.96
edge:declared:db.NotarizationPoaShareholderSigner:shareholder	17285.60,23092.27 17516.57,23142.69
edge:declared:db.Notification:company	16251.74,9584.34 16910.95,12249.51
edge:declared:db.NotificationInbox:notification	16222.07,9391.91 16237.71,9510.34
edge:declared:db.Option:company	17525.72,17313.47 16989.74,12683.51
edge:declared:db.Option:grantee	17480.56,17403.47 15563.86,19127.94
edge:declared:db.Option:sealed_contract_file	17638.91,17403.47 20048.87,18407.79
edge:declared:db.Option:source_meeting	17595.67,17403.47 17702.78,17477.93
edge:declared:db.OptionAdjustment:event	16574.90,16212.54 16659.88,16779.43
edge:declared:db.OptionContractTemplatePermission:company	20155.15,9959.72 17154.62,12312.55
edge:declared:db.OptionExerciseClaim:company	13674.82,17740.11 16828.95,12683.51
edge:declared:db.OptionExerciseClaim:financial_account	13640.96,17740.11 13744.96,16925.20
edge:declared:db.OptionExerciseClaimAttachment:attachment_setting_item	14661.55,17503.56 14647.22,17458.56
edge:declared:db.OptionExerciseClaimAttachment:option_exercise_claim	14534.10,17579.64 13764.28,17771.82
edge:declared:db.OptionExerciseClaimCandidate:option_exercise_claim	14057.30,17661.98 13764.28,17758.28
edge:declared:db.OptionExerciseClaimCandidate:option_exercise_management	14220.90,17571.98 15070.02,16139.59
edge:declared:db.OptionExerciseClaimCandidate:option_grantee	14231.74,17661.98 15453.02,19127.94
edge:declared:db.OptionExerciseClaimCandidate:stock_subscription_file	14331.22,17636.67 20048.87,18458.45
edge:declared:db.OptionExerciseClaimDocumentSetting:management	15021.68,16674.74 15102.56,16139.59
edge:declared:db.OptionExerciseClaimEventRelation:_deprecated_payment	13665.55,18230.75 13749.31,18169.87
edge:declared:db.OptionExerciseClaimEventRelation:claim	13568.04,18230.75 13624.16,17870.11
edge:declared:db.OptionExerciseClaimEventRelation:event	13568.45,18312.75 13577.26,18362.66
edge:declared:db.OptionExerciseClaimMeetingDocument:exercise_claim	14949.71,21525.14 14828.58,21347.23
edge:declared:db.OptionExerciseClaimMeetingDocument:grantee	15139.56,21526.56 15213.67,21519.82
edge:declared:db.OptionExerciseClaimOption:option_exercise_claim	13868.18,17818.89 13764.28,17812.77
edge:declared:db.OptionExerciseClaimOptionTaxation:_deprecated_claim	14000.54,17937.62 13764.28,17852.14
edge:declared:db.OptionExerciseClaimOptionTaxation:claim_option	14066.38,17937.62 14015.68,17869.40
edge:declared:db.OptionExerciseClaimPayment:option_exercise_claim	13781.38,18095.87 13666.51,17870.11
edge:declared:db.OptionExerciseManagement:company	15145.75,16009.59 16853.22,12683.51
edge:declared:db.OptionExerciseManagement:excluded_institution_set	14982.38,16125.09 13829.58,16571.35
edge:declared:db.OptionExerciseManagementAttachmentSetting:management	14614.11,17188.75 15083.31,16139.59
edge:declared:db.OptionExerciseManagementAttachmentSettingItem:setting	14632.64,17384.56 14601.71,17262.75
edge:declared:db.OptionExerciseManagementCommonSetting:management	15332.98,15895.23 15175.87,16009.59
edge:declared:db.OptionExerciseManagementEmail:option_exercise_management	15338.89,16518.42 15145.55,16139.59
edge:declared:db.OptionExerciseManagementPaymentBankSetting:company	14975.93,12380.31 16774.62,12458.27
edge:declared:db.OptionExerciseManagementReminderSetting:management	15335.51,16017.64 15242.38,16041.41
edge:declared:db.OptionExerciseManagementTaxation:management	14909.62,16041.94 14982.38,16048.92
edge:declared:db.OptionExerciseManagementTaxationDefaultSetting:company	18556.30,12277.38 17154.62,12442.23
edge:declared:db.OptionGrantContract:_deprecated_template	20384.78,18935.34 19427.67,16226.30
edge:declared:db.OptionGrantContract:_grantee	20274.97,18998.43 16016.26,19187.59
edge:declared:db.OptionGrantContract:contract_file	20386.24,18935.34 20310.19,18703.97
edge:declared:db.OptionGrantContract:template_revision	20396.78,18935.34 20104.01,16723.09
edge:declared:db.OptionGrantContractModusignDocument:option_grant_contract	21038.40,19523.57 20471.54,19049.34
edge:declared:db.OptionGrantContractModusignEmbeddedDraft:option_grant_contract	21298.25,20876.42 20430.40,19049.34
edge:declared:db.OptionGrantContractStakeholder:company	19180.50,15320.03 17133.13,12683.51
edge:declared:db.OptionGrantContractTemplate:_deprecated_stakeholder	19396.53,16120.30 19233.93,15426.03
edge:declared:db.OptionGrantContractTemplate:company	19373.99,16120.30 17107.50,12683.51
edge:declared:db.OptionGrantContractTemplateDraft:company	18602.55,14574.10 17134.75,12683.51
edge:declared:db.OptionGrantContractTemplateDraft:stakeholder_set	18659.97,14648.10 19180.92,15320.03
edge:declared:db.OptionGrantContractTemplateRevision:stakeholder_set	20067.77,16633.09 19255.60,15426.03
edge:declared:db.OptionGrantContractTemplateRevision:template	20036.00,16633.09 19475.05,16226.30
edge:declared:db.OptionGrantEvent:_deprecated_grantee	16163.36,18622.14 15566.96,19127.94
edge:declared:db.OptionGrantEvent:share_class	16274.39,18524.14 16538.89,18280.77
edge:declared:db.OptionManagement:agenda_option_grant	16044.95,19428.43 16490.99,19576.17
edge:declared:db.OptionManagementStakeholderSeat:option_management	15582.71,19347.25 15815.25,19376.56
edge:declared:db.OptionManagementStakeholderSeat:stakeholder_seat	15298.71,19338.60 11793.19,19362.09
edge:declared:db.OptionResumeEvent:pause_event	30177.09,4403.05 30081.98,4503.89
edge:declared:db.OptionTag:category	15611.33,14311.12 15699.81,14186.31
edge:declared:db.OptionTag:company	15613.62,14311.12 16805.95,12683.51
edge:declared:db.OptionTagCategory:company	15753.28,14112.31 16805.15,12683.51
edge:declared:db.OptionTaxCalculatorSetting:company	23675.74,9604.01 17154.62,12385.47
edge:declared:db.OptionValueChange:company	16584.12,10239.69 16927.54,12249.51
edge:declared:db.OptionValueChange:investment_round	16632.89,10239.69 16871.70,10578.93
edge:declared:db.OptionVesting:_deprecated_grant_event	16019.17,18447.59 16142.31,18524.14
edge:declared:db.Order:seal_card	6684.15,8304.73 5310.99,8386.44
edge:declared:db.OrderPromotionRelation:order	7703.23,9590.58 6842.06,8346.35
edge:declared:db.OrderPromotionRelation:promotion	7753.60,9590.58 8146.02,9004.12
edge:declared:db.OrderStaffInChargeRelation:order	6656.86,6785.83 6803.25,8248.35
edge:declared:db.OrderStaffInChargeRelation:staff_in_charge	6526.16,6758.42 5898.24,6805.86
edge:declared:db.OrderStatusHistory:order	5934.79,9962.89 6782.46,8346.35
edge:declared:db.OrganizationChart:company	14336.64,13387.71 16774.62,12530.99
edge:declared:db.OtherDocumentArchive:company	19454.25,16348.89 17103.78,12683.51
edge:declared:db.OtherDocumentArchiveAttachment:other_document_archive	19921.77,17069.33 19502.01,16422.89
edge:declared:db.OwnerRole:company	12497.46,11149.05 16774.62,12410.53
edge:declared:db.OwnerRolePermissionRelation:owner_permission	11854.93,10680.02 11639.39,10594.96
edge:declared:db.OwnerRolePermissionRelation:owner_role	11987.87,10754.02 12320.75,11063.48
edge:declared:db.Payment:_company	20415.74,13429.76 17154.62,12519.75
edge:declared:db.Payment:app_card	20642.27,13523.04 20738.83,13580.06
edge:declared:db.Payment:charge	20428.09,13523.04 20305.46,13567.92
edge:declared:db.Payment:credit_card	20675.74,13461.86 22822.84,13392.91
edge:declared:db.Payment:purchase	20675.74,13499.82 21750.88,13779.21
edge:declared:db.PaymentLink:payment_store	23385.68,13264.83 22863.44,14200.40
edge:declared:db.PaymentLink:question_threads	23286.77,13196.02 20615.29,12683.00
edge:declared:db.PaymentRefund:payment	20821.74,13387.89 20675.74,13429.23
edge:declared:db.PaymentRefund:payment_status_history	20901.02,13314.44 20857.05,13272.42
edge:declared:db.PaymentStatusHistory:payment	20776.46,13272.42 20613.66,13409.04
edge:declared:db.PaymentStore:legal_partner	22726.44,14290.40 21720.71,14694.91
edge:declared:db.Payroll:company	9073.81,4961.99 16774.62,12287.00
edge:declared:db.Payroll:setting	9008.06,4961.99 8823.74,11882.91
edge:declared:db.PayrollAnnualSalaryInfo:employee	11336.78,14934.26 11537.32,14944.87
edge:declared:db.PayrollAnnualSalaryItem:item_setting_relation	11029.22,14189.37 10228.86,13144.61
edge:declared:db.PayrollAnnualSalaryItem:payroll_annual_salary_info	11069.92,14263.37 11210.49,14891.02
edge:declared:db.PayrollDocumentSealStampSetting:_deprecated_ceo	17076.11,15105.19 17389.21,16370.13
edge:declared:db.PayrollDocumentSealStampSetting:company	17064.36,15023.19 16973.09,12683.51
edge:declared:db.PayrollDocumentSealStampSetting:seal_stamp	17082.60,15105.19 17291.47,15619.95
edge:declared:db.PayrollEmployeeMonthlyWage:hrm_emp	8535.93,18527.56 8739.72,18277.71
edge:declared:db.PayrollLedger:company	13676.56,15054.79 16774.62,12616.07
edge:declared:db.PayrollLedgerAttachment:payroll_ldeger	13251.07,14766.85 13553.55,15054.79
edge:declared:db.PayrollLedgerFile:payroll_ledger	13542.84,14759.97 13599.11,15054.79
edge:declared:db.PayrollLedgerFileModificationRequest:payroll_ledger_file	13837.94,14581.58 13614.85,14685.97
edge:declared:db.PayrollLedgerItemSettingRelation:ledger_item	10137.90,13054.61 8913.75,12079.40
edge:declared:db.PayrollLedgerItemSettingRelation:setting	10144.44,13054.61 8934.91,11964.91
edge:declared:db.PayrollManagementRelation:payroll	10948.83,7173.09 9061.74,4961.99
edge:declared:db.PayrollSetting:ledger_item_set	8815.41,11964.91 8802.91,12029.51
edge:declared:db.PayrollSettlement:company_question_thread_set	13673.61,9636.67 18984.81,14210.59
edge:declared:db.PayrollSettlement:payroll	13585.19,9554.67 9069.66,4961.99
edge:declared:db.PayrollSettlementAutoCreation:payroll	10364.73,6713.47 9052.84,4961.99
edge:declared:db.PayrollSettlementAutoCreation:payroll_question_help_template	10388.98,6787.47 10179.00,9035.46
edge:declared:db.PayrollSettlementProgressLog:payroll_settlement	13174.33,9723.51 13502.00,9630.77
edge:declared:db.PayrollSocialInsuranceSetting:hrm	5333.07,16878.49 5352.90,16256.84
edge:declared:db.PayrollStaffUserRelation:payroll	8718.58,5093.83 8917.60,4961.99
edge:declared:db.PayrollStatement:_deprecated_employee	11804.38,15727.15 11666.89,15146.87
edge:declared:db.PayrollStatement:hrm_emp	11741.47,15849.15 9052.82,17969.09
edge:declared:db.PayrollStatement:payroll_ledger	11948.83,15738.75 13485.23,15154.92
edge:declared:db.PayrollStatementAttendance:payroll_statement	11766.90,16124.25 11809.40,15849.15
edge:declared:db.PayrollStatementDocument:payroll_statement	13100.71,15457.31 11948.83,15754.60
edge:declared:db.PayrollStatementEmail:payroll_ledger	13174.95,17300.92 13596.20,15160.79
edge:declared:db.PayrollStatementEmailRecipient:email	12739.86,18458.52 13148.86,17390.92
edge:declared:db.PayrollStatementEmailRecipient:payroll_statement	12707.87,18458.52 11839.76,15849.15
edge:declared:db.PayrollStatementItem:ledger_item_setting_relation	10574.33,14688.56 10212.22,13144.61
edge:declared:db.PayrollStatementItem:payroll_statement	10627.07,14762.56 11775.79,15727.15
edge:declared:db.PayrollStatementPayrollInformation:payroll_statement	12172.22,15764.99 11948.83,15779.63
edge:declared:db.PayrollStatementScheduledEmail:payroll_statement_email	12785.98,17193.07 13054.19,17300.92
edge:declared:db.PayrollStatementScheduledEmailPeriodicTaskRelation:payroll_statement_scheduled_email	12626.60,17325.14 12641.86,17224.74
edge:declared:db.PeriodicOptionVestingItem:periodic_option_vesting	15607.28,18470.59 15612.92,18526.22
edge:declared:db.PhantomStock:company	11970.96,17122.77 16774.62,12637.33
edge:declared:db.PhantomStock:grantee	11930.62,17220.77 12156.37,18132.18
edge:declared:db.PhantomStockGrantContract:phantom_stock	11692.80,17126.78 11794.48,17147.05
edge:declared:db.PhantomStockResumeEvent:pause_event	16473.18,16413.21 16337.83,16333.83
edge:declared:db.PhantomStockVesting:phantom_stock	11684.27,17645.49 11894.25,17220.77
edge:declared:db.PhantomStockVestingItem:phantom_stock_vesting	11632.55,17934.66 11672.43,17719.49
edge:declared:db.PhantomStockVestingTraceable:phantom_stock	11850.76,17791.99 11913.13,17220.77
edge:declared:db.PhantomStockVestingTraceable:source_vesting_item	11798.16,17865.99 11689.70,17934.66
edge:declared:db.PhoneVerification:phone	9582.71,14002.28 8068.30,12573.25
edge:declared:db.PingpongDelivery:dropoff_address	20343.15,12447.23 22332.92,14217.22
edge:declared:db.PitchingDayHall:assigned_irs	30658.43,8690.01 27472.95,7635.18
edge:declared:db.PitchingDayHallAccessLog:pitching_day_hall	30912.53,8954.36 30808.65,8776.07
edge:declared:db.PitchingDayHallAccessLog:venture_capital	30951.26,9028.36 32446.34,12250.52
edge:declared:db.PitchingDayHallAssignedIrs:investor_relations	29117.86,8001.39 27472.95,7619.90
edge:declared:db.PitchingDayHallAssignedIrs:pitching_day_hall	29326.10,8067.84 30683.62,8686.07
edge:declared:db.PortalMenuVisibilitySetting:company	17647.89,10233.49 17031.02,12249.51
edge:declared:db.PortalSetting:company	22939.43,9697.56 17154.62,12378.08
edge:declared:db.PortfolioCompany:company	27275.26,14283.47 17154.62,12499.99
edge:declared:db.PortfolioCompany:venture_capital	27535.26,14259.53 32357.46,12521.83
edge:declared:db.PortfolioCompanyFund:fund	28469.89,14414.75 29634.14,14117.79
edge:declared:db.PortfolioCompanyFund:portfolio_company	28282.62,14434.52 27535.26,14325.37
edge:declared:db.PortfolioCompanyManager:portfolio_company	27385.49,16185.09 27406.90,14371.38
edge:declared:db.PortfolioCompanyUserRelation:portfolio_company	27537.52,14413.40 27485.59,14371.38
edge:declared:db.PrivacyPolicyLog:privacy_policy	5715.39,29969.49 5725.03,29876.30
edge:declared:db.PromotionAddress:promotion	8103.98,7240.24 8169.35,8930.12
edge:declared:db.PromotionCodeUsageHistory:promotion_code	24309.32,12617.97 24206.78,12411.41
edge:declared:db.PromotionCodeUsageHistory:service_fee_item	24288.08,12691.97 23925.98,13032.78
edge:declared:db.Purchase:_corporate_registration_paid_issue	21750.88,13816.69 20125.43,13811.34
edge:declared:db.Purchase:_credit	21750.88,13820.22 20538.53,13844.99
edge:declared:db.Purchase:_deprecated_payment_store	22046.88,13885.61 22739.33,14200.40
edge:declared:db.Purchase:_incorporation_request	21860.80,13922.18 21154.35,15869.89
edge:declared:db.Purchase:_invitation_seat_request	21750.88,13776.68 12765.99,11318.31
edge:declared:db.Purchase:_meeting	21785.94,13922.18 17976.63,17463.80
edge:declared:db.Purchase:_payment_store_legal_partner	21861.75,13922.18 21610.91,14631.67
edge:declared:db.Purchase:_subscription_payment_request	21853.02,13712.18 21120.56,11790.89
edge:declared:db.Purchase:basket	22006.40,13712.18 22123.56,13597.75
edge:declared:db.Purchase:company	21750.88,13776.66 17154.62,12518.52
edge:declared:db.Purchase:investment_association	22046.88,13893.50 27213.38,16558.04
edge:declared:db.Purchase:service_fee	22046.88,13760.01 22459.73,13593.32
edge:declared:db.Purchase:venture_capital	22046.88,13798.24 32357.46,12479.06
edge:declared:db.PurchaseItem:payment_store	22716.49,14050.75 22810.15,14200.40
edge:declared:db.PurchaseItem:purchase	22575.69,13986.88 22046.88,13866.45
edge:declared:db.PurchaseStatusHistory:purchase	21386.48,13752.04 21750.88,13798.36
edge:declared:db.Purpose:articles_of_incorporation	17863.79,14977.66 17773.64,15297.22
edge:declared:db.Purpose:industrial_code	17871.20,14903.66 17860.32,14771.07
edge:declared:db.QrReplyPasswordReset:request	23399.70,16373.08 23368.10,16647.20
edge:declared:db.QrReplyPasswordResetRequest:reply	23343.91,16721.20 23134.83,17165.19
edge:declared:db.QuarterlyReportRequest:quarterly_report	25963.54,16785.86 26550.87,16049.32
edge:declared:db.QuarterlyReportRequestAttachment:quarterly_report_request	24981.34,17103.82 25771.65,16875.86
edge:declared:db.QuarterlyReportRequestRecipient:email_activity_recipient	27341.47,17398.79 23752.56,23064.19
edge:declared:db.QuarterlyReportRequestRecipient:portfolio_company	27370.84,17308.79 27404.33,14371.38
edge:declared:db.QuarterlyReportRequestRecipient:portfolio_company_manager	27373.22,17308.79 27384.65,16259.09
edge:declared:db.QuarterlyReportRequestRecipient:quarterly_report_request	27273.89,17308.79 26054.42,16875.86
edge:declared:db.QuarterlyReportRequestReportItem:quarterly_report_item	25366.92,16729.89 25254.52,16734.04
edge:declared:db.QuarterlyReportRequestReportItem:quarterly_report_request	25665.92,16753.84 25774.73,16785.86
edge:declared:db.QuarterlyReportSettings:quarterly_report	26463.87,15968.70 26528.60,15971.30
edge:declared:db.QuarterlyReportSignupChannel:portfolio_company	25645.58,14836.28 27275.26,14349.17
edge:declared:db.QuarterlyReportSignupChannel:quarterly_report	25551.36,14918.23 26612.59,15935.32
edge:declared:db.QuestionMessageAttachment:message	21419.63,15069.23 22721.37,11567.93
edge:declared:db.QuestionMessageScheduled:question_thread_message	23039.35,10941.49 22786.87,11421.93
edge:declared:db.QuestionThread:_company	20355.29,12650.46 17154.62,12476.82
edge:declared:db.QuestionThreadAssignment:question_thread	19725.64,12753.81 20355.29,12673.99
edge:declared:db.QuestionThreadMessage:question_thread	22612.51,11564.75 20615.29,12590.03
edge:declared:db.QuestionThreadMessageAccessLog:message	22913.97,11786.30 22789.96,11567.93
edge:declared:db.QuestionThreadMessageCategory:question_thread_message	23600.18,11537.19 22884.51,11501.68
edge:declared:db.QuestionThreadMessagePeriodicTaskRelation:question_message_scheduled	22940.91,10786.67 23022.12,10867.49
edge:declared:db.QuestionThreadMessageProfile:message	23220.19,11238.90 22883.00,11421.93
edge:declared:db.QuestionThreadMessageReminder:message	23600.18,11637.39 22884.51,11517.68
edge:declared:db.QuestionThreadMessageReview:message	23300.25,11740.71 22884.51,11555.51
edge:declared:db.QuestionThreadMessageReviewRequest:message	23610.65,11740.71 22884.51,11533.70
edge:declared:db.QuestionThreadTag:question_thread_set	20525.46,12899.32 20496.75,12726.51
edge:declared:db.RebootProductContactRequest:company	14983.20,12004.41 16774.62,12422.20
edge:declared:db.RegisteredMail:order_status_history	5652.54,10053.28 5789.29,10027.38
edge:declared:db.RegisteredMail:seal_card_return_status_history	5528.13,10038.63 5495.48,9850.15
edge:declared:db.Registration:meeting	15959.97,19491.20 17733.31,17697.80
edge:declared:db.RegistrationAgenda:agenda_ceo_address_change	14301.28,21786.52 14507.83,22110.30
edge:declared:db.RegistrationAgenda:agenda_director_change	14272.30,21786.52 14351.64,22800.15
edge:declared:db.RegistrationAgenda:agenda_option_exercise	14349.74,21786.52 14527.09,21868.88
edge:declared:db.RegistrationAgenda:registration	14305.42,21696.52 15888.85,19573.20
edge:declared:db.RegistrationAssistance:legal_partner	20875.57,16807.56 21524.59,14881.67
edge:declared:db.RegistrationAssistance:meeting	20737.75,16878.72 17998.78,17544.81
edge:declared:db.RegistrationAssistanceReceipt:registration_assistance	20954.10,16931.58 20907.36,16889.56
edge:declared:db.RegistrationCaseReport:company	14982.49,8317.13 16860.96,12249.51
edge:declared:db.RegistrationCaseReport:jurisdiction	14965.25,8317.13 14983.39,9887.00
edge:declared:db.RegistrationCaseReportUpdateLog:company	23672.13,9720.01 17154.62,12388.71
edge:declared:db.RegistrationDirector:registration	16014.32,19647.24 15953.25,19573.20
edge:declared:db.RegistrationFormCaptable:agenda	18724.07,23462.24 17936.33,21522.88
edge:declared:db.RegistrationFormCaptableDocument:captable	18716.36,23976.89 18738.61,23544.24
edge:declared:db.RegistrationFormCaptableNotarizationRequestor:registration_form_captable	18335.76,23375.22 18658.13,23462.24
edge:declared:db.RegistrationFormCaptableNotarizationRequestor:shareholder	18107.44,23301.22 17891.57,23213.69
edge:declared:db.RegistrationFormHeadOfficeInsideRelocationDocument:head_office_relocation_agenda	19474.33,23806.00 18736.19,21719.16
edge:declared:db.RegistrationFormHeadOfficeOutsideRelocationDocument:head_office_relocation_agenda	19516.22,23992.07 18735.62,21719.16
edge:declared:db.RegistrationHelp:company_question_thread	18150.88,16662.11 19052.85,14388.59
edge:declared:db.RegistrationHelp:meeting	18124.22,16736.11 17888.66,17463.80
edge:declared:db.ResignationLetterDocument:director_change_agenda	14761.38,23950.60 14375.38,22906.15
edge:declared:db.RightToConsentOrConsult:company	15598.96,16706.03 16893.93,12683.51
edge:inheritance:db.RsuAdjustEvent->db.Event	16039.94,16640.49 16539.11,16830.60
edge:declared:db.RsuExerciseClaim:company	15133.11,15385.35 16828.46,12683.51
edge:declared:db.RsuExerciseClaim:financial_account	15049.35,15491.35 13797.14,16827.20
edge:declared:db.RsuExerciseClaimAttachment:attachment_setting_item	14717.66,15565.37 14593.67,15678.59
edge:declared:db.RsuExerciseClaimAttachment:rsu_exercise_claim	14887.66,15495.25 14975.85,15471.60
edge:declared:db.RsuExerciseClaimCandidate:hrm_emp	13964.29,16517.74 9052.82,18050.42
edge:declared:db.RsuExerciseClaimCandidate:rsu_exercise_claim	14137.82,16429.42 15047.73,15491.35
edge:declared:db.RsuExerciseClaimCandidate:rsu_exercise_management	14071.03,16429.42 13950.64,16123.07
edge:declared:db.RsuExerciseClaimCandidate:rsu_grantee	14109.63,16527.42 14232.20,16837.90
edge:declared:db.RsuExerciseClaimCandidateEmailRecipient:candidate	14368.98,16619.79 14186.89,16527.42
edge:declared:db.RsuExerciseClaimEventRelation:claim	15462.13,15696.95 15220.83,15491.35
edge:declared:db.RsuExerciseClaimEventRelation:event	15537.59,15770.95 16063.02,16377.89
edge:declared:db.RsuExerciseClaimRsu:rsu	15661.34,15331.02 15899.16,15286.94
edge:declared:db.RsuExerciseClaimRsu:rsu_exercise_claim	15425.34,15368.80 15223.85,15395.96
edge:declared:db.RsuExerciseManagement:company	13971.99,16025.07 16781.86,12683.51
edge:declared:db.RsuExerciseManagement:excluded_institution_set	13911.07,16123.07 13730.66,16571.35
edge:declared:db.RsuExerciseManagementAttachmentSetting:management	14170.88,15996.41 14054.79,16033.96
edge:declared:db.RsuExerciseManagementAttachmentSettingItem:setting	14511.55,15752.59 14320.62,15922.41
edge:declared:db.RsuExerciseManagementEmail:rsu_exercise_management	14483.30,16392.52 14015.80,16123.07
edge:declared:db.RsuExtraAttachment:rsu	16357.40,14836.14 16090.38,15189.13
edge:declared:db.RsuGrantContract:rsu	16501.85,15030.50 16171.16,15194.63
edge:declared:db.RsuGrantContract:template	16599.96,14940.50 16693.29,14283.36
edge:declared:db.RsuGrantContractModusignDocument:rsu_grant_contract	21002.63,19266.51 16639.91,15030.50
edge:declared:db.RsuGrantContractTemplate:company	16823.11,14201.36 16924.95,12683.51
edge:declared:db.RsuGrantContractTemplate:stakeholder_set	16697.54,14201.36 16666.44,14056.62
edge:declared:db.RsuGrantContractTemplateStakeholder:company	16665.76,13982.62 16921.19,12683.51
edge:declared:db.RsuMeeting:company	16820.30,15159.12 16957.24,12683.51
edge:declared:db.RsuMeeting:meeting	16837.39,15249.12 17800.99,17463.80
edge:declared:db.RsuMeetingAttachment:meeting	16506.72,15400.31 16746.46,15249.12
edge:declared:db.RsuPerformanceCondition:company	15959.04,14326.59 16848.64,12683.51
edge:declared:db.RsuResumeEvent:pause_event	16196.69,17267.38 16114.28,17384.81
edge:declared:db.RsuRsa:company	16059.43,15189.13 16892.29,12683.51
edge:declared:db.RsuRsa:grantee	15954.43,15335.13 14292.50,16837.90
edge:declared:db.RsuRsa:grantee_hrm_emp	15899.16,15316.16 9052.82,18036.31
edge:declared:db.RsuRsa:source_meeting	16171.16,15252.67 16693.82,15216.31
edge:declared:db.RsuRsaSealedContractFile:company	16468.23,14483.87 16913.48,12683.51
edge:declared:db.RsuRsaSealedContractFile:grant_contract	16469.68,14557.87 16579.31,14940.50
edge:declared:db.RsuTag:category	16303.51,14312.96 16251.58,14267.16
edge:declared:db.RsuTag:company	16363.32,14312.96 16892.76,12683.51
edge:declared:db.RsuTag:rsu_set	16335.60,14394.96 16060.45,15189.13
edge:declared:db.RsuTagCategory:company	16227.59,14193.16 16871.99,12683.51
edge:declared:db.RsuVesting:rsu	15674.43,15224.42 15899.16,15245.83
edge:declared:db.RsuVestingItem:performance_condition	15708.90,14819.42 15920.21,14400.59
edge:declared:db.RsuVestingItem:rsu_vesting	15669.44,14909.42 15570.10,15176.18
edge:declared:db.RsuVestingTraceable:rsu	15910.28,15126.72 15967.84,15189.13
edge:declared:db.RsuVestingTraceable:source_vesting_item	15848.28,15052.72 15724.93,14909.42
edge:declared:db.RtccConsentSummary:company	15393.96,10963.98 16774.62,12285.93
edge:declared:db.RtccConsentSummary:source_result	15349.65,10889.98 15275.18,10404.44
edge:declared:db.RtccEmail:right_to_consent_or_consult	15506.39,16937.10 15585.75,16788.03
edge:declared:db.RtccEmailAuthentication:rtcc_investor	16125.92,17629.54 16017.32,17718.27
edge:declared:db.RtccInvestor:right_to_consent_or_consult	15945.06,17718.27 15600.93,16788.03
edge:declared:db.RtccInvestor:stakeholder	15867.80,17808.27 12852.68,19244.93
edge:declared:db.RtccInvestorFile:investor	17464.13,17913.01 16117.74,17778.77
edge:declared:db.RtccSummaryAnalysisRequest:company	15428.90,9765.36 16847.27,12249.51
edge:declared:db.RtccSummaryAnalysisRequestDocument:document	15709.97,10263.60 18592.58,15317.32
edge:declared:db.RtccSummaryAnalysisRequestDocument:request	15672.43,10189.60 15429.01,9765.36
edge:declared:db.RtccSummaryAnalysisResult:request	15300.10,10322.44 15398.27,9765.36
edge:declared:db.RtccSummaryAnalysisResultDocument:document	15815.43,10456.23 18592.54,15317.32
edge:declared:db.RtccSummaryAnalysisResultDocument:result	15641.29,10402.13 15421.17,10377.52
edge:declared:db.Safe:company	14000.60,15589.78 16774.62,12665.51
edge:declared:db.Safe:holder	13900.66,15663.78 13781.89,15782.37
edge:declared:db.SafeCreateEvent:contract_file	17509.72,17543.40 20048.87,18421.28
edge:declared:db.SalesMetric:legal_partner	22125.79,14706.38 21720.71,14742.82
edge:declared:db.SdContactRequest:secondary_deal	32589.63,8593.53 33306.65,6275.29
edge:declared:db.SdContactRequest:venture_capital	32577.83,8667.53 32543.43,12250.52
edge:declared:db.SealCardReturnRequest:seal_card	4690.12,8469.95 5062.99,8412.82
edge:declared:db.SealCardReturnStatusHistory:seal_card_return_request	5459.74,9768.15 4594.76,8529.95
edge:declared:db.SealCertificateDelivery:company	19316.38,12402.86 17154.62,12461.37
edge:declared:db.SealCertificateDelivery:seal_card_pickup_delivery	19564.38,12409.20 20164.07,12400.11
edge:declared:db.SealCertificateIssueRequest:delivery	19547.99,12490.52 19498.31,12448.50
edge:declared:db.SealStamp:attachment	17417.85,15725.95 20048.87,18300.82
edge:declared:db.SealStamp:company	17307.22,15619.95 16988.20,12683.51
edge:declared:db.SealStamp:director	17319.47,15725.95 17398.34,16370.13
edge:declared:db.SealStampCardContinuedUseApplicationFormDocument:stakeholder	12062.35,23604.30 12660.84,19481.54
edge:declared:db.SealStampDeclarationDocument:stakeholder	12014.58,23754.53 12660.46,19481.54
edge:declared:db.SealStampImage:seal_stamp	17710.89,15770.09 17436.98,15719.31
edge:declared:db.SealStampUsageHistory:employee	12874.14,15272.06 11784.96,15071.96
edge:declared:db.SealStampUsageHistory:payroll_statement_document	13086.69,15347.84 13156.89,15389.86
edge:declared:db.SealStampUsageHistory:seal_stamp	13122.14,15305.71 17188.98,15662.08
edge:declared:db.SealStampUsageHistory:wht_book	12874.14,15300.49 12384.65,15322.82
edge:declared:db.SealStampUsageHistory:wht_certificate	13092.28,15241.84 13219.82,15170.04
edge:declared:db.SealStampUsageHistory:wht_receipt	12943.58,15241.84 12899.85,15199.37
edge:declared:db.SecondaryDeal:assigned_investors	33328.66,6275.29 32567.57,12250.52
edge:declared:db.SecondaryDeal:business_line	33190.07,6134.56 32755.93,6078.92
edge:declared:db.SecondaryDeal:corporate_registration	33190.07,6050.45 33042.96,5951.26
edge:declared:db.SecondaryDeal:operating_profit	33319.86,6033.29 33043.86,4654.06
edge:declared:db.SelfRegistration:meeting	17995.66,17835.67 17918.99,17697.80
edge:declared:db.ServiceFee:basket	22437.28,13555.57 22279.45,13559.71
edge:declared:db.ServiceFeeItem:product	23845.40,13032.78 23189.50,12306.37
edge:declared:db.ServiceFeeItem:service_fee	23768.74,13114.78 22669.26,13511.32
edge:declared:db.ShareClass:company	16601.58,18174.77 16950.26,12683.51
edge:declared:db.ShareholderInstitutionMember:institution	12864.64,21971.14 13174.25,22666.06
edge:declared:db.ShareholderInstitutionMember:manager	12832.14,21889.14 12746.39,21641.98
edge:declared:db.ShareholderInstitutionMemberCeo:member	12811.76,22574.59 12844.17,21971.14
edge:declared:db.ShareholderVote:agenda	17872.13,22696.08 17932.57,21522.88
edge:declared:db.ShareholderVote:attended_shareholder	17788.57,22770.08 17717.98,23120.33
edge:declared:db.ShareholderVotingRightsPerAgenda:agenda	17642.72,22574.37 17861.09,21522.88
edge:declared:db.ShareholderVotingRightsPerAgenda:shareholder	17636.97,22648.37 17695.51,23120.33
edge:declared:db.ShareholdersAgreementStakeholder:stakeholder	11968.03,19095.99 12520.68,19271.75
edge:declared:db.ShareholdersMeeting:chairperson	16677.63,22713.32 15414.77,22750.38
edge:declared:db.ShareholdersMeeting:meeting	16821.67,22639.48 17826.98,17697.80
edge:declared:db.ShareholdersMeeting:sealed_meeting_minutes_file	16863.71,22639.48 20062.50,18703.97
edge:declared:db.ShareholdersMeetingAgenda:agenda_authorized_shares_change	17729.54,21489.23 17413.90,21693.11
edge:declared:db.ShareholdersMeetingAgenda:agenda_bonus_issue	17922.47,21248.88 18140.60,20325.11
edge:declared:db.ShareholdersMeetingAgenda:agenda_branch_change	17901.25,21248.88 18000.02,20093.97
edge:declared:db.ShareholdersMeetingAgenda:agenda_change_of_articles_of_incorporation	18049.54,21362.24 19018.55,20625.73
edge:declared:db.ShareholdersMeetingAgenda:agenda_co_ceo_system_change	17729.54,21386.90 17205.07,21393.31
edge:declared:db.ShareholdersMeetingAgenda:agenda_company_name_change	17858.56,21248.88 17795.97,20994.77
edge:declared:db.ShareholdersMeetingAgenda:agenda_custom	17729.54,21314.85 17084.17,21031.55
edge:declared:db.ShareholdersMeetingAgenda:agenda_director_change	17729.54,21450.41 14479.79,22801.59
edge:declared:db.ShareholdersMeetingAgenda:agenda_director_compensation_decision	17729.54,21418.01 16815.16,21610.83
edge:declared:db.ShareholdersMeetingAgenda:agenda_director_compensation_rule	17729.54,21316.23 17473.45,21204.77
edge:declared:db.ShareholdersMeetingAgenda:agenda_financial_statements	17923.54,21248.88 18250.36,19931.96
edge:declared:db.ShareholdersMeetingAgenda:agenda_head_office_relocation	18049.54,21440.04 18588.05,21622.33
edge:declared:db.ShareholdersMeetingAgenda:agenda_head_office_relocation_aoi_change	17995.92,21522.88 18571.80,22135.61
edge:declared:db.ShareholdersMeetingAgenda:agenda_method_of_giving_public_notice_change	17859.35,21248.88 17715.70,20597.00
edge:declared:db.ShareholdersMeetingAgenda:agenda_new_issue	17729.54,21522.88 17099.83,22275.97
edge:declared:db.ShareholdersMeetingAgenda:agenda_new_options_rule	17729.54,21264.06 17474.30,21071.89
edge:declared:db.ShareholdersMeetingAgenda:agenda_new_or_change_rsu_rule	17776.05,21248.88 17468.22,20864.75
edge:declared:db.ShareholdersMeetingAgenda:agenda_option_cancel	17729.54,21343.89 16270.24,20960.96
edge:declared:db.ShareholdersMeetingAgenda:agenda_option_grant	17790.73,21248.88 16647.45,19663.79
edge:declared:db.ShareholdersMeetingAgenda:agenda_purpose_change	17987.26,21522.88 18691.81,22517.53
edge:declared:db.ShareholdersMeetingAgenda:agenda_rsu_grant	17729.54,21309.27 16661.59,20797.99
edge:declared:db.ShareholdersMeetingAgenda:agenda_subsidiary_establishment	17729.54,21399.77 16776.13,21485.32
edge:declared:db.ShareholdersMeetingAgenda:meeting	17777.47,21522.88 16864.07,22639.48
edge:declared:db.ShareholdersMeetingConvocationNoticeEmail:shareholders_meeting	18399.15,20794.45 16865.00,22639.48
edge:declared:db.ShareholdersMeetingConvocationNoticeEmailAttachment:convocation_notice_email	19627.13,20459.28 18628.39,20700.01
edge:declared:db.ShareholdersMeetingConvocationNoticeEmailNewIssueAttachment:email	17321.73,22148.01 18400.33,20794.45
edge:declared:db.ShareholdersMeetingConvocationNoticeEmailNewIssueAttachment:new_issue	17404.48,22222.01 17186.29,22307.61
edge:declared:db.ShareholdersMeetingConvocationNoticeEmailRecipient:email_activity_recipient	22055.68,22620.58 23597.52,23074.31
edge:declared:db.ShareholdersMeetingConvocationNoticeRecipient:bulk_email_recipient	20429.88,21905.24 17933.38,19178.66
edge:declared:db.ShareholdersMeetingConvocationNoticeRecipient:convocation_notice_email	20395.13,21905.24 18520.41,20794.45
edge:declared:db.ShareholdersMeetingConvocationNoticeRecipient:shareholder	20370.08,21995.24 17858.12,23120.33
edge:declared:db.ShareholdersMeetingDirectorAttendance:stakeholder	15208.20,22706.37 12801.12,19481.54
edge:declared:db.ShareholdersMeetingPowerOfAttorneyIndividualDocument:shareholder	17230.77,23389.95 17541.29,23258.33
edge:declared:db.ShareholdersMeetingShareholderAttendance:meeting	17575.24,23120.33 16935.10,22777.48
edge:declared:db.ShareholdersMeetingShareholderAttendance:original_shareholder	17516.57,23170.22 13333.21,22743.91
edge:declared:db.ShareholdersMeetingShortenPeriodIndividualDocument:shareholder	17419.45,23215.76 17516.57,23206.74
edge:declared:db.ShareholdersMeetingWrittenDecisionIndividualDocument:shareholder	17289.72,23731.97 17651.38,23258.33
edge:declared:db.Stakeholder:company	12784.62,19167.54 16829.26,12683.51
edge:declared:db.Stakeholder:standardized_address	12852.68,19318.23 22563.75,18949.10
edge:declared:db.StakeholderAccount:account	13350.55,17990.51 13733.59,16925.20
edge:declared:db.StakeholderAccount:stakeholder	13318.81,18064.51 12752.83,19167.54
edge:declared:db.StakeholderCustodian:stakeholder	12308.31,19299.45 12520.68,19313.53
edge:declared:db.StakeholderSeat:stakeholder	11793.19,19359.33 12520.68,19336.59
edge:declared:db.StarredQuestionThread:question_thread	20130.70,12806.80 20355.29,12712.25
edge:declared:db.Stock:company	16565.34,18415.79 16950.06,12683.51
edge:declared:db.Stock:share_class	16566.29,18415.79 16589.21,18280.77
edge:declared:db.Stock:shareholder	16530.37,18497.79 13254.30,22666.06
edge:declared:db.StockDocumentAnalysis:document_ai_process_request	25820.92,27607.59 26369.23,27351.41
edge:declared:db.StockDocumentAnalysis:stock_reregistration_event	25769.97,27681.59 25875.47,27819.83
edge:declared:db.StockTransferAgreement:company	17765.33,18485.52 16993.49,12683.51
edge:declared:db.StockTransferAgreement:purchaser	17639.57,18582.88 12852.68,19299.68
edge:declared:db.StockTransferAgreement:sealed_agreement_file	17911.57,18571.17 20048.87,18496.78
edge:declared:db.StockTransferAgreement:seller	17642.95,18639.52 13287.65,22666.06
edge:declared:db.StockTransferAgreement:stock_transfer_event	17639.57,18515.99 17521.99,18479.86
edge:declared:db.StockTransferAgreementClauses:stock_transfer_agreement	17927.96,18325.64 17911.57,18503.81
edge:declared:db.StockTransferAgreementItem:agreement	17133.66,18376.23 17639.57,18522.08
edge:declared:db.StockTransferAgreementItem:share_class	16886.66,18305.48 16722.21,18258.69
edge:declared:db.StockTransferAgreementManagement:company	18156.28,13151.61 17154.62,12575.74
edge:declared:db.StockTransferAgreementManagement:related_tax_advices	18386.06,13160.32 20355.29,12688.65
edge:declared:db.StockTransferAgreementManagement:stock_transfer_agreement	18230.71,13241.61 17782.16,18485.52
edge:declared:db.StockTransferAgreementManagementStakeholderSeat:stakeholder_seat	9894.25,8571.11 11662.12,19322.21
edge:declared:db.StockTransferAgreementManagementStakeholderSeat:stock_transfer_agreement_management	9954.41,8571.11 18156.07,13151.61
edge:declared:db.StockTransferAgreementModusignDocument:stock_transfer_agreement	20010.28,20160.13 17883.28,18639.52
edge:declared:db.StockTransferAgreementModusignEmbeddedDraft:stock_transfer_agreement	20282.70,20569.69 17871.22,18639.52
edge:declared:db.StockTransferAgreementPurchaserInstitution:agreement	17944.46,18934.50 17820.60,18639.52
edge:declared:db.StockTransferAgreementSellerInstitution:agreement	18288.11,18764.63 17911.57,18599.35
edge:declared:db.StockTransferAgreementSurvey:company	24158.48,8728.04 17154.62,12367.77
edge:declared:db.StockTransferPrice:share_class	17224.09,18289.66 16722.21,18237.88
edge:declared:db.StockTransferPrice:stock_transfer_event	17357.99,18338.84 17387.12,18406.60
edge:declared:db.StockUnissuedConfirmationRequest:company	18783.01,16331.16 17066.72,12683.51
edge:declared:db.StockUnissuedConfirmationRequest:stock_unissued_confirmation_file	18880.29,16413.16 20070.70,18269.97
edge:declared:db.StripeCard:customer	6254.03,7287.11 6300.14,7658.11
edge:declared:db.StripePayment:card	5456.35,7938.15 6206.78,7287.11
edge:declared:db.StripePayment:order	5533.09,8007.35 6684.15,8269.15
edge:declared:db.StripePayment:seal_card_return_request	5341.30,8020.15 4633.91,8447.95
edge:declared:db.Subscription:company	20744.39,11264.33 17154.62,12406.08
edge:declared:db.Subscription:subscription_contract	20744.39,11264.60 19607.41,11628.51
edge:declared:db.Subscription:subscription_package	20744.39,11276.29 19876.93,11628.51
edge:declared:db.Subscription:subscription_plan	20827.94,11302.07 20432.53,12003.94
edge:declared:db.Subscription:subscription_policy	20744.39,11290.70 19869.49,11779.24
edge:declared:db.Subscription:subscription_promotion	20744.39,11258.34 20220.89,11401.79
edge:declared:db.SubscriptionBonus:subscription	21487.45,11281.73 21016.39,11234.66
edge:declared:db.SubscriptionContract:company	19375.07,11702.51 17154.62,12406.29
edge:declared:db.SubscriptionModusignDocumentUsageHistory:subscription	23524.89,13316.62 20986.05,11302.07
edge:declared:db.SubscriptionPackage:company	19667.81,11699.01 17154.62,12412.56
edge:declared:db.SubscriptionPaymentRequest:company	20978.93,11771.70 17154.62,12433.62
edge:declared:db.SubscriptionPaymentRequest:subscription	21086.05,11708.89 20898.66,11302.07
edge:declared:db.SubscriptionPenaltyPayment:company	19371.81,11814.04 17154.62,12415.01
edge:declared:db.SubscriptionPenaltyPayment:subscription	19583.48,11744.51 20744.39,11275.96
edge:declared:db.SubscriptionPeriod:subscription	21795.48,10889.50 21016.39,11171.79
edge:declared:db.SubscriptionPerk:subscription	21421.89,11436.85 21016.39,11275.26
edge:declared:db.SubscriptionPlan:permissions	20270.42,12059.57 19951.48,12056.22
edge:declared:db.SubscriptionPlanOffering:subscription_plan	20593.69,12045.06 20530.42,12050.26
edge:declared:db.SubscriptionPlanPerk:subscription_plan	20617.18,11942.25 20504.52,12003.94
edge:declared:db.SubscriptionPolicy:company	19679.23,11844.89 17154.62,12420.38
edge:declared:db.SubscriptionPromotion:company	19990.42,11471.13 17154.62,12404.01
edge:declared:db.SubscriptionReservation:company	19099.36,12200.74 17154.62,12440.08
edge:declared:db.SubscriptionReservation:subscription_plan	19335.36,12175.91 20270.42,12074.97
edge:declared:db.SubscriptionSuspensionHistory:subscription	21411.14,11160.21 21016.39,11205.48
edge:declared:db.TalingCoupon:_company	13181.80,11769.23 16774.62,12431.49
edge:declared:db.TaxBookkeepingServiceRequest:company	20316.48,14009.40 17154.62,12553.11
edge:declared:db.TaxBookkeepingServiceRequest:incorporation_request	20420.66,14091.40 21078.71,15869.89
edge:declared:db.TaxPartnerTbkContract:legal_partner	22431.72,14525.81 21720.71,14722.64
edge:declared:db.TaxPartnerTbkContractItem:tax_partner_tbk_contract	22658.97,14606.80 22585.28,14530.14
edge:declared:db.TaxPartnerTbkSettings:legal_partner	21828.06,15698.88 21601.38,14881.67
edge:declared:db.TbkConsulting:tax_bookkeeping_service_request	20828.30,14185.06 20542.49,14085.95
edge:declared:db.TbkConsulting:tbk_question_thread	20828.30,14232.30 19230.16,14286.97
edge:declared:db.TbkConsultingMemo:tbk_consulting	21214.43,14052.03 21025.26,14179.06
edge:declared:db.TbkConsultingRefusal:incorporation_request	20810.46,15540.71 21042.31,15869.89
edge:declared:db.TbkConsultingStatusLog:tbk_consulting	20832.53,13987.41 20927.91,14179.06
edge:declared:db.TbkContract:tbk_consulting	22059.86,15052.51 21018.12,14277.06
edge:declared:db.TbkContractBenefit:tbk_contract	22200.92,15176.53 22158.68,15134.51
edge:declared:db.TbkContractSettlement:tbk_contract	22165.93,15010.49 22141.41,15052.51
edge:declared:db.ThirdPartyArticleProviderUserRelation:article_provider	20124.45,19992.72 20121.04,19945.00
edge:declared:db.UserApiKeyCompanyAccess:api_key	17822.83,8189.07 18159.80,7547.80
edge:declared:db.UserApiKeyCompanyAccess:selected_companies	17793.18,8271.07 17007.48,12249.51
edge:declared:db.UserApiKeyCompanyRelation:company	17448.10,8289.86 16989.74,12249.51
edge:declared:db.UserApiKeyCompanyRelation:company_access	17575.88,8244.79 17677.28,8238.17
edge:declared:db.UserApiKeyRevocation:api_key	17878.20,7490.00 18057.35,7499.93
edge:declared:db.UserInvitation:company	12509.04,11952.94 16774.62,12445.98
edge:declared:db.UserInvitation:company_user_relation	12261.04,11979.65 11111.37,12360.17
edge:declared:db.UserInvitationInvitee:invitation	11098.92,12492.56 12280.56,11983.61
edge:declared:db.UserInvitationInvitee:stakeholder	11023.96,12566.56 12648.05,19167.54
edge:declared:db.UserInvitationOwnerRoleRelation:owner_role	12291.44,11299.76 12352.00,11161.48
edge:declared:db.UserInvitationOwnerRoleRelation:user_invitation	12278.14,11373.76 12376.52,11893.61
edge:declared:db.UserProfileImageMapping:profile_image	21084.25,18792.39 21025.27,18776.65
edge:declared:db.UserSealCardRelation:seal_card	4982.38,8539.63 5129.46,8434.82
edge:declared:db.ValuationHistory:company	18673.90,12498.67 17154.62,12470.08
edge:declared:db.ValuationServiceRequest:company	17815.37,13356.41 17154.62,12665.25
edge:declared:db.ValuationServiceRequest:company_question_thread	17901.26,13430.41 18966.63,14210.59
edge:declared:db.VcIrRecommendationRequest:venture_capital	31103.25,9777.84 32431.35,12250.52
edge:declared:db.VcIrRecommendationRequestResult:investor_relations	29744.96,8798.41 27472.95,7661.26
edge:declared:db.VcIrRecommendationRequestResult:request	29870.56,8872.41 31031.71,9703.84
edge:declared:db.VcLpReport:venture_capital	32212.35,12996.54 32416.75,12660.52
edge:declared:db.VcLpReportRequest:alimtalk_activity	32656.78,13375.27 31509.89,14070.82
edge:declared:db.VcLpReportRequest:vc_lp_report	32651.51,13293.27 32255.61,13070.54
edge:declared:db.VcLpReportRequestRecipient:alimtalk_activity_recipient	31160.01,13937.63 30763.77,14331.59
edge:declared:db.VcLpReportRequestRecipient:fund_partner	31228.26,13855.63 31233.45,13797.09
edge:declared:db.VcLpReportRequestRecipient:vc_lp_report_request	31312.30,13855.63 32613.34,13375.27
edge:declared:db.VcNameAlias:venture_capital	33261.26,12104.13 32725.46,12365.70
edge:declared:db.VcSearchLog:company	25330.80,5905.89 17154.62,12309.69
edge:declared:db.VcSearchLog:investor_relations	25429.25,5905.89 27171.24,7455.18
edge:declared:db.VcSearchLog:venture_capital	25427.67,5905.89 32357.46,12287.09
edge:declared:db.VcUserRole:venture_capital	28111.60,9285.75 32357.46,12323.86
edge:declared:db.VentureBusinessCertification:attachment	18633.36,15539.32 20120.68,18269.97
edge:declared:db.VentureBusinessCertification:company	18588.77,15457.32 17082.46,12683.51
edge:declared:db.VentureBusinessCertificationExpirationNotificationLog:venture_business_certification	18342.91,15647.41 18552.27,15539.32
edge:declared:db.VentureCapitalEmailTemplates:venture_capital	32877.51,12563.15 32725.46,12514.45
edge:declared:db.VentureCapitalPaymentLink:venture_capital	29195.08,12670.38 32357.46,12462.91
edge:declared:db.VentureCapitalQuarterlyReport:content_template	26700.39,15935.32 27847.56,13386.43
edge:declared:db.VentureCapitalQuarterlyReport:venture_capital	26769.64,15935.32 32357.46,12566.45
edge:declared:db.VentureCapitalQuarterlyReportContentTemplate:venture_capital	28060.66,13312.43 32357.46,12503.17
edge:declared:db.VentureCapitalQuarterlyReportItem:quarterly_report	25181.72,16698.91 26547.37,16049.32
edge:declared:db.VentureCapitalQuarterlyReportItemReply:file_attachment	23071.93,17524.09 20428.87,18421.08
edge:declared:db.VentureCapitalQuarterlyReportItemReply:item	23297.32,17442.09 24983.80,16780.91
edge:declared:db.VentureCapitalQuarterlyReportItemReply:reply	23193.28,17442.09 23131.54,17295.19
edge:declared:db.VentureCapitalQuarterlyReportReply:_deprecated_captable	22955.65,17295.19 20428.87,18400.70
edge:declared:db.VentureCapitalQuarterlyReportReply:company_create_request	22968.00,17165.19 22155.48,16777.49
edge:declared:db.VentureCapitalQuarterlyReportReply:portfolio_company	23199.80,17165.19 27308.07,14371.38
edge:declared:db.VentureCapitalQuarterlyReportReply:quarterly_report	23273.22,17171.52 26528.60,16041.36
edge:declared:db.VentureCapitalSubscription:subscription_plan	33151.49,11067.98 33270.23,11252.78
edge:declared:db.VentureCapitalSubscription:venture_capital	33112.48,11067.98 32625.82,12250.52
edge:declared:db.VentureCapitalSubscriptionPlanPermission:subscription_plan	34225.67,11247.92 33441.08,11286.65
edge:declared:db.VentureCapitalSubscriptionPlanPrice:subscription_plan	33226.51,11911.54 33291.93,11334.78
edge:declared:db.VentureCapitalUserRelation:roles	29610.85,10747.43 28096.05,9285.75
edge:declared:db.VentureCapitalUserRelation:venture_capital	29735.71,10837.43 32357.46,12345.74
edge:declared:db.VentureComplex:address	23527.43,18512.16 22871.75,18861.26
edge:declared:db.VideoCollection:video_contents	18894.86,9480.09 19358.26,8888.25
edge:declared:db.VideoCollectionFeedback:company	18117.59,9920.49 17064.34,12249.51
edge:declared:db.VideoCollectionFeedback:video_collection	18208.60,9846.49 18763.49,9570.09
edge:declared:db.VideoCollectionPermission:company	18747.57,9994.07 17117.97,12249.51
edge:declared:db.VideoCollectionPermission:video_collection	18781.57,9920.07 18850.37,9570.09
edge:declared:db.VideoContentHistory:company	19086.95,9936.84 17146.68,12249.51
edge:declared:db.VideoContentHistory:video_collection	19092.41,9854.84 18891.40,9570.09
edge:declared:db.VideoContentHistory:video_content	19131.87,9854.84 19379.84,8888.25
edge:declared:db.VideoContentSpeecher:video_content	19145.48,8794.60 19266.36,8820.59
edge:declared:db.WhitepaperPreviewFile:whitepaper	5849.24,6322.44 5824.47,6437.36
edge:declared:db.WhitepaperWatermarkFile:whitepaper	6724.35,5947.75 5885.85,6437.36
edge:declared:db.WhtBook:employee	12171.03,15287.47 11784.96,15110.84
edge:declared:db.WhtBook:wht_book_without_date	12210.88,15369.47 12088.98,15469.90
edge:declared:db.WhtBookWithoutDate:employee	12011.88,15469.90 11730.83,15146.87
edge:declared:db.WhtCertificate:employee	13167.54,15122.22 11784.96,15042.62
edge:declared:db.WhtReceipt:employee	12743.76,15151.09 11784.96,15059.44
edge:declared:db.YearEndTaxSettlement:payroll	10961.92,18573.84 9018.39,4961.99
edge:declared:db.YearEndTaxSettlementConfirmationSchedule:year_end_tax_settlement	10440.27,18001.66 10930.17,18573.84
edge:declared:db.YetsAssistance:employee	15432.40,30618.81 9674.66,30366.14
edge:declared:db.YetsAssistanceCreatorYetsEmployee:yets_employee	10828.26,30186.95 9674.66,30340.24
edge:declared:db.YetsAssistanceMessage:assistance	17059.60,30374.51 15680.40,30615.70
edge:declared:db.YetsAssistanceMessage:creator	17059.60,30342.96 14336.11,30126.15
edge:declared:db.YetsAssistanceMessageFile:message	22956.62,30944.81 17307.60,30365.55
edge:declared:db.YetsAssistanceStaffAccessLog:assistance	14964.17,30746.63 15432.40,30649.03
edge:declared:db.YetsAssistanceStaffFavoriteRelation:assistance	16046.51,30446.39 15680.40,30578.46
edge:declared:db.YetsEmail:year_end_tax_settlement	11827.06,19983.99 10992.14,18663.84
edge:declared:db.YetsEmailAuthentication:yets_employee	9383.75,30936.81 9511.89,30424.71
edge:declared:db.YetsEmployee:employee	9537.15,30294.71 11631.22,15146.87
edge:declared:db.YetsEmployee:year_end_tax_settlement	9536.14,30294.71 10964.46,18663.84
edge:declared:db.YetsEmployeeFile:employee	23723.54,32497.98 9674.66,30381.78
edge:declared:db.YetsEmployeeResult:yets_employee	11435.60,29913.10 9674.66,30323.64
edge:declared:db.YetsEmployeeResultAssistanceMessageRelation:assistance_message	14798.47,30045.84 17059.60,30336.87
edge:declared:db.YetsEmployeeResultAssistanceMessageRelation:result	14410.47,30010.32 11683.60,29889.68
edge:declared:db.YetsEmployeeResultStatusLog:result	11243.81,29004.42 11543.45,29839.19
edge:declared:db.YetsEmployeeResultWhtReceipt:result	22127.68,29755.87 11683.60,29882.68
edge:declared:db.YetsEmployeeSubmissionLog:yets_employee	9936.35,30611.15 9633.68,30424.71
edge:declared:db.YetsEmployeeUploadForm:yets_employee	11442.19,30796.03 9674.66,30393.11
edge:declared:db.YetsEmployeeUploadFormStatusLog:yets_employee_upload_form	11201.40,31511.65 11540.89,30860.86
edge:declared:db.ZuzuTaxPhoneToken:phone	8313.29,12382.39 8097.43,12499.25
edge:declared:document_ai.DocumentAiProcessResult:request	25924.52,29760.47 26440.50,27351.41
edge:declared:fi_sta.FiStaCompanyCeo:fi_sta_company	31002.89,30339.64 30296.38,32704.35
edge:declared:fi_sta.FiStaCompanySearchResult:fi_sta_company	30336.27,31501.21 30285.85,32704.35
edge:declared:fi_sta.FiStaContractDocument:participant	28616.92,33259.03 29025.14,33632.44
edge:declared:fi_sta.FiStaContractDocument:stock_transfer_agreement_document	28443.72,33243.42 26714.66,33653.23
edge:declared:fi_sta.FiStaContractDocument:stock_transfer_notice_poa_document	28582.18,33259.03 28655.86,33488.29
edge:declared:fi_sta.FiStaContractDocument:stock_unissued_confirmation_poa_document	28566.64,33169.03 28497.60,30285.88
edge:declared:fi_sta.FiStaManagement:fi_sta_company	31987.46,35037.47 30314.60,32786.35
edge:declared:fi_sta.FiStaParticipant:fi_sta_user	29192.06,33730.44 30759.02,34407.84
edge:declared:fi_sta.FiStaStockTransferAgreementDocument:starter	26714.66,33692.71 28954.71,33682.03
edge:declared:fi_sta.FiStaStockTransferNoticePoaDocument:signer	28765.13,33562.29 28954.71,33634.32
edge:declared:fi_sta.FiStaStockUnissuedConfirmationPoaDocument:signer	28502.98,30285.88 29070.40,33632.44
edge:declared:fi_sta.FiStaTransferStock:stock_transfer_agreement_document	28098.34,33904.52 26714.66,33716.61
edge:declared:fi_sta.FiStaUser:fi_sta_management	30913.39,34481.84 31946.18,35037.47
edge:declared:vertex_ai.VertexAiPredictionResult:request	33823.32,17455.89 33767.20,17538.45
edge:inheritance:db.AgendaBonusIssueNewIssueBalanceCertificateFile->db.FileAttachment	19003.57,20066.42 20066.10,18703.97
edge:inheritance:db.AgendaBonusIssueNewIssueMinutesFile->db.FileAttachment	19397.34,19249.65 20048.87,18659.17
edge:inheritance:db.Announcement->db.QuestionThread	20751.33,12229.69 20528.17,12588.51
edge:inheritance:db.AppointedDirectorCertificateOfSealDocument->db.MeetingDocument	18491.84,26872.53 16274.79,26135.53
edge:inheritance:db.AppointedDirectorResidentRegistrationDocument->db.MeetingDocument	18486.15,26287.35 16274.79,26094.89
edge:inheritance:db.ArticlesOfIncorporationAfterChangeDocument->db.MeetingDocument	19650.69,27253.07 16274.79,26134.22
edge:inheritance:db.ArticlesOfIncorporationBeforeChangeDocument->db.MeetingDocument	19655.81,26373.82 16274.79,26090.45
edge:inheritance:db.ArticlesOfIncorporationDocument->db.MeetingDocument	19764.84,26014.36 16274.79,26073.47
edge:inheritance:db.AuditReportDocument->db.MeetingDocument	18969.07,28925.77 16274.79,26253.06
edge:inheritance:db.BalanceCertificateDocument->db.MeetingDocument	15243.84,22491.87 16049.58,25879.48
edge:inheritance:db.BeforeunloadPdfEvent->db.PdfEvent	29281.42,11182.08 29775.47,11404.17
edge:inheritance:db.BigNumberValueWithVisibility->db.ValueWithVisibility	32987.16,4654.06 32016.68,5875.20
edge:inheritance:db.BranchAbolitionEvent->db.Event	18752.91,18057.39 16835.11,16972.18
edge:inheritance:db.BranchChangeEvent->db.Event	19216.25,18476.26 16835.11,16981.35
edge:inheritance:db.BranchInstallationEvent->db.Event	18785.30,18236.95 16835.11,16983.55
edge:inheritance:db.BulkEmailCommonAttachment->db.FileAttachment	17054.40,17397.58 20048.87,18421.97
edge:inheritance:db.BulkEmailRecipientAttachment->db.FileAttachment	19596.64,18673.97 20048.87,18543.82
edge:inheritance:db.CapitalChangeEvent->db.Event	16117.80,16181.79 16599.36,16779.43
edge:inheritance:db.CaptableAfterNewIssueDocument->db.MeetingDocument	18012.75,26368.70 16274.79,26102.78
edge:inheritance:db.CaptableAtRecordDateDocument->db.MeetingDocument	19701.15,26506.80 16274.79,26095.96
edge:inheritance:db.CaptableBeforeNewIssueDocument->db.MeetingDocument	20523.11,26302.17 16274.79,26085.58
edge:inheritance:db.CeoAddressChangeEvent->db.Event	16951.66,15983.87 16720.01,16779.43
edge:inheritance:db.CeoConfirmationDocument->db.MeetingDocument	18662.23,26109.48 16274.79,26078.77
edge:inheritance:db.CeoTypeChangedCeoResidentRegistrationDocument->db.MeetingDocument	15350.29,24523.68 16002.08,25879.48
edge:inheritance:db.CertificateOfCorporateSealDocument->db.MeetingDocument	19032.81,26561.69 16274.79,26105.12
edge:inheritance:db.CertificateOfSealNotarizationPoaDocument->db.MeetingDocument	15868.65,27356.57 16061.68,26273.48
edge:inheritance:db.CmeBulkEmail->db.BulkEmail	18058.86,16576.33 15388.96,17219.68
edge:inheritance:db.CmeBulkEmailRecipient->db.BulkEmailRecipient	18824.56,16703.34 17902.79,19064.66
edge:inheritance:db.CmeBulkEmailTemplate->db.BulkEmailTemplate	19652.70,15096.33 19368.55,15142.91
edge:inheritance:db.CoCeoSystemChangeEvent->db.Event	16822.82,15531.09 16703.26,16779.43
edge:inheritance:db.CompanyAddressChangeEvent->db.Event	19299.45,18343.16 16835.11,16970.85
edge:inheritance:db.CompanyBulkEmailTemplate->db.BulkEmailTemplate	18886.99,14523.17 19220.72,15097.34
edge:inheritance:db.CompanyDocumentDelivery->db.DocumentDelivery	18565.24,12619.79 19427.94,12645.65
edge:inheritance:db.CompanyEndorsementFeed->db.CompanyFeed	24834.70,5722.92 24750.12,4444.91
edge:inheritance:db.CompanyFeed->db.Feed	24762.09,4444.91 25622.21,7389.50
edge:inheritance:db.CompanyIrClosingFeed->db.CompanyFeed	26334.00,6229.24 24792.40,4444.91
edge:inheritance:db.CompanyIrNewCommitFeed->db.CompanyFeed	26738.39,6088.31 24808.84,4444.91
edge:inheritance:db.CompanyIrOpenFeed->db.CompanyFeed	26848.54,5564.31 24841.63,4444.91
edge:inheritance:db.CompanyNewsFeed->db.CompanyFeed	19286.11,7716.55 24659.56,4444.91
edge:inheritance:db.CompanyOwnerAuditLog->db.AuditLog	11890.63,8071.97 18158.32,7208.65
edge:inheritance:db.CompanyPaymentLink->db.PaymentLink	21769.80,12246.56 23334.90,13174.83
edge:inheritance:db.CompanyQuestionThread->db.QuestionThread	19115.18,14210.59 20402.66,12726.51
edge:inheritance:db.CompanyTanTableView->db.TanTableView	13138.82,9981.47 13429.00,9854.73
edge:inheritance:db.ConsentFormModusignDocument->db.ModusignDocument	23640.64,26819.60 22516.25,20726.89
edge:inheritance:db.ConsentFormModusignEmbeddedDraft->db.ModusignEmbeddedDraft	22980.69,24375.07 22107.05,22022.75
edge:inheritance:db.ConsentFormOptionItem->db.ConsentFormItem	22336.29,24297.48 22851.63,26793.93
edge:inheritance:db.CorporateRegistrationDocument->db.MeetingDocument	17287.68,28674.51 16183.57,26273.48
edge:inheritance:db.CustomOptionGrantContractTemplate->db.OptionGrantContractTemplate	19622.84,16182.33 19541.94,16166.89
edge:inheritance:db.CustomOptionGrantContractTemplateRevision->db.OptionGrantContractTemplateRevision	20665.93,16290.16 20161.86,16633.09
edge:inheritance:db.DebtConfirmationAndOffsetContractDocument->db.MeetingDocument	17997.38,25326.12 16274.79,26006.20
edge:inheritance:db.Director->db.Stakeholder	17287.68,16516.13 12852.68,19223.22
edge:inheritance:db.DirectorAppointmentEvent->db.Event	16890.06,16255.91 16721.44,16779.43
edge:inheritance:db.DirectorCompensationDecisionEvent->db.Event	17141.95,17007.47 16835.11,16912.45
edge:inheritance:db.DirectorCompensationLimitEvent->db.Event	17126.49,16722.76 16835.11,16851.50
edge:inheritance:db.DirectorDecisionDocument->db.MeetingDocument	19265.09,26698.44 16274.79,26111.16
edge:inheritance:db.DirectorResidentRegistrationWithAddressChangeHistoryDocument->db.MeetingDocument	15991.74,24711.53 16081.63,25879.48
edge:inheritance:db.DirectorTermEndEvent->db.Event	17004.61,16472.83 16758.55,16779.43
edge:inheritance:db.DirectorsMeetingMinutesDocument->db.MeetingDocument	17535.33,25863.75 16274.79,26050.16
edge:inheritance:db.DirectorsMeetingNoticeDocument->db.MeetingDocument	17026.22,28197.02 16179.03,26273.48
edge:inheritance:db.DirectorsMeetingNoticeEmail->db.BulkEmail	16671.99,19128.36 15311.08,17320.00
edge:inheritance:db.DirectorsMeetingNoticeEmailRecipient->db.BulkEmailRecipient	17017.34,19361.27 17752.49,19150.55
edge:inheritance:db.DirectorsMeetingSkipNoticeDocument->db.MeetingDocument	17321.73,29713.05 16163.15,26273.48
edge:inheritance:db.DocumentLoadedPdfEvent->db.PdfEvent	29693.67,11268.67 29826.49,11404.17
edge:inheritance:db.ESOPParticipant->db.Employee	11994.01,15950.01 11671.98,15146.87
edge:inheritance:db.ElectronicCertificateApplicationFormDocument->db.MeetingDocument	11583.28,25843.05 15918.79,26069.76
edge:inheritance:db.ElectronicCertificateCaseReportDocument->db.MeetingDocument	11200.60,25591.70 15918.79,26059.23
edge:inheritance:db.Employee->db.Stakeholder	11667.60,15146.87 12648.38,19167.54
edge:inheritance:db.EmployeeOptionExerciseEvent->db.Event	16793.70,17206.37 16723.65,16997.43
edge:inheritance:db.EmployeeOptionExerciseManagementEmail->db.BulkEmail	15033.58,15253.63 15251.17,17182.00
edge:inheritance:db.EmployeeOptionGrantee->db.Employee	11842.28,14261.06 11664.95,14944.87
edge:inheritance:db.EmployeeStockGuideEmail->db.BulkEmail	14357.90,17112.01 15128.96,17230.95
edge:inheritance:db.ExpertClientSignupChannel->db.SignupChannel	22821.17,14904.70 23325.10,14639.08
edge:inheritance:db.FeeReceiptDocument->db.MeetingDocument	17854.95,28857.39 16221.34,26273.48
edge:inheritance:db.FileValueWithVisibility->db.ValueWithVisibility	32828.43,5896.66 32105.27,5910.02
edge:inheritance:db.FinancialStatementsDocument->db.MeetingDocument	19311.34,26942.06 16274.79,26123.69
edge:inheritance:db.FinancialStatementsForNewIssueFromConversionDocument->db.MeetingDocument	16845.30,24017.37 16171.50,25879.48
edge:inheritance:db.HrmAlpUsagePlan->db.HrmApprovable	9331.22,18197.52 7700.13,17868.47
edge:inheritance:db.HrmAnnualLeave->db.HrmLeaveBase	8311.95,21689.28 7926.50,21026.78
edge:inheritance:db.HrmAnnualLeaveFiscalBasedConfig->db.HrmAnnualLeaveConfigBase	8543.67,24949.68 8323.84,22601.42
edge:inheritance:db.HrmAnnualLeaveHireBasedConfig->db.HrmAnnualLeaveConfigBase	8257.24,24137.47 8318.89,22601.42
edge:inheritance:db.HrmAttendance->db.HrmApprovable	7938.12,17840.50 7700.13,17840.53
edge:inheritance:db.HrmAttendanceLocation->db.HrmApprovable	9272.14,17156.78 7697.31,17793.58
edge:inheritance:db.HrmCertificateIssue->db.HrmApprovable	9655.50,16371.02 7644.24,17793.58
edge:inheritance:db.HrmCompensatoryLeave->db.HrmLeaveBase	7047.41,20744.94 7748.03,20919.83
edge:inheritance:db.HrmCustomLeave->db.HrmLeaveBase	7380.99,20751.13 7748.03,20898.99
edge:inheritance:db.HrmDeptAbolishedEvent->db.HrmDeptStatusEventBase	5632.28,22514.08 5584.41,21408.54
edge:inheritance:db.HrmDeptCreatedEvent->db.HrmDeptStatusEventBase	5505.23,20734.40 5577.62,21326.54
edge:inheritance:db.HrmDeptNameChangedEvent->db.HrmDeptNameEventBase	4831.37,19817.27 4595.69,20045.40
edge:inheritance:db.HrmDeptNameEventBase->db.HrmDeptEventBase	4596.05,20119.40 4771.09,20287.23
edge:inheritance:db.HrmDeptParentChangedEvent->db.HrmDeptParentEventBase	5065.12,19984.29 5340.53,19998.02
edge:inheritance:db.HrmDeptParentEventBase->db.HrmDeptEventBase	5383.58,20040.90 4884.63,20287.23
edge:inheritance:db.HrmDeptStatusEventBase->db.HrmDeptEventBase	5552.25,21326.54 4837.09,20361.23
edge:inheritance:db.HrmDocument->db.HrmApprovable	7122.41,15650.14 7566.45,17793.58
edge:inheritance:db.HrmEmpAbsenceEvent->db.HrmEmpStatusEventBase	9055.41,15757.00 9313.43,15833.17
edge:inheritance:db.HrmEmpAffiliationChangedEvent->db.HrmEmpAffiliationEventBase	7742.64,16887.76 8049.39,17033.32
edge:inheritance:db.HrmEmpAffiliationEventBase->db.HrmEmpEventBase	8211.24,17033.32 8397.15,16932.79
edge:inheritance:db.HrmEmpContractModusignDocument->db.ModusignDocument	26116.76,37840.46 22518.33,20726.89
edge:inheritance:db.HrmEmpDepartedEvent->db.HrmEmpStatusEventBase	9635.83,15873.62 9561.43,15872.18
edge:inheritance:db.HrmEmpEmploymentTypeChangedEvent->db.HrmEmpEmploymentTypeEventBase	8975.48,17181.91 8874.59,17291.62
edge:inheritance:db.HrmEmpEmploymentTypeEventBase->db.HrmEmpEventBase	8808.53,17291.62 8497.92,16932.79
edge:inheritance:db.HrmEmpJobChangedEvent->db.HrmEmpJobEventBase	8116.28,16311.10 8093.08,16560.24
edge:inheritance:db.HrmEmpJobEventBase->db.HrmEmpEventBase	8137.08,16634.24 8425.03,16858.79
edge:inheritance:db.HrmEmpJoinedEvent->db.HrmEmpStatusEventBase	9180.92,16454.04 9414.16,15922.78
edge:inheritance:db.HrmEmpReturnToWorkEvent->db.HrmEmpStatusEventBase	9302.62,15757.00 9374.08,15816.78
edge:inheritance:db.HrmEmpStatusEventBase->db.HrmEmpEventBase	9387.23,15922.78 8500.62,16858.79
edge:inheritance:db.HrmFamilyCareLeave->db.HrmLeaveBase	7047.41,20846.58 7748.03,20936.35
edge:inheritance:db.HrmFixedWork->db.HrmWorkBase	6929.57,18794.21 6910.03,18911.98
edge:inheritance:db.HrmGrantableLeave->db.HrmLeaveBase	8098.51,20243.05 7906.06,20880.78
edge:inheritance:db.HrmInfertilityTreatmentLeave->db.HrmLeaveBase	7726.49,20333.24 7865.50,20880.78
edge:inheritance:db.HrmLeaveUsage->db.HrmApprovable	10262.52,18409.22 7700.13,17868.54
edge:inheritance:db.HrmMaternityLeave->db.HrmLeaveBase	7047.41,21049.86 7748.03,20969.40
edge:inheritance:db.HrmMenstrualLeave->db.HrmLeaveBase	7390.19,21271.52 7770.57,21026.78
edge:inheritance:db.HrmMiscarriageLeave->db.HrmLeaveBase	7047.41,21151.50 7748.03,20985.92
edge:inheritance:db.HrmPaternityLeave->db.HrmLeaveBase	7394.73,21141.13 7748.03,21005.85
edge:inheritance:db.HrmPersonalLocation->db.HrmApprovable	10064.31,16351.01 7657.67,17793.58
edge:inheritance:db.HrmReserveTrainingLeave->db.HrmLeaveBase	7223.89,21586.26 7807.84,21026.78
edge:inheritance:db.HrmSelectiveWork->db.HrmWorkBase	7000.05,19243.76 6922.47,19033.98
edge:inheritance:db.HrmSelectiveWorkPlan->db.HrmApprovable	7661.22,17636.69 7595.82,17793.58
edge:inheritance:db.HrmStaggeredWork->db.HrmWorkBase	6157.25,19507.01 6815.08,19033.98
edge:inheritance:db.IBKSignupChannel->db.SignupChannel	23950.27,14601.56 23526.88,14598.87
edge:inheritance:db.IaCertificateOfInvestmentDocument->db.InvestmentAssociationDocument	31746.38,18592.43 31109.86,19281.47
edge:inheritance:db.IaConsentFormDocument->db.InvestmentAssociationDocument	31353.94,18533.10 31075.56,19281.47
edge:inheritance:db.IaConsentFormOrMeetingElectronicSignatureRequestModusignDocument->db.ModusignDocument	26228.33,20810.83 22637.30,20651.91
edge:inheritance:db.IaConsentFormOrMeetingElectronicSignatureRequestModusignEmbeddedDraft->db.ModusignEmbeddedDraft	26365.45,21763.23 22216.32,21964.47
edge:inheritance:db.IaConsentFormOrMeetingElectronicSignatureRequiredDocument->db.InvestmentAssociationDocument	29665.08,19883.87 30910.51,19398.23
edge:inheritance:db.IaExpertPartnerBulkEmailTemplate->db.BulkEmailTemplate	20685.94,15246.05 19368.55,15159.24
edge:inheritance:db.IaExplanationFormForElectronicSignatureDocument->db.InvestmentAssociationDocument	32305.26,18604.72 31157.01,19281.47
edge:inheritance:db.IaGpAppointmentEvent->db.InvestmentAssociationEvent	30785.61,17871.25 29428.48,17670.84
edge:inheritance:db.IaGpTerminationEvent->db.InvestmentAssociationEvent	31022.78,18158.75 29428.48,17688.51
edge:inheritance:db.IaMeetingAgendaCustom->db.IaMeetingAgenda	31145.39,20827.77 30919.50,20566.87
edge:inheritance:db.IaMeetingMinutesDocument->db.InvestmentAssociationDocument	30606.74,19988.33 31011.31,19403.47
edge:inheritance:db.IaMeetingNoticeDocument->db.InvestmentAssociationDocument	30407.36,19872.31 30979.12,19403.47
edge:inheritance:db.IaMeetingSealedNoticeDocumentFile->db.FileAttachment	28589.48,20024.53 20428.87,18521.95
edge:inheritance:db.IaMeetingShortenPeriodDocument->db.InvestmentAssociationDocument	31560.27,19297.92 31196.51,19321.88
edge:inheritance:db.IaModusignDocumentUsageHistory->db.BaseModusignDocumentUsageHistory	24842.30,14577.82 23623.81,13861.64
edge:inheritance:db.IaOwnerAuditLog->db.AuditLog	23084.53,5058.07 18359.67,7155.40
edge:inheritance:db.IaPartnerListDocument->db.InvestmentAssociationDocument	30967.07,19133.84 31028.24,19281.47
edge:inheritance:db.IaPaymentLink->db.PaymentLink	25160.79,13610.51 23534.77,13234.85
edge:inheritance:db.IaPfCompanyInvestmentSalesIntent->db.SalesIntent	29673.35,21948.23 30862.46,23044.03
edge:inheritance:db.IaQuestionThread->db.QuestionThread	24291.37,13552.25 20615.29,12683.23
edge:inheritance:db.IaRuleDocument->db.InvestmentAssociationDocument	28680.49,19279.27 30910.51,19335.27
edge:inheritance:db.IaSealStampImage->db.FileAttachment	21231.74,18280.68 20428.87,18447.49
edge:inheritance:db.IaWrittenResolutionDocument->db.InvestmentAssociationDocument	31844.96,19700.26 31196.51,19359.61
edge:inheritance:db.ImAcVcBroker->db.ImZuzuBroker	26538.27,12334.43 28243.63,12230.49
edge:inheritance:db.ImIndividualGpBroker->db.ImZuzuBroker	28107.36,12375.35 28299.75,12260.30
edge:inheritance:db.ImInvestorBroker->db.ImBroker	30495.10,12316.24 29001.87,12191.14
edge:inheritance:db.ImIrPartnerBroker->db.ImBroker	27867.20,12093.30 28753.87,12170.02
edge:inheritance:db.ImPitchingDay->db.ImDay	28851.91,10871.16 29407.10,11019.06
edge:inheritance:db.ImPitchingDayParticipation->db.ImDayParticipation	27726.78,9637.82 28721.99,10641.86
edge:inheritance:db.ImZuzuBroker->db.ImBroker	28479.63,12217.53 28753.87,12192.20
edge:inheritance:db.InauguralConsentDocument->db.MeetingDocument	15358.33,23821.80 16032.96,25879.48
edge:inheritance:db.IncorporationRequestAssistanceReceipt->db.FileAttachment	21189.00,17301.87 20386.77,18269.97
edge:inheritance:db.IndividualStakeholder->db.Stakeholder	11110.49,21908.41 12590.91,19481.54
edge:inheritance:db.IndividualStockOptionCancelEvent->db.IndividualInvestorEvent	32901.09,28652.32 31990.47,28038.39
edge:inheritance:db.IndividualStockOptionExerciseEvent->db.IndividualInvestorEvent	33206.59,29717.13 31957.21,28038.39
edge:inheritance:db.IndividualStockOptionGrantEvent->db.IndividualInvestorEvent	32029.29,26310.48 31926.54,27948.39
edge:inheritance:db.IndividualStockOptionPauseEvent->db.IndividualInvestorEvent	28910.64,27308.34 31799.72,27965.20
edge:inheritance:db.IndividualStockOptionResumeEvent->db.IndividualInvestorEvent	29414.66,29352.56 31840.65,28038.39
edge:inheritance:db.IndividualStockOptionSalesIntent->db.SalesIntent	29810.75,23095.46 30782.71,23082.59
edge:inheritance:db.InputSignupChannel->db.SignupChannel	24047.74,15040.74 23462.61,14639.08
edge:inheritance:db.InstitutionStakeholder->db.Stakeholder	12752.37,21124.17 12692.41,19481.54
edge:inheritance:db.InvestmentAssociationAssociationPartner->db.InvestmentAssociationOrganizationPartner	31529.06,15931.91 32673.38,16827.18
edge:inheritance:db.InvestmentAssociationCorporationPartner->db.InvestmentAssociationOrganizationPartner	33445.13,15978.35 32774.71,16827.18
edge:inheritance:db.InvestmentAssociationIndividualPartner->db.InvestmentAssociationPartner	31631.64,17132.57 33528.48,18177.47
edge:inheritance:db.InvestmentAssociationOrganizationPartner->db.InvestmentAssociationPartner	32769.35,16925.18 33610.89,18154.96
edge:inheritance:db.InvestmentAssociationOrganizationPartnerCorporationSigner->db.InvestmentAssociationOrganizationPartnerSigner	32993.20,14920.73 32677.68,15064.75
edge:inheritance:db.InvestmentAssociationOrganizationPartnerIndividualSigner->db.InvestmentAssociationOrganizationPartnerSigner	32463.43,14978.90 32539.32,15064.75
edge:inheritance:db.InvestmentAssociationPartnerSalesIntent->db.SalesIntent	31897.68,21858.40 30930.88,23044.03
edge:inheritance:db.InvestmentContractHolder->db.Stakeholder	13733.63,15856.37 12730.53,19167.54
edge:inheritance:db.InvestorRelations->db.InvestorMatching	27258.43,7713.18 25783.03,10857.81
edge:inheritance:db.IrClosingComplete->db.IrClosing	28314.92,5185.98 29089.27,6665.18
edge:inheritance:db.IrClosingExpired->db.IrClosing	29101.22,7228.66 29109.98,6747.18
edge:inheritance:db.IrClosingIncomplete->db.IrClosing	29845.06,6737.09 29234.73,6711.40
edge:inheritance:db.IrConsultingRequest->db.ImConsultingRequest	25393.16,9929.20 24871.05,9462.82
edge:inheritance:db.IrFeed->db.Feed	26432.63,7747.04 25725.14,7463.50
edge:inheritance:db.IrosOtpIssueMeetingDocument->db.MeetingDocument	12479.01,22617.81 15918.79,25906.31
edge:inheritance:db.LawtalkSignupAttachment->db.FileAttachment	19011.80,16166.29 20124.14,18269.97
edge:inheritance:db.LedgerByCustomerDocument->db.MeetingDocument	17807.72,23499.52 16222.82,25879.48
edge:inheritance:db.LegalPartnerSignupChannel->db.SignupChannel	22803.61,14774.17 23278.88,14634.52
edge:inheritance:db.ManualOptionVesting->db.OptionVesting	15918.27,18553.34 15937.24,18447.59
edge:inheritance:db.ManualProduct->db.Product	23002.66,12165.63 23096.55,12232.37
edge:inheritance:db.MeetingAttachment->db.FileAttachment	18769.48,17718.86 20048.87,18390.15
edge:inheritance:db.Mna->db.InvestorMatching	25452.63,10755.80 25602.64,10857.81
edge:inheritance:db.MnaConsultingRequest->db.ImConsultingRequest	24474.30,9357.57 24701.15,9398.76
edge:inheritance:db.NcpSignupChannel->db.SignupChannel	24527.19,14995.90 23518.75,14639.08
edge:inheritance:db.NewCeoCertificateOfSealDocument->db.MeetingDocument	18646.31,27060.66 16274.79,26145.35
edge:inheritance:db.NewCeoResidentRegistrationDocument->db.MeetingDocument	17871.83,29374.70 16202.81,26273.48
edge:inheritance:db.NewIssueNoticeEmail->db.BulkEmail	14916.36,20772.84 15252.24,17320.00
edge:inheritance:db.NewIssueSkipNoticeDocument->db.MeetingDocument	16397.03,24711.20 16140.11,25879.48
edge:inheritance:db.NewIssueStockAcceptanceDocument->db.MeetingDocument	18536.20,25984.94 16274.79,26069.80
edge:inheritance:db.NewIssueStockAllocationDocument->db.MeetingDocument	18227.56,23957.20 16274.79,25894.46
edge:inheritance:db.NewIssueStockAllocationRecordDateNoticeDocument->db.MeetingDocument	20067.15,23924.47 16274.79,25978.04
edge:inheritance:db.NewIssueStockSubscriptionDocument->db.MeetingDocument	18052.58,25162.60 16274.79,25993.31
edge:inheritance:db.NewIssueStockUnissuedConfirmationDocument->db.MeetingDocument	18393.63,25442.12 16274.79,26027.32
edge:inheritance:db.NonUnifiedShareManagementSalesIntent->db.SalesIntent	28927.82,24712.82 30856.84,23118.03
edge:inheritance:db.NonUnifiedShareSucPoaModusignDocument->db.ModusignDocument	23257.22,20990.30 22637.30,20707.85
edge:inheritance:db.NotarizationPoaDocument->db.MeetingDocument	19720.27,27048.33 16274.79,26123.51
edge:inheritance:db.OptionExerciseClaimAttachment->db.FileAttachment	14815.10,17568.35 20048.87,18454.74
edge:inheritance:db.OptionExerciseClaimMeetingDocument->db.MeetingDocument	14986.75,21607.14 16048.22,25879.48
edge:inheritance:db.OptionExerciseManagementEmail->db.BulkEmail	15352.72,16592.42 15268.78,17182.00
edge:inheritance:db.OptionGrantContractCeo->db.OptionGrantContractStakeholder	19550.71,15418.83 19366.16,15393.14
edge:inheritance:db.OptionGrantContractFirstRefusalRightHolder->db.OptionGrantContractStakeholder	19514.34,15340.68 19366.16,15357.06
edge:inheritance:db.OptionGrantContractModusignDocument->db.ModusignDocument	21131.04,19597.57 22396.76,20564.89
edge:inheritance:db.OptionGrantContractModusignEmbeddedDraft->db.ModusignEmbeddedDraft	21343.03,20950.42 22053.47,21916.75
edge:inheritance:db.OptionGrantEvent->db.Event	16234.70,18524.14 16657.04,16997.43
edge:inheritance:db.OptionGrantee->db.Stakeholder	15370.51,19191.35 12852.68,19315.45
edge:inheritance:db.OptionWithdrawEvent->db.Event	15843.77,16401.62 16539.11,16803.00
edge:inheritance:db.OtherDocumentArchiveAttachment->db.FileAttachment	19957.04,17151.33 20193.09,18269.97
edge:inheritance:db.PageNumberUpdatedPdfEvent->db.PdfEvent	30137.70,11492.65 29990.68,11466.89
edge:inheritance:db.PayrollStatementEmail->db.BulkEmail	13290.09,17340.63 15128.96,17262.18
edge:inheritance:db.PayrollStatementEmailRecipient->db.BulkEmailRecipient	12866.01,18516.93 17752.49,19105.75
edge:inheritance:db.PerformanceRsuVestingItem->db.RsuVestingItem	15880.64,14831.78 15810.20,14843.60
edge:inheritance:db.PeriodPhantomStockVestingItem->db.PhantomStockVestingItem	11795.67,18299.51 11646.56,18016.66
edge:inheritance:db.PeriodRsuVestingItem->db.RsuVestingItem	15963.67,14735.00 15782.68,14819.42
edge:inheritance:db.PeriodicOptionVesting->db.OptionVesting	15695.98,18526.22 15864.55,18447.59
edge:inheritance:db.PhantomStockCancelEvent->db.Event	16061.89,17131.03 16539.11,16945.86
edge:inheritance:db.PhantomStockExerciseEvent->db.Event	16407.55,17391.85 16621.77,16997.43
edge:inheritance:db.PhantomStockGrantEvent->db.Event	15589.58,17084.26 16539.11,16880.52
edge:inheritance:db.PhantomStockGrantee->db.Stakeholder	12188.23,18206.18 12616.71,19167.54
edge:inheritance:db.PhantomStockPauseEvent->db.Event	16255.77,16333.83 16603.50,16779.43
edge:inheritance:db.PhantomStockResumeEvent->db.Event	16550.01,16487.21 16658.57,16779.43
edge:inheritance:db.PingpongDeliveryAddress->db.Address	22390.48,14307.22 22708.93,18818.25
edge:inheritance:db.Playbook->db.MembershipContent	4432.37,4545.81 4597.68,5002.71
edge:inheritance:db.Post->db.MembershipContent	4325.72,5028.01 4489.96,5039.23
edge:inheritance:db.ProofOfEmploymentDocument->db.MeetingDocument	18477.66,27191.01 16274.79,26167.56
edge:inheritance:db.QuarterlyReportRequestAttachment->db.FileAttachment	24766.02,17177.82 20428.87,18429.22
edge:inheritance:db.QuarterlyReportSignupChannel->db.SignupChannel	25371.58,14858.87 23526.88,14614.51
edge:inheritance:db.QuestionMessageAttachment->db.FileAttachment	21393.16,15143.23 20313.79,18269.97
edge:inheritance:db.RegistrationAssistanceReceipt->db.FileAttachment	20976.83,17005.58 20346.97,18269.97
edge:inheritance:db.RegistrationFormAllInOneDocument->db.MeetingDocument	18924.53,27346.84 16274.79,26155.76
edge:inheritance:db.RegistrationFormAoiChangeDocument->db.MeetingDocument	14905.91,26255.21 15918.79,26103.19
edge:inheritance:db.RegistrationFormBranchChangeDocument->db.MeetingDocument	19549.43,28762.82 16274.79,26213.15
edge:inheritance:db.RegistrationFormCaptableDocument->db.MeetingDocument	18667.92,24050.89 16274.79,25943.49
edge:inheritance:db.RegistrationFormCeoAddressChangeDocument->db.MeetingDocument	18211.17,25618.34 16274.79,26037.91
edge:inheritance:db.RegistrationFormDirectorChangeDocument->db.MeetingDocument	19151.29,27957.52 16274.79,26186.23
edge:inheritance:db.RegistrationFormHeadOfficeInsideRelocationDocument->db.MeetingDocument	19429.44,23880.00 16274.79,25962.76
edge:inheritance:db.RegistrationFormHeadOfficeOutsideRelocationDocument->db.MeetingDocument	19466.97,24066.07 16274.79,25972.27
edge:inheritance:db.RegistrationFormNewIssueDocument->db.MeetingDocument	18189.80,25858.98 16274.79,26057.98
edge:inheritance:db.RegistrationFormNewOptionsRuleDocument->db.MeetingDocument	16131.28,28158.54 16100.05,26273.48
edge:inheritance:db.RegistrationPoaDocument->db.MeetingDocument	17061.84,29593.34 16150.85,26273.48
edge:inheritance:db.RegularProduct->db.Product	23037.95,12400.11 23117.29,12306.37
edge:inheritance:db.ResignationLetterDocument->db.MeetingDocument	14801.42,24024.60 15963.19,25879.48
edge:inheritance:db.ResignedDirectorCertificateOfSealDocument->db.MeetingDocument	15554.94,25949.00 15918.79,26034.60
edge:inheritance:db.RsaForfeitEvent->db.Event	16354.72,16865.62 16539.11,16878.27
edge:inheritance:db.RsaVestConfirmEvent->db.Event	16909.26,16594.15 16774.14,16779.43
edge:inheritance:db.RsuCancelEvent->db.Event	16260.88,15758.03 16641.43,16779.43
edge:inheritance:db.RsuExerciseClaimCandidateEmailRecipient->db.BulkEmailRecipient	14488.28,16693.79 17803.03,19064.66
edge:inheritance:db.RsuExerciseEvent->db.Event	16133.69,16451.89 16549.06,16779.43
edge:inheritance:db.RsuExerciseManagementEmail->db.BulkEmail	14580.46,16466.52 15199.95,17182.00
edge:inheritance:db.RsuGrantContractModusignDocument->db.ModusignDocument	21081.11,19340.51 22413.18,20564.89
edge:inheritance:db.RsuGrantEvent->db.Event	16276.98,16759.40 16539.11,16840.33
edge:inheritance:db.RsuGrantee->db.Stakeholder	14221.11,16919.90 12786.46,19167.54
edge:inheritance:db.RsuPauseEvent->db.Event	16125.90,17384.81 16539.11,16978.07
edge:inheritance:db.RsuPerformanceAchievementEvent->db.Event	16433.16,16619.46 16576.74,16779.43
edge:inheritance:db.RsuResumeEvent->db.Event	16353.47,17206.76 16572.87,16997.43
edge:inheritance:db.RtccEmail->db.BulkEmail	15461.33,17011.10 15344.17,17182.00
edge:inheritance:db.RtccInvestorFile->db.FileAttachment	17800.13,17966.94 20048.87,18446.45
edge:inheritance:db.SafeCreateEvent->db.Event	17359.86,17469.40 16813.33,16997.43
edge:inheritance:db.SalesReportDocument->db.MeetingDocument	15562.82,27512.11 16023.52,26273.48
edge:inheritance:db.SealStampCardContinuedUseApplicationFormDocument->db.MeetingDocument	12118.40,23678.30 15918.79,25967.56
edge:inheritance:db.SealStampDeclarationDocument->db.MeetingDocument	12075.18,23828.53 15918.79,25977.25
edge:inheritance:db.SealStampImage->db.FileAttachment	17862.07,15828.97 20051.32,18269.97
edge:inheritance:db.SealedOptionGrantContractDocument->db.MeetingDocument	19792.50,26205.89 16274.79,26082.71
edge:inheritance:db.SealedOptionGrantShareholdersMeetingResolutionDocument->db.MeetingDocument	14856.31,26420.91 15918.79,26125.90
edge:inheritance:db.Shareholder->db.Stakeholder	13193.36,22666.06 12710.49,19481.54
edge:inheritance:db.ShareholdersAgreementModusignDocument->db.ModusignDocument	21849.29,20600.80 22365.30,20636.48
edge:inheritance:db.ShareholdersAgreementModusignEmbeddedDraft->db.ModusignEmbeddedDraft	21713.94,21976.43 21968.32,21971.94
edge:inheritance:db.ShareholdersCertificateOfSealDocument->db.MeetingDocument	15197.51,27934.91 16001.46,26273.48
edge:inheritance:db.ShareholdersMeetingAuditReportDocument->db.MeetingDocument	19249.95,28436.51 16274.79,26209.71
edge:inheritance:db.ShareholdersMeetingConvocationNoticeEmail->db.BulkEmail	18395.34,20696.45 15321.77,17320.00
edge:inheritance:db.ShareholdersMeetingConvocationNoticeEmailAttachment->db.FileAttachment	19789.39,20385.28 20187.49,18703.97
edge:inheritance:db.ShareholdersMeetingConvocationNoticeEmailRecipient->db.ShareholdersMeetingConvocationNoticeRecipient	21844.37,22546.58 20569.20,21995.24
edge:inheritance:db.ShareholdersMeetingConvocationNoticeWrittenRecipient->db.ShareholdersMeetingConvocationNoticeRecipient	19514.00,21757.89 20273.08,21910.45
edge:inheritance:db.ShareholdersMeetingMinutesDocument->db.MeetingDocument	19826.08,27576.95 16274.79,26145.54
edge:inheritance:db.ShareholdersMeetingNoticeDocument->db.MeetingDocument	20547.49,27128.00 16274.79,26118.53
edge:inheritance:db.ShareholdersMeetingPowerOfAttorneyDocument->db.MeetingDocument	18617.84,29419.12 16245.37,26273.48
edge:inheritance:db.ShareholdersMeetingPowerOfAttorneyIndividualDocument->db.MeetingDocument	17142.27,23463.95 16175.63,25879.48
edge:inheritance:db.ShareholdersMeetingShortenPeriodDocument->db.MeetingDocument	13911.28,29183.00 15958.20,26273.48
edge:inheritance:db.ShareholdersMeetingShortenPeriodIndividualDocument->db.MeetingDocument	17210.24,23289.76 16174.08,25879.48
edge:inheritance:db.ShareholdersMeetingSkipNoticeDocument->db.MeetingDocument	16585.25,28924.99 16130.57,26273.48
edge:inheritance:db.ShareholdersMeetingWrittenDecisionDocument->db.MeetingDocument	18728.24,28409.83 16274.79,26235.82
edge:inheritance:db.ShareholdersMeetingWrittenDecisionIndividualDocument->db.MeetingDocument	17246.22,23805.97 16196.52,25879.48
edge:inheritance:db.ShareholdersWrittenResolutionDocument->db.MeetingDocument	18776.93,27501.53 16274.79,26182.02
edge:inheritance:db.StockTransferAgreementModusignDocument->db.ModusignDocument	20233.53,20227.98 22365.30,20620.83
edge:inheritance:db.StockTransferAgreementModusignEmbeddedDraft->db.ModusignEmbeddedDraft	20375.01,20643.69 22023.68,21916.75
edge:inheritance:db.SubscriptionModusignDocumentUsageHistory->db.BaseModusignDocumentUsageHistory	23569.88,13390.62 23552.66,13779.64
edge:inheritance:db.TaxReceiptDocument->db.MeetingDocument	16981.37,24982.00 16256.01,25879.48
edge:inheritance:db.Template->db.MembershipContent	4353.18,5195.46 4534.53,5092.71
edge:inheritance:db.TextValueWithVisibility->db.ValueWithVisibility	32495.93,6031.72 32105.27,5939.93
edge:inheritance:db.UserProfileImage->db.FileAttachment	20795.26,18702.56 20428.87,18560.86
edge:inheritance:db.VentureCapitalPaymentLink->db.PaymentLink	28955.08,12689.60 23534.77,13202.44
edge:inheritance:db.Webinar->db.MembershipContent	4180.85,4777.81 4541.75,5002.71
edge:inheritance:db.Whitepaper->db.MembershipContent	5781.19,6437.36 4651.76,5092.71
edge:inheritance:db.WrittenStatementDocument->db.MeetingDocument	15726.23,26327.85 15918.79,26197.23
edge:inheritance:db.YetsAssistanceCreatorUser->db.YetsAssistanceCreator	13957.16,30303.78 14166.52,30153.63
edge:inheritance:db.YetsAssistanceCreatorYetsEmployee->db.YetsAssistanceCreator	11105.26,30151.89 14100.11,30117.97
edge:inheritance:db.YetsAssistanceMessageFile->db.FileAttachment	23068.20,30920.28 20290.55,18703.97
edge:inheritance:db.YetsEmail->db.BulkEmail	11895.97,19983.99 15172.87,17320.00
edge:inheritance:db.YetsEmployeeFile->db.FileAttachment	23834.03,32479.63 20293.75,18703.97
edge:inheritance:db.YetsEmployeeResultWhtReceipt->db.FileAttachment	22255.55,29717.44 20283.31,18703.97
edge:inheritance:db.ZuzuOptionGrantContractTemplate->db.OptionGrantContractTemplate	19683.71,16066.08 19518.27,16120.30
edge:inheritance:db.ZuzuOptionGrantContractTemplateRevision->db.OptionGrantContractTemplateRevision	20173.17,16333.50 20107.86,16633.09
