edge:declared:db.AgendaBonusIssue:certificate_of_payment_for_the_share_file	18252.91,20182.58 20048.87,18649.19
edge:declared:db.AgendaBonusIssue:meeting_draft	18031.41,20301.63 17456.90,20496.16
edge:declared:db.AgendaBonusIssueNewIssueBalanceCertificateFile:agenda_bonus_issue	18848.97,19456.08 18229.64,20182.58
edge:declared:db.AgendaBonusIssueNewIssueMinutesFile:agenda_bonus_issue	19311.10,19323.65 18257.00,20182.58
edge:declared:db.AgendaBonusIssueSharesToIssue:agenda_bonus_issue	17024.50,18827.92 18108.97,20182.58
edge:declared:db.AgendaBonusIssueSharesToIssue:share_class	16968.33,18753.92 16628.83,18280.77
edge:declared:db.AgendaBorrowCapital:meeting_draft	17501.06,20201.81 17381.83,20405.34
edge:declared:db.AgendaBranchChange:address	18128.21,20015.99 22563.75,18979.25
edge:declared:db.AgendaBranchChange:installation_event	18028.09,19995.97 18837.66,18334.95
edge:declared:db.AgendaBranchChange:meeting_draft	17935.63,20093.97 17456.90,20436.02
edge:declared:db.AgendaCashDividends:meeting_draft	16867.63,20558.28 17136.90,20553.30
edge:declared:db.AgendaCeoAddressChange:meeting_draft	14604.67,22110.30 17136.90,20641.51
edge:declared:db.AgendaCeoAddressChangeItem:agenda_ceo_address_change	13953.67,21260.94 14507.26,22110.30
edge:declared:db.AgendaCeoAddressChangeItem:stakeholder	13905.34,21186.94 12789.41,19481.54
edge:declared:db.AgendaChangeOfAoiClassStock:aoi	19428.65,20567.74 19287.57,20564.69
edge:declared:db.AgendaChangeOfAoiCustom:aoi	19785.52,19677.24 19154.21,20495.73
edge:declared:db.AgendaChangeOfAoiCustom:changed_part	19832.19,19595.24 20159.24,18703.97
edge:declared:db.AgendaChangeOfAoiDirectorCompensationRule:aoi	19579.44,20663.76 19287.57,20600.50
edge:declared:db.AgendaChangeOfAoiNumberOfDirectors:aoi	19227.38,20859.70 19130.88,20625.73
edge:declared:db.AgendaChangeOfAoiThirdPartyAllocation:aoi	19155.41,20741.58 19122.52,20625.73
edge:declared:db.AgendaChangeOfArticlesOfIncorporation:_deprecated_changed_part	19139.90,20495.73 20127.63,18703.97
edge:declared:db.AgendaChangeOfArticlesOfIncorporation:meeting_draft	18920.57,20573.16 17456.90,20672.29
edge:declared:db.AgendaCoCeoSystemChange:meeting_draft	17091.55,21353.83 17259.80,20695.34
edge:declared:db.AgendaCompanyNameChange:meeting_draft	17735.67,20887.61 17456.90,20673.32
edge:declared:db.AgendaCustom:meeting_draft	17019.51,20949.55 17197.71,20695.34
edge:declared:db.AgendaDirectorChange:stakeholder	14160.39,22778.08 12753.68,19481.54
edge:declared:db.AgendaDirectorCompensationItem:director_compensation	13709.01,22631.23 16319.94,21757.08
edge:declared:db.AgendaDirectorCompensationItem:stakeholder	13588.41,22631.23 12729.49,19481.54
edge:declared:db.AgendaDirectorCompensationRule:meeting_draft	17382.95,21130.77 17318.40,20695.34
edge:declared:db.AgendaFinancialStatements:audit_report	18331.89,19833.96 20048.87,18621.18
edge:declared:db.AgendaFinancialStatements:meeting_draft	18191.62,19931.96 17456.90,20439.76
edge:declared:db.AgendaHeadOfficeRelocation:address	18795.41,21613.16 22563.75,19048.08
edge:declared:db.AgendaHeadOfficeRelocation:meeting_draft	18650.07,21613.16 17456.90,20676.01
edge:declared:db.AgendaHeadOfficeRelocationAoiChange:meeting_draft	18576.48,22135.61 17404.88,20695.34
edge:declared:db.AgendaMethodOfGivingPublicNoticeChange:daily_newspaper	17708.99,20515.00 18011.10,15194.36
edge:declared:db.AgendaMethodOfGivingPublicNoticeChange:meeting_draft	17521.66,20570.32 17456.90,20642.44
edge:declared:db.AgendaNewIssue:financial_statements	17120.25,22275.97 20060.27,18703.97
edge:declared:db.AgendaNewIssue:meeting_draft	17061.87,22275.97 17277.15,20695.34
edge:declared:db.AgendaNewIssueItem:new_issue	19418.34,25356.88 17117.48,22445.97
edge:declared:db.AgendaNewIssueItemFromConversion:new_issue_item	19413.05,25767.38 19459.06,25486.88
edge:declared:db.AgendaNewIssueItemFromPayment:new_issue_item	19073.64,25499.88 19339.72,25447.48
edge:declared:db.AgendaNewIssueItemInstitutionMember:institution	20753.81,25947.16 19681.33,24969.16
edge:declared:db.AgendaNewIssueItemInstitutionMemberCeo:member	19914.85,25567.31 20716.31,25947.16
edge:declared:db.AgendaNewIssueItemShareClass:item	19045.92,25213.61 19339.72,25357.99
edge:declared:db.AgendaNewIssueItemShareholder:item	19627.84,24969.16 19492.42,25356.88
edge:declared:db.AgendaNewIssueNewShareClass:new_issue	17326.92,22392.96 17186.29,22376.69
edge:declared:db.AgendaNewOptionsRule:meeting_draft	17415.69,20997.89 17338.21,20695.34
edge:declared:db.AgendaNewOrChangeRsuRule:meeting_draft	17434.38,20824.39 17369.64,20695.34
edge:declared:db.AgendaOptionCancel:meeting_draft	16270.24,20904.06 17136.90,20577.33
edge:declared:db.AgendaOptionCancelGrantee:option_cancel	15811.57,20922.77 16022.24,20926.33
edge:declared:db.AgendaOptionCancelGrantee:option_grantee	15681.20,20879.64 15506.59,19241.94
edge:declared:db.AgendaOptionCancelOption:_deprecated_grantee	15787.88,21016.56 15729.30,20961.64
edge:declared:db.AgendaOptionCancelOption:option_cancel	15931.51,21016.56 16026.86,20977.43
edge:declared:db.AgendaOptionCancelOptionDistribution:option	15738.86,21164.88 15796.18,21098.56
edge:declared:db.AgendaOptionExercise:meeting_draft	14728.03,21868.88 17136.90,20632.04
edge:declared:db.AgendaOptionExerciseClaim:option_exercise	14815.39,21461.42 14652.22,21868.88
edge:declared:db.AgendaOptionExerciseClaim:option_exercise_claim	14818.23,21379.42 13655.81,17870.11
edge:declared:db.AgendaOptionExerciseGrantee:option_exercise	15194.28,21423.03 14688.22,21868.88
edge:declared:db.AgendaOptionExerciseGrantee:option_grantee	15250.60,21333.03 15493.88,19241.94
edge:declared:db.AgendaOptionExerciseGranteeOption:grantee	15234.50,21725.35 15243.95,21423.03
edge:declared:db.AgendaOptionGrant:meeting_draft	16647.93,19663.79 17190.81,20405.34
edge:declared:db.AgendaOptionGrantGrantee:_deprecated_option_grant_event	15917.94,19144.10 16200.67,18604.58
edge:declared:db.AgendaOptionGrantGrantee:option_grant	15975.16,19242.10 16536.31,19573.79
edge:declared:db.AgendaOptionGrantGrantee:option_grantee	15768.26,19191.31 15630.51,19188.03
edge:declared:db.AgendaOptionGrantGrantee:stakeholder	15768.26,19198.20 12852.68,19318.23
edge:declared:db.AgendaPurposeChange:meeting_draft	18563.03,22319.26 17400.68,20695.34
edge:declared:db.AgendaPurposeChangeItem:agenda_purpose_change	18431.06,22691.45 18572.41,22401.26
edge:declared:db.AgendaRsuGrant:meeting_draft	16691.60,20725.08 17136.90,20568.97
edge:declared:db.AgendaRsuGrantGrantee:rsu	14937.91,18087.11 16006.81,15335.13
edge:declared:db.AgendaRsuGrantGrantee:rsu_grant	14946.63,18169.11 16467.23,20707.99
edge:declared:db.AgendaRsuGrantGrantee:stakeholder	14845.31,18169.11 12852.68,19233.37
edge:declared:db.AgendaSubsidiaryEstablishment:meeting_draft	16677.93,21478.38 17200.19,20695.34
edge:declared:db.AgendaTemplate:company	23193.48,8416.32 17154.62,12342.97
edge:declared:db.AiPayrollLedger:payroll	7845.43,5338.72 8879.68,4949.87
edge:declared:db.AlimtalkActivityRecipient:activity	30835.01,14331.59 31347.38,14144.82
edge:declared:db.AlimtalkActivityRecipientStatusHistory:recipient	30686.05,14462.19 30705.84,14413.59
edge:declared:db.AllocatedSeat:stakeholder	11234.36,13426.76 12648.02,19167.54
edge:declared:db.Announcement:company_set	20615.96,12245.58 17154.62,12455.01
edge:declared:db.Announcement:subscription_plan_set	20663.02,12197.08 20505.75,12113.27
edge:declared:db.AnnualSalary:employee	12585.21,14978.72 11784.96,15035.75
edge:declared:db.AnnualSalary:ledger	12821.21,14988.22 13485.23,15088.98
edge:declared:db.Article:third_party_provider	20153.15,19691.40 20124.34,19871.00
edge:declared:db.Article:thumbnail_image	20162.52,19609.40 20224.11,18703.97
edge:declared:db.ArticlePublishHistory:article	20252.73,19754.05 20196.52,19691.40
edge:declared:db.ArticlesOfIncorporation:_deprecated_daily_newspaper	17830.32,15296.56 17961.00,15194.36
edge:declared:db.ArticlesOfIncorporation:articles_of_incorporation_file	17802.57,15410.56 20067.03,18269.97
edge:declared:db.ArticlesOfIncorporation:company	17741.78,15296.56 17024.21,12683.51
edge:declared:db.ArticlesOfIncorporation:source_meeting	17759.82,15410.56 17845.88,17463.80
edge:declared:db.ArticlesOfIncorporationAnalyzationRequest:company	15257.39,7959.65 16883.82,12249.51
edge:declared:db.ArticlesOfIncorporationAnalyzationResult:request	13319.72,7967.89 15060.86,7926.94
edge:declared:db.AuditLog:actor_api_key	17696.63,7019.26 18140.59,7465.80
edge:declared:db.AvailableModusignRequest:company	21318.15,20580.00 17081.06,12683.51
edge:declared:db.AvailableModusignRequest:modusign_account	21356.13,20580.00 21404.20,20481.88
edge:declared:db.BalanceCertificateDocument:new_issue_agenda	15379.30,22446.13 16914.29,22367.90
edge:declared:db.BalanceCertificateDocument:option_exercise_agenda	15178.59,22413.05 14686.63,21966.88
edge:declared:db.BaseModusignDocumentUsageHistory:modusign_document	23544.96,13861.64 22513.76,20564.89
edge:declared:db.BaseModusignDocumentUsageHistory:purchase	23395.80,13820.34 22046.88,13817.73
edge:declared:db.BranchAbolitionEvent:installation_event	18826.65,18131.39 18850.48,18236.95
edge:declared:db.BranchChangeEvent:address	19405.56,18532.63 22563.75,18924.16
edge:declared:db.BranchChangeEvent:installation_event	19207.11,18476.26 18950.52,18334.95
edge:declared:db.BranchInstallationEvent:address	18985.54,18307.09 22563.75,18917.00
edge:declared:db.BulkEmail:sender_mail_integration	15128.96,17202.39 14951.29,17135.95
edge:declared:db.BulkEmail:template_revision	15388.96,17213.54 17672.39,16555.47
edge:declared:db.BulkEmailCommonAttachment:bulk_email	16826.24,17352.77 15388.96,17259.44
edge:declared:db.BulkEmailRecipient:bulk_email	17789.38,19064.66 15355.23,17320.00
edge:declared:db.BulkEmailRecipient:email_activity_recipient	17965.48,19178.66 23649.84,23064.19
edge:declared:db.BulkEmailRecipientAttachment:recipient	18928.99,18840.01 18012.49,19086.67
edge:declared:db.BulkEmailTemplateRevision:template	17831.25,16483.83 19201.48,15179.34
edge:declared:db.BusinessPlan:company	15568.53,11975.94 16774.62,12399.75
edge:declared:db.BusinessPlanAiAnalysis:business_plan_ai_review	14144.48,11163.46 15315.10,11753.84
edge:declared:db.BusinessPlanAiAnalysisItem:ai_analysis_feedback	12876.48,10539.60 12613.80,10401.16
edge:declared:db.BusinessPlanAiAnalysisItem:business_plan_ai_analysis	13038.17,10621.60 13995.41,11089.46
edge:declared:db.BusinessPlanAiAnalysisItemImprovement:ai_analysis_feedback	12569.51,10496.90 12550.81,10401.16
edge:declared:db.BusinessPlanAiAnalysisItemImprovement:business_plan_ai_analysis_item	12748.23,10555.11 12821.28,10564.15
edge:declared:db.BusinessPlanAiReview:business_plan	15415.41,11835.84 15446.07,11901.94
edge:declared:db.BusinessPlanAiReview:company	15492.13,11835.84 16774.62,12385.13
edge:declared:db.BusinessRegistrationCertificate:company	22885.37,8792.01 17154.62,12348.59
edge:declared:db.CaptableRequest:captable_file	18347.98,15387.93 20101.19,18269.97
edge:declared:db.CaptableRequest:company	18291.51,15305.93 17066.03,12683.51
edge:declared:db.CashIncentive:category	13316.42,13984.50 14678.16,13369.36
edge:declared:db.CashIncentive:employee	13162.06,14066.50 11784.96,14954.32
edge:declared:db.CashIncentiveCategory:company	14854.18,13295.36 16774.62,12540.29
edge:declared:db.CashIncentiveItem:cash_incentive	13017.29,13990.73 13101.66,14004.81
edge:declared:db.CashPayment:purchase	22004.82,14078.50 21941.45,13922.18
edge:declared:db.CeoAddressChangeEvent:director	16993.70,15983.87 17320.16,16370.13
edge:declared:db.Charge:credit	20228.78,13649.92 20360.37,13802.52
edge:declared:db.Charge:meeting	20169.25,13649.92 17919.63,17463.80
edge:declared:db.CmeBulkEmail:cme	18217.46,16505.41 19868.72,14548.89
edge:declared:db.CmeBulkEmailRecipient:_deprecated_cme_bulk_email	18716.56,16637.75 18306.86,16556.50
edge:declared:db.CmeBulkEmailRecipient:cme_company	18844.87,16621.34 19104.63,14147.59
edge:declared:db.CmeBulkEmailTemplate:cme	19780.58,15039.99 19911.70,14548.89
edge:declared:db.CmeCompany:company	19051.58,14033.59 17154.62,12609.18
edge:declared:db.CmeCompany:company_managing_entity	19242.87,14147.59 19793.58,14419.66
edge:declared:db.CmeCompany:contact_set	19247.74,14147.59 20181.18,14590.07
edge:declared:db.CmeCompanyContact:cme_company	19485.20,14163.64 19257.49,14117.14
edge:declared:db.CmeCompanyContactNotificationSettings:cme_company_contact	19582.71,14108.06 19593.69,14150.74
edge:declared:db.CmeCompanyDirectorTermManagement:cme_company	19466.14,13992.05 19257.49,14052.76
edge:declared:db.CmeCompanyNote:cme_company	19202.94,13898.34 19149.86,14033.59
edge:declared:db.CmeCompanyRegistration:cme_contact	20216.71,14735.89 20249.60,14680.07
edge:declared:db.CmeCompanyRegistration:company_managing_entity	20154.92,14735.89 19983.25,14548.89
edge:declared:db.CmeCompanyRegistrationFile:cme_company_registration	20297.67,14859.91 20244.47,14817.89
edge:declared:db.CmeContact:company_managing_entity	20171.18,14590.07 20053.58,14539.64
edge:declared:db.CmeMemberRelation:company_managing_entity	20232.98,14465.66 20053.58,14476.23
edge:declared:db.Company:sso_configuration	16774.62,12482.98 16257.56,12527.82
edge:declared:db.CompanyAddressChangeEvent:address	19485.89,18400.32 22563.75,18917.38
edge:declared:db.CompanyAppointedTransferAgentChange:company	23299.52,8937.99 17154.62,12360.68
edge:declared:db.CompanyAuthorizedSharesChange:company	23783.04,8975.90 17154.62,12369.24
edge:declared:db.CompanyBenefit:company	22682.86,9124.50 17154.62,12355.47
edge:declared:db.CompanyBulkEmailTemplate:company	18830.66,14449.17 17154.62,12668.38
edge:declared:db.CompanyCreateAssignmentReadiness:company	19352.11,9639.77 17147.90,12249.51
edge:declared:db.CompanyCreateProgress:company_create_request	22249.75,16731.64 22155.48,16726.66
edge:declared:db.CompanyCreateRequest:address	22045.72,16784.79 22678.83,18818.25
edge:declared:db.CompanyCreateRequest:articles_of_incorporation_attachment	21959.77,16784.79 20428.87,18299.04
edge:declared:db.CompanyCreateRequest:company	21948.14,16654.79 17154.62,12626.19
edge:declared:db.CompanyDepartment:department_code	12579.77,14084.79 12566.32,14002.25
edge:declared:db.CompanyDepartmentCode:organization_chart	12682.33,13913.38 14114.06,13461.71
edge:declared:db.CompanyDocumentAIAnalysis:company	19096.10,15915.53 17098.73,12683.51
edge:declared:db.CompanyDocumentAIAnalysis:file	19139.55,15997.53 20143.05,18269.97
edge:declared:db.CompanyDocumentDelivery:company	18216.86,12598.39 17154.62,12486.52
edge:declared:db.CompanyEndorsement:company	22898.18,6123.01 17154.62,12263.38
edge:declared:db.CompanyEndorsementFeed:company_endorsement	24076.67,6407.42 23050.79,6119.17
edge:declared:db.CompanyExpertClientRelation:company	20847.99,14467.72 17154.62,12564.42
edge:declared:db.CompanyExpertClientRelation:expert_client	20931.81,14541.72 20960.21,14629.14
edge:declared:db.CompanyFeed:company	24653.58,3979.33 17154.62,12256.79
edge:declared:db.CompanyFeedAccessLog:company_feeds	34766.82,3989.79 24825.60,3927.11
edge:declared:db.CompanyFeedAccessLog:venture_capital	34874.58,4027.53 32598.21,12250.52
edge:declared:db.CompanyFeedRating:company_feed	26762.14,3660.74 24825.60,3910.35
edge:declared:db.CompanyGuideState:company	19097.28,12692.26 17154.62,12489.70
edge:declared:db.CompanyInvestmentContractInfo:company	19658.67,13049.57 17154.62,12511.04
edge:declared:db.CompanyInvestorInterest:company	27258.20,8288.00 17154.62,12390.97
edge:declared:db.CompanyInvestorInterest:venture_capital	27394.94,8288.00 32357.46,12311.99
edge:declared:db.CompanyInvitation:invitee	20558.35,9408.20 17154.62,12299.34
edge:declared:db.CompanyIrClosingFeed:investor_relations	26389.46,6303.24 27225.34,7455.18
edge:declared:db.CompanyIrNewCommitFeed:investor_relations	26791.32,6162.31 27271.08,7455.18
edge:declared:db.CompanyIrOpenFeed:investor_relations	26914.79,5638.31 27292.16,7455.18
edge:declared:db.CompanyIrSetting:company	20473.96,8980.66 17154.62,12277.78
edge:declared:db.CompanyLegalPartnerRelation:company	21402.68,14388.89 17154.62,12548.81
edge:declared:db.CompanyLegalPartnerRelation:legal_partner	21496.89,14462.89 21537.00,14631.67
edge:declared:db.CompanyManagementAssignment:company	18328.07,9003.53 17047.58,12249.51
edge:declared:db.CompanyManagingEntity:expert_client	20053.58,14507.88 20852.13,14655.25
edge:declared:db.CompanyManagingEntity:expert_partner	20053.58,14505.47 21412.71,14731.10
edge:declared:db.CompanyManagingEntity:holding_company	19944.22,14418.89 19957.56,14376.87
edge:declared:db.CompanyMethodOfGivingPublicNoticeChange:company	17572.35,14576.04 17026.09,12683.51
edge:declared:db.CompanyMethodOfGivingPublicNoticeChange:daily_newspaper	17612.50,14650.04 17980.77,15112.36
edge:declared:db.CompanyMnaSetting:company	22406.53,7520.94 17154.62,12293.84
edge:declared:db.CompanyNameChange:company	14789.25,10909.21 16774.62,12330.49
edge:declared:db.CompanyNews:company	18195.46,8776.88 17037.01,12249.51
edge:declared:db.CompanyNewsFeed:company_news	20136.80,8520.16 18333.14,8722.00
edge:declared:db.CompanyNewsLink:company_news	18789.60,7767.92 18233.73,8694.88
edge:declared:db.CompanyNotificationSetting:company	16246.27,11572.57 16790.24,12249.51
edge:declared:db.CompanyNotificationTrigger:notification_setting	15968.98,11035.81 16198.21,11498.57
edge:declared:db.CompanyOptionRule:company	19349.16,13256.10 17154.62,12533.61
edge:declared:db.CompanyOverview:company	18319.44,10308.74 17100.87,12249.51
edge:declared:db.CompanyOwnerAddRequest:company	23687.71,9140.01 17154.62,12372.50
edge:declared:db.CompanyOwnerAuditLog:company	11815.29,8130.32 16774.62,12309.02
edge:declared:db.CompanyOwnerAuditLogOwnerRoleRelation:company_owner_audit_log	12091.71,8692.68 11788.72,8130.32
edge:declared:db.CompanyOwnerAuditLogOwnerRoleRelation:owner_role	12115.71,8766.68 12368.08,11063.48
edge:declared:db.CompanyOwnerNotificationTrigger:trigger	15885.61,11171.54 15936.72,11035.81
edge:declared:db.CompanyParValueChange:_deprecated_articles_of_incorporation	17655.76,15096.56 17734.88,15296.56
edge:declared:db.CompanyParValueChange:company	17631.45,15022.56 17019.47,12683.51
edge:declared:db.CompanyPaymentLink:company	21589.32,12215.95 17154.62,12456.22
edge:declared:db.CompanyPolicyFile:company	22173.13,8739.66 17154.62,12330.56
edge:declared:db.CompanyProfileAccessLog:company	27196.10,8513.52 17154.62,12393.10
edge:declared:db.CompanyProfileAccessLog:venture_capital	27340.68,8513.52 32357.46,12316.05
edge:declared:db.CompanyPromotionWinLog:company	15694.29,8258.37 16899.11,12249.51
edge:declared:db.CompanyPromotionWinLog:prize_type	15805.91,8206.31 16506.76,8143.78
edge:declared:db.CompanyPromotionWinLog:promotion	15738.88,8258.37 16220.86,8605.24
edge:declared:db.CompanyPurposeChange:company	17592.49,14162.01 17044.98,12683.51
edge:declared:db.CompanyPurposeChangeItem:company_purpose_change	17711.74,14399.58 17625.66,14236.01
edge:declared:db.CompanyPurposeChangeItem:industrial_code	17747.73,14473.58 17847.48,14697.07
edge:declared:db.CompanyQuestionThread:company	18985.06,14210.59 17154.62,12630.52
edge:declared:db.CompanyQuestionThread:expert_partner	19230.16,14325.78 21412.71,14728.27
edge:declared:db.CompanyRegistrationAssignment:company	23971.72,9897.49 17154.62,12396.85
edge:declared:db.CompanyRegistrationAssignmentLog:company	20005.77,11855.07 17154.62,12428.31
edge:declared:db.CompanyRsuRule:_deprecate_articles_of_incorporation	17663.56,15213.50 17719.23,15296.56
edge:declared:db.CompanyRsuRule:company	17629.53,15139.50 17017.13,12683.51
edge:declared:db.CompanySsoEmailDomain:configuration	15292.07,12506.44 16009.56,12533.84
edge:declared:db.CompanySsoIdentity:configuration	15910.16,12620.10 16010.25,12583.57
edge:declared:db.CompanyStockTransferRestrictedChange:company	17763.48,8702.90 17010.68,12249.51
edge:declared:db.CompanyStockValue:company	21311.22,10886.54 17154.62,12397.95
edge:declared:db.CompanyTag:company_set	22040.63,9026.43 17154.62,12337.74
edge:declared:db.CompanyTanTableView:company	13113.21,10055.47 16774.62,12347.57
edge:declared:db.CompanyTodo:company	22798.12,9284.10 17154.62,12362.86
edge:declared:db.CompanyUpdateRequest:change_detection	18399.72,14007.99 18479.06,14402.39
edge:declared:db.CompanyUpdateRequest:company	18352.52,13925.99 17154.62,12665.25
edge:declared:db.CompanyUpdateRequest:company_question_thread	18480.06,14007.99 18946.16,14223.72
edge:declared:db.CompanyUserRelation:company	11111.37,12402.89 16774.62,12464.44
edge:declared:db.CompanyUserRelation:stakeholder	10999.40,12450.54 12648.14,19167.54
edge:declared:db.CompanyUserRelationOwnerRoleRelation:company_user_relation	11702.03,11588.14 11030.42,12352.54
edge:declared:db.CompanyUserRelationOwnerRoleRelation:owner_role	11787.79,11514.14 12302.01,11161.48
edge:declared:db.ConsentForm:investor	25305.98,36661.19 13259.22,22796.06
edge:declared:db.ConsentForm:item	25336.21,36661.19 22868.69,26867.93
edge:declared:db.ConsentForm:uploaded_consent_form_file	25334.82,36661.19 20299.98,18703.97
edge:declared:db.ConsentFormModusignDocument:consent_form	24604.87,31443.07 25341.64,36661.19
edge:declared:db.ConsentFormModusignEmbeddedDraft:consent_form	23270.41,25534.49 25339.44,36661.19
edge:declared:db.CorporateRegistration:attachment	19001.24,15660.65 20143.85,18269.97
edge:declared:db.CorporateRegistration:company	18948.38,15562.65 17103.66,12683.51
edge:declared:db.CorporateRegistrationChangeConfirmation:change_detection	18667.31,14299.71 18543.53,14402.39
edge:declared:db.CorporateRegistrationChangeConfirmation:staff_review_required_question_thread	18883.41,14274.48 18946.16,14278.79
edge:declared:db.CorporateRegistrationChangeDetection:company	18452.53,14402.39 17132.67,12683.51
edge:declared:db.CorporateRegistrationChangeDetection:xml_file	18511.39,14500.39 20144.72,18269.97
edge:declared:db.CorporateRegistrationChangeDetectionParseResult:change_detection	18514.95,14159.78 18493.39,14402.39
edge:declared:db.CorporateRegistrationExtractionLog:corporate_registration_issue_log	20301.83,16046.65 20436.15,15864.63
edge:declared:db.CorporateRegistrationIssueCoupon:company	18583.56,13516.63 17154.62,12606.79
edge:declared:db.CorporateRegistrationIssueCouponIssueLog:coupon	18974.40,13765.79 18712.25,13598.63
edge:declared:db.CorporateRegistrationIssueCouponUseRequest:coupon	19239.33,14616.92 18670.84,13598.63
edge:declared:db.CorporateRegistrationIssueCouponUseResult:corporate_registration	19160.79,15595.71 19103.78,15599.72
edge:declared:db.CorporateRegistrationIssueCouponUseResult:log	19545.79,15622.31 20331.81,15786.32
edge:declared:db.CorporateRegistrationIssueCouponUseResult:request	19349.17,15541.15 19263.71,14690.92
edge:declared:db.CorporateRegistrationIssueLog:_deprecated_staff_review_required_question_thread	20427.57,15766.63 19169.42,14388.59
edge:declared:db.CorporateRegistrationIssueLog:pdf_file	20468.03,15864.63 20257.84,18269.97
edge:declared:db.CorporateRegistrationIssueMaintenance:third_party_api_notice	29446.82,15830.26 28922.56,15812.21
edge:declared:db.CorporateRegistrationIssueRequest:delivery	19215.60,12490.52 19319.37,12448.50
edge:declared:db.CorporateRegistrationPaidIssue:company	19888.94,13769.86 17154.62,12551.19
edge:declared:db.CorporateRegistrationPaidIssue:corporate_registration	19958.14,13851.86 19007.02,15562.65
edge:declared:db.CorporationPostRegistrationEmail:company	15040.82,7689.39 16877.23,12249.51
edge:declared:db.CorporationPostRegistrationScheduledEmail:corporation_post_registration_email	16227.37,7726.90 15171.42,7661.41
edge:declared:db.CorporationPostRegistrationScheduledEmailPeriodicTaskRelation:corporation_post_registration_scheduled_email	16133.66,7626.57 16318.33,7701.22
edge:declared:db.Credit:company	20302.12,13802.52 17154.62,12542.55
edge:declared:db.CreditCard:company	22822.84,13369.51 17154.62,12495.80
edge:declared:db.CreditCard:investment_association	23013.52,13437.62 27213.38,16524.28
edge:declared:db.CreditCard:legal_partner	22897.41,13437.62 21692.81,14631.67
edge:declared:db.CreditCard:venture_capital	23070.84,13376.57 32357.46,12473.41
edge:declared:db.CreditUse:credit	21318.79,13902.13 20538.53,13855.01
edge:declared:db.CreditUse:purchase	21554.79,13885.74 21750.88,13846.67
edge:declared:db.CsAgentResponse:inquiry_thread_message	23485.51,11409.59 22914.38,11480.73
edge:declared:db.CsAgentResponseFeedBack:cs_agent_response	23916.39,11337.81 23733.51,11371.38
edge:declared:db.DebtConfirmationAndOffsetContractDocument:new_issue_item	18259.10,25305.30 19339.72,25409.36
edge:declared:db.DepartmentStaffUserRelation:department	18333.43,31815.04 16423.26,32255.76
edge:declared:db.DirectorAppointmentEvent:director	16991.09,16245.23 17271.28,16378.46
edge:declared:db.DirectorCompensationDecisionEvent:director	17254.07,16882.12 17381.80,16516.13
edge:declared:db.DirectorCompensationLimitEvent:director	17272.88,16648.76 17359.57,16516.13
edge:declared:db.DirectorTermEndEvent:appointment_event	16989.64,16353.55 16928.15,16245.23
edge:declared:db.DirectorTermEndEvent:director	17136.91,16409.82 17271.28,16426.38
edge:declared:db.DirectorVote:agenda	16237.95,20722.54 16394.14,20917.80
edge:declared:db.DirectorVote:attended_director	16178.58,20648.54 16016.82,20447.54
edge:declared:db.DirectorVotingRightsPerAgenda:agenda	15901.68,20714.52 16326.53,20936.58
edge:declared:db.DirectorVotingRightsPerAgenda:director	15848.95,20640.52 15943.13,20447.54
edge:declared:db.DirectorsMeeting:chairperson	16438.32,20238.34 16135.95,20336.81
edge:declared:db.DirectorsMeeting:meeting	16598.23,20135.00 17793.41,17697.80
edge:declared:db.DirectorsMeeting:sealed_meeting_minutes_file	16698.32,20135.47 20048.87,18575.43
edge:declared:db.DirectorsMeetingAgenda:agenda_bonus_issue	16610.53,20947.68 18031.41,20316.04
edge:declared:db.DirectorsMeetingAgenda:agenda_branch_change	16610.53,20921.49 17926.30,20093.97
edge:declared:db.DirectorsMeetingAgenda:agenda_co_ceo_system_change	16610.53,21098.84 17015.89,21353.83
edge:declared:db.DirectorsMeetingAgenda:agenda_custom	16610.53,21005.06 16866.77,20995.28
edge:declared:db.DirectorsMeetingAgenda:agenda_director_change	16351.76,21103.80 14249.56,22778.08
edge:declared:db.DirectorsMeetingAgenda:agenda_director_compensation_decision	16465.55,21103.80 16447.38,21669.89
edge:declared:db.DirectorsMeetingAgenda:agenda_financial_statements	16610.53,20921.53 18184.58,19931.96
edge:declared:db.DirectorsMeetingAgenda:agenda_head_office_relocation	16610.53,21052.18 18588.05,21628.43
edge:declared:db.DirectorsMeetingAgenda:agenda_new_issue	16508.60,21103.80 17013.67,22275.97
edge:declared:db.DirectorsMeetingAgenda:agenda_option_cancel	16326.53,20974.51 16270.24,20960.12
edge:declared:db.DirectorsMeetingAgenda:agenda_rsu_grant	16544.90,20917.80 16599.70,20797.99
edge:declared:db.DirectorsMeetingAgenda:agenda_shareholders_meeting_convocation	16608.03,21103.80 16775.04,21215.14
edge:declared:db.DirectorsMeetingAgenda:agenda_subsidiary_establishment	16501.82,21103.80 16635.90,21478.38
edge:declared:db.DirectorsMeetingAgenda:meeting	16479.92,20917.80 16560.85,20257.00
edge:declared:db.DirectorsMeetingDirectorAttendance:stakeholder	15805.95,20336.98 12852.68,19378.42
edge:declared:db.DirectorsMeetingNoticeEmail:directors_meeting	16697.48,19210.36 16576.31,20135.00
edge:declared:db.DirectorsMeetingNoticeEmailRecipient:director	16859.62,19419.00 16023.09,20333.54
edge:declared:db.DirectorsMeetingNoticeEmailRecipient:email	16858.94,19337.00 16741.03,19210.36
edge:declared:db.DocumentDelivery:delivery	19662.72,12608.37 20101.61,12445.93
edge:declared:db.DocumentDeliveryQuestionThreadRelation:document_delivery	19916.26,12639.90 19675.94,12644.02
edge:declared:db.DocumentDeliveryQuestionThreadRelation:question_thread	20259.26,12644.82 20355.29,12649.22
edge:declared:db.DocumentParseResult:attachment	19941.39,16883.72 19935.06,17031.57
edge:declared:db.DormantUserEmail:user	5118.93,30184.37 3994.36,31157.77
edge:declared:db.DormantUserPhone:user	4524.61,29620.53 3962.00,31157.77
edge:declared:db.DormantUserReactivationToken:user	5253.19,30317.38 4007.75,31157.77
edge:declared:db.ESOP:company	12323.06,16462.53 16774.62,12629.46
edge:declared:db.ESOP:shareholder	12265.54,16576.53 13193.15,22666.06
edge:declared:db.ESOPParticipant:esop	12103.17,16040.01 12238.59,16462.53
edge:declared:db.EditableCompanyOwnerAuditLog:company	23682.17,9372.01 17154.62,12378.98
edge:declared:db.ElectronicCertificate:company	17782.63,16942.01 17004.28,12683.51
edge:declared:db.ElectronicCertificate:director	17720.95,16942.01 17512.22,16516.13
edge:declared:db.ElectronicCertificateApplicationFormDocument:stakeholder	11392.66,25795.70 12652.52,19481.54
edge:declared:db.ElectronicCertificateCaseReportDocument:stakeholder	11012.54,25535.08 12639.25,19481.54
edge:declared:db.ElectronicCertificateFileDownloadHistory:file_uploaded	18544.48,17247.62 18451.20,17172.81
edge:declared:db.ElectronicCertificateFileUploadRequest:electronic_certificate	18036.00,17005.27 17914.85,16996.24
edge:declared:db.ElectronicCertificateFileUploaded:file_upload_request	18342.99,17098.81 18269.57,17055.04
edge:declared:db.ElectronicCertificateReturnRequest:electronic_certificate	21185.51,19055.24 17914.85,17032.01
edge:declared:db.ElectronicCertificateReturnRequest:recipient_address	21398.32,19076.53 22563.75,18956.83
edge:declared:db.EmailActivityRecipient:email_activity	23723.99,23162.19 23848.97,25638.19
edge:declared:db.EmailActivityRecipientStatusHistory:recipient	24056.68,24590.59 23732.64,23162.19
edge:declared:db.EmailVerification:email	23516.23,4779.00 23091.35,4553.93
edge:declared:db.Employee:department_code_set	11727.58,14944.87 12517.28,14002.25
edge:declared:db.Employee:group_set	11784.96,14967.30 13716.61,13917.18
edge:declared:db.EmployeeDepartmentCodeRelation:department_code	12040.18,14303.50 12485.84,14002.25
edge:declared:db.EmployeeDepartmentCodeRelation:employee	11967.48,14377.50 11692.00,14944.87
edge:declared:db.EmployeeGroup:company	13867.81,13843.18 16774.62,12549.63
edge:declared:db.EmployeeNumber:company	13838.48,13991.70 16774.62,12556.77
edge:declared:db.EmployeeNumber:employee	13685.44,14065.70 11784.96,14975.06
edge:declared:db.EmployeeOption:company	13007.62,12785.00 16774.62,12481.80
edge:declared:db.EmployeeOption:grantee	12824.52,12847.98 11764.85,13798.32
edge:declared:db.EmployeeOptionExerciseCandidate:management	13917.72,13334.31 14591.92,14952.83
edge:declared:db.EmployeeOptionExerciseCandidate:option	13806.55,13244.31 12992.48,12847.98
edge:declared:db.EmployeeOptionExerciseCandidate:option_exercise_claim	14046.87,13244.31 14584.09,13080.85
edge:declared:db.EmployeeOptionExerciseCandidateFile:candidate	13435.73,12879.89 13848.06,13244.31
edge:declared:db.EmployeeOptionExerciseClaim:company	14850.09,13006.42 16774.62,12515.02
edge:declared:db.EmployeeOptionExerciseClaimOption:option	13760.37,12782.46 13007.62,12793.21
edge:declared:db.EmployeeOptionExerciseClaimOption:option_exercise_claim	14027.70,12817.28 14590.40,12999.38
edge:declared:db.EmployeeOptionExerciseManagement:company	14647.21,14952.83 16774.62,12670.36
edge:declared:db.EmployeeOptionExerciseManagementEmail:management	14918.15,15084.82 14748.30,15034.83
edge:declared:db.EmployeeOptionVesting:employee_option	12260.73,12991.89 12759.62,12834.18
edge:declared:db.EmployeeOptionVestingItem:option_vesting	12087.72,13212.55 12132.41,13065.89
edge:declared:db.EmployeeOptionVestingTraceable:option	12819.51,13149.49 12874.04,12847.98
edge:declared:db.EmployeeStock:participant	12158.33,15907.99 12125.44,15950.01
edge:declared:db.EmployeeStockGuide:esop	12513.38,16464.15 12386.86,16491.46
edge:declared:db.EmployeeStockGuideAudience:employee_stock_guide	13021.05,15905.16 12666.39,16406.38
edge:declared:db.EmployeeStockGuideAudience:participant	12923.73,15884.53 12214.21,15978.57
edge:declared:db.EmployeeStockGuideEmail:employee_stock_guide	14124.48,17056.89 12737.41,16488.38
edge:declared:db.EmployeeStockTag:category	12535.98,16140.96 12430.60,16141.81
edge:declared:db.EmployeeStockTag:employee_stock_set	12587.93,16098.96 12252.32,15907.99
edge:declared:db.EmployeeStockTag:esop	12616.44,16180.96 12317.40,16462.53
edge:declared:db.EmployeeStockTagCategory:esop	12307.13,16179.76 12265.29,16462.53
edge:declared:db.EmployeeStockWithdrawRequest:account	13051.57,16836.12 13566.41,16844.53
edge:declared:db.EmployeeStockWithdrawRequest:esop	12842.48,16796.97 12377.17,16576.53
edge:declared:db.EmploymentCertificateDocumentRequest:company	14135.50,14354.89 16774.62,12593.33
edge:declared:db.EmploymentCertificateDocumentRequest:history	13919.57,14421.74 12851.59,14620.34
edge:declared:db.EmploymentStatusHistory:connected_hrm_status_event	12605.73,14688.40 9270.59,15919.99
edge:declared:db.EmploymentStatusHistory:employee	12606.32,14688.40 11784.96,14993.18
edge:declared:db.EmploymentStatusHistory:related_events	12806.96,14688.40 16539.11,16804.52
edge:declared:db.Event:company	16693.95,16779.43 16951.00,12683.51
edge:declared:db.EventAttachment:company	16831.11,14819.50 16956.00,12683.51
edge:declared:db.EventAttachment:event	16826.39,14893.50 16695.95,16779.43
edge:declared:db.ExpertClientIncorporationSupport:contact_set	20658.49,14827.17 20365.68,14680.07
edge:declared:db.ExpertClientIncorporationSupport:expert_client	20791.02,14827.17 20915.27,14727.14
edge:declared:db.ExpertClientIncorporationSupport:incorporation_request	20754.01,14909.17 21080.00,15869.89
edge:declared:db.ExpertClientSignupChannel:expert_client	22636.40,14923.93 21100.13,14696.50
edge:declared:db.ExpertClientTaxServiceSettings:expert_client	20973.21,14960.31 20975.63,14727.14
edge:declared:db.ExpertClientTaxServiceSettings:legal_partner	21064.14,14960.31 21412.71,14819.07
edge:declared:db.ExpressDelivery1:order_status_history	5842.05,9819.60 5897.44,9962.89
edge:declared:db.ExpressDelivery1:seal_card_return_status_history	5709.75,9791.83 5625.38,9798.43
edge:declared:db.ExternalStockInfo:company	17586.59,8484.83 16998.52,12249.51
edge:declared:db.FABContent:thumbnail_image	21129.54,17944.57 20428.87,18371.26
edge:declared:db.FinancialAccount:institution	13695.29,16797.56 13708.85,16661.35
edge:declared:db.FinancialStatementsForNewIssueFromConversionDocument:new_issue	16822.40,24150.97 17039.47,22445.97
edge:declared:db.Fund:fund_partners	29909.80,13708.56 30500.05,14199.89
edge:declared:db.Fund:portfolio_company_set	29731.74,13696.09 27535.26,14272.28
edge:declared:db.Fund:venture_capital	29955.78,13618.56 32357.46,12538.28
edge:declared:db.FundPartner:venture_capital	30595.05,14199.89 32357.46,12620.42
edge:declared:db.FundingNewsDistributionServiceRequest:company	18749.63,15114.71 17110.89,12683.51
edge:declared:db.FundingNewsDistributionServiceRequest:company_question_thread	18796.08,15114.71 19056.27,14388.59
edge:declared:db.FundingNewsDistributionServiceRequest:logo	18799.69,15204.71 20143.73,18269.97
edge:declared:db.HelpTemplate:partners_to_share	10255.45,9109.46 21412.71,14679.79
edge:declared:db.Hrm:company	5517.40,16065.54 16774.62,12526.25
edge:declared:db.HrmAlpConfig:hrm	4141.43,15859.59 5197.40,16082.12
edge:declared:db.HrmAlpConfigIndivApprovalTemplateRel:alp_config	4327.95,15618.32 4075.50,15797.72
edge:declared:db.HrmAlpExcludedEmp:emp	9547.49,17976.80 9052.82,18071.71
edge:declared:db.HrmAlpLaborReceiptRefusal:emp	9197.19,18834.94 8955.77,18277.71
edge:declared:db.HrmAlpTarget:emp	9214.73,18516.08 9021.24,18277.71
edge:declared:db.HrmAlpUsageDesignation:target	9524.55,18615.32 9372.01,18583.19
edge:declared:db.HrmAlpUsageDesignationDate:leave_usage	10121.44,18447.38 10262.52,18441.80
edge:declared:db.HrmAlpUsageDesignationDate:usage_designation	9923.23,18494.34 9713.76,18603.17
edge:declared:db.HrmAlpUsagePlan:target	9429.46,18263.53 9270.77,18516.08
edge:declared:db.HrmAlpUsagePlanDate:usage_plan	9685.67,18196.67 9579.22,18208.62
edge:declared:db.HrmAnnualLeaveAdjustment:emp	9338.47,18077.26 9052.82,18094.39
edge:declared:db.HrmAnnualLeaveConfigBase:annual_leave	8320.97,22527.42 8333.24,21763.28
edge:declared:db.HrmApproval:approvable	7918.61,18064.89 7651.62,17891.58
edge:declared:db.HrmApproval:requestor	8111.93,18109.17 8708.82,18105.71
edge:declared:db.HrmApprovalLine:actual_approver	8283.17,18215.39 8708.82,18136.56
edge:declared:db.HrmApprovalLine:approval	8104.52,18197.35 8047.92,18154.89
edge:declared:db.HrmApprovalLine:approver	8077.39,18279.35 7666.42,18485.38
edge:declared:db.HrmApprovalReview:approval	7830.76,18271.91 7944.28,18154.89
edge:declared:db.HrmApprovalReview:approver	7757.11,18345.91 7614.79,18485.38
edge:declared:db.HrmApprovalTemplate:hrm	7082.21,18159.03 5476.43,16256.84
edge:declared:db.HrmApprovalTemplateLine:approver	7437.83,18392.46 7516.07,18485.38
edge:declared:db.HrmApprovalTemplateLine:template	7337.68,18318.46 7193.28,18241.03
edge:declared:db.HrmApprovalTemplateReview:approver	7185.24,18357.51 7450.68,18485.38
edge:declared:db.HrmApprovalTemplateReview:template	7111.01,18283.51 7113.96,18241.03
edge:declared:db.HrmApprover:dept	7436.70,18502.95 5814.25,18049.94
edge:declared:db.HrmApprover:emp	7684.70,18497.65 8708.82,18161.21
edge:declared:db.HrmAttendance:emp	8274.38,17812.58 8708.82,18021.86
edge:declared:db.HrmAttendanceItem:attendance	8448.40,17713.43 8313.27,17743.76
edge:declared:db.HrmAttendanceItem:emp	8602.57,17726.61 8753.51,17931.71
edge:declared:db.HrmAttendanceLocation:attendance_item	9327.62,17155.83 8630.85,17644.61
edge:declared:db.HrmAttendanceLocation:ongoing_attendance	9473.98,17155.83 9762.35,17340.50
edge:declared:db.HrmAttendanceLocation:personal_location	9442.87,17057.83 10097.69,16351.01
edge:declared:db.HrmAttendanceLocation:work_location	9360.00,17057.83 8111.40,15424.97
edge:declared:db.HrmCertificateConfig:hrm	4947.95,16165.95 5197.40,16135.42
edge:declared:db.HrmCertificateConfigIndividualApprovalTemplateRelation:certificate_config	4345.48,16614.59 4788.67,16217.39
edge:declared:db.HrmCertificateIssue:connected_status_event	9691.31,16223.07 9258.80,16018.78
edge:declared:db.HrmCertificateIssue:emp	9758.12,16305.07 8965.16,17931.71
edge:declared:db.HrmCommonLocation:work_location_config	9269.15,15575.29 9747.31,15459.05
edge:declared:db.HrmConciergeRequest:company	18318.88,10614.11 17121.55,12249.51
edge:declared:db.HrmDailyLeaveUsageItem:usage	9410.35,20641.31 10367.13,18493.65
edge:declared:db.HrmDept:hrm	5673.68,17952.64 5379.80,16256.84
edge:declared:db.HrmDeptName:dept	4721.63,19529.86 5645.52,18074.64
edge:declared:db.HrmDeptName:event	4688.95,19603.86 4567.63,20045.40
edge:declared:db.HrmDeptParent:dept	5320.75,19521.19 5669.54,18074.64
edge:declared:db.HrmDeptParent:event	5325.37,19603.19 5446.23,19966.90
edge:declared:db.HrmDeptReorg:hrm	4893.33,15381.55 5268.29,15974.84
edge:declared:db.HrmDeptStatus:dept	5741.31,19746.40 5686.26,18074.64
edge:declared:db.HrmDeptStatus:event	5739.37,19820.40 5586.78,21326.54
edge:declared:db.HrmDocument:emp	7146.92,15650.14 8760.98,17931.71
edge:declared:db.HrmDocument:form	7041.38,15552.14 5848.71,14727.65
edge:declared:db.HrmDocument:hrm	6988.26,15637.60 5517.40,16070.07
edge:declared:db.HrmDocumentDraft:emp	6353.67,14132.87 8770.75,17931.71
edge:declared:db.HrmDocumentDraft:form	6289.17,14132.87 5823.74,14629.65
edge:declared:db.HrmDocumentDraftFieldAttachment:field_value	6064.52,11388.31 5315.04,12889.69
edge:declared:db.HrmDocumentDraftFieldMultiSelectValue:field_value	5153.01,13277.11 5274.24,12979.69
edge:declared:db.HrmDocumentDraftFieldMultiSelectValue:selected_option	5094.41,13351.11 4965.75,13460.49
edge:declared:db.HrmDocumentDraftFieldValue:draft	5332.83,12979.69 6290.91,14050.87
edge:declared:db.HrmDocumentDraftFieldValue:field_definition	5235.51,12979.69 4020.74,13937.59
edge:declared:db.HrmDocumentFieldAttachment:field_value	5335.23,14243.21 5733.48,14209.89
edge:declared:db.HrmDocumentFieldMultiSelectValue:field_value	5473.28,13872.64 5804.59,14154.51
edge:declared:db.HrmDocumentFieldMultiSelectValue:selected_option	5373.07,13798.64 4980.38,13542.49
edge:declared:db.HrmDocumentFieldValue:document	5897.77,14244.51 7068.39,15552.14
edge:declared:db.HrmDocumentFieldValue:field_definition	5733.48,14185.31 4111.67,13999.54
edge:declared:db.HrmDocumentForm:hrm	5763.50,14727.65 5398.65,15974.84
edge:declared:db.HrmDocumentFormFieldDefinition:form	4080.95,14027.59 5653.83,14631.07
edge:declared:db.HrmDocumentFormFieldSelectOption:field_definition	4836.23,13542.49 4052.89,13937.59
edge:declared:db.HrmDocumentFormIndividualApprovalTemplateRelation:document_form	5232.24,14701.59 5653.83,14683.86
edge:declared:db.HrmEmp:connected_employee	9037.04,17931.71 11551.76,15146.87
edge:declared:db.HrmEmp:hrm	8708.82,18007.62 5517.40,16206.16
edge:declared:db.HrmEmpAffiliation:emp	7390.61,17797.21 8708.82,18067.60
edge:declared:db.HrmEmpAffiliation:event	7319.55,17730.78 8084.24,17138.52
edge:declared:db.HrmEmpAffiliationDept:affiliation	6799.39,17870.41 7142.61,17797.96
edge:declared:db.HrmEmpAffiliationDept:dept	6563.39,17909.32 5814.25,17998.21
edge:declared:db.HrmEmpContract:emp	9161.10,33251.94 8884.02,18277.71
edge:declared:db.HrmEmpContract:mgmt	9151.45,33251.94 6662.38,23447.59
edge:declared:db.HrmEmpContractCommonVar:hrm	5629.01,15684.21 5446.13,15974.84
edge:declared:db.HrmEmpContractMgmt:hrm	6644.68,23365.59 5381.24,16256.84
edge:declared:db.HrmEmpContractMgmt:template_revision	6588.83,23365.59 5058.61,22372.00
edge:declared:db.HrmEmpContractModusignDocument:hrm_emp_contract	25987.66,37840.46 9285.86,33326.45
edge:declared:db.HrmEmpContractTemplate:hrm	4248.13,20007.31 5317.21,16256.84
edge:declared:db.HrmEmpContractTemplateRevision:template	4977.13,22290.00 4249.76,20081.31
edge:declared:db.HrmEmpContractTemplateRevisionSigner:revision	4399.75,22823.82 4941.47,22372.00
edge:declared:db.HrmEmpEmploymentType:emp	8902.04,17716.52 8890.28,17931.71
edge:declared:db.HrmEmpEmploymentType:event	8895.72,17642.52 8831.13,17355.78
edge:declared:db.HrmEmpJob:emp	7447.43,16801.93 8708.82,17944.81
edge:declared:db.HrmEmpJob:event	7512.93,16713.21 7919.97,16595.97
edge:declared:db.HrmEmpJob:level	7264.93,16755.68 6944.03,16773.16
edge:declared:db.HrmEmpJob:position	7302.87,16695.93 7014.28,16518.21
edge:declared:db.HrmEmpJob:role	7264.93,16722.30 6770.30,16616.07
edge:declared:db.HrmEmpJob:title	7335.73,16695.93 6614.47,15977.34
edge:declared:db.HrmEmpJobLevel:hrm	6745.29,16751.88 5517.40,16189.16
edge:declared:db.HrmEmpJobPosition:hrm	6826.30,16454.04 5517.40,16152.68
edge:declared:db.HrmEmpJobRole:hrm	6552.77,16560.21 5517.40,16175.32
edge:declared:db.HrmEmpJobTitle:hrm	6457.77,15957.34 5517.40,16092.79
edge:declared:db.HrmEmpMov:hrm	5936.54,15803.89 5517.40,16029.66
edge:declared:db.HrmEmpReturnToWorkEvent:absence_event	9160.10,15720.00 9087.10,15720.00
edge:declared:db.HrmEmpSalaryAccount:emp	12066.41,16988.77 9052.82,18044.46
edge:declared:db.HrmEmpSalaryAccount:institution	12290.03,16926.09 13589.33,16643.34
edge:declared:db.HrmEmpStatus:emp	10219.92,16212.93 9019.36,17931.71
edge:declared:db.HrmEmpStatus:event	10127.76,16153.37 9270.59,15989.49
edge:declared:db.HrmEmpUserInvitation:emp	7338.47,17921.19 8708.82,18084.24
edge:declared:db.HrmEmpUserInvitation:hrm	7171.95,17865.44 5503.63,16256.84
edge:declared:db.HrmEmpUserInvitationInvitee:invitation	7409.78,18161.48 7245.87,17947.44
edge:declared:db.HrmEmpWorkAssignment:emp	7977.84,18818.64 8708.82,18240.70
edge:declared:db.HrmEmpWorkAssignment:work	7813.04,18872.22 7045.79,18980.04
edge:declared:db.HrmEmpWorkLocationAssignment:work_location	8488.40,16143.72 8100.38,15424.97
edge:declared:db.HrmEmpWorkLocationAssignment:work_location_config	8499.63,16217.72 8426.79,16577.31
edge:declared:db.HrmEmpWorkLocationConfig:emp	8431.23,16659.31 8827.01,17931.71
edge:declared:db.HrmEmpWorkLocationConfig:work_location_set	8407.11,16577.31 8087.52,15424.97
edge:declared:db.HrmFixedWorkSchedule:fixed_work	6992.19,18678.19 6963.99,18720.21
edge:declared:db.HrmGoogleCalendarIntegration:hrm	5188.55,15497.55 5318.89,15974.84
edge:declared:db.HrmLeaveBase:hrm	7845.90,20880.78 5430.85,16256.84
edge:declared:db.HrmLeaveCommonConfig:leave	7047.41,20948.22 7748.03,20952.88
edge:declared:db.HrmLeaveGrant:emp	8396.18,19187.45 8803.38,18277.71
edge:declared:db.HrmLeaveGrant:grantable_leave	8369.44,19261.45 8119.79,20169.05
edge:declared:db.HrmLeaveIndividualApprovalTemplateRelation:leave	6651.43,19983.44 7791.30,20880.78
edge:declared:db.HrmLeaveUsage:emp	10262.52,18408.01 9052.82,18141.47
edge:declared:db.HrmLeaveUsage:leave	10335.80,18493.65 7956.78,20880.78
edge:declared:db.HrmLeaveUsageAttachment:usage	10614.44,19332.28 10406.64,18493.65
edge:declared:db.HrmLeaveUsageItem:emp	9080.81,19310.39 8909.52,18277.71
edge:declared:db.HrmLeaveUsageItem:leave	9056.81,19392.39 7938.86,20880.78
edge:declared:db.HrmLeaveUsageItem:usage	9146.10,19310.39 10311.21,18493.65
edge:declared:db.HrmOngoingAttendance:emp	9772.77,17422.50 9052.82,17973.15
edge:declared:db.HrmOngoingAttendanceClockedSchedule:ongoing_attendance	10401.11,17144.97 9925.99,17340.50
edge:declared:db.HrmPersonalLocation:hrm_emp	10107.60,16351.01 8991.30,17931.71
edge:declared:db.HrmPersonalLocation:work_location_config	10125.74,16261.01 9885.74,15469.42
edge:declared:db.HrmRequestor:dept	6339.03,19176.76 5718.59,18074.64
edge:declared:db.HrmRequestor:emp	6443.98,19176.76 8708.82,18178.35
edge:declared:db.HrmSelectiveWorkPlan:emp	8494.09,18106.00 8708.82,18105.28
edge:declared:db.HrmSelectiveWorkPlanConfig:selective_work	6910.13,19518.18 7001.72,19365.91
edge:declared:db.HrmSelectiveWorkPlanItem:emp	7638.59,18079.50 8708.82,18101.22
edge:declared:db.HrmSelectiveWorkPlanItem:plan	7638.59,18081.20 8246.09,18102.14
edge:declared:db.HrmSelectiveWorkSchedule:selective_work	7209.88,19281.11 7152.79,19293.66
edge:declared:db.HrmSelectiveWorkSettlementConfig:selective_work	6539.63,19518.18 6917.21,19365.91
edge:declared:db.HrmSigner:hrm	5064.94,15997.31 5197.40,16051.00
edge:declared:db.HrmSlackChannelConfig:integration	5000.71,16450.02 5042.76,16566.55
edge:declared:db.HrmSlackIntegration:hrm	5078.97,16566.55 5270.30,16256.84
edge:declared:db.HrmStaffNote:hrm	4744.20,16050.00 5197.40,16098.66
edge:declared:db.HrmStaggeredWorkSchedule:staggered_work	6585.24,20425.06 6128.29,19581.01
edge:declared:db.HrmStandardWork:hrm	4944.11,17765.66 5322.08,16256.84
edge:declared:db.HrmStandardWorkSchedule:standard_work	4645.18,17720.21 4816.84,17769.07
edge:declared:db.HrmTag:hrm_set	4912.56,15729.55 5197.40,15976.90
edge:declared:db.HrmWorkAutoClockOutConfig:work	6516.95,18956.86 6785.79,18984.80
edge:declared:db.HrmWorkBase:emp_set	7045.79,18939.19 8708.82,18182.93
edge:declared:db.HrmWorkBase:hrm	6882.81,18937.31 5433.63,16256.84
edge:declared:db.HrmWorkIndividualApprovalTemplateRelation:work	7225.94,19044.84 7045.79,19017.81
edge:declared:db.HrmWorkLocation:hrm	7949.93,15409.82 5517.40,16073.81
edge:declared:db.HrmWorkLocationGpsConfig:work_location	9747.31,15424.75 8197.93,15379.58
edge:declared:db.HrmWorkOvertime:work	6556.79,18864.64 6785.79,18949.91
edge:declared:db.IBKSignupChannel:ibk_user_login_token	24052.24,14567.08 24030.86,14517.72
edge:declared:db.IBKUserLoginToken:ibk_user	24032.88,14443.72 24053.39,14401.70
edge:declared:db.IaAccountInfo:investment_association	29931.92,18190.68 27521.38,16730.73
edge:declared:db.IaCertificateOfInvestmentDocument:partner	31933.75,18532.17 33528.48,18288.00
edge:declared:db.IaCertificateOfInvestmentDocumentRecipient:certificate_of_investment_document_email	3845.59,20069.67 3826.20,20147.16
edge:declared:db.IaConfirmationRequest:investment_association	23265.13,18875.55 27213.38,16721.48
edge:declared:db.IaConfirmationRequest:partner_list_file	23001.15,18893.82 20428.87,18514.95
edge:declared:db.IaConsentForm:consent_form_or_meeting	30228.83,18726.65 29417.74,19194.43
edge:declared:db.IaConsentFormDocument:consent_form	31184.19,18526.06 30438.48,18662.94
edge:declared:db.IaConsentFormDocument:partner	31554.19,18473.84 33528.48,18279.01
edge:declared:db.IaConsentFormOrMeeting:investment_association	29285.94,19194.43 27460.99,16770.46
edge:declared:db.IaConsentFormOrMeetingDocumentGeneration:consent_form_or_meeting	29658.24,19221.63 29518.34,19232.49
edge:declared:db.IaConsentFormOrMeetingDocumentGenerationItem:document	30646.04,19194.59 30927.38,19279.89
edge:declared:db.IaConsentFormOrMeetingDocumentGenerationItem:generation	30334.00,19168.96 30001.24,19188.86
edge:declared:db.IaConsentFormOrMeetingElectronicSignatureRequest:document	28846.84,20741.91 29504.47,19989.87
edge:declared:db.IaConsentFormOrMeetingElectronicSignatureRequestModusignDocument:electronic_signature_request	27056.66,20524.86 28602.49,20764.25
edge:declared:db.IaConsentFormOrMeetingElectronicSignatureRequestModusignEmbeddedDraft:electronic_signature_request	27372.56,21208.26 28617.40,20847.91
edge:declared:db.IaConsentFormOrMeetingElectronicSignatureRequestStatusHistory:electronic_signature_request	28876.87,21472.29 28806.47,20847.91
edge:declared:db.IaConsentFormOrMeetingElectronicSignatureRequestUploadedModusignDocument:electronic_signature_request	26479.34,21166.99 28602.49,20826.65
edge:declared:db.IaConsentFormOrMeetingElectronicSignatureRequiredDocument:consent_form_or_meeting	29504.62,19883.87 29340.73,19300.43
edge:declared:db.IaConsentFormOrMeetingElectronicSignatureRequiredDocument:edited_file	29331.01,19905.97 20428.87,18516.74
edge:declared:db.IaConsentFormOrMeetingElectronicSignatureRequiredDocument:partner	29660.80,19883.87 33528.48,18327.15
edge:declared:db.IaConsentFormOrMeetingEsigRequiredDocumentPageRange:esig_required_document	30283.13,19427.67 29607.50,19883.87
edge:declared:db.IaConsentFormOrMeetingEsigRequiredDocumentPageRange:page_range_document	30535.15,19372.46 30927.38,19336.39
edge:declared:db.IaConsentFormOrMeetingGuideEmail:consent_form_or_meeting	29648.61,18923.28 29378.61,19194.43
edge:declared:db.IaConsentFormOrMeetingGuideEmailRecipient:consent_form_or_meeting_guide_email	29663.61,18710.10 29686.54,18849.28
edge:declared:db.IaDocumentArchive:investment_association	28742.79,15038.08 27481.76,16504.46
edge:declared:db.IaDocumentArchiveAttachment:ia_document_archive	28521.96,15099.00 28679.15,15038.08
edge:declared:db.IaExpertPartnerBulkEmailTemplate:legal_partner	20892.48,15219.13 21412.71,14859.65
edge:declared:db.IaFoundingProgressStatus:investment_association	28390.67,17589.15 27510.39,16770.46
edge:declared:db.IaGpAppointmentEvent:partner	31033.61,17906.42 33528.48,18242.79
edge:declared:db.IaGpTerminationEvent:appointment_event	31114.98,18154.32 30941.41,17930.56
edge:declared:db.IaGpTerminationEvent:partner	31270.78,18198.80 33528.48,18259.72
edge:declared:db.IaInvestmentCertificateRegistrationRequest:partner	33727.96,19785.00 33688.52,18372.96
edge:declared:db.IaLegalPartnerRelation:investment_association	24832.90,15522.03 27213.38,16567.18
edge:declared:db.IaLegalPartnerRelation:legal_partner	24630.63,15457.92 21720.71,14789.50
edge:declared:db.IaMeeting:consent_form_or_meeting	29938.30,20788.87 29346.90,19300.43
edge:declared:db.IaMeetingAgenda:meeting	30767.40,20566.87 30101.54,20801.00
edge:declared:db.IaMeetingAgendaVote:agenda	30680.88,22522.07 30879.83,20566.87
edge:declared:db.IaMeetingAgendaVote:electronic_signature	30631.82,22522.07 28856.69,20847.91
edge:declared:db.IaMeetingAgendaVote:partner	30705.39,22522.07 33609.20,18372.96
edge:declared:db.IaMeetingConvocationNoticeEmail:ia_meeting	30527.89,22072.45 29990.75,20910.87
edge:declared:db.IaMeetingConvocationNoticeRecipient:convocation_notice_email	30415.17,21282.65 30539.19,22072.45
edge:declared:db.IaMeetingMinutesDocument:meeting	30553.63,20062.33 30008.32,20788.87
edge:declared:db.IaMeetingNoticeDocument:meeting	30346.73,19946.31 29988.48,20788.87
edge:declared:db.IaMeetingSealedNoticeDocumentFile:ia_meeting	28802.97,20090.44 29869.40,20788.87
edge:declared:db.IaMeetingShortenPeriodDocument:meeting	31177.82,19824.11 30034.81,20788.87
edge:declared:db.IaMeetingShortenPeriodDocument:partner	31292.76,19742.11 33528.48,18360.95
edge:declared:db.IaModusignDocumentUsageHistory:investment_association	24950.69,14651.82 27225.90,16504.46
edge:declared:db.IaOperation:_deprecated_investment_association	30229.70,16426.81 27521.38,16626.13
edge:declared:db.IaOperation:ia_operation_management	30319.54,16455.13 30209.97,16599.06
edge:declared:db.IaOperationManagement:investment_association	30063.81,16636.12 27521.38,16637.39
edge:declared:db.IaOwner:investment_association	30088.16,17133.98 27521.38,16665.57
edge:declared:db.IaOwner:partner	30340.16,17197.28 33528.48,18213.90
edge:declared:db.IaOwnerAuditLog:investment_association	23985.76,7310.21 27319.16,16504.46
edge:declared:db.IaPartnerDataCollection:investment_association	24727.30,17938.17 27213.38,16713.34
edge:declared:db.IaPartnerDataCollectionItem:address	23611.63,17949.09 22830.14,18818.25
edge:declared:db.IaPartnerDataCollectionItem:ia_partner_data_collection	23785.49,17917.87 24520.08,17970.32
edge:declared:db.IaPartnerDataCollectionItemReply:address	23748.01,18235.83 22871.75,18837.51
edge:declared:db.IaPartnerDataCollectionItemReply:ia_partner_data_collection	23966.72,18153.83 24520.08,18011.14
edge:declared:db.IaPartnerDataCollectionItemReply:ia_partner_data_collection_item	23784.95,18153.83 23671.26,17949.09
edge:declared:db.IaPartnerInvestmentConfirmation:partner	30821.61,17130.86 33528.48,18201.84
edge:declared:db.IaPartnerInvestmentConfirmationEmailRecipient:ia_partner_investment_confirmation_email	14082.71,5684.64 14031.45,5727.04
edge:declared:db.IaPartnerWithdrawalEvent:partner	33681.98,18003.44 33684.02,18154.96
edge:declared:db.IaPaymentLink:investment_association	25931.56,13709.25 27302.17,16504.46
edge:declared:db.IaPfCompany:investment_association	28701.53,19855.13 27422.53,16770.46
edge:declared:db.IaPfCompanyInvestment:ia_pf_company	28437.76,20217.12 28685.09,19929.13
edge:declared:db.IaPfCompanyInvestmentSalesIntent:ia_pf_company_investment	30162.74,22771.18 28431.27,20299.12
edge:declared:db.IaPfCompanyInvestmentStock:ia_pf_company_investment	27975.27,20426.96 28298.79,20299.12
edge:declared:db.IaQuestionThread:investment_association	24483.32,13626.25 27239.18,16504.46
edge:declared:db.IaRule:address	24907.81,19236.28 22871.75,18963.20
edge:declared:db.IaRule:file	24907.81,19232.94 20428.87,18516.93
edge:declared:db.IaRule:investment_association	25092.13,19192.72 27249.02,16770.46
edge:declared:db.IaRuleCompensation:rule	25480.72,19183.09 25167.81,19232.99
edge:declared:db.IaRuleDocument:rule	28311.47,19235.76 25167.81,19253.01
edge:declared:db.IaRuleInvestment:rule	25763.93,18857.87 25149.70,19192.72
edge:declared:db.IaRuleMeeting:rule	25216.98,19471.64 25087.96,19314.72
edge:declared:db.IaRulePartner:rule	25740.49,19392.63 25167.81,19279.42
edge:declared:db.IaSealStamp:image_file	21998.87,18245.53 20428.87,18460.90
edge:declared:db.IaSealStamp:investment_association	22246.87,18190.90 27213.38,16684.18
edge:declared:db.IaSealStampImage:seal_stamp	21467.74,18251.94 21998.87,18232.95
edge:declared:db.IaUserInvitation:ia_owner	29850.06,16857.58 30164.30,17115.97
edge:declared:db.IaUserInvitation:investment_association	29676.20,16807.45 27521.38,16648.80
edge:declared:db.IaUserInvitationInvitee:_deprecated_individual_partner	31996.71,16682.80 31601.55,17050.57
edge:declared:db.IaUserInvitationInvitee:invitation	31925.36,16643.88 29924.20,16806.50
edge:declared:db.IaUserInvitationInvitee:legal_representative	32049.99,16682.80 32054.04,16996.60
edge:declared:db.IaUserInvitationInvitee:manager	32081.54,16682.80 32627.35,17514.02
edge:declared:db.IaUserInvitationInvitee:partner	32098.36,16682.80 33576.07,18154.96
edge:declared:db.IaWrittenResolutionDocument:meeting	31898.19,19654.37 30061.31,20788.87
edge:declared:db.IaWrittenResolutionDocument:partner	32016.86,19572.37 33546.47,18372.96
edge:declared:db.ImAccessLog:investor_matching	27353.65,11225.34 25881.40,10974.96
edge:declared:db.ImAccessLog:venture_capital	27589.65,11273.57 32357.46,12411.60
edge:declared:db.ImAttachment:investor_matching	28697.54,11212.16 25881.40,10963.36
edge:declared:db.ImAttachmentDownloadLog:attachment	29962.79,11726.56 28914.48,11264.12
edge:declared:db.ImAttachmentDownloadLog:venture_capital	30164.67,11796.29 32357.46,12404.49
edge:declared:db.ImAttachmentPdfEvent:attachment	29803.23,11531.61 28945.54,11262.09
edge:declared:db.ImAttachmentPdfEvent:pdf_event	29907.43,11529.58 29886.48,11486.17
edge:declared:db.ImAttachmentPdfEvent:venture_capital	30048.35,11611.58 32357.46,12393.23
edge:declared:db.ImBrokerAssignment:_deprecated_assigned_companies	26364.00,11703.07 17154.62,12451.08
edge:declared:db.ImBrokerAssignment:assigned_investors	26612.00,11708.62 32357.46,12432.34
edge:declared:db.ImBrokerAssignment:im_broker	26612.00,11719.86 28753.87,12155.53
edge:declared:db.ImBrokerAssignment:investor_matching	26438.58,11644.00 25833.20,11043.81
edge:declared:db.ImBrokerAssignmentInvitedUser:broker_assignment	28178.25,11845.10 26612.00,11704.16
edge:declared:db.ImBrokerAssignmentInvitedUser:venture_capital	28455.25,11877.16 32357.46,12429.48
edge:declared:db.ImConsultingRequest:company	24694.11,9482.77 17154.62,12393.17
edge:declared:db.ImConsultingRequest:investor_matching	24825.83,9482.77 25681.53,10857.81
edge:declared:db.ImContactRequest:investor_matching	27263.64,11514.89 25881.40,11003.36
edge:declared:db.ImContactRequest:venture_capital	27498.43,11577.48 32357.46,12423.48
edge:declared:db.ImContactRequestIntention:im_contact_request	27150.33,11377.17 27323.02,11514.89
edge:declared:db.ImDay:recipients	29514.25,11003.09 29626.89,10837.43
edge:declared:db.ImDay:venture_capitals	29636.26,11101.09 32357.46,12369.11
edge:declared:db.ImDayParticipation:im_day	28881.84,10739.86 29479.64,11003.09
edge:declared:db.ImDayParticipation:investor_matching	28646.56,10701.69 25881.40,10943.17
edge:declared:db.ImDayParticipation:venture_capital	28875.77,10739.86 32357.46,12361.44
edge:declared:db.ImDayParticipationAttachment:participation	28819.87,10282.21 28776.47,10641.86
edge:declared:db.ImDaySurvey:im_day	27708.84,10913.09 29407.10,11042.63
edge:declared:db.ImDaySurvey:investor_matching	27472.84,10909.01 25881.40,10947.39
edge:declared:db.ImDisclosing:investor_matching	26441.88,9787.51 25795.56,10857.81
edge:declared:db.ImInvestorBroker:venture_capital	30731.10,12332.47 32357.46,12443.01
edge:declared:db.ImInvestorMemo:investor_matching	26828.55,11525.15 25881.40,11025.69
edge:declared:db.ImInvestorMemo:venture_capital	27016.72,11580.83 32357.46,12426.39
edge:declared:db.ImIrPartnerBrokerOwnerRelation:im_ir_partner_broker	27485.43,12162.88 27631.20,12117.18
edge:declared:db.ImNote:investor_matching	26211.92,10418.95 25822.02,10857.81
edge:declared:db.ImTag:investor_matching_set	27294.44,10446.09 25881.40,10904.72
edge:declared:db.ImWatching:_deprecated_investor_matching	26153.72,11769.85 25819.04,11043.81
edge:declared:db.ImWatching:company	26048.62,11819.69 17154.62,12453.71
edge:declared:db.ImWatching:venture_capital	26296.62,11823.39 32357.46,12436.35
edge:declared:db.InauguralConsentDocument:director_change_agenda	15312.97,23799.58 14244.85,22884.08
edge:declared:db.IncorporationBenefitRequest:incorporation_request	21394.23,15920.78 21264.27,15953.85
edge:declared:db.IncorporationBenefitRequest:tax_partner	21519.34,15852.35 21561.48,14881.67
edge:declared:db.IncorporationRequest:address	21172.92,16079.89 22650.31,18818.25
edge:declared:db.IncorporationRequest:balance_certificate_account_file	21079.60,16079.89 20314.67,18269.97
edge:declared:db.IncorporationRequest:balance_certificate_account_holder	21185.81,16079.89 22054.27,17397.35
edge:declared:db.IncorporationRequest:company	20992.02,15869.89 17154.62,12627.07
edge:declared:db.IncorporationRequest:company_question_thread	20989.16,15869.89 19195.90,14388.59
edge:declared:db.IncorporationRequestAoiFile:incorporation_request	21333.11,15809.19 21253.68,15869.89
edge:declared:db.IncorporationRequestAssistance:incorporation_request	21501.80,16286.86 21246.03,16079.89
edge:declared:db.IncorporationRequestAssistance:legal_partner	21552.83,16286.86 21565.58,14881.67
edge:declared:db.IncorporationRequestAssistanceReceipt:incorporation_request_assistance	21233.76,17122.46 21536.02,16368.86
edge:declared:db.IncorporationRequestDirector:address	22199.13,18547.63 22563.75,18825.78
edge:declared:db.IncorporationRequestDirector:incorporation_request	22135.53,18473.63 21159.10,16079.89
edge:declared:db.IncorporationRequestPromoter:address	22107.23,17495.35 22665.00,18818.25
edge:declared:db.IncorporationRequestPromoterCustodian:address	22405.37,17337.33 22693.57,18818.25
edge:declared:db.IncorporationRequestPromoterCustodian:promoter	22302.93,17337.33 22183.81,17397.35
edge:declared:db.IncorporationRequestPromoterInstitutionCeo:promoter	22161.60,17199.27 22101.45,17397.35
edge:declared:db.IncorporationRequestPurpose:incorporation_request	20793.13,16053.58 20968.27,16010.93
edge:declared:db.IndividualInvestorCompanyCeo:company_info	25144.15,22006.65 25356.26,24020.02
edge:declared:db.IndividualInvestorCompanyInfo:address	25339.40,24020.02 22782.30,19068.25
edge:declared:db.IndividualInvestorCompanyInfo:company	25482.96,24102.02 28359.57,25065.74
edge:declared:db.IndividualInvestorCompanyName:non_unified_share_company	30256.29,25143.51 28619.57,25111.81
edge:declared:db.IndividualInvestorCompanyParValue:non_unified_share_company	27921.85,25152.61 28359.57,25119.21
edge:declared:db.IndividualInvestorCompanyShareClass:non_unified_share_company	28392.51,27213.61 28486.57,25174.29
edge:declared:db.IndividualInvestorCompanyShareStock:_deprecated_non_unified_stock_create_request	28046.57,26569.55 27811.12,28036.38
edge:declared:db.IndividualInvestorCompanyShareStock:_deprecated_stock_unissued_confirmation_file	28053.04,26569.55 27979.15,29156.25
edge:declared:db.IndividualInvestorCompanyShareStock:management_history	27887.94,26566.14 27295.79,26728.29
edge:declared:db.IndividualInvestorCompanyShareStock:non_unified_share_company	28069.55,26471.55 28469.53,25174.29
edge:declared:db.IndividualInvestorCompanyShareStock:share_class	28077.02,26569.55 28373.75,27213.61
edge:declared:db.IndividualInvestorEvent:company	31870.14,27948.39 28566.97,25174.29
edge:declared:db.IndividualInvestorStakeholder:address	25976.82,22189.75 22848.30,19068.25
edge:declared:db.IndividualInvestorStakeholder:company	26053.12,22271.75 28433.76,25044.29
edge:declared:db.IndividualInvestorUser:address	23828.32,20218.26 22826.63,19068.25
edge:declared:db.IndividualStockOption:company	27167.64,23233.43 28443.76,25044.29
edge:declared:db.IndividualStockOption:create_request	27257.47,23149.46 27819.50,23032.84
edge:declared:db.IndividualStockOption:grantee	27111.86,23119.43 26842.91,22137.34
edge:declared:db.IndividualStockOptionCreateRequestEtcFile:create_request	28663.78,22974.77 28133.50,22994.44
edge:declared:db.IndividualStockOptionGrantContract:individual_stock_option	26858.60,22886.43 27074.62,23119.43
edge:declared:db.IndividualStockOptionGrantee:stakeholder	26701.78,22087.26 26154.91,22202.00
edge:declared:db.IndividualStockOptionResumeEvent:pause_event	29336.19,29352.56 28775.31,27312.26
edge:declared:db.IndividualStockOptionSalesIntent:individual_stock_option	29511.75,23102.10 27257.47,23172.38
edge:declared:db.IndividualStockOptionVesting:individual_stock_option	27651.64,23542.36 27209.12,23233.43
edge:declared:db.IndividualStockOptionVestingItem:individual_stock_option_vesting	27781.35,23405.21 27720.94,23542.36
edge:declared:db.IndividualStockOptionVestingTraceable:individual_stock_option	27420.31,22840.59 27177.17,23119.43
edge:declared:db.InputSignupChannel:input_channel	24175.34,15114.74 24477.64,15270.73
edge:declared:db.InstitutionStakeholderManager:institution_stakeholder	12735.23,21567.98 12752.04,21198.17
edge:declared:db.InternetRegistryOfficeOtp:company	17638.11,16237.67 17003.37,12683.51
edge:declared:db.InternetRegistryOfficeOtp:director	17586.06,16319.67 17512.99,16370.13
edge:declared:db.InternetRegistryOfficeOtpReturnRequest:internet_registry_office_otp	22018.21,19962.24 17694.10,16319.67
edge:declared:db.InternetRegistryOfficeOtpReturnRequest:recipient_address	22085.10,19962.24 22640.14,19068.25
edge:declared:db.InvestmentAgreement:document	18042.68,16005.19 18491.03,15415.32
edge:declared:db.InvestmentAgreement:stakeholder	17954.52,16079.19 12852.68,19223.06
edge:declared:db.InvestmentAgreementDocument:company	18592.55,15317.32 17088.54,12683.51
edge:declared:db.InvestmentAgreementDocument:pdf_file	18645.94,15415.32 20126.34,18269.97
edge:declared:db.InvestmentAssociation:venture_capital	27521.38,16512.99 32357.46,12604.24
edge:declared:db.InvestmentAssociationDocument:investment_association	30986.28,19262.24 27521.38,16749.16
edge:declared:db.InvestmentAssociationEvent:investment_association	29237.77,17616.12 27521.38,16718.04
edge:declared:db.InvestmentAssociationIndividualPartnerLegalRepresentative:ward	31856.52,17056.69 31731.50,17071.28
edge:declared:db.InvestmentAssociationOrganizationPartnerCeo:organization_partner	33190.49,16828.83 32917.51,16857.27
edge:declared:db.InvestmentAssociationOrganizationPartnerCorporationSignerCeo:corporation	33187.27,14974.87 33120.14,14920.73
edge:declared:db.InvestmentAssociationOrganizationPartnerManager:organization_partner	30531.75,15493.46 32657.90,16827.18
edge:declared:db.InvestmentAssociationOrganizationPartnerSigner:_deprecated_manager	32381.09,15142.34 30670.77,15423.87
edge:declared:db.InvestmentAssociationOrganizationPartnerSigner:organization_partner	32583.09,15154.75 32731.66,16827.18
edge:declared:db.InvestmentAssociationPartner:address	33528.48,18272.63 22871.75,18861.36
edge:declared:db.InvestmentAssociationPartner:investment_association	33528.48,18223.54 27521.38,16677.19
edge:declared:db.InvestmentAssociationPartnerManager:partner	32704.94,17588.02 33528.48,18155.73
edge:declared:db.InvestmentAssociationPartnerResume:partner	34756.05,16751.80 33762.65,18154.96
edge:declared:db.InvestmentAssociationPartnerResume:signer	34728.63,16669.80 32641.09,15154.75
edge:declared:db.InvestmentAssociationPartnerResumeItem:resume	34894.65,16384.37 34798.88,16669.80
edge:declared:db.InvestmentAssociationPartnerSalesIntent:partner	31946.11,21784.40 33631.63,18372.96
edge:declared:db.InvestmentAssociationShare:investment_association	29992.08,17482.16 27521.38,16687.03
edge:declared:db.InvestmentAssociationShare:partner	30227.05,17544.24 33528.48,18231.29
edge:declared:db.InvestmentRound:company	16919.41,10720.50 16959.00,12249.51
edge:declared:db.InvestmentRoundNewIssueEvent:investment_round	17051.08,10319.79 16933.48,10638.50
edge:declared:db.InvestmentRoundNewIssueEvent:new_issue_event	17061.51,10245.79 17016.72,9731.32
edge:declared:db.InvestmentSimulation:company	16784.78,6658.09 16957.90,12249.51
edge:declared:db.InvestmentSimulationInitialOption:option_grantee	13678.32,6684.49 13998.29,6777.98
edge:declared:db.InvestmentSimulationInitialOptionGrantee:simulation	14303.92,6801.39 16659.39,6622.51
edge:declared:db.InvestmentSimulationInitialShareholder:simulation	12759.37,6005.71 16659.39,6594.37
edge:declared:db.InvestmentSimulationInitialStock:shareholder	11230.56,4013.06 12565.78,5943.35
edge:declared:db.InvestmentSimulationInvestor:simulation_round	18462.65,3990.83 15719.43,6339.40
edge:declared:db.InvestmentSimulationNewIssueInvestment:investor	18148.56,5392.95 18500.26,3990.83
edge:declared:db.InvestmentSimulationPurchaseInvestment:investor	20670.15,5638.31 18562.98,3990.83
edge:declared:db.InvestmentSimulationPurchaseSellStock:seller	20970.64,5233.09 20738.65,5638.31
edge:declared:db.InvestmentSimulationRound:simulation	15794.21,6401.63 16659.39,6586.58
edge:declared:db.InvestorInterest:venture_capital	33641.24,13520.21 32725.46,12633.65
edge:declared:db.InvestorMatching:_deprecated_excluded_companies	25597.40,10975.34 17154.62,12433.69
edge:declared:db.InvestorMatching:excluded_investors	25881.40,10982.22 32357.46,12414.82
edge:declared:db.InvestorRelations:previous_investors	27457.25,7713.18 32357.46,12283.89
edge:declared:db.InvestorRelationsSurvey:_deprecated_preferred_investors	31017.66,10539.71 32378.41,12250.52
edge:declared:db.InvestorRelationsSurvey:investor_relations	30941.71,10465.71 27472.95,7706.67
edge:declared:db.InvitationSeat:allocated_seat	11673.42,13488.41 11343.25,13415.73
edge:declared:db.InvitationSeat:invitation_seat_request	11805.53,13477.38 12626.35,11325.38
edge:declared:db.InvitationSeatRequest:company	12765.99,11318.29 16774.62,12414.55
edge:declared:db.IrAiAnalysis:investor_relations	27852.61,7156.64 27472.95,7460.80
edge:declared:db.IrAiAnalysisLike:ai_analysis	28242.03,6723.17 27930.82,7082.64
edge:declared:db.IrAiSummary:investor_relations	28442.93,7300.65 27472.95,7545.33
edge:declared:db.IrAlert:ir_set	30491.49,9473.95 27472.95,7675.91
edge:declared:db.IrAlert:venture_capital	30587.94,9555.95 32403.35,12250.52
edge:declared:db.IrAlertInvestorRelations:investor_relations	29734.98,9191.77 27472.95,7686.65
edge:declared:db.IrAlertInvestorRelations:ir_alert	29890.11,9265.77 30450.05,9473.95
edge:declared:db.IrApproval:investor_relations	27395.85,7090.63 27339.05,7455.18
edge:declared:db.IrApprovalNotificationDismiss:ir_approval	27480.29,6753.53 27411.32,7016.63
edge:declared:db.IrBrokerActivity:investor_relations	27728.75,9091.95 27352.12,7713.18
edge:declared:db.IrBrokerActivity:vc_user_relations	27781.53,9165.95 29605.31,10747.43
edge:declared:db.IrClosing:investor_relations	29027.06,6747.18 27472.95,7508.72
edge:declared:db.IrCommittedInvestmentAmount:investor_relations	30200.31,10053.18 27469.49,7713.18
edge:declared:db.IrCommittedInvestmentAmount:venture_capital	30279.44,10127.18 32357.46,12266.13
edge:declared:db.IrCompanyCreate:company	18270.12,10119.14 17086.48,12249.51
edge:declared:db.IrFeed:investor_relations	26936.76,8202.32 27239.19,7713.18
edge:declared:db.IrFeedAccessLog:ir_feeds	27350.81,8128.38 27032.94,8213.94
edge:declared:db.IrFeedAccessLog:venture_capital	27511.80,8133.62 32357.46,12304.06
edge:declared:db.IrFeedRating:ir_feed	26747.84,7588.32 26897.94,8202.32
edge:declared:db.IrFundRaising:investor_relations	31188.37,7580.05 27472.95,7584.02
edge:declared:db.IrFundRaising:venture_capital	31323.71,7624.92 32489.78,12250.52
edge:declared:db.IrFundRaisingMemo:fund_raising	30726.64,7814.21 31199.87,7624.92
edge:declared:db.IrFundRaisingStageLog:fund_raising	30852.05,5291.39 31303.32,7534.92
edge:declared:db.IrInsightClub:pitching_day_hall	31064.50,8810.72 30906.43,8766.08
edge:declared:db.IrInsightClub:venture_capitals	31203.87,8886.73 32464.63,12250.52
edge:declared:db.IrInsightClubParticipation:investor_relations	30477.47,8056.74 27472.95,7607.22
edge:declared:db.IrInsightClubParticipation:ir_insight_club	30640.97,8121.12 31157.52,8804.73
edge:declared:db.IrInsightClubParticipationAttendee:ir_insight_club_participation	30323.72,7756.06 30567.15,8031.12
edge:declared:db.IrInsightClubSurvey:ir_insight_club_participation	30876.12,8129.72 30736.47,8101.91
edge:declared:db.IrInvestorFeedback:venture_capital	32639.52,12737.70 32612.70,12660.52
edge:declared:db.IrNote:investor_relations	28717.38,7429.31 27472.95,7567.12
edge:declared:db.IrSearchMetadata:investor_relations	28540.03,8074.85 27472.95,7646.06
edge:declared:db.IrSubscription:company	15420.85,8098.02 16888.67,12249.51
edge:declared:db.IrSubscriptionMarketingRequest:ir_subscription	15621.49,7978.77 15503.91,8024.02
edge:declared:db.IrTeamMember:investor_relations	28717.38,7536.28 27472.95,7578.91
edge:declared:db.IrTranscript:investor_relations	28425.38,7642.07 27472.95,7592.24
edge:declared:db.IrosOtpIssueMeetingDocument:stakeholder	12443.11,22543.81 12674.80,19481.54
edge:declared:db.LawtalkSignup:company	18367.68,15878.56 17053.85,12683.51
edge:declared:db.LawtalkSignupAttachment:lawtalk_signup	19087.72,17059.89 18405.68,15952.56
edge:declared:db.LedgerByCustomerDocument:new_issue	17806.07,23425.52 17110.06,22445.97
edge:declared:db.LegalPartner:address_for_express_delivery	21720.71,14663.88 22312.62,14307.22
edge:declared:db.LegalPartner:logo	21522.22,14881.67 20316.12,18269.97
edge:declared:db.LegalPartnerEmail:legal_partner	21883.78,14277.17 21652.15,14631.67
edge:declared:db.LegalPartnerPaypleSettings:legal_partner	22166.94,15350.88 21692.98,14881.67
edge:declared:db.LegalPartnerRegistrationAssistanceSettings:legal_partner	21755.33,16130.38 21583.87,14881.67
edge:declared:db.LegalPartnerSignupChannel:legal_partner	22564.99,14804.88 21720.71,14760.66
edge:declared:db.LegalPartnerSlackChannels:legal_partner	22165.20,15775.73 21640.12,14881.67
edge:declared:db.LegalPartnerUserRelation:legal_partner	22080.92,15932.31 21621.38,14881.67
edge:declared:db.ManualOptionVestingItem:manual_option_vesting	15798.41,18730.99 15881.85,18627.34
edge:declared:db.Meeting:company	17830.51,17463.80 17002.22,12683.51
edge:declared:db.Meeting:electronic_signature_selected_ceo	17805.17,17463.80 17435.74,16516.13
edge:declared:db.Meeting:employee_attorney	17998.78,17532.35 18092.94,17501.52
edge:declared:db.Meeting:meeting_draft	17828.96,17697.80 17323.94,20405.34
edge:declared:db.Meeting:new_articles_of_incorporation_file	17998.78,17594.40 20048.87,18417.48
edge:declared:db.Meeting:new_corporate_registration	17911.57,17463.80 18934.60,15660.65
edge:declared:db.MeetingAttachment:meeting	18580.96,17659.11 17998.78,17546.89
edge:declared:db.MeetingDirectorContact:meeting	16094.98,17959.50 17702.78,17626.22
edge:declared:db.MeetingDirectorContact:stakeholder	15886.79,18020.96 12852.68,19265.70
edge:declared:db.MeetingDocument:directors_meeting	16112.59,25879.48 16563.43,20257.00
edge:declared:db.MeetingDocument:meeting	16137.46,25879.48 17826.63,17697.80
edge:declared:db.MeetingDocument:shareholders_meeting	16138.37,25879.48 16793.07,22777.48
edge:declared:db.MeetingDocumentCache:meeting_document	19623.64,26827.72 16274.79,26118.00
edge:declared:db.MeetingDocumentGeneration:meeting	20274.87,21087.79 17931.66,17697.80
edge:declared:db.MeetingDocumentGenerationItem:meeting_document	21128.32,26361.91 16274.79,26086.08
edge:declared:db.MeetingDocumentGenerationItem:meeting_document_generation	21256.03,26332.55 20306.96,21161.79
edge:declared:db.MeetingDocumentManualModification:meeting_document	19121.94,28432.65 16274.79,26215.12
edge:declared:db.MeetingDraft:company	17290.94,20405.34 16973.54,12683.51
edge:declared:db.MeetingDraftAgendaDirectorChange:meeting_draft	15328.16,20374.22 17136.90,20532.18
edge:declared:db.MeetingDraftAgendaDirectorChange:stakeholder	15089.33,20324.16 12852.68,19397.71
edge:declared:db.MeetingDraftAgendaDirectorCompensation:meeting_draft	15246.93,19587.76 17136.90,20473.89
edge:declared:db.MeetingDraftAgendaDirectorCompensationItem:director_compensation	14365.06,19659.09 14996.51,19573.90
edge:declared:db.MeetingDraftAgendaDirectorCompensationItem:stakeholder	14022.16,19647.72 12852.68,19364.71
edge:declared:db.MeetingDraftRegistrationAssistance:meeting_draft	17097.08,19990.08 17245.18,20405.34
edge:declared:db.MeetingDraftSchedule:meeting_draft	16848.69,20423.87 17136.90,20505.19
edge:declared:db.MembershipContentAccessLog:membership_content	4155.29,4545.81 4572.84,5002.71
edge:declared:db.MembershipContentAuthorRelation:author	25366.27,25502.69 25239.58,25321.00
edge:declared:db.MiraeassetAccount:relation	10626.35,11983.35 10945.07,12352.54
edge:declared:db.MnaBuyer:company	15042.85,8118.00 16868.72,12249.51
edge:declared:db.MnaBuyerAttachment:mna_buyer	14457.69,8370.43 14953.78,8118.00
edge:declared:db.ModusignApiLog:modusign_account	21466.05,20066.02 21433.26,20383.88
edge:declared:db.ModusignAuthentication:modusign_account	21305.88,20187.44 21403.79,20383.88
edge:declared:db.ModusignCompanyUserConnection:company	23679.08,9488.01 17154.62,12382.23
edge:declared:db.ModusignDocument:_option_grant_contract	22398.62,20564.89 20477.45,19049.34
edge:declared:db.ModusignDocument:audit_trail_file	22416.43,20564.89 20428.87,18667.99
edge:declared:db.ModusignDocumentActionHistory:modusign_document	22767.67,20536.73 22637.30,20590.16
edge:declared:db.ModusignDocumentActionHistory:modusign_document_participant	22854.17,20462.73 22737.91,20217.13
edge:declared:db.ModusignDocumentModusignAccountRelation:modusign_account	21662.31,20336.33 21547.01,20383.88
edge:declared:db.ModusignDocumentModusignAccountRelation:modusign_document	21833.82,20336.33 22365.30,20582.82
edge:declared:db.ModusignDocumentModusignApiKeyRelation:modusign_api_key	22007.62,20853.06 21883.68,21022.47
edge:declared:db.ModusignDocumentModusignApiKeyRelation:modusign_document	22128.05,20779.06 22365.30,20694.41
edge:declared:db.ModusignDocumentParticipant:modusign_document	22701.88,20217.13 22539.19,20564.89
edge:declared:db.ModusignEmbeddedDraft:modusign_account	21931.67,21834.87 21445.80,20481.88
edge:declared:db.ModusignEmbeddedDraft:modusign_api_key	21944.68,21834.87 21860.81,21096.47
edge:declared:db.ModusignEmbeddedDraft:modusign_document	21974.19,21834.87 22465.39,20726.89
edge:declared:db.ModusignExceededSignings:company	21358.91,8437.10 17154.62,12292.29
edge:declared:db.ModusignIaUserConnection:investment_association	27737.85,15850.23 27429.97,16504.46
edge:declared:db.NaverWorkplaceEmployee:naver_workplace_company	24788.93,14953.88 24902.06,15026.81
edge:declared:db.NcpSignupChannel:naver_workplace_company	24750.85,15044.07 24841.45,15052.64
edge:declared:db.NewIssueNoticeEmail:new_issue	14968.96,20854.84 16931.88,22275.97
edge:declared:db.NewIssueNoticeEmailRecipient:bulk_email_recipient	15243.47,20484.35 17772.10,19178.66
edge:declared:db.NewIssueNoticeEmailRecipient:email	15128.29,20566.35 14948.11,20772.84
edge:declared:db.NewIssueNoticeEmailRecipient:shareholder	15127.62,20566.35 13261.00,22666.06
edge:declared:db.NewIssueSkipNoticeDocument:new_issue_agenda	16417.49,24629.20 17026.58,22445.97
edge:declared:db.NewIssueSkipNoticeDocument:shareholder	16338.33,24629.20 13310.57,22796.06
edge:declared:db.NewIssueStockAcceptanceDocument:new_issue_item	18412.61,26011.25 19353.13,25486.88
edge:declared:db.NewIssueStockAllocationDocument:bonus_issue_agenda	18302.13,23847.48 18170.15,20328.58
edge:declared:db.NewIssueStockAllocationDocument:new_issue_agenda	18270.03,23847.48 17120.04,22445.97
edge:declared:db.NewIssueStockAllocationRecordDateNoticeDocument:bonus_issue_agenda	20115.43,23850.47 18206.97,20328.58
edge:declared:db.NewIssueStockSubscriptionDocument:new_issue_item	18298.85,25162.60 19339.72,25393.09
edge:declared:db.NewIssueStockUnissuedConfirmationDocument:new_issue_item	18725.60,25408.64 19339.72,25419.57
edge:declared:db.NonUnifiedShareCreateRequest:stock_unissued_confirmation_file	27810.89,28126.38 27970.87,29156.25
edge:declared:db.NonUnifiedShareEtcFile:create_request	27606.33,27333.33 27792.02,28036.38
edge:declared:db.NonUnifiedShareEtcFile:management_history	27564.43,27259.33 27186.31,26823.87
edge:declared:db.NonUnifiedShareManagement:non_unified_share_company	27980.73,25520.91 28409.22,25174.29
edge:declared:db.NonUnifiedShareManagementHistory:create_request	27167.13,26823.87 27781.11,28036.38
edge:declared:db.NonUnifiedShareManagementHistory:management	27174.81,26717.87 27895.79,25610.91
edge:declared:db.NonUnifiedShareManagementHistory:renew_request	26984.79,26720.76 26136.61,26447.45
edge:declared:db.NonUnifiedShareManagementHistory:stock_unissued_confirmation_file	27158.56,26823.87 27962.35,29156.25
edge:declared:db.NonUnifiedShareManagementSalesIntent:non_unified_share_management	28851.96,24889.49 27986.76,25520.91
edge:declared:db.NonUnifiedShareSucPoaDocument:modusign_document	23847.30,21648.15 23367.12,21064.30
edge:declared:db.NonUnifiedShareSucPoaDocument:request	23899.43,21730.15 25976.76,26357.45
edge:declared:db.NonUnifiedShareSucPoaDocument:user_address	23863.65,21648.15 22770.70,19068.25
edge:declared:db.NonUnifiedShareSucRenewRequest:management	26100.68,26357.45 27821.38,25610.91
edge:declared:db.NonUnifiedShareSucRenewRequest:renew_stock_unissued_confirmation_file	26028.81,26447.45 27946.01,29156.25
edge:declared:db.NotarizationPoA:meeting	16592.32,22920.66 16737.61,22777.48
edge:declared:db.NotarizationPoaDirectorSigner:director	15961.69,22802.68 15414.77,22766.59
edge:declared:db.NotarizationPoaDirectorSigner:notarization_poa	16208.22,22848.55 16426.71,22920.71
edge:declared:db.NotarizationPoaShareholderSigner:notarization_poa	16994.60,23036.10 16674.71,22982.45
edge:declared:db.NotarizationPoaShareholderSigner:shareholder	17285.60,23093.64 17504.06,23143.40
edge:declared:db.Notification:company	16251.74,9584.34 16910.95,12249.51
edge:declared:db.NotificationInbox:notification	16222.07,9391.91 16237.71,9510.34
edge:declared:db.Option:company	17525.72,17313.47 16989.74,12683.51
edge:declared:db.Option:grantee	17480.56,17403.47 15563.86,19127.94
edge:declared:db.Option:sealed_contract_file	17638.91,17403.47 20048.87,18407.79
edge:declared:db.Option:source_meeting	17595.67,17403.47 17702.78,17477.93
edge:declared:db.OptionAdjustment:event	16596.29,16064.61 16675.09,16779.43
edge:declared:db.OptionContractTemplatePermission:company	20155.15,9959.72 17154.62,12312.55
edge:declared:db.OptionExerciseClaim:company	13674.82,17740.11 16828.95,12683.51
edge:declared:db.OptionExerciseClaim:financial_account	13638.09,17740.11 13687.54,16895.56
edge:declared:db.OptionExerciseClaimAttachment:attachment_setting_item	14667.42,17510.38 14664.98,17411.32
edge:declared:db.OptionExerciseClaimAttachment:option_exercise_claim	14527.93,17585.85 13764.28,17773.21
edge:declared:db.OptionExerciseClaimCandidate:option_exercise_claim	14057.30,17661.98 13764.28,17758.28
edge:declared:db.OptionExerciseClaimCandidate:option_exercise_management	14220.90,17571.98 15070.02,16139.59
edge:declared:db.OptionExerciseClaimCandidate:option_grantee	14231.74,17661.98 15453.02,19127.94
edge:declared:db.OptionExerciseClaimCandidate:stock_subscription_file	14331.22,17636.67 20048.87,18458.45
edge:declared:db.OptionExerciseClaimDocumentSetting:management	15021.68,16674.74 15102.56,16139.59
edge:declared:db.OptionExerciseClaimEventRelation:_deprecated_payment	13719.75,18204.61 13890.28,18148.02
edge:declared:db.OptionExerciseClaimEventRelation:claim	13599.74,18204.61 13628.66,17870.11
edge:declared:db.OptionExerciseClaimEventRelation:event	13591.01,18286.61 13581.39,18362.66
edge:declared:db.OptionExerciseClaimMeetingDocument:exercise_claim	14940.13,21535.28 14870.47,21461.42
edge:declared:db.OptionExerciseClaimMeetingDocument:grantee	15033.92,21535.28 15184.85,21423.03
edge:declared:db.OptionExerciseClaimOption:option_exercise_claim	13868.18,17818.89 13764.28,17812.77
edge:declared:db.OptionExerciseClaimOptionTaxation:_deprecated_claim	14000.54,17937.62 13764.28,17852.14
edge:declared:db.OptionExerciseClaimOptionTaxation:claim_option	14066.38,17937.62 14015.68,17869.40
edge:declared:db.OptionExerciseClaimPayment:option_exercise_claim	13957.33,18074.02 13712.37,17870.11
edge:declared:db.OptionExerciseManagement:company	15145.75,16009.59 16853.22,12683.51
edge:declared:db.OptionExerciseManagement:excluded_institution_set	14982.38,16125.09 13829.58,16571.35
edge:declared:db.OptionExerciseManagementAttachmentSetting:management	14226.14,17356.52 15067.44,16139.59
edge:declared:db.OptionExerciseManagementAttachmentSettingItem:setting	14466.07,17382.52 14383.06,17385.96
edge:declared:db.OptionExerciseManagementCommonSetting:management	15435.78,16297.14 15206.84,16139.59
edge:declared:db.OptionExerciseManagementEmail:option_exercise_management	15329.59,16468.66 15148.21,16139.59
edge:declared:db.OptionExerciseManagementPaymentBankSetting:company	14975.93,12380.31 16774.62,12458.27
edge:declared:db.OptionExerciseManagementReminderSetting:management	15335.51,16017.64 15242.38,16041.41
edge:declared:db.OptionExerciseManagementTaxation:management	14864.18,16087.12 14982.38,16081.15
edge:declared:db.OptionExerciseManagementTaxationDefaultSetting:company	18556.30,12277.38 17154.62,12442.23
edge:declared:db.OptionGrantContract:_deprecated_template	20384.78,18935.34 19427.67,16226.30
edge:declared:db.OptionGrantContract:_grantee	20274.97,18998.43 16016.26,19187.59
edge:declared:db.OptionGrantContract:contract_file	20386.24,18935.34 20310.19,18703.97
edge:declared:db.OptionGrantContract:template_revision	20397.57,18935.34 20104.97,16682.06
edge:declared:db.OptionGrantContractModusignDocument:option_grant_contract	21038.40,19523.57 20471.54,19049.34
edge:declared:db.OptionGrantContractModusignEmbeddedDraft:option_grant_contract	21298.25,20876.42 20430.40,19049.34
edge:declared:db.OptionGrantContractStakeholder:company	19180.50,15320.03 17133.13,12683.51
edge:declared:db.OptionGrantContractTemplate:_deprecated_stakeholder	19396.53,16120.30 19233.93,15426.03
edge:declared:db.OptionGrantContractTemplate:company	19373.99,16120.30 17107.50,12683.51
edge:declared:db.OptionGrantContractTemplateDraft:company	18602.55,14574.10 17134.75,12683.51
edge:declared:db.OptionGrantContractTemplateDraft:stakeholder_set	18659.97,14648.10 19180.92,15320.03
edge:declared:db.OptionGrantContractTemplateRevision:stakeholder_set	20067.89,16592.06 19258.45,15426.03
edge:declared:db.OptionGrantContractTemplateRevision:template	20032.16,16592.06 19487.82,16226.30
edge:declared:db.OptionGrantEvent:_deprecated_grantee	16169.84,18604.58 15566.25,19127.94
edge:declared:db.OptionGrantEvent:share_class	16281.93,18506.58 16538.09,18280.77
edge:declared:db.OptionManagement:agenda_option_grant	16050.22,19419.88 16490.99,19575.12
edge:declared:db.OptionManagementStakeholderSeat:option_management	15582.71,19350.38 15827.17,19372.30
edge:declared:db.OptionManagementStakeholderSeat:stakeholder_seat	15298.71,19338.60 11793.19,19362.09
edge:declared:db.OptionResumeEvent:pause_event	30177.09,4403.05 30081.98,4503.89
edge:declared:db.OptionTag:category	15611.33,14311.12 15699.81,14186.31
edge:declared:db.OptionTag:company	15613.62,14311.12 16805.95,12683.51
edge:declared:db.OptionTagCategory:company	15753.28,14112.31 16805.15,12683.51
edge:declared:db.OptionTaxCalculatorSetting:company	23675.74,9604.01 17154.62,12385.47
edge:declared:db.OptionValueChange:company	16584.12,10239.69 16927.54,12249.51
edge:declared:db.OptionValueChange:investment_round	16604.23,10239.69 16889.07,10638.50
edge:declared:db.OptionVesting:_deprecated_grant_event	16015.96,18447.59 16130.88,18506.58
edge:declared:db.Order:seal_card	6684.15,8304.73 5310.99,8386.44
edge:declared:db.OrderPromotionRelation:order	7703.23,9590.58 6842.06,8346.35
edge:declared:db.OrderPromotionRelation:promotion	7753.60,9590.58 8146.02,9004.12
edge:declared:db.OrderStaffInChargeRelation:order	6656.86,6785.83 6803.25,8248.35
edge:declared:db.OrderStaffInChargeRelation:staff_in_charge	6526.16,6758.42 5898.24,6805.86
edge:declared:db.OrderStatusHistory:order	5934.79,9962.89 6782.46,8346.35
edge:declared:db.OrganizationChart:company	14336.64,13387.71 16774.62,12530.99
edge:declared:db.OtherDocumentArchive:company	19454.25,16348.89 17103.78,12683.51
edge:declared:db.OtherDocumentArchiveAttachment:other_document_archive	19906.11,17031.57 19502.51,16422.89
edge:declared:db.OwnerRole:company	12497.46,11149.05 16774.62,12410.53
edge:declared:db.OwnerRolePermissionRelation:owner_permission	11854.93,10680.02 11639.39,10594.96
edge:declared:db.OwnerRolePermissionRelation:owner_role	11987.87,10754.02 12320.75,11063.48
edge:declared:db.Payment:_company	20394.71,13394.97 17154.62,12517.94
edge:declared:db.Payment:app_card	20609.51,13487.16 20747.73,13580.06
edge:declared:db.Payment:charge	20419.08,13487.16 20269.41,13567.92
edge:declared:db.Payment:credit_card	20654.71,13427.93 22822.84,13390.75
edge:declared:db.Payment:purchase	20654.71,13466.77 21750.88,13775.49
edge:declared:db.PaymentLink:payment_store	23376.96,13264.83 22792.20,14043.05
edge:declared:db.PaymentLink:question_threads	23286.77,13196.02 20615.29,12683.00
edge:declared:db.PaymentRefund:payment	20821.74,13373.82 20654.71,13405.50
edge:declared:db.PaymentRefund:payment_status_history	20901.02,13314.44 20857.05,13272.42
edge:declared:db.PaymentStatusHistory:payment	20762.54,13272.42 20610.65,13373.16
edge:declared:db.PaymentStore:legal_partner	22678.19,14133.05 21720.71,14670.26
edge:declared:db.Payroll:company	9073.81,4961.99 16774.62,12287.00
edge:declared:db.Payroll:setting	9008.06,4961.99 8823.74,11882.91
edge:declared:db.PayrollAnnualSalaryInfo:employee	11340.77,15050.64 11500.96,15048.11
edge:declared:db.PayrollAnnualSalaryItem:item_setting_relation	11098.36,14776.67 10218.64,13144.61
edge:declared:db.PayrollAnnualSalaryItem:payroll_annual_salary_info	11134.49,14850.67 11206.59,15015.50
edge:declared:db.PayrollDocumentSealStampSetting:_deprecated_ceo	17076.11,15105.19 17389.21,16370.13
edge:declared:db.PayrollDocumentSealStampSetting:company	17064.36,15023.19 16973.09,12683.51
edge:declared:db.PayrollDocumentSealStampSetting:seal_stamp	17082.60,15105.19 17291.47,15619.95
edge:declared:db.PayrollEmployeeMonthlyWage:hrm_emp	8535.93,18527.56 8739.72,18277.71
edge:declared:db.PayrollLedger:company	13676.56,15054.79 16774.62,12616.07
edge:declared:db.PayrollLedgerAttachment:payroll_ldeger	13251.07,14766.85 13553.55,15054.79
edge:declared:db.PayrollLedgerFile:payroll_ledger	13542.84,14759.97 13599.11,15054.79
edge:declared:db.PayrollLedgerFileModificationRequest:payroll_ledger_file	13837.94,14581.58 13614.85,14685.97
edge:declared:db.PayrollLedgerItemSettingRelation:ledger_item	10137.90,13054.61 8913.75,12079.40
edge:declared:db.PayrollLedgerItemSettingRelation:setting	10144.44,13054.61 8934.91,11964.91
edge:declared:db.PayrollManagementRelation:payroll	10948.83,7173.09 9061.74,4961.99
edge:declared:db.PayrollSetting:ledger_item_set	8815.41,11964.91 8802.91,12029.51
edge:declared:db.PayrollSettlement:company_question_thread_set	13673.61,9636.67 18984.81,14210.59
edge:declared:db.PayrollSettlement:payroll	13585.19,9554.67 9069.66,4961.99
edge:declared:db.PayrollSettlementAutoCreation:payroll	10868.81,7788.91 9048.95,4961.99
edge:declared:db.PayrollSettlementAutoCreation:payroll_question_help_template	10871.52,7862.91 10202.45,9035.46
edge:declared:db.PayrollSettlementProgressLog:payroll_settlement	13174.33,9723.51 13502.00,9630.77
edge:declared:db.PayrollSocialInsuranceSetting:hrm	5333.07,16878.49 5352.90,16256.84
edge:declared:db.PayrollStaffUserRelation:payroll	8718.58,5093.83 8917.60,4961.99
edge:declared:db.PayrollStatement:_deprecated_employee	11804.38,15727.15 11666.89,15146.87
edge:declared:db.PayrollStatement:hrm_emp	11741.47,15849.15 9052.82,17969.09
edge:declared:db.PayrollStatement:payroll_ledger	11948.83,15738.75 13485.23,15154.92
edge:declared:db.PayrollStatementAttendance:payroll_statement	11766.90,16124.25 11809.40,15849.15
edge:declared:db.PayrollStatementDocument:payroll_statement	13100.71,15457.31 11948.83,15754.60
edge:declared:db.PayrollStatementEmail:payroll_ledger	13174.95,17300.92 13596.20,15160.79
edge:declared:db.PayrollStatementEmailRecipient:email	12739.86,18458.52 13148.86,17390.92
edge:declared:db.PayrollStatementEmailRecipient:payroll_statement	12707.87,18458.52 11839.76,15849.15
edge:declared:db.PayrollStatementItem:ledger_item_setting_relation	10796.39,15351.86 10206.41,13144.61
edge:declared:db.PayrollStatementItem:payroll_statement	10900.11,15425.86 11688.83,15736.89
edge:declared:db.PayrollStatementPayrollInformation:payroll_statement	12172.22,15764.99 11948.83,15779.63
edge:declared:db.PayrollStatementScheduledEmail:payroll_statement_email	12785.98,17193.07 13054.19,17300.92
edge:declared:db.PayrollStatementScheduledEmailPeriodicTaskRelation:payroll_statement_scheduled_email	12626.60,17325.14 12641.86,17224.74
edge:declared:db.PeriodicOptionVestingItem:periodic_option_vesting	15607.28,18470.59 15612.92,18526.22
edge:declared:db.PhantomStock:company	11970.96,17122.77 16774.62,12637.33
edge:declared:db.PhantomStock:grantee	11930.62,17220.77 12156.37,18132.18
edge:declared:db.PhantomStockGrantContract:phantom_stock	11694.65,17423.68 11874.94,17220.77
edge:declared:db.PhantomStockResumeEvent:pause_event	16476.86,16360.15 16302.13,16280.53
edge:declared:db.PhantomStockVesting:phantom_stock	11684.27,17645.49 11894.25,17220.77
edge:declared:db.PhantomStockVestingItem:phantom_stock_vesting	11632.55,17934.66 11672.43,17719.49
edge:declared:db.PhantomStockVestingTraceable:phantom_stock	11850.76,17791.99 11913.13,17220.77
edge:declared:db.PhantomStockVestingTraceable:source_vesting_item	11798.16,17865.99 11689.70,17934.66
edge:declared:db.PhoneVerification:phone	9582.71,14002.28 8068.30,12573.25
edge:declared:db.PingpongDelivery:dropoff_address	20282.49,12449.04 22335.06,14217.22
edge:declared:db.PitchingDayHall:assigned_irs	30658.43,8690.01 27472.95,7635.18
edge:declared:db.PitchingDayHallAccessLog:pitching_day_hall	30912.53,8954.36 30808.65,8776.07
edge:declared:db.PitchingDayHallAccessLog:venture_capital	30951.26,9028.36 32446.34,12250.52
edge:declared:db.PitchingDayHallAssignedIrs:investor_relations	29117.86,8001.39 27472.95,7619.90
edge:declared:db.PitchingDayHallAssignedIrs:pitching_day_hall	29326.10,8067.84 30683.62,8686.07
edge:declared:db.PortalMenuVisibilitySetting:company	17647.89,10233.49 17031.02,12249.51
edge:declared:db.PortalSetting:company	22939.43,9697.56 17154.62,12378.08
edge:declared:db.PortfolioCompany:company	27275.26,14283.47 17154.62,12499.99
edge:declared:db.PortfolioCompany:venture_capital	27535.26,14259.53 32357.46,12521.83
edge:declared:db.PortfolioCompanyFund:fund	28468.93,14414.75 29772.66,13708.56
edge:declared:db.PortfolioCompanyFund:portfolio_company	28282.62,14434.52 27535.26,14325.37
edge:declared:db.PortfolioCompanyManager:portfolio_company	27389.74,17586.69 27404.95,14371.38
edge:declared:db.PortfolioCompanyUserRelation:portfolio_company	27537.52,14413.40 27485.59,14371.38
edge:declared:db.PrivacyPolicyLog:privacy_policy	5715.39,29969.49 5725.03,29876.30
edge:declared:db.PromotionAddress:promotion	8103.98,7240.24 8169.35,8930.12
edge:declared:db.PromotionCodeUsageHistory:promotion_code	24309.32,12617.97 24206.78,12411.41
edge:declared:db.PromotionCodeUsageHistory:service_fee_item	24281.11,12691.97 23984.88,12927.26
edge:declared:db.Purchase:_corporate_registration_paid_issue	21750.88,13816.69 20125.43,13811.34
edge:declared:db.Purchase:_credit	21750.88,13820.22 20538.53,13844.99
edge:declared:db.Purchase:_deprecated_payment_store	22046.88,13863.82 22634.39,14048.97
edge:declared:db.Purchase:_incorporation_request	21860.80,13922.18 21154.35,15869.89
edge:declared:db.Purchase:_invitation_seat_request	21750.88,13776.68 12765.99,11318.31
edge:declared:db.Purchase:_meeting	21785.94,13922.18 17976.63,17463.80
edge:declared:db.Purchase:_payment_store_legal_partner	21861.75,13922.18 21610.91,14631.67
edge:declared:db.Purchase:_subscription_payment_request	21853.02,13712.18 21120.56,11790.89
edge:declared:db.Purchase:basket	22006.40,13712.18 22123.56,13597.75
edge:declared:db.Purchase:company	21750.88,13776.66 17154.62,12518.52
edge:declared:db.Purchase:investment_association	22046.88,13893.50 27213.38,16558.04
edge:declared:db.Purchase:service_fee	22046.88,13751.01 22408.37,13589.39
edge:declared:db.Purchase:venture_capital	22046.88,13798.24 32357.46,12479.06
edge:declared:db.PurchaseItem:payment_store	22706.04,13910.81 22745.10,14043.05
edge:declared:db.PurchaseItem:purchase	22577.11,13865.42 22046.88,13827.70
edge:declared:db.PurchaseStatusHistory:purchase	21386.48,13752.04 21750.88,13798.36
edge:declared:db.Purpose:articles_of_incorporation	17863.76,14977.66 17773.55,15296.56
edge:declared:db.Purpose:industrial_code	17871.20,14903.66 17860.32,14771.07
edge:declared:db.QrReplyPasswordReset:request	23399.70,16373.08 23368.10,16647.20
edge:declared:db.QrReplyPasswordResetRequest:reply	23343.91,16721.20 23134.83,17165.19
edge:declared:db.QuarterlyReportRequest:quarterly_report	25963.54,16785.86 26550.87,16049.32
edge:declared:db.QuarterlyReportRequestAttachment:quarterly_report_request	25224.59,17015.40 25757.66,16875.48
edge:declared:db.QuarterlyReportRequestRecipient:email_activity_recipient	27341.47,17398.79 23752.56,23064.19
edge:declared:db.QuarterlyReportRequestRecipient:portfolio_company	27370.84,17308.79 27404.33,14371.38
edge:declared:db.QuarterlyReportRequestRecipient:portfolio_company_manager	27373.54,17398.79 27386.92,17586.69
edge:declared:db.QuarterlyReportRequestRecipient:quarterly_report_request	27273.89,17308.79 26054.42,16875.86
edge:declared:db.QuarterlyReportRequestReportItem:quarterly_report_item	25509.98,16715.43 25482.70,16558.81
edge:declared:db.QuarterlyReportRequestReportItem:quarterly_report_request	25665.92,16753.84 25774.73,16785.86
edge:declared:db.QuarterlyReportSettings:quarterly_report	26469.03,15974.03 26528.60,15979.31
edge:declared:db.QuarterlyReportSignupChannel:portfolio_company	25645.58,14836.28 27275.26,14349.17
edge:declared:db.QuarterlyReportSignupChannel:quarterly_report	25551.36,14918.23 26612.59,15935.32
edge:declared:db.QuestionMessageAttachment:message	21420.01,15069.23 22750.62,11570.67
edge:declared:db.QuestionMessageScheduled:question_thread_message	23041.77,10941.49 22812.95,11424.67
edge:declared:db.QuestionThread:_company	20355.29,12650.46 17154.62,12476.82
edge:declared:db.QuestionThreadAssignment:question_thread	19725.64,12753.81 20355.29,12673.99
edge:declared:db.QuestionThreadMessage:question_thread	22642.38,11566.46 20615.29,12591.76
edge:declared:db.QuestionThreadMessageAccessLog:message	22916.58,11786.30 22813.33,11570.67
edge:declared:db.QuestionThreadMessageCategory:question_thread_message	23600.18,11538.95 22914.38,11504.50
edge:declared:db.QuestionThreadMessagePeriodicTaskRelation:question_message_scheduled	22940.91,10786.67 23022.12,10867.49
edge:declared:db.QuestionThreadMessageProfile:message	23227.58,11238.90 22905.10,11424.67
edge:declared:db.QuestionThreadMessageReminder:message	23600.18,11638.64 22914.38,11521.00
edge:declared:db.QuestionThreadMessageReview:message	23300.23,11740.71 22914.38,11561.01
edge:declared:db.QuestionThreadMessageReviewRequest:message	23608.33,11740.71 22914.38,11537.50
edge:declared:db.QuestionThreadTag:question_thread_set	20525.46,12899.32 20496.75,12726.51
edge:declared:db.RebootProductContactRequest:company	14983.20,12004.41 16774.62,12422.20
edge:declared:db.RegisteredMail:order_status_history	5652.54,10053.28 5789.29,10027.38
edge:declared:db.RegisteredMail:seal_card_return_status_history	5528.13,10038.63 5495.48,9850.15
edge:declared:db.Registration:meeting	15959.97,19491.20 17733.31,17697.80
edge:declared:db.RegistrationAgenda:agenda_ceo_address_change	14301.28,21786.52 14507.83,22110.30
edge:declared:db.RegistrationAgenda:agenda_director_change	14268.89,21786.52 14187.37,22778.08
edge:declared:db.RegistrationAgenda:agenda_option_exercise	14349.74,21786.52 14527.09,21868.88
edge:declared:db.RegistrationAgenda:registration	14305.42,21696.52 15888.85,19573.20
edge:declared:db.RegistrationAssistance:legal_partner	20875.57,16807.56 21524.59,14881.67
edge:declared:db.RegistrationAssistance:meeting	20737.75,16878.72 17998.78,17544.81
edge:declared:db.RegistrationAssistanceReceipt:registration_assistance	20954.10,16931.58 20907.36,16889.56
edge:declared:db.RegistrationCaseReport:company	14982.49,8317.13 16860.96,12249.51
edge:declared:db.RegistrationCaseReport:jurisdiction	14965.25,8317.13 14983.39,9887.00
edge:declared:db.RegistrationCaseReportUpdateLog:company	23672.13,9720.01 17154.62,12388.71
edge:declared:db.RegistrationDirector:registration	16014.32,19647.24 15953.25,19573.20
edge:declared:db.RegistrationFormCaptable:agenda	18656.38,23816.76 17932.76,21522.88
edge:declared:db.RegistrationFormCaptableDocument:captable	17943.88,24524.83 18624.72,23898.76
edge:declared:db.RegistrationFormCaptableNotarizationRequestor:registration_form_captable	18388.32,23645.64 18615.00,23816.76
edge:declared:db.RegistrationFormCaptableNotarizationRequestor:shareholder	18282.59,23571.64 17797.34,23255.10
edge:declared:db.RegistrationFormHeadOfficeInsideRelocationDocument:head_office_relocation_agenda	19474.33,23806.00 18736.19,21719.16
edge:declared:db.RegistrationFormHeadOfficeOutsideRelocationDocument:head_office_relocation_agenda	19516.22,23992.07 18735.62,21719.16
edge:declared:db.RegistrationHelp:company_question_thread	18150.88,16662.11 19052.85,14388.59
edge:declared:db.RegistrationHelp:meeting	18124.22,16736.11 17888.66,17463.80
edge:declared:db.ResignationLetterDocument:director_change_agenda	14798.22,24013.80 14210.58,22884.08
edge:declared:db.RightToConsentOrConsult:company	15598.96,16706.03 16893.93,12683.51
edge:inheritance:db.RsuAdjustEvent->db.Event	16023.52,16576.08 16539.11,16818.77
edge:declared:db.RsuExerciseClaim:company	15133.11,15385.35 16828.46,12683.51
edge:declared:db.RsuExerciseClaim:financial_account	15046.80,15491.35 13739.45,16797.56
edge:declared:db.RsuExerciseClaimAttachment:attachment_setting_item	14698.83,15565.37 14619.11,15610.52
edge:declared:db.RsuExerciseClaimAttachment:rsu_exercise_claim	14887.66,15495.25 14975.85,15471.60
edge:declared:db.RsuExerciseClaimCandidate:hrm_emp	13979.32,16525.33 9052.82,18051.43
edge:declared:db.RsuExerciseClaimCandidate:rsu_exercise_claim	14151.82,16437.30 15049.55,15491.35
edge:declared:db.RsuExerciseClaimCandidate:rsu_exercise_management	14088.43,16437.30 13973.52,16103.83
edge:declared:db.RsuExerciseClaimCandidate:rsu_grantee	14123.04,16535.30 14232.45,16837.90
edge:declared:db.RsuExerciseClaimCandidateEmailRecipient:candidate	14364.67,16619.79 14200.52,16535.30
edge:declared:db.RsuExerciseClaimEventRelation:claim	15478.53,15692.78 15178.73,15491.35
edge:declared:db.RsuExerciseClaimEventRelation:event	15564.41,15766.78 16074.14,16378.95
edge:declared:db.RsuExerciseClaimRsu:rsu	15629.40,15314.52 15899.16,15279.69
edge:declared:db.RsuExerciseClaimRsu:rsu_exercise_claim	15393.40,15360.90 15223.85,15405.63
edge:declared:db.RsuExerciseManagement:company	13997.71,16005.83 16782.72,12683.51
edge:declared:db.RsuExerciseManagement:excluded_institution_set	13935.40,16103.83 13732.83,16571.35
edge:declared:db.RsuExerciseManagementAttachmentSetting:management	14217.88,15970.92 14080.63,16015.00
edge:declared:db.RsuExerciseManagementAttachmentSettingItem:setting	14525.27,15684.52 14361.59,15896.92
edge:declared:db.RsuExerciseManagementEmail:rsu_exercise_management	14489.98,16392.52 14034.02,16103.83
edge:declared:db.RsuExtraAttachment:rsu	16357.40,14836.14 16090.38,15189.13
edge:declared:db.RsuGrantContract:rsu	16501.85,15030.50 16171.16,15194.63
edge:declared:db.RsuGrantContract:template	16599.96,14940.50 16693.29,14283.36
edge:declared:db.RsuGrantContractModusignDocument:rsu_grant_contract	21002.63,19266.51 16639.91,15030.50
edge:declared:db.RsuGrantContractTemplate:company	16823.11,14201.36 16924.95,12683.51
edge:declared:db.RsuGrantContractTemplate:stakeholder_set	16689.68,14201.36 16666.91,14102.44
edge:declared:db.RsuGrantContractTemplateStakeholder:company	16665.49,14028.44 16923.06,12683.51
edge:declared:db.RsuMeeting:company	16820.30,15159.12 16957.24,12683.51
edge:declared:db.RsuMeeting:meeting	16837.39,15249.12 17800.99,17463.80
edge:declared:db.RsuMeetingAttachment:meeting	16506.72,15400.31 16746.46,15249.12
edge:declared:db.RsuPerformanceCondition:company	15959.04,14326.59 16848.64,12683.51
edge:declared:db.RsuResumeEvent:pause_event	16196.69,17267.38 16114.28,17384.81
edge:declared:db.RsuRsa:company	16059.43,15189.13 16892.29,12683.51
edge:declared:db.RsuRsa:grantee	15954.43,15335.13 14292.50,16837.90
edge:declared:db.RsuRsa:grantee_hrm_emp	15899.16,15316.16 9052.82,18036.31
edge:declared:db.RsuRsa:source_meeting	16171.16,15252.67 16693.82,15216.31
edge:declared:db.RsuRsaSealedContractFile:company	16468.23,14483.87 16913.48,12683.51
edge:declared:db.RsuRsaSealedContractFile:grant_contract	16469.68,14557.87 16579.31,14940.50
edge:declared:db.RsuTag:category	16303.51,14312.96 16251.58,14267.16
edge:declared:db.RsuTag:company	16363.32,14312.96 16892.76,12683.51
edge:declared:db.RsuTag:rsu_set	16335.60,14394.96 16060.45,15189.13
edge:declared:db.RsuTagCategory:company	16227.59,14193.16 16871.99,12683.51
edge:declared:db.RsuVesting:rsu	15584.07,15215.72 15899.16,15248.14
edge:declared:db.RsuVestingItem:performance_condition	15708.90,14819.42 15920.21,14400.59
edge:declared:db.RsuVestingItem:rsu_vesting	15656.99,14909.42 15490.08,15166.58
edge:declared:db.RsuVestingTraceable:rsu	15910.28,15126.72 15967.84,15189.13
edge:declared:db.RsuVestingTraceable:source_vesting_item	15848.28,15052.72 15724.93,14909.42
edge:declared:db.RtccConsentSummary:company	15393.96,10963.98 16774.62,12285.93
edge:declared:db.RtccConsentSummary:source_result	15349.65,10889.98 15275.18,10404.44
edge:declared:db.RtccEmail:right_to_consent_or_consult	15486.48,17054.99 15572.54,16788.03
edge:declared:db.RtccEmailAuthentication:rtcc_investor	16125.92,17629.54 16017.32,17718.27
edge:declared:db.RtccInvestor:right_to_consent_or_consult	15945.06,17718.27 15600.93,16788.03
edge:declared:db.RtccInvestor:stakeholder	15867.80,17808.27 12852.68,19244.93
edge:declared:db.RtccInvestorFile:investor	17464.13,17913.01 16117.74,17778.77
edge:declared:db.RtccSummaryAnalysisRequest:company	15601.84,10101.27 16839.59,12249.51
edge:declared:db.RtccSummaryAnalysisRequestDocument:document	15709.97,10263.60 18592.58,15317.32
edge:declared:db.RtccSummaryAnalysisRequestDocument:request	15664.26,10189.60 15605.49,10101.27
edge:declared:db.RtccSummaryAnalysisResult:request	15333.45,10322.44 15539.94,10101.27
edge:declared:db.RtccSummaryAnalysisResultDocument:document	15815.43,10456.23 18592.54,15317.32
edge:declared:db.RtccSummaryAnalysisResultDocument:result	15641.29,10402.13 15421.17,10377.52
edge:declared:db.Safe:company	14000.60,15589.78 16774.62,12665.51
edge:declared:db.Safe:holder	13919.49,15663.78 13749.35,15800.61
edge:declared:db.SafeCreateEvent:contract_file	17509.72,17543.40 20048.87,18421.28
edge:declared:db.SalesMetric:legal_partner	22125.79,14706.38 21720.71,14742.82
edge:declared:db.SdContactRequest:secondary_deal	32589.63,8593.53 33306.65,6275.29
edge:declared:db.SdContactRequest:venture_capital	32577.83,8667.53 32543.43,12250.52
edge:declared:db.SealCardReturnRequest:seal_card	4690.12,8469.95 5062.99,8412.82
edge:declared:db.SealCardReturnStatusHistory:seal_card_return_request	5459.74,9768.15 4594.76,8529.95
edge:declared:db.SealCertificateDelivery:company	19316.38,12402.86 17154.62,12461.37
edge:declared:db.SealCertificateDelivery:seal_card_pickup_delivery	19564.38,12399.58 20101.61,12399.95
edge:declared:db.SealCertificateIssueRequest:delivery	19547.99,12490.52 19498.31,12448.50
edge:declared:db.SealStamp:attachment	17417.85,15725.95 20048.87,18300.82
edge:declared:db.SealStamp:company	17307.22,15619.95 16988.20,12683.51
edge:declared:db.SealStamp:director	17319.47,15725.95 17398.34,16370.13
edge:declared:db.SealStampCardContinuedUseApplicationFormDocument:stakeholder	12062.35,23604.30 12660.84,19481.54
edge:declared:db.SealStampDeclarationDocument:stakeholder	12414.66,22846.70 12674.56,19481.54
edge:declared:db.SealStampImage:seal_stamp	17710.89,15770.09 17436.98,15719.31
edge:declared:db.SealStampUsageHistory:employee	13029.85,15274.33 11784.96,15069.26
edge:declared:db.SealStampUsageHistory:payroll_statement_document	13179.87,15347.76 13200.54,15389.86
edge:declared:db.SealStampUsageHistory:seal_stamp	13277.85,15306.04 17188.98,15661.67
edge:declared:db.SealStampUsageHistory:wht_book	13029.85,15299.44 12384.65,15323.79
edge:declared:db.SealStampUsageHistory:wht_certificate	13197.01,15241.76 13255.41,15170.04
edge:declared:db.SealStampUsageHistory:wht_receipt	13036.92,15241.76 12943.39,15199.37
edge:declared:db.SecondaryDeal:assigned_investors	33328.66,6275.29 32567.57,12250.52
edge:declared:db.SecondaryDeal:business_line	33190.07,6134.56 32755.93,6078.92
edge:declared:db.SecondaryDeal:corporate_registration	33190.07,6050.45 33042.96,5951.26
edge:declared:db.SecondaryDeal:operating_profit	33319.86,6033.29 33043.86,4654.06
edge:declared:db.SelfRegistration:meeting	18114.51,17383.82 17998.78,17470.26
edge:declared:db.ServiceFee:basket	22376.07,13552.92 22279.45,13556.44
edge:declared:db.ServiceFeeItem:product	23887.23,12927.26 23190.14,12306.37
edge:declared:db.ServiceFeeItem:service_fee	23831.97,13009.26 22601.36,13507.39
edge:declared:db.ShareClass:company	16601.58,18174.77 16950.26,12683.51
edge:declared:db.ShareholderInstitutionMember:institution	12864.64,21971.14 13174.25,22666.06
edge:declared:db.ShareholderInstitutionMember:manager	12832.14,21889.14 12746.39,21641.98
edge:declared:db.ShareholderInstitutionMemberCeo:member	12811.76,22574.59 12844.17,21971.14
edge:declared:db.ShareholderVote:agenda	17872.13,22696.08 17932.57,21522.88
edge:declared:db.ShareholderVote:attended_shareholder	17791.14,22770.08 17708.08,23117.10
edge:declared:db.ShareholderVotingRightsPerAgenda:agenda	17642.72,22574.37 17861.09,21522.88
edge:declared:db.ShareholderVotingRightsPerAgenda:shareholder	17638.67,22648.37 17684.77,23117.10
edge:declared:db.ShareholdersAgreementStakeholder:stakeholder	11968.03,19095.99 12520.68,19271.75
edge:declared:db.ShareholdersMeeting:chairperson	16677.63,22713.32 15414.77,22750.38
edge:declared:db.ShareholdersMeeting:meeting	16821.67,22639.48 17826.98,17697.80
edge:declared:db.ShareholdersMeeting:sealed_meeting_minutes_file	16863.71,22639.48 20062.50,18703.97
edge:declared:db.ShareholdersMeetingAgenda:agenda_authorized_shares_change	17729.54,21489.23 17413.90,21693.11
edge:declared:db.ShareholdersMeetingAgenda:agenda_bonus_issue	17923.22,21248.88 18149.47,20328.58
edge:declared:db.ShareholdersMeetingAgenda:agenda_branch_change	17901.25,21248.88 18000.02,20093.97
edge:declared:db.ShareholdersMeetingAgenda:agenda_change_of_articles_of_incorporation	18049.54,21362.24 19018.55,20625.73
edge:declared:db.ShareholdersMeetingAgenda:agenda_co_ceo_system_change	17729.54,21386.90 17205.07,21393.31
edge:declared:db.ShareholdersMeetingAgenda:agenda_company_name_change	17858.14,21248.88 17792.29,20961.61
edge:declared:db.ShareholdersMeetingAgenda:agenda_custom	17729.54,21314.85 17084.17,21031.55
edge:declared:db.ShareholdersMeetingAgenda:agenda_director_change	17729.54,21448.26 14307.01,22782.73
edge:declared:db.ShareholdersMeetingAgenda:agenda_director_compensation_decision	17729.54,21422.34 16571.94,21686.17
edge:declared:db.ShareholdersMeetingAgenda:agenda_director_compensation_rule	17729.54,21316.23 17473.45,21204.77
edge:declared:db.ShareholdersMeetingAgenda:agenda_financial_statements	17923.54,21248.88 18250.36,19931.96
edge:declared:db.ShareholdersMeetingAgenda:agenda_head_office_relocation	18049.54,21440.04 18588.05,21622.33
edge:declared:db.ShareholdersMeetingAgenda:agenda_head_office_relocation_aoi_change	17995.92,21522.88 18571.80,22135.61
edge:declared:db.ShareholdersMeetingAgenda:agenda_method_of_giving_public_notice_change	17859.35,21248.88 17715.70,20597.00
edge:declared:db.ShareholdersMeetingAgenda:agenda_new_issue	17729.54,21522.88 17099.83,22275.97
edge:declared:db.ShareholdersMeetingAgenda:agenda_new_options_rule	17729.54,21264.06 17474.30,21071.89
edge:declared:db.ShareholdersMeetingAgenda:agenda_new_or_change_rsu_rule	17775.50,21248.88 17483.74,20898.39
edge:declared:db.ShareholdersMeetingAgenda:agenda_option_cancel	17729.54,21343.89 16270.24,20960.96
edge:declared:db.ShareholdersMeetingAgenda:agenda_option_grant	17790.73,21248.88 16647.45,19663.79
edge:declared:db.ShareholdersMeetingAgenda:agenda_purpose_change	17988.36,21522.88 18562.81,22319.26
edge:declared:db.ShareholdersMeetingAgenda:agenda_rsu_grant	17729.54,21309.27 16661.59,20797.99
edge:declared:db.ShareholdersMeetingAgenda:agenda_subsidiary_establishment	17729.54,21403.12 16787.58,21504.62
edge:declared:db.ShareholdersMeetingAgenda:meeting	17777.47,21522.88 16864.07,22639.48
edge:declared:db.ShareholdersMeetingConvocationNoticeEmail:shareholders_meeting	18399.15,20794.45 16865.00,22639.48
edge:declared:db.ShareholdersMeetingConvocationNoticeEmailAttachment:convocation_notice_email	19627.13,20459.28 18628.39,20700.01
edge:declared:db.ShareholdersMeetingConvocationNoticeEmailNewIssueAttachment:email	17321.73,22148.01 18400.33,20794.45
edge:declared:db.ShareholdersMeetingConvocationNoticeEmailNewIssueAttachment:new_issue	17404.48,22222.01 17186.29,22307.61
edge:declared:db.ShareholdersMeetingConvocationNoticeEmailRecipient:email_activity_recipient	22134.73,23388.03 23597.52,23134.67
edge:declared:db.ShareholdersMeetingConvocationNoticeRecipient:bulk_email_recipient	20429.88,21905.24 17933.38,19178.66
edge:declared:db.ShareholdersMeetingConvocationNoticeRecipient:convocation_notice_email	20395.13,21905.24 18520.41,20794.45
edge:declared:db.ShareholdersMeetingConvocationNoticeRecipient:shareholder	20369.87,21995.24 17846.74,23117.10
edge:declared:db.ShareholdersMeetingDirectorAttendance:stakeholder	15208.20,22706.37 12801.12,19481.54
edge:declared:db.ShareholdersMeetingPowerOfAttorneyIndividualDocument:shareholder	17239.19,23389.95 17538.44,23255.10
edge:declared:db.ShareholdersMeetingShareholderAttendance:meeting	17563.86,23117.10 16935.33,22777.48
edge:declared:db.ShareholdersMeetingShareholderAttendance:original_shareholder	17504.06,23167.09 13333.21,22744.24
edge:declared:db.ShareholdersMeetingShortenPeriodIndividualDocument:shareholder	17423.04,23224.47 17504.06,23212.89
edge:declared:db.ShareholdersMeetingWrittenDecisionIndividualDocument:shareholder	17292.03,23731.97 17641.06,23255.10
edge:declared:db.Stakeholder:company	12784.62,19167.54 16829.26,12683.51
edge:declared:db.Stakeholder:standardized_address	12852.68,19318.23 22563.75,18949.10
edge:declared:db.StakeholderAccount:account	13293.89,17997.17 13673.52,16895.56
edge:declared:db.StakeholderAccount:stakeholder	13264.09,18071.17 12759.01,19167.54
edge:declared:db.StakeholderCustodian:stakeholder	12308.31,19299.45 12520.68,19313.53
edge:declared:db.StakeholderSeat:stakeholder	11793.19,19359.33 12520.68,19336.59
edge:declared:db.StarredQuestionThread:question_thread	20130.70,12806.80 20355.29,12712.25
edge:declared:db.Stock:company	16565.34,18415.79 16950.06,12683.51
edge:declared:db.Stock:share_class	16566.29,18415.79 16589.21,18280.77
edge:declared:db.Stock:shareholder	16530.37,18497.79 13254.30,22666.06
edge:declared:db.StockDocumentAnalysis:document_ai_process_request	25820.92,27607.59 26369.23,27351.41
edge:declared:db.StockDocumentAnalysis:stock_reregistration_event	25769.97,27681.59 25875.47,27819.83
edge:declared:db.StockTransferAgreement:company	17765.33,18485.52 16993.49,12683.51
edge:declared:db.StockTransferAgreement:purchaser	17639.57,18582.88 12852.68,19299.68
edge:declared:db.StockTransferAgreement:sealed_agreement_file	17911.57,18571.17 20048.87,18496.78
edge:declared:db.StockTransferAgreement:seller	17642.95,18639.52 13287.65,22666.06
edge:declared:db.StockTransferAgreement:stock_transfer_event	17639.57,18532.25 17543.05,18510.77
edge:declared:db.StockTransferAgreementClauses:stock_transfer_agreement	17927.96,18325.64 17911.57,18503.81
edge:declared:db.StockTransferAgreementItem:agreement	17115.89,18370.17 17639.57,18522.86
edge:declared:db.StockTransferAgreementItem:share_class	16868.89,18300.83 16722.21,18261.24
edge:declared:db.StockTransferAgreementManagement:company	18156.28,13151.61 17154.62,12575.74
edge:declared:db.StockTransferAgreementManagement:related_tax_advices	18386.06,13160.32 20355.29,12688.65
edge:declared:db.StockTransferAgreementManagement:stock_transfer_agreement	18230.71,13241.61 17782.16,18485.52
edge:declared:db.StockTransferAgreementManagementStakeholderSeat:stakeholder_seat	9894.25,8571.11 11662.12,19322.21
edge:declared:db.StockTransferAgreementManagementStakeholderSeat:stock_transfer_agreement_management	9954.41,8571.11 18156.07,13151.61
edge:declared:db.StockTransferAgreementModusignDocument:stock_transfer_agreement	20010.28,20160.13 17883.28,18639.52
edge:declared:db.StockTransferAgreementModusignEmbeddedDraft:stock_transfer_agreement	20282.70,20569.69 17871.22,18639.52
edge:declared:db.StockTransferAgreementPurchaserInstitution:agreement	17944.46,18934.50 17820.60,18639.52
edge:declared:db.StockTransferAgreementSellerInstitution:agreement	18249.29,18720.80 17911.57,18607.96
edge:declared:db.StockTransferAgreementSurvey:company	24227.47,8936.72 17154.62,12374.17
edge:declared:db.StockTransferPrice:share_class	17224.09,18289.66 16722.21,18237.88
edge:declared:db.StockTransferPrice:stock_transfer_event	17358.89,18338.84 17408.25,18447.51
edge:declared:db.StockUnissuedConfirmationRequest:company	18783.01,16331.16 17066.72,12683.51
edge:declared:db.StockUnissuedConfirmationRequest:stock_unissued_confirmation_file	18880.29,16413.16 20070.70,18269.97
edge:declared:db.StripeCard:customer	6254.03,7287.11 6300.14,7658.11
edge:declared:db.StripePayment:card	5456.35,7938.15 6206.78,7287.11
edge:declared:db.StripePayment:order	5533.09,8007.35 6684.15,8269.15
edge:declared:db.StripePayment:seal_card_return_request	5341.30,8020.15 4633.91,8447.95
edge:declared:db.Subscription:company	20807.92,11240.63 17154.62,12405.91
edge:declared:db.Subscription:subscription_contract	20807.92,11241.11 19606.55,11628.51
edge:declared:db.Subscription:subscription_package	20807.92,11252.24 19877.32,11628.51
edge:declared:db.Subscription:subscription_plan	20892.52,11278.25 20434.96,11999.27
edge:declared:db.Subscription:subscription_policy	20807.92,11270.66 19865.77,11779.24
edge:declared:db.Subscription:subscription_promotion	20807.92,11235.56 20220.89,11400.89
edge:declared:db.SubscriptionBonus:subscription	21487.45,11276.35 21079.92,11217.04
edge:declared:db.SubscriptionContract:company	19375.07,11702.51 17154.62,12406.29
edge:declared:db.SubscriptionModusignDocumentUsageHistory:subscription	24589.82,14124.01 21044.82,11278.25
edge:declared:db.SubscriptionPackage:company	19667.81,11699.01 17154.62,12412.56
edge:declared:db.SubscriptionPaymentRequest:company	20978.93,11771.70 17154.62,12433.62
edge:declared:db.SubscriptionPaymentRequest:subscription	21092.98,11708.89 20967.52,11278.25
edge:declared:db.SubscriptionPenaltyPayment:company	19371.81,11814.04 17154.62,12415.01
edge:declared:db.SubscriptionPenaltyPayment:subscription	19583.77,11744.51 20807.92,11251.97
edge:declared:db.SubscriptionPeriod:subscription	21795.25,10889.50 21079.92,11148.09
edge:declared:db.SubscriptionPerk:subscription	21438.38,11436.85 21079.92,11263.15
edge:declared:db.SubscriptionPlan:permissions	20268.79,12052.72 19951.48,12044.06
edge:declared:db.SubscriptionPlanOffering:subscription_plan	20593.69,12034.47 20528.79,12041.73
edge:declared:db.SubscriptionPlanPerk:subscription_plan	20617.32,11942.25 20508.04,11999.27
edge:declared:db.SubscriptionPolicy:company	19679.23,11844.89 17154.62,12420.38
edge:declared:db.SubscriptionPromotion:company	19990.42,11471.13 17154.62,12404.01
edge:declared:db.SubscriptionReservation:company	19099.36,12200.74 17154.62,12440.08
edge:declared:db.SubscriptionReservation:subscription_plan	19335.36,12173.24 20268.79,12070.57
edge:declared:db.SubscriptionSuspensionHistory:subscription	21411.14,11156.59 21079.92,11185.41
edge:declared:db.TalingCoupon:_company	13181.80,11769.23 16774.62,12431.49
edge:declared:db.TaxBookkeepingServiceRequest:company	20504.61,14263.18 17154.62,12562.94
edge:declared:db.TaxBookkeepingServiceRequest:incorporation_request	20598.42,14345.18 21082.91,15869.89
edge:declared:db.TaxPartnerTbkContract:legal_partner	22674.65,14499.81 21720.71,14720.97
edge:declared:db.TaxPartnerTbkContractItem:tax_partner_tbk_contract	22708.53,14606.80 22769.48,14509.45
edge:declared:db.TaxPartnerTbkSettings:legal_partner	21828.06,15698.88 21601.38,14881.67
edge:declared:db.TbkConsulting:tax_bookkeeping_service_request	20779.93,14218.43 20678.42,14263.18
edge:declared:db.TbkConsulting:tbk_question_thread	20767.11,14178.38 19230.16,14289.34
edge:declared:db.TbkConsultingMemo:tbk_consulting	21219.16,14062.27 21015.11,14128.93
edge:declared:db.TbkConsultingRefusal:incorporation_request	20810.46,15540.71 21042.31,15869.89
edge:declared:db.TbkConsultingStatusLog:tbk_consulting	20850.66,13987.41 20880.22,14120.43
edge:declared:db.TbkContract:tbk_consulting	22063.07,15052.51 20956.14,14218.43
edge:declared:db.TbkContractBenefit:tbk_contract	22200.92,15176.53 22158.68,15134.51
edge:declared:db.TbkContractSettlement:tbk_contract	22165.93,15010.49 22141.41,15052.51
edge:declared:db.ThirdPartyArticleProviderUserRelation:article_provider	20124.45,19992.72 20121.04,19945.00
edge:declared:db.UserApiKeyCompanyAccess:api_key	17822.83,8189.07 18159.80,7547.80
edge:declared:db.UserApiKeyCompanyAccess:selected_companies	17793.18,8271.07 17007.48,12249.51
edge:declared:db.UserApiKeyCompanyRelation:company	17448.10,8289.86 16989.74,12249.51
edge:declared:db.UserApiKeyCompanyRelation:company_access	17575.88,8244.79 17677.28,8238.17
edge:declared:db.UserApiKeyRevocation:api_key	17878.20,7490.00 18057.35,7499.93
edge:declared:db.UserInvitation:company	12575.72,11841.66 16774.62,12439.46
edge:declared:db.UserInvitation:company_user_relation	12337.62,11869.01 11111.37,12352.64
edge:declared:db.UserInvitationInvitee:invitation	11090.21,12492.56 12360.08,11869.01
edge:declared:db.UserInvitationInvitee:stakeholder	11023.96,12566.56 12648.05,19167.54
edge:declared:db.UserInvitationOwnerRoleRelation:owner_role	12291.44,11299.76 12352.00,11161.48
edge:declared:db.UserInvitationOwnerRoleRelation:user_invitation	12289.91,11373.76 12435.55,11779.01
edge:declared:db.UserProfileImageMapping:profile_image	21084.25,18792.39 21025.27,18776.65
edge:declared:db.UserSealCardRelation:seal_card	4982.38,8539.63 5129.46,8434.82
edge:declared:db.ValuationHistory:company	18673.90,12498.67 17154.62,12470.08
edge:declared:db.ValuationServiceRequest:company	17815.37,13356.41 17154.62,12665.25
edge:declared:db.ValuationServiceRequest:company_question_thread	17901.26,13430.41 18966.63,14210.59
edge:declared:db.VcIrRecommendationRequest:venture_capital	31103.25,9777.84 32431.35,12250.52
edge:declared:db.VcIrRecommendationRequestResult:investor_relations	29744.96,8798.41 27472.95,7661.26
edge:declared:db.VcIrRecommendationRequestResult:request	29870.56,8872.41 31031.71,9703.84
edge:declared:db.VcLpReport:venture_capital	32212.35,12996.54 32416.75,12660.52
edge:declared:db.VcLpReportRequest:alimtalk_activity	32656.78,13375.27 31509.89,14070.82
edge:declared:db.VcLpReportRequest:vc_lp_report	32651.51,13293.27 32255.61,13070.54
edge:declared:db.VcLpReportRequestRecipient:alimtalk_activity_recipient	31160.01,13937.63 30763.77,14331.59
edge:declared:db.VcLpReportRequestRecipient:fund_partner	31123.61,13937.63 30626.94,14199.89
edge:declared:db.VcLpReportRequestRecipient:vc_lp_report_request	31312.30,13855.63 32613.34,13375.27
edge:declared:db.VcNameAlias:venture_capital	33261.26,12104.13 32725.46,12365.70
edge:declared:db.VcSearchLog:company	25330.80,5905.89 17154.62,12309.69
edge:declared:db.VcSearchLog:investor_relations	25429.25,5905.89 27171.24,7455.18
edge:declared:db.VcSearchLog:venture_capital	25427.67,5905.89 32357.46,12287.09
edge:declared:db.VcUserRole:venture_capital	28111.60,9285.75 32357.46,12323.86
edge:declared:db.VentureBusinessCertification:attachment	18633.36,15539.32 20120.68,18269.97
edge:declared:db.VentureBusinessCertification:company	18588.77,15457.32 17082.46,12683.51
edge:declared:db.VentureBusinessCertificationExpirationNotificationLog:venture_business_certification	18352.99,15675.29 18551.25,15539.32
edge:declared:db.VentureCapitalEmailTemplates:venture_capital	32877.51,12563.15 32725.46,12514.45
edge:declared:db.VentureCapitalPaymentLink:venture_capital	29367.17,12328.38 32357.46,12448.15
edge:declared:db.VentureCapitalQuarterlyReport:content_template	26700.39,15935.32 27847.56,13386.43
edge:declared:db.VentureCapitalQuarterlyReport:venture_capital	26769.64,15935.32 32357.46,12566.45
edge:declared:db.VentureCapitalQuarterlyReportContentTemplate:venture_capital	28060.66,13312.43 32357.46,12503.17
edge:declared:db.VentureCapitalQuarterlyReportItem:quarterly_report	25569.15,16476.81 26544.99,16049.32
edge:declared:db.VentureCapitalQuarterlyReportItemReply:file_attachment	23895.16,17156.55 20428.87,18417.83
edge:declared:db.VentureCapitalQuarterlyReportItemReply:item	24108.51,17074.55 25374.89,16558.81
edge:declared:db.VentureCapitalQuarterlyReportItemReply:reply	23826.34,17138.58 23273.22,17208.75
edge:declared:db.VentureCapitalQuarterlyReportReply:_deprecated_captable	22955.65,17295.19 20428.87,18400.70
edge:declared:db.VentureCapitalQuarterlyReportReply:company_create_request	22968.00,17165.19 22155.48,16777.49
edge:declared:db.VentureCapitalQuarterlyReportReply:portfolio_company	23199.80,17165.19 27308.07,14371.38
edge:declared:db.VentureCapitalQuarterlyReportReply:quarterly_report	23273.22,17171.52 26528.60,16041.36
edge:declared:db.VentureCapitalSubscription:subscription_plan	33151.49,11067.98 33270.23,11252.78
edge:declared:db.VentureCapitalSubscription:venture_capital	33112.48,11067.98 32625.82,12250.52
edge:declared:db.VentureCapitalSubscriptionPlanPermission:subscription_plan	34225.67,11247.92 33441.08,11286.65
edge:declared:db.VentureCapitalSubscriptionPlanPrice:subscription_plan	33226.51,11911.54 33291.93,11334.78
edge:declared:db.VentureCapitalUserRelation:roles	29610.85,10747.43 28096.05,9285.75
edge:declared:db.VentureCapitalUserRelation:venture_capital	29735.71,10837.43 32357.46,12345.74
edge:declared:db.VentureComplex:address	23527.43,18512.16 22871.75,18861.26
edge:declared:db.VideoCollection:video_contents	18894.86,9480.09 19358.26,8888.25
edge:declared:db.VideoCollectionFeedback:company	18117.59,9920.49 17064.34,12249.51
edge:declared:db.VideoCollectionFeedback:video_collection	18208.60,9846.49 18763.49,9570.09
edge:declared:db.VideoCollectionPermission:company	18747.57,9994.07 17117.97,12249.51
edge:declared:db.VideoCollectionPermission:video_collection	18781.57,9920.07 18850.37,9570.09
edge:declared:db.VideoContentHistory:company	19065.52,9933.54 17144.61,12249.51
edge:declared:db.VideoContentHistory:video_collection	19072.76,9851.54 18889.01,9570.09
edge:declared:db.VideoContentHistory:video_content	19110.94,9851.54 19378.95,8888.25
edge:declared:db.VideoContentSpeecher:video_content	19145.48,8794.60 19266.36,8820.59
edge:declared:db.WhitepaperPreviewFile:whitepaper	5849.24,6322.44 5824.47,6437.36
edge:declared:db.WhitepaperWatermarkFile:whitepaper	6724.35,5947.75 5885.85,6437.36
edge:declared:db.WhtBook:employee	12171.03,15287.47 11784.96,15110.84
edge:declared:db.WhtBook:wht_book_without_date	12210.88,15369.47 12088.98,15469.90
edge:declared:db.WhtBookWithoutDate:employee	12011.88,15469.90 11730.83,15146.87
edge:declared:db.WhtCertificate:employee	13167.54,15122.22 11784.96,15042.62
edge:declared:db.WhtReceipt:employee	12743.76,15151.09 11784.96,15059.44
edge:declared:db.YearEndTaxSettlement:payroll	10961.92,18573.84 9018.39,4961.99
edge:declared:db.YearEndTaxSettlementConfirmationSchedule:year_end_tax_settlement	10440.27,18001.66 10930.17,18573.84
edge:declared:db.YetsAssistance:employee	15432.40,30613.49 9760.53,30169.61
edge:declared:db.YetsAssistanceCreatorYetsEmployee:yets_employee	10828.26,30153.94 9760.53,30157.63
edge:declared:db.YetsAssistanceMessage:assistance	18753.72,30017.08 15680.40,30599.68
edge:declared:db.YetsAssistanceMessage:creator	18753.72,29996.84 14336.11,30113.51
edge:declared:db.YetsAssistanceMessageFile:message	23156.05,31547.36 19001.63,30038.57
edge:declared:db.YetsAssistanceStaffAccessLog:assistance	14964.17,30746.63 15432.40,30649.03
edge:declared:db.YetsAssistanceStaffFavoriteRelation:assistance	16046.51,30446.39 15680.40,30578.46
edge:declared:db.YetsEmail:year_end_tax_settlement	11827.06,19983.99 10992.14,18663.84
edge:declared:db.YetsEmailAuthentication:yets_employee	9361.78,30936.81 9592.97,30223.14
edge:declared:db.YetsEmployee:employee	9622.76,30093.14 11629.40,15146.87
edge:declared:db.YetsEmployee:year_end_tax_settlement	9621.66,30093.14 10963.42,18663.84
edge:declared:db.YetsEmployeeFile:employee	23723.54,32496.74 9760.53,30182.42
edge:declared:db.YetsEmployeeResult:yets_employee	11474.33,29988.05 9760.53,30144.75
edge:declared:db.YetsEmployeeResultAssistanceMessageRelation:assistance_message	14798.47,30022.45 18753.72,29994.45
edge:declared:db.YetsEmployeeResultAssistanceMessageRelation:result	14410.47,30020.78 11722.33,29978.65
edge:declared:db.YetsEmployeeResultStatusLog:result	11244.66,29004.42 11581.96,29931.71
edge:declared:db.YetsEmployeeResultWhtReceipt:result	22127.68,29757.25 11722.33,29974.13
edge:declared:db.YetsEmployeeSubmissionLog:yets_employee	9926.50,30611.15 9658.86,30223.14
edge:declared:db.YetsEmployeeUploadForm:yets_employee	11452.02,30786.86 9760.53,30208.25
edge:declared:db.YetsEmployeeUploadFormStatusLog:yets_employee_upload_form	11201.40,31511.65 11540.89,30860.86
edge:declared:db.ZuzuTaxPhoneToken:phone	8313.29,12382.39 8097.43,12499.25
edge:declared:document_ai.DocumentAiProcessResult:request	25924.52,29760.47 26440.50,27351.41
edge:declared:fi_sta.FiStaCompanyCeo:fi_sta_company	31002.89,30339.64 30296.38,32704.35
edge:declared:fi_sta.FiStaCompanySearchResult:fi_sta_company	30336.27,31501.21 30285.85,32704.35
edge:declared:fi_sta.FiStaContractDocument:participant	28616.92,33259.03 29025.14,33632.44
edge:declared:fi_sta.FiStaContractDocument:stock_transfer_agreement_document	28443.72,33243.42 26714.66,33653.23
edge:declared:fi_sta.FiStaContractDocument:stock_transfer_notice_poa_document	28582.18,33259.03 28655.86,33488.29
edge:declared:fi_sta.FiStaContractDocument:stock_unissued_confirmation_poa_document	28566.64,33169.03 28497.60,30285.88
edge:declared:fi_sta.FiStaManagement:fi_sta_company	31987.46,35037.47 30314.60,32786.35
edge:declared:fi_sta.FiStaParticipant:fi_sta_user	29192.06,33730.44 30759.02,34407.84
edge:declared:fi_sta.FiStaStockTransferAgreementDocument:starter	26714.66,33692.71 28954.71,33682.03
edge:declared:fi_sta.FiStaStockTransferNoticePoaDocument:signer	28765.13,33562.29 28954.71,33634.32
edge:declared:fi_sta.FiStaStockUnissuedConfirmationPoaDocument:signer	28502.98,30285.88 29070.40,33632.44
edge:declared:fi_sta.FiStaTransferStock:stock_transfer_agreement_document	28098.34,33904.52 26714.66,33716.61
edge:declared:fi_sta.FiStaUser:fi_sta_management	30913.39,34481.84 31946.18,35037.47
edge:declared:vertex_ai.VertexAiPredictionResult:request	33823.32,17455.89 33767.20,17538.45
edge:inheritance:db.AgendaBonusIssueNewIssueBalanceCertificateFile->db.FileAttachment	18934.43,19382.08 20048.87,18617.35
edge:inheritance:db.AgendaBonusIssueNewIssueMinutesFile->db.FileAttachment	19397.34,19249.65 20048.87,18659.17
edge:inheritance:db.Announcement->db.QuestionThread	20715.07,12279.08 20527.18,12588.51
edge:inheritance:db.AppointedDirectorCertificateOfSealDocument->db.MeetingDocument	18090.99,29716.11 16204.73,26273.48
edge:inheritance:db.AppointedDirectorResidentRegistrationDocument->db.MeetingDocument	18471.03,26291.54 16274.79,26092.60
edge:inheritance:db.ArticlesOfIncorporationAfterChangeDocument->db.MeetingDocument	20938.61,27754.68 16274.79,26138.18
edge:inheritance:db.ArticlesOfIncorporationBeforeChangeDocument->db.MeetingDocument	17422.21,26005.58 16274.79,26066.96
edge:inheritance:db.ArticlesOfIncorporationDocument->db.MeetingDocument	19764.84,26014.36 16274.79,26073.47
edge:inheritance:db.AuditReportDocument->db.MeetingDocument	18969.07,28925.77 16274.79,26253.06
edge:inheritance:db.BalanceCertificateDocument->db.MeetingDocument	15233.68,22495.05 16049.31,25879.48
edge:inheritance:db.BeforeunloadPdfEvent->db.PdfEvent	29281.42,11182.08 29775.47,11404.17
edge:inheritance:db.BigNumberValueWithVisibility->db.ValueWithVisibility	32987.16,4654.06 32016.68,5875.20
edge:inheritance:db.BranchAbolitionEvent->db.Event	18752.91,18057.39 16835.11,16972.18
edge:inheritance:db.BranchChangeEvent->db.Event	19216.25,18476.26 16835.11,16981.35
edge:inheritance:db.BranchInstallationEvent->db.Event	18785.30,18236.95 16835.11,16983.55
edge:inheritance:db.BulkEmailCommonAttachment->db.FileAttachment	17054.40,17397.58 20048.87,18421.97
edge:inheritance:db.BulkEmailRecipientAttachment->db.FileAttachment	19190.99,18769.44 20048.87,18538.19
edge:inheritance:db.CapitalChangeEvent->db.Event	16051.56,16119.58 16597.01,16779.43
edge:inheritance:db.CaptableAfterNewIssueDocument->db.MeetingDocument	18481.01,27047.96 16274.79,26149.01
edge:inheritance:db.CaptableAtRecordDateDocument->db.MeetingDocument	19701.15,26506.80 16274.79,26095.96
edge:inheritance:db.CaptableBeforeNewIssueDocument->db.MeetingDocument	18562.77,27537.83 16274.79,26181.96
edge:inheritance:db.CeoAddressChangeEvent->db.Event	16951.66,15983.87 16720.01,16779.43
edge:inheritance:db.CeoConfirmationDocument->db.MeetingDocument	18624.28,26111.72 16274.79,26078.96
edge:inheritance:db.CeoTypeChangedCeoResidentRegistrationDocument->db.MeetingDocument	15350.29,24523.68 16002.08,25879.48
edge:inheritance:db.CertificateOfCorporateSealDocument->db.MeetingDocument	19032.81,26561.69 16274.79,26105.12
edge:inheritance:db.CertificateOfSealNotarizationPoaDocument->db.MeetingDocument	15786.40,27646.49 16057.84,26273.48
edge:inheritance:db.CmeBulkEmail->db.BulkEmail	18058.86,16576.33 15388.96,17219.68
edge:inheritance:db.CmeBulkEmailRecipient->db.BulkEmailRecipient	18824.56,16703.34 17902.79,19064.66
edge:inheritance:db.CmeBulkEmailTemplate->db.BulkEmailTemplate	19652.70,15096.33 19368.55,15142.91
edge:inheritance:db.CoCeoSystemChangeEvent->db.Event	16822.82,15531.09 16703.26,16779.43
edge:inheritance:db.CompanyAddressChangeEvent->db.Event	19299.45,18343.16 16835.11,16970.85
edge:inheritance:db.CompanyBulkEmailTemplate->db.BulkEmailTemplate	18886.99,14523.17 19220.72,15097.34
edge:inheritance:db.CompanyDocumentDelivery->db.DocumentDelivery	18452.86,12614.56 19427.94,12645.44
edge:inheritance:db.CompanyEndorsementFeed->db.CompanyFeed	24202.13,6403.58 24690.91,3979.33
edge:inheritance:db.CompanyFeed->db.Feed	24712.56,3979.33 25520.59,7886.55
edge:inheritance:db.CompanyIrClosingFeed->db.CompanyFeed	26336.35,6229.24 24739.22,3979.33
edge:inheritance:db.CompanyIrNewCommitFeed->db.CompanyFeed	26742.66,6088.31 24751.64,3979.33
edge:inheritance:db.CompanyIrOpenFeed->db.CompanyFeed	26858.38,5564.31 24771.39,3979.33
edge:inheritance:db.CompanyNewsFeed->db.CompanyFeed	20290.72,8469.95 24650.15,3979.33
edge:inheritance:db.CompanyOwnerAuditLog->db.AuditLog	11890.63,8066.03 17541.84,7004.43
edge:inheritance:db.CompanyPaymentLink->db.PaymentLink	21769.80,12246.56 23334.90,13174.83
edge:inheritance:db.CompanyQuestionThread->db.QuestionThread	19115.18,14210.59 20402.66,12726.51
edge:inheritance:db.CompanyTanTableView->db.TanTableView	13138.82,9981.47 13429.00,9854.73
edge:inheritance:db.ConsentFormModusignDocument->db.ModusignDocument	24592.43,31369.07 22517.10,20726.89
edge:inheritance:db.ConsentFormModusignEmbeddedDraft->db.ModusignEmbeddedDraft	23250.07,25460.49 21969.97,21940.87
edge:inheritance:db.ConsentFormOptionItem->db.ConsentFormItem	22336.29,24297.48 22851.63,26793.93
edge:inheritance:db.CorporateRegistrationDocument->db.MeetingDocument	17256.97,28957.54 16176.12,26273.48
edge:inheritance:db.CustomOptionGrantContractTemplate->db.OptionGrantContractTemplate	19635.94,16164.98 19541.94,16168.43
edge:inheritance:db.CustomOptionGrantContractTemplateRevision->db.OptionGrantContractTemplateRevision	20366.71,16730.21 20228.40,16682.06
edge:inheritance:db.DebtConfirmationAndOffsetContractDocument->db.MeetingDocument	17997.38,25326.12 16274.79,26006.20
edge:inheritance:db.Director->db.Stakeholder	17287.68,16516.13 12852.68,19223.22
edge:inheritance:db.DirectorAppointmentEvent->db.Event	16891.82,16245.23 16721.80,16779.43
edge:inheritance:db.DirectorCompensationDecisionEvent->db.Event	17091.65,16910.84 16835.11,16896.63
edge:inheritance:db.DirectorCompensationLimitEvent->db.Event	17126.49,16722.76 16835.11,16851.50
edge:inheritance:db.DirectorDecisionDocument->db.MeetingDocument	19091.91,26983.72 16274.79,26130.40
edge:inheritance:db.DirectorResidentRegistrationWithAddressChangeHistoryDocument->db.MeetingDocument	15991.74,24711.53 16081.63,25879.48
edge:inheritance:db.DirectorTermEndEvent->db.Event	16985.87,16435.55 16759.01,16779.43
edge:inheritance:db.DirectorsMeetingMinutesDocument->db.MeetingDocument	17535.33,25863.75 16274.79,26050.16
edge:inheritance:db.DirectorsMeetingNoticeDocument->db.MeetingDocument	17230.13,29142.83 16169.60,26273.48
edge:inheritance:db.DirectorsMeetingNoticeEmail->db.BulkEmail	16671.99,19128.36 15311.08,17320.00
edge:inheritance:db.DirectorsMeetingNoticeEmailRecipient->db.BulkEmailRecipient	17052.62,19337.55 17752.49,19155.48
edge:inheritance:db.DirectorsMeetingSkipNoticeDocument->db.MeetingDocument	16729.98,29742.61 16130.81,26273.48
edge:inheritance:db.DocumentLoadedPdfEvent->db.PdfEvent	29693.67,11268.67 29826.49,11404.17
edge:inheritance:db.ESOPParticipant->db.Employee	11994.01,15950.01 11671.98,15146.87
edge:inheritance:db.ElectronicCertificateApplicationFormDocument->db.MeetingDocument	11583.28,25843.05 15918.79,26069.76
edge:inheritance:db.ElectronicCertificateCaseReportDocument->db.MeetingDocument	11200.60,25591.70 15918.79,26059.23
edge:inheritance:db.Employee->db.Stakeholder	11667.60,15146.87 12648.38,19167.54
edge:inheritance:db.EmployeeOptionExerciseEvent->db.Event	16793.70,17206.37 16723.65,16997.43
edge:inheritance:db.EmployeeOptionExerciseManagementEmail->db.BulkEmail	15047.60,15158.82 15251.99,17182.00
edge:inheritance:db.EmployeeOptionGrantee->db.Employee	11721.13,13872.32 11649.69,14944.87
edge:inheritance:db.EmployeeStockGuideEmail->db.BulkEmail	14357.90,17112.01 15128.96,17230.95
edge:inheritance:db.ExpertClientSignupChannel->db.SignupChannel	22821.17,14904.70 23325.10,14639.08
edge:inheritance:db.FeeReceiptDocument->db.MeetingDocument	17854.95,28857.39 16221.34,26273.48
edge:inheritance:db.FileValueWithVisibility->db.ValueWithVisibility	32828.43,5896.66 32105.27,5910.02
edge:inheritance:db.FinancialStatementsDocument->db.MeetingDocument	19671.30,27867.97 16274.79,26165.69
edge:inheritance:db.FinancialStatementsForNewIssueFromConversionDocument->db.MeetingDocument	16803.57,24224.97 16171.99,25879.48
edge:inheritance:db.HrmAlpUsagePlan->db.HrmApprovable	9331.22,18197.52 7700.13,17868.47
edge:inheritance:db.HrmAnnualLeave->db.HrmLeaveBase	8311.95,21689.28 7926.50,21026.78
edge:inheritance:db.HrmAnnualLeaveFiscalBasedConfig->db.HrmAnnualLeaveConfigBase	8543.67,24949.68 8323.84,22601.42
edge:inheritance:db.HrmAnnualLeaveHireBasedConfig->db.HrmAnnualLeaveConfigBase	8257.24,24137.47 8318.89,22601.42
edge:inheritance:db.HrmAttendance->db.HrmApprovable	8065.27,17785.94 7700.13,17828.22
edge:inheritance:db.HrmAttendanceLocation->db.HrmApprovable	9276.17,17155.83 7697.43,17793.58
edge:inheritance:db.HrmCertificateIssue->db.HrmApprovable	9720.92,16305.07 7644.48,17793.58
edge:inheritance:db.HrmCompensatoryLeave->db.HrmLeaveBase	7047.41,20744.94 7748.03,20919.83
edge:inheritance:db.HrmCustomLeave->db.HrmLeaveBase	7380.99,20751.13 7748.03,20898.99
edge:inheritance:db.HrmDeptAbolishedEvent->db.HrmDeptStatusEventBase	5632.28,22514.08 5584.41,21408.54
edge:inheritance:db.HrmDeptCreatedEvent->db.HrmDeptStatusEventBase	5505.23,20734.40 5577.62,21326.54
edge:inheritance:db.HrmDeptNameChangedEvent->db.HrmDeptNameEventBase	4831.37,19817.27 4595.69,20045.40
edge:inheritance:db.HrmDeptNameEventBase->db.HrmDeptEventBase	4596.05,20119.40 4771.09,20287.23
edge:inheritance:db.HrmDeptParentChangedEvent->db.HrmDeptParentEventBase	5065.12,19984.29 5340.53,19998.02
edge:inheritance:db.HrmDeptParentEventBase->db.HrmDeptEventBase	5383.58,20040.90 4884.63,20287.23
edge:inheritance:db.HrmDeptStatusEventBase->db.HrmDeptEventBase	5552.25,21326.54 4837.09,20361.23
edge:inheritance:db.HrmDocument->db.HrmApprovable	7122.41,15650.14 7566.45,17793.58
edge:inheritance:db.HrmEmpAbsenceEvent->db.HrmEmpStatusEventBase	8995.82,15757.00 9108.32,15912.78
edge:inheritance:db.HrmEmpAffiliationChangedEvent->db.HrmEmpAffiliationEventBase	7791.99,16887.76 8073.15,17064.52
edge:inheritance:db.HrmEmpAffiliationEventBase->db.HrmEmpEventBase	8250.20,17064.52 8392.17,17020.08
edge:inheritance:db.HrmEmpContractModusignDocument->db.ModusignDocument	26116.76,37840.46 22518.33,20726.89
edge:inheritance:db.HrmEmpDepartedEvent->db.HrmEmpStatusEventBase	9635.83,15881.18 9270.59,15944.34
edge:inheritance:db.HrmEmpEmploymentTypeChangedEvent->db.HrmEmpEmploymentTypeEventBase	8970.22,17181.91 8862.65,17281.78
edge:inheritance:db.HrmEmpEmploymentTypeEventBase->db.HrmEmpEventBase	8788.33,17281.78 8544.63,17020.14
edge:inheritance:db.HrmEmpJobChangedEvent->db.HrmEmpJobEventBase	8110.97,16311.10 8048.74,16524.98
edge:inheritance:db.HrmEmpJobEventBase->db.HrmEmpEventBase	8079.45,16598.98 8468.69,16946.14
edge:inheritance:db.HrmEmpJoinedEvent->db.HrmEmpStatusEventBase	9165.52,16454.04 9148.64,16018.78
edge:inheritance:db.HrmEmpReturnToWorkEvent->db.HrmEmpStatusEventBase	9260.00,15757.00 9175.38,15912.78
edge:inheritance:db.HrmEmpStatusEventBase->db.HrmEmpEventBase	9113.44,16018.78 8533.32,16946.14
edge:inheritance:db.HrmFamilyCareLeave->db.HrmLeaveBase	7047.41,20846.58 7748.03,20936.35
edge:inheritance:db.HrmFixedWork->db.HrmWorkBase	6935.57,18794.21 6921.70,18937.31
edge:inheritance:db.HrmGrantableLeave->db.HrmLeaveBase	8098.51,20243.05 7906.06,20880.78
edge:inheritance:db.HrmInfertilityTreatmentLeave->db.HrmLeaveBase	7726.49,20333.24 7865.50,20880.78
edge:inheritance:db.HrmLeaveUsage->db.HrmApprovable	10262.52,18409.22 7700.13,17868.54
edge:inheritance:db.HrmMaternityLeave->db.HrmLeaveBase	7047.41,21049.86 7748.03,20969.40
edge:inheritance:db.HrmMenstrualLeave->db.HrmLeaveBase	7390.19,21271.52 7770.57,21026.78
edge:inheritance:db.HrmMiscarriageLeave->db.HrmLeaveBase	7047.41,21151.50 7748.03,20985.92
edge:inheritance:db.HrmPaternityLeave->db.HrmLeaveBase	7394.73,21141.13 7748.03,21005.85
edge:inheritance:db.HrmPersonalLocation->db.HrmApprovable	10064.31,16351.01 7657.67,17793.58
edge:inheritance:db.HrmReserveTrainingLeave->db.HrmLeaveBase	7223.89,21586.26 7807.84,21026.78
edge:inheritance:db.HrmSelectiveWork->db.HrmWorkBase	7013.03,19275.91 6937.16,19059.31
edge:inheritance:db.HrmSelectiveWorkPlan->db.HrmApprovable	8246.71,18065.41 7700.13,17883.78
edge:inheritance:db.HrmStaggeredWork->db.HrmWorkBase	6163.01,19507.01 6825.52,19059.31
edge:inheritance:db.IBKSignupChannel->db.SignupChannel	23950.27,14601.56 23526.88,14598.87
edge:inheritance:db.IaCertificateOfInvestmentDocument->db.InvestmentAssociationDocument	31746.52,18592.43 31126.82,19262.24
edge:inheritance:db.IaConsentFormDocument->db.InvestmentAssociationDocument	31354.45,18533.10 31092.31,19262.24
edge:inheritance:db.IaConsentFormOrMeetingElectronicSignatureRequestModusignDocument->db.ModusignDocument	26660.66,20501.09 22637.30,20641.16
edge:inheritance:db.IaConsentFormOrMeetingElectronicSignatureRequestModusignEmbeddedDraft->db.ModusignEmbeddedDraft	27046.74,21269.29 22074.70,21872.82
edge:inheritance:db.IaConsentFormOrMeetingElectronicSignatureRequiredDocument->db.InvestmentAssociationDocument	29662.14,19883.87 30927.38,19380.17
edge:inheritance:db.IaExpertPartnerBulkEmailTemplate->db.BulkEmailTemplate	20685.94,15246.05 19368.55,15159.24
edge:inheritance:db.IaExplanationFormForElectronicSignatureDocument->db.InvestmentAssociationDocument	32304.59,18604.72 31175.16,19262.24
edge:inheritance:db.IaGpAppointmentEvent->db.InvestmentAssociationEvent	30785.61,17871.25 29428.48,17670.84
edge:inheritance:db.IaGpTerminationEvent->db.InvestmentAssociationEvent	31022.78,18158.75 29428.48,17688.51
edge:inheritance:db.IaMeetingAgendaCustom->db.IaMeetingAgenda	31145.39,20827.77 30919.50,20566.87
edge:inheritance:db.IaMeetingMinutesDocument->db.InvestmentAssociationDocument	30607.17,19988.33 31027.90,19384.24
edge:inheritance:db.IaMeetingNoticeDocument->db.InvestmentAssociationDocument	30407.15,19872.31 30996.70,19384.24
edge:inheritance:db.IaMeetingSealedNoticeDocumentFile->db.FileAttachment	28589.48,20024.53 20428.87,18521.95
edge:inheritance:db.IaMeetingShortenPeriodDocument->db.InvestmentAssociationDocument	31212.48,19742.11 31091.07,19384.24
edge:inheritance:db.IaModusignDocumentUsageHistory->db.BaseModusignDocumentUsageHistory	24842.30,14577.82 23623.81,13861.64
edge:inheritance:db.IaOwnerAuditLog->db.AuditLog	23854.35,7267.77 17777.84,6987.70
edge:inheritance:db.IaPartnerListDocument->db.InvestmentAssociationDocument	30972.12,19133.84 31038.73,19262.24
edge:inheritance:db.IaPaymentLink->db.PaymentLink	25795.42,13650.92 23534.77,13242.24
edge:inheritance:db.IaPfCompanyInvestmentSalesIntent->db.SalesIntent	30285.22,22845.18 30804.15,23044.03
edge:inheritance:db.IaQuestionThread->db.QuestionThread	24291.37,13552.25 20615.29,12683.23
edge:inheritance:db.IaRuleDocument->db.InvestmentAssociationDocument	28547.47,19239.05 30927.38,19318.47
edge:inheritance:db.IaSealStampImage->db.FileAttachment	21231.74,18280.68 20428.87,18447.49
edge:inheritance:db.IaWrittenResolutionDocument->db.InvestmentAssociationDocument	31838.21,19572.37 31213.38,19369.64
edge:inheritance:db.ImAcVcBroker->db.ImZuzuBroker	26538.27,12334.43 28243.63,12230.49
edge:inheritance:db.ImIndividualGpBroker->db.ImZuzuBroker	28107.36,12375.35 28299.75,12260.30
edge:inheritance:db.ImInvestorBroker->db.ImBroker	30495.10,12316.24 29001.87,12191.14
edge:inheritance:db.ImIrPartnerBroker->db.ImBroker	27867.20,12093.30 28753.87,12170.02
edge:inheritance:db.ImPitchingDay->db.ImDay	28851.91,10871.16 29407.10,11019.06
edge:inheritance:db.ImPitchingDayParticipation->db.ImDayParticipation	27726.78,9637.82 28721.99,10641.86
edge:inheritance:db.ImZuzuBroker->db.ImBroker	28479.63,12217.53 28753.87,12192.20
edge:inheritance:db.InauguralConsentDocument->db.MeetingDocument	15368.37,23873.58 16031.65,25879.48
edge:inheritance:db.IncorporationRequestAssistanceReceipt->db.FileAttachment	21191.60,17196.46 20399.08,18269.97
edge:inheritance:db.IndividualStakeholder->db.Stakeholder	11110.49,21908.41 12590.91,19481.54
edge:inheritance:db.IndividualStockOptionCancelEvent->db.IndividualInvestorEvent	32901.09,28652.32 31990.47,28038.39
edge:inheritance:db.IndividualStockOptionExerciseEvent->db.IndividualInvestorEvent	33206.59,29717.13 31957.21,28038.39
edge:inheritance:db.IndividualStockOptionGrantEvent->db.IndividualInvestorEvent	32029.29,26310.48 31926.54,27948.39
edge:inheritance:db.IndividualStockOptionPauseEvent->db.IndividualInvestorEvent	28910.64,27308.34 31799.72,27965.20
edge:inheritance:db.IndividualStockOptionResumeEvent->db.IndividualInvestorEvent	29414.66,29352.56 31840.65,28038.39
edge:inheritance:db.IndividualStockOptionSalesIntent->db.SalesIntent	29810.75,23095.46 30782.71,23082.59
edge:inheritance:db.InputSignupChannel->db.SignupChannel	24047.74,15040.74 23462.61,14639.08
edge:inheritance:db.InstitutionStakeholder->db.Stakeholder	12752.37,21124.17 12692.41,19481.54
edge:inheritance:db.InvestmentAssociationAssociationPartner->db.InvestmentAssociationOrganizationPartner	31529.06,15931.91 32673.38,16827.18
edge:inheritance:db.InvestmentAssociationCorporationPartner->db.InvestmentAssociationOrganizationPartner	33445.13,15978.35 32774.71,16827.18
edge:inheritance:db.InvestmentAssociationIndividualPartner->db.InvestmentAssociationPartner	31631.64,17132.57 33528.48,18177.47
edge:inheritance:db.InvestmentAssociationOrganizationPartner->db.InvestmentAssociationPartner	32769.35,16925.18 33610.89,18154.96
edge:inheritance:db.InvestmentAssociationOrganizationPartnerCorporationSigner->db.InvestmentAssociationOrganizationPartnerSigner	32993.20,14920.73 32677.68,15064.75
edge:inheritance:db.InvestmentAssociationOrganizationPartnerIndividualSigner->db.InvestmentAssociationOrganizationPartnerSigner	32463.43,14978.90 32539.32,15064.75
edge:inheritance:db.InvestmentAssociationPartnerSalesIntent->db.SalesIntent	31897.68,21858.40 30930.88,23044.03
edge:inheritance:db.InvestmentContractHolder->db.Stakeholder	13692.55,15874.61 12732.46,19167.54
edge:inheritance:db.InvestorRelations->db.InvestorMatching	27258.43,7713.18 25783.03,10857.81
edge:inheritance:db.IrClosingComplete->db.IrClosing	28314.92,5185.98 29089.27,6665.18
edge:inheritance:db.IrClosingExpired->db.IrClosing	29101.22,7228.66 29109.98,6747.18
edge:inheritance:db.IrClosingIncomplete->db.IrClosing	29845.06,6737.09 29234.73,6711.40
edge:inheritance:db.IrConsultingRequest->db.ImConsultingRequest	25390.06,9929.20 24849.93,9482.77
edge:inheritance:db.IrFeed->db.Feed	26784.94,8218.24 25646.24,7951.22
edge:inheritance:db.IrosOtpIssueMeetingDocument->db.MeetingDocument	12479.01,22617.81 15918.79,25906.31
edge:inheritance:db.LawtalkSignupAttachment->db.FileAttachment	19140.54,17133.89 20062.73,18269.97
edge:inheritance:db.LedgerByCustomerDocument->db.MeetingDocument	17807.72,23499.52 16222.82,25879.48
edge:inheritance:db.LegalPartnerSignupChannel->db.SignupChannel	22803.61,14774.17 23278.88,14634.52
edge:inheritance:db.ManualOptionVesting->db.OptionVesting	15918.27,18553.34 15937.24,18447.59
edge:inheritance:db.ManualProduct->db.Product	23002.66,12165.63 23096.55,12232.37
edge:inheritance:db.MeetingAttachment->db.FileAttachment	18769.48,17718.86 20048.87,18390.15
edge:inheritance:db.Mna->db.InvestorMatching	25452.63,10755.80 25602.64,10857.81
edge:inheritance:db.MnaConsultingRequest->db.ImConsultingRequest	24444.91,9494.47 24676.32,9460.16
edge:inheritance:db.NcpSignupChannel->db.SignupChannel	24527.19,14995.90 23518.75,14639.08
edge:inheritance:db.NewCeoCertificateOfSealDocument->db.MeetingDocument	19602.21,29127.18 16274.79,26231.39
edge:inheritance:db.NewCeoResidentRegistrationDocument->db.MeetingDocument	17657.14,29361.24 16190.37,26273.48
edge:inheritance:db.NewIssueNoticeEmail->db.BulkEmail	14916.36,20772.84 15252.24,17320.00
edge:inheritance:db.NewIssueSkipNoticeDocument->db.MeetingDocument	16397.03,24711.20 16140.11,25879.48
edge:inheritance:db.NewIssueStockAcceptanceDocument->db.MeetingDocument	18170.75,26050.45 16274.79,26074.25
edge:inheritance:db.NewIssueStockAllocationDocument->db.MeetingDocument	18262.32,23929.48 16274.79,25900.00
edge:inheritance:db.NewIssueStockAllocationRecordDateNoticeDocument->db.MeetingDocument	20067.15,23924.47 16274.79,25978.04
edge:inheritance:db.NewIssueStockSubscriptionDocument->db.MeetingDocument	18052.58,25162.60 16274.79,25993.31
edge:inheritance:db.NewIssueStockUnissuedConfirmationDocument->db.MeetingDocument	18393.63,25442.12 16274.79,26027.32
edge:inheritance:db.NonUnifiedShareManagementSalesIntent->db.SalesIntent	28944.39,24815.49 30858.98,23118.03
edge:inheritance:db.NonUnifiedShareSucPoaModusignDocument->db.ModusignDocument	23257.22,20990.30 22637.30,20707.85
edge:inheritance:db.NotarizationPoaDocument->db.MeetingDocument	19720.27,27048.33 16274.79,26123.51
edge:inheritance:db.OptionExerciseClaimAttachment->db.FileAttachment	14808.93,17574.98 20048.87,18455.06
edge:inheritance:db.OptionExerciseClaimMeetingDocument->db.MeetingDocument	14988.98,21617.28 16047.85,25879.48
edge:inheritance:db.OptionExerciseManagementEmail->db.BulkEmail	15345.46,16542.66 15267.38,17182.00
edge:inheritance:db.OptionGrantContractCeo->db.OptionGrantContractStakeholder	19550.71,15418.83 19366.16,15393.14
edge:inheritance:db.OptionGrantContractFirstRefusalRightHolder->db.OptionGrantContractStakeholder	19514.34,15340.68 19366.16,15357.06
edge:inheritance:db.OptionGrantContractModusignDocument->db.ModusignDocument	21131.04,19597.57 22396.76,20564.89
edge:inheritance:db.OptionGrantContractModusignEmbeddedDraft->db.ModusignEmbeddedDraft	21339.93,20950.42 21916.17,21834.87
edge:inheritance:db.OptionGrantEvent->db.Event	16239.89,18506.58 16656.99,16997.43
edge:inheritance:db.OptionGrantee->db.Stakeholder	15370.51,19191.35 12852.68,19315.45
edge:inheritance:db.OptionWithdrawEvent->db.Event	16380.05,15944.03 16651.67,16779.43
edge:inheritance:db.OtherDocumentArchiveAttachment->db.FileAttachment	19942.16,17113.57 20191.99,18269.97
edge:inheritance:db.PageNumberUpdatedPdfEvent->db.PdfEvent	30137.70,11492.65 29990.68,11466.89
edge:inheritance:db.PayrollStatementEmail->db.BulkEmail	13290.09,17340.63 15128.96,17262.18
edge:inheritance:db.PayrollStatementEmailRecipient->db.BulkEmailRecipient	12866.01,18516.93 17752.49,19105.75
edge:inheritance:db.PerformanceRsuVestingItem->db.RsuVestingItem	15880.64,14831.78 15810.20,14843.60
edge:inheritance:db.PeriodPhantomStockVestingItem->db.PhantomStockVestingItem	11795.67,18299.51 11646.56,18016.66
edge:inheritance:db.PeriodRsuVestingItem->db.RsuVestingItem	15963.67,14735.00 15782.68,14819.42
edge:inheritance:db.PeriodicOptionVesting->db.OptionVesting	15695.98,18526.22 15864.55,18447.59
edge:inheritance:db.PhantomStockCancelEvent->db.Event	16061.89,17131.03 16539.11,16945.86
edge:inheritance:db.PhantomStockExerciseEvent->db.Event	16407.55,17391.85 16621.77,16997.43
edge:inheritance:db.PhantomStockGrantEvent->db.Event	15970.17,16943.54 16539.11,16899.81
edge:inheritance:db.PhantomStockGrantee->db.Stakeholder	12188.23,18206.18 12616.71,19167.54
edge:inheritance:db.PhantomStockPauseEvent->db.Event	16247.69,16280.53 16608.32,16779.43
edge:inheritance:db.PhantomStockResumeEvent->db.Event	16567.77,16434.15 16658.48,16779.43
edge:inheritance:db.PingpongDeliveryAddress->db.Address	22390.48,14307.22 22708.93,18818.25
edge:inheritance:db.Playbook->db.MembershipContent	4432.37,4545.81 4597.68,5002.71
edge:inheritance:db.Post->db.MembershipContent	4325.72,5028.01 4489.96,5039.23
edge:inheritance:db.ProofOfEmploymentDocument->db.MeetingDocument	18737.90,27875.05 16274.79,26197.70
edge:inheritance:db.QuarterlyReportRequestAttachment->db.FileAttachment	24958.68,17089.40 20428.87,18430.71
edge:inheritance:db.QuarterlyReportSignupChannel->db.SignupChannel	25371.58,14858.87 23526.88,14614.51
edge:inheritance:db.QuestionMessageAttachment->db.FileAttachment	21393.16,15143.23 20313.79,18269.97
edge:inheritance:db.RegistrationAssistanceReceipt->db.FileAttachment	20976.83,17005.58 20346.97,18269.97
edge:inheritance:db.RegistrationFormAllInOneDocument->db.MeetingDocument	18924.53,27346.84 16274.79,26155.76
edge:inheritance:db.RegistrationFormAoiChangeDocument->db.MeetingDocument	14905.91,26255.21 15918.79,26103.19
edge:inheritance:db.RegistrationFormBranchChangeDocument->db.MeetingDocument	20568.96,29470.96 16274.79,26211.59
edge:inheritance:db.RegistrationFormCaptableDocument->db.MeetingDocument	17859.50,24598.83 16274.79,25927.27
edge:inheritance:db.RegistrationFormCeoAddressChangeDocument->db.MeetingDocument	18211.17,25618.34 16274.79,26037.91
edge:inheritance:db.RegistrationFormDirectorChangeDocument->db.MeetingDocument	18235.56,28563.52 16266.20,26273.48
edge:inheritance:db.RegistrationFormHeadOfficeInsideRelocationDocument->db.MeetingDocument	19429.44,23880.00 16274.79,25962.76
edge:inheritance:db.RegistrationFormHeadOfficeOutsideRelocationDocument->db.MeetingDocument	19466.97,24066.07 16274.79,25972.27
edge:inheritance:db.RegistrationFormNewIssueDocument->db.MeetingDocument	18189.80,25858.98 16274.79,26057.98
edge:inheritance:db.RegistrationFormNewOptionsRuleDocument->db.MeetingDocument	16086.70,28366.88 16095.92,26273.48
edge:inheritance:db.RegistrationPoaDocument->db.MeetingDocument	17061.84,29593.34 16150.85,26273.48
edge:inheritance:db.RegularProduct->db.Product	23037.95,12400.11 23117.29,12306.37
edge:inheritance:db.ResignationLetterDocument->db.MeetingDocument	14840.84,24087.80 15972.37,25879.48
edge:inheritance:db.ResignedDirectorCertificateOfSealDocument->db.MeetingDocument	15554.94,25949.00 15918.79,26034.60
edge:inheritance:db.RsaForfeitEvent->db.Event	16354.72,16865.62 16539.11,16878.27
edge:inheritance:db.RsaVestConfirmEvent->db.Event	16962.06,16556.58 16777.42,16779.43
edge:inheritance:db.RsuCancelEvent->db.Event	16260.88,15758.03 16641.43,16779.43
edge:inheritance:db.RsuExerciseClaimCandidateEmailRecipient->db.BulkEmailRecipient	14488.28,16693.79 17803.03,19064.66
edge:inheritance:db.RsuExerciseEvent->db.Event	16150.54,16452.95 16552.81,16779.43
edge:inheritance:db.RsuExerciseManagementEmail->db.BulkEmail	14580.46,16466.52 15199.95,17182.00
edge:inheritance:db.RsuGrantContractModusignDocument->db.ModusignDocument	21081.11,19340.51 22413.18,20564.89
edge:inheritance:db.RsuGrantEvent->db.Event	16213.07,16768.57 16539.11,16851.01
edge:inheritance:db.RsuGrantee->db.Stakeholder	14221.11,16919.90 12786.46,19167.54
edge:inheritance:db.RsuPauseEvent->db.Event	16125.90,17384.81 16539.11,16978.07
edge:inheritance:db.RsuPerformanceAchievementEvent->db.Event	16433.16,16619.46 16576.74,16779.43
edge:inheritance:db.RsuResumeEvent->db.Event	16353.47,17206.76 16572.87,16997.43
edge:inheritance:db.RtccEmail->db.BulkEmail	15424.38,17128.99 15352.51,17182.00
edge:inheritance:db.RtccInvestorFile->db.FileAttachment	17800.13,17966.94 20048.87,18446.45
edge:inheritance:db.SafeCreateEvent->db.Event	17359.86,17469.40 16813.33,16997.43
edge:inheritance:db.SalesReportDocument->db.MeetingDocument	15562.82,27512.11 16023.52,26273.48
edge:inheritance:db.SealStampCardContinuedUseApplicationFormDocument->db.MeetingDocument	12118.40,23678.30 15918.79,25967.56
edge:inheritance:db.SealStampDeclarationDocument->db.MeetingDocument	12454.50,22920.70 15918.79,25922.26
edge:inheritance:db.SealStampImage->db.FileAttachment	17862.07,15828.97 20051.32,18269.97
edge:inheritance:db.SealedOptionGrantContractDocument->db.MeetingDocument	19792.50,26205.89 16274.79,26082.71
edge:inheritance:db.SealedOptionGrantShareholdersMeetingResolutionDocument->db.MeetingDocument	14856.31,26420.91 15918.79,26125.90
edge:inheritance:db.Shareholder->db.Stakeholder	13193.36,22666.06 12710.49,19481.54
edge:inheritance:db.ShareholdersAgreementModusignDocument->db.ModusignDocument	21849.29,20600.80 22365.30,20636.48
edge:inheritance:db.ShareholdersAgreementModusignEmbeddedDraft->db.ModusignEmbeddedDraft	21684.47,21976.43 21826.70,21929.12
edge:inheritance:db.ShareholdersCertificateOfSealDocument->db.MeetingDocument	15197.51,27934.91 16001.46,26273.48
edge:inheritance:db.ShareholdersMeetingAuditReportDocument->db.MeetingDocument	18110.25,29269.44 16221.02,26273.48
edge:inheritance:db.ShareholdersMeetingConvocationNoticeEmail->db.BulkEmail	18395.34,20696.45 15321.77,17320.00
edge:inheritance:db.ShareholdersMeetingConvocationNoticeEmailAttachment->db.FileAttachment	19789.39,20385.28 20187.49,18703.97
edge:inheritance:db.ShareholdersMeetingConvocationNoticeEmailRecipient->db.ShareholdersMeetingConvocationNoticeRecipient	21899.89,23385.32 20515.88,21995.24
edge:inheritance:db.ShareholdersMeetingConvocationNoticeWrittenRecipient->db.ShareholdersMeetingConvocationNoticeRecipient	19514.00,21757.89 20273.08,21910.45
edge:inheritance:db.ShareholdersMeetingMinutesDocument->db.MeetingDocument	15601.11,26471.41 15918.79,26218.30
edge:inheritance:db.ShareholdersMeetingNoticeDocument->db.MeetingDocument	20547.49,27128.00 16274.79,26118.53
edge:inheritance:db.ShareholdersMeetingPowerOfAttorneyDocument->db.MeetingDocument	18686.48,29682.87 16238.25,26273.48
edge:inheritance:db.ShareholdersMeetingPowerOfAttorneyIndividualDocument->db.MeetingDocument	17142.27,23463.95 16175.63,25879.48
edge:inheritance:db.ShareholdersMeetingShortenPeriodDocument->db.MeetingDocument	13911.28,29183.00 15958.20,26273.48
edge:inheritance:db.ShareholdersMeetingShortenPeriodIndividualDocument->db.MeetingDocument	17210.24,23289.76 16174.08,25879.48
edge:inheritance:db.ShareholdersMeetingSkipNoticeDocument->db.MeetingDocument	16585.25,28924.99 16130.57,26273.48
edge:inheritance:db.ShareholdersMeetingWrittenDecisionDocument->db.MeetingDocument	15420.92,29323.32 16055.78,26273.48
edge:inheritance:db.ShareholdersMeetingWrittenDecisionIndividualDocument->db.MeetingDocument	17246.22,23805.97 16196.52,25879.48
edge:inheritance:db.ShareholdersWrittenResolutionDocument->db.MeetingDocument	21193.19,28706.67 16274.79,26168.34
edge:inheritance:db.StockTransferAgreementModusignDocument->db.ModusignDocument	20233.53,20227.98 22365.30,20620.83
edge:inheritance:db.StockTransferAgreementModusignEmbeddedDraft->db.ModusignEmbeddedDraft	20375.77,20643.69 21883.61,21834.87
edge:inheritance:db.SubscriptionModusignDocumentUsageHistory->db.BaseModusignDocumentUsageHistory	24518.01,14124.01 23681.95,13861.64
edge:inheritance:db.TaxReceiptDocument->db.MeetingDocument	16981.37,24982.00 16256.01,25879.48
edge:inheritance:db.Template->db.MembershipContent	4353.18,5195.46 4534.53,5092.71
edge:inheritance:db.TextValueWithVisibility->db.ValueWithVisibility	32495.93,6031.72 32105.27,5939.93
edge:inheritance:db.UserProfileImage->db.FileAttachment	20795.26,18702.56 20428.87,18560.86
edge:inheritance:db.VentureCapitalPaymentLink->db.PaymentLink	29127.17,12342.00 23534.77,13200.79
edge:inheritance:db.Webinar->db.MembershipContent	4180.85,4777.81 4541.75,5002.71
edge:inheritance:db.Whitepaper->db.MembershipContent	5781.19,6437.36 4651.76,5092.71
edge:inheritance:db.WrittenStatementDocument->db.MeetingDocument	15749.78,26276.33 15918.79,26179.00
edge:inheritance:db.YetsAssistanceCreatorUser->db.YetsAssistanceCreator	13957.16,30303.78 14166.52,30153.63
edge:inheritance:db.YetsAssistanceCreatorYetsEmployee->db.YetsAssistanceCreator	11105.26,30151.89 14100.11,30117.97
edge:inheritance:db.YetsAssistanceMessageFile->db.FileAttachment	23249.40,31547.36 20288.90,18703.97
edge:inheritance:db.YetsEmail->db.BulkEmail	11895.97,19983.99 15172.87,17320.00
edge:inheritance:db.YetsEmployeeFile->db.FileAttachment	23834.03,32479.63 20293.75,18703.97
edge:inheritance:db.YetsEmployeeResultWhtReceipt->db.FileAttachment	22255.55,29717.44 20283.31,18703.97
edge:inheritance:db.ZuzuOptionGrantContractTemplate->db.OptionGrantContractTemplate	20027.08,15915.30 19535.92,16120.30
edge:inheritance:db.ZuzuOptionGrantContractTemplateRevision->db.OptionGrantContractTemplateRevision	20173.63,16333.50 20110.17,16592.06
