edge:declared:db.AgendaBonusIssue:certificate_of_payment_for_the_share_file	18252.91,20182.58 20048.87,18649.19
edge:declared:db.AgendaBonusIssue:meeting_draft	18031.41,20301.63 17456.90,20496.16
edge:declared:db.AgendaBonusIssueNewIssueBalanceCertificateFile:agenda_bonus_issue	18848.97,19456.08 18229.64,20182.58
edge:declared:db.AgendaBonusIssueNewIssueMinutesFile:agenda_bonus_issue	19315.64,19323.97 18257.39,20182.58
edge:declared:db.AgendaBonusIssueSharesToIssue:agenda_bonus_issue	17063.44,18788.45 18112.48,20182.58
edge:declared:db.AgendaBonusIssueSharesToIssue:share_class	17004.42,18714.45 16641.56,18283.85
edge:declared:db.AgendaBorrowCapital:meeting_draft	17501.06,20201.81 17381.83,20405.34
edge:declared:db.AgendaBranchChange:address	18128.21,20015.99 22563.75,18979.25
edge:declared:db.AgendaBranchChange:installation_event	18029.15,19995.97 18870.84,18342.33
edge:declared:db.AgendaBranchChange:meeting_draft	17935.63,20093.97 17456.90,20436.02
edge:declared:db.AgendaCashDividends:meeting_draft	16867.63,20558.28 17136.90,20553.30
edge:declared:db.AgendaCeoAddressChange:meeting_draft	14715.98,22044.36 17136.90,20642.96
edge:declared:db.AgendaCeoAddressChangeItem:agenda_ceo_address_change	13972.69,21360.11 14607.13,22044.36
edge:declared:db.AgendaCeoAddressChangeItem:stakeholder	13915.21,21286.11 12785.01,19481.54
edge:declared:db.AgendaChangeOfAoiClassStock:aoi	19428.65,20567.74 19287.57,20564.69
edge:declared:db.AgendaChangeOfAoiCustom:aoi	19692.31,19951.87 19166.87,20495.73
edge:declared:db.AgendaChangeOfAoiCustom:changed_part	19746.52,19869.87 20161.62,18703.97
edge:declared:db.AgendaChangeOfAoiDirectorCompensationRule:aoi	19579.44,20663.76 19287.57,20600.50
edge:declared:db.AgendaChangeOfAoiNumberOfDirectors:aoi	19227.38,20859.70 19130.88,20625.73
edge:declared:db.AgendaChangeOfAoiThirdPartyAllocation:aoi	19155.41,20741.58 19122.52,20625.73
edge:declared:db.AgendaChangeOfArticlesOfIncorporation:_deprecated_changed_part	19139.90,20495.73 20127.63,18703.97
edge:declared:db.AgendaChangeOfArticlesOfIncorporation:meeting_draft	18920.57,20573.16 17456.90,20672.29
edge:declared:db.AgendaCoCeoSystemChange:meeting_draft	17092.47,21375.26 17260.96,20695.34
edge:declared:db.AgendaCompanyNameChange:meeting_draft	17730.84,20885.03 17456.90,20673.74
edge:declared:db.AgendaCustom:meeting_draft	17002.90,20922.15 17182.24,20695.34
edge:declared:db.AgendaDirectorChange:stakeholder	14312.60,22782.08 12760.51,19481.54
edge:declared:db.AgendaDirectorCompensationItem:director_compensation	13997.10,22652.94 16284.46,21868.25
edge:declared:db.AgendaDirectorCompensationItem:stakeholder	13876.03,22652.94 12742.78,19481.54
edge:declared:db.AgendaDirectorCompensationRule:meeting_draft	17376.47,21124.85 17316.98,20695.34
edge:declared:db.AgendaFinancialStatements:audit_report	18331.89,19833.96 20048.87,18621.18
edge:declared:db.AgendaFinancialStatements:meeting_draft	18191.62,19931.96 17456.90,20439.76
edge:declared:db.AgendaHeadOfficeRelocation:address	18795.41,21613.16 22563.75,19048.08
edge:declared:db.AgendaHeadOfficeRelocation:meeting_draft	18650.07,21613.16 17456.90,20676.01
edge:declared:db.AgendaHeadOfficeRelocationAoiChange:meeting_draft	18562.55,22148.36 17411.74,20695.34
edge:declared:db.AgendaMethodOfGivingPublicNoticeChange:daily_newspaper	17708.99,20515.00 18011.10,15194.36
edge:declared:db.AgendaMethodOfGivingPublicNoticeChange:meeting_draft	17521.66,20570.32 17456.90,20642.44
edge:declared:db.AgendaNewIssue:financial_statements	17120.25,22275.97 20060.27,18703.97
edge:declared:db.AgendaNewIssue:meeting_draft	17061.87,22275.97 17277.15,20695.34
edge:declared:db.AgendaNewIssueItem:new_issue	19467.07,25314.54 17119.84,22445.97
edge:declared:db.AgendaNewIssueItemFromConversion:new_issue_item	19416.85,25767.38 19502.93,25444.54
edge:declared:db.AgendaNewIssueItemFromPayment:new_issue_item	19073.64,25492.06 19390.26,25412.29
edge:declared:db.AgendaNewIssueItemInstitutionMember:institution	20753.81,25947.16 19681.33,24969.16
edge:declared:db.AgendaNewIssueItemInstitutionMemberCeo:member	19914.85,25567.31 20716.31,25947.16
edge:declared:db.AgendaNewIssueItemShareClass:item	19070.84,25213.61 19390.26,25331.54
edge:declared:db.AgendaNewIssueItemShareholder:item	19630.79,24969.16 19537.77,25314.54
edge:declared:db.AgendaNewIssueNewShareClass:new_issue	17326.92,22392.96 17186.29,22376.69
edge:declared:db.AgendaNewOptionsRule:meeting_draft	17417.27,20995.50 17336.10,20695.34
edge:declared:db.AgendaNewOrChangeRsuRule:meeting_draft	17453.86,20846.60 17373.72,20695.34
edge:declared:db.AgendaOptionCancel:meeting_draft	16270.24,20904.06 17136.90,20577.33
edge:declared:db.AgendaOptionCancelGrantee:option_cancel	15644.12,20888.88 16022.24,20918.66
edge:declared:db.AgendaOptionCancelGrantee:option_grantee	15518.66,20837.95 15540.17,19220.79
edge:declared:db.AgendaOptionCancelOption:_deprecated_grantee	15759.65,21016.56 15590.08,20919.95
edge:declared:db.AgendaOptionCancelOption:option_cancel	15931.51,21016.56 16026.86,20977.43
edge:declared:db.AgendaOptionCancelOptionDistribution:option	15738.86,21164.88 15796.18,21098.56
edge:declared:db.AgendaOptionExercise:meeting_draft	14755.76,21841.11 17136.90,20631.61
edge:declared:db.AgendaOptionExerciseClaim:option_exercise	14814.97,21481.25 14677.95,21841.11
edge:declared:db.AgendaOptionExerciseClaim:option_exercise_claim	14817.19,21399.25 13665.78,17873.49
edge:declared:db.AgendaOptionExerciseGrantee:option_exercise	15200.49,21385.34 14711.83,21841.11
edge:declared:db.AgendaOptionExerciseGrantee:option_grantee	15254.78,21295.34 15533.28,19220.79
edge:declared:db.AgendaOptionExerciseGranteeOption:grantee	15222.14,21706.41 15245.47,21385.34
edge:declared:db.AgendaOptionGrant:meeting_draft	16677.94,19741.80 17185.90,20405.34
edge:declared:db.AgendaOptionGrantGrantee:_deprecated_option_grant_event	15957.65,19145.97 16216.62,18589.07
edge:declared:db.AgendaOptionGrantGrantee:option_grant	16004.06,19243.97 16579.95,19651.80
edge:declared:db.AgendaOptionGrantGrantee:option_grantee	15810.86,19185.16 15670.93,19174.08
edge:declared:db.AgendaOptionGrantGrantee:stakeholder	15810.86,19199.92 12852.68,19317.92
edge:declared:db.AgendaPurposeChange:meeting_draft	18569.39,22303.54 17402.14,20695.34
edge:declared:db.AgendaPurposeChangeItem:agenda_purpose_change	18472.91,22661.53 18582.82,22385.54
edge:declared:db.AgendaRsuGrant:meeting_draft	16691.60,20725.08 17136.90,20568.97
edge:declared:db.AgendaRsuGrantGrantee:rsu	14937.78,18087.11 15994.89,15326.85
edge:declared:db.AgendaRsuGrantGrantee:rsu_grant	14946.63,18169.11 16467.23,20707.99
edge:declared:db.AgendaRsuGrantGrantee:stakeholder	14845.31,18169.11 12852.68,19233.37
edge:declared:db.AgendaSubsidiaryEstablishment:meeting_draft	16704.57,21512.55 17207.64,20695.34
edge:declared:db.AgendaTemplate:company	23193.48,8416.32 17154.62,12342.97
edge:declared:db.AiPayrollLedger:payroll	7845.43,5338.72 8879.68,4949.87
edge:declared:db.AlimtalkActivityRecipient:activity	30835.01,14331.59 31347.38,14144.82
edge:declared:db.AlimtalkActivityRecipientStatusHistory:recipient	30686.05,14462.19 30705.84,14413.59
edge:declared:db.AllocatedSeat:stakeholder	11234.36,13426.76 12648.02,19167.54
edge:declared:db.Announcement:company_set	20610.46,12270.14 17154.62,12456.28
edge:declared:db.Announcement:subscription_plan_set	20665.44,12222.46 20502.96,12125.94
edge:declared:db.AnnualSalary:employee	12585.21,14978.72 11784.96,15035.75
edge:declared:db.AnnualSalary:ledger	12821.21,14988.22 13485.23,15088.98
edge:declared:db.Article:third_party_provider	20141.97,19696.57 20122.52,19871.00
edge:declared:db.Article:thumbnail_image	20149.78,19614.57 20221.73,18703.97
edge:declared:db.ArticlePublishHistory:article	20247.86,19754.05 20188.72,19696.57
edge:declared:db.ArticlesOfIncorporation:_deprecated_daily_newspaper	17843.58,15257.22 17946.38,15194.36
edge:declared:db.ArticlesOfIncorporation:articles_of_incorporation_file	17795.08,15371.22 20068.67,18269.97
edge:declared:db.ArticlesOfIncorporation:company	17734.64,15257.22 17024.50,12683.51
edge:declared:db.ArticlesOfIncorporation:source_meeting	17752.90,15371.22 17845.60,17463.80
edge:declared:db.ArticlesOfIncorporationAnalyzationRequest:company	14979.36,7965.84 16868.90,12249.51
edge:declared:db.ArticlesOfIncorporationAnalyzationResult:request	13319.72,7976.96 14780.54,7934.18
edge:declared:db.AuditLog:actor_api_key	17432.09,7303.29 18057.35,7473.12
edge:declared:db.AvailableModusignRequest:company	21318.15,20580.00 17081.06,12683.51
edge:declared:db.AvailableModusignRequest:modusign_account	21360.46,20580.00 21410.68,20497.26
edge:declared:db.BalanceCertificateDocument:new_issue_agenda	15382.27,22445.61 16914.29,22367.87
edge:declared:db.BalanceCertificateDocument:option_exercise_agenda	15185.47,22412.50 14708.65,21939.11
edge:declared:db.BaseModusignDocumentUsageHistory:modusign_document	23482.36,13792.20 22487.77,20566.44
edge:declared:db.BaseModusignDocumentUsageHistory:purchase	23332.88,13757.15 22057.74,13805.97
edge:declared:db.BranchAbolitionEvent:installation_event	18832.71,18131.39 18876.70,18244.33
edge:declared:db.BranchChangeEvent:address	19405.56,18532.63 22563.75,18924.16
edge:declared:db.BranchChangeEvent:installation_event	19210.93,18476.26 18980.20,18342.33
edge:declared:db.BranchInstallationEvent:address	19019.78,18314.42 22563.75,18917.06
edge:declared:db.BulkEmail:sender_mail_integration	15128.96,17202.39 14951.29,17135.95
edge:declared:db.BulkEmail:template_revision	15388.96,17213.54 17672.39,16555.47
edge:declared:db.BulkEmailCommonAttachment:bulk_email	16858.29,17359.45 15388.96,17259.82
edge:declared:db.BulkEmailRecipient:bulk_email	17789.38,19064.66 15355.23,17320.00
edge:declared:db.BulkEmailRecipient:email_activity_recipient	17965.48,19178.66 23649.84,23064.19
edge:declared:db.BulkEmailRecipientAttachment:recipient	18673.45,18885.98 18012.49,19082.92
edge:declared:db.BulkEmailTemplateRevision:template	17831.25,16483.83 19201.48,15179.34
edge:declared:db.BusinessPlan:company	15568.53,11975.94 16774.62,12399.75
edge:declared:db.BusinessPlanAiAnalysis:business_plan_ai_review	14144.48,11163.46 15315.10,11753.84
edge:declared:db.BusinessPlanAiAnalysisItem:ai_analysis_feedback	12876.48,10539.60 12613.80,10401.16
edge:declared:db.BusinessPlanAiAnalysisItem:business_plan_ai_analysis	13038.17,10621.60 13995.41,11089.46
edge:declared:db.BusinessPlanAiAnalysisItemImprovement:ai_analysis_feedback	12569.51,10496.90 12550.81,10401.16
edge:declared:db.BusinessPlanAiAnalysisItemImprovement:business_plan_ai_analysis_item	12748.23,10555.11 12821.28,10564.15
edge:declared:db.BusinessPlanAiReview:business_plan	15415.41,11835.84 15446.07,11901.94
edge:declared:db.BusinessPlanAiReview:company	15492.13,11835.84 16774.62,12385.13
edge:declared:db.BusinessRegistrationCertificate:company	22885.37,8792.01 17154.62,12348.59
edge:declared:db.CaptableRequest:captable_file	18347.98,15387.93 20101.19,18269.97
edge:declared:db.CaptableRequest:company	18291.51,15305.93 17066.03,12683.51
edge:declared:db.CashIncentive:category	13310.39,13885.39 14663.08,13369.36
edge:declared:db.CashIncentive:employee	13145.78,13967.39 11783.70,14944.87
edge:declared:db.CashIncentiveCategory:company	14854.18,13295.36 16774.62,12540.29
edge:declared:db.CashIncentiveItem:cash_incentive	13017.29,13953.69 13078.91,13944.63
edge:declared:db.CashPayment:purchase	22006.42,14078.50 21947.78,13916.64
edge:declared:db.CeoAddressChangeEvent:director	16993.70,15983.87 17320.16,16370.13
edge:declared:db.Charge:credit	20235.49,13684.48 20377.64,13806.04
edge:declared:db.Charge:meeting	20163.21,13684.48 17920.22,17463.80
edge:declared:db.CmeBulkEmail:cme	18217.46,16505.41 19868.72,14548.89
edge:declared:db.CmeBulkEmailRecipient:_deprecated_cme_bulk_email	18716.56,16637.75 18306.86,16556.50
edge:declared:db.CmeBulkEmailRecipient:cme_company	18844.87,16621.34 19104.63,14147.59
edge:declared:db.CmeBulkEmailTemplate:cme	19780.58,15039.99 19911.70,14548.89
edge:declared:db.CmeCompany:company	19051.58,14033.59 17154.62,12609.18
edge:declared:db.CmeCompany:company_managing_entity	19242.87,14147.59 19793.58,14419.66
edge:declared:db.CmeCompany:contact_set	19246.31,14147.59 20192.51,14601.48
edge:declared:db.CmeCompanyContact:cme_company	19485.20,14163.64 19257.49,14117.14
edge:declared:db.CmeCompanyContactNotificationSettings:cme_company_contact	19582.71,14108.06 19593.69,14150.74
edge:declared:db.CmeCompanyDirectorTermManagement:cme_company	19466.14,13992.05 19257.49,14052.76
edge:declared:db.CmeCompanyNote:cme_company	19202.94,13898.34 19149.86,14033.59
edge:declared:db.CmeCompanyRegistration:cme_contact	20222.04,14735.89 20253.97,14691.48
edge:declared:db.CmeCompanyRegistration:company_managing_entity	20154.92,14735.89 19983.25,14548.89
edge:declared:db.CmeCompanyRegistrationFile:cme_company_registration	20297.67,14859.91 20244.47,14817.89
edge:declared:db.CmeContact:company_managing_entity	20185.92,14601.48 20053.58,14542.16
edge:declared:db.CmeMemberRelation:company_managing_entity	20232.98,14465.66 20053.58,14476.23
edge:declared:db.Company:sso_configuration	16774.62,12482.89 16305.84,12523.30
edge:declared:db.CompanyAddressChangeEvent:address	19485.89,18400.32 22563.75,18917.38
edge:declared:db.CompanyAppointedTransferAgentChange:company	21511.72,8626.85 17154.62,12306.07
edge:declared:db.CompanyAuthorizedSharesChange:company	22940.61,9320.05 17154.62,12366.47
edge:declared:db.CompanyBenefit:company	21813.24,9322.94 17154.62,12343.32
edge:declared:db.CompanyBulkEmailTemplate:company	18830.66,14449.17 17154.62,12668.38
edge:declared:db.CompanyCreateAssignmentReadiness:company	18413.47,9314.71 17064.37,12249.51
edge:declared:db.CompanyCreateProgress:company_create_request	22249.75,16731.64 22155.48,16726.66
edge:declared:db.CompanyCreateRequest:address	22045.72,16784.79 22678.83,18818.25
edge:declared:db.CompanyCreateRequest:articles_of_incorporation_attachment	21959.77,16784.79 20428.87,18299.04
edge:declared:db.CompanyCreateRequest:company	21948.14,16654.79 17154.62,12626.19
edge:declared:db.CompanyDepartment:department_code	12579.77,14084.79 12566.32,14002.25
edge:declared:db.CompanyDepartmentCode:organization_chart	12682.33,13913.49 14199.24,13427.05
edge:declared:db.CompanyDocumentAIAnalysis:company	19096.10,15915.53 17098.73,12683.51
edge:declared:db.CompanyDocumentAIAnalysis:file	19139.55,15997.53 20143.05,18269.97
edge:declared:db.CompanyDocumentDelivery:company	18360.44,12554.81 17154.62,12478.53
edge:declared:db.CompanyEndorsement:company	23240.34,6717.08 17154.62,12292.44
edge:declared:db.CompanyEndorsementFeed:company_endorsement	24076.67,6471.50 23398.73,6649.16
edge:declared:db.CompanyExpertClientRelation:company	20847.99,14467.72 17154.62,12564.42
edge:declared:db.CompanyExpertClientRelation:expert_client	20934.09,14541.72 20966.37,14625.26
edge:declared:db.CompanyFeed:company	25223.59,3723.80 17154.62,12265.38
edge:declared:db.CompanyFeedAccessLog:company_feeds	34766.82,3986.60 25397.66,3674.93
edge:declared:db.CompanyFeedAccessLog:venture_capital	34874.58,4027.53 32598.21,12250.52
edge:declared:db.CompanyFeedRating:company_feed	26762.14,3647.39 25397.66,3668.85
edge:declared:db.CompanyGuideState:company	19001.34,12709.47 17154.62,12489.18
edge:declared:db.CompanyInvestmentContractInfo:company	19706.87,13031.87 17154.62,12505.68
edge:declared:db.CompanyInvestorInterest:company	27258.20,8288.00 17154.62,12390.97
edge:declared:db.CompanyInvestorInterest:venture_capital	27394.94,8288.00 32357.46,12311.99
edge:declared:db.CompanyInvitation:invitee	20558.35,9408.20 17154.62,12299.34
edge:declared:db.CompanyIrClosingFeed:investor_relations	26389.46,6303.24 27225.34,7455.18
edge:declared:db.CompanyIrNewCommitFeed:investor_relations	26791.32,6162.31 27271.08,7455.18
edge:declared:db.CompanyIrOpenFeed:investor_relations	26914.79,5638.31 27292.16,7455.18
edge:declared:db.CompanyIrSetting:company	20360.08,9172.45 17154.62,12282.18
edge:declared:db.CompanyLegalPartnerRelation:company	21402.68,14388.89 17154.62,12548.81
edge:declared:db.CompanyLegalPartnerRelation:legal_partner	21496.89,14462.89 21537.00,14631.67
edge:declared:db.CompanyManagementAssignment:company	18328.07,9003.53 17047.58,12249.51
edge:declared:db.CompanyManagingEntity:expert_client	20053.58,14507.20 20861.31,14652.02
edge:declared:db.CompanyManagingEntity:expert_partner	20053.58,14505.47 21412.71,14731.10
edge:declared:db.CompanyManagingEntity:holding_company	19944.22,14418.89 19957.56,14376.87
edge:declared:db.CompanyMethodOfGivingPublicNoticeChange:company	17572.35,14576.04 17026.09,12683.51
edge:declared:db.CompanyMethodOfGivingPublicNoticeChange:daily_newspaper	17612.50,14650.04 17980.77,15112.36
edge:declared:db.CompanyMnaSetting:company	20974.65,8441.63 17154.62,12275.81
edge:declared:db.CompanyNameChange:company	14789.25,10909.21 16774.62,12330.49
edge:declared:db.CompanyNews:company	18223.43,8789.93 17038.92,12249.51
edge:declared:db.CompanyNewsFeed:company_news	20570.41,8316.66 18361.47,8725.95
edge:declared:db.CompanyNewsLink:company_news	18790.92,7767.92 18260.60,8707.93
edge:declared:db.CompanyNotificationSetting:company	16246.27,11572.57 16790.24,12249.51
edge:declared:db.CompanyNotificationTrigger:notification_setting	15968.98,11035.81 16198.21,11498.57
edge:declared:db.CompanyOptionRule:company	18386.19,12939.50 17154.62,12529.73
edge:declared:db.CompanyOverview:company	17415.03,8924.33 16992.21,12249.51
edge:declared:db.CompanyOwnerAddRequest:company	20434.02,9965.28 17154.62,12329.53
edge:declared:db.CompanyOwnerAuditLog:company	12042.90,7969.22 16774.62,12292.90
edge:declared:db.CompanyOwnerAuditLogOwnerRoleRelation:company_owner_audit_log	11784.62,8835.42 11988.39,7969.22
edge:declared:db.CompanyOwnerAuditLogOwnerRoleRelation:owner_role	11785.66,8909.42 12353.06,11062.43
edge:declared:db.CompanyOwnerNotificationTrigger:trigger	15885.61,11171.54 15936.72,11035.81
edge:declared:db.CompanyParValueChange:_deprecated_articles_of_incorporation	17490.51,15056.84 17692.82,15257.22
edge:declared:db.CompanyParValueChange:company	17446.08,14982.84 17006.14,12683.51
edge:declared:db.CompanyPaymentLink:company	21700.28,12206.22 17154.62,12456.07
edge:declared:db.CompanyPolicyFile:company	20593.53,8601.83 17154.62,12264.17
edge:declared:db.CompanyProfileAccessLog:company	27196.10,8513.52 17154.62,12393.10
edge:declared:db.CompanyProfileAccessLog:venture_capital	27340.68,8513.52 32357.46,12316.05
edge:declared:db.CompanyPromotionWinLog:company	15708.26,8233.50 16900.22,12249.51
edge:declared:db.CompanyPromotionWinLog:prize_type	15820.09,8184.58 16506.76,8140.73
edge:declared:db.CompanyPromotionWinLog:promotion	15748.62,8233.50 16224.87,8605.24
edge:declared:db.CompanyPurposeChange:company	17585.01,14133.34 17045.39,12683.51
edge:declared:db.CompanyPurposeChangeItem:company_purpose_change	17730.12,14442.25 17616.65,14207.34
edge:declared:db.CompanyPurposeChangeItem:industrial_code	17764.54,14516.25 17848.80,14704.62
edge:declared:db.CompanyQuestionThread:company	18985.06,14210.59 17154.62,12630.52
edge:declared:db.CompanyQuestionThread:expert_partner	19230.16,14325.78 21412.71,14728.27
edge:declared:db.CompanyRegistrationAssignment:company	21479.68,9962.36 17154.62,12361.13
edge:declared:db.CompanyRegistrationAssignmentLog:company	20005.77,11855.07 17154.62,12428.31
edge:declared:db.CompanyRsuRule:_deprecate_articles_of_incorporation	17668.74,15213.50 17704.18,15257.22
edge:declared:db.CompanyRsuRule:company	17629.53,15139.50 17017.13,12683.51
edge:declared:db.CompanySsoEmailDomain:configuration	15292.07,12505.69 16057.84,12530.05
edge:declared:db.CompanySsoIdentity:configuration	15920.89,12620.10 16057.84,12574.91
edge:declared:db.CompanyStockTransferRestrictedChange:company	17874.82,9011.78 17021.79,12249.51
edge:declared:db.CompanyStockValue:company	20825.34,10490.97 17154.62,12369.29
edge:declared:db.CompanyTag:company_set	22040.63,9026.43 17154.62,12337.74
edge:declared:db.CompanyTanTableView:company	13113.21,10055.47 16774.62,12347.57
edge:declared:db.CompanyTodo:company	22914.12,9613.33 17154.62,12375.39
edge:declared:db.CompanyUpdateRequest:change_detection	18436.68,14075.15 18483.20,14402.39
edge:declared:db.CompanyUpdateRequest:company	18392.51,13993.15 17154.62,12669.65
edge:declared:db.CompanyUpdateRequest:company_question_thread	18532.38,14075.15 18946.16,14242.25
edge:declared:db.CompanyUserRelation:company	11099.80,12388.30 16774.62,12463.98
edge:declared:db.CompanyUserRelation:stakeholder	10987.88,12435.65 12647.96,19167.54
edge:declared:db.CompanyUserRelationOwnerRoleRelation:company_user_relation	11700.94,11588.14 11020.30,12337.65
edge:declared:db.CompanyUserRelationOwnerRoleRelation:owner_role	11787.67,11514.14 12295.61,11160.43
edge:declared:db.ConsentForm:investor	25305.98,36661.19 13259.22,22796.06
edge:declared:db.ConsentForm:item	25336.21,36661.19 22868.69,26867.93
edge:declared:db.ConsentForm:uploaded_consent_form_file	25334.82,36661.19 20299.98,18703.97
edge:declared:db.ConsentFormModusignDocument:consent_form	25348.51,35773.99 25348.55,36661.19
edge:declared:db.ConsentFormModusignEmbeddedDraft:consent_form	22972.80,25761.61 25337.92,36661.19
edge:declared:db.CorporateRegistration:attachment	19001.24,15660.65 20143.85,18269.97
edge:declared:db.CorporateRegistration:company	18948.38,15562.65 17103.66,12683.51
edge:declared:db.CorporateRegistrationChangeConfirmation:change_detection	18662.77,14336.70 18563.90,14402.39
edge:declared:db.CorporateRegistrationChangeConfirmation:staff_review_required_question_thread	18889.95,14299.65 18946.16,14299.63
edge:declared:db.CorporateRegistrationChangeDetection:company	18452.53,14402.39 17132.67,12683.51
edge:declared:db.CorporateRegistrationChangeDetection:xml_file	18511.39,14500.39 20144.72,18269.97
edge:declared:db.CorporateRegistrationChangeDetectionParseResult:change_detection	18540.03,14211.40 18500.34,14402.39
edge:declared:db.CorporateRegistrationExtractionLog:corporate_registration_issue_log	20301.83,16046.65 20436.15,15864.63
edge:declared:db.CorporateRegistrationIssueCoupon:company	18583.56,13516.63 17154.62,12606.79
edge:declared:db.CorporateRegistrationIssueCouponIssueLog:coupon	18974.40,13765.79 18712.25,13598.63
edge:declared:db.CorporateRegistrationIssueCouponUseRequest:coupon	19238.43,14616.90 18670.81,13598.63
edge:declared:db.CorporateRegistrationIssueCouponUseResult:corporate_registration	19202.06,15606.12 19103.78,15608.57
edge:declared:db.CorporateRegistrationIssueCouponUseResult:log	19587.06,15639.61 20331.81,15787.69
edge:declared:db.CorporateRegistrationIssueCouponUseResult:request	19388.70,15560.34 19264.35,14690.90
edge:declared:db.CorporateRegistrationIssueLog:_deprecated_staff_review_required_question_thread	20427.57,15766.63 19169.42,14388.59
edge:declared:db.CorporateRegistrationIssueLog:pdf_file	20468.03,15864.63 20257.84,18269.97
edge:declared:db.CorporateRegistrationIssueMaintenance:third_party_api_notice	29446.82,15830.26 28922.56,15812.21
edge:declared:db.CorporateRegistrationIssueRequest:delivery	19215.60,12490.52 19319.37,12448.50
edge:declared:db.CorporateRegistrationPaidIssue:company	19930.09,13804.57 17154.62,12552.24
edge:declared:db.CorporateRegistrationPaidIssue:corporate_registration	19996.78,13886.57 19008.67,15562.65
edge:declared:db.CorporationPostRegistrationEmail:company	15089.23,7652.40 16880.09,12249.51
edge:declared:db.CorporationPostRegistrationScheduledEmail:corporation_post_registration_email	16227.37,7721.43 15220.32,7628.79
edge:declared:db.CorporationPostRegistrationScheduledEmailPeriodicTaskRelation:corporation_post_registration_scheduled_email	16133.66,7626.57 16318.33,7701.22
edge:declared:db.Credit:company	20317.62,13806.04 17154.62,12542.42
edge:declared:db.CreditCard:company	22822.84,13369.51 17154.62,12495.80
edge:declared:db.CreditCard:investment_association	23013.52,13437.62 27213.38,16524.28
edge:declared:db.CreditCard:legal_partner	22897.41,13437.62 21692.81,14631.67
edge:declared:db.CreditCard:venture_capital	23070.84,13376.57 32357.46,12473.41
edge:declared:db.CreditUse:credit	21318.79,13902.43 20554.26,13858.21
edge:declared:db.CreditUse:purchase	21554.79,13884.90 21761.74,13842.18
edge:declared:db.CsAgentResponse:inquiry_thread_message	23485.51,11410.96 22940.96,11484.85
edge:declared:db.CsAgentResponseFeedBack:cs_agent_response	23916.39,11337.81 23733.51,11371.38
edge:declared:db.DebtConfirmationAndOffsetContractDocument:new_issue_item	18259.10,25299.75 19390.26,25371.32
edge:declared:db.DepartmentStaffUserRelation:department	18333.43,31815.04 16423.26,32255.76
edge:declared:db.DirectorAppointmentEvent:director	17033.32,16284.41 17271.28,16385.41
edge:declared:db.DirectorCompensationDecisionEvent:director	17277.76,16848.51 17383.96,16516.13
edge:declared:db.DirectorCompensationLimitEvent:director	17272.88,16648.76 17359.57,16516.13
edge:declared:db.DirectorTermEndEvent:appointment_event	17024.39,16369.63 16965.20,16284.41
edge:declared:db.DirectorTermEndEvent:director	17176.86,16422.00 17271.28,16430.66
edge:declared:db.DirectorVote:agenda	16265.73,20715.39 16404.69,20917.80
edge:declared:db.DirectorVote:attended_director	16203.68,20641.39 16048.23,20484.44
edge:declared:db.DirectorVotingRightsPerAgenda:agenda	15940.34,20743.39 16326.53,20938.91
edge:declared:db.DirectorVotingRightsPerAgenda:director	15883.78,20669.39 15966.33,20484.44
edge:declared:db.DirectorsMeeting:chairperson	16438.32,20248.18 16133.77,20370.44
edge:declared:db.DirectorsMeeting:meeting	16598.23,20135.00 17793.41,17697.80
edge:declared:db.DirectorsMeeting:sealed_meeting_minutes_file	16698.32,20135.47 20048.87,18575.43
edge:declared:db.DirectorsMeetingAgenda:agenda_bonus_issue	16610.53,20947.68 18031.41,20316.04
edge:declared:db.DirectorsMeetingAgenda:agenda_branch_change	16610.53,20921.49 17926.30,20093.97
edge:declared:db.DirectorsMeetingAgenda:agenda_co_ceo_system_change	16609.31,21103.80 17020.24,21375.26
edge:declared:db.DirectorsMeetingAgenda:agenda_custom	16610.53,20997.32 16846.48,20974.92
edge:declared:db.DirectorsMeetingAgenda:agenda_director_change	16359.89,21103.80 14399.43,22782.08
edge:declared:db.DirectorsMeetingAgenda:agenda_director_compensation_decision	16461.90,21103.80 16413.67,21780.03
edge:declared:db.DirectorsMeetingAgenda:agenda_financial_statements	16610.53,20921.53 18184.58,19931.96
edge:declared:db.DirectorsMeetingAgenda:agenda_head_office_relocation	16610.53,21052.18 18588.05,21628.43
edge:declared:db.DirectorsMeetingAgenda:agenda_new_issue	16508.60,21103.80 17013.67,22275.97
edge:declared:db.DirectorsMeetingAgenda:agenda_option_cancel	16326.53,20974.51 16270.24,20960.12
edge:declared:db.DirectorsMeetingAgenda:agenda_rsu_grant	16544.90,20917.80 16599.70,20797.99
edge:declared:db.DirectorsMeetingAgenda:agenda_shareholders_meeting_convocation	16610.53,21100.82 16828.55,21239.03
edge:declared:db.DirectorsMeetingAgenda:agenda_subsidiary_establishment	16504.65,21103.80 16663.41,21512.55
edge:declared:db.DirectorsMeetingAgenda:meeting	16479.92,20917.80 16560.85,20257.00
edge:declared:db.DirectorsMeetingDirectorAttendance:stakeholder	15826.77,20372.38 12852.68,19379.93
edge:declared:db.DirectorsMeetingNoticeEmail:directors_meeting	16684.74,19222.62 16575.62,20135.00
edge:declared:db.DirectorsMeetingNoticeEmailRecipient:director	16888.96,19389.64 16041.05,20370.44
edge:declared:db.DirectorsMeetingNoticeEmailRecipient:email	16866.78,19307.64 16747.27,19222.62
edge:declared:db.DocumentDelivery:delivery	19648.84,12608.37 20086.15,12423.34
edge:declared:db.DocumentDeliveryQuestionThreadRelation:document_delivery	19916.26,12639.90 19675.94,12644.02
edge:declared:db.DocumentDeliveryQuestionThreadRelation:question_thread	20259.26,12644.82 20355.29,12649.22
edge:declared:db.DocumentParseResult:attachment	19939.91,16883.72 19927.74,17030.93
edge:declared:db.DormantUserEmail:user	5118.93,30184.37 3994.36,31157.77
edge:declared:db.DormantUserPhone:user	4524.61,29620.53 3962.00,31157.77
edge:declared:db.DormantUserReactivationToken:user	5253.19,30317.38 4007.75,31157.77
edge:declared:db.ESOP:company	12331.47,16424.25 16774.62,12628.81
edge:declared:db.ESOP:shareholder	12273.30,16538.25 13193.45,22666.06
edge:declared:db.ESOPParticipant:esop	12106.36,16040.01 12244.28,16424.25
edge:declared:db.EditableCompanyOwnerAuditLog:company	23682.17,9372.01 17154.62,12378.98
edge:declared:db.ElectronicCertificate:company	17782.63,16942.01 17004.28,12683.51
edge:declared:db.ElectronicCertificate:director	17720.95,16942.01 17512.22,16516.13
edge:declared:db.ElectronicCertificateApplicationFormDocument:stakeholder	11392.66,25795.70 12652.52,19481.54
edge:declared:db.ElectronicCertificateCaseReportDocument:stakeholder	11775.29,25590.64 12663.85,19481.54
edge:declared:db.ElectronicCertificateFileDownloadHistory:file_uploaded	18529.00,17247.62 18450.01,17200.19
edge:declared:db.ElectronicCertificateFileUploadRequest:electronic_certificate	17999.68,17007.87 17914.85,16999.40
edge:declared:db.ElectronicCertificateFileUploaded:file_upload_request	18330.23,17126.19 18229.34,17062.00
edge:declared:db.ElectronicCertificateReturnRequest:electronic_certificate	21185.51,19055.24 17914.85,17032.01
edge:declared:db.ElectronicCertificateReturnRequest:recipient_address	21398.32,19076.53 22563.75,18956.83
edge:declared:db.EmailActivityRecipient:email_activity	23723.99,23162.19 23848.97,25638.19
edge:declared:db.EmailActivityRecipientStatusHistory:recipient	24056.68,24590.59 23732.64,23162.19
edge:declared:db.EmailVerification:email	23516.23,4779.00 23091.35,4553.93
edge:declared:db.Employee:department_code_set	11727.58,14944.87 12517.28,14002.25
edge:declared:db.Employee:group_set	11784.96,14967.30 13716.61,13917.18
edge:declared:db.EmployeeDepartmentCodeRelation:department_code	12040.18,14303.50 12485.84,14002.25
edge:declared:db.EmployeeDepartmentCodeRelation:employee	11967.48,14377.50 11692.00,14944.87
edge:declared:db.EmployeeGroup:company	13867.81,13843.18 16774.62,12549.63
edge:declared:db.EmployeeNumber:company	13837.44,13990.22 16774.62,12559.09
edge:declared:db.EmployeeNumber:employee	13684.56,14064.22 11784.96,14977.59
edge:declared:db.EmployeeOption:company	13040.23,12759.98 16774.62,12480.72
edge:declared:db.EmployeeOption:grantee	12861.07,12822.25 11871.62,13772.97
edge:declared:db.EmployeeOptionExerciseCandidate:management	13889.00,13193.52 14428.94,13898.90
edge:declared:db.EmployeeOptionExerciseCandidate:option	13743.22,13103.52 13040.23,12819.37
edge:declared:db.EmployeeOptionExerciseCandidate:option_exercise_claim	14002.55,13129.96 14584.09,13057.05
edge:declared:db.EmployeeOptionExerciseCandidateFile:candidate	13449.64,12879.89 13786.72,13103.52
edge:declared:db.EmployeeOptionExerciseClaim:company	14850.09,13006.42 16774.62,12515.02
edge:declared:db.EmployeeOptionExerciseClaimOption:option	13760.37,12778.59 13040.23,12770.62
edge:declared:db.EmployeeOptionExerciseClaimOption:option_exercise_claim	14027.70,12817.28 14590.40,12999.38
edge:declared:db.EmployeeOptionExerciseManagement:company	14530.02,13898.90 16774.62,12578.30
edge:declared:db.EmployeeOptionExerciseManagementEmail:management	15018.34,15040.75 14481.11,13980.90
edge:declared:db.EmployeeOptionVesting:employee_option	12253.78,12991.89 12792.23,12810.92
edge:declared:db.EmployeeOptionVestingItem:option_vesting	12087.72,13212.55 12132.41,13065.89
edge:declared:db.EmployeeOptionVestingTraceable:option	12821.99,13149.49 12903.09,12822.25
edge:declared:db.EmployeeStock:participant	12158.33,15907.99 12125.44,15950.01
edge:declared:db.EmployeeStockGuide:esop	12477.13,16453.07 12394.74,16464.00
edge:declared:db.EmployeeStockGuideAudience:employee_stock_guide	13005.23,15909.34 12632.55,16395.61
edge:declared:db.EmployeeStockGuideAudience:participant	12910.09,15888.40 12214.21,15978.89
edge:declared:db.EmployeeStockGuideEmail:employee_stock_guide	14172.36,17095.65 12698.88,16477.61
edge:declared:db.EmployeeStockTag:category	12499.17,16140.50 12430.60,16141.33
edge:declared:db.EmployeeStockTag:employee_stock_set	12556.49,16098.00 12247.47,15907.99
edge:declared:db.EmployeeStockTag:esop	12580.23,16180.00 12324.43,16424.25
edge:declared:db.EmployeeStockTagCategory:esop	12307.37,16179.76 12272.80,16424.25
edge:declared:db.EmployeeStockWithdrawRequest:account	13104.47,16828.01 13585.06,16878.12
edge:declared:db.EmployeeStockWithdrawRequest:esop	12894.75,16777.35 12386.02,16538.25
edge:declared:db.EmploymentCertificateDocumentRequest:company	14310.31,14327.24 16774.62,12599.70
edge:declared:db.EmploymentCertificateDocumentRequest:history	14097.03,14394.94 12857.40,14632.02
edge:declared:db.EmploymentStatusHistory:connected_hrm_status_event	12609.40,14698.01 9306.90,15823.84
edge:declared:db.EmploymentStatusHistory:employee	12609.40,14700.10 11784.96,14995.07
edge:declared:db.EmploymentStatusHistory:related_events	12813.09,14700.74 16539.11,16804.85
edge:declared:db.Event:company	16693.95,16779.43 16951.00,12683.51
edge:declared:db.EventAttachment:company	16839.83,14712.74 16952.56,12683.51
edge:declared:db.EventAttachment:event	16835.16,14786.74 16694.79,16779.43
edge:declared:db.ExpertClientIncorporationSupport:contact_set	20665.20,14815.00 20387.49,14691.48
edge:declared:db.ExpertClientIncorporationSupport:expert_client	20808.80,14815.00 20923.86,14723.26
edge:declared:db.ExpertClientIncorporationSupport:incorporation_request	20770.53,14897.00 21082.59,15869.89
edge:declared:db.ExpertClientSignupChannel:expert_client	22640.92,14895.20 21109.31,14690.81
edge:declared:db.ExpertClientTaxServiceSettings:expert_client	20974.26,14960.31 20983.42,14723.26
edge:declared:db.ExpertClientTaxServiceSettings:legal_partner	21064.14,14960.31 21412.71,14819.07
edge:declared:db.ExpressDelivery1:order_status_history	5842.05,9819.60 5897.44,9962.89
edge:declared:db.ExpressDelivery1:seal_card_return_status_history	5709.75,9791.83 5625.38,9798.43
edge:declared:db.ExternalStockInfo:company	17644.73,8668.27 17003.48,12249.51
edge:declared:db.FABContent:thumbnail_image	21129.54,17944.57 20428.87,18371.26
edge:declared:db.FinancialAccount:institution	13717.01,16842.05 13750.95,16632.98
edge:declared:db.FinancialStatementsForNewIssueFromConversionDocument:new_issue	16848.97,23863.02 17038.90,22445.97
edge:declared:db.Fund:fund_partners	30006.34,13649.13 30638.02,13961.17
edge:declared:db.Fund:portfolio_company_set	29791.24,13638.82 27535.26,14270.01
edge:declared:db.Fund:venture_capital	30018.13,13559.13 32357.46,12535.99
edge:declared:db.FundPartner:venture_capital	30769.28,13961.17 32357.46,12611.85
edge:declared:db.FundingNewsDistributionServiceRequest:company	18741.96,15083.81 17111.98,12683.51
edge:declared:db.FundingNewsDistributionServiceRequest:company_question_thread	18789.65,15083.81 19054.28,14388.59
edge:declared:db.FundingNewsDistributionServiceRequest:logo	18792.17,15173.81 20144.12,18269.97
edge:declared:db.HelpTemplate:partners_to_share	10255.45,9109.46 21412.71,14679.79
edge:declared:db.Hrm:company	5517.40,16065.54 16774.62,12526.25
edge:declared:db.HrmAlpConfig:hrm	4141.43,15859.59 5197.40,16082.12
edge:declared:db.HrmAlpConfigIndivApprovalTemplateRel:alp_config	4327.95,15618.32 4075.50,15797.72
edge:declared:db.HrmAlpExcludedEmp:emp	9547.49,17976.80 9052.82,18071.71
edge:declared:db.HrmAlpLaborReceiptRefusal:emp	9197.19,18834.94 8955.77,18277.71
edge:declared:db.HrmAlpTarget:emp	9214.73,18516.08 9021.24,18277.71
edge:declared:db.HrmAlpUsageDesignation:target	9524.55,18615.32 9372.01,18583.19
edge:declared:db.HrmAlpUsageDesignationDate:leave_usage	10121.44,18449.90 10314.79,18438.58
edge:declared:db.HrmAlpUsageDesignationDate:usage_designation	9923.23,18494.34 9713.76,18603.17
edge:declared:db.HrmAlpUsagePlan:target	9459.51,18262.04 9277.40,18516.08
edge:declared:db.HrmAlpUsagePlanDate:usage_plan	9685.67,18196.67 9612.90,18205.68
edge:declared:db.HrmAnnualLeaveAdjustment:emp	9338.47,18077.26 9052.82,18094.39
edge:declared:db.HrmAnnualLeaveConfigBase:annual_leave	8320.97,22527.42 8333.24,21763.28
edge:declared:db.HrmApproval:approvable	7978.18,18063.72 7712.69,17881.86
edge:declared:db.HrmApproval:requestor	8167.87,18108.13 8708.82,18105.53
edge:declared:db.HrmApprovalLine:actual_approver	8283.17,18215.39 8708.82,18136.56
edge:declared:db.HrmApprovalLine:approval	8122.70,18197.35 8083.90,18153.72
edge:declared:db.HrmApprovalLine:approver	8077.39,18279.35 7666.42,18485.38
edge:declared:db.HrmApprovalReview:approval	7840.89,18271.91 7987.90,18153.72
edge:declared:db.HrmApprovalReview:approver	7757.11,18345.91 7614.79,18485.38
edge:declared:db.HrmApprovalTemplate:hrm	7068.42,18078.14 5480.34,16256.84
edge:declared:db.HrmApprovalTemplateLine:approver	7437.83,18392.46 7516.07,18485.38
edge:declared:db.HrmApprovalTemplateLine:template	7359.32,18318.46 7156.65,18160.14
edge:declared:db.HrmApprovalTemplateReview:approver	7185.24,18357.51 7450.68,18485.38
edge:declared:db.HrmApprovalTemplateReview:template	7107.65,18283.51 7105.04,18160.14
edge:declared:db.HrmApprover:dept	7436.70,18527.83 5854.69,18393.25
edge:declared:db.HrmApprover:emp	7684.70,18497.65 8708.82,18161.21
edge:declared:db.HrmAttendance:emp	8348.78,17868.68 8708.82,18028.41
edge:declared:db.HrmAttendanceItem:attendance	8480.17,17764.25 8380.36,17792.53
edge:declared:db.HrmAttendanceItem:emp	8634.37,17770.10 8753.40,17931.71
edge:declared:db.HrmAttendanceLocation:attendance_item	9335.00,17155.83 8656.44,17688.10
edge:declared:db.HrmAttendanceLocation:ongoing_attendance	9457.43,17155.83 9753.47,17397.74
edge:declared:db.HrmAttendanceLocation:personal_location	9442.87,17057.83 10097.69,16351.01
edge:declared:db.HrmAttendanceLocation:work_location	9360.16,17057.83 8130.22,15442.50
edge:declared:db.HrmCertificateConfig:hrm	4947.95,16165.95 5197.40,16135.42
edge:declared:db.HrmCertificateConfigIndividualApprovalTemplateRelation:certificate_config	4345.48,16614.59 4788.67,16217.39
edge:declared:db.HrmCertificateIssue:connected_status_event	9748.14,16103.14 9306.90,15918.11
edge:declared:db.HrmCertificateIssue:emp	9825.73,16185.14 8965.98,17931.71
edge:declared:db.HrmCommonLocation:work_location_config	9269.15,15579.47 9748.30,15479.95
edge:declared:db.HrmConciergeRequest:company	18274.08,10672.56 17123.02,12249.51
edge:declared:db.HrmDailyLeaveUsageItem:usage	9411.34,20641.31 10418.14,18487.97
edge:declared:db.HrmDept:hrm	5714.80,18321.19 5380.25,16256.84
edge:declared:db.HrmDeptName:dept	4731.15,19529.86 5671.88,18443.19
edge:declared:db.HrmDeptName:event	4688.95,19603.86 4567.63,20045.40
edge:declared:db.HrmDeptParent:dept	5326.10,19521.19 5703.34,18443.19
edge:declared:db.HrmDeptParent:event	5325.37,19603.19 5446.23,19966.90
edge:declared:db.HrmDeptReorg:hrm	4893.33,15381.55 5268.29,15974.84
edge:declared:db.HrmDeptStatus:dept	5742.63,19746.40 5725.49,18443.19
edge:declared:db.HrmDeptStatus:event	5739.37,19820.40 5586.78,21326.54
edge:declared:db.HrmDocument:emp	7146.92,15650.14 8760.98,17931.71
edge:declared:db.HrmDocument:form	7049.85,15552.14 5819.14,14585.88
edge:declared:db.HrmDocument:hrm	6988.26,15637.60 5517.40,16070.07
edge:declared:db.HrmDocumentDraft:emp	6579.22,14356.21 8774.60,17931.71
edge:declared:db.HrmDocumentDraft:form	6430.05,14349.68 5880.73,14502.41
edge:declared:db.HrmDocumentDraftFieldAttachment:field_value	6064.52,11388.31 5315.04,12889.69
edge:declared:db.HrmDocumentDraftFieldMultiSelectValue:field_value	5153.01,13277.11 5274.24,12979.69
edge:declared:db.HrmDocumentDraftFieldMultiSelectValue:selected_option	5094.41,13351.11 4965.75,13460.49
edge:declared:db.HrmDocumentDraftFieldValue:draft	5333.70,12979.69 6516.59,14274.21
edge:declared:db.HrmDocumentDraftFieldValue:field_definition	5235.51,12979.69 4020.74,13937.59
edge:declared:db.HrmDocumentFieldAttachment:field_value	5335.23,14242.26 5801.23,14199.65
edge:declared:db.HrmDocumentFieldMultiSelectValue:field_value	5481.77,13872.64 5862.01,14143.31
edge:declared:db.HrmDocumentFieldMultiSelectValue:selected_option	5373.07,13798.64 4980.38,13542.49
edge:declared:db.HrmDocumentFieldValue:document	5963.04,14233.31 7071.09,15552.14
edge:declared:db.HrmDocumentFieldValue:field_definition	5801.23,14175.31 4111.67,13998.11
edge:declared:db.HrmDocumentForm:hrm	5744.34,14585.88 5393.06,15974.84
edge:declared:db.HrmDocumentFormFieldDefinition:form	4109.24,14027.59 5632.73,14498.55
edge:declared:db.HrmDocumentFormFieldSelectOption:field_definition	4836.23,13542.49 4052.89,13937.59
edge:declared:db.HrmDocumentFormIndividualApprovalTemplateRelation:document_form	5188.73,14672.91 5632.73,14566.58
edge:declared:db.HrmEmp:connected_employee	9037.04,17931.71 11551.76,15146.87
edge:declared:db.HrmEmp:hrm	8708.82,18007.62 5517.40,16206.16
edge:declared:db.HrmEmpAffiliation:emp	7390.61,17797.21 8708.82,18067.60
edge:declared:db.HrmEmpAffiliation:event	7317.69,17730.78 8136.95,17073.21
edge:declared:db.HrmEmpAffiliationDept:affiliation	6862.10,17723.23 7142.61,17756.90
edge:declared:db.HrmEmpAffiliationDept:dept	6688.07,17746.07 5817.07,18321.19
edge:declared:db.HrmEmpContract:emp	8955.50,33072.72 8881.68,18277.71
edge:declared:db.HrmEmpContract:mgmt	8945.41,33072.72 6562.00,23579.70
edge:declared:db.HrmEmpContractCommonVar:hrm	5629.01,15684.21 5446.13,15974.84
edge:declared:db.HrmEmpContractMgmt:hrm	6545.11,23497.70 5380.09,16256.84
edge:declared:db.HrmEmpContractMgmt:template_revision	6498.71,23497.70 5043.63,22372.00
edge:declared:db.HrmEmpContractModusignDocument:hrm_emp_contract	25827.80,37270.19 9079.70,33144.27
edge:declared:db.HrmEmpContractTemplate:hrm	4288.42,20203.10 5320.52,16256.84
edge:declared:db.HrmEmpContractTemplateRevision:template	4976.67,22290.00 4291.34,20277.10
edge:declared:db.HrmEmpContractTemplateRevisionSigner:revision	4399.75,22823.82 4941.47,22372.00
edge:declared:db.HrmEmpEmploymentType:emp	8892.65,17507.84 8884.25,17931.71
edge:declared:db.HrmEmpEmploymentType:event	8880.37,17433.84 8861.25,17379.47
edge:declared:db.HrmEmpJob:emp	7465.85,16798.45 8708.82,17945.92
edge:declared:db.HrmEmpJob:event	7532.44,16714.66 7943.12,16612.67
edge:declared:db.HrmEmpJob:level	7284.44,16754.70 6944.03,16780.08
edge:declared:db.HrmEmpJob:position	7315.35,16692.45 7009.29,16518.21
edge:declared:db.HrmEmpJob:role	7284.44,16721.14 6770.30,16620.34
edge:declared:db.HrmEmpJob:title	7353.63,16692.45 6614.04,15977.34
edge:declared:db.HrmEmpJobLevel:hrm	6745.29,16751.88 5517.40,16189.16
edge:declared:db.HrmEmpJobPosition:hrm	6826.30,16454.04 5517.40,16152.68
edge:declared:db.HrmEmpJobRole:hrm	6552.77,16560.21 5517.40,16175.32
edge:declared:db.HrmEmpJobTitle:hrm	6457.77,15957.34 5517.40,16092.79
edge:declared:db.HrmEmpMov:hrm	5936.54,15803.89 5517.40,16029.66
edge:declared:db.HrmEmpReturnToWorkEvent:absence_event	9160.10,15720.00 9087.10,15720.00
edge:declared:db.HrmEmpSalaryAccount:emp	12165.90,16974.96 9052.82,18045.56
edge:declared:db.HrmEmpSalaryAccount:institution	12391.49,16910.15 13634.25,16617.21
edge:declared:db.HrmEmpStatus:emp	10313.39,16193.71 9010.51,17931.71
edge:declared:db.HrmEmpStatus:event	10223.13,16127.10 9306.90,15897.22
edge:declared:db.HrmEmpUserInvitation:emp	7326.15,17911.80 8708.82,18083.37
edge:declared:db.HrmEmpUserInvitation:hrm	7159.67,17855.41 5503.48,16256.84
edge:declared:db.HrmEmpUserInvitationInvitee:invitation	7409.21,18161.48 7234.18,17937.41
edge:declared:db.HrmEmpWorkAssignment:emp	7977.84,18818.64 8708.82,18240.70
edge:declared:db.HrmEmpWorkAssignment:work	7813.04,18871.63 7034.20,18977.19
edge:declared:db.HrmEmpWorkLocationAssignment:work_location	8487.65,16143.72 8118.69,15442.50
edge:declared:db.HrmEmpWorkLocationAssignment:work_location_config	8502.24,16217.72 8446.87,16637.89
edge:declared:db.HrmEmpWorkLocationConfig:emp	8454.10,16719.89 8827.51,17931.71
edge:declared:db.HrmEmpWorkLocationConfig:work_location_set	8430.35,16637.89 8106.20,15442.50
edge:declared:db.HrmFixedWorkSchedule:fixed_work	6992.19,18678.19 6963.99,18720.21
edge:declared:db.HrmGoogleCalendarIntegration:hrm	5188.55,15497.55 5318.89,15974.84
edge:declared:db.HrmLeaveBase:hrm	7854.22,20885.56 5431.21,16256.84
edge:declared:db.HrmLeaveCommonConfig:leave	7047.41,20947.65 7756.43,20956.80
edge:declared:db.HrmLeaveGrant:emp	8396.18,19187.45 8803.38,18277.71
edge:declared:db.HrmLeaveGrant:grantable_leave	8369.44,19261.45 8119.79,20169.05
edge:declared:db.HrmLeaveIndividualApprovalTemplateRelation:leave	6652.00,19983.44 7799.57,20885.56
edge:declared:db.HrmLeaveUsage:emp	10314.79,18403.85 9052.82,18140.59
edge:declared:db.HrmLeaveUsage:leave	10387.23,18487.97 7966.15,20885.56
edge:declared:db.HrmLeaveUsageAttachment:usage	10616.68,19332.28 10455.66,18487.97
edge:declared:db.HrmLeaveUsageItem:emp	8864.65,19215.99 8878.30,18277.71
edge:declared:db.HrmLeaveUsageItem:leave	8840.64,19297.99 7934.11,20885.56
edge:declared:db.HrmLeaveUsageItem:usage	8942.51,19215.99 10335.71,18487.97
edge:declared:db.HrmOngoingAttendance:emp	9746.83,17479.74 9052.82,17980.58
edge:declared:db.HrmOngoingAttendanceClockedSchedule:ongoing_attendance	10414.12,17144.97 9888.84,17397.74
edge:declared:db.HrmPersonalLocation:hrm_emp	10107.60,16351.01 8991.30,17931.71
edge:declared:db.HrmPersonalLocation:work_location_config	10125.38,16261.01 9887.05,15494.78
edge:declared:db.HrmRequestor:dept	6331.78,19176.76 5771.30,18443.19
edge:declared:db.HrmRequestor:emp	6443.98,19176.76 8708.82,18178.35
edge:declared:db.HrmSelectiveWorkPlan:emp	8578.59,18103.69 8708.82,18104.13
edge:declared:db.HrmSelectiveWorkPlanConfig:selective_work	6906.67,19518.18 7005.68,19323.16
edge:declared:db.HrmSelectiveWorkPlanItem:emp	7631.48,18077.54 8708.82,18100.97
edge:declared:db.HrmSelectiveWorkPlanItem:plan	7631.48,18078.54 8330.59,18099.54
edge:declared:db.HrmSelectiveWorkSchedule:selective_work	7209.88,19264.24 7152.53,19268.64
edge:declared:db.HrmSelectiveWorkSettlementConfig:selective_work	6525.43,19518.18 6934.21,19323.16
edge:declared:db.HrmSigner:hrm	5064.94,15997.31 5197.40,16051.00
edge:declared:db.HrmSlackChannelConfig:integration	5011.34,16450.02 5071.41,16542.72
edge:declared:db.HrmSlackIntegration:hrm	5116.29,16542.72 5277.76,16256.84
edge:declared:db.HrmStaffNote:hrm	4744.20,16050.00 5197.40,16098.66
edge:declared:db.HrmStaggeredWorkSchedule:staggered_work	6585.24,20425.06 6128.29,19581.01
edge:declared:db.HrmStandardWork:hrm	4867.19,17318.06 5299.91,16256.84
edge:declared:db.HrmStandardWorkSchedule:standard_work	4563.44,17649.62 4815.84,17392.06
edge:declared:db.HrmTag:hrm_set	4912.56,15729.55 5197.40,15976.90
edge:declared:db.HrmWorkAutoClockOutConfig:work	6516.95,18956.29 6774.20,18981.88
edge:declared:db.HrmWorkBase:emp_set	7034.20,18936.27 8708.82,18182.16
edge:declared:db.HrmWorkBase:hrm	6871.43,18933.81 5433.16,16256.84
edge:declared:db.HrmWorkIndividualApprovalTemplateRelation:work	7225.94,19044.19 7034.20,19014.76
edge:declared:db.HrmWorkLocation:hrm	7968.91,15426.24 5517.40,16073.59
edge:declared:db.HrmWorkLocationGpsConfig:work_location	9748.30,15449.52 8216.91,15397.70
edge:declared:db.HrmWorkOvertime:work	6556.31,18864.64 6774.20,18946.17
edge:declared:db.IBKSignupChannel:ibk_user_login_token	24052.24,14567.08 24030.86,14517.72
edge:declared:db.IBKUserLoginToken:ibk_user	24032.88,14443.72 24053.39,14401.70
edge:declared:db.IaAccountInfo:investment_association	29931.92,18190.68 27521.38,16730.73
edge:declared:db.IaCertificateOfInvestmentDocument:partner	31933.75,18532.17 33528.48,18288.00
edge:declared:db.IaCertificateOfInvestmentDocumentRecipient:certificate_of_investment_document_email	3845.59,20069.67 3826.20,20147.16
edge:declared:db.IaConfirmationRequest:investment_association	23438.63,18890.24 27213.38,16725.77
edge:declared:db.IaConfirmationRequest:partner_list_file	23178.65,18909.17 20428.87,18514.26
edge:declared:db.IaConsentForm:consent_form_or_meeting	30337.48,18804.23 29482.08,19172.44
edge:declared:db.IaConsentFormDocument:consent_form	31228.25,18533.10 30550.62,18730.23
edge:declared:db.IaConsentFormDocument:partner	31554.19,18473.84 33528.48,18279.01
edge:declared:db.IaConsentFormOrMeeting:investment_association	29318.17,19172.44 27469.73,16770.46
edge:declared:db.IaConsentFormOrMeetingDocumentGeneration:consent_form_or_meeting	29658.24,19208.71 29551.46,19214.68
edge:declared:db.IaConsentFormOrMeetingDocumentGenerationItem:document	30646.04,19194.59 30927.38,19279.89
edge:declared:db.IaConsentFormOrMeetingDocumentGenerationItem:generation	30334.00,19168.96 30001.24,19188.86
edge:declared:db.IaConsentFormOrMeetingElectronicSignatureRequest:document	28846.84,20741.91 29504.47,19989.87
edge:declared:db.IaConsentFormOrMeetingElectronicSignatureRequestModusignDocument:electronic_signature_request	26640.60,20335.24 28602.49,20752.77
edge:declared:db.IaConsentFormOrMeetingElectronicSignatureRequestModusignEmbeddedDraft:electronic_signature_request	27682.24,20852.21 28602.49,20805.05
edge:declared:db.IaConsentFormOrMeetingElectronicSignatureRequestStatusHistory:electronic_signature_request	28876.87,21472.29 28806.47,20847.91
edge:declared:db.IaConsentFormOrMeetingElectronicSignatureRequestUploadedModusignDocument:electronic_signature_request	26479.34,21166.99 28602.49,20826.65
edge:declared:db.IaConsentFormOrMeetingElectronicSignatureRequiredDocument:consent_form_or_meeting	29516.34,19883.87 29371.63,19278.44
edge:declared:db.IaConsentFormOrMeetingElectronicSignatureRequiredDocument:edited_file	29331.01,19905.97 20428.87,18516.74
edge:declared:db.IaConsentFormOrMeetingElectronicSignatureRequiredDocument:partner	29660.80,19883.87 33528.48,18327.15
edge:declared:db.IaConsentFormOrMeetingEsigRequiredDocumentPageRange:esig_required_document	30283.13,19427.67 29607.50,19883.87
edge:declared:db.IaConsentFormOrMeetingEsigRequiredDocumentPageRange:page_range_document	30535.15,19372.46 30927.38,19336.39
edge:declared:db.IaConsentFormOrMeetingGuideEmail:consent_form_or_meeting	29656.24,18923.28 29411.10,19172.44
edge:declared:db.IaConsentFormOrMeetingGuideEmailRecipient:consent_form_or_meeting_guide_email	29663.61,18710.10 29686.54,18849.28
edge:declared:db.IaDocumentArchive:investment_association	28742.79,15038.08 27481.76,16504.46
edge:declared:db.IaDocumentArchiveAttachment:ia_document_archive	28521.96,15099.00 28679.15,15038.08
edge:declared:db.IaExpertPartnerBulkEmailTemplate:legal_partner	20991.97,15177.63 21412.71,14869.46
edge:declared:db.IaFoundingProgressStatus:investment_association	28390.67,17589.15 27510.39,16770.46
edge:declared:db.IaGpAppointmentEvent:partner	31033.61,17906.42 33528.48,18242.79
edge:declared:db.IaGpTerminationEvent:appointment_event	31114.98,18154.32 30941.41,17930.56
edge:declared:db.IaGpTerminationEvent:partner	31270.78,18198.80 33528.48,18259.72
edge:declared:db.IaInvestmentCertificateRegistrationRequest:partner	33727.96,19785.00 33688.52,18372.96
edge:declared:db.IaLegalPartnerRelation:investment_association	24832.90,15522.03 27213.38,16567.18
edge:declared:db.IaLegalPartnerRelation:legal_partner	24630.63,15457.92 21720.71,14789.50
edge:declared:db.IaMeeting:consent_form_or_meeting	29939.87,20788.87 29378.65,19278.44
edge:declared:db.IaMeetingAgenda:meeting	30767.40,20566.87 30101.54,20801.00
edge:declared:db.IaMeetingAgendaVote:agenda	30680.88,22522.07 30879.83,20566.87
edge:declared:db.IaMeetingAgendaVote:electronic_signature	30631.82,22522.07 28856.69,20847.91
edge:declared:db.IaMeetingAgendaVote:partner	30705.39,22522.07 33609.20,18372.96
edge:declared:db.IaMeetingConvocationNoticeEmail:ia_meeting	30527.89,22072.45 29990.75,20910.87
edge:declared:db.IaMeetingConvocationNoticeRecipient:convocation_notice_email	30415.17,21282.65 30539.19,22072.45
edge:declared:db.IaMeetingMinutesDocument:meeting	30553.63,20062.33 30008.32,20788.87
edge:declared:db.IaMeetingNoticeDocument:meeting	30346.73,19946.31 29988.48,20788.87
edge:declared:db.IaMeetingSealedNoticeDocumentFile:ia_meeting	28888.65,20105.49 29874.54,20788.87
edge:declared:db.IaMeetingShortenPeriodDocument:meeting	31416.53,19523.52 30029.41,20788.87
edge:declared:db.IaMeetingShortenPeriodDocument:partner	31536.31,19441.52 33528.48,18349.98
edge:declared:db.IaModusignDocumentUsageHistory:investment_association	25058.15,14672.15 27213.38,16506.40
edge:declared:db.IaOperation:_deprecated_investment_association	30229.70,16426.81 27521.38,16626.13
edge:declared:db.IaOperation:ia_operation_management	30319.54,16455.13 30209.97,16599.06
edge:declared:db.IaOperationManagement:investment_association	30063.81,16636.12 27521.38,16637.39
edge:declared:db.IaOwner:investment_association	30088.16,17133.98 27521.38,16665.57
edge:declared:db.IaOwner:partner	30340.16,17197.28 33528.48,18213.90
edge:declared:db.IaOwnerAuditLog:investment_association	23464.01,8138.02 27306.30,16504.46
edge:declared:db.IaPartnerDataCollection:investment_association	24709.50,17753.34 27213.38,16702.12
edge:declared:db.IaPartnerDataCollectionItem:address	23611.63,17949.09 22830.14,18818.25
edge:declared:db.IaPartnerDataCollectionItem:ia_partner_data_collection	23785.49,17891.91 24487.84,17808.98
edge:declared:db.IaPartnerDataCollectionItemReply:address	23748.01,18235.83 22871.75,18837.51
edge:declared:db.IaPartnerDataCollectionItemReply:ia_partner_data_collection	23890.04,18153.83 24529.52,17835.34
edge:declared:db.IaPartnerDataCollectionItemReply:ia_partner_data_collection_item	23784.95,18153.83 23671.26,17949.09
edge:declared:db.IaPartnerInvestmentConfirmation:partner	30821.61,17130.86 33528.48,18201.84
edge:declared:db.IaPartnerInvestmentConfirmationEmailRecipient:ia_partner_investment_confirmation_email	14082.71,5684.64 14031.45,5727.04
edge:declared:db.IaPartnerWithdrawalEvent:partner	33681.98,18003.44 33684.02,18154.96
edge:declared:db.IaPaymentLink:investment_association	25080.54,13574.55 27268.08,16504.46
edge:declared:db.IaPfCompany:investment_association	28252.58,18193.86 27443.02,16770.46
edge:declared:db.IaPfCompanyInvestment:ia_pf_company	28409.03,20259.09 28276.09,18267.86
edge:declared:db.IaPfCompanyInvestmentSalesIntent:ia_pf_company_investment	30170.54,22716.12 28441.62,20341.09
edge:declared:db.IaPfCompanyInvestmentStock:ia_pf_company_investment	28001.33,20426.96 28287.77,20338.42
edge:declared:db.IaQuestionThread:investment_association	24483.32,13626.25 27239.18,16504.46
edge:declared:db.IaRule:address	25022.82,19251.37 22871.75,18963.84
edge:declared:db.IaRule:file	25022.82,19248.07 20428.87,18517.20
edge:declared:db.IaRule:investment_association	25204.16,19207.75 27255.44,16770.46
edge:declared:db.IaRuleCompensation:rule	25480.72,19193.37 25282.82,19238.87
edge:declared:db.IaRuleDocument:rule	28311.47,19236.32 25282.82,19267.42
edge:declared:db.IaRuleInvestment:rule	25776.30,18857.87 25245.38,19207.75
edge:declared:db.IaRuleMeeting:rule	25506.19,19073.25 25263.08,19207.75
edge:declared:db.IaRulePartner:rule	25653.09,19398.93 25282.82,19302.58
edge:declared:db.IaSealStamp:image_file	21999.34,18243.61 20428.87,18460.70
edge:declared:db.IaSealStamp:investment_association	22247.34,18188.90 27213.38,16684.13
edge:declared:db.IaSealStampImage:seal_stamp	21467.74,18251.63 21999.34,18231.23
edge:declared:db.IaUserInvitation:ia_owner	29850.06,16857.58 30164.30,17115.97
edge:declared:db.IaUserInvitation:investment_association	29676.20,16807.45 27521.38,16648.80
edge:declared:db.IaUserInvitationInvitee:_deprecated_individual_partner	31996.71,16682.80 31601.55,17050.57
edge:declared:db.IaUserInvitationInvitee:invitation	31925.36,16643.88 29924.20,16806.50
edge:declared:db.IaUserInvitationInvitee:legal_representative	32049.99,16682.80 32054.04,16996.60
edge:declared:db.IaUserInvitationInvitee:manager	32081.54,16682.80 32627.35,17514.02
edge:declared:db.IaUserInvitationInvitee:partner	32098.36,16682.80 33576.07,18154.96
edge:declared:db.IaWrittenResolutionDocument:meeting	31844.21,19739.24 30065.89,20788.87
edge:declared:db.IaWrittenResolutionDocument:partner	31964.32,19657.24 33550.83,18372.96
edge:declared:db.ImAccessLog:investor_matching	27353.65,11225.34 25881.40,10974.96
edge:declared:db.ImAccessLog:venture_capital	27589.65,11273.57 32357.46,12411.60
edge:declared:db.ImAttachment:investor_matching	28697.54,11212.16 25881.40,10963.36
edge:declared:db.ImAttachmentDownloadLog:attachment	29962.79,11726.56 28914.48,11264.12
edge:declared:db.ImAttachmentDownloadLog:venture_capital	30164.67,11796.29 32357.46,12404.49
edge:declared:db.ImAttachmentPdfEvent:attachment	29803.23,11531.61 28945.54,11262.09
edge:declared:db.ImAttachmentPdfEvent:pdf_event	29907.43,11529.58 29886.48,11486.17
edge:declared:db.ImAttachmentPdfEvent:venture_capital	30048.35,11611.58 32357.46,12393.23
edge:declared:db.ImBrokerAssignment:_deprecated_assigned_companies	26364.00,11703.07 17154.62,12451.08
edge:declared:db.ImBrokerAssignment:assigned_investors	26612.00,11708.62 32357.46,12432.34
edge:declared:db.ImBrokerAssignment:im_broker	26612.00,11718.53 28826.06,12174.28
edge:declared:db.ImBrokerAssignment:investor_matching	26438.58,11644.00 25833.20,11043.81
edge:declared:db.ImBrokerAssignmentInvitedUser:broker_assignment	28178.25,11845.10 26612.00,11704.16
edge:declared:db.ImBrokerAssignmentInvitedUser:venture_capital	28455.25,11877.16 32357.46,12429.48
edge:declared:db.ImConsultingRequest:company	24794.99,9393.79 17154.62,12391.95
edge:declared:db.ImConsultingRequest:investor_matching	24921.02,9393.79 25690.52,10857.81
edge:declared:db.ImContactRequest:investor_matching	27263.64,11514.89 25881.40,11003.36
edge:declared:db.ImContactRequest:venture_capital	27498.43,11577.48 32357.46,12423.48
edge:declared:db.ImContactRequestIntention:im_contact_request	27150.33,11377.17 27323.02,11514.89
edge:declared:db.ImDay:recipients	29573.16,10980.54 29637.32,10837.43
edge:declared:db.ImDay:venture_capitals	29653.94,11078.54 32357.46,12367.78
edge:declared:db.ImDayParticipation:im_day	28951.84,10714.68 29457.92,10980.54
edge:declared:db.ImDayParticipation:investor_matching	28734.57,10677.02 25881.40,10937.83
edge:declared:db.ImDayParticipation:venture_capital	28959.40,10714.68 32357.46,12366.10
edge:declared:db.ImDayParticipationAttachment:participation	28794.40,10282.21 28850.37,10616.68
edge:declared:db.ImDaySurvey:im_day	27708.84,10913.59 29427.19,11021.74
edge:declared:db.ImDaySurvey:investor_matching	27472.84,10909.01 25881.40,10947.39
edge:declared:db.ImDisclosing:investor_matching	26441.88,9787.51 25795.56,10857.81
edge:declared:db.ImInvestorBroker:venture_capital	30731.10,12332.47 32357.46,12443.01
edge:declared:db.ImInvestorMemo:investor_matching	26828.55,11525.15 25881.40,11025.69
edge:declared:db.ImInvestorMemo:venture_capital	27016.72,11580.83 32357.46,12426.39
edge:declared:db.ImIrPartnerBrokerOwnerRelation:im_ir_partner_broker	27485.43,12162.88 27631.20,12117.18
edge:declared:db.ImNote:investor_matching	26211.92,10418.95 25822.02,10857.81
edge:declared:db.ImTag:investor_matching_set	27294.44,10446.09 25881.40,10904.72
edge:declared:db.ImWatching:_deprecated_investor_matching	25880.15,11705.53 25756.74,11043.81
edge:declared:db.ImWatching:company	25763.80,11756.54 17154.62,12451.18
edge:declared:db.ImWatching:venture_capital	26011.80,11759.74 32357.46,12435.91
edge:declared:db.InauguralConsentDocument:director_change_agenda	14983.17,23002.30 14461.52,22867.20
edge:declared:db.IncorporationBenefitRequest:incorporation_request	21456.63,15919.49 21264.27,15950.80
edge:declared:db.IncorporationBenefitRequest:tax_partner	21579.70,15862.39 21568.18,14881.67
edge:declared:db.IncorporationRequest:address	21172.92,16079.89 22650.31,18818.25
edge:declared:db.IncorporationRequest:balance_certificate_account_file	21079.60,16079.89 20314.67,18269.97
edge:declared:db.IncorporationRequest:balance_certificate_account_holder	21186.03,16079.89 22045.15,17373.06
edge:declared:db.IncorporationRequest:company	20992.02,15869.89 17154.62,12627.07
edge:declared:db.IncorporationRequest:company_question_thread	20989.16,15869.89 19195.90,14388.59
edge:declared:db.IncorporationRequestAoiFile:incorporation_request	21333.11,15809.19 21253.68,15869.89
edge:declared:db.IncorporationRequestAssistance:incorporation_request	21423.82,16020.51 21264.27,15996.84
edge:declared:db.IncorporationRequestAssistance:legal_partner	21564.40,16000.35 21566.48,14881.67
edge:declared:db.IncorporationRequestAssistanceReceipt:incorporation_request_assistance	21138.30,17085.32 21547.59,16082.35
edge:declared:db.IncorporationRequestDirector:address	22331.41,18558.60 22592.20,18818.25
edge:declared:db.IncorporationRequestDirector:incorporation_request	22277.14,18484.60 21164.84,16079.89
edge:declared:db.IncorporationRequestPromoter:address	22098.32,17471.06 22665.16,18818.25
edge:declared:db.IncorporationRequestPromoterCustodian:address	22352.15,17615.07 22683.34,18818.25
edge:declared:db.IncorporationRequestPromoterCustodian:promoter	22279.29,17541.07 22160.71,17471.06
edge:declared:db.IncorporationRequestPromoterInstitutionCeo:promoter	22110.43,17054.35 22082.06,17373.06
edge:declared:db.IncorporationRequestPurpose:incorporation_request	20793.13,16053.58 20968.27,16010.93
edge:declared:db.IndividualInvestorCompanyCeo:company_info	25140.04,22006.65 25138.06,22351.42
edge:declared:db.IndividualInvestorCompanyInfo:address	25109.06,22351.42 22805.45,19068.25
edge:declared:db.IndividualInvestorCompanyInfo:company	25189.72,22433.42 28511.50,25057.55
edge:declared:db.IndividualInvestorCompanyName:non_unified_share_company	30256.29,25144.36 28723.78,25124.26
edge:declared:db.IndividualInvestorCompanyParValue:non_unified_share_company	27921.85,25156.55 28463.78,25129.13
edge:declared:db.IndividualInvestorCompanyShareClass:non_unified_share_company	28394.33,27213.61 28587.58,25187.55
edge:declared:db.IndividualInvestorCompanyShareStock:_deprecated_non_unified_stock_create_request	28046.57,26569.55 27811.12,28036.38
edge:declared:db.IndividualInvestorCompanyShareStock:_deprecated_stock_unissued_confirmation_file	28053.04,26569.55 27979.15,29156.25
edge:declared:db.IndividualInvestorCompanyShareStock:management_history	27887.94,26566.14 27295.79,26728.29
edge:declared:db.IndividualInvestorCompanyShareStock:non_unified_share_company	28073.34,26471.55 28568.70,25187.55
edge:declared:db.IndividualInvestorCompanyShareStock:share_class	28077.02,26569.55 28373.75,27213.61
edge:declared:db.IndividualInvestorEvent:company	31871.52,27948.39 28669.17,25187.55
edge:declared:db.IndividualInvestorStakeholder:address	26061.10,22247.97 22844.21,19068.25
edge:declared:db.IndividualInvestorStakeholder:company	26138.62,22329.97 28536.63,25057.55
edge:declared:db.IndividualInvestorUser:address	23828.32,20218.26 22826.63,19068.25
edge:declared:db.IndividualStockOption:company	27170.42,23233.43 28544.81,25057.55
edge:declared:db.IndividualStockOption:create_request	27257.47,23149.46 27819.50,23032.84
edge:declared:db.IndividualStockOption:grantee	27111.86,23119.43 26842.91,22137.34
edge:declared:db.IndividualStockOptionCreateRequestEtcFile:create_request	28663.78,22974.77 28133.50,22994.44
edge:declared:db.IndividualStockOptionGrantContract:individual_stock_option	26858.60,22886.43 27074.62,23119.43
edge:declared:db.IndividualStockOptionGrantee:stakeholder	26701.78,22134.18 26239.57,22253.58
edge:declared:db.IndividualStockOptionResumeEvent:pause_event	29336.19,29352.56 28775.31,27312.26
edge:declared:db.IndividualStockOptionSalesIntent:individual_stock_option	29511.75,23102.10 27257.47,23172.38
edge:declared:db.IndividualStockOptionVesting:individual_stock_option	27651.64,23542.36 27209.12,23233.43
edge:declared:db.IndividualStockOptionVestingItem:individual_stock_option_vesting	27781.35,23405.21 27720.94,23542.36
edge:declared:db.IndividualStockOptionVestingTraceable:individual_stock_option	27420.31,22840.59 27177.17,23119.43
edge:declared:db.InputSignupChannel:input_channel	24175.34,15114.74 24477.64,15270.73
edge:declared:db.InstitutionStakeholderManager:institution_stakeholder	12735.23,21567.98 12752.04,21198.17
edge:declared:db.InternetRegistryOfficeOtp:company	17638.11,16237.67 17003.37,12683.51
edge:declared:db.InternetRegistryOfficeOtp:director	17586.06,16319.67 17512.99,16370.13
edge:declared:db.InternetRegistryOfficeOtpReturnRequest:internet_registry_office_otp	22007.91,19924.61 17694.49,16319.67
edge:declared:db.InternetRegistryOfficeOtpReturnRequest:recipient_address	22076.36,19924.61 22636.05,19068.25
edge:declared:db.InvestmentAgreement:document	18042.68,16005.19 18491.03,15415.32
edge:declared:db.InvestmentAgreement:stakeholder	17954.52,16079.19 12852.68,19223.06
edge:declared:db.InvestmentAgreementDocument:company	18592.55,15317.32 17088.54,12683.51
edge:declared:db.InvestmentAgreementDocument:pdf_file	18645.94,15415.32 20126.34,18269.97
edge:declared:db.InvestmentAssociation:venture_capital	27521.38,16512.99 32357.46,12604.24
edge:declared:db.InvestmentAssociationDocument:investment_association	30986.28,19262.24 27521.38,16749.16
edge:declared:db.InvestmentAssociationEvent:investment_association	29237.77,17616.12 27521.38,16718.04
edge:declared:db.InvestmentAssociationIndividualPartnerLegalRepresentative:ward	31856.52,17056.69 31731.50,17071.28
edge:declared:db.InvestmentAssociationOrganizationPartnerCeo:organization_partner	33190.49,16828.83 32917.51,16857.27
edge:declared:db.InvestmentAssociationOrganizationPartnerCorporationSignerCeo:corporation	33187.27,14974.87 33120.14,14920.73
edge:declared:db.InvestmentAssociationOrganizationPartnerManager:organization_partner	30531.75,15493.46 32657.90,16827.18
edge:declared:db.InvestmentAssociationOrganizationPartnerSigner:_deprecated_manager	32381.09,15142.34 30670.77,15423.87
edge:declared:db.InvestmentAssociationOrganizationPartnerSigner:organization_partner	32583.09,15154.75 32731.66,16827.18
edge:declared:db.InvestmentAssociationPartner:address	33528.48,18272.63 22871.75,18861.36
edge:declared:db.InvestmentAssociationPartner:investment_association	33528.48,18223.54 27521.38,16677.19
edge:declared:db.InvestmentAssociationPartnerManager:partner	32704.94,17588.02 33528.48,18155.73
edge:declared:db.InvestmentAssociationPartnerResume:partner	34756.05,16751.80 33762.65,18154.96
edge:declared:db.InvestmentAssociationPartnerResume:signer	34728.63,16669.80 32641.09,15154.75
edge:declared:db.InvestmentAssociationPartnerResumeItem:resume	34894.65,16384.37 34798.88,16669.80
edge:declared:db.InvestmentAssociationPartnerSalesIntent:partner	31946.11,21784.40 33631.63,18372.96
edge:declared:db.InvestmentAssociationShare:investment_association	29992.08,17482.16 27521.38,16687.03
edge:declared:db.InvestmentAssociationShare:partner	30227.05,17544.24 33528.48,18231.29
edge:declared:db.InvestmentRound:company	16873.31,10501.31 16954.54,12249.51
edge:declared:db.InvestmentRoundNewIssueEvent:investment_round	17024.44,10319.79 16916.06,10419.31
edge:declared:db.InvestmentRoundNewIssueEvent:new_issue_event	17061.51,10245.79 17016.72,9731.32
edge:declared:db.InvestmentSimulation:company	16784.78,6658.09 16957.90,12249.51
edge:declared:db.InvestmentSimulationInitialOption:option_grantee	13678.32,6684.49 13998.29,6777.98
edge:declared:db.InvestmentSimulationInitialOptionGrantee:simulation	14303.92,6801.39 16659.39,6622.51
edge:declared:db.InvestmentSimulationInitialShareholder:simulation	12759.37,6005.71 16659.39,6594.37
edge:declared:db.InvestmentSimulationInitialStock:shareholder	11230.56,4013.06 12565.78,5943.35
edge:declared:db.InvestmentSimulationInvestor:simulation_round	18462.65,3990.83 15719.43,6339.40
edge:declared:db.InvestmentSimulationNewIssueInvestment:investor	18148.56,5392.95 18500.26,3990.83
edge:declared:db.InvestmentSimulationPurchaseInvestment:investor	20670.15,5638.31 18562.98,3990.83
edge:declared:db.InvestmentSimulationPurchaseSellStock:seller	20970.64,5233.09 20738.65,5638.31
edge:declared:db.InvestmentSimulationRound:simulation	15794.21,6401.63 16659.39,6586.58
edge:declared:db.InvestorInterest:venture_capital	33641.24,13520.21 32725.46,12633.65
edge:declared:db.InvestorMatching:_deprecated_excluded_companies	25597.40,10975.34 17154.62,12433.69
edge:declared:db.InvestorMatching:excluded_investors	25881.40,10982.22 32357.46,12414.82
edge:declared:db.InvestorRelations:previous_investors	27457.25,7713.18 32357.46,12283.89
edge:declared:db.InvestorRelationsSurvey:_deprecated_preferred_investors	31017.66,10539.71 32378.41,12250.52
edge:declared:db.InvestorRelationsSurvey:investor_relations	30941.71,10465.71 27472.95,7706.67
edge:declared:db.InvitationSeat:allocated_seat	11691.19,13473.98 11343.25,13411.09
edge:declared:db.InvitationSeat:invitation_seat_request	11823.13,13458.31 12626.55,11325.38
edge:declared:db.InvitationSeatRequest:company	12765.99,11318.29 16774.62,12414.55
edge:declared:db.IrAiAnalysis:investor_relations	27852.61,7156.64 27472.95,7460.80
edge:declared:db.IrAiAnalysisLike:ai_analysis	28242.03,6723.17 27930.82,7082.64
edge:declared:db.IrAiSummary:investor_relations	28442.93,7300.65 27472.95,7545.33
edge:declared:db.IrAlert:ir_set	30491.49,9473.95 27472.95,7675.91
edge:declared:db.IrAlert:venture_capital	30587.94,9555.95 32403.35,12250.52
edge:declared:db.IrAlertInvestorRelations:investor_relations	29734.98,9191.77 27472.95,7686.65
edge:declared:db.IrAlertInvestorRelations:ir_alert	29890.11,9265.77 30450.05,9473.95
edge:declared:db.IrApproval:investor_relations	27395.85,7090.63 27339.05,7455.18
edge:declared:db.IrApprovalNotificationDismiss:ir_approval	27480.29,6753.53 27411.32,7016.63
edge:declared:db.IrBrokerActivity:investor_relations	27728.75,9091.95 27352.12,7713.18
edge:declared:db.IrBrokerActivity:vc_user_relations	27781.53,9165.95 29605.31,10747.43
edge:declared:db.IrClosing:investor_relations	29027.06,6747.18 27472.95,7508.72
edge:declared:db.IrCommittedInvestmentAmount:investor_relations	30200.31,10053.18 27469.49,7713.18
edge:declared:db.IrCommittedInvestmentAmount:venture_capital	30279.44,10127.18 32357.46,12266.13
edge:declared:db.IrCompanyCreate:company	18270.12,10119.14 17086.48,12249.51
edge:declared:db.IrFeed:investor_relations	27036.87,8123.43 27251.47,7713.18
edge:declared:db.IrFeedAccessLog:ir_feeds	27417.56,8115.56 27137.33,8152.21
edge:declared:db.IrFeedAccessLog:venture_capital	27578.09,8137.13 32357.46,12295.43
edge:declared:db.IrFeedRating:ir_feed	26755.26,7588.32 26993.31,8123.43
edge:declared:db.IrFundRaising:investor_relations	31188.37,7580.05 27472.95,7584.02
edge:declared:db.IrFundRaising:venture_capital	31323.71,7624.92 32489.78,12250.52
edge:declared:db.IrFundRaisingMemo:fund_raising	30726.64,7814.21 31199.87,7624.92
edge:declared:db.IrFundRaisingStageLog:fund_raising	30852.05,5291.39 31303.32,7534.92
edge:declared:db.IrInsightClub:pitching_day_hall	31064.50,8810.72 30906.43,8766.08
edge:declared:db.IrInsightClub:venture_capitals	31203.87,8886.73 32464.63,12250.52
edge:declared:db.IrInsightClubParticipation:investor_relations	30477.47,8056.74 27472.95,7607.22
edge:declared:db.IrInsightClubParticipation:ir_insight_club	30640.97,8121.12 31157.52,8804.73
edge:declared:db.IrInsightClubParticipationAttendee:ir_insight_club_participation	30323.72,7756.06 30567.15,8031.12
edge:declared:db.IrInsightClubSurvey:ir_insight_club_participation	30876.12,8129.72 30736.47,8101.91
edge:declared:db.IrInvestorFeedback:venture_capital	32639.52,12737.70 32612.70,12660.52
edge:declared:db.IrNote:investor_relations	28717.38,7429.31 27472.95,7567.12
edge:declared:db.IrSearchMetadata:investor_relations	28540.03,8074.85 27472.95,7646.06
edge:declared:db.IrSubscription:company	15380.53,7773.30 16891.38,12249.51
edge:declared:db.IrSubscriptionMarketingRequest:ir_subscription	15702.14,7949.98 15425.89,7773.30
edge:declared:db.IrTeamMember:investor_relations	28717.38,7536.28 27472.95,7578.91
edge:declared:db.IrTranscript:investor_relations	28425.38,7642.07 27472.95,7592.24
edge:declared:db.IrosOtpIssueMeetingDocument:stakeholder	12443.11,22543.81 12674.80,19481.54
edge:declared:db.LawtalkSignup:company	18570.06,15921.44 17065.46,12683.51
edge:declared:db.LawtalkSignupAttachment:lawtalk_signup	18873.03,16949.36 18597.92,15995.44
edge:declared:db.LedgerByCustomerDocument:new_issue	17806.07,23425.52 17110.06,22445.97
edge:declared:db.LegalPartner:address_for_express_delivery	21720.71,14655.59 22333.96,14253.07
edge:declared:db.LegalPartner:logo	21522.22,14881.67 20316.12,18269.97
edge:declared:db.LegalPartnerEmail:legal_partner	21883.78,14277.17 21652.15,14631.67
edge:declared:db.LegalPartnerPaypleSettings:legal_partner	22166.94,15350.88 21692.98,14881.67
edge:declared:db.LegalPartnerRegistrationAssistanceSettings:legal_partner	21755.33,16130.38 21583.87,14881.67
edge:declared:db.LegalPartnerSignupChannel:legal_partner	22460.08,14765.74 21720.71,14758.23
edge:declared:db.LegalPartnerSlackChannels:legal_partner	22165.20,15775.73 21640.12,14881.67
edge:declared:db.LegalPartnerUserRelation:legal_partner	22080.92,15932.31 21621.38,14881.67
edge:declared:db.ManualOptionVestingItem:manual_option_vesting	15798.41,18730.99 15881.85,18627.34
edge:declared:db.Meeting:company	17830.51,17463.80 17002.22,12683.51
edge:declared:db.Meeting:electronic_signature_selected_ceo	17805.17,17463.80 17435.74,16516.13
edge:declared:db.Meeting:employee_attorney	17998.78,17539.96 18093.30,17513.87
edge:declared:db.Meeting:meeting_draft	17828.96,17697.80 17323.94,20405.34
edge:declared:db.Meeting:new_articles_of_incorporation_file	17998.78,17594.40 20048.87,18417.48
edge:declared:db.Meeting:new_corporate_registration	17911.57,17463.80 18934.60,15660.65
edge:declared:db.MeetingAttachment:meeting	18580.96,17659.11 17998.78,17546.89
edge:declared:db.MeetingDirectorContact:meeting	16094.98,17959.50 17702.78,17626.22
edge:declared:db.MeetingDirectorContact:stakeholder	15886.79,18020.96 12852.68,19265.70
edge:declared:db.MeetingDocument:directors_meeting	16112.59,25879.48 16563.43,20257.00
edge:declared:db.MeetingDocument:meeting	16137.46,25879.48 17826.63,17697.80
edge:declared:db.MeetingDocument:shareholders_meeting	16138.64,25879.48 16800.58,22763.19
edge:declared:db.MeetingDocumentCache:meeting_document	19623.64,26827.72 16274.79,26118.00
edge:declared:db.MeetingDocumentGeneration:meeting	20274.87,21087.79 17931.66,17697.80
edge:declared:db.MeetingDocumentGenerationItem:meeting_document	21128.32,26361.91 16274.79,26086.08
edge:declared:db.MeetingDocumentGenerationItem:meeting_document_generation	21256.03,26332.55 20306.96,21161.79
edge:declared:db.MeetingDocumentManualModification:meeting_document	19396.84,28595.44 16274.79,26212.35
edge:declared:db.MeetingDraft:company	17290.94,20405.34 16973.54,12683.51
edge:declared:db.MeetingDraftAgendaDirectorChange:meeting_draft	15328.16,20374.22 17136.90,20532.18
edge:declared:db.MeetingDraftAgendaDirectorChange:stakeholder	15089.33,20324.16 12852.68,19397.71
edge:declared:db.MeetingDraftAgendaDirectorCompensation:meeting_draft	15303.08,19581.51 17136.90,20472.59
edge:declared:db.MeetingDraftAgendaDirectorCompensationItem:director_compensation	14697.32,19656.98 15055.44,19580.93
edge:declared:db.MeetingDraftAgendaDirectorCompensationItem:stakeholder	14339.17,19656.98 12852.68,19357.94
edge:declared:db.MeetingDraftRegistrationAssistance:meeting_draft	16992.11,19867.39 17232.19,20405.34
edge:declared:db.MeetingDraftSchedule:meeting_draft	16848.69,20423.87 17136.90,20505.19
edge:declared:db.MembershipContentAccessLog:membership_content	4155.29,4545.81 4572.84,5002.71
edge:declared:db.MembershipContentAuthorRelation:author	25366.27,25502.69 25239.58,25321.00
edge:declared:db.MiraeassetAccount:relation	10626.46,11983.35 10933.36,12337.65
edge:declared:db.MnaBuyer:company	15042.85,8118.00 16868.72,12249.51
edge:declared:db.MnaBuyerAttachment:mna_buyer	14457.69,8370.43 14953.78,8118.00
edge:declared:db.ModusignApiLog:modusign_account	21467.27,20066.02 21443.86,20399.26
edge:declared:db.ModusignAuthentication:modusign_account	21306.45,20187.44 21415.25,20399.26
edge:declared:db.ModusignCompanyUserConnection:company	23679.08,9488.01 17154.62,12382.23
edge:declared:db.ModusignDocument:_option_grant_contract	22374.53,20566.44 20476.29,19049.34
edge:declared:db.ModusignDocument:audit_trail_file	22392.01,20566.44 20428.87,18670.47
edge:declared:db.ModusignDocumentActionHistory:modusign_document	22772.54,20536.73 22611.88,20596.69
edge:declared:db.ModusignDocumentActionHistory:modusign_document_participant	22854.17,20462.73 22737.91,20217.13
edge:declared:db.ModusignDocumentModusignAccountRelation:modusign_account	21674.61,20336.33 21542.94,20399.26
edge:declared:db.ModusignDocumentModusignAccountRelation:modusign_document	21828.96,20336.33 22339.88,20582.04
edge:declared:db.ModusignDocumentModusignApiKeyRelation:modusign_api_key	22007.62,20853.06 21883.68,21022.47
edge:declared:db.ModusignDocumentModusignApiKeyRelation:modusign_document	22131.50,20779.06 22339.88,20699.42
edge:declared:db.ModusignDocumentParticipant:modusign_document	22701.04,20217.13 22518.26,20566.44
edge:declared:db.ModusignEmbeddedDraft:modusign_account	21931.91,21834.87 21457.79,20497.26
edge:declared:db.ModusignEmbeddedDraft:modusign_api_key	21944.68,21834.87 21860.81,21096.47
edge:declared:db.ModusignEmbeddedDraft:modusign_document	21973.14,21834.87 22441.59,20728.44
edge:declared:db.ModusignExceededSignings:company	21358.91,8437.10 17154.62,12292.29
edge:declared:db.ModusignIaUserConnection:investment_association	27737.85,15850.23 27429.97,16504.46
edge:declared:db.NaverWorkplaceEmployee:naver_workplace_company	24788.93,14953.88 24902.06,15026.81
edge:declared:db.NcpSignupChannel:naver_workplace_company	24750.85,15044.07 24841.45,15052.64
edge:declared:db.NewIssueNoticeEmail:new_issue	14968.96,20854.84 16931.88,22275.97
edge:declared:db.NewIssueNoticeEmailRecipient:bulk_email_recipient	15272.04,20443.06 17769.89,19178.66
edge:declared:db.NewIssueNoticeEmailRecipient:email	15156.39,20525.06 14946.98,20772.84
edge:declared:db.NewIssueNoticeEmailRecipient:shareholder	15154.77,20525.06 13260.72,22666.06
edge:declared:db.NewIssueSkipNoticeDocument:new_issue_agenda	16498.09,23026.86 16979.80,22445.97
edge:declared:db.NewIssueSkipNoticeDocument:shareholder	16301.09,23051.02 13333.21,22744.48
edge:declared:db.NewIssueStockAcceptanceDocument:new_issue_item	18411.21,26011.25 19406.14,25444.54
edge:declared:db.NewIssueStockAllocationDocument:bonus_issue_agenda	18302.13,23847.48 18170.15,20328.58
edge:declared:db.NewIssueStockAllocationDocument:new_issue_agenda	18270.03,23847.48 17120.04,22445.97
edge:declared:db.NewIssueStockAllocationRecordDateNoticeDocument:bonus_issue_agenda	20086.75,23863.75 18206.24,20328.58
edge:declared:db.NewIssueStockSubscriptionDocument:new_issue_item	18314.26,25158.98 19390.26,25355.76
edge:declared:db.NewIssueStockUnissuedConfirmationDocument:new_issue_item	18725.60,25400.02 19390.26,25382.89
edge:declared:db.NonUnifiedShareCreateRequest:stock_unissued_confirmation_file	27810.89,28126.38 27970.87,29156.25
edge:declared:db.NonUnifiedShareEtcFile:create_request	27606.33,27333.33 27792.02,28036.38
edge:declared:db.NonUnifiedShareEtcFile:management_history	27564.43,27259.33 27186.31,26823.87
edge:declared:db.NonUnifiedShareManagement:non_unified_share_company	28362.68,25213.52 28463.78,25173.72
edge:declared:db.NonUnifiedShareManagementHistory:create_request	27167.13,26823.87 27781.11,28036.38
edge:declared:db.NonUnifiedShareManagementHistory:management	27179.12,26717.87 28215.39,25303.52
edge:declared:db.NonUnifiedShareManagementHistory:renew_request	27092.81,26717.87 26747.34,26332.26
edge:declared:db.NonUnifiedShareManagementHistory:stock_unissued_confirmation_file	27158.56,26823.87 27962.35,29156.25
edge:declared:db.NonUnifiedShareManagementSalesIntent:non_unified_share_management	29024.64,24938.97 28357.68,25213.52
edge:declared:db.NonUnifiedShareSucPoaDocument:modusign_document	23756.93,21146.45 23467.19,21064.30
edge:declared:db.NonUnifiedShareSucPoaDocument:request	23924.08,21228.45 26682.27,26242.26
edge:declared:db.NonUnifiedShareSucPoaDocument:user_address	23879.90,21146.45 22783.69,19068.25
edge:declared:db.NonUnifiedShareSucRenewRequest:management	26774.45,26242.26 28180.94,25303.52
edge:declared:db.NonUnifiedShareSucRenewRequest:renew_stock_unissued_confirmation_file	26726.66,26332.26 27958.23,29156.25
edge:declared:db.NotarizationPoA:meeting	16610.99,22815.36 16698.93,22763.19
edge:declared:db.NotarizationPoaDirectorSigner:director	16092.82,22900.10 15414.77,22784.38
edge:declared:db.NotarizationPoaDirectorSigner:notarization_poa	16361.82,22894.53 16417.88,22882.65
edge:declared:db.NotarizationPoaShareholderSigner:notarization_poa	17044.87,22999.37 16665.88,22891.62
edge:declared:db.NotarizationPoaShareholderSigner:shareholder	17295.94,23073.37 17526.95,23144.05
edge:declared:db.Notification:company	16251.74,9584.34 16910.95,12249.51
edge:declared:db.NotificationInbox:notification	16222.07,9391.91 16237.71,9510.34
edge:declared:db.Option:company	17511.31,17304.59 16989.14,12683.51
edge:declared:db.Option:grantee	17467.39,17394.59 15603.00,19106.79
edge:declared:db.Option:sealed_contract_file	17624.10,17394.59 20048.87,18407.59
edge:declared:db.Option:source_meeting	17581.47,17394.59 17702.78,17478.47
edge:declared:db.OptionAdjustment:event	16596.29,16064.61 16675.09,16779.43
edge:declared:db.OptionContractTemplatePermission:company	20040.21,10072.73 17154.62,12318.63
edge:declared:db.OptionExerciseClaim:company	13684.95,17743.49 16829.75,12683.51
edge:declared:db.OptionExerciseClaim:financial_account	13649.12,17743.49 13705.61,16940.05
edge:declared:db.OptionExerciseClaimAttachment:attachment_setting_item	14631.80,17518.86 14655.81,17411.32
edge:declared:db.OptionExerciseClaimAttachment:option_exercise_claim	14482.14,17595.58 13774.55,17775.44
edge:declared:db.OptionExerciseClaimCandidate:option_exercise_claim	14098.20,17657.85 13774.55,17765.32
edge:declared:db.OptionExerciseClaimCandidate:option_exercise_management	14259.42,17567.85 15075.25,16139.59
edge:declared:db.OptionExerciseClaimCandidate:option_grantee	14271.65,17657.85 15492.89,19106.79
edge:declared:db.OptionExerciseClaimCandidate:stock_subscription_file	14370.72,17632.79 20048.87,18459.31
edge:declared:db.OptionExerciseClaimDocumentSetting:management	15021.68,16674.74 15102.56,16139.59
edge:declared:db.OptionExerciseClaimEventRelation:_deprecated_payment	13796.32,18136.77 13890.28,18117.73
edge:declared:db.OptionExerciseClaimEventRelation:claim	13641.25,18127.28 13643.88,17873.49
edge:declared:db.OptionExerciseClaimEventRelation:event	13629.46,18209.28 13586.96,18362.66
edge:declared:db.OptionExerciseClaimMeetingDocument:exercise_claim	14934.12,21535.28 14875.25,21481.25
edge:declared:db.OptionExerciseClaimMeetingDocument:grantee	15025.70,21535.28 15197.25,21385.34
edge:declared:db.OptionExerciseClaimOption:option_exercise_claim	13868.18,17824.05 13774.55,17817.54
edge:declared:db.OptionExerciseClaimOptionTaxation:_deprecated_claim	13993.81,17937.62 13774.55,17856.55
edge:declared:db.OptionExerciseClaimOptionTaxation:claim_option	14066.38,17937.62 14015.68,17869.40
edge:declared:db.OptionExerciseClaimPayment:option_exercise_claim	13965.71,18055.70 13728.99,17873.49
edge:declared:db.OptionExerciseManagement:company	15145.75,16009.59 16853.22,12683.51
edge:declared:db.OptionExerciseManagement:excluded_institution_set	14982.38,16123.88 13876.94,16542.98
edge:declared:db.OptionExerciseManagementAttachmentSetting:management	14249.13,17313.93 15067.11,16139.59
edge:declared:db.OptionExerciseManagementAttachmentSettingItem:setting	14466.07,17363.81 14405.86,17360.62
edge:declared:db.OptionExerciseManagementCommonSetting:management	15452.81,16222.09 15242.38,16130.92
edge:declared:db.OptionExerciseManagementEmail:option_exercise_management	15329.59,16468.66 15148.21,16139.59
edge:declared:db.OptionExerciseManagementPaymentBankSetting:company	14975.93,12380.31 16774.62,12458.27
edge:declared:db.OptionExerciseManagementReminderSetting:management	15335.51,16017.64 15242.38,16041.41
edge:declared:db.OptionExerciseManagementTaxation:management	14923.50,16077.96 14982.38,16076.91
edge:declared:db.OptionExerciseManagementTaxationDefaultSetting:company	18620.11,12255.98 17154.62,12442.35
edge:declared:db.OptionGrantContract:_deprecated_template	20384.82,18935.34 19428.33,16229.79
edge:declared:db.OptionGrantContract:_grantee	20274.97,18998.23 16058.86,19189.35
edge:declared:db.OptionGrantContract:contract_file	20386.24,18935.34 20310.19,18703.97
edge:declared:db.OptionGrantContract:template_revision	20397.32,18935.34 20087.68,16627.87
edge:declared:db.OptionGrantContractModusignDocument:option_grant_contract	20917.76,19455.69 20468.05,19049.34
edge:declared:db.OptionGrantContractModusignEmbeddedDraft:option_grant_contract	21287.21,20854.37 20431.98,19049.34
edge:declared:db.OptionGrantContractStakeholder:company	19180.50,15320.03 17133.13,12683.51
edge:declared:db.OptionGrantContractTemplate:_deprecated_stakeholder	19397.20,16123.79 19234.05,15426.03
edge:declared:db.OptionGrantContractTemplate:company	19374.66,16123.79 17107.62,12683.51
edge:declared:db.OptionGrantContractTemplateDraft:company	18602.55,14574.10 17134.75,12683.51
edge:declared:db.OptionGrantContractTemplateDraft:stakeholder_set	18659.97,14648.10 19180.92,15320.03
edge:declared:db.OptionGrantContractTemplateRevision:stakeholder_set	20049.65,16537.87 19259.33,15426.03
edge:declared:db.OptionGrantContractTemplateRevision:template	20007.17,16537.87 19497.30,16229.79
edge:declared:db.OptionGrantEvent:_deprecated_grantee	16184.54,18589.07 15604.76,19106.79
edge:declared:db.OptionGrantEvent:share_class	16296.06,18491.07 16535.63,18283.85
edge:declared:db.OptionManagement:agenda_option_grant	16055.73,19439.54 16540.68,19651.80
edge:declared:db.OptionManagementStakeholderSeat:option_management	15734.79,19356.73 15853.20,19379.68
edge:declared:db.OptionManagementStakeholderSeat:stakeholder_seat	15450.79,19330.45 11793.19,19362.14
edge:declared:db.OptionResumeEvent:pause_event	30177.09,4403.05 30081.98,4503.89
edge:declared:db.OptionTag:category	15617.49,14311.12 15700.88,14211.50
edge:declared:db.OptionTag:company	15613.62,14311.12 16805.95,12683.51
edge:declared:db.OptionTagCategory:company	15758.56,14137.50 16808.00,12683.51
edge:declared:db.OptionTaxCalculatorSetting:company	23675.74,9604.01 17154.62,12385.47
edge:declared:db.OptionValueChange:company	16584.12,10239.69 16927.54,12249.51
edge:declared:db.OptionValueChange:investment_round	16619.97,10239.69 16824.68,10419.31
edge:declared:db.OptionVesting:_deprecated_grant_event	16028.32,18447.59 16127.57,18491.07
edge:declared:db.Order:seal_card	6684.15,8304.73 5310.99,8386.44
edge:declared:db.OrderPromotionRelation:order	7703.23,9590.58 6842.06,8346.35
edge:declared:db.OrderPromotionRelation:promotion	7753.60,9590.58 8146.02,9004.12
edge:declared:db.OrderStaffInChargeRelation:order	6656.86,6785.83 6803.25,8248.35
edge:declared:db.OrderStaffInChargeRelation:staff_in_charge	6526.16,6758.42 5898.24,6805.86
edge:declared:db.OrderStatusHistory:order	5934.79,9962.89 6782.46,8346.35
edge:declared:db.OrganizationChart:company	14420.79,13353.05 16774.62,12532.73
edge:declared:db.OtherDocumentArchive:company	19454.25,16348.89 17103.78,12683.51
edge:declared:db.OtherDocumentArchiveAttachment:other_document_archive	19897.67,17030.93 19502.05,16422.89
edge:declared:db.OwnerRole:company	12489.97,11147.97 16774.62,12410.52
edge:declared:db.OwnerRolePermissionRelation:owner_permission	11854.93,10680.02 11639.39,10594.96
edge:declared:db.OwnerRolePermissionRelation:owner_role	11987.84,10754.02 12314.13,11062.43
edge:declared:db.Payment:_company	20484.67,13431.78 17154.62,12518.61
edge:declared:db.Payment:app_card	20686.33,13524.43 20756.26,13580.06
edge:declared:db.Payment:charge	20484.67,13521.01 20287.01,13602.48
edge:declared:db.Payment:credit_card	20744.67,13463.04 22822.84,13392.81
edge:declared:db.Payment:purchase	20744.67,13501.98 21761.74,13772.30
edge:declared:db.PaymentLink:payment_store	23374.41,13264.83 22782.50,13997.30
edge:declared:db.PaymentLink:question_threads	23286.77,13196.02 20615.29,12683.00
edge:declared:db.PaymentRefund:payment	20836.04,13388.44 20744.67,13421.04
edge:declared:db.PaymentRefund:payment_status_history	20901.02,13314.44 20857.05,13272.42
edge:declared:db.PaymentStatusHistory:payment	20785.85,13272.42 20664.70,13410.43
edge:declared:db.PaymentStore:legal_partner	22671.84,14087.30 21720.71,14663.39
edge:declared:db.Payroll:company	9073.81,4961.99 16774.62,12287.00
edge:declared:db.Payroll:setting	9008.06,4961.99 8823.74,11882.91
edge:declared:db.PayrollAnnualSalaryInfo:employee	11340.77,15050.64 11500.96,15048.11
edge:declared:db.PayrollAnnualSalaryItem:item_setting_relation	11146.50,14549.78 10130.81,12084.86
edge:declared:db.PayrollAnnualSalaryItem:payroll_annual_salary_info	11166.60,14623.78 11217.92,15015.50
edge:declared:db.PayrollDocumentSealStampSetting:_deprecated_ceo	17076.11,15105.19 17389.21,16370.13
edge:declared:db.PayrollDocumentSealStampSetting:company	17064.36,15023.19 16973.09,12683.51
edge:declared:db.PayrollDocumentSealStampSetting:seal_stamp	17082.60,15105.19 17291.47,15619.95
edge:declared:db.PayrollEmployeeMonthlyWage:hrm_emp	8535.93,18527.56 8739.72,18277.71
edge:declared:db.PayrollLedger:company	13676.56,15054.79 16774.62,12616.07
edge:declared:db.PayrollLedgerAttachment:payroll_ldeger	13251.07,14766.85 13553.55,15054.79
edge:declared:db.PayrollLedgerFile:payroll_ledger	13542.84,14759.97 13599.11,15054.79
edge:declared:db.PayrollLedgerFileModificationRequest:payroll_ledger_file	13837.94,14581.58 13614.85,14685.97
edge:declared:db.PayrollLedgerItemSettingRelation:ledger_item	9956.77,12043.01 8913.75,12064.12
edge:declared:db.PayrollLedgerItemSettingRelation:setting	9956.77,12025.88 8947.34,11935.07
edge:declared:db.PayrollManagementRelation:payroll	10948.83,7173.09 9061.74,4961.99
edge:declared:db.PayrollSetting:ledger_item_set	8815.41,11964.91 8802.91,12029.51
edge:declared:db.PayrollSettlement:company_question_thread_set	13728.39,9687.06 18984.74,14210.59
edge:declared:db.PayrollSettlement:payroll	13640.39,9605.06 9069.73,4961.99
edge:declared:db.PayrollSettlementAutoCreation:payroll	9823.08,6201.25 9047.84,4961.99
edge:declared:db.PayrollSettlementAutoCreation:payroll_question_help_template	9850.60,6275.25 10176.97,9035.46
edge:declared:db.PayrollSettlementProgressLog:payroll_settlement	13174.61,9736.98 13556.75,9668.33
edge:declared:db.PayrollSocialInsuranceSetting:hrm	5333.07,16878.49 5352.90,16256.84
edge:declared:db.PayrollStaffUserRelation:payroll	8718.58,5093.83 8917.60,4961.99
edge:declared:db.PayrollStatement:_deprecated_employee	11804.38,15727.15 11666.89,15146.87
edge:declared:db.PayrollStatement:hrm_emp	11741.47,15849.15 9052.82,17969.09
edge:declared:db.PayrollStatement:payroll_ledger	11948.83,15738.75 13485.23,15154.92
edge:declared:db.PayrollStatementAttendance:payroll_statement	11766.90,16124.25 11809.40,15849.15
edge:declared:db.PayrollStatementDocument:payroll_statement	13100.71,15457.31 11948.83,15754.60
edge:declared:db.PayrollStatementEmail:payroll_ledger	12996.90,17087.24 13592.83,15160.79
edge:declared:db.PayrollStatementEmailRecipient:email	12811.45,18473.93 12977.22,17177.24
edge:declared:db.PayrollStatementEmailRecipient:payroll_statement	12791.37,18473.93 11840.92,15849.15
edge:declared:db.PayrollStatementItem:ledger_item_setting_relation	10956.13,15207.67 10124.25,12084.86
edge:declared:db.PayrollStatementItem:payroll_statement	11024.05,15281.67 11723.11,15727.15
edge:declared:db.PayrollStatementPayrollInformation:payroll_statement	12172.22,15764.99 11948.83,15779.63
edge:declared:db.PayrollStatementScheduledEmail:payroll_statement_email	12785.98,17164.83 12858.97,17152.76
edge:declared:db.PayrollStatementScheduledEmailPeriodicTaskRelation:payroll_statement_scheduled_email	12626.60,17325.14 12641.86,17224.74
edge:declared:db.PeriodicOptionVestingItem:periodic_option_vesting	15607.28,18470.59 15612.92,18526.22
edge:declared:db.PhantomStock:company	11997.58,17135.50 16774.62,12645.11
edge:declared:db.PhantomStock:grantee	11956.71,17233.50 12163.24,18132.18
edge:declared:db.PhantomStockGrantContract:phantom_stock	11742.76,17444.10 11907.19,17233.50
edge:declared:db.PhantomStockResumeEvent:pause_event	16464.22,16191.09 16361.93,16226.84
edge:declared:db.PhantomStockVesting:phantom_stock	11743.46,17642.67 11923.85,17233.50
edge:declared:db.PhantomStockVestingItem:phantom_stock_vesting	11639.11,17934.66 11714.38,17716.67
edge:declared:db.PhantomStockVestingTraceable:phantom_stock	11861.69,17791.99 11938.69,17233.50
edge:declared:db.PhantomStockVestingTraceable:source_vesting_item	11798.16,17865.99 11689.70,17934.66
edge:declared:db.PhoneVerification:phone	9582.71,14002.28 8068.30,12573.25
edge:declared:db.PingpongDelivery:dropoff_address	20260.76,12423.34 22348.52,14163.07
edge:declared:db.PitchingDayHall:assigned_irs	30658.43,8690.01 27472.95,7635.18
edge:declared:db.PitchingDayHallAccessLog:pitching_day_hall	30912.53,8954.36 30808.65,8776.07
edge:declared:db.PitchingDayHallAccessLog:venture_capital	30951.26,9028.36 32446.34,12250.52
edge:declared:db.PitchingDayHallAssignedIrs:investor_relations	29117.86,8001.39 27472.95,7619.90
edge:declared:db.PitchingDayHallAssignedIrs:pitching_day_hall	29326.10,8067.84 30683.62,8686.07
edge:declared:db.PortalMenuVisibilitySetting:company	17585.47,10102.21 17021.60,12249.51
edge:declared:db.PortalSetting:company	22051.34,10013.80 17154.62,12374.90
edge:declared:db.PortfolioCompany:company	27275.26,14283.47 17154.62,12499.99
edge:declared:db.PortfolioCompany:venture_capital	27535.26,14259.53 32357.46,12521.83
edge:declared:db.PortfolioCompanyFund:fund	28466.74,14414.75 29834.83,13649.13
edge:declared:db.PortfolioCompanyFund:portfolio_company	28282.62,14434.52 27535.26,14325.37
edge:declared:db.PortfolioCompanyManager:portfolio_company	27409.18,17016.11 27405.35,14371.38
edge:declared:db.PortfolioCompanyUserRelation:portfolio_company	27537.52,14413.40 27485.59,14371.38
edge:declared:db.PrivacyPolicyLog:privacy_policy	5715.39,29969.49 5725.03,29876.30
edge:declared:db.PromotionAddress:promotion	8103.98,7240.24 8169.35,8930.12
edge:declared:db.PromotionCodeUsageHistory:promotion_code	24309.32,12617.97 24206.78,12411.41
edge:declared:db.PromotionCodeUsageHistory:service_fee_item	24296.76,12691.97 24177.86,12834.23
edge:declared:db.Purchase:_corporate_registration_paid_issue	21761.74,13814.29 20165.45,13842.98
edge:declared:db.Purchase:_credit	21761.74,13815.58 20554.26,13847.74
edge:declared:db.Purchase:_deprecated_payment_store	22057.74,13852.45 22622.14,14008.10
edge:declared:db.Purchase:_incorporation_request	21871.23,13916.64 21154.78,15869.89
edge:declared:db.Purchase:_invitation_seat_request	21761.74,13771.28 12765.99,11318.19
edge:declared:db.Purchase:_meeting	21796.67,13916.64 17976.78,17463.80
edge:declared:db.Purchase:_payment_store_legal_partner	21871.63,13916.64 21612.08,14631.67
edge:declared:db.Purchase:_subscription_payment_request	21868.75,13706.64 21120.93,11790.89
edge:declared:db.Purchase:basket	22015.08,13706.64 22124.33,13597.75
edge:declared:db.Purchase:company	21761.74,13771.38 17154.62,12518.19
edge:declared:db.Purchase:investment_association	22057.74,13888.27 27213.38,16557.73
edge:declared:db.Purchase:service_fee	22057.74,13741.30 22393.55,13581.72
edge:declared:db.Purchase:venture_capital	22057.74,13792.76 32357.46,12478.99
edge:declared:db.PurchaseItem:payment_store	22733.96,13884.94 22742.66,13997.30
edge:declared:db.PurchaseItem:purchase	22613.10,13842.72 22057.74,13818.18
edge:declared:db.PurchaseStatusHistory:purchase	21386.48,13750.77 21761.74,13794.42
edge:declared:db.Purpose:articles_of_incorporation	17832.04,14940.19 17762.82,15257.22
edge:declared:db.Purpose:industrial_code	17845.90,14866.19 17859.57,14778.62
edge:declared:db.QrReplyPasswordReset:request	23399.70,16373.08 23368.10,16647.20
edge:declared:db.QrReplyPasswordResetRequest:reply	23346.15,16721.20 23124.48,17185.06
edge:declared:db.QuarterlyReportRequest:quarterly_report	25963.54,16785.86 26550.87,16049.32
edge:declared:db.QuarterlyReportRequestAttachment:quarterly_report_request	25434.15,16888.94 25757.66,16850.87
edge:declared:db.QuarterlyReportRequestRecipient:email_activity_recipient	27361.23,17276.99 23752.08,23064.19
edge:declared:db.QuarterlyReportRequestRecipient:portfolio_company	27389.54,17186.99 27404.91,14371.38
edge:declared:db.QuarterlyReportRequestRecipient:portfolio_company_manager	27394.31,17186.99 27405.11,17090.11
edge:declared:db.QuarterlyReportRequestRecipient:quarterly_report_request	27225.32,17186.99 26091.63,16875.86
edge:declared:db.QuarterlyReportRequestReportItem:quarterly_report_item	25516.96,16715.43 25519.20,16560.73
edge:declared:db.QuarterlyReportRequestReportItem:quarterly_report_request	25665.92,16753.84 25774.73,16785.86
edge:declared:db.QuarterlyReportSettings:quarterly_report	26465.67,15966.97 26528.60,15974.58
edge:declared:db.QuarterlyReportSignupChannel:portfolio_company	25645.58,14836.28 27275.26,14349.17
edge:declared:db.QuarterlyReportSignupChannel:quarterly_report	25551.36,14918.23 26612.59,15935.32
edge:declared:db.QuestionMessageAttachment:message	21420.30,15069.23 22776.61,11576.30
edge:declared:db.QuestionMessageScheduled:question_thread_message	23043.58,10941.49 22835.96,11430.30
edge:declared:db.QuestionThread:_company	20355.29,12650.46 17154.62,12476.82
edge:declared:db.QuestionThreadAssignment:question_thread	19725.64,12753.81 20355.29,12673.99
edge:declared:db.QuestionThreadMessage:question_thread	22668.96,11570.97 20615.29,12592.83
edge:declared:db.QuestionThreadMessageAccessLog:message	22919.35,11786.30 22834.47,11576.30
edge:declared:db.QuestionThreadMessageCategory:question_thread_message	23600.18,11539.57 22940.96,11509.50
edge:declared:db.QuestionThreadMessagePeriodicTaskRelation:question_message_scheduled	22940.91,10786.67 23022.12,10867.49
edge:declared:db.QuestionThreadMessageProfile:message	23232.04,11238.90 22922.88,11430.30
edge:declared:db.QuestionThreadMessageReminder:message	23600.18,11638.79 22940.96,11526.47
edge:declared:db.QuestionThreadMessageReview:message	23302.19,11740.71 22940.96,11568.24
edge:declared:db.QuestionThreadMessageReviewRequest:message	23609.32,11740.71 22940.96,11543.44
edge:declared:db.QuestionThreadTag:question_thread_set	20525.46,12899.32 20496.75,12726.51
edge:declared:db.RebootProductContactRequest:company	14983.20,12004.41 16774.62,12422.20
edge:declared:db.RegisteredMail:order_status_history	5652.54,10053.28 5789.29,10027.38
edge:declared:db.RegisteredMail:seal_card_return_status_history	5528.13,10038.63 5495.48,9850.15
edge:declared:db.Registration:meeting	15988.68,19485.32 17736.39,17697.80
edge:declared:db.RegistrationAgenda:agenda_ceo_address_change	14327.39,21778.08 14602.75,22044.36
edge:declared:db.RegistrationAgenda:agenda_director_change	14283.17,21778.08 14334.79,22782.08
edge:declared:db.RegistrationAgenda:agenda_option_exercise	14389.31,21778.08 14541.20,21841.11
edge:declared:db.RegistrationAgenda:registration	14314.87,21688.08 15917.61,19567.32
edge:declared:db.RegistrationAssistance:legal_partner	20875.57,16807.56 21524.59,14881.67
edge:declared:db.RegistrationAssistance:meeting	20737.75,16878.72 17998.78,17544.81
edge:declared:db.RegistrationAssistanceReceipt:registration_assistance	20954.10,16931.58 20907.36,16889.56
edge:declared:db.RegistrationCaseReport:company	14982.49,8317.13 16860.96,12249.51
edge:declared:db.RegistrationCaseReport:jurisdiction	14965.25,8317.13 14983.39,9887.00
edge:declared:db.RegistrationCaseReportUpdateLog:company	20767.15,9723.47 17154.62,12329.45
edge:declared:db.RegistrationDirector:registration	16045.46,19647.24 15981.44,19567.32
edge:declared:db.RegistrationFormCaptable:agenda	18807.22,23579.06 17946.86,21522.88
edge:declared:db.RegistrationFormCaptableDocument:captable	17990.51,24598.63 18789.44,23661.06
edge:declared:db.RegistrationFormCaptableNotarizationRequestor:registration_form_captable	18433.98,23497.52 18700.38,23581.14
edge:declared:db.RegistrationFormCaptableNotarizationRequestor:shareholder	18230.19,23423.52 17874.67,23270.41
edge:declared:db.RegistrationFormHeadOfficeInsideRelocationDocument:head_office_relocation_agenda	19474.33,23806.00 18736.19,21719.16
edge:declared:db.RegistrationFormHeadOfficeOutsideRelocationDocument:head_office_relocation_agenda	19482.17,24034.95 18734.66,21719.16
edge:declared:db.RegistrationHelp:company_question_thread	18150.88,16662.11 19052.85,14388.59
edge:declared:db.RegistrationHelp:meeting	18124.22,16736.11 17888.66,17463.80
edge:declared:db.ResignationLetterDocument:director_change_agenda	14846.18,24214.90 14357.06,22888.08
edge:declared:db.RightToConsentOrConsult:company	15617.06,16681.16 16895.24,12683.51
edge:inheritance:db.RsuAdjustEvent->db.Event	16170.76,16654.42 16539.11,16821.36
edge:declared:db.RsuExerciseClaim:company	15133.11,15385.35 16828.46,12683.51
edge:declared:db.RsuExerciseClaim:financial_account	15049.11,15491.35 13755.97,16842.05
edge:declared:db.RsuExerciseClaimAttachment:attachment_setting_item	14726.77,15565.37 14640.64,15650.59
edge:declared:db.RsuExerciseClaimAttachment:rsu_exercise_claim	14887.66,15495.25 14975.85,15471.60
edge:declared:db.RsuExerciseClaimCandidate:hrm_emp	13979.32,16525.33 9052.82,18051.43
edge:declared:db.RsuExerciseClaimCandidate:rsu_exercise_claim	14151.82,16437.30 15049.55,15491.35
edge:declared:db.RsuExerciseClaimCandidate:rsu_exercise_management	14090.82,16437.30 13988.75,16092.32
edge:declared:db.RsuExerciseClaimCandidate:rsu_grantee	14123.04,16535.30 14232.45,16837.90
edge:declared:db.RsuExerciseClaimCandidateEmailRecipient:candidate	14364.67,16619.79 14200.52,16535.30
edge:declared:db.RsuExerciseClaimEventRelation:claim	15518.03,15645.71 15206.73,15491.35
edge:declared:db.RsuExerciseClaimEventRelation:event	15618.90,15719.71 16110.44,16412.57
edge:declared:db.RsuExerciseClaimRsu:rsu	15676.75,15300.27 15886.85,15272.09
edge:declared:db.RsuExerciseClaimRsu:rsu_exercise_claim	15440.75,15347.53 15223.85,15405.32
edge:declared:db.RsuExerciseManagement:company	14015.22,15994.32 16783.20,12683.51
edge:declared:db.RsuExerciseManagement:excluded_institution_set	13954.82,16092.32 13776.10,16542.98
edge:declared:db.RsuExerciseManagementAttachmentSetting:management	14315.73,15934.48 14098.25,16003.80
edge:declared:db.RsuExerciseManagementAttachmentSettingItem:setting	14573.03,15724.59 14462.03,15860.48
edge:declared:db.RsuExerciseManagementEmail:rsu_exercise_management	14254.19,16139.92 14098.25,16086.11
edge:declared:db.RsuExtraAttachment:rsu	16356.14,14836.14 16081.10,15180.85
edge:declared:db.RsuGrantContract:rsu	16503.88,15037.97 16158.85,15192.81
edge:declared:db.RsuGrantContract:template	16609.84,14947.97 16693.92,14283.36
edge:declared:db.RsuGrantContractModusignDocument:rsu_grant_contract	21002.66,19266.51 16650.46,15037.97
edge:declared:db.RsuGrantContractTemplate:company	16823.11,14201.36 16924.95,12683.51
edge:declared:db.RsuGrantContractTemplate:stakeholder_set	16696.64,14201.36 16682.58,13968.21
edge:declared:db.RsuGrantContractTemplateStakeholder:company	16687.53,13894.21 16922.51,12683.51
edge:declared:db.RsuMeeting:company	16836.83,15214.10 16954.53,12683.51
edge:declared:db.RsuMeeting:meeting	16854.43,15304.10 17799.58,17463.80
edge:declared:db.RsuMeetingAttachment:meeting	16490.65,15400.31 16725.08,15304.10
edge:declared:db.RsuPerformanceCondition:company	15989.15,14350.09 16852.24,12683.51
edge:declared:db.RsuResumeEvent:pause_event	16270.95,17277.68 16146.08,17363.20
edge:declared:db.RsuRsa:company	16047.51,15180.85 16891.30,12683.51
edge:declared:db.RsuRsa:grantee	15943.09,15326.85 14292.08,16837.90
edge:declared:db.RsuRsa:grantee_hrm_emp	15886.85,15308.14 9052.82,18036.05
edge:declared:db.RsuRsa:source_meeting	16158.85,15254.73 16710.74,15258.30
edge:declared:db.RsuRsaSealedContractFile:company	16468.23,14483.87 16913.48,12683.51
edge:declared:db.RsuRsaSealedContractFile:grant_contract	16470.45,14557.87 16590.32,14947.97
edge:declared:db.RsuTag:category	16302.20,14327.45 16246.18,14267.16
edge:declared:db.RsuTag:company	16353.76,14327.45 16893.39,12683.51
edge:declared:db.RsuTag:rsu_set	16325.60,14409.45 16049.02,15180.85
edge:declared:db.RsuTagCategory:company	16227.59,14193.16 16871.99,12683.51
edge:declared:db.RsuVesting:rsu	15640.26,15167.63 15886.85,15223.20
edge:declared:db.RsuVestingItem:performance_condition	15712.95,14819.42 15947.99,14424.09
edge:declared:db.RsuVestingItem:rsu_vesting	15659.53,14909.42 15544.19,15104.04
edge:declared:db.RsuVestingTraceable:rsu	15909.25,15126.72 15957.62,15180.85
edge:declared:db.RsuVestingTraceable:source_vesting_item	15848.28,15052.72 15724.93,14909.42
edge:declared:db.RtccConsentSummary:company	15469.34,11031.09 16774.62,12284.12
edge:declared:db.RtccConsentSummary:source_result	15422.84,10957.09 15303.99,10404.44
edge:declared:db.RtccEmail:right_to_consent_or_consult	15504.88,17047.42 15591.46,16763.16
edge:declared:db.RtccEmailAuthentication:rtcc_investor	16123.52,17629.54 16048.18,17684.46
edge:declared:db.RtccInvestor:right_to_consent_or_consult	15969.36,17684.46 15619.52,16763.16
edge:declared:db.RtccInvestor:stakeholder	15893.36,17774.46 12852.68,19244.30
edge:declared:db.RtccInvestorFile:investor	17542.33,17934.72 16141.95,17749.97
edge:declared:db.RtccSummaryAnalysisRequest:company	15625.50,10168.39 16838.17,12249.51
edge:declared:db.RtccSummaryAnalysisRequestDocument:document	15731.50,10304.25 18592.56,15317.32
edge:declared:db.RtccSummaryAnalysisRequestDocument:request	15681.60,10230.25 15633.50,10168.39
edge:declared:db.RtccSummaryAnalysisResult:request	15348.40,10322.44 15548.38,10168.39
edge:declared:db.RtccSummaryAnalysisResultDocument:document	15799.50,10423.01 18592.57,15317.32
edge:declared:db.RtccSummaryAnalysisResultDocument:result	15625.38,10378.86 15421.17,10369.33
edge:declared:db.Safe:company	14049.72,15566.33 16774.62,12668.56
edge:declared:db.Safe:holder	13976.96,15640.33 13749.90,15861.61
edge:declared:db.SafeCreateEvent:contract_file	17467.11,17527.40 20048.87,18421.19
edge:declared:db.SalesMetric:legal_partner	22125.79,14706.38 21720.71,14742.82
edge:declared:db.SdContactRequest:secondary_deal	32589.63,8593.53 33306.65,6275.29
edge:declared:db.SdContactRequest:venture_capital	32577.83,8667.53 32543.43,12250.52
edge:declared:db.SealCardReturnRequest:seal_card	4690.12,8469.95 5062.99,8412.82
edge:declared:db.SealCardReturnStatusHistory:seal_card_return_request	5459.74,9768.15 4594.76,8529.95
edge:declared:db.SealCertificateDelivery:company	19316.38,12402.86 17154.62,12461.37
edge:declared:db.SealCertificateDelivery:seal_card_pickup_delivery	19564.38,12395.40 20077.96,12378.43
edge:declared:db.SealCertificateIssueRequest:delivery	19547.99,12490.52 19498.31,12448.50
edge:declared:db.SealStamp:attachment	17417.85,15725.95 20048.87,18300.82
edge:declared:db.SealStamp:company	17307.22,15619.95 16988.20,12683.51
edge:declared:db.SealStamp:director	17319.47,15725.95 17398.34,16370.13
edge:declared:db.SealStampCardContinuedUseApplicationFormDocument:stakeholder	12062.35,23604.30 12660.84,19481.54
edge:declared:db.SealStampDeclarationDocument:stakeholder	12454.36,22895.39 12676.47,19481.54
edge:declared:db.SealStampImage:seal_stamp	17727.15,15811.10 17436.98,15714.31
edge:declared:db.SealStampUsageHistory:employee	13090.99,15272.89 11784.96,15068.13
edge:declared:db.SealStampUsageHistory:payroll_statement_document	13216.46,15345.33 13217.69,15389.86
edge:declared:db.SealStampUsageHistory:seal_stamp	13338.99,15303.85 17188.98,15661.43
edge:declared:db.SealStampUsageHistory:wht_book	13090.99,15297.03 12384.65,15323.77
edge:declared:db.SealStampUsageHistory:wht_certificate	13238.46,15239.33 13269.15,15170.04
edge:declared:db.SealStampUsageHistory:wht_receipt	13090.99,15246.71 12962.33,15199.37
edge:declared:db.SecondaryDeal:assigned_investors	33328.66,6275.29 32567.57,12250.52
edge:declared:db.SecondaryDeal:business_line	33190.07,6134.56 32755.93,6078.92
edge:declared:db.SecondaryDeal:corporate_registration	33190.07,6050.45 33042.96,5951.26
edge:declared:db.SecondaryDeal:operating_profit	33319.86,6033.29 33043.86,4654.06
edge:declared:db.SelfRegistration:meeting	18102.08,17392.34 17998.78,17469.81
edge:declared:db.ServiceFee:basket	22355.83,13548.52 22279.45,13553.33
edge:declared:db.ServiceFeeItem:product	24076.26,12834.23 23209.36,12306.37
edge:declared:db.ServiceFeeItem:service_fee	24041.09,12916.23 22582.33,13499.72
edge:declared:db.ShareClass:company	16600.28,18177.85 16950.78,12683.51
edge:declared:db.ShareholderInstitutionMember:institution	12864.64,21971.14 13174.25,22666.06
edge:declared:db.ShareholderInstitutionMember:manager	12832.14,21889.14 12746.39,21641.98
edge:declared:db.ShareholderInstitutionMemberCeo:member	12811.76,22574.59 12844.17,21971.14
edge:declared:db.ShareholderVote:agenda	17872.13,22696.08 17932.57,21522.88
edge:declared:db.ShareholderVote:attended_shareholder	17793.24,22770.08 17727.05,23132.41
edge:declared:db.ShareholderVotingRightsPerAgenda:agenda	17642.72,22574.37 17861.09,21522.88
edge:declared:db.ShareholderVotingRightsPerAgenda:shareholder	17640.01,22648.37 17705.16,23132.41
edge:declared:db.ShareholdersAgreementStakeholder:stakeholder	11968.03,19095.99 12520.68,19271.75
edge:declared:db.ShareholdersMeeting:chairperson	16685.24,22699.25 15414.77,22748.75
edge:declared:db.ShareholdersMeeting:meeting	16829.21,22625.19 17827.09,17697.80
edge:declared:db.ShareholdersMeeting:sealed_meeting_minutes_file	16871.39,22625.19 20062.29,18703.97
edge:declared:db.ShareholdersMeetingAgenda:agenda_authorized_shares_change	17729.54,21489.23 17413.90,21693.11
edge:declared:db.ShareholdersMeetingAgenda:agenda_bonus_issue	17923.22,21248.88 18149.47,20328.58
edge:declared:db.ShareholdersMeetingAgenda:agenda_branch_change	17901.25,21248.88 18000.02,20093.97
edge:declared:db.ShareholdersMeetingAgenda:agenda_change_of_articles_of_incorporation	18049.54,21362.24 19018.55,20625.73
edge:declared:db.ShareholdersMeetingAgenda:agenda_co_ceo_system_change	17729.54,21391.90 17206.31,21411.59
edge:declared:db.ShareholdersMeetingAgenda:agenda_company_name_change	17856.83,21248.88 17787.64,20959.03
edge:declared:db.ShareholdersMeetingAgenda:agenda_custom	17729.54,21312.28 17059.62,21004.15
edge:declared:db.ShareholdersMeetingAgenda:agenda_director_change	17729.54,21451.15 14461.52,22784.49
edge:declared:db.ShareholdersMeetingAgenda:agenda_director_compensation_decision	17729.54,21433.38 16536.46,21787.62
edge:declared:db.ShareholdersMeetingAgenda:agenda_director_compensation_rule	17729.54,21315.31 17465.48,21198.85
edge:declared:db.ShareholdersMeetingAgenda:agenda_financial_statements	17923.54,21248.88 18250.36,19931.96
edge:declared:db.ShareholdersMeetingAgenda:agenda_head_office_relocation	18049.54,21440.04 18588.05,21622.33
edge:declared:db.ShareholdersMeetingAgenda:agenda_head_office_relocation_aoi_change	18009.89,21522.88 18559.35,22148.36
edge:declared:db.ShareholdersMeetingAgenda:agenda_method_of_giving_public_notice_change	17859.35,21248.88 17715.70,20597.00
edge:declared:db.ShareholdersMeetingAgenda:agenda_new_issue	17729.54,21522.88 17099.83,22275.97
edge:declared:db.ShareholdersMeetingAgenda:agenda_new_options_rule	17729.54,21263.57 17475.67,21069.50
edge:declared:db.ShareholdersMeetingAgenda:agenda_new_or_change_rsu_rule	17776.05,21248.88 17504.11,20920.60
edge:declared:db.ShareholdersMeetingAgenda:agenda_option_cancel	17729.54,21343.89 16270.24,20960.96
edge:declared:db.ShareholdersMeetingAgenda:agenda_option_grant	17788.47,21248.88 16676.69,19741.80
edge:declared:db.ShareholdersMeetingAgenda:agenda_purpose_change	17990.95,21522.88 18568.80,22303.54
edge:declared:db.ShareholdersMeetingAgenda:agenda_rsu_grant	17729.54,21309.27 16661.59,20797.99
edge:declared:db.ShareholdersMeetingAgenda:agenda_subsidiary_establishment	17729.54,21408.04 16816.33,21534.57
edge:declared:db.ShareholdersMeetingAgenda:meeting	17777.04,21522.88 16871.90,22625.19
edge:declared:db.ShareholdersMeetingConvocationNoticeEmail:shareholders_meeting	18399.04,20794.45 16872.76,22625.19
edge:declared:db.ShareholdersMeetingConvocationNoticeEmailAttachment:convocation_notice_email	19627.13,20459.28 18628.39,20700.01
edge:declared:db.ShareholdersMeetingConvocationNoticeEmailNewIssueAttachment:email	17321.73,22148.01 18400.33,20794.45
edge:declared:db.ShareholdersMeetingConvocationNoticeEmailNewIssueAttachment:new_issue	17404.48,22222.01 17186.29,22307.61
edge:declared:db.ShareholdersMeetingConvocationNoticeEmailRecipient:email_activity_recipient	21329.05,23406.87 23597.52,23128.41
edge:declared:db.ShareholdersMeetingConvocationNoticeRecipient:bulk_email_recipient	20429.88,21905.24 17933.38,19178.66
edge:declared:db.ShareholdersMeetingConvocationNoticeRecipient:convocation_notice_email	20395.13,21905.24 18520.41,20794.45
edge:declared:db.ShareholdersMeetingConvocationNoticeRecipient:shareholder	20371.93,21995.24 17866.47,23132.41
edge:declared:db.ShareholdersMeetingDirectorAttendance:stakeholder	15208.20,22706.37 12801.12,19481.54
edge:declared:db.ShareholdersMeetingPowerOfAttorneyIndividualDocument:shareholder	17165.44,23554.20 17607.07,23270.41
edge:declared:db.ShareholdersMeetingShareholderAttendance:meeting	17592.13,23132.41 16937.56,22763.19
edge:declared:db.ShareholdersMeetingShareholderAttendance:original_shareholder	17526.95,23181.86 13333.21,22744.61
edge:declared:db.ShareholdersMeetingShortenPeriodIndividualDocument:shareholder	17423.04,23231.99 17526.95,23221.08
edge:declared:db.ShareholdersMeetingWrittenDecisionIndividualDocument:shareholder	17294.25,23731.97 17659.80,23270.41
edge:declared:db.Stakeholder:company	12784.62,19167.54 16829.26,12683.51
edge:declared:db.Stakeholder:standardized_address	12852.68,19318.23 22563.75,18949.10
edge:declared:db.StakeholderAccount:account	13332.19,17982.55 13692.14,16940.05
edge:declared:db.StakeholderAccount:stakeholder	13301.47,18056.55 12762.80,19167.54
edge:declared:db.StakeholderCustodian:stakeholder	12308.31,19299.45 12520.68,19313.53
edge:declared:db.StakeholderSeat:stakeholder	11793.19,19359.33 12520.68,19336.59
edge:declared:db.StarredQuestionThread:question_thread	20130.70,12806.80 20355.29,12712.25
edge:declared:db.Stock:company	16565.34,18415.79 16950.06,12683.51
edge:declared:db.Stock:share_class	16568.82,18415.79 16588.85,18283.85
edge:declared:db.Stock:shareholder	16530.37,18497.79 13254.30,22666.06
edge:declared:db.StockDocumentAnalysis:document_ai_process_request	25820.92,27607.59 26369.23,27351.41
edge:declared:db.StockDocumentAnalysis:stock_reregistration_event	25769.97,27681.59 25875.47,27819.83
edge:declared:db.StockTransferAgreement:company	17765.33,18485.52 16993.49,12683.51
edge:declared:db.StockTransferAgreement:purchaser	17639.57,18582.88 12852.68,19299.68
edge:declared:db.StockTransferAgreement:sealed_agreement_file	17911.57,18571.17 20048.87,18496.78
edge:declared:db.StockTransferAgreement:seller	17642.95,18639.52 13287.65,22666.06
edge:declared:db.StockTransferAgreement:stock_transfer_event	17666.20,18485.52 17539.51,18396.32
edge:declared:db.StockTransferAgreementClauses:stock_transfer_agreement	17927.96,18325.64 17911.57,18503.81
edge:declared:db.StockTransferAgreementItem:agreement	17173.41,18353.12 17639.57,18515.22
edge:declared:db.StockTransferAgreementItem:share_class	16943.51,18293.72 16720.90,18253.34
edge:declared:db.StockTransferAgreementManagement:company	18156.28,13151.61 17154.62,12575.74
edge:declared:db.StockTransferAgreementManagement:related_tax_advices	18386.06,13160.32 20355.29,12688.65
edge:declared:db.StockTransferAgreementManagement:stock_transfer_agreement	18230.71,13241.61 17782.16,18485.52
edge:declared:db.StockTransferAgreementManagementStakeholderSeat:stakeholder_seat	9894.25,8571.11 11662.12,19322.21
edge:declared:db.StockTransferAgreementManagementStakeholderSeat:stock_transfer_agreement_management	9954.41,8571.11 18156.07,13151.61
edge:declared:db.StockTransferAgreementModusignDocument:stock_transfer_agreement	20098.99,20217.20 17883.69,18639.52
edge:declared:db.StockTransferAgreementModusignEmbeddedDraft:stock_transfer_agreement	20282.70,20569.69 17871.22,18639.52
edge:declared:db.StockTransferAgreementPurchaserInstitution:agreement	17944.46,18934.50 17820.60,18639.52
edge:declared:db.StockTransferAgreementSellerInstitution:agreement	18225.46,18677.51 17911.57,18597.28
edge:declared:db.StockTransferAgreementSurvey:company	19597.09,9438.58 17153.28,12249.51
edge:declared:db.StockTransferPrice:share_class	17232.77,18196.66 16720.90,18224.18
edge:declared:db.StockTransferPrice:stock_transfer_event	17380.58,18227.31 17457.14,18322.32
edge:declared:db.StockUnissuedConfirmationRequest:company	18971.74,16204.93 17081.13,12683.51
edge:declared:db.StockUnissuedConfirmationRequest:stock_unissued_confirmation_file	19016.53,16286.93 20118.31,18269.97
edge:declared:db.StripeCard:customer	6254.03,7287.11 6300.14,7658.11
edge:declared:db.StripePayment:card	5456.35,7938.15 6206.78,7287.11
edge:declared:db.StripePayment:order	5533.09,8007.35 6684.15,8269.15
edge:declared:db.StripePayment:seal_card_return_request	5341.30,8020.15 4633.91,8447.95
edge:declared:db.Subscription:company	20788.05,11218.61 17154.62,12404.50
edge:declared:db.Subscription:subscription_contract	20788.05,11220.87 19599.67,11628.51
edge:declared:db.Subscription:subscription_package	20788.05,11232.92 19871.53,11628.51
edge:declared:db.Subscription:subscription_plan	20877.24,11255.22 20439.94,12011.94
edge:declared:db.Subscription:subscription_policy	20788.05,11251.71 19862.17,11779.24
edge:declared:db.Subscription:subscription_promotion	20788.05,11203.41 20132.18,11344.17
edge:declared:db.SubscriptionBonus:subscription	21487.45,11272.86 21060.05,11198.03
edge:declared:db.SubscriptionContract:company	19375.07,11702.51 17154.62,12406.29
edge:declared:db.SubscriptionModusignDocumentUsageHistory:subscription	24891.86,14371.20 21024.58,11255.22
edge:declared:db.SubscriptionPackage:company	19667.81,11699.01 17154.62,12412.56
edge:declared:db.SubscriptionPaymentRequest:company	20978.93,11771.70 17154.62,12433.62
edge:declared:db.SubscriptionPaymentRequest:subscription	21092.05,11708.89 20949.50,11255.22
edge:declared:db.SubscriptionPenaltyPayment:company	19371.81,11814.04 17154.62,12415.01
edge:declared:db.SubscriptionPenaltyPayment:subscription	19579.07,11744.51 20788.05,11231.89
edge:declared:db.SubscriptionPeriod:subscription	21785.64,10889.50 21060.05,11129.28
edge:declared:db.SubscriptionPerk:subscription	21441.80,11436.85 21060.05,11243.21
edge:declared:db.SubscriptionPlan:permissions	20277.00,12062.58 19951.48,12046.65
edge:declared:db.SubscriptionPlanOffering:subscription_plan	20593.69,12039.73 20537.00,12048.60
edge:declared:db.SubscriptionPlanPerk:subscription_plan	20624.67,11942.25 20504.93,12011.94
edge:declared:db.SubscriptionPolicy:company	19679.23,11844.89 17154.62,12420.38
edge:declared:db.SubscriptionPromotion:company	19911.33,11406.49 17154.62,12398.16
edge:declared:db.SubscriptionReservation:company	19184.39,12226.11 17154.62,12445.93
edge:declared:db.SubscriptionReservation:subscription_plan	19420.39,12197.91 20277.00,12085.93
edge:declared:db.SubscriptionSuspensionHistory:subscription	21411.14,11151.34 21060.05,11167.83
edge:declared:db.TalingCoupon:_company	13181.80,11769.23 16774.62,12431.49
edge:declared:db.TaxBookkeepingServiceRequest:company	20483.17,14256.38 17154.62,12563.16
edge:declared:db.TaxBookkeepingServiceRequest:incorporation_request	20577.27,14338.38 21081.69,15869.89
edge:declared:db.TaxPartnerTbkContract:legal_partner	22731.93,14445.06 21720.71,14715.49
edge:declared:db.TaxPartnerTbkContractItem:tax_partner_tbk_contract	22711.80,14606.80 22823.49,14450.50
edge:declared:db.TaxPartnerTbkSettings:legal_partner	21828.06,15698.88 21601.38,14881.67
edge:declared:db.TbkConsulting:tax_bookkeeping_service_request	20776.92,14243.97 20700.76,14263.05
edge:declared:db.TbkConsulting:tbk_question_thread	20776.92,14218.83 19230.16,14292.80
edge:declared:db.TbkConsultingMemo:tbk_consulting	21247.34,14062.27 21013.61,14163.90
edge:declared:db.TbkConsultingRefusal:incorporation_request	20810.46,15540.71 21042.31,15869.89
edge:declared:db.TbkConsultingStatusLog:tbk_consulting	20850.68,13987.41 20890.00,14163.90
edge:declared:db.TbkContract:tbk_consulting	22060.84,15052.51 20968.61,14261.90
edge:declared:db.TbkContractBenefit:tbk_contract	22200.92,15176.53 22158.68,15134.51
edge:declared:db.TbkContractSettlement:tbk_contract	22165.93,15010.49 22141.41,15052.51
edge:declared:db.ThirdPartyArticleProviderUserRelation:article_provider	20124.45,19992.72 20121.04,19945.00
edge:declared:db.UserApiKeyCompanyAccess:api_key	17665.60,7893.49 18126.67,7547.80
edge:declared:db.UserApiKeyCompanyAccess:selected_companies	17605.07,7975.49 16995.57,12249.51
edge:declared:db.UserApiKeyCompanyRelation:company	17358.66,7727.18 16982.66,12249.51
edge:declared:db.UserApiKeyCompanyRelation:company_access	17399.48,7727.18 17569.10,7893.49
edge:declared:db.UserApiKeyRevocation:api_key	17878.20,7490.00 18057.35,7499.93
edge:declared:db.UserInvitation:company	12619.43,11773.49 16774.62,12436.21
edge:declared:db.UserInvitation:company_user_relation	12387.39,11798.71 11093.44,12337.65
edge:declared:db.UserInvitationInvitee:invitation	11085.47,12492.56 12409.56,11798.71
edge:declared:db.UserInvitationInvitee:stakeholder	11023.96,12566.56 12648.05,19167.54
edge:declared:db.UserInvitationOwnerRoleRelation:owner_role	12291.28,11299.76 12346.54,11160.43
edge:declared:db.UserInvitationOwnerRoleRelation:user_invitation	12296.03,11373.76 12471.81,11708.71
edge:declared:db.UserProfileImageMapping:profile_image	21084.25,18792.39 21025.27,18776.65
edge:declared:db.UserSealCardRelation:seal_card	4982.38,8539.63 5129.46,8434.82
edge:declared:db.ValuationHistory:company	18673.90,12498.67 17154.62,12470.08
edge:declared:db.ValuationServiceRequest:company	17815.37,13356.41 17154.62,12665.25
edge:declared:db.ValuationServiceRequest:company_question_thread	17901.26,13430.41 18966.63,14210.59
edge:declared:db.VcIrRecommendationRequest:venture_capital	31103.25,9777.84 32431.35,12250.52
edge:declared:db.VcIrRecommendationRequestResult:investor_relations	29744.96,8798.41 27472.95,7661.26
edge:declared:db.VcIrRecommendationRequestResult:request	29870.56,8872.41 31031.71,9703.84
edge:declared:db.VcLpReport:venture_capital	32212.35,12996.54 32416.75,12660.52
edge:declared:db.VcLpReportRequest:alimtalk_activity	32656.78,13375.27 31509.89,14070.82
edge:declared:db.VcLpReportRequest:vc_lp_report	32651.51,13293.27 32255.61,13070.54
edge:declared:db.VcLpReportRequestRecipient:alimtalk_activity_recipient	31160.01,13937.63 30763.77,14331.59
edge:declared:db.VcLpReportRequestRecipient:fund_partner	31068.25,13925.86 30845.02,13974.92
edge:declared:db.VcLpReportRequestRecipient:vc_lp_report_request	31312.30,13855.63 32613.34,13375.27
edge:declared:db.VcNameAlias:venture_capital	33261.26,12104.13 32725.46,12365.70
edge:declared:db.VcSearchLog:company	26374.57,6857.01 17154.62,12353.25
edge:declared:db.VcSearchLog:investor_relations	26490.08,6857.01 27171.91,7455.18
edge:declared:db.VcSearchLog:venture_capital	26487.68,6857.01 32357.46,12285.36
edge:declared:db.VcUserRole:venture_capital	28111.60,9285.75 32357.46,12323.86
edge:declared:db.VentureBusinessCertification:attachment	18633.36,15539.32 20120.68,18269.97
edge:declared:db.VentureBusinessCertification:company	18588.77,15457.32 17082.46,12683.51
edge:declared:db.VentureBusinessCertificationExpirationNotificationLog:venture_business_certification	18363.11,15586.27 18495.46,15539.32
edge:declared:db.VentureCapitalEmailTemplates:venture_capital	32877.51,12563.15 32725.46,12514.45
edge:declared:db.VentureCapitalPaymentLink:venture_capital	29689.52,12516.33 32357.46,12459.44
edge:declared:db.VentureCapitalQuarterlyReport:content_template	26700.39,15935.32 27847.56,13386.43
edge:declared:db.VentureCapitalQuarterlyReport:venture_capital	26769.64,15935.32 32357.46,12566.45
edge:declared:db.VentureCapitalQuarterlyReportContentTemplate:venture_capital	28060.66,13312.43 32357.46,12503.17
edge:declared:db.VentureCapitalQuarterlyReportItem:quarterly_report	25609.61,16478.73 26550.24,16049.32
edge:declared:db.VentureCapitalQuarterlyReportItemReply:file_attachment	23894.05,17114.82 20428.87,18415.64
edge:declared:db.VentureCapitalQuarterlyReportItemReply:item	24115.49,17032.82 25407.58,16560.73
edge:declared:db.VentureCapitalQuarterlyReportItemReply:reply	23821.77,17108.98 23262.42,17217.32
edge:declared:db.VentureCapitalQuarterlyReportReply:_deprecated_captable	22943.41,17315.06 20428.87,18404.64
edge:declared:db.VentureCapitalQuarterlyReportReply:company_create_request	22962.51,17185.06 22155.48,16784.34
edge:declared:db.VentureCapitalQuarterlyReportReply:portfolio_company	23188.63,17185.06 27310.05,14371.38
edge:declared:db.VentureCapitalQuarterlyReportReply:quarterly_report	23262.42,17190.71 26528.60,16043.76
edge:declared:db.VentureCapitalSubscription:subscription_plan	33151.49,11067.98 33270.23,11252.78
edge:declared:db.VentureCapitalSubscription:venture_capital	33112.48,11067.98 32625.82,12250.52
edge:declared:db.VentureCapitalSubscriptionPlanPermission:subscription_plan	34225.67,11247.92 33441.08,11286.65
edge:declared:db.VentureCapitalSubscriptionPlanPrice:subscription_plan	33226.51,11911.54 33291.93,11334.78
edge:declared:db.VentureCapitalUserRelation:roles	29610.85,10747.43 28096.05,9285.75
edge:declared:db.VentureCapitalUserRelation:venture_capital	29735.71,10837.43 32357.46,12345.74
edge:declared:db.VentureComplex:address	23527.43,18512.16 22871.75,18861.26
edge:declared:db.VideoCollection:video_contents	18894.86,9480.09 19358.26,8888.25
edge:declared:db.VideoCollectionFeedback:company	18196.19,9921.02 17069.61,12249.51
edge:declared:db.VideoCollectionFeedback:video_collection	18280.63,9847.02 18778.70,9570.09
edge:declared:db.VideoCollectionPermission:company	18653.69,9794.83 17101.81,12249.51
edge:declared:db.VideoCollectionPermission:video_collection	18706.10,9720.83 18824.33,9570.09
edge:declared:db.VideoContentHistory:company	19084.85,9784.00 17136.14,12249.51
edge:declared:db.VideoContentHistory:video_collection	19068.79,9702.00 18912.83,9570.09
edge:declared:db.VideoContentHistory:video_content	19129.76,9702.00 19377.86,8888.25
edge:declared:db.VideoContentSpeecher:video_content	19145.48,8794.60 19266.36,8820.59
edge:declared:db.WhitepaperPreviewFile:whitepaper	5849.24,6322.44 5824.47,6437.36
edge:declared:db.WhitepaperWatermarkFile:whitepaper	6724.35,5947.75 5885.85,6437.36
edge:declared:db.WhtBook:employee	12171.03,15287.47 11784.96,15110.84
edge:declared:db.WhtBook:wht_book_without_date	12210.88,15369.47 12088.98,15469.90
edge:declared:db.WhtBookWithoutDate:employee	12011.88,15469.90 11730.83,15146.87
edge:declared:db.WhtCertificate:employee	13167.54,15122.22 11784.96,15042.62
edge:declared:db.WhtReceipt:employee	12743.76,15151.09 11784.96,15059.44
edge:declared:db.YearEndTaxSettlement:payroll	10961.92,18573.84 9018.39,4961.99
edge:declared:db.YearEndTaxSettlementConfirmationSchedule:year_end_tax_settlement	10440.27,18001.66 10930.17,18573.84
edge:declared:db.YetsAssistance:employee	15432.40,30618.04 9632.94,30377.37
edge:declared:db.YetsAssistanceCreatorYetsEmployee:yets_employee	10828.26,30173.84 9632.94,30349.73
edge:declared:db.YetsAssistanceMessage:assistance	19000.60,30154.49 15680.40,30606.32
edge:declared:db.YetsAssistanceMessage:creator	19000.60,30137.09 14336.11,30117.13
edge:declared:db.YetsAssistanceMessageFile:message	23063.71,31750.81 19234.48,30182.62
edge:declared:db.YetsAssistanceStaffAccessLog:assistance	14964.17,30746.63 15432.40,30649.03
edge:declared:db.YetsAssistanceStaffFavoriteRelation:assistance	16046.51,30446.39 15680.40,30578.46
edge:declared:db.YetsEmail:year_end_tax_settlement	11827.06,19983.99 10992.14,18663.84
edge:declared:db.YetsEmailAuthentication:yets_employee	9358.18,30936.81 9471.70,30436.29
edge:declared:db.YetsEmployee:employee	9495.59,30306.29 11628.75,15146.87
edge:declared:db.YetsEmployee:year_end_tax_settlement	9494.64,30306.29 10963.02,18663.84
edge:declared:db.YetsEmployeeFile:employee	23667.08,32342.10 9632.94,30391.65
edge:declared:db.YetsEmployeeResult:yets_employee	11413.60,29971.45 9632.94,30340.89
edge:declared:db.YetsEmployeeResultAssistanceMessageRelation:assistance_message	14798.47,30028.70 19000.60,30134.50
edge:declared:db.YetsEmployeeResultAssistanceMessageRelation:result	14410.47,30018.88 11661.60,29948.88
edge:declared:db.YetsEmployeeResultStatusLog:result	11242.79,29004.42 11523.51,29900.72
edge:declared:db.YetsEmployeeResultWhtReceipt:result	22395.84,29973.22 11661.60,29946.03
edge:declared:db.YetsEmployeeSubmissionLog:yets_employee	9889.80,30611.15 9595.75,30436.29
edge:declared:db.YetsEmployeeUploadForm:yets_employee	11442.19,30798.11 9632.94,30403.26
edge:declared:db.YetsEmployeeUploadFormStatusLog:yets_employee_upload_form	11201.40,31511.65 11540.89,30860.86
edge:declared:db.ZuzuTaxPhoneToken:phone	8313.29,12382.39 8097.43,12499.25
edge:declared:document_ai.DocumentAiProcessResult:request	25924.52,29760.47 26440.50,27351.41
edge:declared:fi_sta.FiStaCompanyCeo:fi_sta_company	31002.89,30339.64 30296.38,32704.35
edge:declared:fi_sta.FiStaCompanySearchResult:fi_sta_company	30336.27,31501.21 30285.85,32704.35
edge:declared:fi_sta.FiStaContractDocument:participant	28616.92,33259.03 29025.14,33632.44
edge:declared:fi_sta.FiStaContractDocument:stock_transfer_agreement_document	28443.72,33243.42 26714.66,33653.23
edge:declared:fi_sta.FiStaContractDocument:stock_transfer_notice_poa_document	28582.18,33259.03 28655.86,33488.29
edge:declared:fi_sta.FiStaContractDocument:stock_unissued_confirmation_poa_document	28566.64,33169.03 28497.60,30285.88
edge:declared:fi_sta.FiStaManagement:fi_sta_company	31987.46,35037.47 30314.60,32786.35
edge:declared:fi_sta.FiStaParticipant:fi_sta_user	29192.06,33730.44 30759.02,34407.84
edge:declared:fi_sta.FiStaStockTransferAgreementDocument:starter	26714.66,33692.71 28954.71,33682.03
edge:declared:fi_sta.FiStaStockTransferNoticePoaDocument:signer	28765.13,33562.29 28954.71,33634.32
edge:declared:fi_sta.FiStaStockUnissuedConfirmationPoaDocument:signer	28502.98,30285.88 29070.40,33632.44
edge:declared:fi_sta.FiStaTransferStock:stock_transfer_agreement_document	28098.34,33904.52 26714.66,33716.61
edge:declared:fi_sta.FiStaUser:fi_sta_management	30913.39,34481.84 31946.18,35037.47
edge:declared:vertex_ai.VertexAiPredictionResult:request	33823.32,17455.89 33767.20,17538.45
edge:inheritance:db.AgendaBonusIssueNewIssueBalanceCertificateFile->db.FileAttachment	18934.43,19382.08 20048.87,18617.35
edge:inheritance:db.AgendaBonusIssueNewIssueMinutesFile->db.FileAttachment	19401.83,19249.97 20048.87,18660.16
edge:inheritance:db.Announcement->db.QuestionThread	20708.53,12304.46 20528.92,12588.51
edge:inheritance:db.AppointedDirectorCertificateOfSealDocument->db.MeetingDocument	17324.55,28793.40 16185.81,26273.48
edge:inheritance:db.AppointedDirectorResidentRegistrationDocument->db.MeetingDocument	18471.03,26291.54 16274.79,26092.60
edge:inheritance:db.ArticlesOfIncorporationAfterChangeDocument->db.MeetingDocument	20938.61,27754.68 16274.79,26138.18
edge:inheritance:db.ArticlesOfIncorporationBeforeChangeDocument->db.MeetingDocument	17422.21,26005.58 16274.79,26066.96
edge:inheritance:db.ArticlesOfIncorporationDocument->db.MeetingDocument	19845.60,26352.92 16274.79,26089.61
edge:inheritance:db.AuditReportDocument->db.MeetingDocument	18969.07,28925.77 16274.79,26253.06
edge:inheritance:db.BalanceCertificateDocument->db.MeetingDocument	15236.62,22494.50 16049.48,25879.48
edge:inheritance:db.BeforeunloadPdfEvent->db.PdfEvent	29281.42,11182.08 29775.47,11404.17
edge:inheritance:db.BigNumberValueWithVisibility->db.ValueWithVisibility	32987.16,4654.06 32016.68,5875.20
edge:inheritance:db.BranchAbolitionEvent->db.Event	18752.91,18057.39 16835.11,16972.18
edge:inheritance:db.BranchChangeEvent->db.Event	19216.25,18476.26 16835.11,16981.35
edge:inheritance:db.BranchInstallationEvent->db.Event	18818.75,18244.33 16835.11,16982.57
edge:inheritance:db.BulkEmailCommonAttachment->db.FileAttachment	17086.07,17404.59 20048.87,18421.74
edge:inheritance:db.BulkEmailRecipientAttachment->db.FileAttachment	18928.63,18816.08 20048.87,18534.69
edge:inheritance:db.CapitalChangeEvent->db.Event	16174.66,16064.25 16619.34,16779.43
edge:inheritance:db.CaptableAfterNewIssueDocument->db.MeetingDocument	18576.23,27075.99 16274.79,26148.24
edge:inheritance:db.CaptableAtRecordDateDocument->db.MeetingDocument	19701.15,26506.80 16274.79,26095.96
edge:inheritance:db.CaptableBeforeNewIssueDocument->db.MeetingDocument	18145.95,26898.68 16274.79,26147.90
edge:inheritance:db.CeoAddressChangeEvent->db.Event	16951.66,15983.87 16720.01,16779.43
edge:inheritance:db.CeoConfirmationDocument->db.MeetingDocument	18624.28,26111.72 16274.79,26078.96
edge:inheritance:db.CeoTypeChangedCeoResidentRegistrationDocument->db.MeetingDocument	15350.29,24523.68 16002.08,25879.48
edge:inheritance:db.CertificateOfCorporateSealDocument->db.MeetingDocument	19032.81,26561.69 16274.79,26105.12
edge:inheritance:db.CertificateOfSealNotarizationPoaDocument->db.MeetingDocument	15888.29,27644.35 16070.59,26273.48
edge:inheritance:db.CmeBulkEmail->db.BulkEmail	18058.86,16576.33 15388.96,17219.68
edge:inheritance:db.CmeBulkEmailRecipient->db.BulkEmailRecipient	18824.56,16703.34 17902.79,19064.66
edge:inheritance:db.CmeBulkEmailTemplate->db.BulkEmailTemplate	19652.70,15096.33 19368.55,15142.91
edge:inheritance:db.CoCeoSystemChangeEvent->db.Event	16822.82,15531.09 16703.26,16779.43
edge:inheritance:db.CompanyAddressChangeEvent->db.Event	19299.45,18343.16 16835.11,16970.85
edge:inheritance:db.CompanyBulkEmailTemplate->db.BulkEmailTemplate	18886.99,14523.17 19220.72,15097.34
edge:inheritance:db.CompanyDocumentDelivery->db.DocumentDelivery	18596.44,12571.84 19427.94,12639.31
edge:inheritance:db.CompanyEndorsementFeed->db.CompanyFeed	24209.08,6403.58 25253.01,3723.80
edge:inheritance:db.CompanyFeed->db.Feed	25283.07,3723.80 25815.16,6719.14
edge:inheritance:db.CompanyIrClosingFeed->db.CompanyFeed	26347.09,6229.24 25295.90,3723.80
edge:inheritance:db.CompanyIrNewCommitFeed->db.CompanyFeed	26754.92,6088.31 25306.13,3723.80
edge:inheritance:db.CompanyIrOpenFeed->db.CompanyFeed	26875.79,5564.31 25318.50,3723.80
edge:inheritance:db.CompanyNewsFeed->db.CompanyFeed	20725.10,8257.80 25221.10,3723.80
edge:inheritance:db.CompanyOwnerAuditLog->db.AuditLog	12122.03,7912.90 17196.09,7285.82
edge:inheritance:db.CompanyPaymentLink->db.PaymentLink	21876.04,12236.73 23340.52,13174.83
edge:inheritance:db.CompanyQuestionThread->db.QuestionThread	19115.18,14210.59 20402.66,12726.51
edge:inheritance:db.CompanyTanTableView->db.TanTableView	13138.82,9981.47 13429.00,9854.73
edge:inheritance:db.ConsentFormModusignDocument->db.ModusignDocument	25341.47,35699.99 22491.30,20728.44
edge:inheritance:db.ConsentFormModusignEmbeddedDraft->db.ModusignEmbeddedDraft	22954.99,25687.61 21964.71,21940.87
edge:inheritance:db.ConsentFormOptionItem->db.ConsentFormItem	22336.29,24297.48 22851.63,26793.93
edge:inheritance:db.CorporateRegistrationDocument->db.MeetingDocument	17369.42,28966.63 16183.54,26273.48
edge:inheritance:db.CustomOptionGrantContractTemplate->db.OptionGrantContractTemplate	19655.60,16171.45 19542.59,16173.90
edge:inheritance:db.CustomOptionGrantContractTemplateRevision->db.OptionGrantContractTemplateRevision	20313.89,16713.83 20161.45,16627.87
edge:inheritance:db.DebtConfirmationAndOffsetContractDocument->db.MeetingDocument	17997.38,25326.12 16274.79,26006.20
edge:inheritance:db.Director->db.Stakeholder	17287.68,16516.13 12852.68,19223.22
edge:inheritance:db.DirectorAppointmentEvent->db.Event	16920.86,16284.41 16729.29,16779.43
edge:inheritance:db.DirectorCompensationDecisionEvent->db.Event	17116.44,16886.26 16835.11,16887.68
edge:inheritance:db.DirectorCompensationLimitEvent->db.Event	17126.49,16722.76 16835.11,16851.50
edge:inheritance:db.DirectorDecisionDocument->db.MeetingDocument	19091.91,26983.72 16274.79,26130.40
edge:inheritance:db.DirectorResidentRegistrationWithAddressChangeHistoryDocument->db.MeetingDocument	15991.74,24711.53 16081.63,25879.48
edge:inheritance:db.DirectorTermEndEvent->db.Event	17021.48,16451.63 16770.55,16779.43
edge:inheritance:db.DirectorsMeetingMinutesDocument->db.MeetingDocument	17431.19,25895.74 16274.79,26052.37
edge:inheritance:db.DirectorsMeetingNoticeDocument->db.MeetingDocument	17230.13,29142.83 16169.60,26273.48
edge:inheritance:db.DirectorsMeetingNoticeEmail->db.BulkEmail	16659.26,19140.62 15310.09,17320.00
edge:inheritance:db.DirectorsMeetingNoticeEmailRecipient->db.BulkEmailRecipient	17079.91,19311.80 17752.49,19152.46
edge:inheritance:db.DirectorsMeetingSkipNoticeDocument->db.MeetingDocument	16812.09,29450.49 16138.55,26273.48
edge:inheritance:db.DocumentLoadedPdfEvent->db.PdfEvent	29693.67,11268.67 29826.49,11404.17
edge:inheritance:db.ESOPParticipant->db.Employee	11994.01,15950.01 11671.98,15146.87
edge:inheritance:db.ElectronicCertificateApplicationFormDocument->db.MeetingDocument	11583.28,25843.05 15918.79,26069.76
edge:inheritance:db.ElectronicCertificateCaseReportDocument->db.MeetingDocument	11967.91,25648.18 15918.79,26058.02
edge:inheritance:db.Employee->db.Stakeholder	11667.60,15146.87 12648.38,19167.54
edge:inheritance:db.EmployeeOptionExerciseEvent->db.Event	16793.70,17206.37 16723.65,16997.43
edge:inheritance:db.EmployeeOptionExerciseManagementEmail->db.BulkEmail	15040.87,15114.75 15251.91,17182.00
edge:inheritance:db.EmployeeOptionGrantee->db.Employee	11827.42,13846.97 11658.50,14944.87
edge:inheritance:db.EmployeeStockGuideEmail->db.BulkEmail	14378.57,17146.64 15128.96,17235.59
edge:inheritance:db.ExpertClientSignupChannel->db.SignupChannel	22836.11,14874.21 23328.23,14632.05
edge:inheritance:db.FeeReceiptDocument->db.MeetingDocument	17396.15,28162.99 16219.47,26273.48
edge:inheritance:db.FileValueWithVisibility->db.ValueWithVisibility	32828.43,5896.66 32105.27,5910.02
edge:inheritance:db.FinancialStatementsDocument->db.MeetingDocument	19917.03,27865.46 16274.79,26159.84
edge:inheritance:db.FinancialStatementsForNewIssueFromConversionDocument->db.MeetingDocument	16831.31,23937.02 16164.42,25879.48
edge:inheritance:db.HrmAlpUsagePlan->db.HrmApprovable	9364.90,18194.99 7765.16,17858.91
edge:inheritance:db.HrmAnnualLeave->db.HrmLeaveBase	8312.56,21689.28 7934.40,21031.56
edge:inheritance:db.HrmAnnualLeaveFiscalBasedConfig->db.HrmAnnualLeaveConfigBase	8543.67,24949.68 8323.84,22601.42
edge:inheritance:db.HrmAnnualLeaveHireBasedConfig->db.HrmAnnualLeaveConfigBase	8257.24,24137.47 8318.89,22601.42
edge:inheritance:db.HrmAttendance->db.HrmApprovable	8132.36,17828.72 7765.16,17831.82
edge:inheritance:db.HrmAttendanceLocation->db.HrmApprovable	9278.94,17155.83 7759.69,17783.86
edge:inheritance:db.HrmCertificateIssue->db.HrmApprovable	9792.38,16185.14 7705.13,17783.86
edge:inheritance:db.HrmCompensatoryLeave->db.HrmLeaveBase	7047.41,20744.08 7756.43,20924.04
edge:inheritance:db.HrmCustomLeave->db.HrmLeaveBase	7384.09,20751.13 7756.43,20903.07
edge:inheritance:db.HrmDeptAbolishedEvent->db.HrmDeptStatusEventBase	5632.28,22514.08 5584.41,21408.54
edge:inheritance:db.HrmDeptCreatedEvent->db.HrmDeptStatusEventBase	5505.23,20734.40 5577.62,21326.54
edge:inheritance:db.HrmDeptNameChangedEvent->db.HrmDeptNameEventBase	4831.37,19817.27 4595.69,20045.40
edge:inheritance:db.HrmDeptNameEventBase->db.HrmDeptEventBase	4596.05,20119.40 4771.09,20287.23
edge:inheritance:db.HrmDeptParentChangedEvent->db.HrmDeptParentEventBase	5065.12,19984.29 5340.53,19998.02
edge:inheritance:db.HrmDeptParentEventBase->db.HrmDeptEventBase	5383.58,20040.90 4884.63,20287.23
edge:inheritance:db.HrmDeptStatusEventBase->db.HrmDeptEventBase	5552.25,21326.54 4837.09,20361.23
edge:inheritance:db.HrmDocument->db.HrmApprovable	7123.87,15650.14 7629.55,17783.86
edge:inheritance:db.HrmEmpAbsenceEvent->db.HrmEmpStatusEventBase	9023.24,15757.00 9105.35,15813.11
edge:inheritance:db.HrmEmpAffiliationChangedEvent->db.HrmEmpAffiliationEventBase	7822.90,16887.76 8093.28,16999.21
edge:inheritance:db.HrmEmpAffiliationEventBase->db.HrmEmpEventBase	8273.51,16999.21 8450.70,16926.74
edge:inheritance:db.HrmEmpContractModusignDocument->db.ModusignDocument	25962.04,37268.17 22492.87,20728.44
edge:inheritance:db.HrmEmpDepartedEvent->db.HrmEmpStatusEventBase	9635.83,15861.87 9306.90,15864.95
edge:inheritance:db.HrmEmpEmploymentTypeChangedEvent->db.HrmEmpEmploymentTypeEventBase	8979.77,17181.91 8878.55,17305.47
edge:inheritance:db.HrmEmpEmploymentTypeEventBase->db.HrmEmpEventBase	8823.14,17305.47 8566.26,16926.74
edge:inheritance:db.HrmEmpJobChangedEvent->db.HrmEmpJobEventBase	8114.49,16311.10 8068.37,16546.37
edge:inheritance:db.HrmEmpJobEventBase->db.HrmEmpEventBase	8119.09,16620.37 8483.19,16852.74
edge:inheritance:db.HrmEmpJoinedEvent->db.HrmEmpStatusEventBase	9167.89,16454.04 9181.55,15919.11
edge:inheritance:db.HrmEmpReturnToWorkEvent->db.HrmEmpStatusEventBase	9255.49,15757.00 9218.16,15813.11
edge:inheritance:db.HrmEmpStatusEventBase->db.HrmEmpEventBase	9149.67,15919.11 8564.36,16852.74
edge:inheritance:db.HrmFamilyCareLeave->db.HrmLeaveBase	7047.41,20845.87 7756.43,20940.42
edge:inheritance:db.HrmFixedWork->db.HrmWorkBase	6933.71,18794.21 6913.17,18933.81
edge:inheritance:db.HrmGrantableLeave->db.HrmLeaveBase	8098.93,20243.05 7913.50,20885.56
edge:inheritance:db.HrmInfertilityTreatmentLeave->db.HrmLeaveBase	7727.10,20333.24 7873.13,20885.56
edge:inheritance:db.HrmLeaveUsage->db.HrmApprovable	10314.79,18403.24 7765.16,17859.31
edge:inheritance:db.HrmMaternityLeave->db.HrmLeaveBase	7047.41,21049.44 7756.43,20973.19
edge:inheritance:db.HrmMenstrualLeave->db.HrmLeaveBase	7390.49,21271.52 7775.35,21031.56
edge:inheritance:db.HrmMiscarriageLeave->db.HrmLeaveBase	7047.41,21151.23 7756.43,20989.57
edge:inheritance:db.HrmPaternityLeave->db.HrmLeaveBase	7394.35,21141.13 7756.43,21008.41
edge:inheritance:db.HrmPersonalLocation->db.HrmApprovable	10065.75,16351.01 7721.33,17783.86
edge:inheritance:db.HrmReserveTrainingLeave->db.HrmLeaveBase	7224.18,21586.26 7814.71,21031.56
edge:inheritance:db.HrmSelectiveWork->db.HrmWorkBase	7008.78,19233.16 6930.97,19055.81
edge:inheritance:db.HrmSelectiveWorkPlan->db.HrmApprovable	8331.26,18062.27 7765.16,17874.08
edge:inheritance:db.HrmStaggeredWork->db.HrmWorkBase	6161.88,19507.01 6815.79,19055.81
edge:inheritance:db.IBKSignupChannel->db.SignupChannel	23950.27,14601.74 23535.55,14593.51
edge:inheritance:db.IaCertificateOfInvestmentDocument->db.InvestmentAssociationDocument	31746.52,18592.43 31126.82,19262.24
edge:inheritance:db.IaConsentFormDocument->db.InvestmentAssociationDocument	31354.45,18533.10 31092.31,19262.24
edge:inheritance:db.IaConsentFormOrMeetingElectronicSignatureRequestModusignDocument->db.ModusignDocument	26268.75,20315.56 22611.88,20635.54
edge:inheritance:db.IaConsentFormOrMeetingElectronicSignatureRequestModusignEmbeddedDraft->db.ModusignEmbeddedDraft	27286.24,20899.04 22074.70,21864.89
edge:inheritance:db.IaConsentFormOrMeetingElectronicSignatureRequiredDocument->db.InvestmentAssociationDocument	29662.14,19883.87 30927.38,19380.17
edge:inheritance:db.IaExpertPartnerBulkEmailTemplate->db.BulkEmailTemplate	20788.45,15207.75 19368.55,15143.91
edge:inheritance:db.IaExplanationFormForElectronicSignatureDocument->db.InvestmentAssociationDocument	32304.59,18604.72 31175.16,19262.24
edge:inheritance:db.IaGpAppointmentEvent->db.InvestmentAssociationEvent	30785.61,17871.25 29428.48,17670.84
edge:inheritance:db.IaGpTerminationEvent->db.InvestmentAssociationEvent	31022.78,18158.75 29428.48,17688.51
edge:inheritance:db.IaMeetingAgendaCustom->db.IaMeetingAgenda	31145.39,20827.77 30919.50,20566.87
edge:inheritance:db.IaMeetingMinutesDocument->db.InvestmentAssociationDocument	30607.17,19988.33 31027.90,19384.24
edge:inheritance:db.IaMeetingNoticeDocument->db.InvestmentAssociationDocument	30407.15,19872.31 30996.70,19384.24
edge:inheritance:db.IaMeetingSealedNoticeDocumentFile->db.FileAttachment	28678.27,20039.61 20428.87,18521.92
edge:inheritance:db.IaMeetingShortenPeriodDocument->db.InvestmentAssociationDocument	31360.81,19441.52 31213.38,19381.48
edge:inheritance:db.IaModusignDocumentUsageHistory->db.BaseModusignDocumentUsageHistory	24950.79,14598.15 23559.17,13792.20
edge:inheritance:db.IaOwnerAuditLog->db.AuditLog	23329.02,8085.05 17432.09,7287.21
edge:inheritance:db.IaPartnerListDocument->db.InvestmentAssociationDocument	30972.12,19133.84 31038.73,19262.24
edge:inheritance:db.IaPaymentLink->db.PaymentLink	24934.91,13514.72 23534.77,13243.82
edge:inheritance:db.IaPfCompanyInvestmentSalesIntent->db.SalesIntent	30276.82,22790.12 30821.36,23044.03
edge:inheritance:db.IaQuestionThread->db.QuestionThread	24291.37,13552.25 20615.29,12683.23
edge:inheritance:db.IaRuleDocument->db.InvestmentAssociationDocument	28547.47,19239.05 30927.38,19318.47
edge:inheritance:db.IaSealStampImage->db.FileAttachment	21231.74,18280.68 20428.87,18447.49
edge:inheritance:db.IaWrittenResolutionDocument->db.InvestmentAssociationDocument	31821.47,19657.24 31207.56,19384.24
edge:inheritance:db.ImAcVcBroker->db.ImZuzuBroker	26538.27,12334.43 28243.63,12230.49
edge:inheritance:db.ImIndividualGpBroker->db.ImZuzuBroker	28107.36,12375.35 28299.75,12260.30
edge:inheritance:db.ImInvestorBroker->db.ImBroker	30495.10,12315.61 29074.06,12209.10
edge:inheritance:db.ImIrPartnerBroker->db.ImBroker	27867.20,12091.94 28826.06,12187.46
edge:inheritance:db.ImPitchingDay->db.ImDay	28851.91,10870.51 29427.19,11001.34
edge:inheritance:db.ImPitchingDayParticipation->db.ImDayParticipation	27718.35,9637.82 28804.21,10616.68
edge:inheritance:db.ImZuzuBroker->db.ImBroker	28479.63,12218.59 28826.06,12204.76
edge:inheritance:db.InauguralConsentDocument->db.MeetingDocument	15137.01,23076.08 16033.77,25879.48
edge:inheritance:db.IncorporationRequestAssistanceReceipt->db.FileAttachment	21099.22,17159.32 20379.50,18269.97
edge:inheritance:db.IndividualStakeholder->db.Stakeholder	11110.49,21908.41 12590.91,19481.54
edge:inheritance:db.IndividualStockOptionCancelEvent->db.IndividualInvestorEvent	32901.09,28652.32 31990.47,28038.39
edge:inheritance:db.IndividualStockOptionExerciseEvent->db.IndividualInvestorEvent	33206.59,29717.13 31957.21,28038.39
edge:inheritance:db.IndividualStockOptionGrantEvent->db.IndividualInvestorEvent	32029.29,26310.48 31926.54,27948.39
edge:inheritance:db.IndividualStockOptionPauseEvent->db.IndividualInvestorEvent	28910.64,27308.34 31799.72,27965.20
edge:inheritance:db.IndividualStockOptionResumeEvent->db.IndividualInvestorEvent	29414.66,29352.56 31840.65,28038.39
edge:inheritance:db.IndividualStockOptionSalesIntent->db.SalesIntent	29810.75,23095.46 30782.71,23082.59
edge:inheritance:db.InputSignupChannel->db.SignupChannel	24051.02,15040.74 23469.85,14632.05
edge:inheritance:db.InstitutionStakeholder->db.Stakeholder	12752.37,21124.17 12692.41,19481.54
edge:inheritance:db.InvestmentAssociationAssociationPartner->db.InvestmentAssociationOrganizationPartner	31529.06,15931.91 32673.38,16827.18
edge:inheritance:db.InvestmentAssociationCorporationPartner->db.InvestmentAssociationOrganizationPartner	33445.13,15978.35 32774.71,16827.18
edge:inheritance:db.InvestmentAssociationIndividualPartner->db.InvestmentAssociationPartner	31631.64,17132.57 33528.48,18177.47
edge:inheritance:db.InvestmentAssociationOrganizationPartner->db.InvestmentAssociationPartner	32769.35,16925.18 33610.89,18154.96
edge:inheritance:db.InvestmentAssociationOrganizationPartnerCorporationSigner->db.InvestmentAssociationOrganizationPartnerSigner	32993.20,14920.73 32677.68,15064.75
edge:inheritance:db.InvestmentAssociationOrganizationPartnerIndividualSigner->db.InvestmentAssociationOrganizationPartnerSigner	32463.43,14978.90 32539.32,15064.75
edge:inheritance:db.InvestmentAssociationPartnerSalesIntent->db.SalesIntent	31897.68,21858.40 30930.88,23044.03
edge:inheritance:db.InvestmentContractHolder->db.Stakeholder	13700.86,15935.61 12733.67,19167.54
edge:inheritance:db.InvestorRelations->db.InvestorMatching	27258.43,7713.18 25783.03,10857.81
edge:inheritance:db.IrClosingComplete->db.IrClosing	28314.92,5185.98 29089.27,6665.18
edge:inheritance:db.IrClosingExpired->db.IrClosing	29101.22,7228.66 29109.98,6747.18
edge:inheritance:db.IrClosingIncomplete->db.IrClosing	29845.06,6737.09 29234.73,6711.40
edge:inheritance:db.IrConsultingRequest->db.ImConsultingRequest	25402.54,9929.20 24935.25,9393.79
edge:inheritance:db.IrFeed->db.Feed	26975.36,8123.43 25852.95,6793.14
edge:inheritance:db.IrosOtpIssueMeetingDocument->db.MeetingDocument	12479.01,22617.81 15918.79,25906.31
edge:inheritance:db.LawtalkSignupAttachment->db.FileAttachment	18917.11,17023.36 20048.87,18276.58
edge:inheritance:db.LedgerByCustomerDocument->db.MeetingDocument	17807.72,23499.52 16222.82,25879.48
edge:inheritance:db.LegalPartnerSignupChannel->db.SignupChannel	22700.08,14741.57 23287.55,14617.28
edge:inheritance:db.ManualOptionVesting->db.OptionVesting	15918.27,18553.34 15937.24,18447.59
edge:inheritance:db.ManualProduct->db.Product	23002.66,12165.63 23096.55,12232.37
edge:inheritance:db.MeetingAttachment->db.FileAttachment	18769.48,17718.86 20048.87,18390.15
edge:inheritance:db.Mna->db.InvestorMatching	25452.63,10755.80 25602.64,10857.81
edge:inheritance:db.MnaConsultingRequest->db.ImConsultingRequest	24487.78,9448.94 24775.47,9381.75
edge:inheritance:db.NcpSignupChannel->db.SignupChannel	24530.58,14995.90 23524.88,14632.05
edge:inheritance:db.NewCeoCertificateOfSealDocument->db.MeetingDocument	19602.21,29127.18 16274.79,26231.39
edge:inheritance:db.NewCeoResidentRegistrationDocument->db.MeetingDocument	17874.11,29348.50 16203.80,26273.48
edge:inheritance:db.NewIssueNoticeEmail->db.BulkEmail	14916.36,20772.84 15252.24,17320.00
edge:inheritance:db.NewIssueSkipNoticeDocument->db.MeetingDocument	16459.08,23108.86 16120.84,25879.48
edge:inheritance:db.NewIssueStockAcceptanceDocument->db.MeetingDocument	18170.75,26050.45 16274.79,26074.25
edge:inheritance:db.NewIssueStockAllocationDocument->db.MeetingDocument	18262.32,23929.48 16274.79,25900.00
edge:inheritance:db.NewIssueStockAllocationRecordDateNoticeDocument->db.MeetingDocument	20038.24,23937.75 16274.79,25979.89
edge:inheritance:db.NewIssueStockSubscriptionDocument->db.MeetingDocument	18052.58,25162.60 16274.79,25993.31
edge:inheritance:db.NewIssueStockUnissuedConfirmationDocument->db.MeetingDocument	18393.63,25442.12 16274.79,26027.32
edge:inheritance:db.NonUnifiedShareManagementSalesIntent->db.SalesIntent	29150.81,24864.97 30864.42,23118.03
edge:inheritance:db.NonUnifiedShareSucPoaModusignDocument->db.ModusignDocument	23252.84,20990.30 22611.88,20707.45
edge:inheritance:db.NotarizationPoaDocument->db.MeetingDocument	19720.27,27048.33 16274.79,26123.51
edge:inheritance:db.OptionExerciseClaimAttachment->db.FileAttachment	14763.14,17583.05 20048.87,18455.60
edge:inheritance:db.OptionExerciseClaimMeetingDocument->db.MeetingDocument	14988.98,21617.28 16047.85,25879.48
edge:inheritance:db.OptionExerciseManagementEmail->db.BulkEmail	15345.46,16542.66 15267.38,17182.00
edge:inheritance:db.OptionGrantContractCeo->db.OptionGrantContractStakeholder	19550.71,15418.83 19366.16,15393.14
edge:inheritance:db.OptionGrantContractFirstRefusalRightHolder->db.OptionGrantContractStakeholder	19514.34,15340.68 19366.16,15357.06
edge:inheritance:db.OptionGrantContractModusignDocument->db.ModusignDocument	21007.32,19529.69 22369.46,20566.44
edge:inheritance:db.OptionGrantContractModusignEmbeddedDraft->db.ModusignEmbeddedDraft	21328.73,20928.37 21916.34,21834.87
edge:inheritance:db.OptionGrantEvent->db.Event	16252.69,18491.07 16657.56,16997.43
edge:inheritance:db.OptionGrantee->db.Stakeholder	15410.93,19171.11 12852.68,19315.19
edge:inheritance:db.OptionWithdrawEvent->db.Event	16422.41,15944.34 16656.55,16779.43
edge:inheritance:db.OtherDocumentArchiveAttachment->db.FileAttachment	19933.46,17112.93 20190.64,18269.97
edge:inheritance:db.PageNumberUpdatedPdfEvent->db.PdfEvent	30137.70,11492.65 29990.68,11466.89
edge:inheritance:db.PayrollStatementEmail->db.BulkEmail	13106.97,17138.71 15128.96,17244.22
edge:inheritance:db.PayrollStatementEmailRecipient->db.BulkEmailRecipient	12950.71,18532.20 17752.49,19106.12
edge:inheritance:db.PerformanceRsuVestingItem->db.RsuVestingItem	15880.64,14831.78 15810.20,14843.60
edge:inheritance:db.PeriodPhantomStockVestingItem->db.PhantomStockVestingItem	11795.67,18299.51 11646.56,18016.66
edge:inheritance:db.PeriodRsuVestingItem->db.RsuVestingItem	15963.67,14735.00 15782.68,14819.42
edge:inheritance:db.PeriodicOptionVesting->db.OptionVesting	15695.98,18526.22 15864.55,18447.59
edge:inheritance:db.PhantomStockCancelEvent->db.Event	16061.89,17131.03 16539.11,16945.86
edge:inheritance:db.PhantomStockExerciseEvent->db.Event	16416.31,17360.88 16624.63,16997.43
edge:inheritance:db.PhantomStockGrantEvent->db.Event	16022.37,16930.35 16539.11,16897.76
edge:inheritance:db.PhantomStockGrantee->db.Stakeholder	12188.23,18206.18 12616.71,19167.54
edge:inheritance:db.PhantomStockPauseEvent->db.Event	16281.59,16300.84 16611.88,16779.43
edge:inheritance:db.PhantomStockResumeEvent->db.Event	16576.00,16191.09 16669.74,16779.43
edge:inheritance:db.PingpongDeliveryAddress->db.Address	22405.52,14253.07 22709.43,18818.25
edge:inheritance:db.Playbook->db.MembershipContent	4432.37,4545.81 4597.68,5002.71
edge:inheritance:db.Post->db.MembershipContent	4325.72,5028.01 4489.96,5039.23
edge:inheritance:db.ProofOfEmploymentDocument->db.MeetingDocument	18846.94,27962.49 16274.79,26198.55
edge:inheritance:db.QuarterlyReportRequestAttachment->db.FileAttachment	25170.46,16943.06 20428.87,18427.49
edge:inheritance:db.QuarterlyReportSignupChannel->db.SignupChannel	25371.58,14858.53 23535.55,14607.97
edge:inheritance:db.QuestionMessageAttachment->db.FileAttachment	21393.16,15143.23 20313.79,18269.97
edge:inheritance:db.RegistrationAssistanceReceipt->db.FileAttachment	20976.83,17005.58 20346.97,18269.97
edge:inheritance:db.RegistrationFormAllInOneDocument->db.MeetingDocument	17868.24,25547.95 16274.79,26023.37
edge:inheritance:db.RegistrationFormAoiChangeDocument->db.MeetingDocument	14905.91,26255.21 15918.79,26103.19
edge:inheritance:db.RegistrationFormBranchChangeDocument->db.MeetingDocument	19472.50,28056.69 16274.79,26180.90
edge:inheritance:db.RegistrationFormCaptableDocument->db.MeetingDocument	17911.16,24672.63 16274.79,25938.75
edge:inheritance:db.RegistrationFormCeoAddressChangeDocument->db.MeetingDocument	18330.73,25624.77 16274.79,26040.49
edge:inheritance:db.RegistrationFormDirectorChangeDocument->db.MeetingDocument	18314.75,28642.60 16267.06,26273.48
edge:inheritance:db.RegistrationFormHeadOfficeInsideRelocationDocument->db.MeetingDocument	19429.44,23880.00 16274.79,25962.76
edge:inheritance:db.RegistrationFormHeadOfficeOutsideRelocationDocument->db.MeetingDocument	19431.40,24108.95 16274.79,25971.45
edge:inheritance:db.RegistrationFormNewIssueDocument->db.MeetingDocument	18276.81,25844.51 16274.79,26057.54
edge:inheritance:db.RegistrationFormNewOptionsRuleDocument->db.MeetingDocument	15875.29,27776.68 16071.12,26273.48
edge:inheritance:db.RegistrationPoaDocument->db.MeetingDocument	17061.84,29593.34 16150.85,26273.48
edge:inheritance:db.RegularProduct->db.Product	23037.95,12400.11 23117.29,12306.37
edge:inheritance:db.ResignationLetterDocument->db.MeetingDocument	14884.90,24288.90 15963.23,25879.48
edge:inheritance:db.ResignedDirectorCertificateOfSealDocument->db.MeetingDocument	15554.94,25949.00 15918.79,26034.60
edge:inheritance:db.RsaForfeitEvent->db.Event	16354.72,16865.62 16539.11,16878.27
edge:inheritance:db.RsaVestConfirmEvent->db.Event	16963.65,16568.28 16781.26,16779.43
edge:inheritance:db.RsuCancelEvent->db.Event	16373.15,15782.20 16656.17,16779.43
edge:inheritance:db.RsuExerciseClaimCandidateEmailRecipient->db.BulkEmailRecipient	14488.28,16693.79 17803.03,19064.66
edge:inheritance:db.RsuExerciseEvent->db.Event	16183.10,16486.57 16550.40,16779.43
edge:inheritance:db.RsuExerciseManagementEmail->db.BulkEmail	14392.34,16213.92 15201.30,17182.00
edge:inheritance:db.RsuGrantContractModusignDocument->db.ModusignDocument	21080.25,19340.51 22389.38,20566.44
edge:inheritance:db.RsuGrantEvent->db.Event	16213.07,16768.57 16539.11,16851.01
edge:inheritance:db.RsuGrantee->db.Stakeholder	14221.11,16919.90 12786.46,19167.54
edge:inheritance:db.RsuPauseEvent->db.Event	16135.08,17363.20 16560.37,16997.43
edge:inheritance:db.RsuPerformanceAchievementEvent->db.Event	16456.51,16643.69 16584.41,16779.43
edge:inheritance:db.RsuResumeEvent->db.Event	16363.01,17203.68 16575.05,16997.43
edge:inheritance:db.RtccEmail->db.BulkEmail	15441.49,17121.42 15356.15,17182.00
edge:inheritance:db.RtccInvestorFile->db.FileAttachment	17878.33,17992.10 20048.87,18447.14
edge:inheritance:db.SafeCreateEvent->db.Event	17318.86,17453.40 16808.99,16997.43
edge:inheritance:db.SalesReportDocument->db.MeetingDocument	15562.82,27512.11 16023.52,26273.48
edge:inheritance:db.SealStampCardContinuedUseApplicationFormDocument->db.MeetingDocument	12118.40,23678.30 15918.79,25967.56
edge:inheritance:db.SealStampDeclarationDocument->db.MeetingDocument	12494.84,22969.39 15918.79,25922.93
edge:inheritance:db.SealStampImage->db.FileAttachment	17871.73,15885.10 20048.87,18278.13
edge:inheritance:db.SealedOptionGrantContractDocument->db.MeetingDocument	19792.50,26205.89 16274.79,26082.71
edge:inheritance:db.SealedOptionGrantShareholdersMeetingResolutionDocument->db.MeetingDocument	14856.31,26420.91 15918.79,26125.90
edge:inheritance:db.Shareholder->db.Stakeholder	13193.36,22666.06 12710.49,19481.54
edge:inheritance:db.ShareholdersAgreementModusignDocument->db.ModusignDocument	21849.29,20603.67 22339.88,20637.94
edge:inheritance:db.ShareholdersAgreementModusignEmbeddedDraft->db.ModusignEmbeddedDraft	21684.47,21976.43 21826.70,21929.12
edge:inheritance:db.ShareholdersCertificateOfSealDocument->db.MeetingDocument	15197.51,27934.91 16001.46,26273.48
edge:inheritance:db.ShareholdersMeetingAuditReportDocument->db.MeetingDocument	18463.70,29307.21 16241.12,26273.48
edge:inheritance:db.ShareholdersMeetingConvocationNoticeEmail->db.BulkEmail	18395.34,20696.45 15321.77,17320.00
edge:inheritance:db.ShareholdersMeetingConvocationNoticeEmailAttachment->db.FileAttachment	19789.39,20385.28 20187.49,18703.97
edge:inheritance:db.ShareholdersMeetingConvocationNoticeEmailRecipient->db.ShareholdersMeetingConvocationNoticeRecipient	21114.56,23394.18 20491.13,21995.24
edge:inheritance:db.ShareholdersMeetingConvocationNoticeWrittenRecipient->db.ShareholdersMeetingConvocationNoticeRecipient	19514.00,21757.89 20273.08,21910.45
edge:inheritance:db.ShareholdersMeetingMinutesDocument->db.MeetingDocument	15629.78,26446.39 15918.79,26217.47
edge:inheritance:db.ShareholdersMeetingNoticeDocument->db.MeetingDocument	20547.49,27128.00 16274.79,26118.53
edge:inheritance:db.ShareholdersMeetingPowerOfAttorneyDocument->db.MeetingDocument	18715.03,29528.49 16246.21,26273.48
edge:inheritance:db.ShareholdersMeetingPowerOfAttorneyIndividualDocument->db.MeetingDocument	17092.81,23628.20 16176.93,25879.48
edge:inheritance:db.ShareholdersMeetingShortenPeriodDocument->db.MeetingDocument	13911.28,29183.00 15958.20,26273.48
edge:inheritance:db.ShareholdersMeetingShortenPeriodIndividualDocument->db.MeetingDocument	17210.24,23289.76 16174.08,25879.48
edge:inheritance:db.ShareholdersMeetingSkipNoticeDocument->db.MeetingDocument	16284.08,28075.63 16115.25,26273.48
edge:inheritance:db.ShareholdersMeetingWrittenDecisionDocument->db.MeetingDocument	15420.53,28475.78 16041.26,26273.48
edge:inheritance:db.ShareholdersMeetingWrittenDecisionIndividualDocument->db.MeetingDocument	17246.22,23805.97 16196.52,25879.48
edge:inheritance:db.ShareholdersWrittenResolutionDocument->db.MeetingDocument	20332.31,28269.46 16274.79,26168.64
edge:inheritance:db.StockTransferAgreementModusignDocument->db.ModusignDocument	20322.44,20283.21 22339.88,20624.44
edge:inheritance:db.StockTransferAgreementModusignEmbeddedDraft->db.ModusignEmbeddedDraft	20375.77,20643.69 21883.61,21834.87
edge:inheritance:db.SubscriptionModusignDocumentUsageHistory->db.BaseModusignDocumentUsageHistory	24856.15,14371.20 23578.83,13792.20
edge:inheritance:db.TaxReceiptDocument->db.MeetingDocument	16981.37,24982.00 16256.01,25879.48
edge:inheritance:db.Template->db.MembershipContent	4353.18,5195.46 4534.53,5092.71
edge:inheritance:db.TextValueWithVisibility->db.ValueWithVisibility	32495.93,6031.72 32105.27,5939.93
edge:inheritance:db.UserProfileImage->db.FileAttachment	20795.26,18702.56 20428.87,18560.86
edge:inheritance:db.VentureCapitalPaymentLink->db.PaymentLink	29449.52,12532.55 23534.77,13205.72
edge:inheritance:db.Webinar->db.MembershipContent	4180.85,4777.81 4541.75,5002.71
edge:inheritance:db.Whitepaper->db.MembershipContent	5781.19,6437.36 4651.76,5092.71
edge:inheritance:db.WrittenStatementDocument->db.MeetingDocument	15755.11,26317.02 15918.79,26201.79
edge:inheritance:db.YetsAssistanceCreatorUser->db.YetsAssistanceCreator	13957.16,30303.78 14166.52,30153.63
edge:inheritance:db.YetsAssistanceCreatorYetsEmployee->db.YetsAssistanceCreator	11105.26,30151.89 14100.11,30117.97
edge:inheritance:db.YetsAssistanceMessageFile->db.FileAttachment	23145.95,31750.81 20286.44,18703.97
edge:inheritance:db.YetsEmail->db.BulkEmail	11895.97,19983.99 15172.87,17320.00
edge:inheritance:db.YetsEmployeeFile->db.FileAttachment	23777.62,32321.78 20294.38,18703.97
edge:inheritance:db.YetsEmployeeResultWhtReceipt->db.FileAttachment	22522.95,29936.56 20282.16,18703.97
edge:inheritance:db.ZuzuOptionGrantContractTemplate->db.OptionGrantContractTemplate	19777.60,16061.17 19542.59,16135.00
edge:inheritance:db.ZuzuOptionGrantContractTemplateRevision->db.OptionGrantContractTemplateRevision	20169.65,16333.50 20097.52,16537.87
