edge:declared:db.AgendaBonusIssueSharesToIssue:share_class	db.AgendaBonusIssueSharesToIssue	db.ShareClass
edge:declared:db.AgendaBorrowCapital:meeting_draft	db.AgendaBorrowCapital	db.MeetingDraft
edge:declared:db.AgendaBranchChange:address	db.AgendaBranchChange	db.Address
edge:declared:db.AgendaBranchChange:installation_event	db.AgendaBranchChange	db.BranchInstallationEvent
edge:declared:db.AgendaBranchChange:meeting_draft	db.AgendaBranchChange	db.MeetingDraft
edge:declared:db.AgendaCashDividends:meeting_draft	db.AgendaCashDividends	db.MeetingDraft
june-hub:_louv_212	db.StakeholderSeat	db.Stakeholder
edge:declared:db.AgendaChangeOfAoiClassStock:aoi	db.AgendaChangeOfAoiClassStock	db.AgendaChangeOfArticlesOfIncorporation
edge:declared:db.AgendaChangeOfAoiCustom:aoi	db.AgendaChangeOfAoiCustom	db.AgendaChangeOfArticlesOfIncorporation
june-hub:_louv_2	db.OptionGrantContract	db.FileAttachment
edge:declared:db.AgendaChangeOfAoiDirectorCompensationRule:aoi	db.AgendaChangeOfAoiDirectorCompensationRule	db.AgendaChangeOfArticlesOfIncorporation
edge:declared:db.AgendaChangeOfAoiNumberOfDirectors:aoi	db.AgendaChangeOfAoiNumberOfDirectors	db.AgendaChangeOfArticlesOfIncorporation
edge:declared:db.AgendaChangeOfAoiThirdPartyAllocation:aoi	db.AgendaChangeOfAoiThirdPartyAllocation	db.AgendaChangeOfArticlesOfIncorporation
edge:declared:db.AgendaChangeOfArticlesOfIncorporation:meeting_draft	db.AgendaChangeOfArticlesOfIncorporation	db.MeetingDraft
edge:declared:db.AgendaDirectorCompensationItem:director_compensation	db.AgendaDirectorCompensationItem	db.AgendaDirectorCompensation
edge:declared:db.AgendaHeadOfficeRelocation:address	db.AgendaHeadOfficeRelocation	db.Address
edge:declared:db.AgendaHeadOfficeRelocation:meeting_draft	db.AgendaHeadOfficeRelocation	db.MeetingDraft
june-hub:_louv_12	db.AgendaMethodOfGivingPublicNoticeChange	db.MeetingDraft
edge:declared:db.AgendaNewIssue:meeting_draft	db.AgendaNewIssue	db.MeetingDraft
edge:declared:db.AgendaNewIssueItem:new_issue	db.AgendaNewIssueItem	db.AgendaNewIssue
edge:declared:db.AgendaNewIssueItemFromConversion:new_issue_item	db.AgendaNewIssueItemFromConversion	db.AgendaNewIssueItem
edge:declared:db.AgendaNewIssueItemFromPayment:new_issue_item	db.AgendaNewIssueItemFromPayment	db.AgendaNewIssueItem
edge:declared:db.AgendaNewIssueItemInstitutionMember:institution	db.AgendaNewIssueItemInstitutionMember	db.AgendaNewIssueItemShareholder
edge:declared:db.AgendaNewIssueItemInstitutionMemberCeo:member	db.AgendaNewIssueItemInstitutionMemberCeo	db.AgendaNewIssueItemInstitutionMember
edge:declared:db.AgendaNewIssueItemShareClass:item	db.AgendaNewIssueItemShareClass	db.AgendaNewIssueItem
edge:declared:db.AgendaNewIssueItemShareholder:item	db.AgendaNewIssueItemShareholder	db.AgendaNewIssueItem
edge:declared:db.AgendaNewIssueNewShareClass:new_issue	db.AgendaNewIssueNewShareClass	db.AgendaNewIssue
edge:declared:db.AgendaOptionCancel:meeting_draft	db.AgendaOptionCancel	db.MeetingDraft
edge:declared:db.AgendaOptionCancelGrantee:option_cancel	db.AgendaOptionCancelGrantee	db.AgendaOptionCancel
edge:declared:db.AgendaOptionCancelGrantee:option_grantee	db.AgendaOptionCancelGrantee	db.OptionGrantee
edge:declared:db.AgendaOptionCancelOption:_deprecated_grantee	db.AgendaOptionCancelOption	db.AgendaOptionCancelGrantee
edge:declared:db.AgendaOptionCancelOption:option_cancel	db.AgendaOptionCancelOption	db.AgendaOptionCancel
edge:declared:db.AgendaOptionExerciseClaim:option_exercise_claim	db.AgendaOptionExerciseClaim	db.OptionExerciseClaim
edge:declared:db.AgendaOptionExerciseGrantee:option_grantee	db.AgendaOptionExerciseGrantee	db.OptionGrantee
edge:declared:db.AgendaOptionExerciseGranteeOption:grantee	db.AgendaOptionExerciseGranteeOption	db.AgendaOptionExerciseGrantee
edge:declared:db.AgendaOptionGrant:meeting_draft	db.AgendaOptionGrant	db.MeetingDraft
edge:declared:db.AgendaOptionGrantGrantee:_deprecated_option_grant_event	db.AgendaOptionGrantGrantee	db.OptionGrantEvent
edge:declared:db.AgendaOptionGrantGrantee:option_grant	db.AgendaOptionGrantGrantee	db.AgendaOptionGrant
edge:declared:db.AgendaOptionGrantGrantee:option_grantee	db.AgendaOptionGrantGrantee	db.OptionGrantee
edge:declared:db.AgendaRsuGrantGrantee:rsu	db.AgendaRsuGrantGrantee	db.RsuRsa
edge:declared:db.AiPayrollLedger:payroll	db.AiPayrollLedger	db.Payroll
edge:declared:db.AlimtalkActivityRecipient:activity	db.AlimtalkActivityRecipient	db.AlimtalkActivity
edge:declared:db.AlimtalkActivityRecipientStatusHistory:recipient	db.AlimtalkActivityRecipientStatusHistory	db.AlimtalkActivityRecipient
june-hub:_louv_24	db.CompanyNotificationSetting	db.Company
edge:declared:db.Announcement:subscription_plan_set	db.Announcement	db.SubscriptionPlan
edge:declared:db.AnnualSalary:employee	db.AnnualSalary	db.Employee
edge:declared:db.AnnualSalary:ledger	db.AnnualSalary	db.PayrollLedger
edge:declared:db.Article:thumbnail_image	db.Article	db.FileAttachment
edge:declared:db.ArticlePublishHistory:article	db.ArticlePublishHistory	db.Article
edge:declared:db.ArticlesOfIncorporation:_deprecated_daily_newspaper	db.ArticlesOfIncorporation	db.DailyNewspaper
june-hub:_louv_250	db.MeetingAttachment	db.Meeting
edge:declared:db.AuditLog:actor_api_key	db.AuditLog	db.UserApiKey
edge:declared:db.AvailableModusignRequest:modusign_account	db.AvailableModusignRequest	db.ModusignAccount
edge:declared:db.BaseModusignDocumentUsageHistory:modusign_document	db.BaseModusignDocumentUsageHistory	db.ModusignDocument
june-hub:_louv_39	db.CreditUse	db.Purchase
edge:declared:db.BranchAbolitionEvent:installation_event	db.BranchAbolitionEvent	db.BranchInstallationEvent
edge:declared:db.BranchInstallationEvent:address	db.BranchInstallationEvent	db.Address
edge:declared:db.BulkEmail:template_revision	db.BulkEmail	db.BulkEmailTemplateRevision
edge:declared:db.BulkEmailTemplateRevision:template	db.BulkEmailTemplateRevision	db.BulkEmailTemplate
edge:declared:db.BusinessPlanAiAnalysis:business_plan_ai_review	db.BusinessPlanAiAnalysis	db.BusinessPlanAiReview
edge:declared:db.BusinessPlanAiAnalysisItem:ai_analysis_feedback	db.BusinessPlanAiAnalysisItem	db.AiAnalysisFeedback
edge:declared:db.BusinessPlanAiAnalysisItem:business_plan_ai_analysis	db.BusinessPlanAiAnalysisItem	db.BusinessPlanAiAnalysis
edge:declared:db.BusinessPlanAiAnalysisItemImprovement:ai_analysis_feedback	db.BusinessPlanAiAnalysisItemImprovement	db.AiAnalysisFeedback
edge:declared:db.BusinessPlanAiAnalysisItemImprovement:business_plan_ai_analysis_item	db.BusinessPlanAiAnalysisItemImprovement	db.BusinessPlanAiAnalysisItem
edge:declared:db.BusinessPlanAiReview:business_plan	db.BusinessPlanAiReview	db.BusinessPlan
edge:declared:db.CashIncentive:category	db.CashIncentive	db.CashIncentiveCategory
edge:declared:db.CashIncentive:employee	db.CashIncentive	db.Employee
edge:declared:db.CashIncentiveItem:cash_incentive	db.CashIncentiveItem	db.CashIncentive
edge:declared:db.CashPayment:purchase	db.CashPayment	db.Purchase
edge:declared:db.Charge:credit	db.Charge	db.Credit
edge:declared:db.CmeBulkEmailRecipient:_deprecated_cme_bulk_email	db.CmeBulkEmailRecipient	db.CmeBulkEmail
edge:declared:db.CmeBulkEmailTemplate:cme	db.CmeBulkEmailTemplate	db.CompanyManagingEntity
edge:declared:db.CmeCompany:company_managing_entity	db.CmeCompany	db.CompanyManagingEntity
edge:declared:db.CmeCompany:contact_set	db.CmeCompany	db.CmeContact
edge:declared:db.CmeCompanyContact:cme_company	db.CmeCompanyContact	db.CmeCompany
edge:declared:db.CmeCompanyContactNotificationSettings:cme_company_contact	db.CmeCompanyContactNotificationSettings	db.CmeCompanyContact
edge:declared:db.CmeCompanyDirectorTermManagement:cme_company	db.CmeCompanyDirectorTermManagement	db.CmeCompany
edge:declared:db.CmeCompanyNote:cme_company	db.CmeCompanyNote	db.CmeCompany
edge:declared:db.CmeCompanyRegistration:cme_contact	db.CmeCompanyRegistration	db.CmeContact
edge:declared:db.CmeCompanyRegistration:company_managing_entity	db.CmeCompanyRegistration	db.CompanyManagingEntity
edge:declared:db.CmeCompanyRegistrationFile:cme_company_registration	db.CmeCompanyRegistrationFile	db.CmeCompanyRegistration
edge:declared:db.CmeContact:company_managing_entity	db.CmeContact	db.CompanyManagingEntity
edge:declared:db.CmeMemberRelation:company_managing_entity	db.CmeMemberRelation	db.CompanyManagingEntity
edge:declared:db.CompanyCreateProgress:company_create_request	db.CompanyCreateProgress	db.CompanyCreateRequest
edge:declared:db.CompanyCreateRequest:address	db.CompanyCreateRequest	db.Address
edge:declared:db.CompanyDepartment:department_code	db.CompanyDepartment	db.CompanyDepartmentCode
edge:declared:db.CompanyDepartmentCode:organization_chart	db.CompanyDepartmentCode	db.OrganizationChart
edge:declared:db.CompanyEndorsementFeed:company_endorsement	db.CompanyEndorsementFeed	db.CompanyEndorsement
edge:declared:db.CompanyExpertClientRelation:expert_client	db.CompanyExpertClientRelation	db.ExpertClient
june-hub:_louv_66	db.VentureCapitalSubscription	db.VentureCapitalSubscriptionPlan
edge:declared:db.CompanyFeedAccessLog:venture_capital	db.CompanyFeedAccessLog	db.VentureCapital
edge:declared:db.CompanyFeedRating:company_feed	db.CompanyFeedRating	db.CompanyFeed
edge:declared:db.CompanyIrClosingFeed:investor_relations	db.CompanyIrClosingFeed	db.InvestorRelations
edge:declared:db.CompanyIrNewCommitFeed:investor_relations	db.CompanyIrNewCommitFeed	db.InvestorRelations
edge:declared:db.CompanyIrOpenFeed:investor_relations	db.CompanyIrOpenFeed	db.InvestorRelations
june-hub:_louv_67	db.ExpertClientTaxServiceSettings	db.LegalPartner
edge:declared:db.CompanyManagingEntity:expert_client	db.CompanyManagingEntity	db.ExpertClient
edge:declared:db.CompanyManagingEntity:holding_company	db.CompanyManagingEntity	db.HoldingCompany
edge:declared:db.CompanyNewsFeed:company_news	db.CompanyNewsFeed	db.CompanyNews
edge:declared:db.CompanyNewsLink:company_news	db.CompanyNewsLink	db.CompanyNews
edge:declared:db.CompanyNotificationTrigger:notification_setting	db.CompanyNotificationTrigger	db.CompanyNotificationSetting
edge:declared:db.CompanyOwnerAuditLogOwnerRoleRelation:company_owner_audit_log	db.CompanyOwnerAuditLogOwnerRoleRelation	db.CompanyOwnerAuditLog
edge:declared:db.CompanyOwnerAuditLogOwnerRoleRelation:owner_role	db.CompanyOwnerAuditLogOwnerRoleRelation	db.OwnerRole
edge:declared:db.CompanyOwnerNotificationTrigger:trigger	db.CompanyOwnerNotificationTrigger	db.CompanyNotificationTrigger
edge:declared:db.CompanyPurposeChangeItem:company_purpose_change	db.CompanyPurposeChangeItem	db.CompanyPurposeChange
edge:declared:db.CompanyPurposeChangeItem:industrial_code	db.CompanyPurposeChangeItem	db.IndustrialCode
edge:declared:db.CompanyUpdateRequest:change_detection	db.CompanyUpdateRequest	db.CorporateRegistrationChangeDetection
edge:declared:db.CompanyUpdateRequest:company_question_thread	db.CompanyUpdateRequest	db.CompanyQuestionThread
june-hub:_louv_28	db.MiraeassetAccount	db.CompanyUserRelation
edge:declared:db.CompanyUserRelationOwnerRoleRelation:owner_role	db.CompanyUserRelationOwnerRoleRelation	db.OwnerRole
edge:declared:db.ConsentForm:investor	db.ConsentForm	db.Shareholder
edge:declared:db.ConsentForm:item	db.ConsentForm	db.ConsentFormItem
edge:declared:db.ConsentFormModusignDocument:consent_form	db.ConsentFormModusignDocument	db.ConsentForm
edge:declared:db.ConsentFormModusignEmbeddedDraft:consent_form	db.ConsentFormModusignEmbeddedDraft	db.ConsentForm
edge:declared:db.CorporateRegistrationChangeConfirmation:change_detection	db.CorporateRegistrationChangeConfirmation	db.CorporateRegistrationChangeDetection
edge:declared:db.CorporateRegistrationChangeConfirmation:staff_review_required_question_thread	db.CorporateRegistrationChangeConfirmation	db.CompanyQuestionThread
edge:declared:db.CorporateRegistrationChangeDetectionParseResult:change_detection	db.CorporateRegistrationChangeDetectionParseResult	db.CorporateRegistrationChangeDetection
edge:declared:db.CorporateRegistrationExtractionLog:corporate_registration_issue_log	db.CorporateRegistrationExtractionLog	db.CorporateRegistrationIssueLog
edge:declared:db.CorporateRegistrationIssueCouponIssueLog:coupon	db.CorporateRegistrationIssueCouponIssueLog	db.CorporateRegistrationIssueCoupon
edge:declared:db.CorporateRegistrationIssueCouponUseRequest:coupon	db.CorporateRegistrationIssueCouponUseRequest	db.CorporateRegistrationIssueCoupon
edge:declared:db.CorporateRegistrationIssueCouponUseResult:corporate_registration	db.CorporateRegistrationIssueCouponUseResult	db.CorporateRegistration
edge:declared:db.CorporateRegistrationIssueCouponUseResult:log	db.CorporateRegistrationIssueCouponUseResult	db.CorporateRegistrationIssueLog
edge:declared:db.CorporateRegistrationIssueCouponUseResult:request	db.CorporateRegistrationIssueCouponUseResult	db.CorporateRegistrationIssueCouponUseRequest
edge:declared:db.CorporateRegistrationIssueLog:_deprecated_staff_review_required_question_thread	db.CorporateRegistrationIssueLog	db.CompanyQuestionThread
edge:declared:db.CorporateRegistrationIssueMaintenance:third_party_api_notice	db.CorporateRegistrationIssueMaintenance	db.ThirdPartyApiNotice
edge:declared:db.CorporateRegistrationIssueRequest:delivery	db.CorporateRegistrationIssueRequest	db.SealCertificateDelivery
edge:declared:db.CorporateRegistrationPaidIssue:corporate_registration	db.CorporateRegistrationPaidIssue	db.CorporateRegistration
edge:declared:db.CorporationPostRegistrationScheduledEmail:corporation_post_registration_email	db.CorporationPostRegistrationScheduledEmail	db.CorporationPostRegistrationEmail
edge:declared:db.CorporationPostRegistrationScheduledEmailPeriodicTaskRelation:corporation_post_registration_scheduled_email	db.CorporationPostRegistrationScheduledEmailPeriodicTaskRelation	db.CorporationPostRegistrationScheduledEmail
june-hub:_louv_169	db.QuarterlyReportRequestRecipient	db.QuarterlyReportRequest
edge:declared:db.CreditUse:credit	db.CreditUse	db.Credit
edge:declared:db.CsAgentResponse:inquiry_thread_message	db.CsAgentResponse	db.QuestionThreadMessage
edge:declared:db.CsAgentResponseFeedBack:cs_agent_response	db.CsAgentResponseFeedBack	db.CsAgentResponse
edge:declared:db.DepartmentStaffUserRelation:department	db.DepartmentStaffUserRelation	db.Department
edge:declared:db.DirectorsMeeting:chairperson	db.DirectorsMeeting	db.DirectorsMeetingDirectorAttendance
edge:declared:db.DirectorsMeetingAgenda:agenda_branch_change	db.DirectorsMeetingAgenda	db.AgendaBranchChange
edge:declared:db.DirectorsMeetingAgenda:agenda_director_change	db.DirectorsMeetingAgenda	db.AgendaDirectorChange
edge:declared:db.DirectorsMeetingAgenda:agenda_director_compensation_decision	db.DirectorsMeetingAgenda	db.AgendaDirectorCompensation
edge:declared:db.DirectorsMeetingAgenda:agenda_head_office_relocation	db.DirectorsMeetingAgenda	db.AgendaHeadOfficeRelocation
edge:declared:db.DirectorsMeetingAgenda:agenda_new_issue	db.DirectorsMeetingAgenda	db.AgendaNewIssue
edge:declared:db.DirectorsMeetingAgenda:agenda_option_cancel	db.DirectorsMeetingAgenda	db.AgendaOptionCancel
edge:declared:db.DirectorsMeetingAgenda:agenda_shareholders_meeting_convocation	db.DirectorsMeetingAgenda	db.AgendaShareholdersMeetingConvocation
edge:declared:db.DirectorsMeetingAgenda:meeting	db.DirectorsMeetingAgenda	db.DirectorsMeeting
edge:declared:db.DirectorsMeetingNoticeEmail:directors_meeting	db.DirectorsMeetingNoticeEmail	db.DirectorsMeeting
edge:declared:db.DirectorsMeetingNoticeEmailRecipient:director	db.DirectorsMeetingNoticeEmailRecipient	db.DirectorsMeetingDirectorAttendance
edge:declared:db.DirectorsMeetingNoticeEmailRecipient:email	db.DirectorsMeetingNoticeEmailRecipient	db.DirectorsMeetingNoticeEmail
edge:declared:db.DocumentDelivery:delivery	db.DocumentDelivery	db.PingpongDelivery
edge:declared:db.DocumentDeliveryQuestionThreadRelation:document_delivery	db.DocumentDeliveryQuestionThreadRelation	db.DocumentDelivery
edge:declared:db.DocumentDeliveryQuestionThreadRelation:question_thread	db.DocumentDeliveryQuestionThreadRelation	db.QuestionThread
edge:declared:db.DocumentParseResult:attachment	db.DocumentParseResult	db.OtherDocumentArchiveAttachment
edge:declared:db.DormantUserEmail:user	db.DormantUserEmail	db.DormantUser
edge:declared:db.DormantUserPhone:user	db.DormantUserPhone	db.DormantUser
edge:declared:db.DormantUserReactivationToken:user	db.DormantUserReactivationToken	db.DormantUser
edge:declared:db.ESOP:shareholder	db.ESOP	db.Shareholder
edge:declared:db.ESOPParticipant:esop	db.ESOPParticipant	db.ESOP
edge:declared:db.ElectronicCertificateFileDownloadHistory:file_uploaded	db.ElectronicCertificateFileDownloadHistory	db.ElectronicCertificateFileUploaded
edge:declared:db.ElectronicCertificateFileUploaded:file_upload_request	db.ElectronicCertificateFileUploaded	db.ElectronicCertificateFileUploadRequest
edge:declared:db.ElectronicCertificateReturnRequest:recipient_address	db.ElectronicCertificateReturnRequest	db.Address
edge:declared:db.EmailActivityRecipient:email_activity	db.EmailActivityRecipient	db.EmailActivity
edge:declared:db.EmailActivityRecipientStatusHistory:recipient	db.EmailActivityRecipientStatusHistory	db.EmailActivityRecipient
edge:declared:db.EmailVerification:email	db.EmailVerification	db.Email
edge:declared:db.Employee:department_code_set	db.Employee	db.CompanyDepartmentCode
edge:declared:db.EmployeeDepartmentCodeRelation:department_code	db.EmployeeDepartmentCodeRelation	db.CompanyDepartmentCode
edge:declared:db.EmployeeDepartmentCodeRelation:employee	db.EmployeeDepartmentCodeRelation	db.Employee
edge:declared:db.EmployeeOption:grantee	db.EmployeeOption	db.EmployeeOptionGrantee
edge:declared:db.EmployeeOptionExerciseCandidate:management	db.EmployeeOptionExerciseCandidate	db.EmployeeOptionExerciseManagement
edge:declared:db.EmployeeOptionExerciseCandidate:option	db.EmployeeOptionExerciseCandidate	db.EmployeeOption
edge:declared:db.EmployeeOptionExerciseCandidate:option_exercise_claim	db.EmployeeOptionExerciseCandidate	db.EmployeeOptionExerciseClaim
edge:declared:db.EmployeeOptionExerciseCandidateFile:candidate	db.EmployeeOptionExerciseCandidateFile	db.EmployeeOptionExerciseCandidate
edge:declared:db.EmployeeOptionExerciseClaimOption:option	db.EmployeeOptionExerciseClaimOption	db.EmployeeOption
edge:declared:db.EmployeeOptionExerciseClaimOption:option_exercise_claim	db.EmployeeOptionExerciseClaimOption	db.EmployeeOptionExerciseClaim
edge:declared:db.EmployeeOptionExerciseManagementEmail:management	db.EmployeeOptionExerciseManagementEmail	db.EmployeeOptionExerciseManagement
edge:declared:db.EmployeeOptionVesting:employee_option	db.EmployeeOptionVesting	db.EmployeeOption
edge:declared:db.EmployeeOptionVestingItem:option_vesting	db.EmployeeOptionVestingItem	db.EmployeeOptionVesting
edge:declared:db.EmployeeOptionVestingTraceable:option	db.EmployeeOptionVestingTraceable	db.EmployeeOption
edge:declared:db.EmployeeStock:participant	db.EmployeeStock	db.ESOPParticipant
edge:declared:db.EmployeeStockGuide:esop	db.EmployeeStockGuide	db.ESOP
edge:declared:db.EmployeeStockGuideAudience:employee_stock_guide	db.EmployeeStockGuideAudience	db.EmployeeStockGuide
edge:declared:db.EmployeeStockGuideAudience:participant	db.EmployeeStockGuideAudience	db.ESOPParticipant
edge:declared:db.EmployeeStockGuideEmail:employee_stock_guide	db.EmployeeStockGuideEmail	db.EmployeeStockGuide
edge:declared:db.EmployeeStockTag:category	db.EmployeeStockTag	db.EmployeeStockTagCategory
edge:declared:db.EmployeeStockTag:employee_stock_set	db.EmployeeStockTag	db.EmployeeStock
edge:declared:db.EmployeeStockTag:esop	db.EmployeeStockTag	db.ESOP
edge:declared:db.EmployeeStockTagCategory:esop	db.EmployeeStockTagCategory	db.ESOP
edge:declared:db.EmployeeStockWithdrawRequest:account	db.EmployeeStockWithdrawRequest	db.FinancialAccount
edge:declared:db.EmployeeStockWithdrawRequest:esop	db.EmployeeStockWithdrawRequest	db.ESOP
edge:declared:db.EmploymentCertificateDocumentRequest:history	db.EmploymentCertificateDocumentRequest	db.EmploymentStatusHistory
edge:declared:db.EmploymentStatusHistory:connected_hrm_status_event	db.EmploymentStatusHistory	db.HrmEmpStatusEventBase
edge:declared:db.EmploymentStatusHistory:employee	db.EmploymentStatusHistory	db.Employee
edge:declared:db.EmploymentStatusHistory:related_events	db.EmploymentStatusHistory	db.Event
edge:declared:db.EventAttachment:event	db.EventAttachment	db.Event
edge:declared:db.ExpertClientIncorporationSupport:contact_set	db.ExpertClientIncorporationSupport	db.CmeContact
edge:declared:db.ExpertClientIncorporationSupport:expert_client	db.ExpertClientIncorporationSupport	db.ExpertClient
edge:declared:db.ExpertClientIncorporationSupport:incorporation_request	db.ExpertClientIncorporationSupport	db.IncorporationRequest
edge:declared:db.ExpertClientSignupChannel:expert_client	db.ExpertClientSignupChannel	db.ExpertClient
edge:declared:db.ExpertClientTaxServiceSettings:expert_client	db.ExpertClientTaxServiceSettings	db.ExpertClient
edge:declared:db.FABContent:thumbnail_image	db.FABContent	db.FileAttachment
edge:declared:db.FinancialAccount:institution	db.FinancialAccount	db.FinancialInstitution
edge:declared:db.Fund:fund_partners	db.Fund	db.FundPartner
edge:declared:db.Fund:portfolio_company_set	db.Fund	db.PortfolioCompany
edge:declared:db.FundingNewsDistributionServiceRequest:company_question_thread	db.FundingNewsDistributionServiceRequest	db.CompanyQuestionThread
june-hub:_louv_129	db.HrmCertificateConfig	db.Hrm
edge:declared:db.HrmAlpConfigIndivApprovalTemplateRel:alp_config	db.HrmAlpConfigIndivApprovalTemplateRel	db.HrmAlpConfig
edge:declared:db.HrmAlpExcludedEmp:emp	db.HrmAlpExcludedEmp	db.HrmEmp
edge:declared:db.HrmAlpLaborReceiptRefusal:emp	db.HrmAlpLaborReceiptRefusal	db.HrmEmp
june-hub:_louv_131	db.HrmAlpUsagePlan	db.HrmAlpTarget
edge:declared:db.HrmAlpUsageDesignation:target	db.HrmAlpUsageDesignation	db.HrmAlpTarget
edge:declared:db.HrmAlpUsageDesignationDate:leave_usage	db.HrmAlpUsageDesignationDate	db.HrmLeaveUsage
edge:declared:db.HrmAlpUsageDesignationDate:usage_designation	db.HrmAlpUsageDesignationDate	db.HrmAlpUsageDesignation
edge:declared:db.HrmAnnualLeaveAdjustment:emp	db.HrmAnnualLeaveAdjustment	db.HrmEmp
edge:declared:db.HrmAnnualLeaveConfigBase:annual_leave	db.HrmAnnualLeaveConfigBase	db.HrmAnnualLeave
edge:declared:db.HrmApproval:approvable	db.HrmApproval	db.HrmApprovable
edge:declared:db.HrmApprovalLine:approval	db.HrmApprovalLine	db.HrmApproval
edge:declared:db.HrmApprovalLine:approver	db.HrmApprovalLine	db.HrmApprover
edge:declared:db.HrmApprovalReview:approval	db.HrmApprovalReview	db.HrmApproval
edge:declared:db.HrmApprovalReview:approver	db.HrmApprovalReview	db.HrmApprover
edge:declared:db.HrmApprovalTemplateLine:approver	db.HrmApprovalTemplateLine	db.HrmApprover
edge:declared:db.HrmApprovalTemplateLine:template	db.HrmApprovalTemplateLine	db.HrmApprovalTemplate
edge:declared:db.HrmApprovalTemplateReview:approver	db.HrmApprovalTemplateReview	db.HrmApprover
edge:declared:db.HrmApprovalTemplateReview:template	db.HrmApprovalTemplateReview	db.HrmApprovalTemplate
edge:declared:db.HrmApprover:dept	db.HrmApprover	db.HrmDept
edge:declared:db.HrmAttendanceItem:attendance	db.HrmAttendanceItem	db.HrmAttendance
edge:declared:db.HrmCertificateConfigIndividualApprovalTemplateRelation:certificate_config	db.HrmCertificateConfigIndividualApprovalTemplateRelation	db.HrmCertificateConfig
edge:declared:db.HrmCommonLocation:work_location_config	db.HrmCommonLocation	db.HrmWorkLocationGpsConfig
edge:declared:db.HrmDailyLeaveUsageItem:usage	db.HrmDailyLeaveUsageItem	db.HrmLeaveUsage
edge:declared:db.HrmDeptName:dept	db.HrmDeptName	db.HrmDept
edge:declared:db.HrmDeptName:event	db.HrmDeptName	db.HrmDeptNameEventBase
edge:declared:db.HrmDeptParent:dept	db.HrmDeptParent	db.HrmDept
edge:declared:db.HrmDeptParent:event	db.HrmDeptParent	db.HrmDeptParentEventBase
edge:declared:db.HrmDeptStatus:dept	db.HrmDeptStatus	db.HrmDept
edge:declared:db.HrmDeptStatus:event	db.HrmDeptStatus	db.HrmDeptStatusEventBase
edge:declared:db.HrmDocument:form	db.HrmDocument	db.HrmDocumentForm
edge:declared:db.HrmDocumentDraft:form	db.HrmDocumentDraft	db.HrmDocumentForm
edge:declared:db.HrmDocumentDraftFieldAttachment:field_value	db.HrmDocumentDraftFieldAttachment	db.HrmDocumentDraftFieldValue
edge:declared:db.HrmDocumentDraftFieldMultiSelectValue:field_value	db.HrmDocumentDraftFieldMultiSelectValue	db.HrmDocumentDraftFieldValue
edge:declared:db.HrmDocumentDraftFieldMultiSelectValue:selected_option	db.HrmDocumentDraftFieldMultiSelectValue	db.HrmDocumentFormFieldSelectOption
edge:declared:db.HrmDocumentDraftFieldValue:draft	db.HrmDocumentDraftFieldValue	db.HrmDocumentDraft
edge:declared:db.HrmDocumentDraftFieldValue:field_definition	db.HrmDocumentDraftFieldValue	db.HrmDocumentFormFieldDefinition
edge:declared:db.HrmDocumentFieldAttachment:field_value	db.HrmDocumentFieldAttachment	db.HrmDocumentFieldValue
edge:declared:db.HrmDocumentFieldMultiSelectValue:field_value	db.HrmDocumentFieldMultiSelectValue	db.HrmDocumentFieldValue
edge:declared:db.HrmDocumentFieldMultiSelectValue:selected_option	db.HrmDocumentFieldMultiSelectValue	db.HrmDocumentFormFieldSelectOption
edge:declared:db.HrmDocumentFieldValue:document	db.HrmDocumentFieldValue	db.HrmDocument
edge:declared:db.HrmDocumentFieldValue:field_definition	db.HrmDocumentFieldValue	db.HrmDocumentFormFieldDefinition
edge:declared:db.HrmDocumentFormFieldDefinition:form	db.HrmDocumentFormFieldDefinition	db.HrmDocumentForm
edge:declared:db.HrmDocumentFormFieldSelectOption:field_definition	db.HrmDocumentFormFieldSelectOption	db.HrmDocumentFormFieldDefinition
edge:declared:db.HrmDocumentFormIndividualApprovalTemplateRelation:document_form	db.HrmDocumentFormIndividualApprovalTemplateRelation	db.HrmDocumentForm
edge:declared:db.HrmEmpAffiliation:event	db.HrmEmpAffiliation	db.HrmEmpAffiliationEventBase
edge:declared:db.HrmEmpAffiliationDept:affiliation	db.HrmEmpAffiliationDept	db.HrmEmpAffiliation
edge:declared:db.HrmEmpAffiliationDept:dept	db.HrmEmpAffiliationDept	db.HrmDept
edge:declared:db.HrmEmpContract:mgmt	db.HrmEmpContract	db.HrmEmpContractMgmt
edge:declared:db.HrmEmpContractMgmt:template_revision	db.HrmEmpContractMgmt	db.HrmEmpContractTemplateRevision
edge:declared:db.HrmEmpContractModusignDocument:hrm_emp_contract	db.HrmEmpContractModusignDocument	db.HrmEmpContract
edge:declared:db.HrmEmpContractTemplateRevision:template	db.HrmEmpContractTemplateRevision	db.HrmEmpContractTemplate
edge:declared:db.HrmEmpContractTemplateRevisionSigner:revision	db.HrmEmpContractTemplateRevisionSigner	db.HrmEmpContractTemplateRevision
edge:declared:db.HrmEmpEmploymentType:event	db.HrmEmpEmploymentType	db.HrmEmpEmploymentTypeEventBase
edge:declared:db.HrmEmpJob:event	db.HrmEmpJob	db.HrmEmpJobEventBase
edge:declared:db.HrmEmpReturnToWorkEvent:absence_event	db.HrmEmpReturnToWorkEvent	db.HrmEmpAbsenceEvent
edge:declared:db.HrmEmpSalaryAccount:institution	db.HrmEmpSalaryAccount	db.FinancialInstitution
edge:declared:db.HrmEmpUserInvitationInvitee:invitation	db.HrmEmpUserInvitationInvitee	db.HrmEmpUserInvitation
edge:declared:db.HrmEmpWorkAssignment:work	db.HrmEmpWorkAssignment	db.HrmWorkBase
edge:declared:db.HrmEmpWorkLocationAssignment:work_location	db.HrmEmpWorkLocationAssignment	db.HrmWorkLocation
edge:declared:db.HrmEmpWorkLocationAssignment:work_location_config	db.HrmEmpWorkLocationAssignment	db.HrmEmpWorkLocationConfig
edge:declared:db.HrmEmpWorkLocationConfig:work_location_set	db.HrmEmpWorkLocationConfig	db.HrmWorkLocation
edge:declared:db.HrmFixedWorkSchedule:fixed_work	db.HrmFixedWorkSchedule	db.HrmFixedWork
edge:declared:db.HrmLeaveGrant:grantable_leave	db.HrmLeaveGrant	db.HrmGrantableLeave
edge:declared:db.HrmLeaveUsage:leave	db.HrmLeaveUsage	db.HrmLeaveBase
edge:declared:db.HrmLeaveUsageAttachment:usage	db.HrmLeaveUsageAttachment	db.HrmLeaveUsage
edge:declared:db.HrmLeaveUsageItem:emp	db.HrmLeaveUsageItem	db.HrmEmp
edge:declared:db.HrmOngoingAttendanceClockedSchedule:ongoing_attendance	db.HrmOngoingAttendanceClockedSchedule	db.HrmOngoingAttendance
edge:declared:db.HrmPersonalLocation:work_location_config	db.HrmPersonalLocation	db.HrmWorkLocationGpsConfig
edge:declared:db.HrmRequestor:dept	db.HrmRequestor	db.HrmDept
edge:declared:db.HrmStaggeredWorkSchedule:staggered_work	db.HrmStaggeredWorkSchedule	db.HrmStaggeredWork
edge:declared:db.HrmStandardWorkSchedule:standard_work	db.HrmStandardWorkSchedule	db.HrmStandardWork
edge:declared:db.HrmWorkAutoClockOutConfig:work	db.HrmWorkAutoClockOutConfig	db.HrmWorkBase
edge:declared:db.HrmWorkIndividualApprovalTemplateRelation:work	db.HrmWorkIndividualApprovalTemplateRelation	db.HrmWorkBase
edge:declared:db.HrmWorkLocationGpsConfig:work_location	db.HrmWorkLocationGpsConfig	db.HrmWorkLocation
edge:declared:db.HrmWorkOvertime:work	db.HrmWorkOvertime	db.HrmWorkBase
edge:declared:db.IBKSignupChannel:ibk_user_login_token	db.IBKSignupChannel	db.IBKUserLoginToken
edge:declared:db.IBKUserLoginToken:ibk_user	db.IBKUserLoginToken	db.IBKUser
edge:declared:db.IaAccountInfo:investment_association	db.IaAccountInfo	db.InvestmentAssociation
edge:declared:db.IaCertificateOfInvestmentDocumentRecipient:certificate_of_investment_document_email	db.IaCertificateOfInvestmentDocumentRecipient	db.IaCertificateOfInvestmentDocumentEmail
edge:declared:db.IaConsentForm:consent_form_or_meeting	db.IaConsentForm	db.IaConsentFormOrMeeting
edge:declared:db.IaConsentFormOrMeetingDocumentGeneration:consent_form_or_meeting	db.IaConsentFormOrMeetingDocumentGeneration	db.IaConsentFormOrMeeting
edge:declared:db.IaConsentFormOrMeetingDocumentGenerationItem:document	db.IaConsentFormOrMeetingDocumentGenerationItem	db.InvestmentAssociationDocument
edge:declared:db.IaConsentFormOrMeetingDocumentGenerationItem:generation	db.IaConsentFormOrMeetingDocumentGenerationItem	db.IaConsentFormOrMeetingDocumentGeneration
edge:declared:db.IaConsentFormOrMeetingElectronicSignatureRequest:document	db.IaConsentFormOrMeetingElectronicSignatureRequest	db.IaConsentFormOrMeetingElectronicSignatureRequiredDocument
edge:declared:db.IaConsentFormOrMeetingElectronicSignatureRequestModusignDocument:electronic_signature_request	db.IaConsentFormOrMeetingElectronicSignatureRequestModusignDocument	db.IaConsentFormOrMeetingElectronicSignatureRequest
edge:declared:db.IaConsentFormOrMeetingElectronicSignatureRequestModusignEmbeddedDraft:electronic_signature_request	db.IaConsentFormOrMeetingElectronicSignatureRequestModusignEmbeddedDraft	db.IaConsentFormOrMeetingElectronicSignatureRequest
edge:declared:db.IaConsentFormOrMeetingElectronicSignatureRequestStatusHistory:electronic_signature_request	db.IaConsentFormOrMeetingElectronicSignatureRequestStatusHistory	db.IaConsentFormOrMeetingElectronicSignatureRequest
edge:declared:db.IaConsentFormOrMeetingElectronicSignatureRequestUploadedModusignDocument:electronic_signature_request	db.IaConsentFormOrMeetingElectronicSignatureRequestUploadedModusignDocument	db.IaConsentFormOrMeetingElectronicSignatureRequest
edge:declared:db.IaConsentFormOrMeetingElectronicSignatureRequiredDocument:consent_form_or_meeting	db.IaConsentFormOrMeetingElectronicSignatureRequiredDocument	db.IaConsentFormOrMeeting
edge:declared:db.IaConsentFormOrMeetingElectronicSignatureRequiredDocument:partner	db.IaConsentFormOrMeetingElectronicSignatureRequiredDocument	db.InvestmentAssociationPartner
edge:declared:db.IaConsentFormOrMeetingEsigRequiredDocumentPageRange:esig_required_document	db.IaConsentFormOrMeetingEsigRequiredDocumentPageRange	db.IaConsentFormOrMeetingElectronicSignatureRequiredDocument
edge:declared:db.IaConsentFormOrMeetingEsigRequiredDocumentPageRange:page_range_document	db.IaConsentFormOrMeetingEsigRequiredDocumentPageRange	db.InvestmentAssociationDocument
edge:declared:db.IaConsentFormOrMeetingGuideEmail:consent_form_or_meeting	db.IaConsentFormOrMeetingGuideEmail	db.IaConsentFormOrMeeting
edge:declared:db.IaConsentFormOrMeetingGuideEmailRecipient:consent_form_or_meeting_guide_email	db.IaConsentFormOrMeetingGuideEmailRecipient	db.IaConsentFormOrMeetingGuideEmail
edge:declared:db.IaDocumentArchiveAttachment:ia_document_archive	db.IaDocumentArchiveAttachment	db.IaDocumentArchive
edge:declared:db.IaFoundingProgressStatus:investment_association	db.IaFoundingProgressStatus	db.InvestmentAssociation
edge:declared:db.IaGpAppointmentEvent:partner	db.IaGpAppointmentEvent	db.InvestmentAssociationPartner
edge:declared:db.IaGpTerminationEvent:appointment_event	db.IaGpTerminationEvent	db.IaGpAppointmentEvent
edge:declared:db.IaGpTerminationEvent:partner	db.IaGpTerminationEvent	db.InvestmentAssociationPartner
edge:declared:db.IaInvestmentCertificateRegistrationRequest:partner	db.IaInvestmentCertificateRegistrationRequest	db.InvestmentAssociationPartner
edge:declared:db.IaMeeting:consent_form_or_meeting	db.IaMeeting	db.IaConsentFormOrMeeting
edge:declared:db.IaMeetingAgenda:meeting	db.IaMeetingAgenda	db.IaMeeting
edge:declared:db.IaMeetingAgendaVote:agenda	db.IaMeetingAgendaVote	db.IaMeetingAgenda
edge:declared:db.IaMeetingAgendaVote:electronic_signature	db.IaMeetingAgendaVote	db.IaConsentFormOrMeetingElectronicSignatureRequest
edge:declared:db.IaMeetingAgendaVote:partner	db.IaMeetingAgendaVote	db.InvestmentAssociationPartner
edge:declared:db.IaMeetingConvocationNoticeEmail:ia_meeting	db.IaMeetingConvocationNoticeEmail	db.IaMeeting
edge:declared:db.IaMeetingConvocationNoticeRecipient:convocation_notice_email	db.IaMeetingConvocationNoticeRecipient	db.IaMeetingConvocationNoticeEmail
edge:declared:db.IaMeetingMinutesDocument:meeting	db.IaMeetingMinutesDocument	db.IaMeeting
edge:declared:db.IaMeetingNoticeDocument:meeting	db.IaMeetingNoticeDocument	db.IaMeeting
edge:declared:db.IaMeetingSealedNoticeDocumentFile:ia_meeting	db.IaMeetingSealedNoticeDocumentFile	db.IaMeeting
edge:declared:db.IaOperation:ia_operation_management	db.IaOperation	db.IaOperationManagement
edge:declared:db.IaPartnerInvestmentConfirmation:partner	db.IaPartnerInvestmentConfirmation	db.InvestmentAssociationPartner
edge:declared:db.IaPartnerInvestmentConfirmationEmailRecipient:ia_partner_investment_confirmation_email	db.IaPartnerInvestmentConfirmationEmailRecipient	db.IaPartnerInvestmentConfirmationEmail
edge:declared:db.IaPfCompany:investment_association	db.IaPfCompany	db.InvestmentAssociation
edge:declared:db.IaPfCompanyInvestmentSalesIntent:ia_pf_company_investment	db.IaPfCompanyInvestmentSalesIntent	db.IaPfCompanyInvestment
edge:declared:db.IaPfCompanyInvestmentStock:ia_pf_company_investment	db.IaPfCompanyInvestmentStock	db.IaPfCompanyInvestment
edge:declared:db.IaRule:address	db.IaRule	db.Address
edge:declared:db.IaRuleCompensation:rule	db.IaRuleCompensation	db.IaRule
edge:declared:db.IaRuleDocument:rule	db.IaRuleDocument	db.IaRule
edge:declared:db.IaRuleInvestment:rule	db.IaRuleInvestment	db.IaRule
edge:declared:db.IaRuleMeeting:rule	db.IaRuleMeeting	db.IaRule
edge:declared:db.IaRulePartner:rule	db.IaRulePartner	db.IaRule
edge:declared:db.IaUserInvitationInvitee:invitation	db.IaUserInvitationInvitee	db.IaUserInvitation
edge:declared:db.IaUserInvitationInvitee:legal_representative	db.IaUserInvitationInvitee	db.InvestmentAssociationIndividualPartnerLegalRepresentative
edge:declared:db.IaUserInvitationInvitee:partner	db.IaUserInvitationInvitee	db.InvestmentAssociationPartner
edge:declared:db.ImAttachment:investor_matching	db.ImAttachment	db.InvestorMatching
edge:declared:db.ImAttachmentDownloadLog:attachment	db.ImAttachmentDownloadLog	db.ImAttachment
edge:declared:db.ImAttachmentPdfEvent:attachment	db.ImAttachmentPdfEvent	db.ImAttachment
edge:declared:db.ImAttachmentPdfEvent:pdf_event	db.ImAttachmentPdfEvent	db.PdfEvent
edge:declared:db.ImConsultingRequest:investor_matching	db.ImConsultingRequest	db.InvestorMatching
edge:declared:db.ImDay:recipients	db.ImDay	db.VentureCapitalUserRelation
edge:declared:db.ImDayParticipation:im_day	db.ImDayParticipation	db.ImDay
edge:declared:db.ImDayParticipation:investor_matching	db.ImDayParticipation	db.InvestorMatching
edge:declared:db.ImDayParticipationAttachment:participation	db.ImDayParticipationAttachment	db.ImDayParticipation
edge:declared:db.ImDaySurvey:im_day	db.ImDaySurvey	db.ImDay
edge:declared:db.ImDaySurvey:investor_matching	db.ImDaySurvey	db.InvestorMatching
edge:declared:db.ImDisclosing:investor_matching	db.ImDisclosing	db.InvestorMatching
edge:declared:db.ImIrPartnerBrokerOwnerRelation:im_ir_partner_broker	db.ImIrPartnerBrokerOwnerRelation	db.ImIrPartnerBroker
edge:declared:db.ImNote:investor_matching	db.ImNote	db.InvestorMatching
edge:declared:db.ImTag:investor_matching_set	db.ImTag	db.InvestorMatching
edge:declared:db.IncorporationRequest:address	db.IncorporationRequest	db.Address
edge:declared:db.IncorporationRequest:company_question_thread	db.IncorporationRequest	db.CompanyQuestionThread
edge:declared:db.IncorporationRequestAoiFile:incorporation_request	db.IncorporationRequestAoiFile	db.IncorporationRequest
edge:declared:db.IncorporationRequestPurpose:incorporation_request	db.IncorporationRequestPurpose	db.IncorporationRequest
edge:declared:db.IndividualInvestorCompanyName:non_unified_share_company	db.IndividualInvestorCompanyName	db.IndividualInvestorCompany
edge:declared:db.IndividualInvestorCompanyParValue:non_unified_share_company	db.IndividualInvestorCompanyParValue	db.IndividualInvestorCompany
edge:declared:db.IndividualInvestorCompanyShareClass:non_unified_share_company	db.IndividualInvestorCompanyShareClass	db.IndividualInvestorCompany
edge:declared:db.IndividualInvestorEvent:company	db.IndividualInvestorEvent	db.IndividualInvestorCompany
edge:declared:db.IndividualInvestorUser:address	db.IndividualInvestorUser	db.Address
edge:declared:db.IndividualStockOption:company	db.IndividualStockOption	db.IndividualInvestorCompany
edge:declared:db.IndividualStockOption:create_request	db.IndividualStockOption	db.IndividualStockOptionCreateRequest
edge:declared:db.IndividualStockOption:grantee	db.IndividualStockOption	db.IndividualStockOptionGrantee
edge:declared:db.IndividualStockOptionCreateRequestEtcFile:create_request	db.IndividualStockOptionCreateRequestEtcFile	db.IndividualStockOptionCreateRequest
edge:declared:db.IndividualStockOptionGrantContract:individual_stock_option	db.IndividualStockOptionGrantContract	db.IndividualStockOption
edge:declared:db.IndividualStockOptionResumeEvent:pause_event	db.IndividualStockOptionResumeEvent	db.IndividualStockOptionPauseEvent
edge:declared:db.IndividualStockOptionSalesIntent:individual_stock_option	db.IndividualStockOptionSalesIntent	db.IndividualStockOption
edge:declared:db.IndividualStockOptionVesting:individual_stock_option	db.IndividualStockOptionVesting	db.IndividualStockOption
edge:declared:db.IndividualStockOptionVestingItem:individual_stock_option_vesting	db.IndividualStockOptionVestingItem	db.IndividualStockOptionVesting
edge:declared:db.IndividualStockOptionVestingTraceable:individual_stock_option	db.IndividualStockOptionVestingTraceable	db.IndividualStockOption
edge:declared:db.InputSignupChannel:input_channel	db.InputSignupChannel	db.InputChannel
edge:declared:db.InstitutionStakeholderManager:institution_stakeholder	db.InstitutionStakeholderManager	db.InstitutionStakeholder
edge:declared:db.InternetRegistryOfficeOtp:director	db.InternetRegistryOfficeOtp	db.Director
edge:declared:db.InternetRegistryOfficeOtpReturnRequest:internet_registry_office_otp	db.InternetRegistryOfficeOtpReturnRequest	db.InternetRegistryOfficeOtp
edge:declared:db.InternetRegistryOfficeOtpReturnRequest:recipient_address	db.InternetRegistryOfficeOtpReturnRequest	db.Address
edge:declared:db.InvestmentAssociationEvent:investment_association	db.InvestmentAssociationEvent	db.InvestmentAssociation
edge:declared:db.InvestmentAssociationOrganizationPartnerCeo:organization_partner	db.InvestmentAssociationOrganizationPartnerCeo	db.InvestmentAssociationOrganizationPartner
edge:declared:db.InvestmentAssociationOrganizationPartnerCorporationSignerCeo:corporation	db.InvestmentAssociationOrganizationPartnerCorporationSignerCeo	db.InvestmentAssociationOrganizationPartnerCorporationSigner
edge:declared:db.InvestmentAssociationOrganizationPartnerManager:organization_partner	db.InvestmentAssociationOrganizationPartnerManager	db.InvestmentAssociationOrganizationPartner
edge:declared:db.InvestmentAssociationOrganizationPartnerSigner:_deprecated_manager	db.InvestmentAssociationOrganizationPartnerSigner	db.InvestmentAssociationOrganizationPartnerManager
edge:declared:db.InvestmentAssociationOrganizationPartnerSigner:organization_partner	db.InvestmentAssociationOrganizationPartnerSigner	db.InvestmentAssociationOrganizationPartner
edge:declared:db.InvestmentAssociationPartner:address	db.InvestmentAssociationPartner	db.Address
edge:declared:db.InvestmentAssociationPartnerResume:partner	db.InvestmentAssociationPartnerResume	db.InvestmentAssociationPartner
edge:declared:db.InvestmentAssociationPartnerResume:signer	db.InvestmentAssociationPartnerResume	db.InvestmentAssociationOrganizationPartnerSigner
edge:declared:db.InvestmentAssociationPartnerResumeItem:resume	db.InvestmentAssociationPartnerResumeItem	db.InvestmentAssociationPartnerResume
edge:declared:db.InvestmentAssociationPartnerSalesIntent:partner	db.InvestmentAssociationPartnerSalesIntent	db.InvestmentAssociationPartner
edge:declared:db.InvestmentRoundNewIssueEvent:investment_round	db.InvestmentRoundNewIssueEvent	db.InvestmentRound
edge:declared:db.InvestmentRoundNewIssueEvent:new_issue_event	db.InvestmentRoundNewIssueEvent	db.NewIssueEvent
edge:declared:db.InvestmentSimulationInitialOption:option_grantee	db.InvestmentSimulationInitialOption	db.InvestmentSimulationInitialOptionGrantee
edge:declared:db.InvestmentSimulationInitialOptionGrantee:simulation	db.InvestmentSimulationInitialOptionGrantee	db.InvestmentSimulation
edge:declared:db.InvestmentSimulationInitialShareholder:simulation	db.InvestmentSimulationInitialShareholder	db.InvestmentSimulation
edge:declared:db.InvestmentSimulationInitialStock:shareholder	db.InvestmentSimulationInitialStock	db.InvestmentSimulationInitialShareholder
edge:declared:db.InvestmentSimulationInvestor:simulation_round	db.InvestmentSimulationInvestor	db.InvestmentSimulationRound
edge:declared:db.InvestmentSimulationNewIssueInvestment:investor	db.InvestmentSimulationNewIssueInvestment	db.InvestmentSimulationInvestor
edge:declared:db.InvestmentSimulationPurchaseInvestment:investor	db.InvestmentSimulationPurchaseInvestment	db.InvestmentSimulationInvestor
edge:declared:db.InvestmentSimulationPurchaseSellStock:seller	db.InvestmentSimulationPurchaseSellStock	db.InvestmentSimulationPurchaseInvestment
edge:declared:db.InvestmentSimulationRound:simulation	db.InvestmentSimulationRound	db.InvestmentSimulation
edge:declared:db.InvestorInterest:venture_capital	db.InvestorInterest	db.VentureCapital
edge:declared:db.InvitationSeat:allocated_seat	db.InvitationSeat	db.AllocatedSeat
edge:declared:db.InvitationSeat:invitation_seat_request	db.InvitationSeat	db.InvitationSeatRequest
june-hub:_louv_65	db.IrApproval	db.InvestorRelations
edge:declared:db.IrAiAnalysisLike:ai_analysis	db.IrAiAnalysisLike	db.IrAiAnalysis
edge:declared:db.IrApprovalNotificationDismiss:ir_approval	db.IrApprovalNotificationDismiss	db.IrApproval
edge:declared:db.IrBrokerActivity:vc_user_relations	db.IrBrokerActivity	db.VentureCapitalUserRelation
edge:declared:db.IrFeedAccessLog:ir_feeds	db.IrFeedAccessLog	db.IrFeed
edge:declared:db.IrFeedRating:ir_feed	db.IrFeedRating	db.IrFeed
edge:declared:db.IrFundRaisingMemo:fund_raising	db.IrFundRaisingMemo	db.IrFundRaising
edge:declared:db.IrFundRaisingStageLog:fund_raising	db.IrFundRaisingStageLog	db.IrFundRaising
edge:declared:db.IrInsightClub:pitching_day_hall	db.IrInsightClub	db.PitchingDayHall
edge:declared:db.IrInsightClubParticipation:ir_insight_club	db.IrInsightClubParticipation	db.IrInsightClub
edge:declared:db.IrInsightClubParticipationAttendee:ir_insight_club_participation	db.IrInsightClubParticipationAttendee	db.IrInsightClubParticipation
edge:declared:db.IrInsightClubSurvey:ir_insight_club_participation	db.IrInsightClubSurvey	db.IrInsightClubParticipation
edge:declared:db.IrInvestorFeedback:venture_capital	db.IrInvestorFeedback	db.VentureCapital
edge:declared:db.LawtalkSignupAttachment:lawtalk_signup	db.LawtalkSignupAttachment	db.LawtalkSignup
edge:declared:db.ManualOptionVestingItem:manual_option_vesting	db.ManualOptionVestingItem	db.ManualOptionVesting
edge:declared:db.Meeting:employee_attorney	db.Meeting	db.MeetingAttorney
edge:declared:db.MeetingDocument:directors_meeting	db.MeetingDocument	db.DirectorsMeeting
edge:declared:db.MeetingDocument:shareholders_meeting	db.MeetingDocument	db.ShareholdersMeeting
edge:declared:db.MeetingDocumentGenerationItem:meeting_document	db.MeetingDocumentGenerationItem	db.MeetingDocument
edge:declared:db.MeetingDocumentGenerationItem:meeting_document_generation	db.MeetingDocumentGenerationItem	db.MeetingDocumentGeneration
edge:declared:db.MeetingDraftAgendaDirectorChange:meeting_draft	db.MeetingDraftAgendaDirectorChange	db.MeetingDraft
edge:declared:db.MeetingDraftAgendaDirectorCompensation:meeting_draft	db.MeetingDraftAgendaDirectorCompensation	db.MeetingDraft
edge:declared:db.MeetingDraftAgendaDirectorCompensationItem:director_compensation	db.MeetingDraftAgendaDirectorCompensationItem	db.MeetingDraftAgendaDirectorCompensation
edge:declared:db.MeetingDraftRegistrationAssistance:meeting_draft	db.MeetingDraftRegistrationAssistance	db.MeetingDraft
edge:declared:db.MeetingDraftSchedule:meeting_draft	db.MeetingDraftSchedule	db.MeetingDraft
edge:declared:db.MembershipContentAuthorRelation:author	db.MembershipContentAuthorRelation	db.MembershipContentAuthor
edge:declared:db.ModusignApiLog:modusign_account	db.ModusignApiLog	db.ModusignAccount
edge:declared:db.ModusignAuthentication:modusign_account	db.ModusignAuthentication	db.ModusignAccount
edge:declared:db.ModusignDocument:_option_grant_contract	db.ModusignDocument	db.OptionGrantContract
edge:declared:db.ModusignDocumentActionHistory:modusign_document	db.ModusignDocumentActionHistory	db.ModusignDocument
edge:declared:db.ModusignDocumentActionHistory:modusign_document_participant	db.ModusignDocumentActionHistory	db.ModusignDocumentParticipant
edge:declared:db.ModusignDocumentModusignAccountRelation:modusign_account	db.ModusignDocumentModusignAccountRelation	db.ModusignAccount
edge:declared:db.ModusignDocumentModusignAccountRelation:modusign_document	db.ModusignDocumentModusignAccountRelation	db.ModusignDocument
edge:declared:db.ModusignDocumentModusignApiKeyRelation:modusign_api_key	db.ModusignDocumentModusignApiKeyRelation	db.ModusignApiKey
edge:declared:db.ModusignDocumentModusignApiKeyRelation:modusign_document	db.ModusignDocumentModusignApiKeyRelation	db.ModusignDocument
edge:declared:db.ModusignDocumentParticipant:modusign_document	db.ModusignDocumentParticipant	db.ModusignDocument
edge:declared:db.ModusignEmbeddedDraft:modusign_account	db.ModusignEmbeddedDraft	db.ModusignAccount
edge:declared:db.ModusignEmbeddedDraft:modusign_api_key	db.ModusignEmbeddedDraft	db.ModusignApiKey
edge:declared:db.ModusignEmbeddedDraft:modusign_document	db.ModusignEmbeddedDraft	db.ModusignDocument
edge:declared:db.ModusignIaUserConnection:investment_association	db.ModusignIaUserConnection	db.InvestmentAssociation
edge:declared:db.NaverWorkplaceEmployee:naver_workplace_company	db.NaverWorkplaceEmployee	db.NaverWorkplaceCompany
edge:declared:db.NcpSignupChannel:naver_workplace_company	db.NcpSignupChannel	db.NaverWorkplaceCompany
edge:declared:db.NewIssueNoticeEmail:new_issue	db.NewIssueNoticeEmail	db.AgendaNewIssue
edge:declared:db.NewIssueNoticeEmailRecipient:email	db.NewIssueNoticeEmailRecipient	db.NewIssueNoticeEmail
edge:declared:db.NewIssueNoticeEmailRecipient:shareholder	db.NewIssueNoticeEmailRecipient	db.Shareholder
edge:declared:db.NonUnifiedShareCreateRequest:stock_unissued_confirmation_file	db.NonUnifiedShareCreateRequest	db.NonUnifiedShareStockUnissuedConfirmationFile
edge:declared:db.NonUnifiedShareEtcFile:create_request	db.NonUnifiedShareEtcFile	db.NonUnifiedShareCreateRequest
edge:declared:db.NonUnifiedShareEtcFile:management_history	db.NonUnifiedShareEtcFile	db.NonUnifiedShareManagementHistory
edge:declared:db.NonUnifiedShareManagementHistory:create_request	db.NonUnifiedShareManagementHistory	db.NonUnifiedShareCreateRequest
edge:declared:db.NonUnifiedShareManagementHistory:renew_request	db.NonUnifiedShareManagementHistory	db.NonUnifiedShareSucRenewRequest
edge:declared:db.NonUnifiedShareManagementHistory:stock_unissued_confirmation_file	db.NonUnifiedShareManagementHistory	db.NonUnifiedShareStockUnissuedConfirmationFile
edge:declared:db.NonUnifiedShareSucPoaDocument:modusign_document	db.NonUnifiedShareSucPoaDocument	db.NonUnifiedShareSucPoaModusignDocument
edge:declared:db.NonUnifiedShareSucPoaDocument:request	db.NonUnifiedShareSucPoaDocument	db.NonUnifiedShareSucRenewRequest
edge:declared:db.NonUnifiedShareSucPoaDocument:user_address	db.NonUnifiedShareSucPoaDocument	db.Address
edge:declared:db.NonUnifiedShareSucRenewRequest:renew_stock_unissued_confirmation_file	db.NonUnifiedShareSucRenewRequest	db.NonUnifiedShareStockUnissuedConfirmationFile
edge:declared:db.NotarizationPoA:meeting	db.NotarizationPoA	db.ShareholdersMeeting
edge:declared:db.NotarizationPoaDirectorSigner:director	db.NotarizationPoaDirectorSigner	db.ShareholdersMeetingDirectorAttendance
edge:declared:db.NotarizationPoaDirectorSigner:notarization_poa	db.NotarizationPoaDirectorSigner	db.NotarizationPoA
edge:declared:db.NotarizationPoaShareholderSigner:notarization_poa	db.NotarizationPoaShareholderSigner	db.NotarizationPoA
edge:declared:db.NotarizationPoaShareholderSigner:shareholder	db.NotarizationPoaShareholderSigner	db.ShareholdersMeetingShareholderAttendance
edge:declared:db.OptionExerciseClaim:financial_account	db.OptionExerciseClaim	db.FinancialAccount
edge:declared:db.OptionExerciseClaimAttachment:attachment_setting_item	db.OptionExerciseClaimAttachment	db.OptionExerciseManagementAttachmentSettingItem
edge:declared:db.OptionExerciseClaimAttachment:option_exercise_claim	db.OptionExerciseClaimAttachment	db.OptionExerciseClaim
edge:declared:db.OptionExerciseClaimCandidate:option_exercise_claim	db.OptionExerciseClaimCandidate	db.OptionExerciseClaim
edge:declared:db.OptionExerciseClaimCandidate:option_exercise_management	db.OptionExerciseClaimCandidate	db.OptionExerciseManagement
edge:declared:db.OptionExerciseClaimCandidate:option_grantee	db.OptionExerciseClaimCandidate	db.OptionGrantee
edge:declared:db.OptionExerciseClaimDocumentSetting:management	db.OptionExerciseClaimDocumentSetting	db.OptionExerciseManagement
edge:declared:db.OptionExerciseClaimEventRelation:_deprecated_payment	db.OptionExerciseClaimEventRelation	db.OptionExerciseClaimPayment
edge:declared:db.OptionExerciseClaimEventRelation:claim	db.OptionExerciseClaimEventRelation	db.OptionExerciseClaim
edge:declared:db.OptionExerciseClaimEventRelation:event	db.OptionExerciseClaimEventRelation	db.OptionExerciseEvent
edge:declared:db.OptionExerciseClaimMeetingDocument:exercise_claim	db.OptionExerciseClaimMeetingDocument	db.AgendaOptionExerciseClaim
edge:declared:db.OptionExerciseClaimMeetingDocument:grantee	db.OptionExerciseClaimMeetingDocument	db.AgendaOptionExerciseGrantee
edge:declared:db.OptionExerciseClaimOption:option_exercise_claim	db.OptionExerciseClaimOption	db.OptionExerciseClaim
edge:declared:db.OptionExerciseClaimOptionTaxation:_deprecated_claim	db.OptionExerciseClaimOptionTaxation	db.OptionExerciseClaim
edge:declared:db.OptionExerciseClaimOptionTaxation:claim_option	db.OptionExerciseClaimOptionTaxation	db.OptionExerciseClaimOption
edge:declared:db.OptionExerciseClaimPayment:option_exercise_claim	db.OptionExerciseClaimPayment	db.OptionExerciseClaim
edge:declared:db.OptionExerciseManagement:excluded_institution_set	db.OptionExerciseManagement	db.FinancialInstitution
edge:declared:db.OptionExerciseManagementAttachmentSetting:management	db.OptionExerciseManagementAttachmentSetting	db.OptionExerciseManagement
edge:declared:db.OptionExerciseManagementAttachmentSettingItem:setting	db.OptionExerciseManagementAttachmentSettingItem	db.OptionExerciseManagementAttachmentSetting
edge:declared:db.OptionExerciseManagementEmail:option_exercise_management	db.OptionExerciseManagementEmail	db.OptionExerciseManagement
edge:declared:db.OptionExerciseManagementReminderSetting:management	db.OptionExerciseManagementReminderSetting	db.OptionExerciseManagement
edge:declared:db.OptionExerciseManagementTaxation:management	db.OptionExerciseManagementTaxation	db.OptionExerciseManagement
edge:declared:db.OptionGrantContract:_deprecated_template	db.OptionGrantContract	db.OptionGrantContractTemplate
edge:declared:db.OptionGrantContract:_grantee	db.OptionGrantContract	db.AgendaOptionGrantGrantee
edge:declared:db.OptionGrantContract:template_revision	db.OptionGrantContract	db.OptionGrantContractTemplateRevision
edge:declared:db.OptionGrantContractModusignDocument:option_grant_contract	db.OptionGrantContractModusignDocument	db.OptionGrantContract
edge:declared:db.OptionGrantContractModusignEmbeddedDraft:option_grant_contract	db.OptionGrantContractModusignEmbeddedDraft	db.OptionGrantContract
edge:declared:db.OptionGrantContractTemplate:_deprecated_stakeholder	db.OptionGrantContractTemplate	db.OptionGrantContractStakeholder
edge:declared:db.OptionGrantContractTemplateDraft:stakeholder_set	db.OptionGrantContractTemplateDraft	db.OptionGrantContractStakeholder
edge:declared:db.OptionGrantContractTemplateRevision:stakeholder_set	db.OptionGrantContractTemplateRevision	db.OptionGrantContractStakeholder
edge:declared:db.OptionGrantContractTemplateRevision:template	db.OptionGrantContractTemplateRevision	db.OptionGrantContractTemplate
edge:declared:db.OptionGrantEvent:_deprecated_grantee	db.OptionGrantEvent	db.OptionGrantee
edge:declared:db.OptionGrantEvent:share_class	db.OptionGrantEvent	db.ShareClass
edge:declared:db.OptionManagement:agenda_option_grant	db.OptionManagement	db.AgendaOptionGrant
edge:declared:db.OptionManagementStakeholderSeat:option_management	db.OptionManagementStakeholderSeat	db.OptionManagement
edge:declared:db.OptionManagementStakeholderSeat:stakeholder_seat	db.OptionManagementStakeholderSeat	db.StakeholderSeat
edge:declared:db.OptionResumeEvent:pause_event	db.OptionResumeEvent	db.OptionPauseEvent
edge:declared:db.OptionTag:category	db.OptionTag	db.OptionTagCategory
edge:declared:db.OptionValueChange:investment_round	db.OptionValueChange	db.InvestmentRound
edge:declared:db.OptionVesting:_deprecated_grant_event	db.OptionVesting	db.OptionGrantEvent
edge:declared:db.Order:seal_card	db.Order	db.SealCard
edge:declared:db.OrderPromotionRelation:order	db.OrderPromotionRelation	db.Order
edge:declared:db.OrderPromotionRelation:promotion	db.OrderPromotionRelation	db.Promotion
edge:declared:db.OrderStaffInChargeRelation:order	db.OrderStaffInChargeRelation	db.Order
edge:declared:db.OrderStaffInChargeRelation:staff_in_charge	db.OrderStaffInChargeRelation	db.StaffInCharge
edge:declared:db.OrderStatusHistory:order	db.OrderStatusHistory	db.Order
edge:declared:db.OtherDocumentArchiveAttachment:other_document_archive	db.OtherDocumentArchiveAttachment	db.OtherDocumentArchive
edge:declared:db.OwnerRolePermissionRelation:owner_permission	db.OwnerRolePermissionRelation	db.OwnerPermission
edge:declared:db.OwnerRolePermissionRelation:owner_role	db.OwnerRolePermissionRelation	db.OwnerRole
edge:declared:db.Payment:app_card	db.Payment	db.AppCard
edge:declared:db.Payment:charge	db.Payment	db.Charge
edge:declared:db.Payment:credit_card	db.Payment	db.CreditCard
edge:declared:db.PaymentLink:payment_store	db.PaymentLink	db.PaymentStore
edge:declared:db.PaymentLink:question_threads	db.PaymentLink	db.QuestionThread
edge:declared:db.PaymentRefund:payment	db.PaymentRefund	db.Payment
edge:declared:db.PaymentRefund:payment_status_history	db.PaymentRefund	db.PaymentStatusHistory
edge:declared:db.PaymentStatusHistory:payment	db.PaymentStatusHistory	db.Payment
edge:declared:db.Payroll:setting	db.Payroll	db.PayrollSetting
edge:declared:db.PayrollAnnualSalaryInfo:employee	db.PayrollAnnualSalaryInfo	db.Employee
edge:declared:db.PayrollDocumentSealStampSetting:_deprecated_ceo	db.PayrollDocumentSealStampSetting	db.Director
edge:declared:db.PayrollDocumentSealStampSetting:seal_stamp	db.PayrollDocumentSealStampSetting	db.SealStamp
edge:declared:db.PayrollEmployeeMonthlyWage:hrm_emp	db.PayrollEmployeeMonthlyWage	db.HrmEmp
edge:declared:db.PayrollLedgerAttachment:payroll_ldeger	db.PayrollLedgerAttachment	db.PayrollLedger
edge:declared:db.PayrollLedgerFile:payroll_ledger	db.PayrollLedgerFile	db.PayrollLedger
edge:declared:db.PayrollLedgerFileModificationRequest:payroll_ledger_file	db.PayrollLedgerFileModificationRequest	db.PayrollLedgerFile
edge:declared:db.PayrollLedgerItemSettingRelation:ledger_item	db.PayrollLedgerItemSettingRelation	db.PayrollLedgerItem
edge:declared:db.PayrollLedgerItemSettingRelation:setting	db.PayrollLedgerItemSettingRelation	db.PayrollSetting
edge:declared:db.PayrollManagementRelation:payroll	db.PayrollManagementRelation	db.Payroll
edge:declared:db.PayrollSetting:ledger_item_set	db.PayrollSetting	db.PayrollLedgerItem
edge:declared:db.PayrollSettlement:company_question_thread_set	db.PayrollSettlement	db.CompanyQuestionThread
edge:declared:db.PayrollSettlement:payroll	db.PayrollSettlement	db.Payroll
edge:declared:db.PayrollSettlementAutoCreation:payroll	db.PayrollSettlementAutoCreation	db.Payroll
edge:declared:db.PayrollSettlementAutoCreation:payroll_question_help_template	db.PayrollSettlementAutoCreation	db.HelpTemplate
edge:declared:db.PayrollSettlementProgressLog:payroll_settlement	db.PayrollSettlementProgressLog	db.PayrollSettlement
edge:declared:db.PayrollStaffUserRelation:payroll	db.PayrollStaffUserRelation	db.Payroll
edge:declared:db.PayrollStatement:_deprecated_employee	db.PayrollStatement	db.Employee
edge:declared:db.PayrollStatement:payroll_ledger	db.PayrollStatement	db.PayrollLedger
edge:declared:db.PayrollStatementAttendance:payroll_statement	db.PayrollStatementAttendance	db.PayrollStatement
edge:declared:db.PayrollStatementDocument:payroll_statement	db.PayrollStatementDocument	db.PayrollStatement
edge:declared:db.PayrollStatementEmail:payroll_ledger	db.PayrollStatementEmail	db.PayrollLedger
edge:declared:db.PayrollStatementEmailRecipient:email	db.PayrollStatementEmailRecipient	db.PayrollStatementEmail
edge:declared:db.PayrollStatementEmailRecipient:payroll_statement	db.PayrollStatementEmailRecipient	db.PayrollStatement
edge:declared:db.PayrollStatementPayrollInformation:payroll_statement	db.PayrollStatementPayrollInformation	db.PayrollStatement
edge:declared:db.PayrollStatementScheduledEmail:payroll_statement_email	db.PayrollStatementScheduledEmail	db.PayrollStatementEmail
edge:declared:db.PayrollStatementScheduledEmailPeriodicTaskRelation:payroll_statement_scheduled_email	db.PayrollStatementScheduledEmailPeriodicTaskRelation	db.PayrollStatementScheduledEmail
edge:declared:db.PeriodicOptionVestingItem:periodic_option_vesting	db.PeriodicOptionVestingItem	db.PeriodicOptionVesting
edge:declared:db.PhantomStock:grantee	db.PhantomStock	db.PhantomStockGrantee
edge:declared:db.PhantomStockGrantContract:phantom_stock	db.PhantomStockGrantContract	db.PhantomStock
edge:declared:db.PhantomStockResumeEvent:pause_event	db.PhantomStockResumeEvent	db.PhantomStockPauseEvent
edge:declared:db.PhoneVerification:phone	db.PhoneVerification	db.Phone
edge:declared:db.PingpongDelivery:dropoff_address	db.PingpongDelivery	db.PingpongDeliveryAddress
edge:declared:db.PitchingDayHallAccessLog:pitching_day_hall	db.PitchingDayHallAccessLog	db.PitchingDayHall
edge:declared:db.PitchingDayHallAssignedIrs:pitching_day_hall	db.PitchingDayHallAssignedIrs	db.PitchingDayHall
edge:declared:db.PortfolioCompanyFund:fund	db.PortfolioCompanyFund	db.Fund
edge:declared:db.PortfolioCompanyFund:portfolio_company	db.PortfolioCompanyFund	db.PortfolioCompany
edge:declared:db.PortfolioCompanyManager:portfolio_company	db.PortfolioCompanyManager	db.PortfolioCompany
edge:declared:db.PortfolioCompanyUserRelation:portfolio_company	db.PortfolioCompanyUserRelation	db.PortfolioCompany
edge:declared:db.PrivacyPolicyLog:privacy_policy	db.PrivacyPolicyLog	db.PrivacyPolicy
edge:declared:db.PromotionAddress:promotion	db.PromotionAddress	db.Promotion
edge:declared:db.PromotionCodeUsageHistory:promotion_code	db.PromotionCodeUsageHistory	db.PromotionCode
edge:declared:db.PromotionCodeUsageHistory:service_fee_item	db.PromotionCodeUsageHistory	db.ServiceFeeItem
edge:declared:db.Purchase:basket	db.Purchase	db.Basket
edge:declared:db.Purchase:service_fee	db.Purchase	db.ServiceFee
edge:declared:db.PurchaseItem:payment_store	db.PurchaseItem	db.PaymentStore
edge:declared:db.PurchaseStatusHistory:purchase	db.PurchaseStatusHistory	db.Purchase
edge:declared:db.Purpose:articles_of_incorporation	db.Purpose	db.ArticlesOfIncorporation
edge:declared:db.Purpose:industrial_code	db.Purpose	db.IndustrialCode
edge:declared:db.QrReplyPasswordReset:request	db.QrReplyPasswordReset	db.QrReplyPasswordResetRequest
edge:declared:db.QrReplyPasswordResetRequest:reply	db.QrReplyPasswordResetRequest	db.VentureCapitalQuarterlyReportReply
edge:declared:db.QuarterlyReportRequest:quarterly_report	db.QuarterlyReportRequest	db.VentureCapitalQuarterlyReport
edge:declared:db.QuarterlyReportRequestAttachment:quarterly_report_request	db.QuarterlyReportRequestAttachment	db.QuarterlyReportRequest
edge:declared:db.QuarterlyReportRequestReportItem:quarterly_report_item	db.QuarterlyReportRequestReportItem	db.VentureCapitalQuarterlyReportItem
edge:declared:db.QuarterlyReportRequestReportItem:quarterly_report_request	db.QuarterlyReportRequestReportItem	db.QuarterlyReportRequest
edge:declared:db.QuarterlyReportSettings:quarterly_report	db.QuarterlyReportSettings	db.VentureCapitalQuarterlyReport
edge:declared:db.QuarterlyReportSignupChannel:portfolio_company	db.QuarterlyReportSignupChannel	db.PortfolioCompany
edge:declared:db.QuarterlyReportSignupChannel:quarterly_report	db.QuarterlyReportSignupChannel	db.VentureCapitalQuarterlyReport
edge:declared:db.QuestionMessageScheduled:question_thread_message	db.QuestionMessageScheduled	db.QuestionThreadMessage
edge:declared:db.QuestionThreadAssignment:question_thread	db.QuestionThreadAssignment	db.QuestionThread
edge:declared:db.QuestionThreadMessage:question_thread	db.QuestionThreadMessage	db.QuestionThread
edge:declared:db.QuestionThreadMessagePeriodicTaskRelation:question_message_scheduled	db.QuestionThreadMessagePeriodicTaskRelation	db.QuestionMessageScheduled
edge:declared:db.QuestionThreadTag:question_thread_set	db.QuestionThreadTag	db.QuestionThread
edge:declared:db.RegistrationAgenda:agenda_director_change	db.RegistrationAgenda	db.AgendaDirectorChange
edge:declared:db.RegistrationAgenda:registration	db.RegistrationAgenda	db.Registration
edge:declared:db.RegistrationAssistanceReceipt:registration_assistance	db.RegistrationAssistanceReceipt	db.RegistrationAssistance
edge:declared:db.RegistrationDirector:registration	db.RegistrationDirector	db.Registration
edge:declared:db.RegistrationFormCaptable:agenda	db.RegistrationFormCaptable	db.ShareholdersMeetingAgenda
edge:declared:db.RegistrationFormCaptableDocument:captable	db.RegistrationFormCaptableDocument	db.RegistrationFormCaptable
edge:declared:db.RegistrationFormCaptableNotarizationRequestor:registration_form_captable	db.RegistrationFormCaptableNotarizationRequestor	db.RegistrationFormCaptable
edge:declared:db.RegistrationFormCaptableNotarizationRequestor:shareholder	db.RegistrationFormCaptableNotarizationRequestor	db.ShareholdersMeetingShareholderAttendance
edge:declared:db.RegistrationHelp:company_question_thread	db.RegistrationHelp	db.CompanyQuestionThread
edge:declared:db.RsuRsa:grantee	db.RsuRsa	db.RsuGrantee
edge:declared:db.RsuRsa:source_meeting	db.RsuRsa	db.RsuMeeting
edge:declared:db.RsuExerciseClaim:financial_account	db.RsuExerciseClaim	db.FinancialAccount
edge:declared:db.RsuExerciseClaimAttachment:attachment_setting_item	db.RsuExerciseClaimAttachment	db.RsuExerciseManagementAttachmentSettingItem
edge:declared:db.RsuExerciseClaimAttachment:rsu_exercise_claim	db.RsuExerciseClaimAttachment	db.RsuExerciseClaim
edge:declared:db.RsuExerciseClaimCandidate:rsu_exercise_claim	db.RsuExerciseClaimCandidate	db.RsuExerciseClaim
edge:declared:db.RsuExerciseClaimCandidate:rsu_exercise_management	db.RsuExerciseClaimCandidate	db.RsuExerciseManagement
edge:declared:db.RsuExerciseClaimCandidate:rsu_grantee	db.RsuExerciseClaimCandidate	db.RsuGrantee
edge:declared:db.RsuExerciseClaimCandidateEmailRecipient:candidate	db.RsuExerciseClaimCandidateEmailRecipient	db.RsuExerciseClaimCandidate
edge:declared:db.RsuExerciseClaimEventRelation:claim	db.RsuExerciseClaimEventRelation	db.RsuExerciseClaim
edge:declared:db.RsuExerciseClaimEventRelation:event	db.RsuExerciseClaimEventRelation	db.RsuExerciseEvent
edge:declared:db.RsuExerciseClaimRsu:rsu	db.RsuExerciseClaimRsu	db.RsuRsa
edge:declared:db.RsuExerciseClaimRsu:rsu_exercise_claim	db.RsuExerciseClaimRsu	db.RsuExerciseClaim
edge:declared:db.RsuExerciseManagement:excluded_institution_set	db.RsuExerciseManagement	db.FinancialInstitution
edge:declared:db.RsuExerciseManagementAttachmentSetting:management	db.RsuExerciseManagementAttachmentSetting	db.RsuExerciseManagement
edge:declared:db.RsuExerciseManagementAttachmentSettingItem:setting	db.RsuExerciseManagementAttachmentSettingItem	db.RsuExerciseManagementAttachmentSetting
edge:declared:db.RsuExerciseManagementEmail:rsu_exercise_management	db.RsuExerciseManagementEmail	db.RsuExerciseManagement
edge:declared:db.RsuExtraAttachment:rsu	db.RsuExtraAttachment	db.RsuRsa
edge:declared:db.RsuGrantContract:rsu	db.RsuGrantContract	db.RsuRsa
edge:declared:db.RsuGrantContract:template	db.RsuGrantContract	db.RsuGrantContractTemplate
edge:declared:db.RsuGrantContractModusignDocument:rsu_grant_contract	db.RsuGrantContractModusignDocument	db.RsuGrantContract
edge:declared:db.RsuGrantContractTemplate:stakeholder_set	db.RsuGrantContractTemplate	db.RsuGrantContractTemplateStakeholder
edge:declared:db.RsuMeetingAttachment:meeting	db.RsuMeetingAttachment	db.RsuMeeting
edge:declared:db.RsuResumeEvent:pause_event	db.RsuResumeEvent	db.RsuPauseEvent
edge:declared:db.RsuTag:category	db.RsuTag	db.RsuTagCategory
edge:declared:db.RsuTag:rsu_set	db.RsuTag	db.RsuRsa
edge:declared:db.RsuVestingItem:performance_condition	db.RsuVestingItem	db.RsuPerformanceCondition
edge:declared:db.RtccEmail:right_to_consent_or_consult	db.RtccEmail	db.RightToConsentOrConsult
edge:declared:db.RtccEmailAuthentication:rtcc_investor	db.RtccEmailAuthentication	db.RtccInvestor
edge:declared:db.RtccInvestor:right_to_consent_or_consult	db.RtccInvestor	db.RightToConsentOrConsult
edge:declared:db.RtccInvestorFile:investor	db.RtccInvestorFile	db.RtccInvestor
edge:declared:db.Safe:holder	db.Safe	db.InvestmentContractHolder
edge:declared:db.SdContactRequest:secondary_deal	db.SdContactRequest	db.SecondaryDeal
edge:declared:db.SealCardReturnRequest:seal_card	db.SealCardReturnRequest	db.SealCard
edge:declared:db.SealCardReturnStatusHistory:seal_card_return_request	db.SealCardReturnStatusHistory	db.SealCardReturnRequest
edge:declared:db.SealCertificateDelivery:seal_card_pickup_delivery	db.SealCertificateDelivery	db.PingpongDelivery
edge:declared:db.SealCertificateIssueRequest:delivery	db.SealCertificateIssueRequest	db.SealCertificateDelivery
edge:declared:db.SealStamp:director	db.SealStamp	db.Director
edge:declared:db.SealStampImage:seal_stamp	db.SealStampImage	db.SealStamp
edge:declared:db.SealStampUsageHistory:employee	db.SealStampUsageHistory	db.Employee
edge:declared:db.SealStampUsageHistory:payroll_statement_document	db.SealStampUsageHistory	db.PayrollStatementDocument
edge:declared:db.SealStampUsageHistory:seal_stamp	db.SealStampUsageHistory	db.SealStamp
edge:declared:db.SealStampUsageHistory:wht_book	db.SealStampUsageHistory	db.WhtBook
edge:declared:db.SealStampUsageHistory:wht_certificate	db.SealStampUsageHistory	db.WhtCertificate
edge:declared:db.SealStampUsageHistory:wht_receipt	db.SealStampUsageHistory	db.WhtReceipt
edge:declared:db.SelfRegistration:meeting	db.SelfRegistration	db.Meeting
edge:declared:db.ServiceFee:basket	db.ServiceFee	db.Basket
edge:declared:db.ServiceFeeItem:product	db.ServiceFeeItem	db.Product
edge:declared:db.ShareholderInstitutionMember:institution	db.ShareholderInstitutionMember	db.Shareholder
edge:declared:db.ShareholderInstitutionMember:manager	db.ShareholderInstitutionMember	db.InstitutionStakeholderManager
edge:declared:db.ShareholderInstitutionMemberCeo:member	db.ShareholderInstitutionMemberCeo	db.ShareholderInstitutionMember
edge:declared:db.ShareholdersAgreementStakeholder:stakeholder	db.ShareholdersAgreementStakeholder	db.Stakeholder
edge:declared:db.ShareholdersMeeting:chairperson	db.ShareholdersMeeting	db.ShareholdersMeetingDirectorAttendance
edge:declared:db.ShareholdersMeetingAgenda:agenda_authorized_shares_change	db.ShareholdersMeetingAgenda	db.AgendaAuthorizedSharesChange
edge:declared:db.ShareholdersMeetingAgenda:agenda_branch_change	db.ShareholdersMeetingAgenda	db.AgendaBranchChange
edge:declared:db.ShareholdersMeetingAgenda:agenda_change_of_articles_of_incorporation	db.ShareholdersMeetingAgenda	db.AgendaChangeOfArticlesOfIncorporation
edge:declared:db.ShareholdersMeetingAgenda:agenda_director_change	db.ShareholdersMeetingAgenda	db.AgendaDirectorChange
edge:declared:db.ShareholdersMeetingAgenda:agenda_director_compensation_decision	db.ShareholdersMeetingAgenda	db.AgendaDirectorCompensation
edge:declared:db.ShareholdersMeetingAgenda:agenda_head_office_relocation	db.ShareholdersMeetingAgenda	db.AgendaHeadOfficeRelocation
edge:declared:db.ShareholdersMeetingAgenda:agenda_new_issue	db.ShareholdersMeetingAgenda	db.AgendaNewIssue
edge:declared:db.ShareholdersMeetingAgenda:agenda_option_cancel	db.ShareholdersMeetingAgenda	db.AgendaOptionCancel
edge:declared:db.ShareholdersMeetingAgenda:agenda_option_grant	db.ShareholdersMeetingAgenda	db.AgendaOptionGrant
edge:declared:db.ShareholdersMeetingAgenda:meeting	db.ShareholdersMeetingAgenda	db.ShareholdersMeeting
edge:declared:db.ShareholdersMeetingConvocationNoticeEmail:shareholders_meeting	db.ShareholdersMeetingConvocationNoticeEmail	db.ShareholdersMeeting
edge:declared:db.ShareholdersMeetingConvocationNoticeEmailAttachment:convocation_notice_email	db.ShareholdersMeetingConvocationNoticeEmailAttachment	db.ShareholdersMeetingConvocationNoticeEmail
edge:declared:db.ShareholdersMeetingConvocationNoticeEmailNewIssueAttachment:email	db.ShareholdersMeetingConvocationNoticeEmailNewIssueAttachment	db.ShareholdersMeetingConvocationNoticeEmail
edge:declared:db.ShareholdersMeetingConvocationNoticeEmailNewIssueAttachment:new_issue	db.ShareholdersMeetingConvocationNoticeEmailNewIssueAttachment	db.AgendaNewIssue
edge:declared:db.ShareholdersMeetingConvocationNoticeRecipient:convocation_notice_email	db.ShareholdersMeetingConvocationNoticeRecipient	db.ShareholdersMeetingConvocationNoticeEmail
edge:declared:db.ShareholdersMeetingConvocationNoticeRecipient:shareholder	db.ShareholdersMeetingConvocationNoticeRecipient	db.ShareholdersMeetingShareholderAttendance
edge:declared:db.ShareholdersMeetingShareholderAttendance:meeting	db.ShareholdersMeetingShareholderAttendance	db.ShareholdersMeeting
edge:declared:db.ShareholdersMeetingShareholderAttendance:original_shareholder	db.ShareholdersMeetingShareholderAttendance	db.Shareholder
edge:declared:db.StakeholderAccount:account	db.StakeholderAccount	db.FinancialAccount
edge:declared:db.StakeholderCustodian:stakeholder	db.StakeholderCustodian	db.Stakeholder
edge:declared:db.StarredQuestionThread:question_thread	db.StarredQuestionThread	db.QuestionThread
edge:declared:db.Stock:share_class	db.Stock	db.ShareClass
edge:declared:db.Stock:shareholder	db.Stock	db.Shareholder
edge:declared:db.StockDocumentAnalysis:document_ai_process_request	db.StockDocumentAnalysis	document_ai.DocumentAiProcessRequest
edge:declared:db.StockDocumentAnalysis:stock_reregistration_event	db.StockDocumentAnalysis	db.StockReregistrationEvent
edge:declared:db.StockTransferAgreement:seller	db.StockTransferAgreement	db.Shareholder
edge:declared:db.StockTransferAgreement:stock_transfer_event	db.StockTransferAgreement	db.StockTransferEvent
edge:declared:db.StockTransferAgreementClauses:stock_transfer_agreement	db.StockTransferAgreementClauses	db.StockTransferAgreement
edge:declared:db.StockTransferAgreementItem:agreement	db.StockTransferAgreementItem	db.StockTransferAgreement
edge:declared:db.StockTransferAgreementItem:share_class	db.StockTransferAgreementItem	db.ShareClass
edge:declared:db.StockTransferAgreementManagement:related_tax_advices	db.StockTransferAgreementManagement	db.QuestionThread
edge:declared:db.StockTransferAgreementManagement:stock_transfer_agreement	db.StockTransferAgreementManagement	db.StockTransferAgreement
edge:declared:db.StockTransferAgreementManagementStakeholderSeat:stakeholder_seat	db.StockTransferAgreementManagementStakeholderSeat	db.StakeholderSeat
edge:declared:db.StockTransferAgreementManagementStakeholderSeat:stock_transfer_agreement_management	db.StockTransferAgreementManagementStakeholderSeat	db.StockTransferAgreementManagement
edge:declared:db.StockTransferAgreementModusignDocument:stock_transfer_agreement	db.StockTransferAgreementModusignDocument	db.StockTransferAgreement
edge:declared:db.StockTransferAgreementModusignEmbeddedDraft:stock_transfer_agreement	db.StockTransferAgreementModusignEmbeddedDraft	db.StockTransferAgreement
edge:declared:db.StockTransferAgreementPurchaserInstitution:agreement	db.StockTransferAgreementPurchaserInstitution	db.StockTransferAgreement
edge:declared:db.StockTransferAgreementSellerInstitution:agreement	db.StockTransferAgreementSellerInstitution	db.StockTransferAgreement
edge:declared:db.StockTransferPrice:share_class	db.StockTransferPrice	db.ShareClass
edge:declared:db.StockTransferPrice:stock_transfer_event	db.StockTransferPrice	db.StockTransferEvent
edge:declared:db.StripeCard:customer	db.StripeCard	db.StripeCustomer
edge:declared:db.StripePayment:card	db.StripePayment	db.StripeCard
edge:declared:db.StripePayment:order	db.StripePayment	db.Order
edge:declared:db.StripePayment:seal_card_return_request	db.StripePayment	db.SealCardReturnRequest
edge:declared:db.Subscription:subscription_plan	db.Subscription	db.SubscriptionPlan
edge:declared:db.SubscriptionBonus:subscription	db.SubscriptionBonus	db.Subscription
edge:declared:db.SubscriptionModusignDocumentUsageHistory:subscription	db.SubscriptionModusignDocumentUsageHistory	db.Subscription
edge:declared:db.SubscriptionPaymentRequest:subscription	db.SubscriptionPaymentRequest	db.Subscription
edge:declared:db.SubscriptionPeriod:subscription	db.SubscriptionPeriod	db.Subscription
edge:declared:db.SubscriptionPerk:subscription	db.SubscriptionPerk	db.Subscription
edge:declared:db.SubscriptionPlan:permissions	db.SubscriptionPlan	db.SubscriptionPlanPermission
edge:declared:db.SubscriptionPlanOffering:subscription_plan	db.SubscriptionPlanOffering	db.SubscriptionPlan
edge:declared:db.SubscriptionPlanPerk:subscription_plan	db.SubscriptionPlanPerk	db.SubscriptionPlan
edge:declared:db.SubscriptionReservation:subscription_plan	db.SubscriptionReservation	db.SubscriptionPlan
edge:declared:db.SubscriptionSuspensionHistory:subscription	db.SubscriptionSuspensionHistory	db.Subscription
edge:declared:db.TaxBookkeepingServiceRequest:incorporation_request	db.TaxBookkeepingServiceRequest	db.IncorporationRequest
edge:declared:db.TaxPartnerTbkContractItem:tax_partner_tbk_contract	db.TaxPartnerTbkContractItem	db.TaxPartnerTbkContract
edge:declared:db.TbkConsulting:tax_bookkeeping_service_request	db.TbkConsulting	db.TaxBookkeepingServiceRequest
edge:declared:db.TbkConsulting:tbk_question_thread	db.TbkConsulting	db.CompanyQuestionThread
edge:declared:db.TbkConsultingMemo:tbk_consulting	db.TbkConsultingMemo	db.TbkConsulting
edge:declared:db.TbkConsultingRefusal:incorporation_request	db.TbkConsultingRefusal	db.IncorporationRequest
edge:declared:db.TbkConsultingStatusLog:tbk_consulting	db.TbkConsultingStatusLog	db.TbkConsulting
edge:declared:db.TbkContract:tbk_consulting	db.TbkContract	db.TbkConsulting
edge:declared:db.TbkContractBenefit:tbk_contract	db.TbkContractBenefit	db.TbkContract
edge:declared:db.TbkContractSettlement:tbk_contract	db.TbkContractSettlement	db.TbkContract
edge:declared:db.ThirdPartyArticleProviderUserRelation:article_provider	db.ThirdPartyArticleProviderUserRelation	db.ThirdPartyArticleProvider
edge:declared:db.UserApiKeyCompanyAccess:api_key	db.UserApiKeyCompanyAccess	db.UserApiKey
edge:declared:db.UserApiKeyCompanyRelation:company_access	db.UserApiKeyCompanyRelation	db.UserApiKeyCompanyAccess
edge:declared:db.UserApiKeyRevocation:api_key	db.UserApiKeyRevocation	db.UserApiKey
edge:declared:db.UserInvitationOwnerRoleRelation:owner_role	db.UserInvitationOwnerRoleRelation	db.OwnerRole
edge:declared:db.UserInvitationOwnerRoleRelation:user_invitation	db.UserInvitationOwnerRoleRelation	db.UserInvitation
edge:declared:db.UserProfileImageMapping:profile_image	db.UserProfileImageMapping	db.UserProfileImage
edge:declared:db.UserSealCardRelation:seal_card	db.UserSealCardRelation	db.SealCard
edge:declared:db.ValuationServiceRequest:company_question_thread	db.ValuationServiceRequest	db.CompanyQuestionThread
edge:declared:db.VcIrRecommendationRequestResult:request	db.VcIrRecommendationRequestResult	db.VcIrRecommendationRequest
edge:declared:db.VcLpReportRequest:alimtalk_activity	db.VcLpReportRequest	db.AlimtalkActivity
edge:declared:db.VcLpReportRequest:vc_lp_report	db.VcLpReportRequest	db.VcLpReport
edge:declared:db.VcLpReportRequestRecipient:alimtalk_activity_recipient	db.VcLpReportRequestRecipient	db.AlimtalkActivityRecipient
edge:declared:db.VcLpReportRequestRecipient:fund_partner	db.VcLpReportRequestRecipient	db.FundPartner
edge:declared:db.VcLpReportRequestRecipient:vc_lp_report_request	db.VcLpReportRequestRecipient	db.VcLpReportRequest
edge:declared:db.VcNameAlias:venture_capital	db.VcNameAlias	db.VentureCapital
edge:declared:db.VentureCapitalEmailTemplates:venture_capital	db.VentureCapitalEmailTemplates	db.VentureCapital
edge:declared:db.VentureCapitalQuarterlyReport:content_template	db.VentureCapitalQuarterlyReport	db.VentureCapitalQuarterlyReportContentTemplate
edge:declared:db.VentureCapitalQuarterlyReportItem:quarterly_report	db.VentureCapitalQuarterlyReportItem	db.VentureCapitalQuarterlyReport
edge:declared:db.VentureCapitalQuarterlyReportItemReply:item	db.VentureCapitalQuarterlyReportItemReply	db.VentureCapitalQuarterlyReportItem
edge:declared:db.VentureCapitalQuarterlyReportItemReply:reply	db.VentureCapitalQuarterlyReportItemReply	db.VentureCapitalQuarterlyReportReply
edge:declared:db.VentureCapitalQuarterlyReportReply:company_create_request	db.VentureCapitalQuarterlyReportReply	db.CompanyCreateRequest
edge:declared:db.VentureCapitalQuarterlyReportReply:portfolio_company	db.VentureCapitalQuarterlyReportReply	db.PortfolioCompany
edge:declared:db.VentureCapitalQuarterlyReportReply:quarterly_report	db.VentureCapitalQuarterlyReportReply	db.VentureCapitalQuarterlyReport
edge:declared:db.VentureCapitalSubscription:venture_capital	db.VentureCapitalSubscription	db.VentureCapital
edge:declared:db.VentureCapitalSubscriptionPlanPermission:subscription_plan	db.VentureCapitalSubscriptionPlanPermission	db.VentureCapitalSubscriptionPlan
edge:declared:db.VentureCapitalSubscriptionPlanPrice:subscription_plan	db.VentureCapitalSubscriptionPlanPrice	db.VentureCapitalSubscriptionPlan
edge:declared:db.VentureCapitalUserRelation:roles	db.VentureCapitalUserRelation	db.VcUserRole
edge:declared:db.VentureComplex:address	db.VentureComplex	db.Address
edge:declared:db.VideoCollection:video_contents	db.VideoCollection	db.VideoContent
edge:declared:db.VideoContentHistory:video_collection	db.VideoContentHistory	db.VideoCollection
edge:declared:db.VideoContentHistory:video_content	db.VideoContentHistory	db.VideoContent
edge:declared:db.VideoContentSpeecher:video_content	db.VideoContentSpeecher	db.VideoContent
edge:declared:db.WhitepaperPreviewFile:whitepaper	db.WhitepaperPreviewFile	db.Whitepaper
edge:declared:db.WhitepaperWatermarkFile:whitepaper	db.WhitepaperWatermarkFile	db.Whitepaper
edge:declared:db.WhtBook:employee	db.WhtBook	db.Employee
edge:declared:db.WhtBook:wht_book_without_date	db.WhtBook	db.WhtBookWithoutDate
edge:declared:db.WhtBookWithoutDate:employee	db.WhtBookWithoutDate	db.Employee
edge:declared:db.WhtCertificate:employee	db.WhtCertificate	db.Employee
edge:declared:db.WhtReceipt:employee	db.WhtReceipt	db.Employee
edge:declared:db.YearEndTaxSettlement:payroll	db.YearEndTaxSettlement	db.Payroll
edge:declared:db.YearEndTaxSettlementConfirmationSchedule:year_end_tax_settlement	db.YearEndTaxSettlementConfirmationSchedule	db.YearEndTaxSettlement
edge:declared:db.YetsAssistance:employee	db.YetsAssistance	db.YetsEmployee
edge:declared:db.YetsAssistanceCreatorYetsEmployee:yets_employee	db.YetsAssistanceCreatorYetsEmployee	db.YetsEmployee
edge:declared:db.YetsAssistanceMessage:assistance	db.YetsAssistanceMessage	db.YetsAssistance
edge:declared:db.YetsAssistanceMessage:creator	db.YetsAssistanceMessage	db.YetsAssistanceCreator
edge:declared:db.YetsAssistanceMessageFile:message	db.YetsAssistanceMessageFile	db.YetsAssistanceMessage
edge:declared:db.YetsAssistanceStaffAccessLog:assistance	db.YetsAssistanceStaffAccessLog	db.YetsAssistance
edge:declared:db.YetsAssistanceStaffFavoriteRelation:assistance	db.YetsAssistanceStaffFavoriteRelation	db.YetsAssistance
edge:declared:db.YetsEmail:year_end_tax_settlement	db.YetsEmail	db.YearEndTaxSettlement
edge:declared:db.YetsEmailAuthentication:yets_employee	db.YetsEmailAuthentication	db.YetsEmployee
edge:declared:db.YetsEmployee:employee	db.YetsEmployee	db.Employee
edge:declared:db.YetsEmployee:year_end_tax_settlement	db.YetsEmployee	db.YearEndTaxSettlement
edge:declared:db.YetsEmployeeFile:employee	db.YetsEmployeeFile	db.YetsEmployee
edge:declared:db.YetsEmployeeResult:yets_employee	db.YetsEmployeeResult	db.YetsEmployee
edge:declared:db.YetsEmployeeResultAssistanceMessageRelation:assistance_message	db.YetsEmployeeResultAssistanceMessageRelation	db.YetsAssistanceMessage
edge:declared:db.YetsEmployeeResultAssistanceMessageRelation:result	db.YetsEmployeeResultAssistanceMessageRelation	db.YetsEmployeeResult
edge:declared:db.YetsEmployeeResultStatusLog:result	db.YetsEmployeeResultStatusLog	db.YetsEmployeeResult
edge:declared:db.YetsEmployeeResultWhtReceipt:result	db.YetsEmployeeResultWhtReceipt	db.YetsEmployeeResult
edge:declared:db.YetsEmployeeSubmissionLog:yets_employee	db.YetsEmployeeSubmissionLog	db.YetsEmployee
edge:declared:db.YetsEmployeeUploadForm:yets_employee	db.YetsEmployeeUploadForm	db.YetsEmployee
edge:declared:db.YetsEmployeeUploadFormStatusLog:yets_employee_upload_form	db.YetsEmployeeUploadFormStatusLog	db.YetsEmployeeUploadForm
edge:declared:db.ZuzuTaxPhoneToken:phone	db.ZuzuTaxPhoneToken	db.Phone
edge:declared:document_ai.DocumentAiProcessResult:request	document_ai.DocumentAiProcessResult	document_ai.DocumentAiProcessRequest
edge:declared:fi_sta.FiStaCompanyCeo:fi_sta_company	fi_sta.FiStaCompanyCeo	fi_sta.FiStaCompany
edge:declared:fi_sta.FiStaCompanySearchResult:fi_sta_company	fi_sta.FiStaCompanySearchResult	fi_sta.FiStaCompany
edge:declared:fi_sta.FiStaContractDocument:participant	fi_sta.FiStaContractDocument	fi_sta.FiStaParticipant
edge:declared:fi_sta.FiStaContractDocument:stock_transfer_agreement_document	fi_sta.FiStaContractDocument	fi_sta.FiStaStockTransferAgreementDocument
edge:declared:fi_sta.FiStaContractDocument:stock_transfer_notice_poa_document	fi_sta.FiStaContractDocument	fi_sta.FiStaStockTransferNoticePoaDocument
edge:declared:fi_sta.FiStaContractDocument:stock_unissued_confirmation_poa_document	fi_sta.FiStaContractDocument	fi_sta.FiStaStockUnissuedConfirmationPoaDocument
edge:declared:fi_sta.FiStaManagement:fi_sta_company	fi_sta.FiStaManagement	fi_sta.FiStaCompany
edge:declared:fi_sta.FiStaParticipant:fi_sta_user	fi_sta.FiStaParticipant	fi_sta.FiStaUser
edge:declared:fi_sta.FiStaStockTransferAgreementDocument:starter	fi_sta.FiStaStockTransferAgreementDocument	fi_sta.FiStaParticipant
edge:declared:fi_sta.FiStaStockTransferNoticePoaDocument:signer	fi_sta.FiStaStockTransferNoticePoaDocument	fi_sta.FiStaParticipant
edge:declared:fi_sta.FiStaStockUnissuedConfirmationPoaDocument:signer	fi_sta.FiStaStockUnissuedConfirmationPoaDocument	fi_sta.FiStaParticipant
edge:declared:fi_sta.FiStaTransferStock:stock_transfer_agreement_document	fi_sta.FiStaTransferStock	fi_sta.FiStaStockTransferAgreementDocument
edge:declared:fi_sta.FiStaUser:fi_sta_management	fi_sta.FiStaUser	fi_sta.FiStaManagement
edge:declared:vertex_ai.VertexAiPredictionResult:request	vertex_ai.VertexAiPredictionResult	vertex_ai.VertexAiPredictionRequest
edge:inheritance:db.AgendaBonusIssueNewIssueBalanceCertificateFile->db.FileAttachment	db.AgendaBonusIssueNewIssueBalanceCertificateFile	db.FileAttachment
edge:inheritance:db.AgendaBonusIssueNewIssueMinutesFile->db.FileAttachment	db.AgendaBonusIssueNewIssueMinutesFile	db.FileAttachment
edge:inheritance:db.Announcement->db.QuestionThread	db.Announcement	db.QuestionThread
edge:inheritance:db.BeforeunloadPdfEvent->db.PdfEvent	db.BeforeunloadPdfEvent	db.PdfEvent
edge:inheritance:db.BranchAbolitionEvent->db.Event	db.BranchAbolitionEvent	db.Event
edge:inheritance:db.BranchInstallationEvent->db.Event	db.BranchInstallationEvent	db.Event
edge:inheritance:db.BulkEmailCommonAttachment->db.FileAttachment	db.BulkEmailCommonAttachment	db.FileAttachment
edge:inheritance:db.BulkEmailRecipientAttachment->db.FileAttachment	db.BulkEmailRecipientAttachment	db.FileAttachment
edge:inheritance:db.CmeBulkEmail->db.BulkEmail	db.CmeBulkEmail	db.BulkEmail
edge:inheritance:db.CmeBulkEmailTemplate->db.BulkEmailTemplate	db.CmeBulkEmailTemplate	db.BulkEmailTemplate
edge:inheritance:db.CompanyBulkEmailTemplate->db.BulkEmailTemplate	db.CompanyBulkEmailTemplate	db.BulkEmailTemplate
edge:inheritance:db.CompanyDocumentDelivery->db.DocumentDelivery	db.CompanyDocumentDelivery	db.DocumentDelivery
edge:inheritance:db.CompanyEndorsementFeed->db.CompanyFeed	db.CompanyEndorsementFeed	db.CompanyFeed
edge:inheritance:db.CompanyFeed->db.Feed	db.CompanyFeed	db.Feed
edge:inheritance:db.CompanyIrClosingFeed->db.CompanyFeed	db.CompanyIrClosingFeed	db.CompanyFeed
edge:inheritance:db.CompanyIrNewCommitFeed->db.CompanyFeed	db.CompanyIrNewCommitFeed	db.CompanyFeed
edge:inheritance:db.CompanyIrOpenFeed->db.CompanyFeed	db.CompanyIrOpenFeed	db.CompanyFeed
edge:inheritance:db.CompanyNewsFeed->db.CompanyFeed	db.CompanyNewsFeed	db.CompanyFeed
edge:inheritance:db.CompanyOwnerAuditLog->db.AuditLog	db.CompanyOwnerAuditLog	db.AuditLog
edge:inheritance:db.CompanyPaymentLink->db.PaymentLink	db.CompanyPaymentLink	db.PaymentLink
edge:inheritance:db.CompanyQuestionThread->db.QuestionThread	db.CompanyQuestionThread	db.QuestionThread
edge:inheritance:db.ConsentFormModusignDocument->db.ModusignDocument	db.ConsentFormModusignDocument	db.ModusignDocument
edge:inheritance:db.ConsentFormModusignEmbeddedDraft->db.ModusignEmbeddedDraft	db.ConsentFormModusignEmbeddedDraft	db.ModusignEmbeddedDraft
edge:inheritance:db.ConsentFormOptionItem->db.ConsentFormItem	db.ConsentFormOptionItem	db.ConsentFormItem
edge:inheritance:db.CustomOptionGrantContractTemplate->db.OptionGrantContractTemplate	db.CustomOptionGrantContractTemplate	db.OptionGrantContractTemplate
edge:inheritance:db.CustomOptionGrantContractTemplateRevision->db.OptionGrantContractTemplateRevision	db.CustomOptionGrantContractTemplateRevision	db.OptionGrantContractTemplateRevision
edge:inheritance:db.Director->db.Stakeholder	db.Director	db.Stakeholder
edge:inheritance:db.DirectorsMeetingNoticeEmail->db.BulkEmail	db.DirectorsMeetingNoticeEmail	db.BulkEmail
edge:inheritance:db.DocumentLoadedPdfEvent->db.PdfEvent	db.DocumentLoadedPdfEvent	db.PdfEvent
edge:inheritance:db.ESOPParticipant->db.Employee	db.ESOPParticipant	db.Employee
edge:inheritance:db.Employee->db.Stakeholder	db.Employee	db.Stakeholder
edge:inheritance:db.EmployeeOptionExerciseManagementEmail->db.BulkEmail	db.EmployeeOptionExerciseManagementEmail	db.BulkEmail
edge:inheritance:db.EmployeeOptionGrantee->db.Employee	db.EmployeeOptionGrantee	db.Employee
edge:inheritance:db.EmployeeStockGuideEmail->db.BulkEmail	db.EmployeeStockGuideEmail	db.BulkEmail
edge:inheritance:db.ExpertClientSignupChannel->db.SignupChannel	db.ExpertClientSignupChannel	db.SignupChannel
edge:inheritance:db.HrmAlpUsagePlan->db.HrmApprovable	db.HrmAlpUsagePlan	db.HrmApprovable
edge:inheritance:db.HrmAnnualLeave->db.HrmLeaveBase	db.HrmAnnualLeave	db.HrmLeaveBase
edge:inheritance:db.HrmAnnualLeaveFiscalBasedConfig->db.HrmAnnualLeaveConfigBase	db.HrmAnnualLeaveFiscalBasedConfig	db.HrmAnnualLeaveConfigBase
edge:inheritance:db.HrmAnnualLeaveHireBasedConfig->db.HrmAnnualLeaveConfigBase	db.HrmAnnualLeaveHireBasedConfig	db.HrmAnnualLeaveConfigBase
edge:inheritance:db.HrmAttendance->db.HrmApprovable	db.HrmAttendance	db.HrmApprovable
edge:inheritance:db.HrmDeptAbolishedEvent->db.HrmDeptStatusEventBase	db.HrmDeptAbolishedEvent	db.HrmDeptStatusEventBase
edge:inheritance:db.HrmDeptCreatedEvent->db.HrmDeptStatusEventBase	db.HrmDeptCreatedEvent	db.HrmDeptStatusEventBase
edge:inheritance:db.HrmDeptNameChangedEvent->db.HrmDeptNameEventBase	db.HrmDeptNameChangedEvent	db.HrmDeptNameEventBase
edge:inheritance:db.HrmDeptNameEventBase->db.HrmDeptEventBase	db.HrmDeptNameEventBase	db.HrmDeptEventBase
edge:inheritance:db.HrmDeptParentChangedEvent->db.HrmDeptParentEventBase	db.HrmDeptParentChangedEvent	db.HrmDeptParentEventBase
edge:inheritance:db.HrmDeptParentEventBase->db.HrmDeptEventBase	db.HrmDeptParentEventBase	db.HrmDeptEventBase
edge:inheritance:db.HrmDeptStatusEventBase->db.HrmDeptEventBase	db.HrmDeptStatusEventBase	db.HrmDeptEventBase
edge:inheritance:db.HrmDocument->db.HrmApprovable	db.HrmDocument	db.HrmApprovable
edge:inheritance:db.HrmEmpAbsenceEvent->db.HrmEmpStatusEventBase	db.HrmEmpAbsenceEvent	db.HrmEmpStatusEventBase
edge:inheritance:db.HrmEmpAffiliationChangedEvent->db.HrmEmpAffiliationEventBase	db.HrmEmpAffiliationChangedEvent	db.HrmEmpAffiliationEventBase
edge:inheritance:db.HrmEmpAffiliationEventBase->db.HrmEmpEventBase	db.HrmEmpAffiliationEventBase	db.HrmEmpEventBase
edge:inheritance:db.HrmEmpContractModusignDocument->db.ModusignDocument	db.HrmEmpContractModusignDocument	db.ModusignDocument
edge:inheritance:db.HrmEmpDepartedEvent->db.HrmEmpStatusEventBase	db.HrmEmpDepartedEvent	db.HrmEmpStatusEventBase
edge:inheritance:db.HrmEmpEmploymentTypeChangedEvent->db.HrmEmpEmploymentTypeEventBase	db.HrmEmpEmploymentTypeChangedEvent	db.HrmEmpEmploymentTypeEventBase
edge:inheritance:db.HrmEmpEmploymentTypeEventBase->db.HrmEmpEventBase	db.HrmEmpEmploymentTypeEventBase	db.HrmEmpEventBase
edge:inheritance:db.HrmEmpJobChangedEvent->db.HrmEmpJobEventBase	db.HrmEmpJobChangedEvent	db.HrmEmpJobEventBase
edge:inheritance:db.HrmEmpJobEventBase->db.HrmEmpEventBase	db.HrmEmpJobEventBase	db.HrmEmpEventBase
edge:inheritance:db.HrmEmpJoinedEvent->db.HrmEmpStatusEventBase	db.HrmEmpJoinedEvent	db.HrmEmpStatusEventBase
edge:inheritance:db.HrmEmpReturnToWorkEvent->db.HrmEmpStatusEventBase	db.HrmEmpReturnToWorkEvent	db.HrmEmpStatusEventBase
edge:inheritance:db.HrmEmpStatusEventBase->db.HrmEmpEventBase	db.HrmEmpStatusEventBase	db.HrmEmpEventBase
edge:inheritance:db.HrmFixedWork->db.HrmWorkBase	db.HrmFixedWork	db.HrmWorkBase
edge:inheritance:db.HrmGrantableLeave->db.HrmLeaveBase	db.HrmGrantableLeave	db.HrmLeaveBase
edge:inheritance:db.HrmLeaveUsage->db.HrmApprovable	db.HrmLeaveUsage	db.HrmApprovable
edge:inheritance:db.HrmStaggeredWork->db.HrmWorkBase	db.HrmStaggeredWork	db.HrmWorkBase
edge:inheritance:db.IBKSignupChannel->db.SignupChannel	db.IBKSignupChannel	db.SignupChannel
edge:inheritance:db.IaConsentFormOrMeetingElectronicSignatureRequestModusignDocument->db.ModusignDocument	db.IaConsentFormOrMeetingElectronicSignatureRequestModusignDocument	db.ModusignDocument
edge:inheritance:db.IaConsentFormOrMeetingElectronicSignatureRequestModusignEmbeddedDraft->db.ModusignEmbeddedDraft	db.IaConsentFormOrMeetingElectronicSignatureRequestModusignEmbeddedDraft	db.ModusignEmbeddedDraft
edge:inheritance:db.IaConsentFormOrMeetingElectronicSignatureRequiredDocument->db.InvestmentAssociationDocument	db.IaConsentFormOrMeetingElectronicSignatureRequiredDocument	db.InvestmentAssociationDocument
edge:inheritance:db.IaExpertPartnerBulkEmailTemplate->db.BulkEmailTemplate	db.IaExpertPartnerBulkEmailTemplate	db.BulkEmailTemplate
edge:inheritance:db.IaExplanationFormForElectronicSignatureDocument->db.InvestmentAssociationDocument	db.IaExplanationFormForElectronicSignatureDocument	db.InvestmentAssociationDocument
edge:inheritance:db.IaGpAppointmentEvent->db.InvestmentAssociationEvent	db.IaGpAppointmentEvent	db.InvestmentAssociationEvent
edge:inheritance:db.IaGpTerminationEvent->db.InvestmentAssociationEvent	db.IaGpTerminationEvent	db.InvestmentAssociationEvent
edge:inheritance:db.IaMeetingAgendaCustom->db.IaMeetingAgenda	db.IaMeetingAgendaCustom	db.IaMeetingAgenda
edge:inheritance:db.IaMeetingMinutesDocument->db.InvestmentAssociationDocument	db.IaMeetingMinutesDocument	db.InvestmentAssociationDocument
edge:inheritance:db.IaMeetingNoticeDocument->db.InvestmentAssociationDocument	db.IaMeetingNoticeDocument	db.InvestmentAssociationDocument
edge:inheritance:db.IaMeetingSealedNoticeDocumentFile->db.FileAttachment	db.IaMeetingSealedNoticeDocumentFile	db.FileAttachment
edge:inheritance:db.IaModusignDocumentUsageHistory->db.BaseModusignDocumentUsageHistory	db.IaModusignDocumentUsageHistory	db.BaseModusignDocumentUsageHistory
edge:inheritance:db.IaOwnerAuditLog->db.AuditLog	db.IaOwnerAuditLog	db.AuditLog
edge:inheritance:db.IaPartnerListDocument->db.InvestmentAssociationDocument	db.IaPartnerListDocument	db.InvestmentAssociationDocument
edge:inheritance:db.IaPaymentLink->db.PaymentLink	db.IaPaymentLink	db.PaymentLink
edge:inheritance:db.IaPfCompanyInvestmentSalesIntent->db.SalesIntent	db.IaPfCompanyInvestmentSalesIntent	db.SalesIntent
edge:inheritance:db.IaQuestionThread->db.QuestionThread	db.IaQuestionThread	db.QuestionThread
edge:inheritance:db.IaRuleDocument->db.InvestmentAssociationDocument	db.IaRuleDocument	db.InvestmentAssociationDocument
edge:inheritance:db.IaSealStampImage->db.FileAttachment	db.IaSealStampImage	db.FileAttachment
edge:inheritance:db.ImAcVcBroker->db.ImZuzuBroker	db.ImAcVcBroker	db.ImZuzuBroker
edge:inheritance:db.ImIndividualGpBroker->db.ImZuzuBroker	db.ImIndividualGpBroker	db.ImZuzuBroker
edge:inheritance:db.ImInvestorBroker->db.ImBroker	db.ImInvestorBroker	db.ImBroker
edge:inheritance:db.ImIrPartnerBroker->db.ImBroker	db.ImIrPartnerBroker	db.ImBroker
edge:inheritance:db.ImPitchingDay->db.ImDay	db.ImPitchingDay	db.ImDay
edge:inheritance:db.ImPitchingDayParticipation->db.ImDayParticipation	db.ImPitchingDayParticipation	db.ImDayParticipation
edge:inheritance:db.ImZuzuBroker->db.ImBroker	db.ImZuzuBroker	db.ImBroker
edge:inheritance:db.IncorporationRequestAssistanceReceipt->db.FileAttachment	db.IncorporationRequestAssistanceReceipt	db.FileAttachment
edge:inheritance:db.IndividualStakeholder->db.Stakeholder	db.IndividualStakeholder	db.Stakeholder
edge:inheritance:db.IndividualStockOptionCancelEvent->db.IndividualInvestorEvent	db.IndividualStockOptionCancelEvent	db.IndividualInvestorEvent
edge:inheritance:db.IndividualStockOptionExerciseEvent->db.IndividualInvestorEvent	db.IndividualStockOptionExerciseEvent	db.IndividualInvestorEvent
edge:inheritance:db.IndividualStockOptionGrantEvent->db.IndividualInvestorEvent	db.IndividualStockOptionGrantEvent	db.IndividualInvestorEvent
edge:inheritance:db.IndividualStockOptionPauseEvent->db.IndividualInvestorEvent	db.IndividualStockOptionPauseEvent	db.IndividualInvestorEvent
edge:inheritance:db.IndividualStockOptionResumeEvent->db.IndividualInvestorEvent	db.IndividualStockOptionResumeEvent	db.IndividualInvestorEvent
edge:inheritance:db.IndividualStockOptionSalesIntent->db.SalesIntent	db.IndividualStockOptionSalesIntent	db.SalesIntent
edge:inheritance:db.InputSignupChannel->db.SignupChannel	db.InputSignupChannel	db.SignupChannel
edge:inheritance:db.InstitutionStakeholder->db.Stakeholder	db.InstitutionStakeholder	db.Stakeholder
edge:inheritance:db.InvestmentAssociationAssociationPartner->db.InvestmentAssociationOrganizationPartner	db.InvestmentAssociationAssociationPartner	db.InvestmentAssociationOrganizationPartner
edge:inheritance:db.InvestmentAssociationCorporationPartner->db.InvestmentAssociationOrganizationPartner	db.InvestmentAssociationCorporationPartner	db.InvestmentAssociationOrganizationPartner
edge:inheritance:db.InvestmentAssociationOrganizationPartner->db.InvestmentAssociationPartner	db.InvestmentAssociationOrganizationPartner	db.InvestmentAssociationPartner
edge:inheritance:db.InvestmentAssociationOrganizationPartnerCorporationSigner->db.InvestmentAssociationOrganizationPartnerSigner	db.InvestmentAssociationOrganizationPartnerCorporationSigner	db.InvestmentAssociationOrganizationPartnerSigner
edge:inheritance:db.InvestmentAssociationOrganizationPartnerIndividualSigner->db.InvestmentAssociationOrganizationPartnerSigner	db.InvestmentAssociationOrganizationPartnerIndividualSigner	db.InvestmentAssociationOrganizationPartnerSigner
edge:inheritance:db.InvestmentAssociationPartnerSalesIntent->db.SalesIntent	db.InvestmentAssociationPartnerSalesIntent	db.SalesIntent
edge:inheritance:db.InvestmentContractHolder->db.Stakeholder	db.InvestmentContractHolder	db.Stakeholder
edge:inheritance:db.InvestorRelations->db.InvestorMatching	db.InvestorRelations	db.InvestorMatching
edge:inheritance:db.IrClosingComplete->db.IrClosing	db.IrClosingComplete	db.IrClosing
edge:inheritance:db.IrClosingExpired->db.IrClosing	db.IrClosingExpired	db.IrClosing
edge:inheritance:db.IrClosingIncomplete->db.IrClosing	db.IrClosingIncomplete	db.IrClosing
edge:inheritance:db.IrConsultingRequest->db.ImConsultingRequest	db.IrConsultingRequest	db.ImConsultingRequest
edge:inheritance:db.IrFeed->db.Feed	db.IrFeed	db.Feed
edge:inheritance:db.LawtalkSignupAttachment->db.FileAttachment	db.LawtalkSignupAttachment	db.FileAttachment
edge:inheritance:db.LegalPartnerSignupChannel->db.SignupChannel	db.LegalPartnerSignupChannel	db.SignupChannel
edge:inheritance:db.ManualOptionVesting->db.OptionVesting	db.ManualOptionVesting	db.OptionVesting
edge:inheritance:db.ManualProduct->db.Product	db.ManualProduct	db.Product
edge:inheritance:db.MeetingAttachment->db.FileAttachment	db.MeetingAttachment	db.FileAttachment
edge:inheritance:db.Mna->db.InvestorMatching	db.Mna	db.InvestorMatching
edge:inheritance:db.MnaConsultingRequest->db.ImConsultingRequest	db.MnaConsultingRequest	db.ImConsultingRequest
edge:inheritance:db.NcpSignupChannel->db.SignupChannel	db.NcpSignupChannel	db.SignupChannel
edge:inheritance:db.NewIssueNoticeEmail->db.BulkEmail	db.NewIssueNoticeEmail	db.BulkEmail
edge:inheritance:db.NewIssueStockAllocationRecordDateNoticeDocument->db.MeetingDocument	db.NewIssueStockAllocationRecordDateNoticeDocument	db.MeetingDocument
edge:inheritance:db.NonUnifiedShareManagementSalesIntent->db.SalesIntent	db.NonUnifiedShareManagementSalesIntent	db.SalesIntent
edge:inheritance:db.NonUnifiedShareSucPoaModusignDocument->db.ModusignDocument	db.NonUnifiedShareSucPoaModusignDocument	db.ModusignDocument
edge:inheritance:db.OptionExerciseClaimAttachment->db.FileAttachment	db.OptionExerciseClaimAttachment	db.FileAttachment
edge:inheritance:db.OptionExerciseClaimMeetingDocument->db.MeetingDocument	db.OptionExerciseClaimMeetingDocument	db.MeetingDocument
edge:inheritance:db.OptionExerciseManagementEmail->db.BulkEmail	db.OptionExerciseManagementEmail	db.BulkEmail
edge:inheritance:db.OptionGrantContractCeo->db.OptionGrantContractStakeholder	db.OptionGrantContractCeo	db.OptionGrantContractStakeholder
edge:inheritance:db.OptionGrantContractFirstRefusalRightHolder->db.OptionGrantContractStakeholder	db.OptionGrantContractFirstRefusalRightHolder	db.OptionGrantContractStakeholder
edge:inheritance:db.OptionGrantContractModusignDocument->db.ModusignDocument	db.OptionGrantContractModusignDocument	db.ModusignDocument
edge:inheritance:db.OptionGrantContractModusignEmbeddedDraft->db.ModusignEmbeddedDraft	db.OptionGrantContractModusignEmbeddedDraft	db.ModusignEmbeddedDraft
edge:inheritance:db.OptionGrantEvent->db.Event	db.OptionGrantEvent	db.Event
edge:inheritance:db.OptionGrantee->db.Stakeholder	db.OptionGrantee	db.Stakeholder
edge:inheritance:db.OtherDocumentArchiveAttachment->db.FileAttachment	db.OtherDocumentArchiveAttachment	db.FileAttachment
edge:inheritance:db.PageNumberUpdatedPdfEvent->db.PdfEvent	db.PageNumberUpdatedPdfEvent	db.PdfEvent
edge:inheritance:db.PayrollStatementEmail->db.BulkEmail	db.PayrollStatementEmail	db.BulkEmail
edge:inheritance:db.PerformanceRsuVestingItem->db.RsuVestingItem	db.PerformanceRsuVestingItem	db.RsuVestingItem
edge:inheritance:db.PeriodPhantomStockVestingItem->db.PhantomStockVestingItem	db.PeriodPhantomStockVestingItem	db.PhantomStockVestingItem
edge:inheritance:db.PeriodRsuVestingItem->db.RsuVestingItem	db.PeriodRsuVestingItem	db.RsuVestingItem
edge:inheritance:db.PeriodicOptionVesting->db.OptionVesting	db.PeriodicOptionVesting	db.OptionVesting
edge:inheritance:db.PhantomStockGrantee->db.Stakeholder	db.PhantomStockGrantee	db.Stakeholder
edge:inheritance:db.PhantomStockPauseEvent->db.Event	db.PhantomStockPauseEvent	db.Event
edge:inheritance:db.PhantomStockResumeEvent->db.Event	db.PhantomStockResumeEvent	db.Event
edge:inheritance:db.PingpongDeliveryAddress->db.Address	db.PingpongDeliveryAddress	db.Address
edge:inheritance:db.QuarterlyReportRequestAttachment->db.FileAttachment	db.QuarterlyReportRequestAttachment	db.FileAttachment
edge:inheritance:db.QuarterlyReportSignupChannel->db.SignupChannel	db.QuarterlyReportSignupChannel	db.SignupChannel
edge:inheritance:db.QuestionMessageAttachment->db.FileAttachment	db.QuestionMessageAttachment	db.FileAttachment
edge:inheritance:db.RegistrationAssistanceReceipt->db.FileAttachment	db.RegistrationAssistanceReceipt	db.FileAttachment
edge:inheritance:db.RegistrationFormCaptableDocument->db.MeetingDocument	db.RegistrationFormCaptableDocument	db.MeetingDocument
edge:inheritance:db.RegularProduct->db.Product	db.RegularProduct	db.Product
edge:inheritance:db.RsuExerciseEvent->db.Event	db.RsuExerciseEvent	db.Event
edge:inheritance:db.RsuExerciseManagementEmail->db.BulkEmail	db.RsuExerciseManagementEmail	db.BulkEmail
edge:inheritance:db.RsuGrantContractModusignDocument->db.ModusignDocument	db.RsuGrantContractModusignDocument	db.ModusignDocument
edge:inheritance:db.RsuGrantee->db.Stakeholder	db.RsuGrantee	db.Stakeholder
edge:inheritance:db.RsuPauseEvent->db.Event	db.RsuPauseEvent	db.Event
edge:inheritance:db.RsuResumeEvent->db.Event	db.RsuResumeEvent	db.Event
edge:inheritance:db.RtccEmail->db.BulkEmail	db.RtccEmail	db.BulkEmail
edge:inheritance:db.RtccInvestorFile->db.FileAttachment	db.RtccInvestorFile	db.FileAttachment
edge:inheritance:db.SafeCreateEvent->db.Event	db.SafeCreateEvent	db.Event
edge:inheritance:db.SealStampImage->db.FileAttachment	db.SealStampImage	db.FileAttachment
edge:inheritance:db.Shareholder->db.Stakeholder	db.Shareholder	db.Stakeholder
edge:inheritance:db.ShareholdersAgreementModusignDocument->db.ModusignDocument	db.ShareholdersAgreementModusignDocument	db.ModusignDocument
edge:inheritance:db.ShareholdersAgreementModusignEmbeddedDraft->db.ModusignEmbeddedDraft	db.ShareholdersAgreementModusignEmbeddedDraft	db.ModusignEmbeddedDraft
edge:inheritance:db.ShareholdersMeetingConvocationNoticeEmail->db.BulkEmail	db.ShareholdersMeetingConvocationNoticeEmail	db.BulkEmail
edge:inheritance:db.ShareholdersMeetingConvocationNoticeEmailAttachment->db.FileAttachment	db.ShareholdersMeetingConvocationNoticeEmailAttachment	db.FileAttachment
edge:inheritance:db.ShareholdersMeetingConvocationNoticeWrittenRecipient->db.ShareholdersMeetingConvocationNoticeRecipient	db.ShareholdersMeetingConvocationNoticeWrittenRecipient	db.ShareholdersMeetingConvocationNoticeRecipient
edge:inheritance:db.StockTransferAgreementModusignDocument->db.ModusignDocument	db.StockTransferAgreementModusignDocument	db.ModusignDocument
edge:inheritance:db.StockTransferAgreementModusignEmbeddedDraft->db.ModusignEmbeddedDraft	db.StockTransferAgreementModusignEmbeddedDraft	db.ModusignEmbeddedDraft
edge:inheritance:db.SubscriptionModusignDocumentUsageHistory->db.BaseModusignDocumentUsageHistory	db.SubscriptionModusignDocumentUsageHistory	db.BaseModusignDocumentUsageHistory
edge:inheritance:db.UserProfileImage->db.FileAttachment	db.UserProfileImage	db.FileAttachment
edge:inheritance:db.VentureCapitalPaymentLink->db.PaymentLink	db.VentureCapitalPaymentLink	db.PaymentLink
edge:inheritance:db.Whitepaper->db.MembershipContent	db.Whitepaper	db.MembershipContent
edge:inheritance:db.YetsAssistanceCreatorUser->db.YetsAssistanceCreator	db.YetsAssistanceCreatorUser	db.YetsAssistanceCreator
edge:inheritance:db.YetsAssistanceCreatorYetsEmployee->db.YetsAssistanceCreator	db.YetsAssistanceCreatorYetsEmployee	db.YetsAssistanceCreator
edge:inheritance:db.YetsAssistanceMessageFile->db.FileAttachment	db.YetsAssistanceMessageFile	db.FileAttachment
edge:inheritance:db.YetsEmail->db.BulkEmail	db.YetsEmail	db.BulkEmail
edge:inheritance:db.YetsEmployeeFile->db.FileAttachment	db.YetsEmployeeFile	db.FileAttachment
edge:inheritance:db.YetsEmployeeResultWhtReceipt->db.FileAttachment	db.YetsEmployeeResultWhtReceipt	db.FileAttachment
edge:inheritance:db.ZuzuOptionGrantContractTemplate->db.OptionGrantContractTemplate	db.ZuzuOptionGrantContractTemplate	db.OptionGrantContractTemplate
edge:inheritance:db.ZuzuOptionGrantContractTemplateRevision->db.OptionGrantContractTemplateRevision	db.ZuzuOptionGrantContractTemplateRevision	db.OptionGrantContractTemplateRevision
edge:declared:db.AgendaOptionCancelOptionDistribution:option	db.AgendaOptionCancelOptionDistribution	db.AgendaOptionCancelOption
edge:declared:db.BulkEmail:sender_mail_integration	db.BulkEmail	db.UserMailIntegration
edge:declared:db.Company:sso_configuration	db.Company	db.CompanySsoConfiguration
edge:declared:db.CompanyDocumentAIAnalysis:file	db.CompanyDocumentAIAnalysis	db.FileAttachment
edge:declared:db.CompanySsoEmailDomain:configuration	db.CompanySsoEmailDomain	db.CompanySsoConfiguration
edge:declared:db.CompanySsoIdentity:configuration	db.CompanySsoIdentity	db.CompanySsoConfiguration
edge:declared:db.HrmAttendanceLocation:attendance_item	db.HrmAttendanceLocation	db.HrmAttendanceItem
edge:declared:db.HrmAttendanceLocation:ongoing_attendance	db.HrmAttendanceLocation	db.HrmOngoingAttendance
edge:declared:db.HrmAttendanceLocation:personal_location	db.HrmAttendanceLocation	db.HrmPersonalLocation
edge:declared:db.HrmAttendanceLocation:work_location	db.HrmAttendanceLocation	db.HrmWorkLocation
edge:declared:db.HrmSelectiveWorkPlanConfig:selective_work	db.HrmSelectiveWorkPlanConfig	db.HrmSelectiveWork
edge:declared:db.HrmSelectiveWorkPlanItem:plan	db.HrmSelectiveWorkPlanItem	db.HrmSelectiveWorkPlan
edge:declared:db.HrmSelectiveWorkSchedule:selective_work	db.HrmSelectiveWorkSchedule	db.HrmSelectiveWork
edge:declared:db.HrmSelectiveWorkSettlementConfig:selective_work	db.HrmSelectiveWorkSettlementConfig	db.HrmSelectiveWork
edge:declared:db.HrmSlackChannelConfig:integration	db.HrmSlackChannelConfig	db.HrmSlackIntegration
edge:declared:db.HrmSlackIntegration:hrm	db.HrmSlackIntegration	db.Hrm
edge:declared:db.IaPartnerWithdrawalEvent:partner	db.IaPartnerWithdrawalEvent	db.InvestmentAssociationPartner
edge:declared:db.IncorporationRequestPromoterCustodian:address	db.IncorporationRequestPromoterCustodian	db.Address
edge:declared:db.OptionExerciseManagementCommonSetting:management	db.OptionExerciseManagementCommonSetting	db.OptionExerciseManagement
edge:declared:db.OptionExerciseManagementPaymentBankSetting:company	db.OptionExerciseManagementPaymentBankSetting	db.Company
edge:declared:db.RsuRsaSealedContractFile:grant_contract	db.RsuRsaSealedContractFile	db.RsuGrantContract
edge:declared:db.RtccConsentSummary:source_result	db.RtccConsentSummary	db.RtccSummaryAnalysisResult
edge:declared:db.RtccSummaryAnalysisRequestDocument:request	db.RtccSummaryAnalysisRequestDocument	db.RtccSummaryAnalysisRequest
edge:declared:db.RtccSummaryAnalysisResult:request	db.RtccSummaryAnalysisResult	db.RtccSummaryAnalysisRequest
edge:declared:db.RtccSummaryAnalysisResultDocument:result	db.RtccSummaryAnalysisResultDocument	db.RtccSummaryAnalysisResult
edge:inheritance:db.HrmAttendanceLocation->db.HrmApprovable	db.HrmAttendanceLocation	db.HrmApprovable
edge:inheritance:db.HrmPersonalLocation->db.HrmApprovable	db.HrmPersonalLocation	db.HrmApprovable
edge:inheritance:db.HrmSelectiveWork->db.HrmWorkBase	db.HrmSelectiveWork	db.HrmWorkBase
edge:inheritance:db.HrmSelectiveWorkPlan->db.HrmApprovable	db.HrmSelectiveWorkPlan	db.HrmApprovable
edge:inheritance:db.RsaForfeitEvent->db.Event	db.RsaForfeitEvent	db.Event
edge:inheritance:db.RsaVestConfirmEvent->db.Event	db.RsaVestConfirmEvent	db.Event
leaf-connection:["db.MeetingDraft","leaf-card:29"]	leaf-card:29	db.MeetingDraft
leaf-connection:["db.RegistrationAgenda","leaf-card:43"]	db.RegistrationAgenda	leaf-card:43
leaf-connection:["db.DirectorsMeetingAgenda","leaf-card:32"]	db.DirectorsMeetingAgenda	leaf-card:32
leaf-connection:["db.ShareholdersMeetingAgenda","leaf-card:31"]	db.ShareholdersMeetingAgenda	leaf-card:31
leaf-connection:["db.Company","leaf-card:9"]	leaf-card:9	db.Company
leaf-connection:["db.CompanyPromotionPrizeType","leaf-card:0"]	leaf-card:0	db.CompanyPromotionPrizeType
leaf-connection:["db.AgendaNewIssue","leaf-card:21"]	leaf-card:21	db.AgendaNewIssue
leaf-connection:["db.BranchInstallationEvent","leaf-card:13"]	leaf-card:13	db.BranchInstallationEvent
leaf-connection:["db.BulkEmailRecipientAttachment","leaf-card:14"]	db.BulkEmailRecipientAttachment	leaf-card:14
leaf-connection:["db.VentureBusinessCertificationExpirationNotificationLog","leaf-card:42"]	db.VentureBusinessCertificationExpirationNotificationLog	leaf-card:42
leaf-connection:["db.Event","leaf-card:46"]	leaf-card:46	db.Event
leaf-connection:["db.VentureCapital","leaf-card:39"]	leaf-card:39	db.VentureCapital
leaf-connection:["db.ArticlesOfIncorporation","leaf-card:36"]	leaf-card:36	db.ArticlesOfIncorporation
leaf-connection:["db.AgendaNewIssueItem","leaf-card:22"]	leaf-card:22	db.AgendaNewIssueItem
leaf-connection:["db.DirectorsMeetingDirectorAttendance","leaf-card:48"]	leaf-card:48	db.DirectorsMeetingDirectorAttendance
leaf-connection:["db.Employee","leaf-card:15"]	leaf-card:15	db.Employee
leaf-connection:["db.SealCardReturnStatusHistory","leaf-card:16"]	leaf-card:16	db.SealCardReturnStatusHistory
leaf-connection:["db.HrmEmpStatusEventBase","leaf-card:20"]	leaf-card:20	db.HrmEmpStatusEventBase
leaf-connection:["db.Hrm","leaf-card:5"]	leaf-card:5	db.Hrm
leaf-connection:["db.HrmEmpJob","leaf-card:19"]	db.HrmEmpJob	leaf-card:19
leaf-connection:["db.HrmLeaveBase","leaf-card:6"]	leaf-card:6	db.HrmLeaveBase
leaf-connection:["db.IaConsentForm","leaf-card:25"]	leaf-card:25	db.IaConsentForm
leaf-connection:["db.IaSealStampImage","leaf-card:24"]	db.IaSealStampImage	leaf-card:24
leaf-connection:["db.IaUserInvitation","leaf-card:23"]	db.IaUserInvitation	leaf-card:23
leaf-connection:["db.IaPartnerDataCollection","leaf-card:10"]	leaf-card:10	db.IaPartnerDataCollection
leaf-connection:["db.InvestmentAssociationIndividualPartnerLegalRepresentative","leaf-card:26"]	db.InvestmentAssociationIndividualPartnerLegalRepresentative	leaf-card:26
leaf-connection:["db.ImContactRequestIntention","leaf-card:28"]	db.ImContactRequestIntention	leaf-card:28
leaf-connection:["db.InvestorMatching","leaf-card:27"]	leaf-card:27	db.InvestorMatching
leaf-connection:["db.AgendaDirectorChange","leaf-card:45"]	leaf-card:45	db.AgendaDirectorChange
leaf-connection:["db.IncorporationRequest","leaf-card:33"]	leaf-card:33	db.IncorporationRequest
leaf-connection:["db.IncorporationRequestPromoterCustodian","leaf-card:11"]	db.IncorporationRequestPromoterCustodian	leaf-card:11
leaf-connection:["db.IndividualInvestorCompanyCeo","leaf-card:12"]	db.IndividualInvestorCompanyCeo	leaf-card:12
leaf-connection:["db.IndividualInvestorCompany","leaf-card:34"]	leaf-card:34	db.IndividualInvestorCompany
leaf-connection:["db.IrAlertInvestorRelations","leaf-card:47"]	db.IrAlertInvestorRelations	leaf-card:47
leaf-connection:["db.InvestorRelations","leaf-card:4"]	leaf-card:4	db.InvestorRelations
leaf-connection:["db.Stakeholder","leaf-card:35"]	leaf-card:35	db.Stakeholder
leaf-connection:["db.LegalPartner","leaf-card:3"]	leaf-card:3	db.LegalPartner
leaf-connection:["db.MeetingDocument","leaf-card:7"]	leaf-card:7	db.MeetingDocument
leaf-connection:["db.MembershipContent","leaf-card:2"]	leaf-card:2	db.MembershipContent
leaf-connection:["db.Event","leaf-card:8"]	leaf-card:8	db.Event
leaf-connection:["db.PhantomStockVestingItem","leaf-card:41"]	leaf-card:41	db.PhantomStockVestingItem
leaf-connection:["db.QuestionThreadMessage","leaf-card:1"]	leaf-card:1	db.QuestionThreadMessage
leaf-connection:["db.AgendaHeadOfficeRelocation","leaf-card:17"]	leaf-card:17	db.AgendaHeadOfficeRelocation
leaf-connection:["db.RsuVestingItem","leaf-card:40"]	leaf-card:40	db.RsuVestingItem
leaf-connection:["db.SecondaryDeal","leaf-card:18"]	db.SecondaryDeal	leaf-card:18
leaf-connection:["db.ShareholdersMeetingAgenda","leaf-card:30"]	leaf-card:30	db.ShareholdersMeetingAgenda
leaf-connection:["db.ShareholdersMeetingShareholderAttendance","leaf-card:44"]	leaf-card:44	db.ShareholdersMeetingShareholderAttendance
leaf-connection:["db.Subscription","leaf-card:37"]	db.Subscription	leaf-card:37
leaf-connection:["db.VideoCollection","leaf-card:38"]	leaf-card:38	db.VideoCollection
