edge:declared:db.AgendaBonusIssue:certificate_of_payment_for_the_share_file	17892.71,20145.54 20408.00,18598.15
edge:declared:db.AgendaBonusIssue:meeting_draft	17638.05,20252.73 16613.57,20510.32
edge:declared:db.AgendaBonusIssueNewIssueBalanceCertificateFile:agenda_bonus_issue	18292.84,19854.15 17877.98,20145.54
edge:declared:db.AgendaBonusIssueNewIssueMinutesFile:agenda_bonus_issue	18345.12,20015.36 17910.05,20170.15
edge:declared:db.AgendaBonusIssueSharesToIssue:agenda_bonus_issue	17029.64,19388.25 17708.60,20145.54
edge:declared:db.AgendaBonusIssueSharesToIssue:share_class	16945.63,19314.25 15518.93,18275.96
edge:declared:db.AgendaBorrowCapital:meeting_draft	16741.71,20278.00 16606.87,20405.55
edge:declared:db.AgendaBranchChange:address	17714.75,20013.30 23936.01,18964.80
edge:declared:db.AgendaBranchChange:installation_event	17633.38,19985.20 19044.07,18363.79
edge:declared:db.AgendaBranchChange:meeting_draft	17482.84,20083.20 16613.57,20477.90
edge:declared:db.AgendaCashDividends:meeting_draft	15800.65,20559.15 16293.57,20552.66
edge:declared:db.AgendaCeoAddressChange:meeting_draft	12803.70,22016.99 16293.57,20614.83
edge:declared:db.AgendaCeoAddressChangeItem:agenda_ceo_address_change	12129.74,21465.34 12662.09,22016.99
edge:declared:db.AgendaCeoAddressChangeItem:stakeholder	12056.55,21391.34 10118.18,19478.24
edge:declared:db.AgendaChangeOfAoiClassStock:aoi	19511.59,20566.67 19201.45,20550.02
edge:declared:db.AgendaChangeOfAoiCustom:aoi	19636.83,19743.15 19068.42,20475.17
edge:declared:db.AgendaChangeOfAoiCustom:changed_part	19699.88,19661.15 20432.82,18698.26
edge:declared:db.AgendaChangeOfAoiDirectorCompensationRule:aoi	19674.79,20665.23 19201.45,20575.11
edge:declared:db.AgendaChangeOfAoiNumberOfDirectors:aoi	19271.27,20425.84 19161.97,20475.17
edge:declared:db.AgendaChangeOfAoiThirdPartyAllocation:aoi	19320.65,20777.95 19100.70,20605.17
edge:declared:db.AgendaChangeOfArticlesOfIncorporation:_deprecated_changed_part	19067.83,20475.17 20431.47,18698.26
edge:declared:db.AgendaChangeOfArticlesOfIncorporation:meeting_draft	18834.45,20540.91 16613.57,20549.90
edge:declared:db.AgendaCoCeoSystemChange:meeting_draft	16041.71,21069.29 16338.45,20695.55
edge:declared:db.AgendaCompanyNameChange:meeting_draft	17079.87,20888.01 16613.57,20636.76
edge:declared:db.AgendaCustom:meeting_draft	16097.45,20945.09 16322.69,20695.55
edge:declared:db.AgendaDirectorChange:stakeholder	12531.91,22812.62 10074.80,19478.24
edge:declared:db.AgendaDirectorCompensationItem:director_compensation	11613.35,20316.52 14674.62,21639.69
edge:declared:db.AgendaDirectorCompensationItem:stakeholder	11467.18,20242.52 10125.11,19422.65
edge:declared:db.AgendaDirectorCompensationRule:meeting_draft	16616.36,21105.40 16496.11,20695.55
edge:declared:db.AgendaFinancialStatements:audit_report	17406.78,20148.58 20408.00,18580.53
edge:declared:db.AgendaFinancialStatements:meeting_draft	17193.69,20246.58 16613.57,20484.84
edge:declared:db.AgendaHeadOfficeRelocation:address	18571.78,21520.78 23936.01,19010.91
edge:declared:db.AgendaHeadOfficeRelocation:meeting_draft	18354.66,21520.78 16613.57,20632.21
edge:declared:db.AgendaHeadOfficeRelocationAoiChange:meeting_draft	16956.57,20698.26 16613.57,20597.54
edge:declared:db.AgendaMethodOfGivingPublicNoticeChange:daily_newspaper	17219.54,19937.31 17275.19,15593.67
edge:declared:db.AgendaMethodOfGivingPublicNoticeChange:meeting_draft	17164.17,20019.31 16613.57,20430.93
edge:declared:db.AgendaNewIssue:financial_statements	16249.39,22257.44 20408.00,18646.25
edge:declared:db.AgendaNewIssue:meeting_draft	16165.83,22257.44 16429.13,20695.55
edge:declared:db.AgendaNewIssueItem:new_issue	19514.57,25275.68 16248.96,22427.44
edge:declared:db.AgendaNewIssueItemFromConversion:new_issue_item	19438.67,25782.69 19566.98,25405.68
edge:declared:db.AgendaNewIssueItemFromPayment:new_issue_item	18898.47,25507.96 19459.10,25372.17
edge:declared:db.AgendaNewIssueItemInstitutionMember:institution	21323.54,25962.99 19812.40,24981.96
edge:declared:db.AgendaNewIssueItemInstitutionMemberCeo:member	20141.21,25581.83 21270.87,25962.99
edge:declared:db.AgendaNewIssueItemShareClass:item	18949.91,25216.93 19459.10,25315.51
edge:declared:db.AgendaNewIssueItemShareholder:item	19739.86,24981.96 19616.42,25275.68
edge:declared:db.AgendaNewIssueNewShareClass:new_issue	16550.84,22396.02 16287.50,22360.69
edge:declared:db.AgendaNewOptionsRule:meeting_draft	16747.17,20987.04 16551.10,20695.55
edge:declared:db.AgendaNewOrChangeRsuRule:meeting_draft	17099.85,21093.13 16613.57,20684.88
edge:declared:db.AgendaOptionCancel:meeting_draft	15086.73,20991.61 16293.57,20602.18
edge:declared:db.AgendaOptionCancelGrantee:option_cancel	14300.54,20933.30 14838.73,21013.21
edge:declared:db.AgendaOptionCancelGrantee:option_grantee	14169.36,20873.59 13960.72,19222.92
edge:declared:db.AgendaOptionCancelOption:_deprecated_grantee	14328.51,21018.23 14235.45,20955.59
edge:declared:db.AgendaOptionCancelOption:option_cancel	14513.42,21053.26 14838.73,21037.59
edge:declared:db.AgendaOptionCancelOptionDistribution:option	14258.62,21166.97 14339.64,21100.23
edge:declared:db.AgendaOptionExercise:meeting_draft	13382.89,21776.02 16293.57,20614.40
edge:declared:db.AgendaOptionExerciseClaim:option_exercise	12803.98,21385.53 13209.25,21776.02
edge:declared:db.AgendaOptionExerciseClaim:option_exercise_claim	12745.16,21303.53 11366.61,17828.53
edge:declared:db.AgendaOptionExerciseGrantee:option_exercise	13342.10,21700.02 13292.25,21776.02
edge:declared:db.AgendaOptionExerciseGrantee:option_grantee	13382.13,21610.02 13940.19,19222.92
edge:declared:db.AgendaOptionExerciseGranteeOption:grantee	13175.55,21431.09 13332.21,21610.02
edge:declared:db.AgendaOptionGrant:meeting_draft	15630.89,19744.94 16305.50,20405.55
edge:declared:db.AgendaOptionGrantGrantee:_deprecated_option_grant_event	14736.53,19142.37 14960.70,18532.72
edge:declared:db.AgendaOptionGrantGrantee:option_grant	14801.99,19240.37 15508.28,19654.94
edge:declared:db.AgendaOptionGrantGrantee:option_grantee	14594.51,19187.24 14083.52,19170.24
edge:declared:db.AgendaOptionGrantGrantee:stakeholder	14594.51,19194.75 10125.11,19316.71
edge:declared:db.AgendaPurposeChange:meeting_draft	17740.70,21655.81 16613.57,20687.94
edge:declared:db.AgendaPurposeChangeItem:agenda_purpose_change	17825.18,21811.51 17801.58,21737.81
edge:declared:db.AgendaRsuGrant:meeting_draft	15784.61,20855.45 16293.57,20623.48
edge:declared:db.AgendaRsuGrantGrantee:rsu	13130.22,18080.37 14617.92,15319.59
edge:declared:db.AgendaRsuGrantGrantee:rsu_grant	13146.16,18162.37 15644.14,20855.45
edge:declared:db.AgendaRsuGrantGrantee:stakeholder	13000.53,18162.37 10125.11,19257.99
edge:declared:db.AgendaSubsidiaryEstablishment:meeting_draft	15795.68,21370.05 16337.17,20695.55
edge:declared:db.AgendaTemplate:company	24760.43,8381.56 16175.50,12355.54
edge:declared:db.AiPayrollLedger:payroll	3147.47,5300.24 4649.25,4891.62
edge:declared:db.AlimtalkActivityRecipient:activity	35490.47,14322.87 36271.71,14120.15
edge:declared:db.AlimtalkActivityRecipientStatusHistory:recipient	35315.02,14445.01 35343.02,14396.05
edge:declared:db.AllocatedSeat:stakeholder	7959.20,13322.51 9906.77,19164.24
edge:declared:db.Announcement:company_set	20860.89,12200.09 16175.50,12434.00
edge:declared:db.Announcement:subscription_plan_set	20977.34,12152.90 20935.95,11928.26
edge:declared:db.AnnualSalary:employee	10125.34,14955.39 8624.11,15001.73
edge:declared:db.AnnualSalary:ledger	10361.34,14966.95 11210.86,15076.37
edge:declared:db.Article:third_party_provider	20381.31,19684.79 20420.43,19869.37
edge:declared:db.Article:thumbnail_image	20380.57,19602.79 20555.93,18698.26
edge:declared:db.ArticlePublishHistory:article	20590.01,19752.08 20454.93,19684.79
edge:declared:db.ArticlesOfIncorporation:_deprecated_daily_newspaper	17141.54,15436.69 17228.29,15511.67
edge:declared:db.ArticlesOfIncorporation:articles_of_incorporation_file	17140.33,15436.69 20408.00,18313.96
edge:declared:db.ArticlesOfIncorporation:company	17054.44,15322.69 16066.06,12660.49
edge:declared:db.ArticlesOfIncorporation:source_meeting	17079.71,15436.69 17225.42,17455.49
edge:declared:db.ArticlesOfIncorporationAnalyzationRequest:company	13168.23,7639.11 15858.25,12226.49
edge:declared:db.ArticlesOfIncorporationAnalyzationResult:request	10777.71,7922.13 12964.03,7626.76
edge:declared:db.AuditLog:actor_api_key	16702.22,7121.39 17582.09,7428.54
edge:declared:db.AvailableModusignRequest:company	21229.27,19345.89 16150.36,12660.49
edge:declared:db.AvailableModusignRequest:modusign_account	21299.04,19419.89 22073.15,20107.36
edge:declared:db.BalanceCertificateDocument:new_issue_agenda	15317.78,22447.79 16015.50,22359.63
edge:declared:db.BalanceCertificateDocument:option_exercise_agenda	15040.88,22426.44 13384.11,21866.90
edge:declared:db.BaseModusignDocumentUsageHistory:modusign_document	25368.18,13599.31 23685.79,20546.24
edge:declared:db.BaseModusignDocumentUsageHistory:purchase	25222.61,13573.32 23099.76,13778.21
edge:declared:db.BranchAbolitionEvent:installation_event	18360.91,18113.59 18962.70,18280.42
edge:declared:db.BranchChangeEvent:address	19665.84,18514.99 23936.01,18924.10
edge:declared:db.BranchChangeEvent:installation_event	19442.75,18462.11 19205.13,18363.79
edge:declared:db.BranchInstallationEvent:address	19210.70,18330.26 23936.01,18919.64
edge:declared:db.BulkEmail:sender_mail_integration	13452.71,17207.23 13126.07,17120.55
edge:declared:db.BulkEmail:template_revision	13712.71,17218.12 17319.40,16563.16
edge:declared:db.BulkEmailCommonAttachment:bulk_email	16235.74,17710.12 13712.71,17264.68
edge:declared:db.BulkEmailRecipient:bulk_email	17166.23,19060.77 13712.71,17307.72
edge:declared:db.BulkEmailRecipient:email_activity_recipient	17396.85,19174.77 25216.83,22941.53
edge:declared:db.BulkEmailRecipientAttachment:recipient	18242.35,18727.89 17408.52,19065.18
edge:declared:db.BulkEmailTemplateRevision:template	17487.08,16504.37 19346.38,15061.58
edge:declared:db.BusinessPlan:company	13988.47,11943.94 15795.50,12395.96
edge:declared:db.BusinessPlanAiAnalysis:business_plan_ai_review	12012.42,11136.60 13662.13,11728.90
edge:declared:db.BusinessPlanAiAnalysisItem:ai_analysis_feedback	10226.78,10511.16 9856.14,10372.11
edge:declared:db.BusinessPlanAiAnalysisItem:business_plan_ai_analysis	10453.89,10593.16 11803.02,11062.60
edge:declared:db.BusinessPlanAiAnalysisItemImprovement:ai_analysis_feedback	9794.06,10468.34 9767.67,10372.11
edge:declared:db.BusinessPlanAiAnalysisItemImprovement:business_plan_ai_analysis_item	9975.71,10520.44 10203.06,10540.45
edge:declared:db.BusinessPlanAiReview:business_plan	13803.04,11810.90 13846.37,11877.42
edge:declared:db.BusinessPlanAiReview:company	13900.33,11807.71 15795.50,12385.56
edge:declared:db.BusinessRegistrationCertificate:company	19497.88,9816.70 16175.50,12301.40
edge:declared:db.CaptableRequest:captable_file	19134.20,17138.07 20408.00,18306.91
edge:declared:db.CaptableRequest:company	19062.17,17056.07 16130.24,12660.49
edge:declared:db.CashIncentive:category	11162.57,13927.42 12749.26,13465.79
edge:declared:db.CashIncentive:employee	10938.04,14004.50 8624.11,14948.20
edge:declared:db.CashIncentiveCategory:company	12984.04,13394.46 15795.50,12503.69
edge:declared:db.CashIncentiveItem:cash_incentive	10376.62,13954.04 10914.57,13961.73
edge:declared:db.CashPayment:purchase	23088.01,14060.23 23005.19,13897.49
edge:declared:db.CeoAddressChangeEvent:director	16208.66,16508.93 16471.39,16453.97
edge:declared:db.Charge:credit	20699.76,13684.61 21028.37,13799.72
edge:declared:db.Charge:meeting	20547.76,13684.61 17333.59,17455.49
edge:declared:db.CmeBulkEmail:cme	17835.06,16421.52 20076.73,14531.67
edge:declared:db.CmeBulkEmailRecipient:_deprecated_cme_bulk_email	18103.41,16417.98 17910.43,16445.09
edge:declared:db.CmeBulkEmailRecipient:cme_company	18244.48,16359.55 19174.67,14125.99
edge:declared:db.CmeBulkEmailTemplate:cme	19772.17,14952.71 20102.79,14531.67
edge:declared:db.CmeCompany:company	19085.75,14011.99 16175.50,12539.62
edge:declared:db.CmeCompany:company_managing_entity	19328.41,14123.10 20023.83,14412.56
edge:declared:db.CmeCompany:contact_set	19328.41,14119.01 20779.69,14677.36
edge:declared:db.CmeCompanyContact:cme_company	19647.07,14162.76 19328.41,14096.16
edge:declared:db.CmeCompanyContactNotificationSettings:cme_company_contact	19689.02,14089.67 19736.29,14150.42
edge:declared:db.CmeCompanyDirectorTermManagement:cme_company	19542.40,13962.88 19328.41,14028.89
edge:declared:db.CmeCompanyNote:cme_company	19165.53,13879.34 19188.53,14011.99
edge:declared:db.CmeCompanyRegistration:cme_contact	20656.76,14747.51 20772.65,14735.36
edge:declared:db.CmeCompanyRegistration:company_managing_entity	20479.89,14719.51 20237.65,14531.67
edge:declared:db.CmeCompanyRegistrationFile:cme_company_registration	20681.01,14843.89 20605.66,14801.51
edge:declared:db.CmeContact:company_managing_entity	20772.65,14679.68 20283.83,14511.42
edge:declared:db.CmeMemberRelation:company_managing_entity	20646.23,14415.03 20283.83,14453.04
edge:declared:db.Company:sso_configuration	15795.50,12464.12 15025.03,12547.79
edge:declared:db.CompanyAddressChangeEvent:address	19664.26,18387.16 23936.01,18919.65
edge:declared:db.CompanyAppointedTransferAgentChange:company	20899.12,9843.44 16175.50,12342.95
edge:declared:db.CompanyAuthorizedSharesChange:company	23550.36,9445.71 16175.50,12368.20
edge:declared:db.CompanyBenefit:company	18896.09,10665.19 16175.50,12327.40
edge:declared:db.CompanyBulkEmailTemplate:company	18755.17,13965.29 16175.50,12547.89
edge:declared:db.CompanyCreateAssignmentReadiness:company	16690.90,9881.18 16045.24,12226.49
edge:declared:db.CompanyCreateProgress:company_create_request	23620.31,16764.13 23789.46,17032.34
edge:declared:db.CompanyCreateRequest:address	23839.61,17162.34 24072.39,18813.85
edge:declared:db.CompanyCreateRequest:articles_of_incorporation_attachment	23700.45,17153.00 20788.00,18399.91
edge:declared:db.CompanyCreateRequest:company	23720.88,17032.34 16175.50,12556.20
edge:declared:db.CompanyDepartment:department_code	9787.70,14066.54 9752.36,14021.92
edge:declared:db.CompanyDepartmentCode:organization_chart	9837.56,13949.68 12339.08,13480.85
edge:declared:db.CompanyDocumentAIAnalysis:company	18592.63,16614.71 16121.13,12660.49
edge:declared:db.CompanyDocumentAIAnalysis:file	18662.72,16696.71 20408.00,18306.06
edge:declared:db.CompanyDocumentDelivery:company	18587.47,12646.47 16175.50,12458.31
edge:declared:db.CompanyEndorsement:company	24240.60,8512.83 16175.50,12353.02
edge:declared:db.CompanyEndorsementFeed:company_endorsement	25538.04,7559.37 24367.55,8438.83
edge:declared:db.CompanyExpertClientRelation:company	21340.21,14395.59 16175.50,12512.76
edge:declared:db.CompanyExpertClientRelation:expert_client	21494.70,14469.59 21679.97,14598.93
edge:declared:db.CompanyFeed:company	29016.55,5090.81 16175.50,12336.28
edge:declared:db.CompanyFeedAccessLog:company_feeds	41111.96,3953.83 29234.48,5026.61
edge:declared:db.CompanyFeedAccessLog:venture_capital	41215.57,3980.17 38008.55,12227.48
edge:declared:db.CompanyFeedRating:company_feed	29932.00,3634.17 29141.50,4984.81
edge:declared:db.CompanyGuideState:company	17641.01,12499.76 16175.50,12449.95
edge:declared:db.CompanyInvestmentContractInfo:company	18650.88,12808.32 16175.50,12469.50
edge:declared:db.CompanyInvestorInterest:company	29199.90,8404.50 16175.50,12385.42
edge:declared:db.CompanyInvestorInterest:venture_capital	29396.30,8405.43 37744.83,12345.64
edge:declared:db.CompanyInvitation:invitee	17396.30,9284.03 16082.40,12226.49
edge:declared:db.CompanyIrClosingFeed:investor_relations	29262.31,6262.41 30440.32,7418.15
edge:declared:db.CompanyIrNewCommitFeed:investor_relations	29828.48,6121.07 30504.57,7418.15
edge:declared:db.CompanyIrOpenFeed:investor_relations	30002.42,5595.57 30534.17,7418.15
edge:declared:db.CompanyIrSetting:company	21466.14,8054.72 16175.50,12291.34
edge:declared:db.CompanyLegalPartnerRelation:company	22288.87,14400.01 16175.50,12502.46
edge:declared:db.CompanyLegalPartnerRelation:legal_partner	22414.87,14474.01 22441.43,14618.57
edge:declared:db.CompanyManagementAssignment:company	15635.11,9306.83 15961.26,12226.49
edge:declared:db.CompanyManagingEntity:expert_client	20283.83,14481.43 21626.16,14633.85
edge:declared:db.CompanyManagingEntity:expert_partner	20283.83,14482.25 22310.39,14725.11
edge:declared:db.CompanyManagingEntity:holding_company	20182.82,14401.67 20201.75,14359.24
edge:declared:db.CompanyMethodOfGivingPublicNoticeChange:company	16864.18,14553.20 16075.88,12660.49
edge:declared:db.CompanyMethodOfGivingPublicNoticeChange:daily_newspaper	16894.82,14627.20 17258.85,15511.67
edge:declared:db.CompanyMnaSetting:company	18038.77,12253.00 16175.50,12425.86
edge:declared:db.CompanyNameChange:company	12920.83,10881.63 15795.50,12346.66
edge:declared:db.CompanyNews:company	18955.27,8182.79 16136.75,12226.49
edge:declared:db.CompanyNewsFeed:company_news	25494.20,4935.94 19067.11,8100.79
edge:declared:db.CompanyNewsLink:company_news	18620.41,7731.31 18947.55,8100.79
edge:declared:db.CompanyNotificationSetting:company	15112.39,11590.00 15795.50,12257.76
edge:declared:db.CompanyNotificationTrigger:notification_setting	14795.07,11393.78 15009.59,11516.00
edge:declared:db.CompanyOptionRule:company	18942.09,12931.14 16175.50,12474.83
edge:declared:db.CompanyOverview:company	15947.95,10454.35 15981.40,12226.49
edge:declared:db.CompanyOwnerAddRequest:company	17539.67,10574.45 16165.94,12226.49
edge:declared:db.CompanyOwnerAuditLog:company	8942.31,7860.70 15795.50,12319.86
edge:declared:db.CompanyOwnerAuditLogOwnerRoleRelation:company_owner_audit_log	9145.14,10408.70 8883.51,7860.70
edge:declared:db.CompanyOwnerAuditLogOwnerRoleRelation:owner_role	9176.16,10482.70 9587.34,11041.69
edge:declared:db.CompanyOwnerNotificationTrigger:trigger	14617.62,11261.05 14686.64,11319.78
edge:declared:db.CompanyParValueChange:_deprecated_articles_of_incorporation	16972.65,15588.54 17047.50,15436.69
edge:declared:db.CompanyParValueChange:company	16943.14,15588.54 16051.57,12660.49
edge:declared:db.CompanyPaymentLink:company	23559.47,12068.07 16175.50,12434.07
edge:declared:db.CompanyPolicyFile:company	16419.18,10332.35 16030.08,12226.49
edge:declared:db.CompanyProfileAccessLog:company	29149.31,8557.39 16175.50,12387.40
edge:declared:db.CompanyProfileAccessLog:venture_capital	29349.27,8559.56 37744.83,12349.42
edge:declared:db.CompanyPromotionWinLog:company	14370.14,8658.46 15892.89,12226.49
edge:declared:db.CompanyPromotionWinLog:prize_type	14476.64,8595.03 14970.86,8505.63
edge:declared:db.CompanyPromotionWinLog:promotion	14476.64,8615.72 14892.16,8609.89
edge:declared:db.CompanyPurposeChange:company	16859.53,14115.22 16098.95,12660.49
edge:declared:db.CompanyPurposeChangeItem:company_purpose_change	16989.87,14342.79 16900.42,14189.22
edge:declared:db.CompanyPurposeChangeItem:industrial_code	17034.72,14416.79 17198.74,14677.23
edge:declared:db.CompanyQuestionThread:company	18834.96,14194.59 16175.50,12560.25
edge:declared:db.CompanyQuestionThread:expert_partner	19118.96,14300.65 22310.39,14723.18
edge:declared:db.CompanyRegistrationAssignment:company	21816.58,10259.53 16175.50,12372.33
edge:declared:db.CompanyRegistrationAssignmentLog:company	20329.07,11821.79 16175.50,12416.29
edge:declared:db.CompanyRsuRule:_deprecate_articles_of_incorporation	16923.37,15271.60 16995.32,15322.69
edge:declared:db.CompanyRsuRule:company	16859.52,15197.60 16054.37,12660.49
edge:declared:db.CompanySsoEmailDomain:configuration	14021.88,12565.10 14777.03,12561.79
edge:declared:db.CompanySsoIdentity:configuration	14475.24,12618.71 14777.03,12577.99
edge:declared:db.CompanyStockTransferRestrictedChange:company	15686.53,9814.48 15960.82,12226.49
edge:declared:db.CompanyStockValue:company	19721.52,9297.68 16175.50,12283.51
edge:declared:db.CompanyTag:company_set	20817.46,10024.54 16175.50,12348.37
edge:declared:db.CompanyTanTableView:company	10559.73,10025.42 15795.50,12358.81
edge:declared:db.CompanyTodo:company	22441.78,10293.62 16175.50,12380.22
edge:declared:db.CompanyUpdateRequest:change_detection	18153.98,14060.25 18144.18,14306.44
edge:declared:db.CompanyUpdateRequest:company	18099.15,13978.25 16175.50,12581.45
edge:declared:db.CompanyUpdateRequest:company_question_thread	18279.61,14058.89 18834.96,14236.45
edge:declared:db.CompanyUserRelation:company	7552.89,11997.50 15795.50,12433.44
edge:declared:db.CompanyUserRelation:stakeholder	7445.80,12039.94 9904.92,19164.24
edge:declared:db.CompanyUserRelationOwnerRoleRelation:company_user_relation	8523.29,11562.49 7552.89,11942.39
edge:declared:db.CompanyUserRelationOwnerRoleRelation:owner_role	8703.37,11488.49 9510.06,11139.69
edge:declared:db.ConsentForm:investor	28048.81,37055.38 10765.58,22802.54
edge:declared:db.ConsentForm:item	28089.98,37055.38 24303.16,26886.19
edge:declared:db.ConsentForm:uploaded_consent_form_file	28088.47,37055.38 20685.51,18698.26
edge:declared:db.ConsentFormModusignDocument:consent_form	28198.33,27046.53 28108.67,37055.38
edge:declared:db.ConsentFormModusignEmbeddedDraft:consent_form	26113.06,30618.24 28093.16,37055.38
edge:declared:db.CorporateRegistration:attachment	18921.46,15639.76 20469.97,18264.26
edge:declared:db.CorporateRegistration:company	18847.29,15541.76 16175.50,12649.19
edge:declared:db.CorporateRegistrationChangeConfirmation:change_detection	18428.86,14340.26 18308.73,14346.62
edge:declared:db.CorporateRegistrationChangeConfirmation:staff_review_required_question_thread	18771.86,14308.71 18834.96,14300.45
edge:declared:db.CorporateRegistrationChangeDetection:company	18086.96,14306.44 16175.50,12611.93
edge:declared:db.CorporateRegistrationChangeDetection:xml_file	18171.40,14404.44 20468.84,18264.26
edge:declared:db.CorporateRegistrationChangeDetectionParseResult:change_detection	18314.30,14241.95 18216.52,14306.44
edge:declared:db.CorporateRegistrationExtractionLog:corporate_registration_issue_log	20668.34,16034.03 20882.16,15640.67
edge:declared:db.CorporateRegistrationIssueCoupon:company	18607.74,13445.63 16175.50,12516.10
edge:declared:db.CorporateRegistrationIssueCouponIssueLog:coupon	19018.33,13688.98 18776.48,13527.63
edge:declared:db.CorporateRegistrationIssueCouponUseRequest:coupon	19255.29,14762.34 18732.38,13527.63
edge:declared:db.CorporateRegistrationIssueCouponUseResult:corporate_registration	19904.01,15705.48 19016.55,15604.82
edge:declared:db.CorporateRegistrationIssueCouponUseResult:log	20289.01,15695.17 20768.30,15615.13
edge:declared:db.CorporateRegistrationIssueCouponUseResult:request	20060.04,15686.31 19303.88,14836.34
edge:declared:db.CorporateRegistrationIssueLog:_deprecated_staff_review_required_question_thread	20836.53,15542.67 19108.23,14370.85
edge:declared:db.CorporateRegistrationIssueLog:pdf_file	20903.53,15640.67 20621.34,18264.26
edge:declared:db.CorporateRegistrationIssueMaintenance:third_party_api_notice	33636.40,15818.57 32782.61,15797.62
edge:declared:db.CorporateRegistrationIssueRequest:delivery	19156.11,12467.69 19349.13,12412.04
edge:declared:db.CorporateRegistrationPaidIssue:company	20187.44,13790.11 16175.50,12504.38
edge:declared:db.CorporateRegistrationPaidIssue:corporate_registration	20282.22,13872.11 18932.17,15541.76
edge:declared:db.CorporationPostRegistrationEmail:company	15338.54,9432.50 15938.87,12226.49
edge:declared:db.CorporationPostRegistrationScheduledEmail:corporation_post_registration_email	15398.23,7957.93 15332.33,9358.50
edge:declared:db.CorporationPostRegistrationScheduledEmailPeriodicTaskRelation:corporation_post_registration_scheduled_email	14757.68,7589.56 15328.25,7883.93
edge:declared:db.Credit:company	21028.37,13809.56 16175.50,12494.96
edge:declared:db.CreditCard:company	24288.74,13354.65 16175.50,12464.34
edge:declared:db.CreditCard:investment_association	24506.39,13417.26 30486.03,16545.87
edge:declared:db.CreditCard:legal_partner	24343.32,13417.26 22618.39,14634.86
edge:declared:db.CreditCard:venture_capital	24536.74,13359.67 37744.83,12445.22
edge:declared:db.CreditUse:credit	22167.50,13885.46 21276.37,13848.32
edge:declared:db.CreditUse:purchase	22403.50,13873.04 22803.76,13814.23
edge:declared:db.CsAgentResponse:inquiry_thread_message	25222.27,11371.32 24495.91,11390.51
edge:declared:db.CsAgentResponseFeedBack:cs_agent_response	25826.79,11305.26 25470.27,11351.85
edge:declared:db.DebtConfirmationAndOffsetContractDocument:new_issue_item	17447.68,25382.12 19459.10,25343.20
edge:declared:db.DepartmentStaffUserRelation:department	17961.99,31839.71 15174.65,32297.53
edge:declared:db.DirectorAppointmentEvent:director	16147.65,16265.84 16471.39,16378.28
edge:declared:db.DirectorCompensationDecisionEvent:director	16526.22,16759.03 16589.62,16498.52
edge:declared:db.DirectorCompensationLimitEvent:director	16385.98,16616.66 16522.83,16498.52
edge:declared:db.DirectorTermEndEvent:appointment_event	16176.70,16365.05 16072.61,16265.84
edge:declared:db.DirectorTermEndEvent:director	16343.71,16412.28 16471.39,16418.69
edge:declared:db.DirectorVote:agenda	14980.99,20827.96 15144.64,20926.68
edge:declared:db.DirectorVote:attended_director	14915.08,20753.96 14876.24,20440.25
edge:declared:db.DirectorVotingRightsPerAgenda:agenda	14713.63,20837.06 15144.64,20968.90
edge:declared:db.DirectorVotingRightsPerAgenda:director	14617.22,20763.06 14831.37,20440.25
edge:declared:db.DirectorsMeeting:chairperson	15315.35,20226.74 15031.67,20326.25
edge:declared:db.DirectorsMeeting:meeting	15487.17,20120.14 17153.64,17689.49
edge:declared:db.DirectorsMeeting:sealed_meeting_minutes_file	15575.35,20138.25 20408.00,18543.94
edge:declared:db.DirectorsMeetingAgenda:agenda_bonus_issue	15428.64,20967.02 17638.05,20261.94
edge:declared:db.DirectorsMeetingAgenda:agenda_branch_change	15428.64,20952.06 17475.33,20083.20
edge:declared:db.DirectorsMeetingAgenda:agenda_co_ceo_system_change	15428.64,21031.59 15885.16,21093.48
edge:declared:db.DirectorsMeetingAgenda:agenda_custom	15428.64,21007.52 15936.44,20990.30
edge:declared:db.DirectorsMeetingAgenda:agenda_director_change	15150.36,21105.34 12648.63,22812.62
edge:declared:db.DirectorsMeetingAgenda:agenda_director_compensation_decision	15216.39,21105.34 14812.72,21639.69
edge:declared:db.DirectorsMeetingAgenda:agenda_financial_statements	15428.64,20955.24 17191.13,20246.58
edge:declared:db.DirectorsMeetingAgenda:agenda_head_office_relocation	15428.64,21037.47 18329.01,21550.86
edge:declared:db.DirectorsMeetingAgenda:agenda_new_issue	15347.11,21105.34 16096.23,22257.44
edge:declared:db.DirectorsMeetingAgenda:agenda_option_cancel	15144.64,21020.79 15086.73,21024.24
edge:declared:db.DirectorsMeetingAgenda:agenda_rsu_grant	15428.64,20972.54 15561.88,20935.20
edge:declared:db.DirectorsMeetingAgenda:agenda_shareholders_meeting_convocation	15428.64,21099.45 15620.02,21216.86
edge:declared:db.DirectorsMeetingAgenda:agenda_subsidiary_establishment	15397.70,21105.34 15713.81,21370.05
edge:declared:db.DirectorsMeetingAgenda:meeting	15304.40,20919.34 15433.70,20242.14
edge:declared:db.DirectorsMeetingDirectorAttendance:stakeholder	14704.18,20347.56 10125.11,19357.14
edge:declared:db.DirectorsMeetingNoticeEmail:directors_meeting	15632.76,19170.02 15456.66,20120.14
edge:declared:db.DirectorsMeetingNoticeEmailRecipient:director	15858.15,19405.37 14926.83,20326.25
edge:declared:db.DirectorsMeetingNoticeEmailRecipient:email	15854.45,19323.37 15685.52,19170.02
edge:declared:db.DocumentDelivery:delivery	20341.37,12473.88 20442.46,12357.58
edge:declared:db.DocumentDeliveryQuestionThreadRelation:document_delivery	20527.55,12471.91 20429.73,12490.86
edge:declared:db.DocumentDeliveryQuestionThreadRelation:question_thread	20745.42,12475.69 20858.65,12566.05
edge:declared:db.DocumentParseResult:attachment	20183.40,16873.30 20192.56,17024.42
edge:declared:db.DormantUserEmail:user	-701.53,30212.16 -2286.10,31188.58
edge:declared:db.DormantUserPhone:user	-1538.88,29646.70 -2331.56,31188.58
edge:declared:db.DormantUserReactivationToken:user	-512.36,30345.55 -2267.29,31188.58
edge:declared:db.ESOP:company	9632.79,16669.44 15795.50,12569.88
edge:declared:db.ESOP:shareholder	9557.91,16783.44 10674.44,22672.54
edge:declared:db.ESOPParticipant:esop	9241.85,15969.50 9524.11,16669.44
edge:declared:db.EditableCompanyOwnerAuditLog:company	16528.40,9677.70 16028.09,12226.49
edge:declared:db.ElectronicCertificate:company	17100.83,16946.61 16039.25,12660.49
edge:declared:db.ElectronicCertificate:director	17071.87,16946.61 16672.46,16498.52
edge:declared:db.ElectronicCertificateApplicationFormDocument:stakeholder	7994.23,25141.33 9906.11,19478.24
edge:declared:db.ElectronicCertificateCaseReportDocument:stakeholder	8849.44,23414.90 9916.55,19478.24
edge:declared:db.ElectronicCertificateFileDownloadHistory:file_uploaded	18247.36,17269.61 17849.97,17053.99
edge:declared:db.ElectronicCertificateFileUploadRequest:electronic_certificate	17371.21,16922.11 17235.98,16958.37
edge:declared:db.ElectronicCertificateFileUploaded:file_upload_request	17705.31,16979.99 17585.69,16922.11
edge:declared:db.ElectronicCertificateReturnRequest:electronic_certificate	22127.75,19122.94 17217.88,17036.61
edge:declared:db.ElectronicCertificateReturnRequest:recipient_address	22367.82,19141.90 23936.01,18957.01
edge:declared:db.EmailActivityRecipient:email_activity	25325.25,23039.53 25681.96,25653.14
edge:declared:db.EmailActivityRecipientStatusHistory:recipient	25974.27,24602.52 25338.49,23039.53
edge:declared:db.EmailVerification:email	25215.14,4734.02 24616.04,4508.09
edge:declared:db.Employee:department_code_set	8602.49,14905.11 9655.16,14021.92
edge:declared:db.Employee:group_set	8624.11,14959.24 11591.75,13979.76
edge:declared:db.EmployeeDepartmentCodeRelation:department_code	9049.74,14285.87 9609.62,14021.92
edge:declared:db.EmployeeDepartmentCodeRelation:employee	8944.77,14359.87 8554.42,14905.11
edge:declared:db.EmployeeGroup:company	11809.52,13905.76 15795.50,12510.02
edge:declared:db.EmployeeNumber:company	11756.33,14037.06 15795.50,12515.08
edge:declared:db.EmployeeNumber:employee	11540.14,14108.69 8624.11,14964.44
edge:declared:db.EmployeeOption:company	10528.54,12523.78 15795.50,12446.29
edge:declared:db.EmployeeOption:grantee	10322.50,12578.60 9190.70,13309.75
edge:declared:db.EmployeeOptionExerciseCandidate:management	11814.00,13273.39 12928.89,13190.47
edge:declared:db.EmployeeOptionExerciseCandidate:option	11591.19,13239.40 10492.65,12578.60
edge:declared:db.EmployeeOptionExerciseCandidate:option_exercise_claim	11814.00,13250.34 12686.36,13049.61
edge:declared:db.EmployeeOptionExerciseCandidateFile:candidate	11147.56,12806.40 11617.19,13239.40
edge:declared:db.EmployeeOptionExerciseClaim:company	12952.36,12994.83 15795.50,12478.03
edge:declared:db.EmployeeOptionExerciseClaimOption:option	11534.16,12730.42 10528.54,12548.08
edge:declared:db.EmployeeOptionExerciseClaimOption:option_exercise_claim	11840.16,12793.41 12686.36,12988.37
edge:declared:db.EmployeeOptionExerciseManagement:company	13231.89,13140.83 15795.50,12491.61
edge:declared:db.EmployeeOptionExerciseManagementEmail:management	13286.83,13741.75 13095.44,13220.20
edge:declared:db.EmployeeOptionVesting:employee_option	9287.12,12970.51 10280.54,12574.97
edge:declared:db.EmployeeOptionVestingItem:option_vesting	9115.28,13191.78 9178.35,13044.51
edge:declared:db.EmployeeOptionVestingTraceable:option	10152.27,13128.55 10382.37,12578.60
edge:declared:db.EmployeeStock:participant	9471.65,15724.00 9279.35,15879.50
edge:declared:db.EmployeeStockGuide:esop	9780.42,16339.27 9581.45,16669.44
edge:declared:db.EmployeeStockGuideAudience:employee_stock_guide	9916.86,15701.09 9812.80,16257.27
edge:declared:db.EmployeeStockGuideAudience:participant	9824.31,15701.09 9344.68,15879.50
edge:declared:db.EmployeeStockGuideEmail:employee_stock_guide	12334.56,17081.36 9929.13,16336.66
edge:declared:db.EmployeeStockTag:category	9671.36,15908.71 9484.90,16046.30
edge:declared:db.EmployeeStockTag:employee_stock_set	9679.39,15826.71 9560.31,15724.00
edge:declared:db.EmployeeStockTag:esop	9718.33,15908.71 9559.04,16669.44
edge:declared:db.EmployeeStockTagCategory:esop	9441.22,16120.30 9537.14,16669.44
edge:declared:db.EmployeeStockWithdrawRequest:account	10879.41,16917.80 11276.41,16789.30
edge:declared:db.EmployeeStockWithdrawRequest:esop	10634.10,16930.24 9677.10,16750.81
edge:declared:db.EmploymentCertificateDocumentRequest:company	13752.41,13518.40 15795.50,12534.95
edge:declared:db.EmploymentCertificateDocumentRequest:history	13554.40,13592.40 11612.08,14185.64
edge:declared:db.EmploymentStatusHistory:connected_hrm_status_event	11364.08,14256.98 5607.32,15810.84
edge:declared:db.EmploymentStatusHistory:employee	11364.08,14255.79 8624.11,14969.14
edge:declared:db.EmploymentStatusHistory:related_events	11557.67,14268.51 15445.98,16782.86
edge:declared:db.Event:company	15603.60,16769.56 15966.34,12660.49
edge:declared:db.EventAttachment:company	15924.58,14797.98 15979.89,12660.49
edge:declared:db.EventAttachment:event	15917.65,14871.98 15611.56,16769.56
edge:declared:db.ExpertClientIncorporationSupport:contact_set	21181.63,14706.53 21020.65,14715.47
edge:declared:db.ExpertClientIncorporationSupport:expert_client	21484.63,14679.88 21626.16,14662.85
edge:declared:db.ExpertClientIncorporationSupport:incorporation_request	21348.70,14739.11 21759.41,15820.76
edge:declared:db.ExpertClientSignupChannel:expert_client	23836.66,14868.88 21874.16,14661.06
edge:declared:db.ExpertClientTaxServiceSettings:expert_client	21645.05,14944.57 21732.80,14696.93
edge:declared:db.ExpertClientTaxServiceSettings:legal_partner	21761.35,14944.57 22310.39,14787.60
edge:declared:db.ExpressDelivery1:order_status_history	316.91,9788.89 395.05,9932.80
edge:declared:db.ExpressDelivery1:seal_card_return_status_history	178.82,9758.46 -44.26,9770.89
edge:declared:db.ExternalStockInfo:company	15283.56,9875.81 15926.18,12226.49
edge:declared:db.FABContent:thumbnail_image	21408.41,18479.26 20788.00,18480.79
edge:declared:db.FinancialAccount:institution	11394.16,16700.16 11351.96,16369.21
edge:declared:db.FinancialStatementsForNewIssueFromConversionDocument:new_issue	15801.83,23552.93 16126.95,22427.44
edge:declared:db.Fund:fund_partners	35219.81,13617.62 36009.73,13693.63
edge:declared:db.Fund:portfolio_company_set	34971.81,13624.12 30910.62,14227.56
edge:declared:db.Fund:venture_capital	35204.47,13560.69 37744.83,12508.68
edge:declared:db.FundPartner:venture_capital	36191.54,13664.56 37744.83,12562.97
edge:declared:db.FundingNewsDistributionServiceRequest:company	18354.59,14543.33 16175.50,12611.90
edge:declared:db.FundingNewsDistributionServiceRequest:company_question_thread	18489.29,14543.33 18834.96,14357.99
edge:declared:db.FundingNewsDistributionServiceRequest:logo	18430.71,14633.33 20475.78,18264.26
edge:declared:db.HelpTemplate:partners_to_share	6533.81,9076.70 22310.39,14688.79
edge:declared:db.Hrm:company	-227.76,16052.05 15795.50,12485.78
edge:declared:db.HrmAlpConfig:hrm	-2126.96,15838.30 -547.76,16064.72
edge:declared:db.HrmAlpConfigIndivApprovalTemplateRel:alp_config	-1815.75,15604.26 -2171.82,15784.38
edge:declared:db.HrmAlpExcludedEmp:emp	5585.10,17963.04 4769.73,18074.40
edge:declared:db.HrmAlpLaborReceiptRefusal:emp	5043.46,18830.33 4703.01,18270.89
edge:declared:db.HrmAlpTarget:emp	5068.25,18510.57 4769.73,18248.75
edge:declared:db.HrmAlpUsageDesignation:target	5552.78,18617.21 5239.00,18570.16
edge:declared:db.HrmAlpUsageDesignationDate:leave_usage	6293.50,18434.98 6645.67,18389.05
edge:declared:db.HrmAlpUsageDesignationDate:usage_designation	6066.47,18488.54 5770.81,18597.90
edge:declared:db.HrmAlpUsagePlan:target	5531.40,18256.09 5172.78,18510.57
edge:declared:db.HrmAlpUsagePlanDate:usage_plan	5779.76,18190.62 5713.18,18199.17
edge:declared:db.HrmAnnualLeaveAdjustment:emp	5290.65,18068.31 4769.73,18090.55
edge:declared:db.HrmAnnualLeaveConfigBase:annual_leave	3809.06,22533.43 3826.34,21766.88
edge:declared:db.HrmApproval:approvable	3554.54,18054.50 2975.40,17865.69
edge:declared:db.HrmApproval:requestor	3802.54,18095.32 4425.73,18097.33
edge:declared:db.HrmApprovalLine:actual_approver	3731.76,18209.86 4425.73,18120.13
edge:declared:db.HrmApprovalLine:approval	3629.92,18184.89 3654.22,18139.92
edge:declared:db.HrmApprovalLine:approver	3483.76,18264.22 2790.14,18478.63
edge:declared:db.HrmApprovalReview:approval	3176.67,18265.68 3554.54,18137.11
edge:declared:db.HrmApprovalReview:approver	2998.54,18339.68 2765.52,18463.96
edge:declared:db.HrmApprovalTemplate:hrm	2142.59,18037.92 -227.76,16210.98
edge:declared:db.HrmApprovalTemplateLine:approver	2553.12,18386.37 2620.27,18463.96
edge:declared:db.HrmApprovalTemplateLine:template	2476.59,18312.37 2245.11,18119.92
edge:declared:db.HrmApprovalTemplateReview:approver	2204.14,18351.32 2542.14,18472.50
edge:declared:db.HrmApprovalTemplateReview:template	2115.85,18277.32 2179.27,18119.92
edge:declared:db.HrmApprover:dept	2542.14,18527.44 285.15,18718.21
edge:declared:db.HrmApprover:emp	2790.14,18490.06 4425.73,18135.21
edge:declared:db.HrmAttendance:emp	4153.72,17934.44 4425.73,18034.57
edge:declared:db.HrmAttendanceItem:attendance	4231.44,17848.61 4166.35,17864.05
edge:declared:db.HrmAttendanceItem:emp	4391.09,17860.22 4447.31,17924.89
edge:declared:db.HrmAttendanceLocation:attendance_item	5265.48,17121.18 4408.89,17778.22
edge:declared:db.HrmAttendanceLocation:ongoing_attendance	5453.36,17037.76 5946.10,16900.97
edge:declared:db.HrmAttendanceLocation:personal_location	5396.63,17023.18 6448.02,16257.38
edge:declared:db.HrmAttendanceLocation:work_location	5275.41,17023.18 3507.70,15417.51
edge:declared:db.HrmCertificateConfig:hrm	-990.80,16154.89 -547.76,16105.50
edge:declared:db.HrmCertificateConfigIndividualApprovalTemplateRelation:certificate_config	-1791.45,16603.61 -1166.79,16205.05
edge:declared:db.HrmCertificateIssue:connected_status_event	5891.20,16043.46 5591.87,15897.31
edge:declared:db.HrmCertificateIssue:emp	5947.12,16125.46 4716.08,17924.89
edge:declared:db.HrmCommonLocation:work_location_config	5034.23,15552.99 5383.70,15320.76
edge:declared:db.HrmConciergeRequest:company	17345.80,11034.89 16175.50,12246.74
edge:declared:db.HrmDailyLeaveUsageItem:usage	5344.05,20641.89 6739.72,18429.10
edge:declared:db.HrmDept:hrm	142.61,18668.20 -358.78,16228.66
edge:declared:db.HrmDeptName:dept	-1228.94,19527.25 49.36,18790.20
edge:declared:db.HrmDeptName:event	-1307.39,19601.25 -1478.37,20044.28
edge:declared:db.HrmDeptParent:dept	-401.18,19518.56 112.16,18790.20
edge:declared:db.HrmDeptParent:event	-410.94,19600.56 -240.57,19965.55
edge:declared:db.HrmDeptReorg:hrm	-1019.99,15366.81 -511.43,15946.66
edge:declared:db.HrmDeptStatus:dept	176.82,19744.42 156.45,18790.20
edge:declared:db.HrmDeptStatus:event	172.34,19818.42 -42.65,21329.10
edge:declared:db.HrmDocument:emp	2083.35,15633.38 4425.73,17929.30
edge:declared:db.HrmDocument:form	1941.83,15535.38 107.92,14553.63
edge:declared:db.HrmDocument:hrm	1909.36,15610.16 -227.76,16054.40
edge:declared:db.HrmDocumentDraft:emp	1100.67,14114.04 4445.87,17924.89
edge:declared:db.HrmDocumentDraft:form	965.10,14114.04 135.41,14455.63
edge:declared:db.HrmDocumentDraftFieldAttachment:field_value	630.43,11362.10 -425.52,12868.03
edge:declared:db.HrmDocumentDraftFieldMultiSelectValue:field_value	-653.75,13256.53 -482.84,12958.03
edge:declared:db.HrmDocumentDraftFieldMultiSelectValue:selected_option	-736.08,13330.53 -917.70,13440.45
edge:declared:db.HrmDocumentDraftFieldValue:draft	-398.04,12958.03 1010.89,14032.04
edge:declared:db.HrmDocumentDraftFieldValue:field_definition	-537.23,12958.03 -2248.97,13918.94
edge:declared:db.HrmDocumentFieldAttachment:field_value	-554.71,14198.68 -465.77,13996.35
edge:declared:db.HrmDocumentFieldMultiSelectValue:field_value	-313.81,13853.56 -385.17,13906.35
edge:declared:db.HrmDocumentFieldMultiSelectValue:selected_option	-343.48,13779.56 -897.15,13522.45
edge:declared:db.HrmDocumentFieldValue:document	-377.67,13996.35 1958.97,15535.38
edge:declared:db.HrmDocumentFieldValue:field_definition	-569.99,13952.18 -2181.13,13962.95
edge:declared:db.HrmDocumentForm:hrm	3.88,14553.63 -351.76,15946.66
edge:declared:db.HrmDocumentFormFieldDefinition:form	-2181.13,13998.06 -107.61,14476.05
edge:declared:db.HrmDocumentFormFieldSelectOption:field_definition	-1099.62,13522.45 -2203.81,13918.94
edge:declared:db.HrmDocumentFormIndividualApprovalTemplateRelation:document_form	-656.84,14656.35 -107.61,14532.57
edge:declared:db.HrmEmp:connected_employee	4769.73,17960.99 8355.22,15107.11
edge:declared:db.HrmEmp:hrm	4425.73,18028.54 -227.76,16152.17
edge:declared:db.HrmEmpAffiliation:emp	2637.33,17793.54 4425.73,18071.19
edge:declared:db.HrmEmpAffiliation:event	2582.83,17733.29 3561.99,17155.67
edge:declared:db.HrmEmpAffiliationDept:affiliation	2285.17,17817.08 2389.33,17797.55
edge:declared:db.HrmEmpAffiliationDept:dept	2083.52,17876.21 285.15,18671.70
edge:declared:db.HrmEmpContract:emp	4755.08,33684.25 4599.48,18270.89
edge:declared:db.HrmEmpContract:mgmt	4742.27,33684.25 1394.06,23301.13
edge:declared:db.HrmEmpContractCommonVar:hrm	14.03,15670.33 -252.01,15946.66
edge:declared:db.HrmEmpContractMgmt:hrm	1370.73,23219.13 -352.99,16228.66
edge:declared:db.HrmEmpContractMgmt:template_revision	1280.39,23219.13 -782.01,22377.34
edge:declared:db.HrmEmpContractModusignDocument:hrm_emp_contract	28529.23,37331.99 4879.49,33744.06
edge:declared:db.HrmEmpContractTemplate:hrm	-1871.94,20202.41 -438.62,16228.66
edge:declared:db.HrmEmpContractTemplateRevision:template	-902.07,22295.34 -1867.60,20276.41
edge:declared:db.HrmEmpContractTemplateRevisionSigner:revision	-1715.01,22830.67 -951.51,22377.34
edge:declared:db.HrmEmpEmploymentType:emp	4556.83,17369.30 4588.02,17924.89
edge:declared:db.HrmEmpEmploymentType:event	4563.95,17295.30 4624.01,17053.76
edge:declared:db.HrmEmpJob:emp	2538.70,16676.11 4425.73,17979.12
edge:declared:db.HrmEmpJob:event	2585.95,16646.63 3805.61,16877.96
edge:declared:db.HrmEmpJob:level	2337.95,16648.47 1821.09,16754.16
edge:declared:db.HrmEmpJob:position	2337.95,16591.00 1987.73,16500.30
edge:declared:db.HrmEmpJob:role	2337.95,16618.53 1576.39,16590.43
edge:declared:db.HrmEmpJob:title	2377.29,16570.11 1409.67,15964.32
edge:declared:db.HrmEmpJobLevel:hrm	1591.07,16741.29 -227.76,16140.51
edge:declared:db.HrmEmpJobPosition:hrm	1751.73,16449.77 -227.76,16114.74
edge:declared:db.HrmEmpJobRole:hrm	1340.39,16554.21 -227.76,16130.86
edge:declared:db.HrmEmpJobTitle:hrm	1232.57,15938.20 -227.76,16072.90
edge:declared:db.HrmEmpMov:hrm	443.41,15790.36 -227.76,16030.43
edge:declared:db.HrmEmpReturnToWorkEvent:absence_event	5040.22,15706.33 4840.09,15706.33
edge:declared:db.HrmEmpSalaryAccount:emp	9873.98,16696.99 4769.73,18052.22
edge:declared:db.HrmEmpSalaryAccount:institution	10109.98,16635.91 11222.22,16355.47
edge:declared:db.HrmEmpStatus:emp	6799.00,16199.61 4769.73,17949.56
edge:declared:db.HrmEmpStatus:event	6723.91,16134.96 5607.32,15873.36
edge:declared:db.HrmEmpUserInvitation:emp	2849.53,18047.00 4425.73,18092.88
edge:declared:db.HrmEmpUserInvitation:hrm	2660.26,18002.39 -227.76,16188.17
edge:declared:db.HrmEmpUserInvitationInvitee:invitation	2605.25,18154.94 2681.32,18084.39
edge:declared:db.HrmEmpWorkAssignment:emp	3325.48,18813.98 4425.73,18194.70
edge:declared:db.HrmEmpWorkAssignment:work	3141.74,18864.12 2022.65,18988.70
edge:declared:db.HrmEmpWorkLocationAssignment:work_location	4042.72,16131.38 3491.58,15417.51
edge:declared:db.HrmEmpWorkLocationAssignment:work_location_config	4080.76,16205.38 4225.16,16769.74
edge:declared:db.HrmEmpWorkLocationConfig:emp	4247.18,16851.74 4549.06,17924.89
edge:declared:db.HrmEmpWorkLocationConfig:work_location_set	4213.42,16769.74 3480.32,15417.51
edge:declared:db.HrmFixedWorkSchedule:fixed_work	1937.30,18672.92 1897.36,18715.28
edge:declared:db.HrmGoogleCalendarIntegration:hrm	-604.59,15483.14 -438.33,15946.66
edge:declared:db.HrmLeaveBase:hrm	3238.19,20913.61 -281.82,16228.66
edge:declared:db.HrmLeaveCommonConfig:leave	1966.75,20950.67 3157.04,20982.92
edge:declared:db.HrmLeaveGrant:emp	3914.93,19183.85 4488.96,18270.89
edge:declared:db.HrmLeaveGrant:grantable_leave	3877.37,19257.85 3525.61,20168.28
edge:declared:db.HrmLeaveIndividualApprovalTemplateRelation:leave	1459.18,19981.92 3159.79,20913.61
edge:declared:db.HrmLeaveUsage:emp	6645.67,18355.73 4769.73,18119.55
edge:declared:db.HrmLeaveUsage:leave	6699.74,18429.10 3390.28,20913.61
edge:declared:db.HrmLeaveUsageAttachment:usage	7042.67,19329.11 6791.57,18429.10
edge:declared:db.HrmLeaveUsageItem:emp	4873.77,18995.96 4650.90,18270.89
edge:declared:db.HrmLeaveUsageItem:leave	4852.86,19077.96 3352.70,20913.61
edge:declared:db.HrmLeaveUsageItem:usage	5002.88,18995.96 6645.67,18417.85
edge:declared:db.HrmOngoingAttendance:emp	6021.07,16907.55 4769.73,17954.05
edge:declared:db.HrmOngoingAttendanceClockedSchedule:ongoing_attendance	6629.84,16728.75 6194.10,16836.02
edge:declared:db.HrmPersonalLocation:hrm_emp	6464.17,16257.38 4769.73,17928.28
edge:declared:db.HrmPersonalLocation:work_location_config	6458.44,16167.38 5492.19,15320.76
edge:declared:db.HrmRequestor:dept	1189.26,19122.78 285.15,18778.68
edge:declared:db.HrmRequestor:emp	1401.86,19122.78 4425.73,18153.05
edge:declared:db.HrmSelectiveWorkPlan:emp	4113.55,18070.95 4425.73,18088.32
edge:declared:db.HrmSelectiveWorkPlanConfig:selective_work	1817.70,19515.53 1997.83,19272.83
edge:declared:db.HrmSelectiveWorkPlanItem:emp	3286.19,18145.63 4425.73,18104.15
edge:declared:db.HrmSelectiveWorkPlanItem:plan	3286.19,18137.47 3865.55,18076.99
edge:declared:db.HrmSelectiveWorkSchedule:selective_work	2292.08,19244.25 2155.23,19235.64
edge:declared:db.HrmSelectiveWorkSettlementConfig:selective_work	1268.51,19515.53 1911.93,19272.83
edge:declared:db.HrmSigner:hrm	-788.39,15979.26 -547.76,16044.37
edge:declared:db.HrmSlackChannelConfig:integration	-795.03,16656.43 -760.19,16605.52
edge:declared:db.HrmSlackIntegration:hrm	-708.15,16531.52 -489.54,16228.66
edge:declared:db.HrmStaffNote:hrm	-1277.83,16031.97 -547.76,16077.65
edge:declared:db.HrmStaggeredWorkSchedule:staggered_work	1363.97,20425.03 720.12,19578.33
edge:declared:db.HrmStandardWork:hrm	-1096.91,16708.30 -547.76,16227.69
edge:declared:db.HrmStandardWorkSchedule:standard_work	-1519.61,17641.60 -1154.89,16782.30
edge:declared:db.HrmTag:hrm_set	-992.29,15715.81 -547.76,15989.24
edge:declared:db.HrmWorkAutoClockOutConfig:work	1215.80,18949.36 1762.65,18992.83
edge:declared:db.HrmWorkBase:emp_set	2022.65,18959.66 4425.73,18155.45
edge:declared:db.HrmWorkBase:hrm	1844.94,18942.17 -277.47,16228.66
edge:declared:db.HrmWorkIndividualApprovalTemplateRelation:work	2342.70,19049.56 2022.65,19016.57
edge:declared:db.HrmWorkLocation:hrm	3329.75,15391.72 -227.76,16057.71
edge:declared:db.HrmWorkLocationGpsConfig:work_location	5319.40,15285.37 3577.75,15362.98
edge:declared:db.HrmWorkOvertime:work	1301.85,18852.92 1762.65,18970.11
edge:declared:db.IBKSignupChannel:ibk_user_login_token	25970.01,14550.21 25939.76,14500.50
edge:declared:db.IBKUserLoginToken:ibk_user	25942.60,14426.50 25971.63,14384.15
edge:declared:db.IaAccountInfo:investment_association	34252.98,18184.22 30794.03,16692.84
edge:declared:db.IaCertificateOfInvestmentDocument:partner	37010.23,18531.55 39456.45,18238.05
edge:declared:db.IaCertificateOfInvestmentDocumentRecipient:certificate_of_investment_document_email	-2495.45,20068.40 -2522.84,20146.33
edge:declared:db.IaConfirmationRequest:investment_association	25304.74,18908.23 30486.03,16692.30
edge:declared:db.IaConfirmationRequest:partner_list_file	25018.02,18934.61 20788.00,18500.75
edge:declared:db.IaConsentForm:consent_form_or_meeting	35496.49,18640.80 33661.68,19220.47
edge:declared:db.IaConsentFormDocument:consent_form	36092.45,18519.12 35759.11,18578.07
edge:declared:db.IaConsentFormDocument:partner	36462.45,18471.59 39456.45,18231.79
edge:declared:db.IaConsentFormOrMeeting:investment_association	33436.78,19220.47 30783.42,16759.44
edge:declared:db.IaConsentFormOrMeetingDocumentGeneration:consent_form_or_meeting	33937.30,19217.21 33686.42,19249.04
edge:declared:db.IaConsentFormOrMeetingDocumentGenerationItem:document	35251.39,19190.80 35734.43,19299.39
edge:declared:db.IaConsentFormOrMeetingDocumentGenerationItem:generation	34896.81,19161.89 34280.30,19188.15
edge:declared:db.IaConsentFormOrMeetingElectronicSignatureRequest:document	32953.07,20793.46 33808.10,19985.37
edge:declared:db.IaConsentFormOrMeetingElectronicSignatureRequestModusignDocument:electronic_signature_request	31114.46,20513.02 32698.99,20809.42
edge:declared:db.IaConsentFormOrMeetingElectronicSignatureRequestModusignEmbeddedDraft:electronic_signature_request	31868.21,21007.58 32698.99,20877.47
edge:declared:db.IaConsentFormOrMeetingElectronicSignatureRequestStatusHistory:electronic_signature_request	32757.73,21475.25 32885.25,20899.46
edge:declared:db.IaConsentFormOrMeetingElectronicSignatureRequestUploadedModusignDocument:electronic_signature_request	29308.10,21161.10 32698.99,20863.82
edge:declared:db.IaConsentFormOrMeetingElectronicSignatureRequiredDocument:consent_form_or_meeting	33834.40,19879.37 33523.70,19326.47
edge:declared:db.IaConsentFormOrMeetingElectronicSignatureRequiredDocument:edited_file	33666.18,19910.71 20788.00,18502.04
edge:declared:db.IaConsentFormOrMeetingElectronicSignatureRequiredDocument:partner	34042.05,19879.37 39456.45,18265.99
edge:declared:db.IaConsentFormOrMeetingEsigRequiredDocumentPageRange:esig_required_document	34527.02,19818.87 34062.18,19898.46
edge:declared:db.IaConsentFormOrMeetingEsigRequiredDocumentPageRange:page_range_document	34819.06,19747.96 35734.43,19387.80
edge:declared:db.IaConsentFormOrMeetingGuideEmail:consent_form_or_meeting	33875.83,18918.72 33550.98,19220.47
edge:declared:db.IaConsentFormOrMeetingGuideEmailRecipient:consent_form_or_meeting_guide_email	33874.73,18704.92 33907.09,18844.72
edge:declared:db.IaDocumentArchive:investment_association	32577.72,15022.37 30794.03,16498.96
edge:declared:db.IaDocumentArchiveAttachment:ia_document_archive	32259.03,15085.62 32504.42,15017.92
edge:declared:db.IaExpertPartnerBulkEmailTemplate:legal_partner	21375.94,15223.83 22310.39,14811.52
edge:declared:db.IaFoundingProgressStatus:investment_association	32081.71,17580.97 30794.03,16728.40
edge:declared:db.IaGpAppointmentEvent:partner	35754.02,17892.62 39456.45,18205.92
edge:declared:db.IaGpTerminationEvent:appointment_event	35919.46,18147.76 35674.70,17923.13
edge:declared:db.IaGpTerminationEvent:partner	36088.14,18189.79 39456.45,18217.90
edge:declared:db.IaInvestmentCertificateRegistrationRequest:partner	39602.12,19783.12 39612.66,18328.21
edge:declared:db.IaLegalPartnerRelation:investment_association	26019.79,15246.82 30486.03,16580.45
edge:declared:db.IaLegalPartnerRelation:legal_partner	25783.79,15195.51 22618.39,14764.54
edge:declared:db.IaMeeting:consent_form_or_meeting	34473.84,20737.37 33529.40,19326.47
edge:declared:db.IaMeetingAgenda:meeting	35434.94,20566.14 34653.67,20763.29
edge:declared:db.IaMeetingAgendaVote:agenda	35307.80,22528.07 35588.08,20567.02
edge:declared:db.IaMeetingAgendaVote:electronic_signature	35244.70,22528.07 32970.98,20899.46
edge:declared:db.IaMeetingAgendaVote:partner	35342.58,22528.07 39505.41,18328.21
edge:declared:db.IaMeetingConvocationNoticeEmail:ia_meeting	35099.48,22077.16 34542.57,20859.37
edge:declared:db.IaMeetingConvocationNoticeRecipient:convocation_notice_email	34933.48,21284.86 35108.24,22077.16
edge:declared:db.IaMeetingMinutesDocument:meeting	35136.47,20061.04 34566.11,20737.37
edge:declared:db.IaMeetingNoticeDocument:meeting	34844.94,19944.68 34538.27,20737.37
edge:declared:db.IaMeetingSealedNoticeDocumentFile:ia_meeting	31038.77,19854.79 34375.67,20760.64
edge:declared:db.IaMeetingShortenPeriodDocument:meeting	36467.93,19717.55 34624.91,20737.37
edge:declared:db.IaMeetingShortenPeriodDocument:partner	36628.44,19635.55 39456.45,18293.70
edge:declared:db.IaModusignDocumentUsageHistory:investment_association	28374.28,15228.50 30486.03,16531.42
edge:declared:db.IaOperation:_deprecated_investment_association	34720.46,16412.65 30794.03,16618.37
edge:declared:db.IaOperation:ia_operation_management	34798.90,16443.47 34644.32,16588.02
edge:declared:db.IaOperationManagement:investment_association	34486.76,16625.06 30794.03,16626.38
edge:declared:db.IaOwner:investment_association	34524.34,17131.07 30794.03,16646.45
edge:declared:db.IaOwner:partner	34776.34,17174.65 39456.45,18185.31
edge:declared:db.IaOwnerAuditLog:investment_association	24242.23,6254.02 30557.99,16493.44
edge:declared:db.IaPartnerDataCollection:investment_association	25968.94,17668.19 30486.03,16660.79
edge:declared:db.IaPartnerDataCollectionItem:address	25354.98,17968.61 24244.01,18820.73
edge:declared:db.IaPartnerDataCollectionItem:ia_partner_data_collection	25485.65,17886.61 25767.72,17736.84
edge:declared:db.IaPartnerDataCollectionItemReply:address	25582.23,18121.51 24244.01,18854.50
edge:declared:db.IaPartnerDataCollectionItemReply:ia_partner_data_collection	25677.10,18039.51 25824.92,17736.84
edge:declared:db.IaPartnerDataCollectionItemReply:ia_partner_data_collection_item	25590.40,18039.51 25475.11,17968.61
edge:declared:db.IaPartnerInvestmentConfirmation:partner	35512.93,17121.15 39456.45,18177.17
edge:declared:db.IaPartnerInvestmentConfirmationEmailRecipient:ia_partner_investment_confirmation_email	11925.88,5642.04 11853.31,5684.77
edge:declared:db.IaPartnerWithdrawalEvent:partner	39546.59,17996.23 39580.77,18110.21
edge:declared:db.IaPaymentLink:investment_association	26458.45,13448.64 30486.03,16509.41
edge:declared:db.IaPfCompany:investment_association	33225.39,19513.35 30759.14,16759.44
edge:declared:db.IaPfCompanyInvestment:ia_pf_company	32425.96,20369.23 33220.91,19587.35
edge:declared:db.IaPfCompanyInvestmentSalesIntent:ia_pf_company_investment	34913.69,22710.71 32429.35,20451.23
edge:declared:db.IaPfCompanyInvestmentStock:ia_pf_company_investment	31491.47,20457.24 32260.27,20416.76
edge:declared:db.IaQuestionThread:investment_association	26126.80,13424.23 30486.03,16517.17
edge:declared:db.IaRule:address	27645.43,19264.07 24244.01,18952.94
edge:declared:db.IaRule:file	27645.43,19261.57 20788.00,18502.30
edge:declared:db.IaRule:investment_association	27841.38,19214.96 30496.23,16759.44
edge:declared:db.IaRuleCompensation:rule	28039.61,19211.24 27905.43,19244.11
edge:declared:db.IaRuleDocument:rule	32605.92,19251.39 27905.43,19275.30
edge:declared:db.IaRuleInvestment:rule	28145.70,19535.07 27862.60,19336.96
edge:declared:db.IaRuleMeeting:rule	28167.63,19058.06 27885.23,19214.96
edge:declared:db.IaRulePartner:rule	28273.32,19397.76 27905.43,19307.76
edge:declared:db.IaSealStamp:image_file	23279.16,18041.53 20788.00,18450.10
edge:declared:db.IaSealStamp:investment_association	23527.16,17997.29 30486.03,16656.12
edge:declared:db.IaSealStampImage:seal_stamp	22434.28,18321.04 23279.16,18059.57
edge:declared:db.IaUserInvitation:ia_owner	34137.22,16847.07 34580.30,17106.44
edge:declared:db.IaUserInvitation:investment_association	33943.18,16799.57 30794.03,16634.51
edge:declared:db.IaUserInvitationInvitee:_deprecated_individual_partner	37161.65,16671.77 36604.60,17040.85
edge:declared:db.IaUserInvitationInvitee:invitation	37111.61,16629.94 34191.18,16798.90
edge:declared:db.IaUserInvitationInvitee:legal_representative	37236.50,16671.77 37242.20,16986.71
edge:declared:db.IaUserInvitationInvitee:manager	37280.81,16671.77 38049.93,17505.62
edge:declared:db.IaUserInvitationInvitee:partner	37308.59,16671.77 39456.45,18113.80
edge:declared:db.IaWrittenResolutionDocument:meeting	36196.12,19587.75 34599.39,20737.37
edge:declared:db.IaWrittenResolutionDocument:partner	36356.85,19505.75 39456.45,18281.23
edge:declared:db.ImAccessLog:investor_matching	30668.91,11203.56 28522.64,10924.82
edge:declared:db.ImAccessLog:venture_capital	30904.91,11238.93 37744.83,12401.21
edge:declared:db.ImAttachment:investor_matching	32564.53,11188.19 28522.64,10915.94
edge:declared:db.ImAttachmentDownloadLog:attachment	34296.56,11701.54 32812.53,11235.48
edge:declared:db.ImAttachmentDownloadLog:venture_capital	34532.38,11761.84 37744.83,12396.15
edge:declared:db.ImAttachmentPdfEvent:attachment	34122.14,11517.25 32812.53,11224.28
edge:declared:db.ImAttachmentPdfEvent:pdf_event	34218.33,11503.99 34188.64,11460.22
edge:declared:db.ImAttachmentPdfEvent:venture_capital	34370.14,11574.87 37744.83,12388.14
edge:declared:db.ImBrokerAssignment:_deprecated_assigned_companies	29277.24,11674.93 16175.50,12432.50
edge:declared:db.ImBrokerAssignment:assigned_investors	29525.24,11678.88 37744.83,12415.98
edge:declared:db.ImBrokerAssignment:im_broker	29525.24,11681.12 33466.56,12105.75
edge:declared:db.ImBrokerAssignment:investor_matching	29335.56,11618.76 28505.30,10999.38
edge:declared:db.ImBrokerAssignmentInvitedUser:broker_assignment	31838.92,11823.93 29525.24,11675.70
edge:declared:db.ImBrokerAssignmentInvitedUser:venture_capital	32115.92,11846.76 37744.83,12413.94
edge:declared:db.ImConsultingRequest:company	26766.58,9544.46 16175.50,12392.40
edge:declared:db.ImConsultingRequest:investor_matching	26934.37,9552.12 28281.32,10813.38
edge:declared:db.ImContactRequest:investor_matching	30525.96,11496.17 28522.64,10945.42
edge:declared:db.ImContactRequest:venture_capital	30773.96,11545.63 37744.83,12409.67
edge:declared:db.ImContactRequestIntention:im_contact_request	30334.07,11350.93 30577.74,11489.26
edge:declared:db.ImDay:recipients	33551.20,10592.07 34981.57,10784.03
edge:declared:db.ImDay:venture_capitals	33545.98,10624.43 37744.83,12356.57
edge:declared:db.ImDayParticipation:im_day	33129.88,10512.31 33303.20,10549.10
edge:declared:db.ImDayParticipation:investor_matching	32881.88,10497.25 28522.64,10893.47
edge:declared:db.ImDayParticipation:venture_capital	33129.81,10534.98 37744.83,12359.73
edge:declared:db.ImDayParticipationAttachment:participation	32693.88,10281.95 32930.95,10436.98
edge:declared:db.ImDaySurvey:im_day	32320.51,10939.02 33303.20,10616.17
edge:declared:db.ImDaySurvey:investor_matching	32089.89,10973.87 28522.64,10908.96
edge:declared:db.ImDisclosing:investor_matching	29336.95,9756.70 28458.00,10813.38
edge:declared:db.ImInvestorBroker:venture_capital	35330.31,12306.74 37744.83,12423.58
edge:declared:db.ImInvestorMemo:investor_matching	29885.93,11499.55 28522.64,10962.34
edge:declared:db.ImInvestorMemo:venture_capital	30097.82,11549.85 37744.83,12411.74
edge:declared:db.ImIrPartnerBrokerOwnerRelation:im_ir_partner_broker	30785.56,12143.64 31059.90,12082.41
edge:declared:db.ImNote:investor_matching	29013.29,10389.95 28494.57,10813.38
edge:declared:db.ImTag:investor_matching_set	30579.87,10406.97 28522.64,10874.13
edge:declared:db.ImWatching:_deprecated_investor_matching	28032.45,9090.63 28362.81,10813.38
edge:declared:db.ImWatching:company	27900.59,9084.59 16175.50,12389.93
edge:declared:db.ImWatching:venture_capital	28144.63,9090.63 37744.83,12369.63
edge:declared:db.InauguralConsentDocument:director_change_agenda	13285.86,23221.04 12677.57,22918.62
edge:declared:db.IncorporationBenefitRequest:incorporation_request	22016.11,15230.97 21832.05,15820.76
edge:declared:db.IncorporationBenefitRequest:tax_partner	22063.54,15156.97 22343.18,14868.57
edge:declared:db.IncorporationRequest:address	21879.11,16030.76 23994.98,18813.85
edge:declared:db.IncorporationRequest:balance_certificate_account_file	21749.92,16030.76 20700.01,18264.26
edge:declared:db.IncorporationRequest:balance_certificate_account_holder	21899.83,16030.76 23304.37,17497.42
edge:declared:db.IncorporationRequest:company	21651.28,15837.11 16175.50,12557.29
edge:declared:db.IncorporationRequest:company_question_thread	21651.28,15839.55 19118.96,14364.56
edge:declared:db.IncorporationRequestAoiFile:incorporation_request	22146.91,15784.32 21947.28,15865.54
edge:declared:db.IncorporationRequestAssistance:incorporation_request	22298.44,15977.26 21947.28,15941.03
edge:declared:db.IncorporationRequestAssistance:legal_partner	22439.78,15950.76 22461.84,14868.57
edge:declared:db.IncorporationRequestAssistanceReceipt:incorporation_request_assistance	22102.87,17204.16 22427.57,16032.76
edge:declared:db.IncorporationRequestDirector:address	22610.53,17221.63 23982.32,18813.85
edge:declared:db.IncorporationRequestDirector:incorporation_request	22555.74,17147.63 21864.29,16030.76
edge:declared:db.IncorporationRequestPromoter:address	23377.29,17595.42 24023.69,18813.85
edge:declared:db.IncorporationRequestPromoterCustodian:address	23725.15,17625.62 24055.28,18813.85
edge:declared:db.IncorporationRequestPromoterCustodian:promoter	23550.87,17569.58 23484.29,17561.86
edge:declared:db.IncorporationRequestPromoterInstitutionCeo:promoter	23381.57,17329.09 23358.12,17497.42
edge:declared:db.IncorporationRequestPurpose:incorporation_request	21328.32,16040.85 21651.28,15961.93
edge:declared:db.IndividualInvestorCompanyCeo:company_info	27536.22,22010.95 29348.47,24007.76
edge:declared:db.IndividualInvestorCompanyInfo:address	29343.19,24007.76 24219.55,19063.85
edge:declared:db.IndividualInvestorCompanyInfo:company	29454.24,24089.76 32299.34,25791.06
edge:declared:db.IndividualInvestorCompanyName:non_unified_share_company	34766.83,25196.53 32538.04,25819.71
edge:declared:db.IndividualInvestorCompanyParValue:non_unified_share_company	31498.85,25454.62 32278.04,25798.66
edge:declared:db.IndividualInvestorCompanyShareClass:non_unified_share_company	32090.27,27233.08 32393.04,25921.06
edge:declared:db.IndividualInvestorCompanyShareStock:_deprecated_non_unified_stock_create_request	31596.86,26586.91 31265.12,28058.24
edge:declared:db.IndividualInvestorCompanyShareStock:_deprecated_stock_unissued_confirmation_file	31605.94,26586.91 31501.83,29181.32
edge:declared:db.IndividualInvestorCompanyShareStock:management_history	31441.41,26570.37 30475.62,26758.65
edge:declared:db.IndividualInvestorCompanyShareStock:non_unified_share_company	31665.41,26488.91 32331.76,25921.06
edge:declared:db.IndividualInvestorCompanyShareStock:share_class	31639.62,26586.91 32057.79,27233.08
edge:declared:db.IndividualInvestorEvent:company	36961.68,27970.00 32538.04,25916.41
edge:declared:db.IndividualInvestorStakeholder:address	29424.19,22820.83 24244.01,19050.92
edge:declared:db.IndividualInvestorStakeholder:company	29520.62,22902.83 32344.49,25791.06
edge:declared:db.IndividualInvestorUser:address	25654.64,20217.63 24242.95,19063.85
edge:declared:db.IndividualStockOption:company	30346.98,23241.19 32356.81,25791.06
edge:declared:db.IndividualStockOption:create_request	30432.05,23164.99 31341.12,23030.72
edge:declared:db.IndividualStockOption:grantee	30280.12,23127.19 29901.15,22142.00
edge:declared:db.IndividualStockOptionCreateRequestEtcFile:create_request	32543.96,22979.89 31655.12,23003.38
edge:declared:db.IndividualStockOptionGrantContract:individual_stock_option	29923.17,22893.26 30227.82,23127.19
edge:declared:db.IndividualStockOptionGrantee:stakeholder	29867.05,22142.00 29502.55,22820.83
edge:declared:db.IndividualStockOptionResumeEvent:pause_event	33413.55,29378.17 32623.36,27331.80
edge:declared:db.IndividualStockOptionSalesIntent:individual_stock_option	33721.94,23108.28 30432.05,23181.30
edge:declared:db.IndividualStockOptionVesting:individual_stock_option	31040.68,23551.27 30416.74,23241.19
edge:declared:db.IndividualStockOptionVestingItem:individual_stock_option_vesting	31223.26,23413.52 31138.02,23551.27
edge:declared:db.IndividualStockOptionVestingTraceable:individual_stock_option	30714.72,22847.28 30371.87,23127.19
edge:declared:db.InputSignupChannel:input_channel	26143.07,15099.23 26569.50,15255.88
edge:declared:db.InstitutionStakeholderManager:institution_stakeholder	10027.48,21571.22 10051.18,21200.14
edge:declared:db.InternetRegistryOfficeOtp:company	16934.28,16225.61 16039.94,12660.49
edge:declared:db.InternetRegistryOfficeOtp:director	16857.57,16307.61 16743.39,16361.42
edge:declared:db.InternetRegistryOfficeOtpReturnRequest:internet_registry_office_otp	22265.18,19441.36 17013.28,16307.61
edge:declared:db.InternetRegistryOfficeOtpReturnRequest:recipient_address	22448.09,19441.36 23936.01,18985.98
edge:declared:db.InvestmentAgreement:document	17524.68,15994.86 18257.76,15400.65
edge:declared:db.InvestmentAgreement:stakeholder	17394.44,16068.86 10125.11,19248.63
edge:declared:db.InvestmentAgreementDocument:company	18278.91,15302.65 16159.56,12660.49
edge:declared:db.InvestmentAgreementDocument:pdf_file	18353.90,15400.65 20439.92,18264.26
edge:declared:db.InvestmentAssociation:venture_capital	30794.03,16537.83 37744.83,12538.35
edge:declared:db.InvestmentAssociationDocument:investment_association	35759.33,19270.54 30794.03,16705.98
edge:declared:db.InvestmentAssociationEvent:investment_association	33275.16,17608.02 30794.03,16683.80
edge:declared:db.InvestmentAssociationIndividualPartnerLegalRepresentative:ward	37044.87,17040.15 36716.72,17067.40
edge:declared:db.InvestmentAssociationOrganizationPartnerCeo:organization_partner	38920.80,16812.59 38384.40,16852.38
edge:declared:db.InvestmentAssociationOrganizationPartnerCorporationSignerCeo:corporation	38838.79,14959.18 38743.84,14904.67
edge:declared:db.InvestmentAssociationOrganizationPartnerManager:organization_partner	35097.49,15479.04 38093.18,16816.84
edge:declared:db.InvestmentAssociationOrganizationPartnerSigner:_deprecated_manager	37783.84,15117.52 35212.64,15418.84
edge:declared:db.InvestmentAssociationOrganizationPartnerSigner:organization_partner	37987.46,15139.32 38196.79,16816.84
edge:declared:db.InvestmentAssociationPartner:address	39456.45,18226.49 24244.01,18931.71
edge:declared:db.InvestmentAssociationPartner:investment_association	39456.45,18191.34 30794.03,16653.77
edge:declared:db.InvestmentAssociationPartnerManager:partner	38167.70,17579.62 39456.45,18149.75
edge:declared:db.InvestmentAssociationPartnerResume:partner	41049.68,16740.98 39719.35,18110.21
edge:declared:db.InvestmentAssociationPartnerResume:signer	41010.17,16658.98 38068.94,15139.32
edge:declared:db.InvestmentAssociationPartnerResumeItem:resume	41243.85,16372.51 41108.84,16658.98
edge:declared:db.InvestmentAssociationPartnerSalesIntent:partner	37090.58,21788.27 39536.40,18328.21
edge:declared:db.InvestmentAssociationShare:investment_association	34379.43,17483.18 30794.03,16661.72
edge:declared:db.InvestmentAssociationShare:partner	34619.43,17527.30 39456.45,18197.46
edge:declared:db.InvestmentRound:company	16135.86,10653.51 16003.73,12226.49
edge:declared:db.InvestmentRoundNewIssueEvent:investment_round	16155.63,10178.33 16140.84,10571.51
edge:declared:db.InvestmentRoundNewIssueEvent:new_issue_event	16149.07,10104.33 16062.30,9700.33
edge:declared:db.InvestmentSimulation:company	13146.02,6878.87 15874.77,12226.49
edge:declared:db.InvestmentSimulationInitialOption:option_grantee	11327.16,6638.87 11807.28,6738.73
edge:declared:db.InvestmentSimulationInitialOptionGrantee:simulation	12164.17,6784.88 12999.06,6827.53
edge:declared:db.InvestmentSimulationInitialShareholder:simulation	9961.17,5975.70 12999.06,6800.22
edge:declared:db.InvestmentSimulationInitialStock:shareholder	7907.73,3965.66 9788.89,5901.70
edge:declared:db.InvestmentSimulationInvestor:simulation_round	18095.99,3943.35 14231.21,6298.89
edge:declared:db.InvestmentSimulationNewIssueInvestment:investor	17653.30,5349.72 18148.81,3943.35
edge:declared:db.InvestmentSimulationPurchaseInvestment:investor	21205.73,5595.79 18236.92,3943.35
edge:declared:db.InvestmentSimulationPurchaseSellStock:seller	21628.93,5189.18 21301.95,5595.79
edge:declared:db.InvestmentSimulationRound:simulation	14092.68,6372.89 13217.71,6788.87
edge:declared:db.InvestorInterest:venture_capital	39478.27,13500.33 38112.83,12559.29
edge:declared:db.InvestorMatching:_deprecated_excluded_companies	28238.64,10923.99 16175.50,12419.93
edge:declared:db.InvestorMatching:excluded_investors	28522.64,10929.08 37744.83,12403.07
edge:declared:db.InvestorRelations:previous_investors	30725.81,7649.41 37744.83,12310.30
edge:declared:db.InvestorRelationsSurvey:_deprecated_preferred_investors	35782.12,10511.05 37744.83,12267.79
edge:declared:db.InvestorRelationsSurvey:investor_relations	35675.44,10437.05 30725.81,7634.35
edge:declared:db.InvitationSeat:allocated_seat	8474.10,13137.59 8064.86,13252.40
edge:declared:db.InvitationSeat:invitation_seat_request	8618.86,13067.48 9886.05,11315.39
edge:declared:db.InvitationSeatRequest:company	10039.70,11298.27 15795.50,12406.89
edge:declared:db.IrAiAnalysis:investor_relations	31323.76,7118.25 30725.81,7459.31
edge:declared:db.IrAiAnalysisLike:ai_analysis	31872.29,6683.56 31433.63,7044.25
edge:declared:db.IrAiSummary:investor_relations	32203.41,7254.13 30725.81,7519.49
edge:declared:db.IrAlert:ir_set	35041.29,9442.46 30725.81,7612.45
edge:declared:db.IrAlert:venture_capital	35176.78,9524.46 37744.83,12238.05
edge:declared:db.IrAlertInvestorRelations:investor_relations	33975.55,9159.45 30725.81,7620.10
edge:declared:db.IrAlertInvestorRelations:ir_alert	34171.66,9227.68 35013.98,9450.64
edge:declared:db.IrApproval:investor_relations	30680.16,7052.06 30600.04,7418.15
edge:declared:db.IrApprovalNotificationDismiss:ir_approval	30799.13,6714.00 30701.89,6978.06
edge:declared:db.IrBrokerActivity:investor_relations	30303.32,8227.00 30520.87,7676.15
edge:declared:db.IrBrokerActivity:vc_user_relations	30359.03,8301.00 35025.55,10756.41
edge:declared:db.IrClosing:investor_relations	32978.38,6707.62 30725.81,7493.43
edge:declared:db.IrCommittedInvestmentAmount:investor_relations	34630.99,10023.33 30725.81,7641.09
edge:declared:db.IrCommittedInvestmentAmount:venture_capital	34742.13,10097.33 37744.83,12297.65
edge:declared:db.IrCompanyCreate:company	17487.39,9819.12 16109.69,12226.49
edge:declared:db.IrFeed:investor_relations	30314.25,7472.45 30417.81,7502.49
edge:declared:db.IrFeedAccessLog:ir_feeds	33443.91,9598.41 30257.97,7481.49
edge:declared:db.IrFeedAccessLog:venture_capital	33558.18,9672.41 37744.83,12316.28
edge:declared:db.IrFeedRating:ir_feed	29872.53,7493.15 30066.25,7458.60
edge:declared:db.IrFundRaising:investor_relations	36073.40,7542.96 30725.81,7547.03
edge:declared:db.IrFundRaising:venture_capital	36213.33,7587.87 37856.24,12227.48
edge:declared:db.IrFundRaisingMemo:fund_raising	35359.95,7781.35 36073.40,7578.18
edge:declared:db.IrFundRaisingStageLog:fund_raising	35548.91,5247.65 36184.69,7497.87
edge:declared:db.IrInsightClub:pitching_day_hall	35898.90,8787.39 35574.86,8722.25
edge:declared:db.IrInsightClub:venture_capitals	36044.49,8853.32 37820.90,12227.48
edge:declared:db.IrInsightClubParticipation:investor_relations	35074.19,8026.71 30725.81,7563.55
edge:declared:db.IrInsightClubParticipation:ir_insight_club	35251.45,8085.50 35979.38,8771.32
edge:declared:db.IrInsightClubParticipationAttendee:ir_insight_club_participation	34804.54,7719.41 35147.75,7995.50
edge:declared:db.IrInsightClubSurvey:ir_insight_club_participation	35631.07,8101.08 35333.19,8058.86
edge:declared:db.IrInvestorFeedback:venture_capital	38067.02,12715.57 38028.90,12637.48
edge:declared:db.IrNote:investor_relations	32590.02,7388.02 30725.81,7535.01
edge:declared:db.IrSearchMetadata:investor_relations	32303.67,8042.58 30725.81,7591.20
edge:declared:db.IrSubscription:company	13753.91,7736.70 15882.62,12226.49
edge:declared:db.IrSubscriptionMarketingRequest:ir_subscription	14207.26,7914.10 13817.63,7736.70
edge:declared:db.IrTeamMember:investor_relations	32590.02,7497.94 30725.81,7543.39
edge:declared:db.IrTranscript:investor_relations	32178.69,7607.00 30725.81,7552.89
edge:declared:db.IrosOtpIssueMeetingDocument:stakeholder	9820.51,22731.56 9952.73,19478.24
edge:declared:db.LawtalkSignup:company	17862.06,15171.91 16134.75,12660.49
edge:declared:db.LawtalkSignupAttachment:lawtalk_signup	19361.30,17110.58 17916.19,15245.91
edge:declared:db.LedgerByCustomerDocument:new_issue	16216.24,22641.29 16169.91,22427.44
edge:declared:db.LegalPartner:address_for_express_delivery	22618.39,14679.34 23599.81,14270.01
edge:declared:db.LegalPartner:logo	22401.97,14868.57 20706.36,18264.26
edge:declared:db.LegalPartnerEmail:legal_partner	22916.31,14259.25 22581.03,14618.57
edge:declared:db.LegalPartnerPaypleSettings:legal_partner	23385.86,15616.78 22596.30,14868.57
edge:declared:db.LegalPartnerRegistrationAssistanceSettings:legal_partner	22734.14,16118.00 22488.92,14868.57
edge:declared:db.LegalPartnerSignupChannel:legal_partner	23934.00,14348.27 22618.39,14702.15
edge:declared:db.LegalPartnerSlackChannels:legal_partner	22942.51,14923.46 22618.39,14801.51
edge:declared:db.LegalPartnerUserRelation:legal_partner	23192.77,15919.36 22541.83,14868.57
edge:declared:db.ManualOptionVestingItem:manual_option_vesting	14449.47,18664.72 14477.72,18621.92
edge:declared:db.Meeting:company	17205.38,17455.49 16038.32,12660.49
edge:declared:db.Meeting:electronic_signature_selected_ceo	17169.96,17455.49 16647.26,16498.52
edge:declared:db.Meeting:employee_attorney	17381.86,17476.11 17558.15,17361.30
edge:declared:db.Meeting:meeting_draft	17203.20,17689.49 16491.56,20405.55
edge:declared:db.Meeting:new_articles_of_incorporation_file	17381.86,17612.47 20408.00,18429.93
edge:declared:db.Meeting:new_corporate_registration	17331.79,17455.49 18851.54,15639.76
edge:declared:db.MeetingAttachment:meeting	18525.42,17733.33 17381.86,17590.92
edge:declared:db.MeetingDirectorContact:meeting	13818.63,18151.80 17085.86,17597.59
edge:declared:db.MeetingDirectorContact:stakeholder	13582.63,18208.07 10125.11,19270.24
edge:declared:db.MeetingDocument:directors_meeting	14812.08,25904.84 15438.60,20242.14
edge:declared:db.MeetingDocument:meeting	14846.72,25904.84 17200.34,17689.49
edge:declared:db.MeetingDocument:shareholders_meeting	14849.90,25904.84 15808.60,22737.23
edge:declared:db.MeetingDocumentCache:meeting_document	19779.53,26853.28 14968.28,26128.65
edge:declared:db.MeetingDocumentGeneration:meeting	18493.63,19554.74 17308.22,17689.49
edge:declared:db.MeetingDocumentGenerationItem:meeting_document	22145.57,26963.03 14968.28,26122.68
edge:declared:db.MeetingDocumentGenerationItem:meeting_document_generation	22261.22,26941.78 18535.99,19628.74
edge:declared:db.MeetingDocumentManualModification:meeting_document	17590.48,26266.90 14968.28,26112.33
edge:declared:db.MeetingDraft:company	16445.20,20405.55 15998.03,12660.49
edge:declared:db.MeetingDraftAgendaDirectorChange:meeting_draft	13120.72,20284.12 16293.57,20537.76
edge:declared:db.MeetingDraftAgendaDirectorChange:stakeholder	12854.02,20235.17 10125.11,19373.65
edge:declared:db.MeetingDraftAgendaDirectorCompensation:meeting_draft	15037.33,19976.04 16293.57,20485.64
edge:declared:db.MeetingDraftAgendaDirectorCompensationItem:director_compensation	13722.34,19931.22 14774.62,19937.94
edge:declared:db.MeetingDraftAgendaDirectorCompensationItem:stakeholder	13342.34,19897.64 10125.11,19349.52
edge:declared:db.MeetingDraftRegistrationAssistance:meeting_draft	16275.59,20178.65 16384.18,20405.55
edge:declared:db.MeetingDraftSchedule:meeting_draft	15773.97,20414.03 16293.57,20518.41
edge:declared:db.MembershipContentAccessLog:membership_content	-2059.33,4499.94 -1470.83,4958.39
edge:declared:db.MembershipContentAuthorRelation:author	27821.14,25517.24 27642.47,25334.81
edge:declared:db.MiraeassetAccount:relation	7129.68,11941.38 7304.89,11970.40
edge:declared:db.MnaBuyer:company	13118.69,7850.99 15850.04,12226.49
edge:declared:db.MnaBuyerAttachment:mna_buyer	12400.79,8335.75 13046.32,7850.99
edge:declared:db.ModusignApiLog:modusign_account	22305.35,20029.71 22196.82,20107.36
edge:declared:db.ModusignAuthentication:modusign_account	22391.87,20130.89 22252.33,20144.38
edge:declared:db.ModusignCompanyUserConnection:company	25444.60,9456.33 16175.50,12383.49
edge:declared:db.ModusignDocument:_option_grant_contract	23530.17,20548.58 20930.54,19045.08
edge:declared:db.ModusignDocument:audit_trail_file	23550.36,20546.24 20788.00,18614.15
edge:declared:db.ModusignDocumentActionHistory:modusign_document	24172.36,20526.55 23802.17,20600.19
edge:declared:db.ModusignDocumentActionHistory:modusign_document_participant	24282.26,20462.80 24118.34,20216.28
edge:declared:db.ModusignDocumentModusignAccountRelation:modusign_account	22607.11,20242.09 22252.33,20178.56
edge:declared:db.ModusignDocumentModusignAccountRelation:modusign_document	22875.03,20310.51 23530.17,20572.79
edge:declared:db.ModusignDocumentModusignApiKeyRelation:modusign_api_key	23089.77,20854.04 22914.95,21024.15
edge:declared:db.ModusignDocumentModusignApiKeyRelation:modusign_document	23232.74,20780.04 23530.17,20675.19
edge:declared:db.ModusignDocumentParticipant:modusign_document	24058.42,20216.28 23743.48,20546.24
edge:declared:db.ModusignEmbeddedDraft:modusign_account	22839.05,21739.62 22150.33,20205.36
edge:declared:db.ModusignEmbeddedDraft:modusign_api_key	22863.86,21739.62 22876.22,21098.15
edge:declared:db.ModusignEmbeddedDraft:modusign_document	22899.37,21739.62 23610.33,20708.24
edge:declared:db.ModusignExceededSignings:company	19261.69,10175.88 16175.50,12311.98
edge:declared:db.ModusignIaUserConnection:investment_association	31161.99,15836.84 30727.95,16493.44
edge:declared:db.NaverWorkplaceEmployee:naver_workplace_company	27007.50,14937.91 27167.34,15011.27
edge:declared:db.NcpSignupChannel:naver_workplace_company	26905.84,15025.21 27129.95,15040.32
edge:declared:db.NewIssueNoticeEmail:new_issue	13148.64,20809.51 16015.50,22273.01
edge:declared:db.NewIssueNoticeEmailRecipient:bulk_email_recipient	13405.66,20566.27 17148.52,19166.39
edge:declared:db.NewIssueNoticeEmailRecipient:email	13238.14,20648.27 13126.22,20727.51
edge:declared:db.NewIssueNoticeEmailRecipient:shareholder	13245.82,20648.27 10766.38,22672.54
edge:declared:db.NewIssueSkipNoticeDocument:new_issue_agenda	15192.07,22911.58 16015.50,22423.12
edge:declared:db.NewIssueSkipNoticeDocument:shareholder	14959.95,22944.68 10816.76,22743.84
edge:declared:db.NewIssueStockAcceptanceDocument:new_issue_item	18016.55,26027.26 19459.10,25397.44
edge:declared:db.NewIssueStockAllocationDocument:bonus_issue_agenda	18375.97,24026.92 17785.59,20291.54
edge:declared:db.NewIssueStockAllocationDocument:new_issue_agenda	18329.44,24026.92 16261.40,22427.44
edge:declared:db.NewIssueStockAllocationRecordDateNoticeDocument:bonus_issue_agenda	20299.89,24146.69 17820.99,20291.54
edge:declared:db.NewIssueStockSubscriptionDocument:new_issue_item	17726.86,25174.03 19459.10,25329.05
edge:declared:db.NewIssueStockUnissuedConfirmationDocument:new_issue_item	18509.35,25443.72 19459.10,25353.09
edge:declared:db.NonUnifiedShareCreateRequest:stock_unissued_confirmation_file	31264.79,28148.24 31490.20,29181.32
edge:declared:db.NonUnifiedShareEtcFile:create_request	30976.59,27352.92 31238.27,28058.24
edge:declared:db.NonUnifiedShareEtcFile:management_history	30917.73,27278.92 30384.76,26841.96
edge:declared:db.NonUnifiedShareManagement:non_unified_share_company	32093.89,25972.90 32278.04,25904.41
edge:declared:db.NonUnifiedShareManagementHistory:create_request	30357.82,26841.96 31222.96,28058.24
edge:declared:db.NonUnifiedShareManagementHistory:management	30433.73,26735.96 31876.44,26062.90
edge:declared:db.NonUnifiedShareManagementHistory:renew_request	30262.20,26735.96 29807.08,26319.52
edge:declared:db.NonUnifiedShareManagementHistory:stock_unissued_confirmation_file	30345.78,26841.96 31478.24,29181.32
edge:declared:db.NonUnifiedShareManagementSalesIntent:non_unified_share_management	34802.06,24476.31 32055.48,25972.90
edge:declared:db.NonUnifiedShareSucPoaDocument:modusign_document	25440.82,21352.90 25016.62,21065.88
edge:declared:db.NonUnifiedShareSucPoaDocument:request	25537.18,21434.90 29718.65,26229.52
edge:declared:db.NonUnifiedShareSucPoaDocument:user_address	25477.85,21352.90 24161.87,19063.85
edge:declared:db.NonUnifiedShareSucRenewRequest:management	29909.40,26256.97 31846.90,26032.50
edge:declared:db.NonUnifiedShareSucRenewRequest:renew_stock_unissued_confirmation_file	29784.46,26319.52 31473.46,29181.32
edge:declared:db.NotarizationPoA:meeting	15613.18,22757.65 15699.48,22721.97
edge:declared:db.NotarizationPoaDirectorSigner:director	15037.98,22785.14 14092.61,22814.84
edge:declared:db.NotarizationPoaDirectorSigner:notarization_poa	15306.98,22787.90 15390.01,22792.21
edge:declared:db.NotarizationPoaShareholderSigner:notarization_poa	15696.86,22891.32 15594.91,22839.65
edge:declared:db.NotarizationPoaShareholderSigner:shareholder	15915.37,22952.49 16995.78,23131.95
edge:declared:db.Notification:company	14981.23,9552.95 15910.11,12226.49
edge:declared:db.NotificationInbox:notification	14939.43,9359.96 14961.51,9478.95
edge:declared:db.Option:company	16779.11,17321.25 16020.81,12660.49
edge:declared:db.Option:grantee	16715.59,17411.25 14043.25,19108.92
edge:declared:db.Option:sealed_contract_file	16910.43,17402.52 20408.00,18425.68
edge:declared:db.Option:source_meeting	16884.06,17411.25 17085.86,17504.27
edge:declared:db.OptionAdjustment:event	15414.88,15717.03 15577.17,16769.56
edge:declared:db.OptionContractTemplatePermission:company	18319.09,12990.86 16175.50,12488.06
edge:declared:db.OptionExerciseClaim:company	11397.57,17698.53 15796.05,12660.49
edge:declared:db.OptionExerciseClaim:financial_account	11344.64,17698.53 11397.53,16798.16
edge:declared:db.OptionExerciseClaimAttachment:attachment_setting_item	12964.10,17574.66 12913.08,17423.77
edge:declared:db.OptionExerciseClaimAttachment:option_exercise_claim	12837.46,17628.35 11470.82,17751.79
edge:declared:db.OptionExerciseClaimCandidate:option_exercise_claim	12296.11,17666.26 11470.82,17750.29
edge:declared:db.OptionExerciseClaimCandidate:option_exercise_management	12461.77,17607.31 13422.00,16099.44
edge:declared:db.OptionExerciseClaimCandidate:option_grantee	12478.31,17697.31 13896.26,19108.92
edge:declared:db.OptionExerciseClaimCandidate:stock_subscription_file	12570.11,17666.22 20408.00,18461.97
edge:declared:db.OptionExerciseClaimDocumentSetting:management	13252.95,16663.92 13441.66,16099.44
edge:declared:db.OptionExerciseClaimEventRelation:_deprecated_payment	11635.72,18093.62 11705.10,18090.83
edge:declared:db.OptionExerciseClaimEventRelation:claim	11463.23,18058.87 11367.76,17828.53
edge:declared:db.OptionExerciseClaimEventRelation:event	11442.92,18140.87 11246.57,18356.70
edge:declared:db.OptionExerciseClaimMeetingDocument:exercise_claim	13149.08,22136.05 12781.51,21385.53
edge:declared:db.OptionExerciseClaimMeetingDocument:grantee	13185.06,22136.05 13354.16,21700.02
edge:declared:db.OptionExerciseClaimOption:option_exercise_claim	11672.53,17808.52 11470.82,17781.16
edge:declared:db.OptionExerciseClaimOptionTaxation:_deprecated_claim	11832.45,17930.43 11470.82,17807.66
edge:declared:db.OptionExerciseClaimOptionTaxation:claim_option	11902.81,17930.43 11831.16,17861.80
edge:declared:db.OptionExerciseClaimPayment:option_exercise_claim	11772.61,18048.86 11439.18,17828.53
edge:declared:db.OptionExerciseManagement:company	13509.04,15969.44 15833.09,12660.49
edge:declared:db.OptionExerciseManagement:excluded_institution_set	13333.39,16052.23 11470.22,16307.24
edge:declared:db.OptionExerciseManagementAttachmentSetting:management	12729.69,16713.05 13393.11,16099.44
edge:declared:db.OptionExerciseManagementAttachmentSettingItem:setting	12888.32,17349.77 12701.94,16787.05
edge:declared:db.OptionExerciseManagementCommonSetting:management	13807.85,16238.19 13573.28,16099.44
edge:declared:db.OptionExerciseManagementEmail:option_exercise_management	13786.15,16442.30 13514.83,16099.44
edge:declared:db.OptionExerciseManagementPaymentBankSetting:company	13106.36,12354.65 15795.50,12437.63
edge:declared:db.OptionExerciseManagementReminderSetting:management	13800.41,16064.10 13593.39,16045.88
edge:declared:db.OptionExerciseManagementTaxation:management	13027.71,16185.52 13333.39,16079.52
edge:declared:db.OptionExerciseManagementTaxationDefaultSetting:company	17678.73,9110.96 16095.76,12226.49
edge:declared:db.OptionGrantContract:_deprecated_template	20804.73,18931.08 19464.56,16127.97
edge:declared:db.OptionGrantContract:_grantee	20701.98,18992.40 14842.51,19187.25
edge:declared:db.OptionGrantContract:contract_file	20805.67,18931.08 20698.18,18698.26
edge:declared:db.OptionGrantContract:template_revision	20819.19,18931.08 20267.23,16471.64
edge:declared:db.OptionGrantContractModusignDocument:option_grant_contract	21861.82,20282.91 20877.31,19045.08
edge:declared:db.OptionGrantContractModusignEmbeddedDraft:option_grant_contract	21766.15,20511.48 20866.93,19045.08
edge:declared:db.OptionGrantContractStakeholder:company	19132.62,15164.96 16175.50,12607.79
edge:declared:db.OptionGrantContractTemplate:_deprecated_stakeholder	19424.05,16021.97 19209.08,15270.96
edge:declared:db.OptionGrantContractTemplate:company	19388.81,16021.97 16175.50,12643.27
edge:declared:db.OptionGrantContractTemplateDraft:company	17194.88,13494.88 16175.50,12608.67
edge:declared:db.OptionGrantContractTemplateDraft:stakeholder_set	17280.37,13568.88 19132.41,15164.96
edge:declared:db.OptionGrantContractTemplateRevision:stakeholder_set	20217.55,16381.64 19240.53,15270.96
edge:declared:db.OptionGrantContractTemplateRevision:template	20152.47,16381.64 19562.49,16127.97
edge:declared:db.OptionGrantEvent:_deprecated_grantee	14905.08,18532.72 14039.18,19108.92
edge:declared:db.OptionGrantEvent:share_class	15066.55,18434.72 15351.10,18275.96
edge:declared:db.OptionManagement:agenda_option_grant	14871.82,19391.25 15480.98,19654.94
edge:declared:db.OptionManagementStakeholderSeat:option_management	14470.41,19330.35 14668.35,19345.32
edge:declared:db.OptionManagementStakeholderSeat:stakeholder_seat	14186.41,19320.60 8649.74,19359.16
edge:declared:db.OptionResumeEvent:pause_event	34598.26,4356.76 34463.98,4458.12
edge:declared:db.OptionTag:category	14450.48,13959.62 14465.13,13808.32
edge:declared:db.OptionTag:company	14483.54,13959.62 15795.50,12635.28
edge:declared:db.OptionTagCategory:company	14510.99,13734.32 15795.50,12609.82
edge:declared:db.OptionTaxCalculatorSetting:company	21617.59,9975.59 16175.50,12360.23
edge:declared:db.OptionValueChange:company	16166.83,10803.47 16009.49,12226.49
edge:declared:db.OptionValueChange:investment_round	16163.32,10729.47 16147.72,10653.51
edge:declared:db.OptionVesting:_deprecated_grant_event	14665.54,18426.30 14854.72,18460.98
edge:declared:db.Order:seal_card	1553.93,8267.61 -481.83,8353.86
edge:declared:db.OrderPromotionRelation:order	2938.95,9559.41 1725.57,8311.36
edge:declared:db.OrderPromotionRelation:promotion	3009.70,9559.41 3562.71,8971.05
edge:declared:db.OrderStaffInChargeRelation:order	1464.78,6746.38 1671.04,8213.36
edge:declared:db.OrderStaffInChargeRelation:staff_in_charge	1332.58,6716.21 347.88,6769.19
edge:declared:db.OrderStatusHistory:order	447.51,9932.80 1641.84,8311.36
edge:declared:db.OrganizationChart:company	12575.08,13424.78 15795.50,12498.16
edge:declared:db.OtherDocumentArchive:company	19492.12,16207.97 16175.50,12647.46
edge:declared:db.OtherDocumentArchiveAttachment:other_document_archive	20161.65,17024.42 19556.74,16281.97
edge:declared:db.OwnerRole:company	9747.38,11117.06 15795.50,12403.09
edge:declared:db.OwnerRolePermissionRelation:owner_permission	8792.49,10653.31 8469.69,10562.62
edge:declared:db.OwnerRolePermissionRelation:owner_role	8984.32,10725.99 9537.52,11041.69
edge:declared:db.Payment:_company	21112.93,13426.84 16175.50,12479.93
edge:declared:db.Payment:app_card	21301.44,13508.77 21354.39,13560.35
edge:declared:db.Payment:charge	21112.93,13489.54 20706.71,13607.58
edge:declared:db.Payment:credit_card	21372.93,13448.35 24288.74,13371.53
edge:declared:db.Payment:purchase	21372.93,13477.69 22803.76,13762.98
edge:declared:db.PaymentLink:payment_store	25596.57,13127.70 24076.86,13960.08
edge:declared:db.PaymentLink:question_threads	25554.73,13070.97 21075.12,12647.34
edge:declared:db.PaymentRefund:payment	21480.46,13367.96 21372.93,13405.90
edge:declared:db.PaymentRefund:payment_status_history	21530.93,13293.96 21468.67,13251.61
edge:declared:db.PaymentStatusHistory:payment	21387.55,13251.61 21284.11,13394.77
edge:declared:db.PaymentStore:legal_partner	23901.45,14050.08 22618.39,14669.25
edge:declared:db.Payroll:company	4869.35,4917.25 15795.50,12314.85
edge:declared:db.Payroll:setting	4783.53,4917.25 5267.62,11822.73
edge:declared:db.PayrollAnnualSalaryInfo:employee	8043.28,14498.37 8394.82,14905.11
edge:declared:db.PayrollAnnualSalaryItem:item_setting_relation	6519.96,12187.33 6327.10,11998.88
edge:declared:db.PayrollAnnualSalaryItem:payroll_annual_salary_info	6581.87,12261.33 7987.26,14424.37
edge:declared:db.PayrollDocumentSealStampSetting:_deprecated_ceo	16140.59,14686.92 16587.79,16352.52
edge:declared:db.PayrollDocumentSealStampSetting:company	16126.90,14604.92 15999.70,12660.49
edge:declared:db.PayrollDocumentSealStampSetting:seal_stamp	16144.20,14686.92 16452.42,15551.37
edge:declared:db.PayrollEmployeeMonthlyWage:hrm_emp	4111.75,18522.07 4425.73,18248.02
edge:declared:db.PayrollLedger:company	11427.91,15039.34 15795.50,12551.71
edge:declared:db.PayrollLedgerAttachment:payroll_ldeger	10761.44,14750.36 11245.99,15039.34
edge:declared:db.PayrollLedgerFile:payroll_ledger	11172.47,14743.46 11310.19,15039.34
edge:declared:db.PayrollLedgerFileModificationRequest:payroll_ledger_file	11581.23,14564.54 11266.31,14669.46
edge:declared:db.PayrollLedgerItemSettingRelation:ledger_item	6190.99,11998.88 5259.90,12464.09
edge:declared:db.PayrollLedgerItemSettingRelation:setting	6125.55,11940.01 5394.49,11874.79
edge:declared:db.PayrollManagementRelation:payroll	7512.50,7134.98 4852.42,4917.25
edge:declared:db.PayrollSetting:ledger_item_set	5265.05,11904.73 5190.76,12464.09
edge:declared:db.PayrollSettlement:company_question_thread_set	9487.52,8475.11 18834.96,14194.96
edge:declared:db.PayrollSettlement:payroll	9367.33,8393.11 4858.38,4917.25
edge:declared:db.PayrollSettlementAutoCreation:payroll	5949.89,7154.56 4810.32,4917.25
edge:declared:db.PayrollSettlementAutoCreation:payroll_question_help_template	5977.97,7228.56 6420.57,9002.70
edge:declared:db.PayrollSettlementProgressLog:payroll_settlement	10432.17,9692.73 9453.47,8475.11
edge:declared:db.PayrollSocialInsuranceSetting:hrm	-401.09,16868.25 -390.17,16228.66
edge:declared:db.PayrollStaffUserRelation:payroll	4404.80,5049.74 4661.20,4917.25
edge:declared:db.PayrollStatement:_deprecated_employee	8716.35,15713.69 8515.54,15107.11
edge:declared:db.PayrollStatement:hrm_emp	8627.87,15835.69 4769.73,18001.34
edge:declared:db.PayrollStatement:payroll_ledger	8866.54,15740.55 11210.86,15124.90
edge:declared:db.PayrollStatementAttendance:payroll_statement	8545.39,15801.81 8606.54,15793.14
edge:declared:db.PayrollStatementDocument:payroll_statement	10127.31,15486.43 8866.54,15747.75
edge:declared:db.PayrollStatementEmail:payroll_ledger	10453.72,17457.22 11315.11,15145.34
edge:declared:db.PayrollStatementEmailRecipient:email	10239.71,18676.29 10429.39,17547.22
edge:declared:db.PayrollStatementEmailRecipient:payroll_statement	10211.97,18676.29 8767.56,15835.69
edge:declared:db.PayrollStatementItem:ledger_item_setting_relation	7226.57,12193.58 6436.55,11993.30
edge:declared:db.PayrollStatementItem:payroll_statement	7359.07,12260.49 8712.63,15713.69
edge:declared:db.PayrollStatementPayrollInformation:payroll_statement	8624.80,15971.97 8701.99,15835.69
edge:declared:db.PayrollStatementScheduledEmail:payroll_statement_email	9964.77,17215.29 10362.90,17457.22
edge:declared:db.PayrollStatementScheduledEmailPeriodicTaskRelation:payroll_statement_scheduled_email	9885.98,17300.90 9898.48,17215.29
edge:declared:db.PeriodicOptionVestingItem:periodic_option_vesting	14163.10,18445.38 14111.80,18520.73
edge:declared:db.PhantomStock:company	9244.79,16988.60 15795.50,12571.60
edge:declared:db.PhantomStock:grantee	9174.80,17086.60 9231.66,18125.56
edge:declared:db.PhantomStockGrantContract:phantom_stock	8603.63,17335.43 9078.59,17086.60
edge:declared:db.PhantomStockResumeEvent:pause_event	15399.28,16347.42 15460.84,16248.18
edge:declared:db.PhantomStockVesting:phantom_stock	8616.56,17610.90 9124.64,17086.60
edge:declared:db.PhantomStockVestingItem:phantom_stock_vesting	8478.42,17927.48 8567.16,17684.90
edge:declared:db.PhantomStockVestingTraceable:phantom_stock	8807.79,17784.38 9148.21,17086.60
edge:declared:db.PhantomStockVestingTraceable:source_vesting_item	8707.66,17858.38 8554.37,17927.48
edge:declared:db.PhoneVerification:phone	5586.65,13983.79 3452.96,12550.44
edge:declared:db.PingpongDelivery:dropoff_address	20567.45,12357.58 23632.03,14180.01
edge:declared:db.PitchingDayHall:assigned_irs	35326.86,8668.09 30725.81,7583.45
edge:declared:db.PitchingDayHallAccessLog:pitching_day_hall	35634.22,8921.36 35487.69,8742.32
edge:declared:db.PitchingDayHallAccessLog:venture_capital	35688.62,8995.36 37795.22,12227.48
edge:declared:db.PitchingDayHallAssignedIrs:investor_relations	33157.86,7974.12 30725.81,7572.58
edge:declared:db.PitchingDayHallAssignedIrs:pitching_day_hall	33398.99,8032.09 35326.86,8657.12
edge:declared:db.PortalMenuVisibilitySetting:company	16782.57,10228.48 16063.59,12226.49
edge:declared:db.PortalSetting:company	17993.92,9296.48 16123.99,12226.49
edge:declared:db.PortfolioCompany:company	30650.62,14231.03 16175.50,12466.65
edge:declared:db.PortfolioCompany:venture_capital	30910.62,14213.88 37744.83,12479.18
edge:declared:db.PortfolioCompanyFund:fund	32213.58,14401.86 34971.81,13639.94
edge:declared:db.PortfolioCompanyFund:portfolio_company	31977.58,14417.63 30910.62,14265.42
edge:declared:db.PortfolioCompanyManager:portfolio_company	30344.52,15324.39 30754.31,14311.88
edge:declared:db.PortfolioCompanyUserRelation:portfolio_company	30911.62,14396.08 30837.69,14311.88
edge:declared:db.PrivacyPolicyLog:privacy_policy	138.52,29996.87 152.12,29903.21
edge:declared:db.PromotionAddress:promotion	3503.37,7202.10 3595.48,8897.05
edge:declared:db.PromotionCodeUsageHistory:promotion_code	26332.18,12595.50 26187.58,12388.14
edge:declared:db.PromotionCodeUsageHistory:service_fee_item	26387.37,12669.50 26485.22,12792.69
edge:declared:db.Purchase:_corporate_registration_paid_issue	22803.76,13794.66 20459.87,13828.99
edge:declared:db.Purchase:_credit	22803.76,13796.66 21276.37,13839.66
edge:declared:db.Purchase:_deprecated_payment_store	23099.76,13822.66 23870.70,13979.80
edge:declared:db.Purchase:_incorporation_request	22895.03,13897.49 21856.01,15820.76
edge:declared:db.Purchase:_invitation_seat_request	22803.76,13763.90 10039.70,11298.34
edge:declared:db.Purchase:_meeting	22803.76,13890.33 17381.86,17474.65
edge:declared:db.Purchase:_payment_store_legal_partner	22897.95,13897.49 22528.44,14618.57
edge:declared:db.Purchase:_subscription_payment_request	22923.52,13687.49 22389.51,11701.69
edge:declared:db.Purchase:basket	23099.74,13687.49 23254.22,13577.88
edge:declared:db.Purchase:company	22803.76,13763.83 16175.50,12480.28
edge:declared:db.Purchase:investment_association	23099.76,13847.04 30486.03,16569.67
edge:declared:db.Purchase:service_fee	23099.76,13751.36 23903.38,13528.04
edge:declared:db.Purchase:venture_capital	23099.76,13779.05 37744.83,12449.19
edge:declared:db.PurchaseItem:payment_store	23874.39,13860.82 23957.17,13960.08
edge:declared:db.PurchaseItem:purchase	23725.53,13819.67 23099.76,13797.69
edge:declared:db.PurchaseStatusHistory:purchase	22166.42,13727.44 22803.76,13780.23
edge:declared:db.Purpose:articles_of_incorporation	17216.89,14886.80 17091.94,15322.69
edge:declared:db.Purpose:industrial_code	17226.01,14812.80 17223.53,14751.23
edge:declared:db.QrReplyPasswordReset:request	25050.71,16361.19 25006.15,16636.31
edge:declared:db.QrReplyPasswordResetRequest:reply	24952.66,16710.31 24757.26,16862.51
edge:declared:db.QuarterlyReportRequest:quarterly_report	29435.63,16347.91 29687.62,16052.83
edge:declared:db.QuarterlyReportRequestAttachment:quarterly_report_request	29580.46,16668.45 29427.13,16437.91
edge:declared:db.QuarterlyReportRequestRecipient:email_activity_recipient	30657.51,17124.79 25363.16,22941.53
edge:declared:db.QuarterlyReportRequestRecipient:portfolio_company	30699.77,17034.79 30778.74,14311.88
edge:declared:db.QuarterlyReportRequestRecipient:portfolio_company_manager	30688.81,17034.79 30337.48,15398.39
edge:declared:db.QuarterlyReportRequestRecipient:quarterly_report_request	30613.22,17034.79 29482.45,16437.91
edge:declared:db.QuarterlyReportRequestReportItem:quarterly_report_item	28100.87,16704.74 28687.17,16387.29
edge:declared:db.QuarterlyReportRequestReportItem:quarterly_report_request	28177.29,16704.74 29227.20,16436.36
edge:declared:db.QuarterlyReportSettings:quarterly_report	29472.11,15989.25 29589.80,15992.18
edge:declared:db.QuarterlyReportSignupChannel:portfolio_company	28375.93,14895.43 30650.62,14281.94
edge:declared:db.QuarterlyReportSignupChannel:quarterly_report	28296.66,14973.38 29656.04,15938.83
edge:declared:db.QuestionMessageAttachment:message	21701.50,16109.02 24318.75,11467.10
edge:declared:db.QuestionMessageScheduled:question_thread_message	24556.04,10913.99 24389.73,11321.10
edge:declared:db.QuestionThread:_company	20815.12,12630.03 16175.50,12450.83
edge:declared:db.QuestionThreadAssignment:question_thread	19820.01,12736.58 20815.12,12646.78
edge:declared:db.QuestionThreadMessage:question_thread	24223.91,11443.52 21075.12,12587.81
edge:declared:db.QuestionThreadMessageAccessLog:message	24449.34,11620.49 24388.75,11467.10
edge:declared:db.QuestionThreadMessageCategory:question_thread_message	25388.09,11505.48 24495.91,11408.83
edge:declared:db.QuestionThreadMessagePeriodicTaskRelation:question_message_scheduled	24404.24,10758.73 24518.93,10839.99
edge:declared:db.QuestionThreadMessageProfile:message	24807.61,11212.26 24495.91,11338.86
edge:declared:db.QuestionThreadMessageReminder:message	25388.09,11608.36 24495.91,11422.44
edge:declared:db.QuestionThreadMessageReview:message	24954.13,11715.73 24494.78,11467.10
edge:declared:db.QuestionThreadMessageReviewRequest:message	25402.64,11715.73 24495.91,11436.05
edge:declared:db.QuestionThreadTag:question_thread_set	21001.74,12877.65 20961.22,12704.05
edge:declared:db.RebootProductContactRequest:company	13142.34,11971.45 15795.50,12411.94
edge:declared:db.RegisteredMail:order_status_history	1.77,10029.83 293.31,9990.52
edge:declared:db.RegisteredMail:seal_card_return_status_history	-125.23,10008.74 -171.28,9819.52
edge:declared:db.Registration:meeting	14755.27,19447.96 17085.86,17684.48
edge:declared:db.RegistrationAgenda:agenda_ceo_address_change	12826.78,21675.59 12715.07,22016.99
edge:declared:db.RegistrationAgenda:agenda_director_change	12831.64,21675.59 12582.58,22812.62
edge:declared:db.RegistrationAgenda:agenda_option_exercise	12938.39,21675.59 13154.61,21776.02
edge:declared:db.RegistrationAgenda:registration	12880.57,21585.59 14665.49,19529.96
edge:declared:db.RegistrationAssistance:legal_partner	21365.66,16981.15 22403.01,14868.57
edge:declared:db.RegistrationAssistance:meeting	21221.53,17038.75 17381.86,17552.68
edge:declared:db.RegistrationAssistanceReceipt:registration_assistance	21532.51,16984.72 21469.53,16997.33
edge:declared:db.RegistrationCaseReport:company	13193.19,8282.09 15839.89,12226.49
edge:declared:db.RegistrationCaseReport:jurisdiction	13168.96,8282.09 13194.52,9856.68
edge:declared:db.RegistrationCaseReportUpdateLog:company	17412.54,10755.82 16168.99,12226.49
edge:declared:db.RegistrationDirector:registration	14726.41,19644.96 14707.75,19529.96
edge:declared:db.RegistrationFormCaptable:agenda	19192.89,23904.31 17411.49,21506.99
edge:declared:db.RegistrationFormCaptableDocument:captable	16944.12,25047.66 19138.59,23986.31
edge:declared:db.RegistrationFormCaptableNotarizationRequestor:registration_form_captable	18814.58,23780.89 19121.43,23904.31
edge:declared:db.RegistrationFormCaptableNotarizationRequestor:shareholder	18624.53,23706.89 17366.15,23232.09
edge:declared:db.RegistrationFormHeadOfficeInsideRelocationDocument:head_office_relocation_agenda	19526.23,24044.04 18481.42,21626.78
edge:declared:db.RegistrationFormHeadOfficeOutsideRelocationDocument:head_office_relocation_agenda	20057.55,23970.24 18493.87,21626.78
edge:declared:db.RegistrationHelp:company_question_thread	18058.07,15731.94 18920.56,14370.85
edge:declared:db.RegistrationHelp:meeting	18018.19,15805.94 17285.81,17455.49
edge:declared:db.ResignationLetterDocument:director_change_agenda	13273.81,24324.54 12596.50,22918.62
edge:declared:db.RightToConsentOrConsult:company	14072.61,16642.13 15886.64,12660.49
edge:inheritance:db.RsuAdjustEvent->db.Event	14603.39,16615.62 15445.98,16839.28
edge:declared:db.RsuExerciseClaim:company	13457.13,15366.35 15797.79,12660.49
edge:declared:db.RsuExerciseClaim:financial_account	13331.14,15472.35 11474.51,16700.16
edge:declared:db.RsuExerciseClaimAttachment:attachment_setting_item	12840.37,15551.16 12694.59,15670.25
edge:declared:db.RsuExerciseClaimAttachment:rsu_exercise_claim	13009.17,15491.88 13287.28,15441.72
edge:declared:db.RsuExerciseClaimCandidate:hrm_emp	11611.61,16513.07 4769.73,18059.03
edge:declared:db.RsuExerciseClaimCandidate:rsu_exercise_claim	11814.60,16435.60 13328.01,15472.35
edge:declared:db.RsuExerciseClaimCandidate:rsu_exercise_management	11766.02,16435.60 12009.20,16016.10
edge:declared:db.RsuExerciseClaimCandidate:rsu_grantee	11772.14,16533.60 12050.30,16928.38
edge:declared:db.RsuExerciseClaimCandidateEmailRecipient:candidate	11995.35,16495.94 11863.61,16490.14
edge:declared:db.RsuExerciseClaimEventRelation:claim	14020.74,15558.60 13535.28,15447.68
edge:declared:db.RsuExerciseClaimEventRelation:event	14297.74,15600.53 14893.48,15644.76
edge:declared:db.RsuExerciseClaimRsu:rsu	14087.04,15329.80 14521.26,15266.44
edge:declared:db.RsuExerciseClaimRsu:rsu_exercise_claim	13851.04,15362.32 13535.28,15403.27
edge:declared:db.RsuExerciseManagement:company	12092.51,15918.10 15795.50,12613.07
edge:declared:db.RsuExerciseManagement:excluded_institution_set	11942.74,16016.10 11433.34,16279.21
edge:declared:db.RsuExerciseManagementAttachmentSetting:management	12382.47,15591.39 12082.59,15918.10
edge:declared:db.RsuExerciseManagementAttachmentSettingItem:setting	12592.93,15670.25 12472.79,15591.39
edge:declared:db.RsuExerciseManagementEmail:rsu_exercise_management	12285.74,16053.10 12161.61,16010.08
edge:declared:db.RsuExtraAttachment:rsu	15121.79,14892.68 14753.08,15173.59
edge:declared:db.RsuGrantContract:rsu	15378.27,14974.40 14793.26,15195.25
edge:declared:db.RsuGrantContract:template	15508.56,14884.40 15618.12,14440.00
edge:declared:db.RsuGrantContractModusignDocument:rsu_grant_contract	21410.99,19101.95 15561.25,14974.40
edge:declared:db.RsuGrantContractTemplate:company	15635.72,14358.00 15945.85,12660.49
edge:declared:db.RsuGrantContractTemplate:stakeholder_set	15613.67,14358.00 15529.16,14119.95
edge:declared:db.RsuGrantContractTemplateStakeholder:company	15526.62,14045.95 15923.36,12660.49
edge:declared:db.RsuMeeting:company	15930.41,15203.69 15981.17,12660.49
edge:declared:db.RsuMeeting:meeting	15954.77,15293.69 17168.19,17455.49
edge:declared:db.RsuMeetingAttachment:meeting	15490.57,15195.58 15805.51,15233.69
edge:declared:db.RsuPerformanceCondition:company	14990.51,13888.01 15836.03,12660.49
edge:declared:db.RsuResumeEvent:pause_event	15070.00,17267.87 15097.53,17367.54
edge:declared:db.RsuRsa:company	14691.85,15173.59 15882.68,12660.49
edge:declared:db.RsuRsa:grantee	14548.02,15319.59 12140.54,16928.38
edge:declared:db.RsuRsa:grantee_hrm_emp	14521.26,15285.14 4769.73,18049.14
edge:declared:db.RsuRsa:source_meeting	14793.26,15246.81 15805.51,15248.49
edge:declared:db.RsuRsaSealedContractFile:company	15421.99,14224.64 15916.85,12660.49
edge:declared:db.RsuRsaSealedContractFile:grant_contract	15415.11,14298.64 15491.59,14884.40
edge:declared:db.RsuTag:category	14961.26,14275.81 14977.79,14210.72
edge:declared:db.RsuTag:company	14973.48,14275.81 15865.65,12660.49
edge:declared:db.RsuTag:rsu_set	14937.89,14357.81 14680.31,15173.59
edge:declared:db.RsuTagCategory:company	15008.54,14136.72 15860.30,12660.49
edge:declared:db.RsuVesting:rsu	14322.44,15227.68 14521.26,15238.91
edge:declared:db.RsuVestingItem:performance_condition	14359.14,14781.81 14938.86,13962.01
edge:declared:db.RsuVestingItem:rsu_vesting	14313.29,14871.81 14215.97,15184.01
edge:declared:db.RsuVestingTraceable:rsu	14517.67,15128.47 14570.99,15173.59
edge:declared:db.RsuVestingTraceable:source_vesting_item	14453.44,15054.47 14352.25,14871.81
edge:declared:db.RtccConsentSummary:company	14115.14,11043.50 15795.50,12301.27
edge:declared:db.RtccConsentSummary:source_result	14041.93,10969.50 13660.07,10375.40
edge:declared:db.RtccEmail:right_to_consent_or_consult	13926.57,17037.67 14039.20,16724.13
edge:declared:db.RtccEmailAuthentication:rtcc_investor	14794.71,17547.25 14565.77,17437.85
edge:declared:db.RtccInvestor:right_to_consent_or_consult	14445.12,17347.85 14078.06,16724.13
edge:declared:db.RtccInvestor:stakeholder	14366.30,17437.85 10125.11,19250.30
edge:declared:db.RtccInvestorFile:investor	16006.58,17344.91 14627.10,17387.99
edge:declared:db.RtccSummaryAnalysisRequest:company	14545.06,10874.92 15795.50,12236.59
edge:declared:db.RtccSummaryAnalysisRequestDocument:document	14368.53,10410.58 18279.04,15302.65
edge:declared:db.RtccSummaryAnalysisRequestDocument:request	14352.49,10410.58 14492.41,10792.92
edge:declared:db.RtccSummaryAnalysisResult:request	13705.43,10375.40 14435.70,10792.92
edge:declared:db.RtccSummaryAnalysisResultDocument:document	13757.54,9661.25 18278.94,15302.65
edge:declared:db.RtccSummaryAnalysisResultDocument:result	13722.98,9661.25 13639.16,10293.40
edge:declared:db.Safe:company	13686.25,14193.57 15795.50,12588.11
edge:declared:db.Safe:holder	13584.30,14267.57 11765.68,15529.20
edge:declared:db.SafeCreateEvent:contract_file	18044.75,17903.09 20408.00,18438.24
edge:declared:db.SalesMetric:legal_partner	23304.34,14687.10 22618.39,14733.22
edge:declared:db.SdContactRequest:secondary_deal	37996.64,8559.51 39006.91,6234.15
edge:declared:db.SdContactRequest:venture_capital	37980.06,8633.51 37931.59,12227.48
edge:declared:db.SealCardReturnRequest:seal_card	-1356.47,8440.98 -729.83,8372.64
edge:declared:db.SealCardReturnStatusHistory:seal_card_return_request	-221.49,9737.52 -1440.24,8495.51
edge:declared:db.SealCertificateDelivery:company	19349.13,12378.68 16175.50,12439.83
edge:declared:db.SealCertificateDelivery:seal_card_pickup_delivery	19597.13,12367.99 20361.05,12316.88
edge:declared:db.SealCertificateIssueRequest:delivery	19624.91,12467.69 19554.50,12425.29
edge:declared:db.SealStamp:attachment	16547.34,15657.37 20408.00,18348.80
edge:declared:db.SealStamp:company	16463.17,15551.37 16018.85,12660.49
edge:declared:db.SealStamp:director	16480.10,15657.37 16595.29,16352.52
edge:declared:db.SealStampCardContinuedUseApplicationFormDocument:stakeholder	9244.55,23214.16 9930.29,19478.24
edge:declared:db.SealStampDeclarationDocument:stakeholder	9550.83,23062.75 9941.98,19478.24
edge:declared:db.SealStampImage:seal_stamp	17181.78,15788.06 16595.32,15636.43
edge:declared:db.SealStampUsageHistory:employee	10441.03,15270.77 8624.11,15025.29
edge:declared:db.SealStampUsageHistory:payroll_statement_document	10467.90,15340.52 10313.12,15424.97
edge:declared:db.SealStampUsageHistory:seal_stamp	10689.03,15294.17 16347.32,15597.72
edge:declared:db.SealStampUsageHistory:wht_book	10441.03,15296.63 9614.32,15357.37
edge:declared:db.SealStampUsageHistory:wht_certificate	10639.20,15234.52 10750.94,15154.68
edge:declared:db.SealStampUsageHistory:wht_receipt	10441.03,15239.06 10300.41,15184.11
edge:declared:db.SecondaryDeal:assigned_investors	39037.83,6234.15 37965.51,12227.48
edge:declared:db.SecondaryDeal:business_line	38905.48,6099.10 38177.83,6032.72
edge:declared:db.SecondaryDeal:corporate_registration	38905.48,6039.22 38634.96,5909.36
edge:declared:db.SecondaryDeal:operating_profit	39025.47,5992.15 38636.53,4608.44
edge:declared:db.SelfRegistration:meeting	17540.56,17477.18 17381.86,17526.50
edge:declared:db.ServiceFee:basket	23903.38,13501.71 23424.37,13533.14
edge:declared:db.ServiceFeeItem:product	26394.25,12792.69 24833.75,12274.79
edge:declared:db.ServiceFeeItem:service_fee	26393.79,12866.55 24151.38,13460.72
edge:declared:db.ShareClass:company	15451.05,18169.96 15965.25,12660.49
edge:declared:db.ShareholderInstitutionMember:institution	10209.72,21975.32 10646.08,22672.54
edge:declared:db.ShareholderInstitutionMember:manager	10164.08,21893.32 10043.15,21645.22
edge:declared:db.ShareholderInstitutionMemberCeo:member	10135.28,22580.72 10180.97,21975.32
edge:declared:db.ShareholderVote:agenda	17291.13,22776.66 17307.88,21506.99
edge:declared:db.ShareholderVote:attended_shareholder	17279.27,22850.66 17204.48,23094.09
edge:declared:db.ShareholderVotingRightsPerAgenda:agenda	17095.14,22330.78 17279.10,21506.99
edge:declared:db.ShareholderVotingRightsPerAgenda:shareholder	17091.36,22404.78 17174.92,23094.09
edge:declared:db.ShareholdersAgreementStakeholder:stakeholder	8924.84,19087.06 9793.11,19283.65
edge:declared:db.ShareholdersMeeting:chairperson	15699.48,22678.59 14092.61,22806.63
edge:declared:db.ShareholdersMeeting:meeting	15848.50,22599.23 17201.61,17689.49
edge:declared:db.ShareholdersMeeting:sealed_meeting_minutes_file	15908.06,22599.23 20408.00,18648.09
edge:declared:db.ShareholdersMeetingAgenda:agenda_authorized_shares_change	17149.69,21445.38 16616.24,21696.72
edge:declared:db.ShareholdersMeetingAgenda:agenda_bonus_issue	17364.94,21232.99 17744.61,20291.54
edge:declared:db.ShareholdersMeetingAgenda:agenda_branch_change	17338.52,21232.99 17580.44,20083.20
edge:declared:db.ShareholdersMeetingAgenda:agenda_change_of_articles_of_incorporation	17469.69,21292.27 18884.14,20605.17
edge:declared:db.ShareholdersMeetingAgenda:agenda_co_ceo_system_change	17149.69,21338.04 16133.16,21135.05
edge:declared:db.ShareholdersMeetingAgenda:agenda_company_name_change	17260.08,21232.99 17161.94,20962.01
edge:declared:db.ShareholdersMeetingAgenda:agenda_custom	17149.69,21320.82 16184.44,21024.20
edge:declared:db.ShareholdersMeetingAgenda:agenda_director_change	17149.69,21420.49 12694.97,22826.48
edge:declared:db.ShareholdersMeetingAgenda:agenda_director_compensation_decision	17149.69,21389.88 14904.73,21669.02
edge:declared:db.ShareholdersMeetingAgenda:agenda_director_compensation_rule	17149.69,21316.63 16738.17,21179.40
edge:declared:db.ShareholdersMeetingAgenda:agenda_financial_statements	17310.08,21232.99 17312.86,20246.58
edge:declared:db.ShareholdersMeetingAgenda:agenda_head_office_relocation	17469.69,21398.37 18329.01,21550.81
edge:declared:db.ShareholdersMeetingAgenda:agenda_head_office_relocation_aoi_change	17260.67,21232.99 17095.81,20772.26
edge:declared:db.ShareholdersMeetingAgenda:agenda_method_of_giving_public_notice_change	17300.76,21232.99 17221.68,20019.31
edge:declared:db.ShareholdersMeetingAgenda:agenda_new_issue	17149.69,21504.33 16252.74,22257.44
edge:declared:db.ShareholdersMeetingAgenda:agenda_new_options_rule	17149.69,21267.03 16829.56,21061.04
edge:declared:db.ShareholdersMeetingAgenda:agenda_new_or_change_rsu_rule	17215.01,21232.99 17169.49,21167.13
edge:declared:db.ShareholdersMeetingAgenda:agenda_option_cancel	17149.69,21346.92 15086.73,21049.50
edge:declared:db.ShareholdersMeetingAgenda:agenda_option_grant	17168.20,21232.99 15631.41,19744.94
edge:declared:db.ShareholdersMeetingAgenda:agenda_purpose_change	17469.69,21479.21 17728.39,21655.81
edge:declared:db.ShareholdersMeetingAgenda:agenda_rsu_grant	17149.69,21323.72 15809.88,20936.31
edge:declared:db.ShareholdersMeetingAgenda:agenda_subsidiary_establishment	17149.69,21374.24 15899.77,21407.41
edge:declared:db.ShareholdersMeetingAgenda:meeting	17153.49,21506.99 15908.15,22599.23
edge:declared:db.ShareholdersMeetingConvocationNoticeEmail:shareholders_meeting	18034.07,20728.21 15907.89,22599.23
edge:declared:db.ShareholdersMeetingConvocationNoticeEmailAttachment:convocation_notice_email	19755.42,20400.10 18278.25,20647.62
edge:declared:db.ShareholdersMeetingConvocationNoticeEmailNewIssueAttachment:email	16798.45,22043.01 18043.35,20728.21
edge:declared:db.ShareholdersMeetingConvocationNoticeEmailNewIssueAttachment:new_issue	16677.15,22117.01 16287.50,22284.11
edge:declared:db.ShareholdersMeetingConvocationNoticeEmailRecipient:email_activity_recipient	20820.46,22109.02 25194.56,22966.23
edge:declared:db.ShareholdersMeetingConvocationNoticeRecipient:bulk_email_recipient	18805.60,21011.03 17324.50,19174.77
edge:declared:db.ShareholdersMeetingConvocationNoticeRecipient:convocation_notice_email	18752.08,21011.03 18187.56,20728.21
edge:declared:db.ShareholdersMeetingConvocationNoticeRecipient:shareholder	18806.48,21101.03 17237.59,23094.09
edge:declared:db.ShareholdersMeetingDirectorAttendance:stakeholder	13867.10,22771.18 10125.11,19467.78
edge:declared:db.ShareholdersMeetingPowerOfAttorneyIndividualDocument:shareholder	16442.44,24348.04 17140.14,23232.09
edge:declared:db.ShareholdersMeetingShareholderAttendance:meeting	16995.78,23094.55 15959.48,22715.75
edge:declared:db.ShareholdersMeetingShareholderAttendance:original_shareholder	16995.78,23150.81 10816.76,22746.06
edge:declared:db.ShareholdersMeetingShortenPeriodIndividualDocument:shareholder	16558.65,23456.26 17036.27,23232.09
edge:declared:db.ShareholdersMeetingWrittenDecisionIndividualDocument:shareholder	16956.26,24120.05 17166.91,23232.09
edge:declared:db.Stakeholder:company	10096.68,19164.24 15795.50,12660.33
edge:declared:db.Stakeholder:standardized_address	10125.11,19316.75 23936.01,18943.02
edge:declared:db.StakeholderAccount:account	10936.91,17723.09 11377.09,16798.16
edge:declared:db.StakeholderAccount:stakeholder	10896.54,17797.09 10055.67,19164.24
edge:declared:db.StakeholderCustodian:stakeholder	9377.86,19293.80 9793.11,19313.40
edge:declared:db.StakeholderSeat:stakeholder	8649.74,19356.67 9793.11,19325.73
edge:declared:db.StarredQuestionThread:question_thread	20562.40,12795.33 20815.12,12689.49
edge:declared:db.Stock:company	15423.03,18409.98 15965.04,12660.49
edge:declared:db.Stock:share_class	15424.00,18409.98 15439.84,18275.96
edge:declared:db.Stock:shareholder	15373.90,18491.98 10758.52,22672.54
edge:declared:db.StockDocumentAnalysis:document_ai_process_request	28461.18,27628.18 29234.24,27371.06
edge:declared:db.StockDocumentAnalysis:stock_reregistration_event	28389.60,27702.18 28538.47,27841.04
edge:declared:db.StockTransferAgreement:company	16948.76,18382.45 16020.70,12660.49
edge:declared:db.StockTransferAgreement:purchaser	16825.25,18476.19 10125.11,19300.81
edge:declared:db.StockTransferAgreement:sealed_agreement_file	17097.25,18460.27 20408.00,18480.12
edge:declared:db.StockTransferAgreement:seller	16848.32,18536.45 10782.09,22672.54
edge:declared:db.StockTransferAgreement:stock_transfer_event	16825.25,18430.25 16753.78,18414.91
edge:declared:db.StockTransferAgreementClauses:stock_transfer_agreement	17198.25,18285.89 17066.40,18382.45
edge:declared:db.StockTransferAgreementItem:agreement	16669.34,18273.54 16840.35,18382.45
edge:declared:db.StockTransferAgreementItem:share_class	16487.74,18235.10 15570.10,18224.41
edge:declared:db.StockTransferAgreementManagement:company	17898.57,13217.56 16175.50,12520.37
edge:declared:db.StockTransferAgreementManagement:related_tax_advices	18161.29,13230.17 20815.12,12662.84
edge:declared:db.StockTransferAgreementManagement:stock_transfer_agreement	18000.71,13307.56 16976.79,18382.45
edge:declared:db.StockTransferAgreementManagementStakeholderSeat:stakeholder_seat	6025.33,8536.80 8516.27,19319.02
edge:declared:db.StockTransferAgreementManagementStakeholderSeat:stock_transfer_agreement_management	6109.95,8536.80 17896.48,13217.56
edge:declared:db.StockTransferAgreementModusignDocument:stock_transfer_agreement	20401.66,20216.57 17097.25,18528.91
edge:declared:db.StockTransferAgreementModusignEmbeddedDraft:stock_transfer_agreement	19421.75,19913.12 17091.58,18536.45
edge:declared:db.StockTransferAgreementPurchaserInstitution:agreement	17122.49,18818.12 16995.86,18536.45
edge:declared:db.StockTransferAgreementSellerInstitution:agreement	17153.95,18467.81 17097.25,18465.35
edge:declared:db.StockTransferAgreementSurvey:company	21051.90,10650.12 16175.50,12376.24
edge:declared:db.StockTransferPrice:share_class	16194.92,18314.63 15570.10,18238.14
edge:declared:db.StockTransferPrice:stock_transfer_event	16430.92,18351.19 16517.78,18367.46
edge:declared:db.StockUnissuedConfirmationRequest:company	18368.27,15108.93 16175.50,12656.03
edge:declared:db.StockUnissuedConfirmationRequest:stock_unissued_confirmation_file	18431.91,15190.93 20455.14,18264.26
edge:declared:db.StripeCard:customer	897.31,7249.12 962.30,7621.39
edge:declared:db.StripePayment:card	-226.57,7902.25 830.94,7249.12
edge:declared:db.StripePayment:order	-168.96,7963.33 1553.93,8242.28
edge:declared:db.StripePayment:seal_card_return_request	-388.19,7984.25 -1385.24,8413.51
edge:declared:db.Subscription:company	21501.22,11249.71 16175.50,12402.37
edge:declared:db.Subscription:subscription_contract	21501.22,11251.58 19994.33,11598.38
edge:declared:db.Subscription:subscription_package	21501.22,11240.79 19946.72,11475.26
edge:declared:db.Subscription:subscription_plan	21548.66,11301.28 20987.77,11814.26
edge:declared:db.Subscription:subscription_policy	21501.22,11269.16 20519.46,11622.05
edge:declared:db.Subscription:subscription_promotion	21501.22,11290.82 20813.95,11647.32
edge:declared:db.SubscriptionBonus:subscription	22405.10,11260.90 21773.22,11227.47
edge:declared:db.SubscriptionContract:company	19758.33,11650.35 16175.50,12403.55
edge:declared:db.SubscriptionModusignDocumentUsageHistory:subscription	23404.37,11506.88 21773.22,11242.34
edge:declared:db.SubscriptionPackage:company	19710.72,11522.24 16175.50,12396.50
edge:declared:db.SubscriptionPaymentRequest:company	22252.48,11676.12 16175.50,12420.23
edge:declared:db.SubscriptionPaymentRequest:subscription	22309.47,11619.69 21773.22,11301.08
edge:declared:db.SubscriptionPenaltyPayment:company	19639.20,11763.99 16175.50,12408.15
edge:declared:db.SubscriptionPenaltyPayment:subscription	19879.20,11708.35 21501.22,11258.04
edge:declared:db.SubscriptionPeriod:subscription	22816.66,10860.82 21773.22,11178.83
edge:declared:db.SubscriptionPerk:subscription	22277.32,11412.55 21773.22,11261.13
edge:declared:db.SubscriptionPlan:permissions	20795.45,11892.21 20144.08,11997.20
edge:declared:db.SubscriptionPlanOffering:subscription_plan	21164.41,11959.99 21055.45,11919.53
edge:declared:db.SubscriptionPlanPerk:subscription_plan	21113.02,11877.01 21055.45,11875.25
edge:declared:db.SubscriptionPolicy:company	20298.52,11679.94 16175.50,12409.85
edge:declared:db.SubscriptionPromotion:company	20624.62,11703.15 16175.50,12413.17
edge:declared:db.SubscriptionReservation:company	20663.87,12076.79 16175.50,12428.60
edge:declared:db.SubscriptionReservation:subscription_plan	20808.94,12030.54 20883.75,11928.26
edge:declared:db.SubscriptionSuspensionHistory:subscription	22302.92,11135.14 21773.22,11202.89
edge:declared:db.TalingCoupon:_company	10608.35,11737.89 15795.50,12418.56
edge:declared:db.TaxBookkeepingServiceRequest:company	20846.11,14053.89 16175.50,12506.44
edge:declared:db.TaxBookkeepingServiceRequest:incorporation_request	20988.43,14135.89 21751.71,15820.76
edge:declared:db.TaxPartnerTbkContract:legal_partner	23670.89,14523.58 22618.39,14715.49
edge:declared:db.TaxPartnerTbkContractItem:tax_partner_tbk_contract	23968.76,14590.05 23864.53,14539.06
edge:declared:db.TaxPartnerTbkSettings:legal_partner	22842.69,15747.94 22511.47,14868.57
edge:declared:db.TbkConsulting:tax_bookkeeping_service_request	21685.80,14235.26 21106.86,14121.75
edge:declared:db.TbkConsulting:tbk_question_thread	21685.80,14260.55 19118.96,14280.73
edge:declared:db.TbkConsultingMemo:tbk_consulting	22090.40,14043.73 21873.50,14210.57
edge:declared:db.TbkConsultingRefusal:incorporation_request	21403.19,15526.42 21695.13,15820.76
edge:declared:db.TbkConsultingStatusLog:tbk_consulting	21503.16,14003.90 21751.03,14210.57
edge:declared:db.TbkContract:tbk_consulting	23044.44,15099.08 21881.86,14308.57
edge:declared:db.TbkContractBenefit:tbk_contract	23296.32,15176.18 23228.74,15163.44
edge:declared:db.TbkContractSettlement:tbk_contract	23294.73,14994.69 23158.32,15099.08
edge:declared:db.ThirdPartyArticleProviderUserRelation:article_provider	20436.81,19991.45 20431.98,19943.37
edge:declared:db.UserApiKeyCompanyAccess:api_key	17489.19,8043.93 17684.53,7510.54
edge:declared:db.UserApiKeyCompanyAccess:selected_companies	17460.18,8125.93 16059.62,12226.49
edge:declared:db.UserApiKeyCompanyRelation:company	17335.29,7812.59 16048.75,12226.49
edge:declared:db.UserApiKeyCompanyRelation:company_access	17361.39,7812.59 17457.20,8043.93
edge:declared:db.UserApiKeyRevocation:api_key	17224.25,7450.79 17575.54,7464.65
edge:declared:db.UserInvitation:company	9407.76,11674.72 15795.50,12421.28
edge:declared:db.UserInvitation:company_user_relation	9159.76,11682.34 7552.89,11968.83
edge:declared:db.UserInvitationInvitee:invitation	7777.62,12756.08 9221.91,11705.23
edge:declared:db.UserInvitationInvitee:stakeholder	7739.42,12830.08 9905.42,19164.24
edge:declared:db.UserInvitationOwnerRoleRelation:owner_role	9422.17,11273.50 9569.45,11139.69
edge:declared:db.UserInvitationOwnerRoleRelation:user_invitation	9371.11,11347.50 9296.33,11615.23
edge:declared:db.UserProfileImageMapping:profile_image	22013.01,18858.75 22213.96,18987.18
edge:declared:db.UserSealCardRelation:seal_card	-894.27,8505.44 -686.65,8400.11
edge:declared:db.ValuationHistory:company	18475.13,12453.02 16175.50,12444.22
edge:declared:db.ValuationServiceRequest:company	18086.38,13860.69 16175.50,12571.66
edge:declared:db.ValuationServiceRequest:company_question_thread	18221.72,13934.69 18834.96,14216.58
edge:declared:db.VcIrRecommendationRequest:venture_capital	35902.73,9747.00 37774.16,12227.48
edge:declared:db.VcIrRecommendationRequestResult:investor_relations	33989.68,8764.97 30725.81,7602.02
edge:declared:db.VcIrRecommendationRequestResult:request	34166.10,8838.97 35802.23,9673.00
edge:declared:db.VcLpReport:venture_capital	37465.11,12975.15 37753.65,12637.48
edge:declared:db.VcLpReportRequest:alimtalk_activity	38091.55,13354.76 36475.41,14052.53
edge:declared:db.VcLpReportRequest:vc_lp_report	38084.15,13272.76 37525.87,13049.15
edge:declared:db.VcLpReportRequestRecipient:alimtalk_activity_recipient	36165.97,13961.01 35449.66,14314.05
edge:declared:db.VcLpReportRequestRecipient:fund_partner	36227.09,13879.01 36155.80,13746.56
edge:declared:db.VcLpReportRequestRecipient:vc_lp_report_request	36380.18,13879.01 38062.51,13352.56
edge:declared:db.VcNameAlias:venture_capital	38943.13,12079.97 38112.83,12368.53
edge:declared:db.VcSearchLog:company	29373.21,6851.65 16175.50,12364.13
edge:declared:db.VcSearchLog:investor_relations	29532.63,6851.65 30417.81,7444.08
edge:declared:db.VcSearchLog:venture_capital	29533.05,6851.65 37744.83,12310.17
edge:declared:db.VcUserRole:venture_capital	35245.44,11022.05 37744.83,12335.77
edge:declared:db.VentureBusinessCertification:attachment	18454.92,15567.81 20438.38,18264.26
edge:declared:db.VentureBusinessCertification:company	18392.32,15485.81 16157.17,12660.49
edge:declared:db.VentureBusinessCertificationExpirationNotificationLog:venture_business_certification	18247.02,15612.92 18340.13,15567.81
edge:declared:db.VentureCapitalEmailTemplates:venture_capital	38433.98,12547.66 38112.83,12474.43
edge:declared:db.VentureCapitalPaymentLink:venture_capital	35936.44,12414.23 37744.83,12430.79
edge:declared:db.VentureCapitalQuarterlyReport:content_template	29770.62,15938.83 31434.49,13175.64
edge:declared:db.VentureCapitalQuarterlyReport:venture_capital	29867.35,15938.83 37744.83,12512.51
edge:declared:db.VentureCapitalQuarterlyReportContentTemplate:venture_capital	31654.27,13117.09 37744.83,12452.56
edge:declared:db.VentureCapitalQuarterlyReportItem:quarterly_report	28876.77,16305.29 29589.80,16048.57
edge:declared:db.VentureCapitalQuarterlyReportItemReply:file_attachment	24615.36,17126.45 20788.00,18417.18
edge:declared:db.VentureCapitalQuarterlyReportItemReply:item	24918.44,17052.13 28603.89,16375.48
edge:declared:db.VentureCapitalQuarterlyReportItemReply:reply	24720.55,17044.45 24699.79,16992.51
edge:declared:db.VentureCapitalQuarterlyReportReply:_deprecated_captable	24504.81,16991.93 20788.00,18408.83
edge:declared:db.VentureCapitalQuarterlyReportReply:company_create_request	24504.81,16961.54 23960.45,17071.16
edge:declared:db.VentureCapitalQuarterlyReportReply:portfolio_company	24821.89,16862.51 30650.62,14303.94
edge:declared:db.VentureCapitalQuarterlyReportReply:quarterly_report	24842.81,16896.41 29589.80,16022.79
edge:declared:db.VentureCapitalSubscription:subscription_plan	38788.09,11040.85 38955.58,11226.40
edge:declared:db.VentureCapitalSubscription:venture_capital	38733.30,11040.85 38047.34,12227.48
edge:declared:db.VentureCapitalSubscriptionPlanPermission:subscription_plan	40374.56,11218.86 39137.09,11262.32
edge:declared:db.VentureCapitalSubscriptionPlanPrice:subscription_plan	38893.86,11887.04 38986.06,11308.40
edge:declared:db.VentureCapitalUserRelation:roles	35126.75,10846.41 35162.16,10948.05
edge:declared:db.VentureCapitalUserRelation:venture_capital	35188.81,10846.41 37744.83,12325.97
edge:declared:db.VentureComplex:address	24690.67,17931.81 24164.57,18813.85
edge:declared:db.VideoCollection:video_contents	18704.52,9448.63 19357.58,8854.84
edge:declared:db.VideoCollectionFeedback:company	17829.76,9927.05 16144.54,12226.49
edge:declared:db.VideoCollectionFeedback:video_collection	17931.38,9853.05 18564.43,9538.63
edge:declared:db.VideoCollectionPermission:company	18579.21,10097.16 16175.50,12271.61
edge:declared:db.VideoCollectionPermission:video_collection	18622.39,10023.16 18652.26,9538.63
edge:declared:db.VideoContentHistory:company	18925.15,9775.37 16175.50,12271.04
edge:declared:db.VideoContentHistory:video_collection	18916.62,9693.37 18713.97,9538.63
edge:declared:db.VideoContentHistory:video_content	18989.58,9693.37 19383.41,8854.84
edge:declared:db.VideoContentSpeecher:video_content	19009.48,8753.67 19278.67,8794.86
edge:declared:db.WhitepaperPreviewFile:whitepaper	327.13,6281.66 292.16,6397.15
edge:declared:db.WhitepaperWatermarkFile:whitepaper	1560.14,5905.90 378.37,6397.15
edge:declared:db.WhtBook:employee	9375.61,15325.48 8624.11,15056.87
edge:declared:db.WhtBook:wht_book_without_date	9366.32,15402.32 9171.85,15458.53
edge:declared:db.WhtBookWithoutDate:employee	9010.37,15455.63 8600.80,15107.11
edge:declared:db.WhtCertificate:employee	10684.72,15112.01 8624.11,15012.94
edge:declared:db.WhtReceipt:employee	10087.73,15137.46 8624.11,15017.73
edge:declared:db.YearEndTaxSettlement:payroll	7750.97,19772.53 4791.40,4917.25
edge:declared:db.YearEndTaxSettlementConfirmationSchedule:year_end_tax_settlement	6770.01,17994.45 7735.51,19772.53
edge:declared:db.YetsAssistance:employee	13877.72,30647.10 6605.47,30339.02
edge:declared:db.YetsAssistanceCreatorYetsEmployee:yets_employee	7397.71,30200.75 6605.47,30312.20
edge:declared:db.YetsAssistanceMessage:assistance	17996.20,30272.31 14125.72,30640.55
edge:declared:db.YetsAssistanceMessage:creator	17996.20,30258.11 12234.45,30146.62
edge:declared:db.YetsAssistanceMessageFile:message	24114.91,31754.39 18244.20,30291.41
edge:declared:db.YetsAssistanceStaffAccessLog:assistance	13112.45,30784.30 13877.72,30670.75
edge:declared:db.YetsAssistanceStaffFavoriteRelation:assistance	14692.57,30474.92 14125.72,30620.50
edge:declared:db.YetsEmail:year_end_tax_settlement	8793.51,19914.05 7883.94,19829.11
edge:declared:db.YetsEmailAuthentication:yets_employee	5324.56,30966.98 6342.70,30397.81
edge:declared:db.YetsEmployee:employee	6467.55,30267.81 8468.78,15107.11
edge:declared:db.YetsEmployee:year_end_tax_settlement	6467.01,30267.81 7754.37,19862.53
edge:declared:db.YetsEmployeeFile:employee	25876.43,32380.07 6605.47,30348.26
edge:declared:db.YetsEmployeeResult:yets_employee	7405.37,29954.69 6605.47,30274.28
edge:declared:db.YetsEmployeeResultAssistanceMessageRelation:assistance_message	12854.71,30058.69 17996.20,30255.76
edge:declared:db.YetsEmployeeResultAssistanceMessageRelation:result	12466.71,30045.91 7642.00,29913.10
edge:declared:db.YetsEmployeeResultStatusLog:result	7893.00,29028.82 7537.16,29864.69
edge:declared:db.YetsEmployeeResultWhtReceipt:result	23254.88,30069.24 7642.00,29910.95
edge:declared:db.YetsEmployeeSubmissionLog:yets_employee	6144.58,30640.39 6392.53,30397.81
edge:declared:db.YetsEmployeeUploadForm:yets_employee	8254.20,30821.46 6605.47,30372.69
edge:declared:db.YetsEmployeeUploadFormStatusLog:yets_employee_upload_form	7866.68,31543.46 8345.09,30890.58
edge:declared:db.ZuzuTaxPhoneToken:phone	3798.51,12359.04 3493.88,12476.44
edge:declared:document_ai.DocumentAiProcessResult:request	28607.42,29787.26 29334.35,27371.06
edge:declared:fi_sta.FiStaCompanyCeo:fi_sta_company	35761.47,30367.87 34766.12,32739.60
edge:declared:fi_sta.FiStaCompanySearchResult:fi_sta_company	34822.35,31532.78 34751.32,32739.60
edge:declared:fi_sta.FiStaContractDocument:participant	32400.06,33295.62 32975.56,33670.38
edge:declared:fi_sta.FiStaContractDocument:stock_transfer_agreement_document	32206.96,33271.54 29651.06,33702.81
edge:declared:fi_sta.FiStaContractDocument:stock_transfer_notice_poa_document	32351.27,33295.62 32455.17,33525.78
edge:declared:fi_sta.FiStaContractDocument:stock_unissued_confirmation_poa_document	32329.45,33205.62 32232.18,30313.96
edge:declared:fi_sta.FiStaManagement:fi_sta_company	37148.54,35079.41 34791.71,32821.60
edge:declared:fi_sta.FiStaParticipant:fi_sta_user	33174.81,33757.54 35420.46,34448.65
edge:declared:fi_sta.FiStaStockTransferAgreementDocument:starter	29651.06,33730.92 32926.81,33719.80
edge:declared:fi_sta.FiStaStockTransferNoticePoaDocument:signer	32608.66,33599.78 32926.81,33685.84
edge:declared:fi_sta.FiStaStockUnissuedConfirmationPoaDocument:signer	32239.75,30313.96 33039.14,33670.38
edge:declared:fi_sta.FiStaTransferStock:stock_transfer_agreement_document	31717.98,33947.78 29651.06,33747.94
edge:declared:fi_sta.FiStaUser:fi_sta_management	35635.07,34521.97 37090.55,35079.41
edge:declared:vertex_ai.VertexAiPredictionResult:request	39734.71,17447.12 39655.45,17530.12
edge:inheritance:db.AgendaBonusIssueNewIssueBalanceCertificateFile->db.FileAttachment	18407.91,19780.15 20408.00,18593.94
edge:inheritance:db.AgendaBonusIssueNewIssueMinutesFile->db.FileAttachment	18502.22,19941.36 20408.00,18613.63
edge:inheritance:db.Announcement->db.QuestionThread	20981.19,12234.90 20951.34,12566.05
edge:inheritance:db.AppointedDirectorCertificateOfSealDocument->db.MeetingDocument	16785.39,29512.41 14905.52,26298.84
edge:inheritance:db.AppointedDirectorResidentRegistrationDocument->db.MeetingDocument	18700.59,26456.02 14968.28,26117.96
edge:inheritance:db.ArticlesOfIncorporationAfterChangeDocument->db.MeetingDocument	21583.93,27775.69 14968.28,26145.70
edge:inheritance:db.ArticlesOfIncorporationBeforeChangeDocument->db.MeetingDocument	16747.31,26009.58 14968.28,26093.45
edge:inheritance:db.ArticlesOfIncorporationDocument->db.MeetingDocument	17734.76,27725.33 14968.28,26199.98
edge:inheritance:db.AuditReportDocument->db.MeetingDocument	18962.03,29121.15 14968.28,26230.67
edge:inheritance:db.BalanceCertificateDocument->db.MeetingDocument	15158.08,22508.44 14810.44,25904.84
edge:inheritance:db.BeforeunloadPdfEvent->db.PdfEvent	33336.02,11155.27 34036.83,11379.54
edge:inheritance:db.BigNumberValueWithVisibility->db.ValueWithVisibility	38556.88,4608.44 37189.44,5833.36
edge:inheritance:db.BranchAbolitionEvent->db.Event	18161.39,18043.88 15741.98,16945.74
edge:inheritance:db.BranchChangeEvent->db.Event	19442.20,18462.11 15741.98,16939.46
edge:inheritance:db.BranchInstallationEvent->db.Event	18967.54,18265.79 15741.98,16939.42
edge:inheritance:db.BulkEmailCommonAttachment->db.FileAttachment	16475.74,17752.52 20408.00,18447.67
edge:inheritance:db.BulkEmailRecipientAttachment->db.FileAttachment	18464.82,18678.76 20408.00,18498.85
edge:inheritance:db.CapitalChangeEvent->db.Event	15249.54,16018.12 15550.35,16769.56
edge:inheritance:db.CaptableAfterNewIssueDocument->db.MeetingDocument	17432.97,29705.88 14934.73,26298.84
edge:inheritance:db.CaptableAtRecordDateDocument->db.MeetingDocument	19396.70,26263.27 14968.28,26108.08
edge:inheritance:db.CaptableBeforeNewIssueDocument->db.MeetingDocument	16065.51,25037.11 14968.28,25953.22
edge:inheritance:db.CeoAddressChangeEvent->db.Event	16037.39,16570.61 15741.98,16775.77
edge:inheritance:db.CeoConfirmationDocument->db.MeetingDocument	18380.10,26128.81 14968.28,26103.18
edge:inheritance:db.CeoTypeChangedCeoResidentRegistrationDocument->db.MeetingDocument	13711.79,24535.20 14654.66,25904.84
edge:inheritance:db.CertificateOfCorporateSealDocument->db.MeetingDocument	16685.74,25659.10 14968.28,26060.26
edge:inheritance:db.CertificateOfSealNotarizationPoaDocument->db.MeetingDocument	14485.76,27271.23 14738.98,26298.84
edge:inheritance:db.CmeBulkEmail->db.BulkEmail	17662.43,16485.50 13712.71,17217.63
edge:inheritance:db.CmeBulkEmailRecipient->db.BulkEmailRecipient	18213.09,16441.55 17298.43,19060.77
edge:inheritance:db.CmeBulkEmailTemplate->db.BulkEmailTemplate	19625.12,15000.30 19523.22,15009.45
edge:inheritance:db.CoCeoSystemChangeEvent->db.Event	15883.58,16453.72 15668.28,16769.56
edge:inheritance:db.CompanyAddressChangeEvent->db.Event	19446.40,18335.20 15741.98,16934.52
edge:inheritance:db.CompanyBulkEmailTemplate->db.BulkEmailTemplate	18843.47,14039.29 19376.00,14979.58
edge:inheritance:db.CompanyDocumentDelivery->db.DocumentDelivery	18823.47,12645.30 20181.73,12525.79
edge:inheritance:db.CompanyEndorsementFeed->db.CompanyFeed	25639.75,7485.37 29035.32,5090.81
edge:inheritance:db.CompanyFeed->db.Feed	29103.97,5090.81 28950.95,6335.75
edge:inheritance:db.CompanyIrClosingFeed->db.CompanyFeed	29221.04,6188.41 29115.57,5090.81
edge:inheritance:db.CompanyIrNewCommitFeed->db.CompanyFeed	29784.48,6047.07 29145.87,5090.81
edge:inheritance:db.CompanyIrOpenFeed->db.CompanyFeed	29929.02,5521.57 29200.16,5090.81
edge:inheritance:db.CompanyNewsFeed->db.CompanyFeed	25687.34,4903.57 28986.48,5032.95
edge:inheritance:db.CompanyOwnerAuditLog->db.AuditLog	9003.30,7807.88 16478.23,7095.63
edge:inheritance:db.CompanyPaymentLink->db.PaymentLink	23750.03,12099.22 25590.48,13037.70
edge:inheritance:db.CompanyQuestionThread->db.QuestionThread	19083.33,14192.85 20862.66,12704.05
edge:inheritance:db.CompanyTanTableView->db.TanTableView	10594.71,9951.73 11006.15,9823.80
edge:inheritance:db.ConsentFormModusignDocument->db.ModusignDocument	28172.38,26972.53 23723.69,20708.24
edge:inheritance:db.ConsentFormModusignEmbeddedDraft->db.ModusignEmbeddedDraft	26088.04,30544.24 22882.37,21845.62
edge:inheritance:db.ConsentFormOptionItem->db.ConsentFormItem	23552.63,24308.36 24278.65,26812.19
edge:inheritance:db.CorporateRegistrationDocument->db.MeetingDocument	16690.94,28996.06 14919.65,26298.84
edge:inheritance:db.CustomOptionGrantContractTemplate->db.OptionGrantContractTemplate	19931.77,16083.91 19572.22,16077.38
edge:inheritance:db.CustomOptionGrantContractTemplateRevision->db.OptionGrantContractTemplateRevision	20520.57,16679.27 20304.06,16471.64
edge:inheritance:db.DebtConfirmationAndOffsetContractDocument->db.MeetingDocument	17151.12,25422.37 14968.28,26050.61
edge:inheritance:db.Director->db.Stakeholder	16471.39,16484.76 10125.11,19248.94
edge:inheritance:db.DirectorAppointmentEvent->db.Event	16002.28,16265.84 15666.61,16769.56
edge:inheritance:db.DirectorCompensationDecisionEvent->db.Event	16367.71,16809.39 15741.98,16865.33
edge:inheritance:db.DirectorCompensationLimitEvent->db.Event	16219.87,16690.66 15741.98,16834.13
edge:inheritance:db.DirectorDecisionDocument->db.MeetingDocument	19012.31,27009.02 14968.28,26140.09
edge:inheritance:db.DirectorResidentRegistrationWithAddressChangeHistoryDocument->db.MeetingDocument	14101.77,23540.44 14737.33,25904.84
edge:inheritance:db.DirectorTermEndEvent->db.Event	16165.42,16447.05 15738.33,16769.56
edge:inheritance:db.DirectorsMeetingMinutesDocument->db.MeetingDocument	15903.61,24376.68 14917.41,25904.84
edge:inheritance:db.DirectorsMeetingNoticeDocument->db.MeetingDocument	16359.87,29167.83 14891.13,26298.84
edge:inheritance:db.DirectorsMeetingNoticeEmail->db.BulkEmail	15595.66,19088.02 13657.94,17310.73
edge:inheritance:db.DirectorsMeetingNoticeEmailRecipient->db.BulkEmailRecipient	16055.11,19336.56 17148.52,19141.02
edge:inheritance:db.DirectorsMeetingSkipNoticeDocument->db.MeetingDocument	15770.92,29476.38 14847.53,26298.84
edge:inheritance:db.DocumentLoadedPdfEvent->db.PdfEvent	33916.97,11242.11 34104.38,11378.22
edge:inheritance:db.ESOPParticipant->db.Employee	9187.36,15879.50 8563.67,15107.11
edge:inheritance:db.ElectronicCertificateApplicationFormDocument->db.MeetingDocument	8179.74,25205.19 14612.28,26077.70
edge:inheritance:db.ElectronicCertificateCaseReportDocument->db.MeetingDocument	8922.50,23488.90 14612.28,26022.58
edge:inheritance:db.Employee->db.Stakeholder	8516.68,15107.11 9905.37,19164.24
edge:inheritance:db.EmployeeOptionExerciseEvent->db.Event	15744.69,17197.08 15645.56,16987.56
edge:inheritance:db.EmployeeOptionExerciseManagementEmail->db.BulkEmail	13303.43,13815.75 13577.09,17172.73
edge:inheritance:db.EmployeeOptionGrantee->db.Employee	9118.91,13383.75 8521.75,14905.11
edge:inheritance:db.EmployeeStockGuideEmail->db.BulkEmail	12570.56,17130.82 13452.71,17227.48
edge:inheritance:db.ExpertClientSignupChannel->db.SignupChannel	24076.66,14845.99 24921.39,14595.38
edge:inheritance:db.FeeReceiptDocument->db.MeetingDocument	16395.94,27613.16 14968.28,26269.38
edge:inheritance:db.FileValueWithVisibility->db.ValueWithVisibility	38386.22,5854.07 37266.13,5868.81
edge:inheritance:db.FinancialStatementsDocument->db.MeetingDocument	19376.39,27367.86 14968.28,26150.98
edge:inheritance:db.FinancialStatementsForNewIssueFromConversionDocument->db.MeetingDocument	15776.40,23626.93 14868.77,25904.84
edge:inheritance:db.HrmAlpUsagePlan->db.HrmApprovable	5465.18,18197.43 2975.40,17842.93
edge:inheritance:db.HrmAnnualLeave->db.HrmLeaveBase	3800.58,21692.88 3345.50,21059.61
edge:inheritance:db.HrmAnnualLeaveFiscalBasedConfig->db.HrmAnnualLeaveConfigBase	4122.79,24962.65 3813.10,22607.43
edge:inheritance:db.HrmAnnualLeaveHireBasedConfig->db.HrmAnnualLeaveConfigBase	3719.27,24148.10 3806.14,22607.43
edge:inheritance:db.HrmAttendance->db.HrmApprovable	3918.35,17886.34 2975.40,17832.37
edge:inheritance:db.HrmAttendanceLocation->db.HrmApprovable	5205.36,17109.87 2975.40,17787.58
edge:inheritance:db.HrmCertificateIssue->db.HrmApprovable	5901.60,16125.46 2939.33,17776.27
edge:inheritance:db.HrmCompensatoryLeave->db.HrmLeaveBase	1966.75,20737.02 3157.04,20961.02
edge:inheritance:db.HrmCustomLeave->db.HrmLeaveBase	2479.52,20749.24 3157.04,20946.93
edge:inheritance:db.HrmDeptAbolishedEvent->db.HrmDeptStatusEventBase	21.47,22520.04 -46.00,21411.10
edge:inheritance:db.HrmDeptCreatedEvent->db.HrmDeptStatusEventBase	-157.55,20735.04 -55.53,21329.10
edge:inheritance:db.HrmDeptNameChangedEvent->db.HrmDeptNameEventBase	-1106.63,19815.27 -1438.96,20044.28
edge:inheritance:db.HrmDeptNameEventBase->db.HrmDeptEventBase	-1438.44,20118.28 -1191.56,20286.80
edge:inheritance:db.HrmDeptParentChangedEvent->db.HrmDeptParentEventBase	-827.98,19981.08 -341.30,19998.36
edge:inheritance:db.HrmDeptParentEventBase->db.HrmDeptEventBase	-328.58,20039.55 -1032.07,20286.80
edge:inheritance:db.HrmDeptStatusEventBase->db.HrmDeptEventBase	-91.16,21329.10 -1098.84,20360.80
edge:inheritance:db.HrmDocument->db.HrmApprovable	2051.25,15633.38 2833.51,17776.27
edge:inheritance:db.HrmEmpAbsenceEvent->db.HrmEmpStatusEventBase	4840.09,15727.72 5359.32,15821.83
edge:inheritance:db.HrmEmpAffiliationChangedEvent->db.HrmEmpAffiliationEventBase	3245.77,16952.39 3540.39,17081.67
edge:inheritance:db.HrmEmpAffiliationEventBase->db.HrmEmpEventBase	3751.71,17090.71 4189.68,16994.28
edge:inheritance:db.HrmEmpContractModusignDocument->db.ModusignDocument	28660.16,37316.53 23690.41,20708.24
edge:inheritance:db.HrmEmpDepartedEvent->db.HrmEmpStatusEventBase	5709.56,15846.41 5607.32,15845.46
edge:inheritance:db.HrmEmpEmploymentTypeChangedEvent->db.HrmEmpEmploymentTypeEventBase	4734.07,17098.35 4678.95,17053.76
edge:inheritance:db.HrmEmpEmploymentTypeEventBase->db.HrmEmpEventBase	4491.21,16995.62 4425.68,16985.87
edge:inheritance:db.HrmEmpJobChangedEvent->db.HrmEmpJobEventBase	3551.31,16299.03 3900.70,16863.34
edge:inheritance:db.HrmEmpJobEventBase->db.HrmEmpEventBase	4041.61,16921.22 4189.68,16947.42
edge:inheritance:db.HrmEmpJoinedEvent->db.HrmEmpStatusEventBase	5028.89,16442.59 5443.06,15897.31
edge:inheritance:db.HrmEmpReturnToWorkEvent->db.HrmEmpStatusEventBase	5246.86,15743.33 5359.32,15791.36
edge:inheritance:db.HrmEmpStatusEventBase->db.HrmEmpEventBase	5427.88,15897.31 4346.38,16931.30
edge:inheritance:db.HrmFamilyCareLeave->db.HrmLeaveBase	1966.75,20843.85 3157.04,20971.97
edge:inheritance:db.HrmFixedWork->db.HrmWorkBase	1866.93,18789.28 1885.31,18942.17
edge:inheritance:db.HrmGrantableLeave->db.HrmLeaveBase	3500.97,20242.28 3313.43,20913.61
edge:inheritance:db.HrmInfertilityTreatmentLeave->db.HrmLeaveBase	2976.61,20332.72 3257.71,20913.61
edge:inheritance:db.HrmLeaveUsage->db.HrmApprovable	6645.67,18353.99 2975.40,17842.55
edge:inheritance:db.HrmMaternityLeave->db.HrmLeaveBase	1966.75,21057.50 3157.04,20993.88
edge:inheritance:db.HrmMenstrualLeave->db.HrmLeaveBase	2514.90,21273.91 3157.04,21036.82
edge:inheritance:db.HrmMiscarriageLeave->db.HrmLeaveBase	1966.75,21164.34 3157.04,21004.83
edge:inheritance:db.HrmPaternityLeave->db.HrmLeaveBase	2479.52,21155.63 3157.04,21014.87
edge:inheritance:db.HrmPersonalLocation->db.HrmApprovable	6407.73,16257.38 2962.54,17776.27
edge:inheritance:db.HrmReserveTrainingLeave->db.HrmLeaveBase	2271.20,21589.57 3169.33,21059.61
edge:inheritance:db.HrmSelectiveWork->db.HrmWorkBase	2003.47,19182.83 1930.28,19064.17
edge:inheritance:db.HrmSelectiveWorkPlan->db.HrmApprovable	3865.55,18038.04 2975.40,17851.28
edge:inheritance:db.HrmStaggeredWork->db.HrmWorkBase	774.53,19504.33 1762.65,19061.44
edge:inheritance:db.IBKSignupChannel->db.SignupChannel	25874.53,14583.64 25169.39,14562.34
edge:inheritance:db.IaCertificateOfInvestmentDocument->db.InvestmentAssociationDocument	36810.85,18586.91 35953.90,19270.54
edge:inheritance:db.IaConsentFormDocument->db.InvestmentAssociationDocument	36258.04,18527.41 35906.30,19270.54
edge:inheritance:db.IaConsentFormOrMeetingElectronicSignatureRequestModusignDocument->db.ModusignDocument	30718.66,20480.15 23802.17,20624.40
edge:inheritance:db.IaConsentFormOrMeetingElectronicSignatureRequestModusignEmbeddedDraft->db.ModusignEmbeddedDraft	31472.21,21055.54 22986.84,21782.00
edge:inheritance:db.IaConsentFormOrMeetingElectronicSignatureRequiredDocument->db.InvestmentAssociationDocument	34041.77,19879.37 35734.43,19374.22
edge:inheritance:db.IaExpertPartnerBulkEmailTemplate->db.BulkEmailTemplate	21139.08,15241.41 19523.22,15036.32
edge:inheritance:db.IaExplanationFormForElectronicSignatureDocument->db.InvestmentAssociationDocument	37597.76,18599.24 36020.43,19270.67
edge:inheritance:db.IaGpAppointmentEvent->db.InvestmentAssociationEvent	35506.02,17869.09 33494.49,17657.63
edge:inheritance:db.IaGpTerminationEvent->db.InvestmentAssociationEvent	35840.14,18162.72 33494.49,17670.22
edge:inheritance:db.IaMeetingAgendaCustom->db.IaMeetingAgenda	35962.31,20828.89 35643.81,20567.02
edge:inheritance:db.IaMeetingMinutesDocument->db.InvestmentAssociationDocument	35205.59,19987.04 35814.91,19392.54
edge:inheritance:db.IaMeetingNoticeDocument->db.InvestmentAssociationDocument	34924.64,19870.68 35769.63,19392.54
edge:inheritance:db.IaMeetingSealedNoticeDocumentFile->db.FileAttachment	30745.47,19797.43 20788.00,18505.90
edge:inheritance:db.IaMeetingShortenPeriodDocument->db.InvestmentAssociationDocument	36463.05,19635.55 35994.94,19392.54
edge:inheritance:db.IaModusignDocumentUsageHistory->db.BaseModusignDocumentUsageHistory	28247.79,15154.50 25451.82,13599.31
edge:inheritance:db.IaOwnerAuditLog->db.AuditLog	24101.41,6230.45 16714.23,7070.96
edge:inheritance:db.IaPartnerListDocument->db.InvestmentAssociationDocument	35719.93,19129.87 35829.79,19270.54
edge:inheritance:db.IaPaymentLink->db.PaymentLink	26327.53,13374.64 25778.74,13127.70
edge:inheritance:db.IaPfCompanyInvestmentSalesIntent->db.SalesIntent	35026.36,22784.71 35545.49,23051.51
edge:inheritance:db.IaQuestionThread->db.QuestionThread	25917.65,13364.21 21075.12,12654.11
edge:inheritance:db.IaRuleDocument->db.InvestmentAssociationDocument	32841.92,19253.81 35734.43,19327.88
edge:inheritance:db.IaSealStampImage->db.FileAttachment	22198.28,18366.05 20788.00,18467.58
edge:inheritance:db.IaWrittenResolutionDocument->db.InvestmentAssociationDocument	36181.51,19505.75 35983.90,19392.54
edge:inheritance:db.ImAcVcBroker->db.ImZuzuBroker	29423.82,12313.13 31922.64,12204.71
edge:inheritance:db.ImIndividualGpBroker->db.ImZuzuBroker	31682.19,12352.18 31953.72,12236.59
edge:inheritance:db.ImInvestorBroker->db.ImBroker	35094.31,12287.79 33714.56,12133.02
edge:inheritance:db.ImIrPartnerBroker->db.ImBroker	31295.90,12059.16 33466.56,12115.87
edge:inheritance:db.ImPitchingDay->db.ImDay	33061.32,10375.95 33337.33,10526.43
edge:inheritance:db.ImPitchingDayParticipation->db.ImDayParticipation	31735.15,10041.85 32881.88,10442.64
edge:inheritance:db.ImZuzuBroker->db.ImBroker	32158.64,12193.46 33466.56,12125.55
edge:inheritance:db.InauguralConsentDocument->db.MeetingDocument	13378.89,23295.04 14691.22,25904.84
edge:inheritance:db.IncorporationRequestAssistanceReceipt->db.FileAttachment	22048.02,17278.16 20788.00,18323.61
edge:inheritance:db.IndividualStakeholder->db.Stakeholder	7738.60,21912.63 9824.58,19478.24
edge:inheritance:db.IndividualStockOptionCancelEvent->db.IndividualInvestorEvent	38435.66,28675.92 37152.37,28060.00
edge:inheritance:db.IndividualStockOptionExerciseEvent->db.IndividualInvestorEvent	38865.93,29743.79 37105.65,28060.00
edge:inheritance:db.IndividualStockOptionGrantEvent->db.IndividualInvestorEvent	37207.35,26327.13 37062.58,27970.00
edge:inheritance:db.IndividualStockOptionPauseEvent->db.IndividualInvestorEvent	32754.57,27318.35 36934.61,27994.93
edge:inheritance:db.IndividualStockOptionResumeEvent->db.IndividualInvestorEvent	33523.78,29378.17 36941.92,28060.00
edge:inheritance:db.IndividualStockOptionSalesIntent->db.SalesIntent	34020.94,23103.55 35499.48,23089.62
edge:inheritance:db.InputSignupChannel->db.SignupChannel	25969.11,15025.23 25126.55,14599.59
edge:inheritance:db.InstitutionStakeholder->db.Stakeholder	10051.64,21126.14 9967.16,19478.24
edge:inheritance:db.InvestmentAssociationAssociationPartner->db.InvestmentAssociationOrganizationPartner	36502.45,15918.74 38114.92,16816.84
edge:inheritance:db.InvestmentAssociationCorporationPartner->db.InvestmentAssociationOrganizationPartner	39201.95,15965.32 38257.26,16816.84
edge:inheritance:db.InvestmentAssociationIndividualPartner->db.InvestmentAssociationPartner	36653.41,17122.85 39456.45,18161.06
edge:inheritance:db.InvestmentAssociationOrganizationPartner->db.InvestmentAssociationPartner	38253.97,16914.84 39499.84,18110.21
edge:inheritance:db.InvestmentAssociationOrganizationPartnerCorporationSigner->db.InvestmentAssociationOrganizationPartnerSigner	38565.53,14904.67 38120.34,15049.32
edge:inheritance:db.InvestmentAssociationOrganizationPartnerIndividualSigner->db.InvestmentAssociationOrganizationPartnerSigner	37818.77,14963.00 37925.96,15049.32
edge:inheritance:db.InvestmentAssociationPartnerSalesIntent->db.SalesIntent	37022.05,21862.27 35659.86,23051.51
edge:inheritance:db.InvestmentContractHolder->db.Stakeholder	11695.06,15603.20 10032.41,19164.24
edge:inheritance:db.InvestorRelations->db.InvestorMatching	30487.67,7676.15 28441.30,10813.38
edge:inheritance:db.IrClosingComplete->db.IrClosing	31974.78,5141.94 33065.76,6625.62
edge:inheritance:db.IrClosingExpired->db.IrClosing	33082.52,7190.72 33094.86,6707.62
edge:inheritance:db.IrClosingIncomplete->db.IrClosing	34178.60,6699.07 33219.91,6670.34
edge:inheritance:db.IrConsultingRequest->db.ImConsultingRequest	27828.18,9899.00 26989.69,9552.12
edge:inheritance:db.IrFeed->db.Feed	30137.63,7391.49 28989.66,6409.75
edge:inheritance:db.IrosOtpIssueMeetingDocument->db.MeetingDocument	9874.19,22805.56 14612.28,25982.49
edge:inheritance:db.LawtalkSignupAttachment->db.FileAttachment	19423.49,17184.58 20408.00,18271.50
edge:inheritance:db.LedgerByCustomerDocument->db.MeetingDocument	16208.76,22715.29 14872.79,25904.84
edge:inheritance:db.LegalPartnerSignupChannel->db.SignupChannel	24174.00,14345.35 24921.39,14528.25
edge:inheritance:db.ManualOptionVesting->db.OptionVesting	14511.47,18547.92 14538.22,18441.66
edge:inheritance:db.ManualProduct->db.Product	24502.60,12141.65 24637.72,12200.79
edge:inheritance:db.MeetingAttachment->db.FileAttachment	18742.05,17785.03 20408.00,18409.98
edge:inheritance:db.Mna->db.InvestorMatching	27954.36,10727.77 28238.64,10846.88
edge:inheritance:db.MnaConsultingRequest->db.ImConsultingRequest	26802.89,9667.12 26867.53,9552.12
edge:inheritance:db.NcpSignupChannel->db.SignupChannel	26669.84,14986.20 25169.39,14591.23
edge:inheritance:db.NewCeoCertificateOfSealDocument->db.MeetingDocument	17085.36,28573.82 14968.28,26293.56
edge:inheritance:db.NewCeoResidentRegistrationDocument->db.MeetingDocument	17437.68,29329.28 14951.87,26298.84
edge:inheritance:db.NewIssueNoticeEmail->db.BulkEmail	13074.30,20727.51 13572.65,17310.73
edge:inheritance:db.NewIssueSkipNoticeDocument->db.MeetingDocument	15118.62,22993.58 14811.09,25904.84
edge:inheritance:db.NewIssueStockAcceptanceDocument->db.MeetingDocument	17756.31,26066.36 14968.28,26099.71
edge:inheritance:db.NewIssueStockAllocationDocument->db.MeetingDocument	18310.04,24108.92 14968.28,26001.05
edge:inheritance:db.NewIssueStockAllocationRecordDateNoticeDocument->db.MeetingDocument	20216.94,24220.69 14968.28,26040.14
edge:inheritance:db.NewIssueStockSubscriptionDocument->db.MeetingDocument	17436.43,25194.70 14968.28,26040.82
edge:inheritance:db.NewIssueStockUnissuedConfirmationDocument->db.MeetingDocument	18113.35,25498.56 14968.28,26069.53
edge:inheritance:db.NonUnifiedShareManagementSalesIntent->db.SalesIntent	34890.44,24402.31 35597.00,23125.51
edge:inheritance:db.NonUnifiedShareSucPoaModusignDocument->db.ModusignDocument	24842.57,20991.88 23802.17,20669.39
edge:inheritance:db.NotarizationPoaDocument->db.MeetingDocument	19923.11,27077.98 14968.28,26135.69
edge:inheritance:db.OptionExerciseClaimAttachment->db.FileAttachment	13118.46,17631.62 20408.00,18459.68
edge:inheritance:db.OptionExerciseClaimMeetingDocument->db.MeetingDocument	13186.09,22218.05 14708.91,25904.84
edge:inheritance:db.OptionExerciseManagementEmail->db.BulkEmail	13804.14,16516.30 13603.77,17172.73
edge:inheritance:db.OptionGrantContractCeo->db.OptionGrantContractStakeholder	19707.98,15325.65 19338.41,15248.23
edge:inheritance:db.OptionGrantContractFirstRefusalRightHolder->db.OptionGrantContractStakeholder	19523.37,15206.95 19338.41,15213.13
edge:inheritance:db.OptionGrantContractModusignDocument->db.ModusignDocument	22051.75,20347.70 23530.17,20603.69
edge:inheritance:db.OptionGrantContractModusignEmbeddedDraft->db.ModusignEmbeddedDraft	21820.78,20585.48 22817.09,21739.62
edge:inheritance:db.OptionGrantEvent->db.Event	14997.50,18434.72 15552.20,16987.56
edge:inheritance:db.OptionGrantee->db.Stakeholder	13823.52,19170.97 10125.11,19314.79
edge:inheritance:db.OptionWithdrawEvent->db.Event	14681.86,16162.30 15455.17,16769.56
edge:inheritance:db.OtherDocumentArchiveAttachment->db.FileAttachment	20206.72,17106.42 20536.24,18264.26
edge:inheritance:db.PageNumberUpdatedPdfEvent->db.PdfEvent	34593.10,11473.14 34284.83,11434.69
edge:inheritance:db.PayrollStatementEmail->db.BulkEmail	10560.95,17491.95 13452.71,17252.49
edge:inheritance:db.PayrollStatementEmailRecipient->db.BulkEmailRecipient	10377.32,18725.50 17148.52,19110.38
edge:inheritance:db.PerformanceRsuVestingItem->db.RsuVestingItem	14507.52,14816.26 14451.32,14819.55
edge:inheritance:db.PeriodPhantomStockVestingItem->db.PhantomStockVestingItem	8703.99,18293.37 8493.78,18009.48
edge:inheritance:db.PeriodRsuVestingItem->db.RsuVestingItem	14645.36,14649.15 14407.88,14781.81
edge:inheritance:db.PeriodicOptionVesting->db.OptionVesting	14198.02,18520.73 14436.12,18441.66
edge:inheritance:db.PhantomStockCancelEvent->db.Event	14742.77,17103.83 15445.98,16917.73
edge:inheritance:db.PhantomStockExerciseEvent->db.Event	15409.44,17251.19 15540.00,16987.56
edge:inheritance:db.PhantomStockGrantEvent->db.Event	14877.79,16933.45 15445.98,16889.90
edge:inheritance:db.PhantomStockGrantee->db.Stakeholder	9256.85,18199.56 9860.82,19164.24
edge:inheritance:db.PhantomStockPauseEvent->db.Event	15489.90,16248.18 15575.98,16769.56
edge:inheritance:db.PhantomStockResumeEvent->db.Event	15392.63,16421.42 15545.97,16769.56
edge:inheritance:db.PingpongDeliveryAddress->db.Address	23711.35,14270.01 24079.87,18813.85
edge:inheritance:db.Playbook->db.MembershipContent	-1668.93,4499.94 -1435.93,4958.39
edge:inheritance:db.Post->db.MembershipContent	-1867.34,4981.27 -1537.06,4997.35
edge:inheritance:db.ProofOfEmploymentDocument->db.MeetingDocument	18637.52,27984.11 14968.28,26188.93
edge:inheritance:db.QuarterlyReportRequestAttachment->db.FileAttachment	29459.57,16734.14 20788.00,18443.80
edge:inheritance:db.QuarterlyReportSignupChannel->db.SignupChannel	28101.93,14916.34 25169.39,14573.10
edge:inheritance:db.QuestionMessageAttachment->db.FileAttachment	21663.49,16183.02 20698.60,18264.26
edge:inheritance:db.RegistrationAssistanceReceipt->db.FileAttachment	21637.62,16995.50 20749.84,18264.26
edge:inheritance:db.RegistrationFormAllInOneDocument->db.MeetingDocument	15994.39,24581.63 14946.32,25904.84
edge:inheritance:db.RegistrationFormAoiChangeDocument->db.MeetingDocument	13615.62,25743.53 14612.28,26047.54
edge:inheritance:db.RegistrationFormBranchChangeDocument->db.MeetingDocument	19542.20,28255.35 14968.28,26182.51
edge:inheritance:db.RegistrationFormCaptableDocument->db.MeetingDocument	16792.06,25121.66 14968.28,26014.68
edge:inheritance:db.RegistrationFormCeoAddressChangeDocument->db.MeetingDocument	16207.13,25920.95 14968.28,26079.11
edge:inheritance:db.RegistrationFormDirectorChangeDocument->db.MeetingDocument	17804.28,27978.55 14968.28,26212.67
edge:inheritance:db.RegistrationFormHeadOfficeInsideRelocationDocument->db.MeetingDocument	19455.21,24118.04 14968.28,26026.14
edge:inheritance:db.RegistrationFormHeadOfficeOutsideRelocationDocument->db.MeetingDocument	19988.76,24044.24 14968.28,26031.39
edge:inheritance:db.RegistrationFormNewIssueDocument->db.MeetingDocument	15262.84,23575.72 14827.13,25904.84
edge:inheritance:db.RegistrationFormNewOptionsRuleDocument->db.MeetingDocument	14730.06,27462.35 14781.56,26298.84
edge:inheritance:db.RegistrationPoaDocument->db.MeetingDocument	16122.75,29619.64 14864.90,26298.84
edge:inheritance:db.RegularProduct->db.Product	24596.56,12341.41 24677.38,12274.79
edge:inheritance:db.ResignationLetterDocument->db.MeetingDocument	13323.50,24398.54 14620.64,25904.84
edge:inheritance:db.ResignedDirectorCertificateOfSealDocument->db.MeetingDocument	14124.71,26225.69 14612.28,26134.96
edge:inheritance:db.RsaForfeitEvent->db.Event	15287.33,16858.56 15445.98,16868.91
edge:inheritance:db.RsaVestConfirmEvent->db.Event	15943.45,16938.19 15741.98,16903.81
edge:inheritance:db.RsuCancelEvent->db.Event	15109.88,16296.45 15503.33,16769.56
edge:inheritance:db.RsuExerciseClaimCandidateEmailRecipient->db.BulkEmailRecipient	12246.60,16540.82 17167.22,19060.77
edge:inheritance:db.RsuExerciseEvent->db.Event	15029.07,15690.52 15542.15,16769.56
edge:inheritance:db.RsuExerciseManagementEmail->db.BulkEmail	12430.73,16127.10 13511.40,17172.73
edge:inheritance:db.RsuGrantContractModusignDocument->db.ModusignDocument	21518.19,19175.95 23546.29,20546.24
edge:inheritance:db.RsuGrantEvent->db.Event	15021.52,16653.22 15445.98,16820.30
edge:inheritance:db.RsuGrantee->db.Stakeholder	12042.23,17010.38 10100.64,19164.24
edge:inheritance:db.RsuPauseEvent->db.Event	15141.95,17367.54 15493.22,16987.56
edge:inheritance:db.RsuPerformanceAchievementEvent->db.Event	15355.01,16683.73 15460.29,16769.56
edge:inheritance:db.RsuResumeEvent->db.Event	15115.88,17193.87 15445.98,16976.17
edge:inheritance:db.RtccEmail->db.BulkEmail	13840.07,17111.67 13712.71,17176.03
edge:inheritance:db.RtccInvestorFile->db.FileAttachment	16317.95,17376.66 20408.00,18432.22
edge:inheritance:db.SafeCreateEvent->db.Event	17840.25,17839.37 15741.98,16941.86
edge:inheritance:db.SalesReportDocument->db.MeetingDocument	14067.62,27512.00 14689.32,26298.84
edge:inheritance:db.SealStampCardContinuedUseApplicationFormDocument->db.MeetingDocument	9309.83,23288.16 14612.28,26010.45
edge:inheritance:db.SealStampDeclarationDocument->db.MeetingDocument	9611.41,23136.75 14612.28,25999.93
edge:inheritance:db.SealStampImage->db.FileAttachment	17345.61,15855.57 20408.00,18327.87
edge:inheritance:db.SealedOptionGrantContractDocument->db.MeetingDocument	20043.77,26224.50 14968.28,26106.00
edge:inheritance:db.SealedOptionGrantShareholdersMeetingResolutionDocument->db.MeetingDocument	13853.74,26564.49 14612.28,26189.77
edge:inheritance:db.Shareholder->db.Stakeholder	10672.92,22672.54 9992.55,19478.24
edge:inheritance:db.ShareholdersAgreementModusignDocument->db.ModusignDocument	22799.58,20598.08 23530.17,20622.66
edge:inheritance:db.ShareholdersAgreementModusignEmbeddedDraft->db.ModusignEmbeddedDraft	22541.00,21980.84 22772.21,21845.62
edge:inheritance:db.ShareholdersCertificateOfSealDocument->db.MeetingDocument	13600.68,27885.95 14658.93,26298.84
edge:inheritance:db.ShareholdersMeetingAuditReportDocument->db.MeetingDocument	16821.58,26775.61 14968.28,26160.88
edge:inheritance:db.ShareholdersMeetingConvocationNoticeEmail->db.BulkEmail	18025.50,20630.21 13673.18,17310.73
edge:inheritance:db.ShareholdersMeetingConvocationNoticeEmailAttachment->db.FileAttachment	19966.07,20329.92 20523.82,18698.26
edge:inheritance:db.ShareholdersMeetingConvocationNoticeEmailRecipient->db.ShareholdersMeetingConvocationNoticeRecipient	20566.48,22035.02 18921.17,21101.03
edge:inheritance:db.ShareholdersMeetingConvocationNoticeWrittenRecipient->db.ShareholdersMeetingConvocationNoticeRecipient	19112.33,21590.01 18864.69,21101.03
edge:inheritance:db.ShareholdersMeetingMinutesDocument->db.MeetingDocument	14299.16,26487.04 14612.28,26241.45
edge:inheritance:db.ShareholdersMeetingNoticeDocument->db.MeetingDocument	21074.36,27154.23 14968.28,26131.65
edge:inheritance:db.ShareholdersMeetingPowerOfAttorneyDocument->db.MeetingDocument	16833.81,24734.23 14968.28,25982.72
edge:inheritance:db.ShareholdersMeetingPowerOfAttorneyIndividualDocument->db.MeetingDocument	16384.20,24422.04 14968.28,25914.25
edge:inheritance:db.ShareholdersMeetingShortenPeriodDocument->db.MeetingDocument	13141.65,26255.50 14612.28,26118.43
edge:inheritance:db.ShareholdersMeetingShortenPeriodIndividualDocument->db.MeetingDocument	16455.86,23530.26 14917.87,25904.84
edge:inheritance:db.ShareholdersMeetingSkipNoticeDocument->db.MeetingDocument	15027.31,28097.57 14813.68,26298.84
edge:inheritance:db.ShareholdersMeetingWrittenDecisionDocument->db.MeetingDocument	13410.92,26595.67 14612.28,26165.57
edge:inheritance:db.ShareholdersMeetingWrittenDecisionIndividualDocument->db.MeetingDocument	16906.44,24194.05 14968.28,25941.37
edge:inheritance:db.ShareholdersWrittenResolutionDocument->db.MeetingDocument	20749.32,28520.60 14968.28,26174.09
edge:inheritance:db.StockTransferAgreementModusignDocument->db.ModusignDocument	20645.61,20273.65 23530.17,20611.32
edge:inheritance:db.StockTransferAgreementModusignEmbeddedDraft->db.ModusignEmbeddedDraft	19552.22,19987.12 22765.66,21739.62
edge:inheritance:db.SubscriptionModusignDocumentUsageHistory->db.BaseModusignDocumentUsageHistory	23616.20,11572.91 25341.73,13517.31
edge:inheritance:db.TaxReceiptDocument->db.MeetingDocument	15723.25,24232.65 14888.61,25904.84
edge:inheritance:db.Template->db.MembershipContent	-1780.69,5151.66 -1524.64,5048.39
edge:inheritance:db.TextValueWithVisibility->db.ValueWithVisibility	37917.83,5999.11 37266.13,5890.10
edge:inheritance:db.UserProfileImage->db.FileAttachment	22154.11,18987.81 20788.00,18543.11
edge:inheritance:db.VentureCapitalPaymentLink->db.PaymentLink	35696.44,12421.06 25802.73,13074.51
edge:inheritance:db.Webinar->db.MembershipContent	-2023.43,4732.61 -1514.49,4958.39
edge:inheritance:db.Whitepaper->db.MembershipContent	231.37,6397.15 -1359.97,5048.39
edge:inheritance:db.WrittenStatementDocument->db.MeetingDocument	14097.63,26084.33 14612.28,26097.34
edge:inheritance:db.YetsAssistanceCreatorUser->db.YetsAssistanceCreator	11748.64,30332.13 12043.98,30181.34
edge:inheritance:db.YetsAssistanceCreatorYetsEmployee->db.YetsAssistanceCreator	7674.71,30180.15 11998.45,30145.29
edge:inheritance:db.YetsAssistanceMessageFile->db.FileAttachment	24224.79,31747.29 20657.33,18698.26
edge:inheritance:db.YetsEmail->db.BulkEmail	8981.33,19888.58 13462.76,17310.73
edge:inheritance:db.YetsEmployeeFile->db.FileAttachment	25982.07,32355.72 20682.21,18698.26
edge:inheritance:db.YetsEmployeeResultWhtReceipt->db.FileAttachment	23380.47,30033.60 20650.27,18698.26
edge:inheritance:db.ZuzuOptionGrantContractTemplate->db.OptionGrantContractTemplate	19775.29,16242.54 19545.51,16127.97
edge:inheritance:db.ZuzuOptionGrantContractTemplateRevision->db.OptionGrantContractTemplateRevision	20450.74,16321.49 20339.99,16381.64
