edge:declared:db.AgendaBonusIssue:certificate_of_payment_for_the_share_file	17906.68,20147.29 20408.00,18598.88
edge:declared:db.AgendaBonusIssue:meeting_draft	17652.76,20253.93 16613.57,20510.97
edge:declared:db.AgendaBonusIssueNewIssueBalanceCertificateFile:agenda_bonus_issue	18294.42,19854.15 17889.58,20147.29
edge:declared:db.AgendaBonusIssueNewIssueMinutesFile:agenda_bonus_issue	18348.12,20015.36 17924.76,20170.46
edge:declared:db.AgendaBonusIssueSharesToIssue:agenda_bonus_issue	17074.93,19373.02 17727.26,20147.29
edge:declared:db.AgendaBonusIssueSharesToIssue:share_class	16990.65,19299.02 15522.17,18275.96
edge:declared:db.AgendaBorrowCapital:meeting_draft	16646.83,20297.21 16564.19,20405.55
edge:declared:db.AgendaBranchChange:address	17714.75,20013.30 23936.01,18964.80
edge:declared:db.AgendaBranchChange:installation_event	17633.38,19985.20 19044.07,18363.79
edge:declared:db.AgendaBranchChange:meeting_draft	17482.84,20083.20 16613.57,20477.90
edge:declared:db.AgendaCashDividends:meeting_draft	15800.65,20559.15 16293.57,20552.66
edge:declared:db.AgendaCeoAddressChange:meeting_draft	12798.72,22026.01 16293.57,20615.14
edge:declared:db.AgendaCeoAddressChangeItem:agenda_ceo_address_change	11767.66,21192.34 12653.59,22026.01
edge:declared:db.AgendaCeoAddressChangeItem:stakeholder	11692.65,21118.34 10110.56,19478.24
edge:declared:db.AgendaChangeOfAoiClassStock:aoi	19511.59,20566.67 19201.45,20550.02
edge:declared:db.AgendaChangeOfAoiCustom:aoi	19879.34,19357.44 19065.29,20475.17
edge:declared:db.AgendaChangeOfAoiCustom:changed_part	19943.01,19275.44 20419.03,18698.26
edge:declared:db.AgendaChangeOfAoiDirectorCompensationRule:aoi	19674.79,20665.23 19201.45,20575.11
edge:declared:db.AgendaChangeOfAoiNumberOfDirectors:aoi	19271.27,20425.84 19161.97,20475.17
edge:declared:db.AgendaChangeOfAoiThirdPartyAllocation:aoi	19320.65,20777.95 19100.70,20605.17
edge:declared:db.AgendaChangeOfArticlesOfIncorporation:_deprecated_changed_part	19067.83,20475.17 20431.47,18698.26
edge:declared:db.AgendaChangeOfArticlesOfIncorporation:meeting_draft	18834.45,20540.91 16613.57,20549.90
edge:declared:db.AgendaCoCeoSystemChange:meeting_draft	16039.82,21069.67 16338.00,20695.55
edge:declared:db.AgendaCompanyNameChange:meeting_draft	17091.47,20943.36 16613.57,20649.08
edge:declared:db.AgendaCustom:meeting_draft	16065.17,20926.82 16303.90,20695.55
edge:declared:db.AgendaDirectorChange:stakeholder	12531.91,22812.62 10074.80,19478.24
edge:declared:db.AgendaDirectorCompensationItem:director_compensation	11695.66,20242.34 14682.54,21639.69
edge:declared:db.AgendaDirectorCompensationItem:stakeholder	11547.20,20168.34 10125.11,19409.79
edge:declared:db.AgendaDirectorCompensationRule:meeting_draft	16625.94,21109.02 16498.32,20695.55
edge:declared:db.AgendaFinancialStatements:audit_report	17406.78,20148.58 20408.00,18580.53
edge:declared:db.AgendaFinancialStatements:meeting_draft	17193.69,20246.58 16613.57,20484.84
edge:declared:db.AgendaHeadOfficeRelocation:address	18571.78,21520.78 23936.01,19010.91
edge:declared:db.AgendaHeadOfficeRelocation:meeting_draft	18354.66,21520.78 16613.57,20632.21
edge:declared:db.AgendaHeadOfficeRelocationAoiChange:meeting_draft	16961.04,20699.64 16613.57,20597.56
edge:declared:db.AgendaMethodOfGivingPublicNoticeChange:daily_newspaper	17219.51,19937.31 17276.97,15229.79
edge:declared:db.AgendaMethodOfGivingPublicNoticeChange:meeting_draft	17164.17,20019.31 16613.57,20430.93
edge:declared:db.AgendaNewIssue:financial_statements	16249.39,22257.44 20408.00,18646.25
edge:declared:db.AgendaNewIssue:meeting_draft	16165.83,22257.44 16429.13,20695.55
edge:declared:db.AgendaNewIssueItem:new_issue	19463.48,25230.93 16248.96,22427.44
edge:declared:db.AgendaNewIssueItemFromConversion:new_issue_item	19433.99,25782.69 19524.12,25360.93
edge:declared:db.AgendaNewIssueItemFromPayment:new_issue_item	18873.81,25505.36 19408.01,25336.92
edge:declared:db.AgendaNewIssueItemInstitutionMember:institution	21323.54,25962.99 19812.40,24981.96
edge:declared:db.AgendaNewIssueItemInstitutionMemberCeo:member	20141.21,25581.83 21270.87,25962.99
edge:declared:db.AgendaNewIssueItemShareClass:item	18949.91,25210.28 19408.01,25277.00
edge:declared:db.AgendaNewIssueItemShareholder:item	19732.49,24981.96 19578.27,25230.93
edge:declared:db.AgendaNewIssueNewShareClass:new_issue	16550.84,22396.02 16287.50,22360.69
edge:declared:db.AgendaNewOptionsRule:meeting_draft	16747.17,20987.04 16551.10,20695.55
edge:declared:db.AgendaNewOrChangeRsuRule:meeting_draft	17099.85,21093.13 16613.57,20684.88
edge:declared:db.AgendaOptionCancel:meeting_draft	15086.73,20991.61 16293.57,20602.18
edge:declared:db.AgendaOptionCancelGrantee:option_cancel	14286.49,20840.94 14838.73,20996.66
edge:declared:db.AgendaOptionCancelGrantee:option_grantee	14155.31,20764.41 13960.72,19222.92
edge:declared:db.AgendaOptionCancelOption:_deprecated_grantee	14352.44,21018.23 14197.47,20846.41
edge:declared:db.AgendaOptionCancelOption:option_cancel	14513.42,21053.26 14838.73,21037.59
edge:declared:db.AgendaOptionCancelOptionDistribution:option	14258.62,21166.97 14339.64,21100.23
edge:declared:db.AgendaOptionExercise:meeting_draft	13382.89,21776.02 16293.57,20614.40
edge:declared:db.AgendaOptionExerciseClaim:option_exercise	12801.48,21356.80 13212.11,21776.02
edge:declared:db.AgendaOptionExerciseClaim:option_exercise_claim	12745.10,21274.80 11384.21,17834.86
edge:declared:db.AgendaOptionExerciseGrantee:option_exercise	13269.42,21646.34 13262.66,21776.02
edge:declared:db.AgendaOptionExerciseGrantee:option_grantee	13284.36,21556.34 13937.56,19222.92
edge:declared:db.AgendaOptionExerciseGranteeOption:grantee	13168.78,21394.11 13249.40,21556.34
edge:declared:db.AgendaOptionGrant:meeting_draft	15625.36,19743.60 16304.75,20405.55
edge:declared:db.AgendaOptionGrantGrantee:_deprecated_option_grant_event	14736.53,19142.37 14960.70,18532.72
edge:declared:db.AgendaOptionGrantGrantee:option_grant	14801.65,19240.37 15502.81,19653.60
edge:declared:db.AgendaOptionGrantGrantee:option_grantee	14594.51,19187.24 14083.52,19170.24
edge:declared:db.AgendaOptionGrantGrantee:stakeholder	14594.51,19194.75 10125.11,19316.71
edge:declared:db.AgendaPurposeChange:meeting_draft	17691.50,21609.05 16613.57,20687.36
edge:declared:db.AgendaPurposeChangeItem:agenda_purpose_change	17818.84,21811.51 17759.61,21691.05
edge:declared:db.AgendaRsuGrant:meeting_draft	15784.61,20855.45 16293.57,20623.48
edge:declared:db.AgendaRsuGrantGrantee:rsu	13130.22,18080.37 14617.92,15319.59
edge:declared:db.AgendaRsuGrantGrantee:rsu_grant	13146.16,18162.37 15644.14,20855.45
edge:declared:db.AgendaRsuGrantGrantee:stakeholder	13000.53,18162.37 10125.11,19257.99
edge:declared:db.AgendaSubsidiaryEstablishment:meeting_draft	15795.68,21370.05 16337.17,20695.55
edge:declared:db.AgendaTemplate:company	24760.43,8381.56 16175.50,12355.54
edge:declared:db.AiPayrollLedger:payroll	3147.47,5300.24 4649.25,4891.62
edge:declared:db.AlimtalkActivityRecipient:activity	35490.47,14322.87 36271.71,14120.15
edge:declared:db.AlimtalkActivityRecipientStatusHistory:recipient	35315.02,14445.01 35343.02,14396.05
edge:declared:db.AllocatedSeat:stakeholder	7959.20,13322.51 9906.77,19164.24
edge:declared:db.Announcement:company_set	20824.91,12201.80 16175.50,12434.00
edge:declared:db.Announcement:subscription_plan_set	20945.31,12154.61 20925.66,11930.72
edge:declared:db.AnnualSalary:employee	10125.34,14955.39 8624.11,15001.73
edge:declared:db.AnnualSalary:ledger	10361.34,14966.95 11210.86,15076.37
edge:declared:db.Article:third_party_provider	20383.56,19684.85 20420.80,19869.37
edge:declared:db.Article:thumbnail_image	20383.14,19602.85 20556.43,18698.26
edge:declared:db.ArticlePublishHistory:article	20590.66,19752.08 20456.88,19684.85
edge:declared:db.ArticlesOfIncorporation:_deprecated_daily_newspaper	17137.68,15316.04 17232.43,15229.79
edge:declared:db.ArticlesOfIncorporation:articles_of_incorporation_file	17139.67,15430.04 20408.00,18313.63
edge:declared:db.ArticlesOfIncorporation:company	17053.86,15316.04 16066.21,12660.49
edge:declared:db.ArticlesOfIncorporation:source_meeting	17079.18,15430.04 17225.41,17455.49
edge:declared:db.ArticlesOfIncorporationAnalyzationRequest:company	13168.23,7639.11 15858.25,12226.49
edge:declared:db.ArticlesOfIncorporationAnalyzationResult:request	10777.71,7922.13 12964.03,7626.76
edge:declared:db.AuditLog:actor_api_key	16718.11,6580.43 17654.28,7428.54
edge:declared:db.AvailableModusignRequest:company	21229.27,19345.89 16150.36,12660.49
edge:declared:db.AvailableModusignRequest:modusign_account	21301.17,19419.89 22075.86,20074.46
edge:declared:db.BalanceCertificateDocument:new_issue_agenda	15115.53,22357.46 16015.50,22344.41
edge:declared:db.BalanceCertificateDocument:option_exercise_agenda	14829.68,22318.72 13384.11,21864.02
edge:declared:db.BaseModusignDocumentUsageHistory:modusign_document	25368.18,13599.31 23685.79,20546.24
edge:declared:db.BaseModusignDocumentUsageHistory:purchase	25222.61,13573.82 23128.42,13782.76
edge:declared:db.BranchAbolitionEvent:installation_event	18360.91,18113.59 18962.70,18280.42
edge:declared:db.BranchChangeEvent:address	19665.84,18514.99 23936.01,18924.10
edge:declared:db.BranchChangeEvent:installation_event	19442.75,18462.11 19205.13,18363.79
edge:declared:db.BranchInstallationEvent:address	19210.70,18330.26 23936.01,18919.64
edge:declared:db.BulkEmail:sender_mail_integration	13452.71,17207.23 13126.07,17120.55
edge:declared:db.BulkEmail:template_revision	13712.71,17218.24 17328.38,16564.86
edge:declared:db.BulkEmailCommonAttachment:bulk_email	16433.60,17736.39 13712.71,17264.29
edge:declared:db.BulkEmailRecipient:bulk_email	17166.23,19060.77 13712.71,17307.72
edge:declared:db.BulkEmailRecipient:email_activity_recipient	17396.85,19174.77 25216.83,22941.53
edge:declared:db.BulkEmailRecipientAttachment:recipient	18957.68,18652.97 17408.52,19081.79
edge:declared:db.BulkEmailTemplateRevision:template	17495.79,16506.17 19346.69,15061.58
edge:declared:db.BusinessPlan:company	13988.47,11943.94 15795.50,12395.96
edge:declared:db.BusinessPlanAiAnalysis:business_plan_ai_review	12012.42,11136.60 13662.13,11728.90
edge:declared:db.BusinessPlanAiAnalysisItem:ai_analysis_feedback	10226.78,10511.16 9856.14,10372.11
edge:declared:db.BusinessPlanAiAnalysisItem:business_plan_ai_analysis	10453.89,10593.16 11803.02,11062.60
edge:declared:db.BusinessPlanAiAnalysisItemImprovement:ai_analysis_feedback	9794.06,10468.34 9767.67,10372.11
edge:declared:db.BusinessPlanAiAnalysisItemImprovement:business_plan_ai_analysis_item	9975.71,10520.44 10203.06,10540.45
edge:declared:db.BusinessPlanAiReview:business_plan	13803.04,11810.90 13846.37,11877.42
edge:declared:db.BusinessPlanAiReview:company	13900.33,11807.71 15795.50,12385.56
edge:declared:db.BusinessRegistrationCertificate:company	19497.88,9816.70 16175.50,12301.40
edge:declared:db.CaptableRequest:captable_file	18691.49,16482.57 20408.00,18282.07
edge:declared:db.CaptableRequest:company	18625.03,16400.57 16130.25,12660.49
edge:declared:db.CashIncentive:category	11162.57,13927.62 12830.22,13445.02
edge:declared:db.CashIncentive:employee	10938.04,14004.50 8624.11,14948.20
edge:declared:db.CashIncentiveCategory:company	13064.39,13373.87 15795.50,12504.01
edge:declared:db.CashIncentiveItem:cash_incentive	10376.62,13954.04 10914.57,13961.73
edge:declared:db.CashPayment:purchase	23091.23,14060.23 23024.71,13902.53
edge:declared:db.CeoAddressChangeEvent:director	16173.83,16517.69 16471.39,16454.43
edge:declared:db.Charge:credit	20678.03,13708.98 21036.60,13810.11
edge:declared:db.Charge:meeting	20519.11,13715.00 17333.50,17455.49
edge:declared:db.CmeBulkEmail:cme	17835.06,16421.52 20076.73,14531.67
edge:declared:db.CmeBulkEmailRecipient:_deprecated_cme_bulk_email	18121.38,16405.11 17910.43,16441.27
edge:declared:db.CmeBulkEmailRecipient:cme_company	18262.26,16342.86 19174.94,14125.99
edge:declared:db.CmeBulkEmailTemplate:cme	19772.17,14952.71 20102.79,14531.67
edge:declared:db.CmeCompany:company	19085.75,14011.99 16175.50,12539.62
edge:declared:db.CmeCompany:company_managing_entity	19328.41,14123.10 20023.83,14412.56
edge:declared:db.CmeCompany:contact_set	19328.41,14119.25 20802.50,14689.10
edge:declared:db.CmeCompanyContact:cme_company	19647.07,14162.76 19328.41,14096.16
edge:declared:db.CmeCompanyContactNotificationSettings:cme_company_contact	19689.02,14089.67 19736.29,14150.42
edge:declared:db.CmeCompanyDirectorTermManagement:cme_company	19542.40,13962.88 19328.41,14028.89
edge:declared:db.CmeCompanyNote:cme_company	19165.53,13879.34 19188.53,14011.99
edge:declared:db.CmeCompanyRegistration:cme_contact	20656.76,14752.03 20794.90,14742.58
edge:declared:db.CmeCompanyRegistration:company_managing_entity	20479.89,14719.51 20237.65,14531.67
edge:declared:db.CmeCompanyRegistrationFile:cme_company_registration	20681.01,14843.89 20605.66,14801.51
edge:declared:db.CmeContact:company_managing_entity	20794.90,14690.76 20283.83,14512.11
edge:declared:db.CmeMemberRelation:company_managing_entity	20646.23,14415.03 20283.83,14453.04
edge:declared:db.Company:sso_configuration	15795.50,12464.12 15025.03,12547.79
edge:declared:db.CompanyAddressChangeEvent:address	19664.26,18387.16 23936.01,18919.65
edge:declared:db.CompanyAppointedTransferAgentChange:company	20899.12,9843.44 16175.50,12342.95
edge:declared:db.CompanyAuthorizedSharesChange:company	23550.36,9445.71 16175.50,12368.20
edge:declared:db.CompanyBenefit:company	18896.09,10665.19 16175.50,12327.40
edge:declared:db.CompanyBulkEmailTemplate:company	18652.53,13855.90 16175.50,12544.11
edge:declared:db.CompanyCreateAssignmentReadiness:company	16657.12,9976.71 16044.58,12226.49
edge:declared:db.CompanyCreateProgress:company_create_request	23620.31,16764.13 23789.46,17032.34
edge:declared:db.CompanyCreateRequest:address	23839.61,17162.34 24072.39,18813.85
edge:declared:db.CompanyCreateRequest:articles_of_incorporation_attachment	23700.45,17153.00 20788.00,18399.91
edge:declared:db.CompanyCreateRequest:company	23720.88,17032.34 16175.50,12556.20
edge:declared:db.CompanyDepartment:department_code	9787.70,14066.54 9752.36,14021.92
edge:declared:db.CompanyDepartmentCode:organization_chart	9837.56,13948.28 12423.44,13434.52
edge:declared:db.CompanyDocumentAIAnalysis:company	18592.63,16614.71 16121.13,12660.49
edge:declared:db.CompanyDocumentAIAnalysis:file	18662.72,16696.71 20408.00,18306.06
edge:declared:db.CompanyDocumentDelivery:company	18656.53,12656.15 16175.50,12458.62
edge:declared:db.CompanyEndorsement:company	24300.79,8476.91 16175.50,12352.86
edge:declared:db.CompanyEndorsementFeed:company_endorsement	25547.92,7511.64 24424.97,8402.91
edge:declared:db.CompanyExpertClientRelation:company	21577.37,14474.06 16175.50,12512.48
edge:declared:db.CompanyExpertClientRelation:expert_client	21704.15,14548.06 21740.94,14602.76
edge:declared:db.CompanyFeed:company	29107.24,5107.23 16175.50,12337.26
edge:declared:db.CompanyFeedAccessLog:company_feeds	41111.96,3954.07 29326.04,5042.78
edge:declared:db.CompanyFeedAccessLog:venture_capital	41215.57,3980.17 38008.55,12227.48
edge:declared:db.CompanyFeedRating:company_feed	29934.57,3634.17 29229.38,5001.23
edge:declared:db.CompanyGuideState:company	17730.15,12508.47 16175.50,12450.57
edge:declared:db.CompanyInvestmentContractInfo:company	18658.24,12798.92 16175.50,12468.76
edge:declared:db.CompanyInvestorInterest:company	29199.90,8404.50 16175.50,12385.42
edge:declared:db.CompanyInvestorInterest:venture_capital	29396.30,8405.43 37744.83,12345.64
edge:declared:db.CompanyInvitation:invitee	17359.24,9419.05 16084.06,12226.49
edge:declared:db.CompanyIrClosingFeed:investor_relations	29262.31,6262.41 30440.32,7418.15
edge:declared:db.CompanyIrNewCommitFeed:investor_relations	29828.48,6121.07 30504.57,7418.15
edge:declared:db.CompanyIrOpenFeed:investor_relations	30002.42,5595.57 30534.17,7418.15
edge:declared:db.CompanyIrSetting:company	21466.14,8054.72 16175.50,12291.34
edge:declared:db.CompanyLegalPartnerRelation:company	22288.87,14400.01 16175.50,12502.46
edge:declared:db.CompanyLegalPartnerRelation:legal_partner	22414.87,14474.01 22441.43,14618.57
edge:declared:db.CompanyManagementAssignment:company	15628.38,9257.80 15961.17,12226.49
edge:declared:db.CompanyManagingEntity:expert_client	20283.83,14481.52 21649.90,14637.59
edge:declared:db.CompanyManagingEntity:expert_partner	20283.83,14482.25 22310.39,14725.11
edge:declared:db.CompanyManagingEntity:holding_company	20182.82,14401.67 20201.75,14359.24
edge:declared:db.CompanyMethodOfGivingPublicNoticeChange:company	16887.48,14533.42 16079.15,12660.49
edge:declared:db.CompanyMethodOfGivingPublicNoticeChange:daily_newspaper	16925.83,14607.42 17252.67,15147.79
edge:declared:db.CompanyMnaSetting:company	18028.81,12268.99 16175.50,12427.26
edge:declared:db.CompanyNameChange:company	12920.83,10881.63 15795.50,12346.66
edge:declared:db.CompanyNews:company	19254.06,7989.83 16144.76,12226.49
edge:declared:db.CompanyNewsFeed:company_news	25604.67,5061.92 19373.91,7907.83
edge:declared:db.CompanyNewsLink:company_news	18688.90,7731.31 19171.95,7907.83
edge:declared:db.CompanyNotificationSetting:company	15157.52,11620.18 15795.50,12254.56
edge:declared:db.CompanyNotificationTrigger:notification_setting	14793.89,11393.78 15056.54,11546.18
edge:declared:db.CompanyOptionRule:company	18942.09,12931.14 16175.50,12474.83
edge:declared:db.CompanyOverview:company	15947.95,10454.35 15981.40,12226.49
edge:declared:db.CompanyOwnerAddRequest:company	17116.25,9885.87 16081.44,12226.49
edge:declared:db.CompanyOwnerAuditLog:company	9228.08,7952.66 15795.50,12317.22
edge:declared:db.CompanyOwnerAuditLogOwnerRoleRelation:company_owner_audit_log	8263.36,8621.05 9114.20,7952.66
edge:declared:db.CompanyOwnerAuditLogOwnerRoleRelation:owner_role	8237.73,8695.05 9594.79,11033.40
edge:declared:db.CompanyOwnerNotificationTrigger:trigger	14617.62,11261.05 14686.64,11319.78
edge:declared:db.CompanyParValueChange:_deprecated_articles_of_incorporation	16973.32,15600.04 17049.51,15430.04
edge:declared:db.CompanyParValueChange:company	16945.49,15600.04 16051.50,12660.49
edge:declared:db.CompanyPaymentLink:company	23559.47,12068.07 16175.50,12434.07
edge:declared:db.CompanyPolicyFile:company	16366.28,10487.43 16027.74,12226.49
edge:declared:db.CompanyProfileAccessLog:company	29149.31,8557.39 16175.50,12387.40
edge:declared:db.CompanyProfileAccessLog:venture_capital	29349.27,8559.56 37744.83,12349.42
edge:declared:db.CompanyPromotionWinLog:company	14370.14,8658.46 15892.89,12226.49
edge:declared:db.CompanyPromotionWinLog:prize_type	14476.64,8595.03 14970.86,8505.63
edge:declared:db.CompanyPromotionWinLog:promotion	14476.64,8615.72 14892.16,8609.89
edge:declared:db.CompanyPurposeChange:company	16859.53,14115.22 16098.95,12660.49
edge:declared:db.CompanyPurposeChangeItem:company_purpose_change	16989.87,14342.79 16900.42,14189.22
edge:declared:db.CompanyPurposeChangeItem:industrial_code	17034.72,14416.79 17198.74,14677.23
edge:declared:db.CompanyQuestionThread:company	18834.96,14194.59 16175.50,12560.25
edge:declared:db.CompanyQuestionThread:expert_partner	19118.96,14300.65 22310.39,14723.18
edge:declared:db.CompanyRegistrationAssignment:company	21816.58,10259.53 16175.50,12372.33
edge:declared:db.CompanyRegistrationAssignmentLog:company	20329.07,11821.79 16175.50,12416.29
edge:declared:db.CompanyRsuRule:_deprecate_articles_of_incorporation	16925.73,15271.60 16991.15,15316.04
edge:declared:db.CompanyRsuRule:company	16859.52,15197.60 16054.37,12660.49
edge:declared:db.CompanySsoEmailDomain:configuration	14021.88,12565.10 14777.03,12561.79
edge:declared:db.CompanySsoIdentity:configuration	14475.24,12618.71 14777.03,12577.99
edge:declared:db.CompanyStockTransferRestrictedChange:company	15758.09,10000.78 15965.30,12226.49
edge:declared:db.CompanyStockValue:company	19721.52,9297.68 16175.50,12283.51
edge:declared:db.CompanyTag:company_set	20817.46,10024.54 16175.50,12348.37
edge:declared:db.CompanyTanTableView:company	10559.73,10025.42 15795.50,12358.81
edge:declared:db.CompanyTodo:company	22441.78,10293.62 16175.50,12380.22
edge:declared:db.CompanyUpdateRequest:change_detection	18154.05,14062.14 18153.62,14303.88
edge:declared:db.CompanyUpdateRequest:company	18097.76,13980.14 16175.50,12581.71
edge:declared:db.CompanyUpdateRequest:company_question_thread	18278.12,14060.43 18834.96,14236.86
edge:declared:db.CompanyUserRelation:company	7543.69,11973.61 15795.50,12432.91
edge:declared:db.CompanyUserRelation:stakeholder	7436.61,12015.71 9904.90,19164.24
edge:declared:db.CompanyUserRelationOwnerRoleRelation:company_user_relation	8517.33,11562.49 7543.69,11921.05
edge:declared:db.CompanyUserRelationOwnerRoleRelation:owner_role	8701.76,11488.49 9512.04,11131.40
edge:declared:db.ConsentForm:investor	28048.81,37055.38 10765.58,22802.54
edge:declared:db.ConsentForm:item	28089.98,37055.38 24303.16,26886.19
edge:declared:db.ConsentForm:uploaded_consent_form_file	28088.47,37055.38 20685.51,18698.26
edge:declared:db.ConsentFormModusignDocument:consent_form	26540.09,23957.33 28102.39,37055.38
edge:declared:db.ConsentFormModusignEmbeddedDraft:consent_form	25414.32,29387.47 28091.12,37055.38
edge:declared:db.CorporateRegistration:attachment	18921.46,15639.76 20469.97,18264.26
edge:declared:db.CorporateRegistration:company	18847.29,15541.76 16175.50,12649.19
edge:declared:db.CorporateRegistrationChangeConfirmation:change_detection	18428.11,14345.99 18320.03,14348.70
edge:declared:db.CorporateRegistrationChangeConfirmation:staff_review_required_question_thread	18771.11,14314.49 18834.96,14304.37
edge:declared:db.CorporateRegistrationChangeDetection:company	18097.89,14303.88 16175.50,12610.82
edge:declared:db.CorporateRegistrationChangeDetection:xml_file	18182.54,14401.88 20469.51,18264.26
edge:declared:db.CorporateRegistrationChangeDetectionParseResult:change_detection	18316.16,14241.95 18225.37,14303.88
edge:declared:db.CorporateRegistrationExtractionLog:corporate_registration_issue_log	20668.34,16034.03 20882.16,15640.67
edge:declared:db.CorporateRegistrationIssueCoupon:company	18651.06,13524.73 16175.50,12520.56
edge:declared:db.CorporateRegistrationIssueCouponIssueLog:coupon	18999.52,13688.98 18834.43,13606.73
edge:declared:db.CorporateRegistrationIssueCouponUseRequest:coupon	19255.40,14762.34 18769.38,13606.73
edge:declared:db.CorporateRegistrationIssueCouponUseResult:corporate_registration	19952.32,15689.00 19016.55,15602.26
edge:declared:db.CorporateRegistrationIssueCouponUseResult:log	20337.32,15677.83 20768.30,15612.85
edge:declared:db.CorporateRegistrationIssueCouponUseResult:request	20105.34,15665.85 19306.59,14836.34
edge:declared:db.CorporateRegistrationIssueLog:_deprecated_staff_review_required_question_thread	20836.53,15542.67 19108.23,14370.85
edge:declared:db.CorporateRegistrationIssueLog:pdf_file	20903.53,15640.67 20621.34,18264.26
edge:declared:db.CorporateRegistrationIssueMaintenance:third_party_api_notice	33636.40,15818.57 32782.61,15797.62
edge:declared:db.CorporateRegistrationIssueRequest:delivery	19156.11,12467.69 19349.13,12412.04
edge:declared:db.CorporateRegistrationPaidIssue:company	20187.44,13790.11 16175.50,12504.38
edge:declared:db.CorporateRegistrationPaidIssue:corporate_registration	20282.22,13872.11 18932.17,15541.76
edge:declared:db.CorporationPostRegistrationEmail:company	15338.54,9432.50 15938.87,12226.49
edge:declared:db.CorporationPostRegistrationScheduledEmail:corporation_post_registration_email	15398.23,7957.93 15332.33,9358.50
edge:declared:db.CorporationPostRegistrationScheduledEmailPeriodicTaskRelation:corporation_post_registration_scheduled_email	14757.68,7589.56 15328.25,7883.93
edge:declared:db.Credit:company	21036.60,13811.51 16175.50,12494.95
edge:declared:db.CreditCard:company	24288.74,13354.65 16175.50,12464.34
edge:declared:db.CreditCard:investment_association	24506.39,13417.26 30486.03,16545.87
edge:declared:db.CreditCard:legal_partner	24343.32,13417.26 22618.39,14634.86
edge:declared:db.CreditCard:venture_capital	24536.74,13359.67 37744.83,12445.22
edge:declared:db.CreditUse:credit	22167.50,13885.63 21284.60,13850.08
edge:declared:db.CreditUse:purchase	22403.50,13874.61 22832.42,13817.30
edge:declared:db.CsAgentResponse:inquiry_thread_message	25222.27,11371.32 24495.91,11390.51
edge:declared:db.CsAgentResponseFeedBack:cs_agent_response	25826.79,11305.26 25470.27,11351.85
edge:declared:db.DebtConfirmationAndOffsetContractDocument:new_issue_item	17551.70,25439.95 19408.01,25305.36
edge:declared:db.DepartmentStaffUserRelation:department	17961.99,31839.71 15174.65,32297.53
edge:declared:db.DirectorAppointmentEvent:director	16169.46,16290.50 16471.39,16383.59
edge:declared:db.DirectorCompensationDecisionEvent:director	16526.22,16759.03 16589.62,16498.52
edge:declared:db.DirectorCompensationLimitEvent:director	16419.76,16611.11 16533.59,16498.52
edge:declared:db.DirectorTermEndEvent:appointment_event	16195.27,16378.83 16093.99,16293.27
edge:declared:db.DirectorTermEndEvent:director	16367.80,16421.77 16471.39,16423.39
edge:declared:db.DirectorVote:agenda	14980.99,20827.96 15144.64,20926.68
edge:declared:db.DirectorVote:attended_director	14923.07,20753.96 14952.19,20438.13
edge:declared:db.DirectorVotingRightsPerAgenda:agenda	14713.63,20837.06 15144.64,20968.90
edge:declared:db.DirectorVotingRightsPerAgenda:director	14624.89,20763.06 14907.82,20438.13
edge:declared:db.DirectorsMeeting:chairperson	15315.35,20234.43 15096.51,20324.13
edge:declared:db.DirectorsMeeting:meeting	15487.17,20120.14 17153.64,17689.49
edge:declared:db.DirectorsMeeting:sealed_meeting_minutes_file	15575.35,20138.25 20408.00,18543.94
edge:declared:db.DirectorsMeetingAgenda:agenda_bonus_issue	15428.64,20967.39 17652.76,20263.34
edge:declared:db.DirectorsMeetingAgenda:agenda_branch_change	15428.64,20952.06 17475.33,20083.20
edge:declared:db.DirectorsMeetingAgenda:agenda_co_ceo_system_change	15428.64,21031.72 15883.14,21093.75
edge:declared:db.DirectorsMeetingAgenda:agenda_custom	15428.64,21003.75 15898.85,20975.32
edge:declared:db.DirectorsMeetingAgenda:agenda_director_change	15150.36,21105.34 12648.63,22812.62
edge:declared:db.DirectorsMeetingAgenda:agenda_director_compensation_decision	15216.39,21105.34 14812.72,21639.69
edge:declared:db.DirectorsMeetingAgenda:agenda_financial_statements	15428.64,20955.24 17191.13,20246.58
edge:declared:db.DirectorsMeetingAgenda:agenda_head_office_relocation	15428.64,21037.47 18329.01,21550.86
edge:declared:db.DirectorsMeetingAgenda:agenda_new_issue	15347.11,21105.34 16096.23,22257.44
edge:declared:db.DirectorsMeetingAgenda:agenda_option_cancel	15144.64,21020.79 15086.73,21024.24
edge:declared:db.DirectorsMeetingAgenda:agenda_rsu_grant	15428.64,20972.54 15561.88,20935.20
edge:declared:db.DirectorsMeetingAgenda:agenda_shareholders_meeting_convocation	15428.64,21102.23 15606.32,21214.72
edge:declared:db.DirectorsMeetingAgenda:agenda_subsidiary_establishment	15397.70,21105.34 15713.81,21370.05
edge:declared:db.DirectorsMeetingAgenda:meeting	15304.40,20919.34 15433.70,20242.14
edge:declared:db.DirectorsMeetingDirectorAttendance:stakeholder	14792.45,20346.14 10125.11,19356.44
edge:declared:db.DirectorsMeetingNoticeEmail:directors_meeting	15635.41,19169.40 15456.81,20120.14
edge:declared:db.DirectorsMeetingNoticeEmailRecipient:director	15855.91,19395.98 15009.43,20324.13
edge:declared:db.DirectorsMeetingNoticeEmailRecipient:email	15848.03,19313.98 15688.38,19169.40
edge:declared:db.DocumentDelivery:delivery	20382.05,12458.34 20451.35,12357.58
edge:declared:db.DocumentDeliveryQuestionThreadRelation:document_delivery	20545.68,12468.62 20477.85,12479.48
edge:declared:db.DocumentDeliveryQuestionThreadRelation:question_thread	20760.68,12478.16 20864.00,12566.05
edge:declared:db.DocumentParseResult:attachment	20180.45,16873.30 20177.46,17030.31
edge:declared:db.DormantUserEmail:user	-701.53,30212.16 -2286.10,31188.58
edge:declared:db.DormantUserPhone:user	-1538.88,29646.70 -2331.56,31188.58
edge:declared:db.DormantUserReactivationToken:user	-512.36,30345.55 -2267.29,31188.58
edge:declared:db.ESOP:company	9632.79,16669.44 15795.50,12569.88
edge:declared:db.ESOP:shareholder	9557.91,16783.44 10674.44,22672.54
edge:declared:db.ESOPParticipant:esop	9237.74,15974.64 9523.64,16669.44
edge:declared:db.EditableCompanyOwnerAuditLog:company	16553.29,9688.73 16030.23,12226.49
edge:declared:db.ElectronicCertificate:company	17100.83,16946.61 16039.25,12660.49
edge:declared:db.ElectronicCertificate:director	17071.87,16946.61 16672.46,16498.52
edge:declared:db.ElectronicCertificateApplicationFormDocument:stakeholder	7994.23,25141.33 9906.11,19478.24
edge:declared:db.ElectronicCertificateCaseReportDocument:stakeholder	8849.44,23414.90 9916.55,19478.24
edge:declared:db.ElectronicCertificateFileDownloadHistory:file_uploaded	18195.09,17265.78 17843.25,17053.99
edge:declared:db.ElectronicCertificateFileUploadRequest:electronic_certificate	17401.37,16900.09 17235.98,16952.40
edge:declared:db.ElectronicCertificateFileUploaded:file_upload_request	17718.45,16979.99 17581.70,16900.09
edge:declared:db.ElectronicCertificateReturnRequest:electronic_certificate	22127.75,19122.94 17217.88,17036.61
edge:declared:db.ElectronicCertificateReturnRequest:recipient_address	22367.82,19141.90 23936.01,18957.01
edge:declared:db.EmailActivityRecipient:email_activity	25325.25,23039.53 25681.96,25653.14
edge:declared:db.EmailActivityRecipientStatusHistory:recipient	25974.27,24602.52 25338.49,23039.53
edge:declared:db.EmailVerification:email	25215.14,4734.02 24616.04,4508.09
edge:declared:db.Employee:department_code_set	8602.49,14905.11 9655.16,14021.92
edge:declared:db.Employee:group_set	8624.11,14959.71 11723.85,13946.76
edge:declared:db.EmployeeDepartmentCodeRelation:department_code	9049.74,14285.87 9609.62,14021.92
edge:declared:db.EmployeeDepartmentCodeRelation:employee	8944.77,14359.87 8554.42,14905.11
edge:declared:db.EmployeeGroup:company	11941.75,13872.76 15795.50,12510.65
edge:declared:db.EmployeeNumber:company	11756.33,14037.06 15795.50,12515.08
edge:declared:db.EmployeeNumber:employee	11540.14,14108.69 8624.11,14964.44
edge:declared:db.EmployeeOption:company	10528.54,12523.78 15795.50,12446.29
edge:declared:db.EmployeeOption:grantee	10328.87,12578.60 9271.73,13319.03
edge:declared:db.EmployeeOptionExerciseCandidate:management	11834.62,13243.38 13366.57,13338.74
edge:declared:db.EmployeeOptionExerciseCandidate:option	11605.20,13189.17 10500.44,12578.60
edge:declared:db.EmployeeOptionExerciseCandidate:option_exercise_claim	11834.62,13206.06 12686.36,13044.27
edge:declared:db.EmployeeOptionExerciseCandidateFile:candidate	11153.54,12806.40 11630.54,13189.17
edge:declared:db.EmployeeOptionExerciseClaim:company	12952.36,12994.83 15795.50,12478.03
edge:declared:db.EmployeeOptionExerciseClaimOption:option	11534.16,12730.42 10528.54,12548.08
edge:declared:db.EmployeeOptionExerciseClaimOption:option_exercise_claim	11840.16,12793.41 12686.36,12988.37
edge:declared:db.EmployeeOptionExerciseManagement:company	13629.89,13307.17 15795.50,12513.15
edge:declared:db.EmployeeOptionExerciseManagementEmail:management	13331.68,13704.61 13496.63,13389.17
edge:declared:db.EmployeeOptionVesting:employee_option	9287.12,12970.51 10280.54,12574.97
edge:declared:db.EmployeeOptionVestingItem:option_vesting	9115.28,13191.78 9178.35,13044.51
edge:declared:db.EmployeeOptionVestingTraceable:option	10152.27,13128.55 10382.37,12578.60
edge:declared:db.EmployeeStock:participant	9498.65,15726.14 9281.01,15884.64
edge:declared:db.EmployeeStockGuide:esop	9774.88,16349.49 9581.54,16669.44
edge:declared:db.EmployeeStockGuideAudience:employee_stock_guide	9918.01,15715.48 9807.83,16267.49
edge:declared:db.EmployeeStockGuideAudience:participant	9821.36,15715.48 9343.22,15885.54
edge:declared:db.EmployeeStockGuideEmail:employee_stock_guide	12334.56,17081.89 9923.65,16346.32
edge:declared:db.EmployeeStockTag:category	9676.97,15902.50 9484.33,16046.30
edge:declared:db.EmployeeStockTag:employee_stock_set	9688.50,15820.50 9588.62,15726.14
edge:declared:db.EmployeeStockTag:esop	9723.14,15902.50 9559.28,16669.44
edge:declared:db.EmployeeStockTagCategory:esop	9441.22,16120.30 9537.14,16669.44
edge:declared:db.EmployeeStockWithdrawRequest:account	10932.94,16928.74 11276.41,16796.80
edge:declared:db.EmployeeStockWithdrawRequest:esop	10705.63,16941.43 9677.10,16750.56
edge:declared:db.EmploymentCertificateDocumentRequest:company	13568.21,13501.02 15795.50,12526.61
edge:declared:db.EmploymentCertificateDocumentRequest:history	13375.93,13575.02 11612.08,14180.92
edge:declared:db.EmploymentStatusHistory:connected_hrm_status_event	11364.08,14257.06 5601.15,15816.39
edge:declared:db.EmploymentStatusHistory:employee	11364.08,14255.79 8624.11,14969.14
edge:declared:db.EmploymentStatusHistory:related_events	11557.67,14268.51 15445.98,16782.86
edge:declared:db.Event:company	15603.60,16769.56 15966.34,12660.49
edge:declared:db.EventAttachment:company	15929.59,14798.40 15980.35,12660.49
edge:declared:db.EventAttachment:event	15922.65,14872.40 15611.84,16769.56
edge:declared:db.ExpertClientIncorporationSupport:contact_set	21250.16,14803.49 21042.90,14760.07
edge:declared:db.ExpertClientIncorporationSupport:expert_client	21484.85,14794.22 21674.48,14700.76
edge:declared:db.ExpertClientIncorporationSupport:incorporation_request	21416.61,14876.22 21761.00,15820.76
edge:declared:db.ExpertClientSignupChannel:expert_client	23836.66,14868.95 21897.90,14664.82
edge:declared:db.ExpertClientTaxServiceSettings:expert_client	21647.87,14944.57 21752.81,14700.76
edge:declared:db.ExpertClientTaxServiceSettings:legal_partner	21761.35,14944.57 22310.39,14787.60
edge:declared:db.ExpressDelivery1:order_status_history	316.91,9788.89 395.05,9932.80
edge:declared:db.ExpressDelivery1:seal_card_return_status_history	178.82,9758.46 -44.26,9770.89
edge:declared:db.ExternalStockInfo:company	15283.56,9875.81 15926.18,12226.49
edge:declared:db.FABContent:thumbnail_image	21408.41,18479.26 20788.00,18480.79
edge:declared:db.FinancialAccount:institution	11396.53,16700.16 11372.49,16396.50
edge:declared:db.FinancialStatementsForNewIssueFromConversionDocument:new_issue	15818.83,23465.74 16126.33,22427.44
edge:declared:db.Fund:fund_partners	35276.07,13335.23 36092.44,13669.09
edge:declared:db.Fund:portfolio_company_set	35042.03,13317.28 30910.62,14218.52
edge:declared:db.Fund:venture_capital	35290.03,13251.73 37744.83,12489.61
edge:declared:db.FundPartner:venture_capital	36248.41,13669.09 37744.83,12567.88
edge:declared:db.FundingNewsDistributionServiceRequest:company	18308.60,14512.18 16175.50,12612.68
edge:declared:db.FundingNewsDistributionServiceRequest:company_question_thread	18460.11,14512.18 18834.96,14345.13
edge:declared:db.FundingNewsDistributionServiceRequest:logo	18384.80,14602.18 20474.19,18264.26
edge:declared:db.HelpTemplate:partners_to_share	7964.03,9594.01 22310.39,14688.88
edge:declared:db.Hrm:company	-227.76,16052.05 15795.50,12485.78
edge:declared:db.HrmAlpConfig:hrm	-2126.96,15838.30 -547.76,16064.72
edge:declared:db.HrmAlpConfigIndivApprovalTemplateRel:alp_config	-1815.75,15604.26 -2171.82,15784.38
edge:declared:db.HrmAlpExcludedEmp:emp	5585.10,17963.04 4769.73,18074.40
edge:declared:db.HrmAlpLaborReceiptRefusal:emp	5043.46,18830.33 4703.01,18270.89
edge:declared:db.HrmAlpTarget:emp	5068.25,18510.57 4769.73,18248.75
edge:declared:db.HrmAlpUsageDesignation:target	5552.78,18617.21 5239.00,18570.16
edge:declared:db.HrmAlpUsageDesignationDate:leave_usage	6293.50,18434.98 6645.67,18389.05
edge:declared:db.HrmAlpUsageDesignationDate:usage_designation	6066.47,18488.54 5770.81,18597.90
edge:declared:db.HrmAlpUsagePlan:target	5539.23,18263.10 5175.29,18510.57
edge:declared:db.HrmAlpUsagePlanDate:usage_plan	5779.76,18193.92 5723.52,18202.71
edge:declared:db.HrmAnnualLeaveAdjustment:emp	5290.65,18068.31 4769.73,18090.55
edge:declared:db.HrmAnnualLeaveConfigBase:annual_leave	3809.06,22533.43 3826.34,21766.88
edge:declared:db.HrmApproval:approvable	3554.54,18054.50 2975.40,17865.69
edge:declared:db.HrmApproval:requestor	3802.54,18095.32 4425.73,18097.33
edge:declared:db.HrmApprovalLine:actual_approver	3731.76,18209.86 4425.73,18120.13
edge:declared:db.HrmApprovalLine:approval	3629.92,18184.89 3654.22,18139.92
edge:declared:db.HrmApprovalLine:approver	3483.76,18264.22 2790.14,18478.63
edge:declared:db.HrmApprovalReview:approval	3176.67,18265.68 3554.54,18137.11
edge:declared:db.HrmApprovalReview:approver	2998.54,18339.68 2765.52,18463.96
edge:declared:db.HrmApprovalTemplate:hrm	2124.99,18093.91 -227.76,16215.41
edge:declared:db.HrmApprovalTemplateLine:approver	2553.12,18386.37 2620.27,18463.96
edge:declared:db.HrmApprovalTemplateLine:template	2461.62,18312.37 2242.25,18175.91
edge:declared:db.HrmApprovalTemplateReview:approver	2204.14,18351.32 2542.14,18472.50
edge:declared:db.HrmApprovalTemplateReview:template	2116.49,18277.32 2159.11,18175.91
edge:declared:db.HrmApprover:dept	2542.14,18525.74 379.52,18678.87
edge:declared:db.HrmApprover:emp	2790.14,18490.06 4425.73,18135.21
edge:declared:db.HrmAttendance:emp	4255.70,17972.44 4425.73,18034.80
edge:declared:db.HrmAttendanceItem:attendance	4480.43,17784.91 4238.08,17890.44
edge:declared:db.HrmAttendanceItem:emp	4577.27,17784.91 4586.42,17924.89
edge:declared:db.HrmAttendanceLocation:attendance_item	5188.20,17156.65 4617.43,17702.91
edge:declared:db.HrmAttendanceLocation:ongoing_attendance	5363.40,17073.46 5964.03,16907.86
edge:declared:db.HrmAttendanceLocation:personal_location	5308.89,17058.65 6445.57,16257.16
edge:declared:db.HrmAttendanceLocation:work_location	5188.98,17058.65 3492.10,15409.45
edge:declared:db.HrmCertificateConfig:hrm	-990.80,16154.89 -547.76,16105.50
edge:declared:db.HrmCertificateConfigIndividualApprovalTemplateRelation:certificate_config	-1791.45,16603.61 -1166.79,16205.05
edge:declared:db.HrmCertificateIssue:connected_status_event	5826.42,16062.31 5564.32,15902.94
edge:declared:db.HrmCertificateIssue:emp	5867.21,16144.31 4710.15,17924.89
edge:declared:db.HrmCommonLocation:work_location_config	5027.87,15552.99 5353.74,15308.54
edge:declared:db.HrmConciergeRequest:company	17345.80,11034.89 16175.50,12246.74
edge:declared:db.HrmDailyLeaveUsageItem:usage	5344.05,20641.89 6739.72,18429.10
edge:declared:db.HrmDept:hrm	234.57,18627.07 -353.21,16228.66
edge:declared:db.HrmDeptName:dept	-1227.97,19527.25 142.12,18749.07
edge:declared:db.HrmDeptName:event	-1307.39,19601.25 -1478.37,20044.28
edge:declared:db.HrmDeptParent:dept	-398.11,19518.56 201.95,18749.07
edge:declared:db.HrmDeptParent:event	-410.94,19600.56 -240.57,19965.55
edge:declared:db.HrmDeptReorg:hrm	-1019.99,15366.81 -511.43,15946.66
edge:declared:db.HrmDeptStatus:dept	180.04,19744.42 245.51,18749.07
edge:declared:db.HrmDeptStatus:event	172.34,19818.42 -42.65,21329.10
edge:declared:db.HrmDocument:emp	2168.32,15637.43 4426.91,17924.89
edge:declared:db.HrmDocument:form	2029.86,15539.43 166.34,14525.71
edge:declared:db.HrmDocument:hrm	1995.94,15613.12 -227.76,16055.81
edge:declared:db.HrmDocumentDraft:emp	1190.40,14235.20 4445.12,17924.89
edge:declared:db.HrmDocumentDraft:form	1030.23,14226.70 200.26,14444.21
edge:declared:db.HrmDocumentDraftFieldAttachment:field_value	630.43,11362.10 -425.52,12868.03
edge:declared:db.HrmDocumentDraftFieldMultiSelectValue:field_value	-653.75,13256.53 -482.84,12958.03
edge:declared:db.HrmDocumentDraftFieldMultiSelectValue:selected_option	-736.08,13330.53 -917.70,13440.45
edge:declared:db.HrmDocumentDraftFieldValue:draft	-400.47,12958.03 1102.67,14153.20
edge:declared:db.HrmDocumentDraftFieldValue:field_definition	-537.23,12958.03 -2248.97,13918.94
edge:declared:db.HrmDocumentFieldAttachment:field_value	-550.41,14198.68 -432.77,13987.10
edge:declared:db.HrmDocumentFieldMultiSelectValue:field_value	-306.23,13853.56 -356.15,13897.10
edge:declared:db.HrmDocumentFieldMultiSelectValue:selected_option	-343.48,13779.56 -897.15,13522.45
edge:declared:db.HrmDocumentFieldValue:document	-338.66,13987.10 2044.71,15539.43
edge:declared:db.HrmDocumentFieldValue:field_definition	-531.75,13943.51 -2181.13,13962.26
edge:declared:db.HrmDocumentForm:hrm	62.15,14525.71 -347.15,15946.66
edge:declared:db.HrmDocumentFormFieldDefinition:form	-2181.13,13995.49 -47.74,14450.28
edge:declared:db.HrmDocumentFormFieldSelectOption:field_definition	-1099.62,13522.45 -2203.81,13918.94
edge:declared:db.HrmDocumentFormIndividualApprovalTemplateRelation:document_form	-667.77,14656.35 -47.74,14506.65
edge:declared:db.HrmEmp:connected_employee	4769.73,17960.99 8355.22,15107.11
edge:declared:db.HrmEmp:hrm	4425.73,18028.54 -227.76,16152.17
edge:declared:db.HrmEmpAffiliation:emp	2637.33,17793.54 4425.73,18071.19
edge:declared:db.HrmEmpAffiliation:event	2573.17,17733.29 3561.81,17055.92
edge:declared:db.HrmEmpAffiliationDept:affiliation	1990.68,17845.93 2389.33,17791.29
edge:declared:db.HrmEmpAffiliationDept:dept	1799.97,17899.10 369.39,18627.07
edge:declared:db.HrmEmpContract:emp	5185.99,34698.20 4603.86,18270.89
edge:declared:db.HrmEmpContract:mgmt	5173.92,34698.20 1778.54,24397.80
edge:declared:db.HrmEmpContractCommonVar:hrm	14.03,15670.33 -252.01,15946.66
edge:declared:db.HrmEmpContractMgmt:hrm	1754.35,24315.80 -351.05,16228.66
edge:declared:db.HrmEmpContractMgmt:template_revision	1711.30,24315.80 -828.74,22377.34
edge:declared:db.HrmEmpContractModusignDocument:hrm_emp_contract	28529.23,37337.72 5311.44,34753.00
edge:declared:db.HrmEmpContractTemplate:hrm	-1871.94,20202.41 -438.62,16228.66
edge:declared:db.HrmEmpContractTemplateRevision:template	-902.07,22295.34 -1867.60,20276.41
edge:declared:db.HrmEmpContractTemplateRevisionSigner:revision	-1715.01,22830.67 -951.51,22377.34
edge:declared:db.HrmEmpEmploymentType:emp	4556.83,17369.30 4588.02,17924.89
edge:declared:db.HrmEmpEmploymentType:event	4563.95,17295.30 4624.01,17053.76
edge:declared:db.HrmEmpJob:emp	2603.56,16719.28 4425.73,17978.98
edge:declared:db.HrmEmpJob:event	2650.90,16675.72 3827.16,16765.26
edge:declared:db.HrmEmpJob:level	2402.90,16683.14 1821.09,16762.25
edge:declared:db.HrmEmpJob:position	2402.90,16629.20 1987.73,16505.03
edge:declared:db.HrmEmpJob:role	2402.90,16656.97 1576.39,16594.93
edge:declared:db.HrmEmpJob:title	2442.53,16613.28 1409.47,15964.32
edge:declared:db.HrmEmpJobLevel:hrm	1591.07,16741.29 -227.76,16140.51
edge:declared:db.HrmEmpJobPosition:hrm	1751.73,16449.77 -227.76,16114.74
edge:declared:db.HrmEmpJobRole:hrm	1340.39,16554.21 -227.76,16130.86
edge:declared:db.HrmEmpJobTitle:hrm	1232.57,15938.20 -227.76,16072.90
edge:declared:db.HrmEmpMov:hrm	443.41,15790.36 -227.76,16030.43
edge:declared:db.HrmEmpReturnToWorkEvent:absence_event	5040.22,15706.33 4840.09,15706.33
edge:declared:db.HrmEmpSalaryAccount:emp	9873.98,16696.99 4769.73,18052.22
edge:declared:db.HrmEmpSalaryAccount:institution	10109.98,16638.74 11244.93,16379.79
edge:declared:db.HrmEmpStatus:emp	6799.00,16199.61 4769.73,17949.56
edge:declared:db.HrmEmpStatus:event	6723.91,16135.58 5601.15,15878.35
edge:declared:db.HrmEmpUserInvitation:emp	2948.01,18050.21 4425.73,18092.92
edge:declared:db.HrmEmpUserInvitation:hrm	2756.79,18005.63 -227.76,16185.25
edge:declared:db.HrmEmpUserInvitationInvitee:invitation	2631.22,18154.94 2751.03,18087.63
edge:declared:db.HrmEmpWorkAssignment:emp	3325.48,18813.98 4425.73,18194.70
edge:declared:db.HrmEmpWorkAssignment:work	3141.74,18863.93 2019.86,18987.01
edge:declared:db.HrmEmpWorkLocationAssignment:work_location	4042.46,16131.38 3479.87,15409.45
edge:declared:db.HrmEmpWorkLocationAssignment:work_location_config	4082.15,16205.38 4248.44,16772.15
edge:declared:db.HrmEmpWorkLocationConfig:emp	4271.23,16854.15 4552.32,17924.89
edge:declared:db.HrmEmpWorkLocationConfig:work_location_set	4237.36,16772.15 3469.30,15409.45
edge:declared:db.HrmFixedWorkSchedule:fixed_work	1937.30,18672.92 1897.36,18715.28
edge:declared:db.HrmGoogleCalendarIntegration:hrm	-604.59,15483.14 -438.33,15946.66
edge:declared:db.HrmLeaveBase:hrm	3238.19,20913.61 -281.82,16228.66
edge:declared:db.HrmLeaveCommonConfig:leave	1966.75,20950.67 3157.04,20982.92
edge:declared:db.HrmLeaveGrant:emp	3914.93,19183.85 4488.96,18270.89
edge:declared:db.HrmLeaveGrant:grantable_leave	3877.37,19257.85 3525.61,20168.28
edge:declared:db.HrmLeaveIndividualApprovalTemplateRelation:leave	1459.18,19981.92 3159.79,20913.61
edge:declared:db.HrmLeaveUsage:emp	6645.67,18355.73 4769.73,18119.55
edge:declared:db.HrmLeaveUsage:leave	6699.74,18429.10 3390.28,20913.61
edge:declared:db.HrmLeaveUsageAttachment:usage	7042.67,19329.11 6791.57,18429.10
edge:declared:db.HrmLeaveUsageItem:emp	4974.09,19018.47 4668.46,18270.89
edge:declared:db.HrmLeaveUsageItem:leave	4954.73,19100.47 3357.35,20913.61
edge:declared:db.HrmLeaveUsageItem:usage	5097.31,19018.47 6645.67,18422.17
edge:declared:db.HrmOngoingAttendance:emp	6038.12,16914.67 4769.73,17956.60
edge:declared:db.HrmOngoingAttendanceClockedSchedule:ongoing_attendance	6639.37,16728.75 6212.03,16841.08
edge:declared:db.HrmPersonalLocation:hrm_emp	6463.77,16257.16 4769.73,17928.22
edge:declared:db.HrmPersonalLocation:work_location_config	6456.94,16167.16 5456.19,15308.54
edge:declared:db.HrmRequestor:dept	1205.14,19122.78 379.52,18747.21
edge:declared:db.HrmRequestor:emp	1401.86,19122.78 4425.73,18153.05
edge:declared:db.HrmSelectiveWorkPlan:emp	4113.55,18070.95 4425.73,18088.32
edge:declared:db.HrmSelectiveWorkPlanConfig:selective_work	1819.70,19515.53 2003.53,19284.65
edge:declared:db.HrmSelectiveWorkPlanItem:emp	3286.19,18145.63 4425.73,18104.15
edge:declared:db.HrmSelectiveWorkPlanItem:plan	3286.19,18137.47 3865.55,18076.99
edge:declared:db.HrmSelectiveWorkSchedule:selective_work	2292.08,19247.85 2163.36,19243.67
edge:declared:db.HrmSelectiveWorkSettlementConfig:selective_work	1273.18,19515.53 1915.36,19284.30
edge:declared:db.HrmSigner:hrm	-788.39,15979.26 -547.76,16044.37
edge:declared:db.HrmSlackChannelConfig:integration	-795.03,16656.43 -760.19,16605.52
edge:declared:db.HrmSlackIntegration:hrm	-708.15,16531.52 -489.54,16228.66
edge:declared:db.HrmStaffNote:hrm	-1277.83,16031.97 -547.76,16077.65
edge:declared:db.HrmStaggeredWorkSchedule:staggered_work	1363.97,20425.03 720.12,19578.33
edge:declared:db.HrmStandardWork:hrm	-1096.91,16708.30 -547.76,16227.69
edge:declared:db.HrmStandardWorkSchedule:standard_work	-1519.61,17641.60 -1154.89,16782.30
edge:declared:db.HrmTag:hrm_set	-992.29,15715.81 -547.76,15989.24
edge:declared:db.HrmWorkAutoClockOutConfig:work	1215.80,18949.09 1759.86,18991.21
edge:declared:db.HrmWorkBase:emp_set	2019.86,18957.90 4425.73,18155.27
edge:declared:db.HrmWorkBase:hrm	1842.18,18940.27 -277.54,16228.66
edge:declared:db.HrmWorkIndividualApprovalTemplateRelation:work	2342.70,19049.09 2019.86,19015.00
edge:declared:db.HrmWorkLocation:hrm	3317.68,15384.00 -227.76,16057.28
edge:declared:db.HrmWorkLocationGpsConfig:work_location	5282.40,15273.49 3565.68,15354.59
edge:declared:db.HrmWorkOvertime:work	1301.85,18852.72 1759.86,18968.43
edge:declared:db.IBKSignupChannel:ibk_user_login_token	25970.01,14550.21 25939.76,14500.50
edge:declared:db.IBKUserLoginToken:ibk_user	25942.60,14426.50 25971.63,14384.15
edge:declared:db.IaAccountInfo:investment_association	34252.98,18184.22 30794.03,16692.84
edge:declared:db.IaCertificateOfInvestmentDocument:partner	37010.23,18531.55 39456.45,18238.05
edge:declared:db.IaCertificateOfInvestmentDocumentRecipient:certificate_of_investment_document_email	-2495.45,20068.40 -2522.84,20146.33
edge:declared:db.IaConfirmationRequest:investment_association	25759.30,18958.28 30486.03,16700.02
edge:declared:db.IaConfirmationRequest:partner_list_file	25483.61,18984.58 20788.00,18500.83
edge:declared:db.IaConsentForm:consent_form_or_meeting	35542.94,18650.04 33804.50,19172.08
edge:declared:db.IaConsentFormDocument:consent_form	36092.45,18524.73 35811.65,18582.90
edge:declared:db.IaConsentFormDocument:partner	36462.45,18471.59 39456.45,18231.79
edge:declared:db.IaConsentFormOrMeeting:investment_association	33567.07,19172.08 30792.96,16759.44
edge:declared:db.IaConsentFormOrMeetingDocumentGeneration:consent_form_or_meeting	33937.30,19206.02 33820.51,19213.22
edge:declared:db.IaConsentFormOrMeetingDocumentGenerationItem:document	35262.25,19190.80 35754.27,19294.56
edge:declared:db.IaConsentFormOrMeetingDocumentGenerationItem:generation	34896.81,19161.89 34280.30,19188.15
edge:declared:db.IaConsentFormOrMeetingElectronicSignatureRequest:document	32959.34,20725.85 33803.74,19985.37
edge:declared:db.IaConsentFormOrMeetingElectronicSignatureRequestModusignDocument:electronic_signature_request	32506.15,20657.18 32727.82,20725.85
edge:declared:db.IaConsentFormOrMeetingElectronicSignatureRequestModusignEmbeddedDraft:electronic_signature_request	31807.35,21044.14 32700.90,20826.97
edge:declared:db.IaConsentFormOrMeetingElectronicSignatureRequestStatusHistory:electronic_signature_request	32757.08,21475.25 32888.11,20831.85
edge:declared:db.IaConsentFormOrMeetingElectronicSignatureRequestUploadedModusignDocument:electronic_signature_request	29308.10,21157.58 32700.90,20799.73
edge:declared:db.IaConsentFormOrMeetingElectronicSignatureRequiredDocument:consent_form_or_meeting	33846.48,19879.37 33645.71,19278.08
edge:declared:db.IaConsentFormOrMeetingElectronicSignatureRequiredDocument:edited_file	33666.18,19910.71 20788.00,18502.04
edge:declared:db.IaConsentFormOrMeetingElectronicSignatureRequiredDocument:partner	34042.05,19879.37 39456.45,18265.99
edge:declared:db.IaConsentFormOrMeetingEsigRequiredDocumentPageRange:esig_required_document	34527.02,19818.87 34062.18,19898.46
edge:declared:db.IaConsentFormOrMeetingEsigRequiredDocumentPageRange:page_range_document	34819.26,19747.96 35754.27,19380.86
edge:declared:db.IaConsentFormOrMeetingGuideEmail:consent_form_or_meeting	33884.66,18918.72 33672.41,19172.08
edge:declared:db.IaConsentFormOrMeetingGuideEmailRecipient:consent_form_or_meeting_guide_email	33874.73,18704.92 33907.09,18844.72
edge:declared:db.IaDocumentArchive:investment_association	32577.72,15022.37 30794.03,16498.96
edge:declared:db.IaDocumentArchiveAttachment:ia_document_archive	32259.03,15085.62 32504.42,15017.92
edge:declared:db.IaExpertPartnerBulkEmailTemplate:legal_partner	21375.94,15223.83 22310.39,14811.52
edge:declared:db.IaFoundingProgressStatus:investment_association	32081.71,17580.97 30794.03,16728.40
edge:declared:db.IaGpAppointmentEvent:partner	35754.02,17892.62 39456.45,18205.92
edge:declared:db.IaGpTerminationEvent:appointment_event	35919.46,18147.76 35674.70,17923.13
edge:declared:db.IaGpTerminationEvent:partner	36088.14,18189.79 39456.45,18217.90
edge:declared:db.IaInvestmentCertificateRegistrationRequest:partner	39602.12,19783.12 39612.66,18328.21
edge:declared:db.IaLegalPartnerRelation:investment_association	26019.79,15246.82 30486.03,16580.45
edge:declared:db.IaLegalPartnerRelation:legal_partner	25783.79,15195.51 22618.39,14764.54
edge:declared:db.IaMeeting:consent_form_or_meeting	34480.29,20737.37 33657.88,19278.08
edge:declared:db.IaMeetingAgenda:meeting	35434.94,20566.14 34653.67,20763.29
edge:declared:db.IaMeetingAgendaVote:agenda	35307.80,22528.07 35588.08,20567.02
edge:declared:db.IaMeetingAgendaVote:electronic_signature	35246.91,22528.07 32970.04,20831.85
edge:declared:db.IaMeetingAgendaVote:partner	35342.58,22528.07 39505.41,18328.21
edge:declared:db.IaMeetingConvocationNoticeEmail:ia_meeting	35099.48,22077.16 34542.57,20859.37
edge:declared:db.IaMeetingConvocationNoticeRecipient:convocation_notice_email	34933.48,21284.86 35108.24,22077.16
edge:declared:db.IaMeetingMinutesDocument:meeting	35136.47,20061.04 34566.11,20737.37
edge:declared:db.IaMeetingNoticeDocument:meeting	34844.94,19944.68 34538.27,20737.37
edge:declared:db.IaMeetingSealedNoticeDocumentFile:ia_meeting	31038.77,19854.79 34375.67,20760.64
edge:declared:db.IaMeetingShortenPeriodDocument:meeting	36612.29,19663.91 34627.46,20737.37
edge:declared:db.IaMeetingShortenPeriodDocument:partner	36773.55,19581.91 39456.45,18294.54
edge:declared:db.IaModusignDocumentUsageHistory:investment_association	28417.23,15213.77 30486.03,16528.57
edge:declared:db.IaOperation:_deprecated_investment_association	34720.46,16412.65 30794.03,16618.37
edge:declared:db.IaOperation:ia_operation_management	34798.90,16443.47 34644.32,16588.02
edge:declared:db.IaOperationManagement:investment_association	34486.76,16625.06 30794.03,16626.38
edge:declared:db.IaOwner:investment_association	34524.34,17131.07 30794.03,16646.45
edge:declared:db.IaOwner:partner	34776.34,17174.65 39456.45,18185.31
edge:declared:db.IaOwnerAuditLog:investment_association	24299.91,6248.14 30558.78,16493.44
edge:declared:db.IaPartnerDataCollection:investment_association	25933.61,17675.83 30486.03,16660.78
edge:declared:db.IaPartnerDataCollectionItem:address	25354.98,17968.61 24244.01,18820.73
edge:declared:db.IaPartnerDataCollectionItem:ia_partner_data_collection	25481.82,17886.61 25736.22,17744.48
edge:declared:db.IaPartnerDataCollectionItemReply:address	25582.23,18121.51 24244.01,18854.50
edge:declared:db.IaPartnerDataCollectionItemReply:ia_partner_data_collection	25673.67,18039.51 25793.02,17744.48
edge:declared:db.IaPartnerDataCollectionItemReply:ia_partner_data_collection_item	25590.40,18039.51 25475.11,17968.61
edge:declared:db.IaPartnerInvestmentConfirmation:partner	35512.93,17121.15 39456.45,18177.17
edge:declared:db.IaPartnerInvestmentConfirmationEmailRecipient:ia_partner_investment_confirmation_email	11925.88,5642.04 11853.31,5684.77
edge:declared:db.IaPartnerWithdrawalEvent:partner	39546.59,17996.23 39580.77,18110.21
edge:declared:db.IaPaymentLink:investment_association	26594.57,13483.57 30486.03,16506.80
edge:declared:db.IaPfCompany:investment_association	32964.66,19159.02 30762.11,16759.44
edge:declared:db.IaPfCompanyInvestment:ia_pf_company	32472.05,20363.82 32981.94,19233.02
edge:declared:db.IaPfCompanyInvestmentSalesIntent:ia_pf_company_investment	35241.36,22899.44 32499.38,20445.82
edge:declared:db.IaPfCompanyInvestmentStock:ia_pf_company_investment	31491.47,20457.04 32329.56,20411.55
edge:declared:db.IaQuestionThread:investment_association	26126.80,13424.23 30486.03,16517.17
edge:declared:db.IaRule:address	27632.61,19260.52 24244.01,18952.83
edge:declared:db.IaRule:file	27632.61,19257.97 20788.00,18502.24
edge:declared:db.IaRule:investment_association	27828.95,19211.32 30495.39,16759.44
edge:declared:db.IaRuleCompensation:rule	28039.61,19209.21 27892.61,19242.70
edge:declared:db.IaRuleDocument:rule	32484.23,19254.59 27892.61,19271.83
edge:declared:db.IaRuleInvestment:rule	28170.65,19516.36 27864.60,19333.32
edge:declared:db.IaRuleMeeting:rule	28164.78,19058.06 27877.11,19211.32
edge:declared:db.IaRulePartner:rule	28273.32,19397.67 27892.61,19304.23
edge:declared:db.IaSealStamp:image_file	23278.42,18044.53 20788.00,18450.30
edge:declared:db.IaSealStamp:investment_association	23526.42,18000.38 30486.03,16656.18
edge:declared:db.IaSealStampImage:seal_stamp	22434.28,18321.36 23278.42,18062.37
edge:declared:db.IaUserInvitation:ia_owner	34137.22,16847.07 34580.30,17106.44
edge:declared:db.IaUserInvitation:investment_association	33943.18,16799.57 30794.03,16634.51
edge:declared:db.IaUserInvitationInvitee:_deprecated_individual_partner	37161.65,16671.77 36604.60,17040.85
edge:declared:db.IaUserInvitationInvitee:invitation	37111.61,16629.94 34191.18,16798.90
edge:declared:db.IaUserInvitationInvitee:legal_representative	37236.50,16671.77 37242.20,16986.71
edge:declared:db.IaUserInvitationInvitee:manager	37280.81,16671.77 38049.93,17505.62
edge:declared:db.IaUserInvitationInvitee:partner	37308.59,16671.77 39456.45,18113.80
edge:declared:db.IaWrittenResolutionDocument:meeting	36357.35,19530.65 34603.34,20737.37
edge:declared:db.IaWrittenResolutionDocument:partner	36520.11,19448.65 39456.45,18281.61
edge:declared:db.ImAccessLog:investor_matching	30668.91,11203.56 28522.64,10924.82
edge:declared:db.ImAccessLog:venture_capital	30904.91,11238.93 37744.83,12401.21
edge:declared:db.ImAttachment:investor_matching	32564.53,11188.19 28522.64,10915.94
edge:declared:db.ImAttachmentDownloadLog:attachment	34296.56,11701.54 32812.53,11235.48
edge:declared:db.ImAttachmentDownloadLog:venture_capital	34532.38,11761.84 37744.83,12396.15
edge:declared:db.ImAttachmentPdfEvent:attachment	34122.14,11517.25 32812.53,11224.28
edge:declared:db.ImAttachmentPdfEvent:pdf_event	34218.33,11503.99 34188.64,11460.22
edge:declared:db.ImAttachmentPdfEvent:venture_capital	34370.14,11574.87 37744.83,12388.14
edge:declared:db.ImBrokerAssignment:_deprecated_assigned_companies	29277.24,11674.93 16175.50,12432.50
edge:declared:db.ImBrokerAssignment:assigned_investors	29525.24,11678.88 37744.83,12415.98
edge:declared:db.ImBrokerAssignment:im_broker	29525.24,11681.12 33466.56,12105.75
edge:declared:db.ImBrokerAssignment:investor_matching	29335.56,11618.76 28505.30,10999.38
edge:declared:db.ImBrokerAssignmentInvitedUser:broker_assignment	31838.92,11823.93 29525.24,11675.70
edge:declared:db.ImBrokerAssignmentInvitedUser:venture_capital	32115.92,11846.76 37744.83,12413.94
edge:declared:db.ImConsultingRequest:company	26747.44,9509.56 16175.50,12391.69
edge:declared:db.ImConsultingRequest:investor_matching	26914.69,9516.76 28282.53,10813.38
edge:declared:db.ImContactRequest:investor_matching	30525.96,11496.17 28522.64,10945.42
edge:declared:db.ImContactRequest:venture_capital	30773.96,11545.63 37744.83,12409.67
edge:declared:db.ImContactRequestIntention:im_contact_request	30334.07,11350.93 30577.74,11489.26
edge:declared:db.ImDay:recipients	33497.00,10561.32 34981.57,10782.15
edge:declared:db.ImDay:venture_capitals	33491.14,10591.88 37744.83,12356.16
edge:declared:db.ImDayParticipation:im_day	33122.73,10502.69 33249.00,10522.96
edge:declared:db.ImDayParticipation:investor_matching	32874.73,10494.14 28522.64,10893.35
edge:declared:db.ImDayParticipation:venture_capital	33122.63,10531.77 37744.83,12359.71
edge:declared:db.ImDayParticipationAttachment:participation	32693.53,10281.95 32924.26,10433.77
edge:declared:db.ImDaySurvey:im_day	32418.94,10927.14 33251.34,10591.88
edge:declared:db.ImDaySurvey:investor_matching	32209.08,10962.41 28522.64,10908.46
edge:declared:db.ImDisclosing:investor_matching	29336.95,9756.70 28458.00,10813.38
edge:declared:db.ImInvestorBroker:venture_capital	35330.31,12306.74 37744.83,12423.58
edge:declared:db.ImInvestorMemo:investor_matching	29885.93,11499.55 28522.64,10962.34
edge:declared:db.ImInvestorMemo:venture_capital	30097.82,11549.85 37744.83,12411.74
edge:declared:db.ImIrPartnerBrokerOwnerRelation:im_ir_partner_broker	30785.56,12143.64 31059.90,12082.41
edge:declared:db.ImNote:investor_matching	29013.29,10389.95 28494.57,10813.38
edge:declared:db.ImTag:investor_matching_set	30579.87,10406.97 28522.64,10874.13
edge:declared:db.ImWatching:_deprecated_investor_matching	28032.45,9090.63 28362.81,10813.38
edge:declared:db.ImWatching:company	27900.59,9084.59 16175.50,12389.93
edge:declared:db.ImWatching:venture_capital	28144.63,9090.63 37744.83,12369.63
edge:declared:db.InauguralConsentDocument:director_change_agenda	13285.86,23221.04 12677.57,22918.62
edge:declared:db.IncorporationBenefitRequest:incorporation_request	22016.11,15230.97 21832.05,15820.76
edge:declared:db.IncorporationBenefitRequest:tax_partner	22063.54,15156.97 22343.18,14868.57
edge:declared:db.IncorporationRequest:address	21879.11,16030.76 23994.98,18813.85
edge:declared:db.IncorporationRequest:balance_certificate_account_file	21749.92,16030.76 20700.01,18264.26
edge:declared:db.IncorporationRequest:balance_certificate_account_holder	21899.83,16030.76 23304.37,17497.42
edge:declared:db.IncorporationRequest:company	21651.28,15837.11 16175.50,12557.29
edge:declared:db.IncorporationRequest:company_question_thread	21651.28,15839.55 19118.96,14364.56
edge:declared:db.IncorporationRequestAoiFile:incorporation_request	22146.91,15784.32 21947.28,15865.54
edge:declared:db.IncorporationRequestAssistance:incorporation_request	22388.08,15912.03 21947.28,15922.31
edge:declared:db.IncorporationRequestAssistance:legal_partner	22526.32,15867.75 22471.28,14868.57
edge:declared:db.IncorporationRequestAssistanceReceipt:incorporation_request_assistance	22054.67,16779.08 22506.25,15949.75
edge:declared:db.IncorporationRequestDirector:address	22652.51,17310.74 23979.64,18813.85
edge:declared:db.IncorporationRequestDirector:incorporation_request	22597.32,17236.74 21863.20,16030.76
edge:declared:db.IncorporationRequestPromoter:address	23377.29,17595.42 24023.69,18813.85
edge:declared:db.IncorporationRequestPromoterCustodian:address	23728.61,17726.95 24052.73,18813.85
edge:declared:db.IncorporationRequestPromoterCustodian:promoter	23623.16,17652.95 23476.34,17595.42
edge:declared:db.IncorporationRequestPromoterInstitutionCeo:promoter	23455.21,17454.78 23406.86,17497.42
edge:declared:db.IncorporationRequestPurpose:incorporation_request	21328.32,16040.85 21651.28,15961.93
edge:declared:db.IndividualInvestorCompanyCeo:company_info	27536.62,22010.95 29531.44,24183.11
edge:declared:db.IndividualInvestorCompanyInfo:address	29526.59,24183.11 24219.59,19063.85
edge:declared:db.IndividualInvestorCompanyInfo:company	29643.12,24265.11 32382.50,25782.26
edge:declared:db.IndividualInvestorCompanyName:non_unified_share_company	34770.08,25196.53 32629.86,25810.00
edge:declared:db.IndividualInvestorCompanyParValue:non_unified_share_company	31508.47,25454.62 32369.86,25795.77
edge:declared:db.IndividualInvestorCompanyShareClass:non_unified_share_company	32092.60,27233.08 32480.76,25912.26
edge:declared:db.IndividualInvestorCompanyShareStock:_deprecated_non_unified_stock_create_request	31596.86,26586.91 31265.12,28058.24
edge:declared:db.IndividualInvestorCompanyShareStock:_deprecated_stock_unissued_confirmation_file	31605.94,26586.91 31501.83,29181.32
edge:declared:db.IndividualInvestorCompanyShareStock:management_history	31441.41,26570.37 30475.62,26758.65
edge:declared:db.IndividualInvestorCompanyShareStock:non_unified_share_company	31671.19,26488.91 32415.91,25912.26
edge:declared:db.IndividualInvestorCompanyShareStock:share_class	31639.62,26586.91 32057.79,27233.08
edge:declared:db.IndividualInvestorEvent:company	36963.98,27970.00 32629.86,25909.08
edge:declared:db.IndividualInvestorStakeholder:address	29424.19,22820.83 24244.01,19050.92
edge:declared:db.IndividualInvestorStakeholder:company	29522.00,22902.83 32434.12,25782.26
edge:declared:db.IndividualInvestorUser:address	25654.64,20217.63 24242.95,19063.85
edge:declared:db.IndividualStockOption:company	30349.09,23241.19 32446.22,25782.26
edge:declared:db.IndividualStockOption:create_request	30432.05,23164.99 31341.12,23030.72
edge:declared:db.IndividualStockOption:grantee	30280.12,23127.19 29901.15,22142.00
edge:declared:db.IndividualStockOptionCreateRequestEtcFile:create_request	32543.96,22979.89 31655.12,23003.38
edge:declared:db.IndividualStockOptionGrantContract:individual_stock_option	29923.17,22893.26 30227.82,23127.19
edge:declared:db.IndividualStockOptionGrantee:stakeholder	29867.05,22142.00 29502.55,22820.83
edge:declared:db.IndividualStockOptionResumeEvent:pause_event	33413.55,29378.17 32623.36,27331.80
edge:declared:db.IndividualStockOptionSalesIntent:individual_stock_option	33721.94,23108.28 30432.05,23181.30
edge:declared:db.IndividualStockOptionVesting:individual_stock_option	31040.68,23551.27 30416.74,23241.19
edge:declared:db.IndividualStockOptionVestingItem:individual_stock_option_vesting	31223.26,23413.52 31138.02,23551.27
edge:declared:db.IndividualStockOptionVestingTraceable:individual_stock_option	30714.72,22847.28 30371.87,23127.19
edge:declared:db.InputSignupChannel:input_channel	26143.07,15099.23 26569.50,15255.88
edge:declared:db.InstitutionStakeholderManager:institution_stakeholder	10027.48,21571.22 10051.18,21200.14
edge:declared:db.InternetRegistryOfficeOtp:company	16934.28,16225.61 16039.94,12660.49
edge:declared:db.InternetRegistryOfficeOtp:director	16857.57,16307.61 16743.39,16361.42
edge:declared:db.InternetRegistryOfficeOtpReturnRequest:internet_registry_office_otp	22265.18,19441.36 17013.28,16307.61
edge:declared:db.InternetRegistryOfficeOtpReturnRequest:recipient_address	22448.09,19441.36 23936.01,18985.98
edge:declared:db.InvestmentAgreement:document	17524.68,15994.86 18257.76,15400.65
edge:declared:db.InvestmentAgreement:stakeholder	17394.44,16068.86 10125.11,19248.63
edge:declared:db.InvestmentAgreementDocument:company	18278.91,15302.65 16159.56,12660.49
edge:declared:db.InvestmentAgreementDocument:pdf_file	18353.90,15400.65 20439.92,18264.26
edge:declared:db.InvestmentAssociation:venture_capital	30794.03,16537.83 37744.83,12538.35
edge:declared:db.InvestmentAssociationDocument:investment_association	35778.42,19263.72 30794.03,16705.48
edge:declared:db.InvestmentAssociationEvent:investment_association	33275.16,17608.02 30794.03,16683.80
edge:declared:db.InvestmentAssociationIndividualPartnerLegalRepresentative:ward	37044.87,17040.15 36716.72,17067.40
edge:declared:db.InvestmentAssociationOrganizationPartnerCeo:organization_partner	38920.80,16812.59 38384.40,16852.38
edge:declared:db.InvestmentAssociationOrganizationPartnerCorporationSignerCeo:corporation	38838.79,14959.18 38743.84,14904.67
edge:declared:db.InvestmentAssociationOrganizationPartnerManager:organization_partner	35097.49,15479.04 38093.18,16816.84
edge:declared:db.InvestmentAssociationOrganizationPartnerSigner:_deprecated_manager	37783.84,15117.52 35212.64,15418.84
edge:declared:db.InvestmentAssociationOrganizationPartnerSigner:organization_partner	37987.46,15139.32 38196.79,16816.84
edge:declared:db.InvestmentAssociationPartner:address	39456.45,18226.49 24244.01,18931.71
edge:declared:db.InvestmentAssociationPartner:investment_association	39456.45,18191.34 30794.03,16653.77
edge:declared:db.InvestmentAssociationPartnerManager:partner	38167.70,17579.62 39456.45,18149.75
edge:declared:db.InvestmentAssociationPartnerResume:partner	41049.68,16740.98 39719.35,18110.21
edge:declared:db.InvestmentAssociationPartnerResume:signer	41010.17,16658.98 38068.94,15139.32
edge:declared:db.InvestmentAssociationPartnerResumeItem:resume	41243.85,16372.51 41108.84,16658.98
edge:declared:db.InvestmentAssociationPartnerSalesIntent:partner	37090.58,21788.27 39536.40,18328.21
edge:declared:db.InvestmentAssociationShare:investment_association	34379.43,17483.18 30794.03,16661.72
edge:declared:db.InvestmentAssociationShare:partner	34619.43,17527.30 39456.45,18197.46
edge:declared:db.InvestmentRound:company	16159.06,10638.60 16006.37,12226.49
edge:declared:db.InvestmentRoundNewIssueEvent:investment_round	16157.50,10178.33 16162.46,10556.60
edge:declared:db.InvestmentRoundNewIssueEvent:new_issue_event	16149.07,10104.33 16062.30,9700.33
edge:declared:db.InvestmentSimulation:company	13114.97,7049.00 15870.03,12226.49
edge:declared:db.InvestmentSimulationInitialOption:option_grantee	11327.16,6638.87 11807.28,6738.73
edge:declared:db.InvestmentSimulationInitialOptionGrantee:simulation	12164.17,6812.68 12967.02,6978.40
edge:declared:db.InvestmentSimulationInitialShareholder:simulation	9938.28,5975.70 12967.02,6963.56
edge:declared:db.InvestmentSimulationInitialStock:shareholder	7907.73,3965.66 9788.89,5901.70
edge:declared:db.InvestmentSimulationInvestor:simulation_round	18095.99,3943.35 14231.21,6298.89
edge:declared:db.InvestmentSimulationNewIssueInvestment:investor	17653.30,5349.72 18148.81,3943.35
edge:declared:db.InvestmentSimulationPurchaseInvestment:investor	21205.73,5595.79 18236.92,3943.35
edge:declared:db.InvestmentSimulationPurchaseSellStock:seller	21628.93,5189.18 21301.95,5595.79
edge:declared:db.InvestmentSimulationRound:simulation	14110.72,6372.89 13163.73,6959.00
edge:declared:db.InvestorInterest:venture_capital	39478.27,13500.33 38112.83,12559.29
edge:declared:db.InvestorMatching:_deprecated_excluded_companies	28238.64,10923.99 16175.50,12419.93
edge:declared:db.InvestorMatching:excluded_investors	28522.64,10929.08 37744.83,12403.07
edge:declared:db.InvestorRelations:previous_investors	30725.81,7649.41 37744.83,12310.30
edge:declared:db.InvestorRelationsSurvey:_deprecated_preferred_investors	35782.12,10511.05 37744.83,12267.79
edge:declared:db.InvestorRelationsSurvey:investor_relations	35675.44,10437.05 30725.81,7634.35
edge:declared:db.InvitationSeat:allocated_seat	8553.94,13236.25 8064.86,13275.94
edge:declared:db.InvitationSeat:invitation_seat_request	8695.51,13189.68 9889.58,11315.39
edge:declared:db.InvitationSeatRequest:company	10039.70,11298.27 15795.50,12406.89
edge:declared:db.IrAiAnalysis:investor_relations	31323.76,7118.25 30725.81,7459.31
edge:declared:db.IrAiAnalysisLike:ai_analysis	31872.29,6683.56 31433.63,7044.25
edge:declared:db.IrAiSummary:investor_relations	32203.41,7254.13 30725.81,7519.49
edge:declared:db.IrAlert:ir_set	35041.29,9442.46 30725.81,7612.45
edge:declared:db.IrAlert:venture_capital	35176.78,9524.46 37744.83,12238.05
edge:declared:db.IrAlertInvestorRelations:investor_relations	33975.55,9159.45 30725.81,7620.10
edge:declared:db.IrAlertInvestorRelations:ir_alert	34171.66,9227.68 35013.98,9450.64
edge:declared:db.IrApproval:investor_relations	30680.16,7052.06 30600.04,7418.15
edge:declared:db.IrApprovalNotificationDismiss:ir_approval	30799.13,6714.00 30701.89,6978.06
edge:declared:db.IrBrokerActivity:investor_relations	30303.32,8227.00 30520.87,7676.15
edge:declared:db.IrBrokerActivity:vc_user_relations	30359.03,8301.00 35025.55,10756.41
edge:declared:db.IrClosing:investor_relations	32978.38,6707.62 30725.81,7493.43
edge:declared:db.IrCommittedInvestmentAmount:investor_relations	34630.99,10023.33 30725.81,7641.09
edge:declared:db.IrCommittedInvestmentAmount:venture_capital	34742.13,10097.33 37744.83,12297.65
edge:declared:db.IrCompanyCreate:company	17487.39,9819.12 16109.69,12226.49
edge:declared:db.IrFeed:investor_relations	30333.90,7483.20 30417.81,7505.76
edge:declared:db.IrFeedAccessLog:ir_feeds	33444.46,9599.93 30277.60,7494.87
edge:declared:db.IrFeedAccessLog:venture_capital	33558.74,9673.93 37744.83,12316.33
edge:declared:db.IrFeedRating:ir_feed	29872.53,7497.52 30085.90,7467.38
edge:declared:db.IrFundRaising:investor_relations	36073.40,7542.96 30725.81,7547.03
edge:declared:db.IrFundRaising:venture_capital	36213.33,7587.87 37856.24,12227.48
edge:declared:db.IrFundRaisingMemo:fund_raising	35359.95,7781.35 36073.40,7578.18
edge:declared:db.IrFundRaisingStageLog:fund_raising	35548.91,5247.65 36184.69,7497.87
edge:declared:db.IrInsightClub:pitching_day_hall	35898.90,8787.39 35574.86,8722.25
edge:declared:db.IrInsightClub:venture_capitals	36044.49,8853.32 37820.90,12227.48
edge:declared:db.IrInsightClubParticipation:investor_relations	35074.19,8026.71 30725.81,7563.55
edge:declared:db.IrInsightClubParticipation:ir_insight_club	35251.45,8085.50 35979.38,8771.32
edge:declared:db.IrInsightClubParticipationAttendee:ir_insight_club_participation	34804.54,7719.41 35147.75,7995.50
edge:declared:db.IrInsightClubSurvey:ir_insight_club_participation	35631.07,8101.08 35333.19,8058.86
edge:declared:db.IrInvestorFeedback:venture_capital	38067.02,12715.57 38028.90,12637.48
edge:declared:db.IrNote:investor_relations	32590.02,7388.02 30725.81,7535.01
edge:declared:db.IrSearchMetadata:investor_relations	32303.67,8042.58 30725.81,7591.20
edge:declared:db.IrSubscription:company	13753.91,7736.70 15882.62,12226.49
edge:declared:db.IrSubscriptionMarketingRequest:ir_subscription	14207.26,7914.10 13817.63,7736.70
edge:declared:db.IrTeamMember:investor_relations	32590.02,7497.94 30725.81,7543.39
edge:declared:db.IrTranscript:investor_relations	32178.69,7607.00 30725.81,7552.89
edge:declared:db.IrosOtpIssueMeetingDocument:stakeholder	9820.51,22731.56 9952.73,19478.24
edge:declared:db.LawtalkSignup:company	17838.23,15134.88 16134.88,12660.49
edge:declared:db.LawtalkSignupAttachment:lawtalk_signup	19385.74,17161.25 17892.01,15208.88
edge:declared:db.LedgerByCustomerDocument:new_issue	16216.24,22641.29 16169.91,22427.44
edge:declared:db.LegalPartner:address_for_express_delivery	22618.39,14679.34 23599.81,14270.01
edge:declared:db.LegalPartner:logo	22401.97,14868.57 20706.36,18264.26
edge:declared:db.LegalPartnerEmail:legal_partner	22916.31,14259.25 22581.03,14618.57
edge:declared:db.LegalPartnerPaypleSettings:legal_partner	23385.86,15616.78 22596.30,14868.57
edge:declared:db.LegalPartnerRegistrationAssistanceSettings:legal_partner	22734.14,16118.00 22488.92,14868.57
edge:declared:db.LegalPartnerSignupChannel:legal_partner	23972.45,14353.24 22618.39,14703.71
edge:declared:db.LegalPartnerSlackChannels:legal_partner	22942.51,14923.46 22618.39,14801.51
edge:declared:db.LegalPartnerUserRelation:legal_partner	23192.77,15919.36 22541.83,14868.57
edge:declared:db.ManualOptionVestingItem:manual_option_vesting	14449.47,18664.72 14477.72,18621.92
edge:declared:db.Meeting:company	17205.38,17455.49 16038.32,12660.49
edge:declared:db.Meeting:electronic_signature_selected_ceo	17169.96,17455.49 16647.26,16498.52
edge:declared:db.Meeting:employee_attorney	17381.86,17476.11 17558.15,17361.30
edge:declared:db.Meeting:meeting_draft	17203.20,17689.49 16491.56,20405.55
edge:declared:db.Meeting:new_articles_of_incorporation_file	17381.86,17612.47 20408.00,18429.93
edge:declared:db.Meeting:new_corporate_registration	17331.79,17455.49 18851.54,15639.76
edge:declared:db.MeetingAttachment:meeting	18064.47,17585.93 17381.86,17574.88
edge:declared:db.MeetingDirectorContact:meeting	13907.25,18003.85 17085.86,17591.68
edge:declared:db.MeetingDirectorContact:stakeholder	13680.41,18056.15 10125.11,19264.81
edge:declared:db.MeetingDocument:directors_meeting	14812.08,25904.84 15438.60,20242.14
edge:declared:db.MeetingDocument:meeting	14846.72,25904.84 17200.34,17689.49
edge:declared:db.MeetingDocument:shareholders_meeting	14849.90,25904.84 15808.60,22737.23
edge:declared:db.MeetingDocumentCache:meeting_document	19779.53,26853.28 14968.28,26128.65
edge:declared:db.MeetingDocumentGeneration:meeting	18493.63,19554.74 17308.22,17689.49
edge:declared:db.MeetingDocumentGenerationItem:meeting_document	22145.57,26963.03 14968.28,26122.68
edge:declared:db.MeetingDocumentGenerationItem:meeting_document_generation	22261.22,26941.78 18535.99,19628.74
edge:declared:db.MeetingDocumentManualModification:meeting_document	17590.48,26266.90 14968.28,26112.33
edge:declared:db.MeetingDraft:company	16445.20,20405.55 15998.03,12660.49
edge:declared:db.MeetingDraftAgendaDirectorChange:meeting_draft	13120.72,20284.12 16293.57,20537.76
edge:declared:db.MeetingDraftAgendaDirectorChange:stakeholder	12854.02,20235.17 10125.11,19373.65
edge:declared:db.MeetingDraftAgendaDirectorCompensation:meeting_draft	15147.91,19993.72 16293.57,20482.31
edge:declared:db.MeetingDraftAgendaDirectorCompensationItem:director_compensation	14064.14,19999.20 14889.65,19964.03
edge:declared:db.MeetingDraftAgendaDirectorCompensationItem:stakeholder	13684.14,19974.00 10125.11,19350.33
edge:declared:db.MeetingDraftRegistrationAssistance:meeting_draft	16275.59,20178.65 16384.18,20405.55
edge:declared:db.MeetingDraftSchedule:meeting_draft	15773.97,20414.03 16293.57,20518.41
edge:declared:db.MembershipContentAccessLog:membership_content	-2059.33,4499.94 -1470.83,4958.39
edge:declared:db.MembershipContentAuthorRelation:author	27821.14,25517.24 27642.47,25334.81
edge:declared:db.MiraeassetAccount:relation	7129.68,11934.82 7295.69,11953.07
edge:declared:db.MnaBuyer:company	13118.69,7850.99 15850.04,12226.49
edge:declared:db.MnaBuyerAttachment:mna_buyer	12400.79,8335.75 13046.32,7850.99
edge:declared:db.ModusignApiLog:modusign_account	22293.90,20029.71 22217.50,20074.46
edge:declared:db.ModusignAuthentication:modusign_account	22391.87,20120.74 22257.85,20122.15
edge:declared:db.ModusignCompanyUserConnection:company	25444.60,9456.33 16175.50,12383.49
edge:declared:db.ModusignDocument:_option_grant_contract	23530.17,20548.58 20930.54,19045.08
edge:declared:db.ModusignDocument:audit_trail_file	23550.36,20546.24 20788.00,18614.15
edge:declared:db.ModusignDocumentActionHistory:modusign_document	24172.36,20526.55 23802.17,20600.19
edge:declared:db.ModusignDocumentActionHistory:modusign_document_participant	24282.26,20462.80 24118.34,20216.28
edge:declared:db.ModusignDocumentModusignAccountRelation:modusign_account	22622.64,20236.51 22257.85,20152.14
edge:declared:db.ModusignDocumentModusignAccountRelation:modusign_document	22875.03,20310.51 23530.17,20572.79
edge:declared:db.ModusignDocumentModusignApiKeyRelation:modusign_api_key	23089.77,20854.04 22914.95,21024.15
edge:declared:db.ModusignDocumentModusignApiKeyRelation:modusign_document	23232.74,20780.04 23530.17,20675.19
edge:declared:db.ModusignDocumentParticipant:modusign_document	24058.42,20216.28 23743.48,20546.24
edge:declared:db.ModusignEmbeddedDraft:modusign_account	22839.69,21739.62 22155.25,20172.46
edge:declared:db.ModusignEmbeddedDraft:modusign_api_key	22863.86,21739.62 22876.22,21098.15
edge:declared:db.ModusignEmbeddedDraft:modusign_document	22899.37,21739.62 23610.33,20708.24
edge:declared:db.ModusignExceededSignings:company	19261.69,10175.88 16175.50,12311.98
edge:declared:db.ModusignIaUserConnection:investment_association	31161.99,15836.84 30727.95,16493.44
edge:declared:db.NaverWorkplaceEmployee:naver_workplace_company	27007.50,14937.91 27167.34,15011.27
edge:declared:db.NcpSignupChannel:naver_workplace_company	26905.84,15025.21 27129.95,15040.32
edge:declared:db.NewIssueNoticeEmail:new_issue	13148.64,20809.51 16015.50,22273.01
edge:declared:db.NewIssueNoticeEmailRecipient:bulk_email_recipient	13512.82,20454.48 17148.52,19163.92
edge:declared:db.NewIssueNoticeEmailRecipient:email	13347.92,20536.48 13117.72,20727.51
edge:declared:db.NewIssueNoticeEmailRecipient:shareholder	13347.75,20536.48 10765.34,22672.54
edge:declared:db.NewIssueSkipNoticeDocument:new_issue_agenda	15189.49,23001.45 16027.42,22427.44
edge:declared:db.NewIssueSkipNoticeDocument:shareholder	14966.64,23031.26 10816.76,22746.46
edge:declared:db.NewIssueStockAcceptanceDocument:new_issue_item	18009.16,26027.26 19408.01,25358.12
edge:declared:db.NewIssueStockAllocationDocument:bonus_issue_agenda	18376.12,24026.92 17800.02,20293.29
edge:declared:db.NewIssueStockAllocationDocument:new_issue_agenda	18329.44,24026.92 16261.40,22427.44
edge:declared:db.NewIssueStockAllocationRecordDateNoticeDocument:bonus_issue_agenda	20300.02,24146.69 17835.45,20293.29
edge:declared:db.NewIssueStockSubscriptionDocument:new_issue_item	17764.19,25269.44 19408.01,25293.99
edge:declared:db.NewIssueStockUnissuedConfirmationDocument:new_issue_item	18509.35,25435.71 19408.01,25313.59
edge:declared:db.NonUnifiedShareCreateRequest:stock_unissued_confirmation_file	31264.79,28148.24 31490.20,29181.32
edge:declared:db.NonUnifiedShareEtcFile:create_request	30976.59,27352.92 31238.27,28058.24
edge:declared:db.NonUnifiedShareEtcFile:management_history	30917.73,27278.92 30384.76,26841.96
edge:declared:db.NonUnifiedShareManagement:non_unified_share_company	32160.50,25963.15 32369.86,25891.65
edge:declared:db.NonUnifiedShareManagementHistory:create_request	30357.82,26841.96 31222.96,28058.24
edge:declared:db.NonUnifiedShareManagementHistory:management	30436.20,26735.96 31935.94,26051.18
edge:declared:db.NonUnifiedShareManagementHistory:renew_request	30164.62,26753.98 29826.95,26678.00
edge:declared:db.NonUnifiedShareManagementHistory:stock_unissued_confirmation_file	30345.78,26841.96 31478.24,29181.32
edge:declared:db.NonUnifiedShareManagementSalesIntent:non_unified_share_management	35093.25,24539.93 32128.37,25961.18
edge:declared:db.NonUnifiedShareSucPoaDocument:modusign_document	25276.87,21039.56 25137.44,21034.83
edge:declared:db.NonUnifiedShareSucPoaDocument:request	25455.99,21085.58 29641.29,26598.92
edge:declared:db.NonUnifiedShareSucPoaDocument:user_address	25398.88,21003.58 24169.25,19063.85
edge:declared:db.NonUnifiedShareSucRenewRequest:management	29826.95,26602.96 31908.50,26040.24
edge:declared:db.NonUnifiedShareSucRenewRequest:renew_stock_unissued_confirmation_file	29707.24,26688.92 31468.23,29181.32
edge:declared:db.NotarizationPoA:meeting	15641.73,22728.98 15699.48,22710.29
edge:declared:db.NotarizationPoaDirectorSigner:director	15063.38,22800.42 14055.36,22796.53
edge:declared:db.NotarizationPoaDirectorSigner:notarization_poa	15332.38,22787.55 15393.73,22781.44
edge:declared:db.NotarizationPoaShareholderSigner:notarization_poa	15840.38,22943.54 15593.57,22810.10
edge:declared:db.NotarizationPoaShareholderSigner:shareholder	16054.32,23001.38 16995.78,23136.23
edge:declared:db.Notification:company	14981.23,9552.95 15910.11,12226.49
edge:declared:db.NotificationInbox:notification	14939.43,9359.96 14961.51,9478.95
edge:declared:db.Option:company	16779.11,17321.25 16020.81,12660.49
edge:declared:db.Option:grantee	16715.59,17411.25 14043.25,19108.92
edge:declared:db.Option:sealed_contract_file	16910.43,17402.52 20408.00,18425.68
edge:declared:db.Option:source_meeting	16884.06,17411.25 17085.86,17504.27
edge:declared:db.OptionAdjustment:event	15394.80,15648.08 15576.34,16769.56
edge:declared:db.OptionContractTemplatePermission:company	18319.09,12990.86 16175.50,12488.06
edge:declared:db.OptionExerciseClaim:company	11414.96,17704.86 15796.99,12660.49
edge:declared:db.OptionExerciseClaim:financial_account	11361.16,17704.86 11398.40,16798.16
edge:declared:db.OptionExerciseClaimAttachment:attachment_setting_item	12977.33,17545.04 12919.25,17375.65
edge:declared:db.OptionExerciseClaimAttachment:option_exercise_claim	12850.89,17601.86 11488.49,17755.23
edge:declared:db.OptionExerciseClaimCandidate:option_exercise_claim	12296.11,17667.30 11488.49,17755.64
edge:declared:db.OptionExerciseClaimCandidate:option_exercise_management	12461.92,17607.31 13413.87,16120.22
edge:declared:db.OptionExerciseClaimCandidate:option_grantee	12478.31,17697.31 13896.26,19108.92
edge:declared:db.OptionExerciseClaimCandidate:stock_subscription_file	12570.11,17666.22 20408.00,18461.97
edge:declared:db.OptionExerciseClaimDocumentSetting:management	13252.89,16663.92 13433.85,16120.22
edge:declared:db.OptionExerciseClaimEventRelation:_deprecated_payment	11589.03,18184.07 11738.34,18122.86
edge:declared:db.OptionExerciseClaimEventRelation:claim	11477.25,18184.07 11377.13,17834.86
edge:declared:db.OptionExerciseClaimEventRelation:event	11421.88,18266.07 11273.49,18356.70
edge:declared:db.OptionExerciseClaimMeetingDocument:exercise_claim	13153.00,22143.25 12780.73,21356.80
edge:declared:db.OptionExerciseClaimMeetingDocument:grantee	13179.40,22143.25 13264.09,21646.34
edge:declared:db.OptionExerciseClaimOption:option_exercise_claim	11672.53,17809.61 11488.49,17786.32
edge:declared:db.OptionExerciseClaimOptionTaxation:_deprecated_claim	11832.27,17930.43 11488.49,17813.92
edge:declared:db.OptionExerciseClaimOptionTaxation:claim_option	11902.81,17930.43 11831.16,17861.80
edge:declared:db.OptionExerciseClaimPayment:option_exercise_claim	11773.56,18048.86 11455.19,17834.86
edge:declared:db.OptionExerciseManagement:company	13501.01,15990.22 15833.49,12660.49
edge:declared:db.OptionExerciseManagement:excluded_institution_set	13325.48,16073.68 11492.93,16333.89
edge:declared:db.OptionExerciseManagementAttachmentSetting:management	12719.10,16715.94 13383.04,16120.22
edge:declared:db.OptionExerciseManagementAttachmentSettingItem:setting	12892.11,17301.65 12692.31,16789.94
edge:declared:db.OptionExerciseManagementCommonSetting:management	13800.61,16238.19 13578.09,16120.22
edge:declared:db.OptionExerciseManagementEmail:option_exercise_management	13784.03,16442.30 13510.65,16120.22
edge:declared:db.OptionExerciseManagementPaymentBankSetting:company	13106.36,12354.65 15795.50,12437.63
edge:declared:db.OptionExerciseManagementReminderSetting:management	13800.41,16071.34 13585.48,16061.29
edge:declared:db.OptionExerciseManagementTaxation:management	13039.21,16185.52 13325.48,16095.91
edge:declared:db.OptionExerciseManagementTaxationDefaultSetting:company	17678.73,9110.96 16095.76,12226.49
edge:declared:db.OptionGrantContract:_deprecated_template	20804.73,18931.08 19467.14,16133.03
edge:declared:db.OptionGrantContract:_grantee	20701.98,18992.40 14842.51,19187.25
edge:declared:db.OptionGrantContract:contract_file	20805.67,18931.08 20698.18,18698.26
edge:declared:db.OptionGrantContract:template_revision	20819.19,18931.08 20267.23,16471.64
edge:declared:db.OptionGrantContractModusignDocument:option_grant_contract	22112.28,20303.52 20887.46,19045.08
edge:declared:db.OptionGrantContractModusignEmbeddedDraft:option_grant_contract	21704.90,20390.21 20867.47,19045.08
edge:declared:db.OptionGrantContractStakeholder:company	19135.80,15193.74 16175.50,12609.36
edge:declared:db.OptionGrantContractTemplate:_deprecated_stakeholder	19426.20,16027.03 19212.11,15299.74
edge:declared:db.OptionGrantContractTemplate:company	19391.43,16027.03 16175.50,12643.40
edge:declared:db.OptionGrantContractTemplateDraft:company	17406.04,13686.64 16175.50,12609.76
edge:declared:db.OptionGrantContractTemplateDraft:stakeholder_set	17490.79,13760.64 19135.68,15193.74
edge:declared:db.OptionGrantContractTemplateRevision:stakeholder_set	20216.68,16381.64 19244.15,15299.74
edge:declared:db.OptionGrantContractTemplateRevision:template	20151.28,16381.64 19566.47,16133.03
edge:declared:db.OptionGrantEvent:_deprecated_grantee	14905.08,18532.72 14039.18,19108.92
edge:declared:db.OptionGrantEvent:share_class	15066.55,18434.72 15351.10,18275.96
edge:declared:db.OptionManagement:agenda_option_grant	14871.54,19391.25 15475.56,19653.60
edge:declared:db.OptionManagementStakeholderSeat:option_management	14470.41,19330.35 14668.35,19345.32
edge:declared:db.OptionManagementStakeholderSeat:stakeholder_seat	14186.41,19320.60 8649.74,19359.16
edge:declared:db.OptionResumeEvent:pause_event	34598.26,4356.76 34463.98,4458.12
edge:declared:db.OptionTag:category	14457.24,13959.62 14508.52,13776.23
edge:declared:db.OptionTag:company	14483.54,13959.62 15795.50,12635.28
edge:declared:db.OptionTagCategory:company	14560.75,13702.23 15795.50,12611.35
edge:declared:db.OptionTaxCalculatorSetting:company	21617.59,9975.59 16175.50,12360.23
edge:declared:db.OptionValueChange:company	16161.53,10788.07 16008.57,12226.49
edge:declared:db.OptionValueChange:investment_round	16164.87,10714.07 16163.66,10638.60
edge:declared:db.OptionVesting:_deprecated_grant_event	14665.54,18426.30 14854.72,18460.98
edge:declared:db.Order:seal_card	1553.93,8267.61 -481.83,8353.86
edge:declared:db.OrderPromotionRelation:order	2938.95,9559.41 1725.57,8311.36
edge:declared:db.OrderPromotionRelation:promotion	3009.70,9559.41 3562.71,8971.05
edge:declared:db.OrderStaffInChargeRelation:order	1464.78,6746.38 1671.04,8213.36
edge:declared:db.OrderStaffInChargeRelation:staff_in_charge	1332.58,6716.21 347.88,6769.19
edge:declared:db.OrderStatusHistory:order	447.51,9932.80 1641.84,8311.36
edge:declared:db.OrganizationChart:company	12659.44,13377.93 15795.50,12496.87
edge:declared:db.OtherDocumentArchive:company	19492.12,16207.97 16175.50,12647.46
edge:declared:db.OtherDocumentArchiveAttachment:other_document_archive	20144.42,17030.31 19555.70,16281.97
edge:declared:db.OwnerRole:company	9747.23,11108.93 15795.50,12402.84
edge:declared:db.OwnerRolePermissionRelation:owner_permission	8792.49,10653.31 8469.69,10562.62
edge:declared:db.OwnerRolePermissionRelation:owner_role	8985.68,10725.99 9535.58,11033.40
edge:declared:db.Payment:_company	21137.45,13427.99 16175.50,12479.80
edge:declared:db.Payment:app_card	21316.72,13509.83 21360.39,13560.35
edge:declared:db.Payment:charge	21137.45,13493.13 20678.03,13635.56
edge:declared:db.Payment:credit_card	21397.45,13449.33 24288.74,13371.59
edge:declared:db.Payment:purchase	21397.45,13478.99 22832.42,13767.75
edge:declared:db.PaymentLink:payment_store	25622.53,13128.57 23862.38,13978.23
edge:declared:db.PaymentLink:question_threads	25591.75,13071.91 21075.12,12647.27
edge:declared:db.PaymentRefund:payment	21488.81,13367.96 21397.45,13402.99
edge:declared:db.PaymentRefund:payment_status_history	21530.93,13293.96 21468.67,13251.61
edge:declared:db.PaymentStatusHistory:payment	21391.47,13251.61 21302.58,13395.83
edge:declared:db.PaymentStore:legal_partner	23687.65,14068.23 22618.39,14658.55
edge:declared:db.Payroll:company	4869.35,4917.25 15795.50,12314.85
edge:declared:db.Payroll:setting	4783.53,4917.25 5267.62,11822.73
edge:declared:db.PayrollAnnualSalaryInfo:employee	8087.29,14552.00 8394.30,14905.11
edge:declared:db.PayrollAnnualSalaryItem:item_setting_relation	6666.71,12661.76 6309.07,12086.15
edge:declared:db.PayrollAnnualSalaryItem:payroll_annual_salary_info	6717.52,12735.76 8027.30,14478.00
edge:declared:db.PayrollDocumentSealStampSetting:_deprecated_ceo	16123.69,14477.91 16589.26,16352.52
edge:declared:db.PayrollDocumentSealStampSetting:company	16110.88,14395.91 15999.43,12660.49
edge:declared:db.PayrollDocumentSealStampSetting:seal_stamp	16126.08,14477.91 16455.08,15551.37
edge:declared:db.PayrollEmployeeMonthlyWage:hrm_emp	4111.75,18522.07 4425.73,18248.02
edge:declared:db.PayrollLedger:company	11427.91,15039.34 15795.50,12551.71
edge:declared:db.PayrollLedgerAttachment:payroll_ldeger	10761.44,14750.36 11245.99,15039.34
edge:declared:db.PayrollLedgerFile:payroll_ledger	11172.47,14743.46 11310.19,15039.34
edge:declared:db.PayrollLedgerFileModificationRequest:payroll_ledger_file	11581.23,14564.54 11266.31,14669.46
edge:declared:db.PayrollLedgerItemSettingRelation:ledger_item	6173.95,12086.15 5273.96,12464.09
edge:declared:db.PayrollLedgerItemSettingRelation:setting	6125.61,12013.85 5394.49,11885.50
edge:declared:db.PayrollManagementRelation:payroll	7512.50,7134.98 4852.42,4917.25
edge:declared:db.PayrollSetting:ledger_item_set	5265.05,11904.73 5190.76,12464.09
edge:declared:db.PayrollSettlement:company_question_thread_set	9487.52,8475.11 18834.96,14194.96
edge:declared:db.PayrollSettlement:payroll	9367.33,8393.11 4858.38,4917.25
edge:declared:db.PayrollSettlementAutoCreation:payroll	5955.50,7211.45 4809.72,4917.25
edge:declared:db.PayrollSettlementAutoCreation:payroll_question_help_template	6004.21,7285.45 7829.61,9520.01
edge:declared:db.PayrollSettlementProgressLog:payroll_settlement	10432.17,9692.73 9453.47,8475.11
edge:declared:db.PayrollSocialInsuranceSetting:hrm	-401.09,16868.25 -390.17,16228.66
edge:declared:db.PayrollStaffUserRelation:payroll	4404.80,5049.74 4661.20,4917.25
edge:declared:db.PayrollStatement:_deprecated_employee	8716.35,15713.69 8515.54,15107.11
edge:declared:db.PayrollStatement:hrm_emp	8627.87,15835.69 4769.73,18001.34
edge:declared:db.PayrollStatement:payroll_ledger	8866.54,15740.55 11210.86,15124.90
edge:declared:db.PayrollStatementAttendance:payroll_statement	8567.88,15665.14 8642.63,15713.69
edge:declared:db.PayrollStatementDocument:payroll_statement	10159.01,15477.60 8866.54,15747.54
edge:declared:db.PayrollStatementEmail:payroll_ledger	10373.90,17187.86 11310.56,15145.34
edge:declared:db.PayrollStatementEmailRecipient:email	10236.15,18676.29 10349.61,17277.86
edge:declared:db.PayrollStatementEmailRecipient:payroll_statement	10211.97,18676.29 8767.56,15835.69
edge:declared:db.PayrollStatementItem:ledger_item_setting_relation	7251.06,12245.32 6436.61,12073.88
edge:declared:db.PayrollStatementItem:payroll_statement	7383.50,12307.16 8712.74,15713.69
edge:declared:db.PayrollStatementPayrollInformation:payroll_statement	8624.80,15971.97 8701.99,15835.69
edge:declared:db.PayrollStatementScheduledEmail:payroll_statement_email	10042.38,17195.11 10229.26,17217.80
edge:declared:db.PayrollStatementScheduledEmailPeriodicTaskRelation:payroll_statement_scheduled_email	9885.98,17300.90 9898.48,17215.29
edge:declared:db.PeriodicOptionVestingItem:periodic_option_vesting	14163.10,18445.38 14111.80,18520.73
edge:declared:db.PhantomStock:company	9244.79,16988.60 15795.50,12571.60
edge:declared:db.PhantomStock:grantee	9174.80,17086.60 9231.66,18125.56
edge:declared:db.PhantomStockGrantContract:phantom_stock	8603.63,17335.43 9078.59,17086.60
edge:declared:db.PhantomStockResumeEvent:pause_event	15394.69,16347.42 15466.03,16203.70
edge:declared:db.PhantomStockVesting:phantom_stock	8616.56,17610.90 9124.64,17086.60
edge:declared:db.PhantomStockVestingItem:phantom_stock_vesting	8478.42,17927.48 8567.16,17684.90
edge:declared:db.PhantomStockVestingTraceable:phantom_stock	8807.79,17784.38 9148.21,17086.60
edge:declared:db.PhantomStockVestingTraceable:source_vesting_item	8707.66,17858.38 8554.37,17927.48
edge:declared:db.PhoneVerification:phone	5586.65,13983.79 3452.96,12550.44
edge:declared:db.PingpongDelivery:dropoff_address	20567.45,12357.58 23632.03,14180.01
edge:declared:db.PitchingDayHall:assigned_irs	35326.86,8668.09 30725.81,7583.45
edge:declared:db.PitchingDayHallAccessLog:pitching_day_hall	35634.22,8921.36 35487.69,8742.32
edge:declared:db.PitchingDayHallAccessLog:venture_capital	35688.62,8995.36 37795.22,12227.48
edge:declared:db.PitchingDayHallAssignedIrs:investor_relations	33157.86,7974.12 30725.81,7572.58
edge:declared:db.PitchingDayHallAssignedIrs:pitching_day_hall	33398.99,8032.09 35326.86,8657.12
edge:declared:db.PortalMenuVisibilitySetting:company	16797.36,10168.84 16062.95,12226.49
edge:declared:db.PortalSetting:company	17993.92,9296.48 16123.99,12226.49
edge:declared:db.PortfolioCompany:company	30650.62,14231.03 16175.50,12466.65
edge:declared:db.PortfolioCompany:venture_capital	30910.62,14213.88 37744.83,12479.18
edge:declared:db.PortfolioCompanyFund:fund	32194.87,14397.46 35045.28,13335.23
edge:declared:db.PortfolioCompanyFund:portfolio_company	31977.58,14417.63 30910.62,14265.42
edge:declared:db.PortfolioCompanyManager:portfolio_company	30504.21,15223.16 30762.22,14311.88
edge:declared:db.PortfolioCompanyUserRelation:portfolio_company	30911.62,14396.08 30837.69,14311.88
edge:declared:db.PrivacyPolicyLog:privacy_policy	138.52,29996.87 152.12,29903.21
edge:declared:db.PromotionAddress:promotion	3503.37,7202.10 3595.48,8897.05
edge:declared:db.PromotionCodeUsageHistory:promotion_code	26332.18,12595.50 26187.58,12388.14
edge:declared:db.PromotionCodeUsageHistory:service_fee_item	26409.89,12669.50 26547.21,12767.39
edge:declared:db.Purchase:_corporate_registration_paid_issue	22832.42,13799.39 20459.87,13829.29
edge:declared:db.Purchase:_credit	22832.42,13801.40 21284.60,13841.85
edge:declared:db.Purchase:_deprecated_payment_store	23128.42,13839.88 23645.16,13987.75
edge:declared:db.Purchase:_incorporation_request	22922.15,13902.53 21857.55,15820.76
edge:declared:db.Purchase:_invitation_seat_request	22832.42,13768.95 10039.70,11298.34
edge:declared:db.Purchase:_meeting	22832.42,13894.75 17381.86,17475.27
edge:declared:db.Purchase:_payment_store_legal_partner	22923.15,13902.53 22532.57,14618.57
edge:declared:db.Purchase:_subscription_payment_request	22957.16,13692.53 22513.20,11688.19
edge:declared:db.Purchase:basket	23113.77,13692.53 23259.38,13577.88
edge:declared:db.Purchase:company	22832.42,13768.88 16175.50,12480.27
edge:declared:db.Purchase:investment_association	23128.42,13852.19 30486.03,16569.56
edge:declared:db.Purchase:service_fee	23128.42,13754.56 23903.38,13529.58
edge:declared:db.Purchase:venture_capital	23128.42,13784.02 37744.83,12449.28
edge:declared:db.PurchaseItem:payment_store	23881.28,13842.83 23797.13,13978.23
edge:declared:db.PurchaseItem:purchase	23786.27,13804.77 23128.42,13798.86
edge:declared:db.PurchaseStatusHistory:purchase	22166.42,13727.78 22832.42,13784.85
edge:declared:db.Purpose:articles_of_incorporation	17203.10,14894.53 17090.31,15316.04
edge:declared:db.Purpose:industrial_code	17215.33,14820.53 17219.71,14751.23
edge:declared:db.QrReplyPasswordReset:request	25050.71,16361.19 25006.15,16636.31
edge:declared:db.QrReplyPasswordResetRequest:reply	24952.66,16710.31 24757.26,16862.51
edge:declared:db.QuarterlyReportRequest:quarterly_report	29626.25,16248.12 29723.00,16069.02
edge:declared:db.QuarterlyReportRequestAttachment:quarterly_report_request	29361.21,16736.56 29577.51,16338.12
edge:declared:db.QuarterlyReportRequestRecipient:email_activity_recipient	30657.51,17124.79 25363.16,22941.53
edge:declared:db.QuarterlyReportRequestRecipient:portfolio_company	30699.77,17034.79 30778.74,14311.88
edge:declared:db.QuarterlyReportRequestRecipient:portfolio_company_manager	30693.41,17034.79 30497.89,15297.16
edge:declared:db.QuarterlyReportRequestRecipient:quarterly_report_request	30635.75,17034.79 29664.66,16338.12
edge:declared:db.QuarterlyReportRequestReportItem:quarterly_report_item	28100.97,16704.74 28800.16,16326.70
edge:declared:db.QuarterlyReportRequestReportItem:quarterly_report_request	28161.98,16704.74 29444.52,16338.12
edge:declared:db.QuarterlyReportSettings:quarterly_report	29525.53,15998.54 29607.29,16003.37
edge:declared:db.QuarterlyReportSignupChannel:portfolio_company	28375.93,14895.43 30650.62,14281.94
edge:declared:db.QuarterlyReportSignupChannel:quarterly_report	28296.46,14973.38 29673.81,15955.02
edge:declared:db.QuestionMessageAttachment:message	21701.50,16109.02 24318.75,11467.10
edge:declared:db.QuestionMessageScheduled:question_thread_message	24556.04,10913.99 24389.73,11321.10
edge:declared:db.QuestionThread:_company	20815.12,12630.03 16175.50,12450.83
edge:declared:db.QuestionThreadAssignment:question_thread	19820.01,12736.58 20815.12,12646.78
edge:declared:db.QuestionThreadMessage:question_thread	24223.91,11443.52 21075.12,12587.81
edge:declared:db.QuestionThreadMessageAccessLog:message	24449.34,11620.49 24388.75,11467.10
edge:declared:db.QuestionThreadMessageCategory:question_thread_message	25388.09,11505.48 24495.91,11408.83
edge:declared:db.QuestionThreadMessagePeriodicTaskRelation:question_message_scheduled	24404.24,10758.73 24518.93,10839.99
edge:declared:db.QuestionThreadMessageProfile:message	24807.61,11212.26 24495.91,11338.86
edge:declared:db.QuestionThreadMessageReminder:message	25388.09,11608.36 24495.91,11422.44
edge:declared:db.QuestionThreadMessageReview:message	24954.13,11715.73 24494.78,11467.10
edge:declared:db.QuestionThreadMessageReviewRequest:message	25402.64,11715.73 24495.91,11436.05
edge:declared:db.QuestionThreadTag:question_thread_set	21001.74,12877.65 20961.22,12704.05
edge:declared:db.RebootProductContactRequest:company	13142.34,11971.45 15795.50,12411.94
edge:declared:db.RegisteredMail:order_status_history	1.77,10029.83 293.31,9990.52
edge:declared:db.RegisteredMail:seal_card_return_status_history	-125.23,10008.74 -171.28,9819.52
edge:declared:db.Registration:meeting	14755.27,19447.96 17085.86,17684.48
edge:declared:db.RegistrationAgenda:agenda_ceo_address_change	12868.66,21568.98 12711.28,22026.01
edge:declared:db.RegistrationAgenda:agenda_director_change	12873.66,21568.98 12583.34,22812.62
edge:declared:db.RegistrationAgenda:agenda_option_exercise	12940.36,21568.98 13198.92,21776.02
edge:declared:db.RegistrationAgenda:registration	12924.34,21478.98 14664.48,19529.96
edge:declared:db.RegistrationAssistance:legal_partner	21365.66,16981.15 22403.01,14868.57
edge:declared:db.RegistrationAssistance:meeting	21221.53,17038.75 17381.86,17552.68
edge:declared:db.RegistrationAssistanceReceipt:registration_assistance	21532.51,16984.72 21469.53,16997.33
edge:declared:db.RegistrationCaseReport:company	13193.19,8282.09 15839.89,12226.49
edge:declared:db.RegistrationCaseReport:jurisdiction	13168.96,8282.09 13194.52,9856.68
edge:declared:db.RegistrationCaseReportUpdateLog:company	17412.54,10755.82 16168.99,12226.49
edge:declared:db.RegistrationDirector:registration	14726.41,19644.96 14707.75,19529.96
edge:declared:db.RegistrationFormCaptable:agenda	19192.89,23904.31 17411.49,21506.99
edge:declared:db.RegistrationFormCaptableDocument:captable	16944.12,25047.66 19138.59,23986.31
edge:declared:db.RegistrationFormCaptableNotarizationRequestor:registration_form_captable	18870.24,23756.07 19146.85,23904.31
edge:declared:db.RegistrationFormCaptableNotarizationRequestor:shareholder	18693.53,23682.07 17370.78,23227.52
edge:declared:db.RegistrationFormHeadOfficeInsideRelocationDocument:head_office_relocation_agenda	19526.23,24044.04 18481.42,21626.78
edge:declared:db.RegistrationFormHeadOfficeOutsideRelocationDocument:head_office_relocation_agenda	20057.55,23970.24 18493.87,21626.78
edge:declared:db.RegistrationHelp:company_question_thread	18058.07,15731.94 18920.56,14370.85
edge:declared:db.RegistrationHelp:meeting	18018.19,15805.94 17285.81,17455.49
edge:declared:db.ResignationLetterDocument:director_change_agenda	13273.81,24324.54 12596.50,22918.62
edge:declared:db.RightToConsentOrConsult:company	14076.74,16624.84 15886.44,12660.49
edge:inheritance:db.RsuAdjustEvent->db.Event	14603.39,16615.62 15445.98,16839.28
edge:declared:db.RsuExerciseClaim:company	13457.13,15366.35 15797.79,12660.49
edge:declared:db.RsuExerciseClaim:financial_account	13331.14,15472.35 11474.51,16700.16
edge:declared:db.RsuExerciseClaimAttachment:attachment_setting_item	12840.37,15551.16 12694.59,15670.25
edge:declared:db.RsuExerciseClaimAttachment:rsu_exercise_claim	13009.17,15491.88 13287.28,15441.72
edge:declared:db.RsuExerciseClaimCandidate:hrm_emp	11547.69,16526.31 4769.73,18059.00
edge:declared:db.RsuExerciseClaimCandidate:rsu_exercise_claim	11752.64,16448.82 13325.89,15472.35
edge:declared:db.RsuExerciseClaimCandidate:rsu_exercise_management	11707.29,16448.82 12004.01,16016.10
edge:declared:db.RsuExerciseClaimCandidate:rsu_grantee	11715.83,16546.82 12043.93,16928.38
edge:declared:db.RsuExerciseClaimCandidateEmailRecipient:candidate	11995.35,16501.67 11799.69,16499.33
edge:declared:db.RsuExerciseClaimEventRelation:claim	13946.10,15572.30 13535.28,15454.81
edge:declared:db.RsuExerciseClaimEventRelation:event	14213.98,15632.85 14986.47,15764.22
edge:declared:db.RsuExerciseClaimRsu:rsu	14081.81,15338.15 14521.26,15268.23
edge:declared:db.RsuExerciseClaimRsu:rsu_exercise_claim	13845.81,15370.25 13535.28,15405.34
edge:declared:db.RsuExerciseManagement:company	12092.51,15918.10 15795.50,12613.07
edge:declared:db.RsuExerciseManagement:excluded_institution_set	11952.37,16016.10 11447.21,16306.50
edge:declared:db.RsuExerciseManagementAttachmentSetting:management	12384.04,15586.49 12082.21,15918.10
edge:declared:db.RsuExerciseManagementAttachmentSettingItem:setting	12594.98,15670.25 12472.03,15586.49
edge:declared:db.RsuExerciseManagementEmail:rsu_exercise_management	12379.95,16177.12 12117.48,16016.10
edge:declared:db.RsuExtraAttachment:rsu	15121.79,14892.68 14753.08,15173.59
edge:declared:db.RsuGrantContract:rsu	15415.01,14992.30 14793.26,15200.95
edge:declared:db.RsuGrantContract:template	15546.29,14905.69 15621.60,14440.00
edge:declared:db.RsuGrantContractModusignDocument:rsu_grant_contract	21411.09,19101.95 15602.66,14995.69
edge:declared:db.RsuGrantContractTemplate:company	15635.72,14358.00 15945.85,12660.49
edge:declared:db.RsuGrantContractTemplate:stakeholder_set	15623.56,14358.00 15567.44,13865.37
edge:declared:db.RsuGrantContractTemplateStakeholder:company	15574.50,13791.37 15919.33,12660.49
edge:declared:db.RsuMeeting:company	15918.48,15149.24 15980.13,12660.49
edge:declared:db.RsuMeeting:meeting	15942.28,15239.24 17169.09,17455.49
edge:declared:db.RsuMeetingAttachment:meeting	15643.07,15127.00 15793.37,15163.84
edge:declared:db.RsuPerformanceCondition:company	15030.30,13855.38 15838.69,12660.49
edge:declared:db.RsuResumeEvent:pause_event	15070.00,17267.87 15097.53,17367.54
edge:declared:db.RsuRsa:company	14691.85,15173.59 15882.68,12660.49
edge:declared:db.RsuRsa:grantee	14548.02,15319.59 12140.54,16928.38
edge:declared:db.RsuRsa:grantee_hrm_emp	14521.26,15285.14 4769.73,18049.14
edge:declared:db.RsuRsa:source_meeting	14793.26,15240.94 15793.37,15199.39
edge:declared:db.RsuRsaSealedContractFile:company	15332.38,14375.33 15912.14,12660.49
edge:declared:db.RsuRsaSealedContractFile:grant_contract	15334.93,14449.33 15520.69,14905.69
edge:declared:db.RsuTag:category	14986.54,14271.08 15042.66,14112.63
edge:declared:db.RsuTag:company	14994.26,14271.08 15867.80,12660.49
edge:declared:db.RsuTag:rsu_set	14958.21,14353.08 14681.85,15173.59
edge:declared:db.RsuTagCategory:company	15076.84,14038.63 15861.89,12660.49
edge:declared:db.RsuVesting:rsu	14322.44,15227.68 14521.26,15238.91
edge:declared:db.RsuVestingItem:performance_condition	14359.34,14787.18 14978.56,13929.38
edge:declared:db.RsuVestingItem:rsu_vesting	14312.69,14877.18 14216.09,15184.01
edge:declared:db.RsuVestingTraceable:rsu	14517.67,15128.47 14570.99,15173.59
edge:declared:db.RsuVestingTraceable:source_vesting_item	14452.95,15054.47 14352.39,14877.18
edge:declared:db.RtccConsentSummary:company	14115.14,11043.50 15795.50,12301.27
edge:declared:db.RtccConsentSummary:source_result	14041.93,10969.50 13660.07,10375.40
edge:declared:db.RtccEmail:right_to_consent_or_consult	13926.38,17037.67 14043.50,16706.84
edge:declared:db.RtccEmailAuthentication:rtcc_investor	14794.71,17547.25 14565.77,17437.85
edge:declared:db.RtccInvestor:right_to_consent_or_consult	14446.00,17347.85 14081.34,16706.84
edge:declared:db.RtccInvestor:stakeholder	14366.30,17437.85 10125.11,19250.30
edge:declared:db.RtccInvestorFile:investor	16053.79,17353.89 14627.10,17389.02
edge:declared:db.RtccSummaryAnalysisRequest:company	14588.10,10957.41 15795.50,12241.43
edge:declared:db.RtccSummaryAnalysisRequestDocument:document	14368.53,10410.58 18279.04,15302.65
edge:declared:db.RtccSummaryAnalysisRequestDocument:request	14353.30,10410.58 14533.64,10875.41
edge:declared:db.RtccSummaryAnalysisResult:request	13698.24,10375.40 14485.03,10875.41
edge:declared:db.RtccSummaryAnalysisResultDocument:document	13418.82,9215.36 18279.09,15302.65
edge:declared:db.RtccSummaryAnalysisResultDocument:result	13397.10,9215.36 13625.05,10293.40
edge:declared:db.Safe:company	13686.25,14193.57 15795.50,12588.11
edge:declared:db.Safe:holder	13581.47,14267.57 11745.49,15476.88
edge:declared:db.SafeCreateEvent:contract_file	18091.18,17886.85 20408.00,18436.21
edge:declared:db.SalesMetric:legal_partner	23304.34,14687.10 22618.39,14733.22
edge:declared:db.SdContactRequest:secondary_deal	37996.64,8559.51 39006.91,6234.15
edge:declared:db.SdContactRequest:venture_capital	37980.06,8633.51 37931.59,12227.48
edge:declared:db.SealCardReturnRequest:seal_card	-1356.47,8440.98 -729.83,8372.64
edge:declared:db.SealCardReturnStatusHistory:seal_card_return_request	-221.49,9737.52 -1440.24,8495.51
edge:declared:db.SealCertificateDelivery:company	19349.13,12378.68 16175.50,12439.83
edge:declared:db.SealCertificateDelivery:seal_card_pickup_delivery	19597.13,12367.99 20361.05,12316.88
edge:declared:db.SealCertificateIssueRequest:delivery	19624.91,12467.69 19554.50,12425.29
edge:declared:db.SealStamp:attachment	16547.34,15657.37 20408.00,18348.80
edge:declared:db.SealStamp:company	16463.17,15551.37 16018.85,12660.49
edge:declared:db.SealStamp:director	16480.10,15657.37 16595.29,16352.52
edge:declared:db.SealStampCardContinuedUseApplicationFormDocument:stakeholder	9244.55,23214.16 9930.29,19478.24
edge:declared:db.SealStampDeclarationDocument:stakeholder	9550.83,23062.75 9941.98,19478.24
edge:declared:db.SealStampImage:seal_stamp	17181.78,15788.06 16595.32,15636.43
edge:declared:db.SealStampUsageHistory:employee	10410.78,15277.24 8624.11,15026.07
edge:declared:db.SealStampUsageHistory:payroll_statement_document	10448.47,15347.67 10337.26,15415.96
edge:declared:db.SealStampUsageHistory:seal_stamp	10658.78,15301.14 16347.32,15597.90
edge:declared:db.SealStampUsageHistory:wht_book	10410.78,15303.20 9614.32,15357.95
edge:declared:db.SealStampUsageHistory:wht_certificate	10615.02,15241.67 10746.71,15154.68
edge:declared:db.SealStampUsageHistory:wht_receipt	10416.59,15241.67 10288.24,15184.11
edge:declared:db.SecondaryDeal:assigned_investors	39037.83,6234.15 37965.51,12227.48
edge:declared:db.SecondaryDeal:business_line	38905.48,6099.10 38177.83,6032.72
edge:declared:db.SecondaryDeal:corporate_registration	38905.48,6039.22 38634.96,5909.36
edge:declared:db.SecondaryDeal:operating_profit	39025.47,5992.15 38636.53,4608.44
edge:declared:db.SelfRegistration:meeting	17540.56,17477.18 17381.86,17526.50
edge:declared:db.ServiceFee:basket	23903.38,13501.71 23424.37,13533.14
edge:declared:db.ServiceFeeItem:product	26480.73,12770.80 24840.26,12273.56
edge:declared:db.ServiceFeeItem:service_fee	26480.73,12841.36 24151.38,13460.61
edge:declared:db.ShareClass:company	15451.05,18169.96 15965.25,12660.49
edge:declared:db.ShareholderInstitutionMember:institution	10209.72,21975.32 10646.08,22672.54
edge:declared:db.ShareholderInstitutionMember:manager	10164.08,21893.32 10043.15,21645.22
edge:declared:db.ShareholderInstitutionMemberCeo:member	10135.28,22580.72 10180.97,21975.32
edge:declared:db.ShareholderVote:agenda	17291.13,22776.66 17307.88,21506.99
edge:declared:db.ShareholderVote:attended_shareholder	17279.27,22850.66 17204.48,23094.09
edge:declared:db.ShareholderVotingRightsPerAgenda:agenda	17102.98,22347.55 17280.72,21506.99
edge:declared:db.ShareholderVotingRightsPerAgenda:shareholder	17099.35,22421.55 17175.47,23094.09
edge:declared:db.ShareholdersAgreementStakeholder:stakeholder	8924.84,19087.06 9793.11,19283.65
edge:declared:db.ShareholdersMeeting:chairperson	15699.48,22676.77 14055.36,22784.71
edge:declared:db.ShareholdersMeeting:meeting	15848.50,22599.23 17201.61,17689.49
edge:declared:db.ShareholdersMeeting:sealed_meeting_minutes_file	15908.06,22599.23 20408.00,18648.09
edge:declared:db.ShareholdersMeetingAgenda:agenda_authorized_shares_change	17149.69,21445.38 16616.24,21696.72
edge:declared:db.ShareholdersMeetingAgenda:agenda_bonus_issue	17366.78,21232.99 17758.34,20293.29
edge:declared:db.ShareholdersMeetingAgenda:agenda_branch_change	17338.52,21232.99 17580.44,20083.20
edge:declared:db.ShareholdersMeetingAgenda:agenda_change_of_articles_of_incorporation	17469.69,21292.27 18884.14,20605.17
edge:declared:db.ShareholdersMeetingAgenda:agenda_co_ceo_system_change	17149.69,21338.14 16131.14,21135.36
edge:declared:db.ShareholdersMeetingAgenda:agenda_company_name_change	17254.09,21232.99 17166.58,21017.36
edge:declared:db.ShareholdersMeetingAgenda:agenda_custom	17149.69,21319.99 16146.85,21006.57
edge:declared:db.ShareholdersMeetingAgenda:agenda_director_change	17149.69,21420.49 12694.97,22826.48
edge:declared:db.ShareholdersMeetingAgenda:agenda_director_compensation_decision	17149.69,21389.88 14904.73,21669.02
edge:declared:db.ShareholdersMeetingAgenda:agenda_director_compensation_rule	17149.69,21316.69 16748.43,21183.02
edge:declared:db.ShareholdersMeetingAgenda:agenda_financial_statements	17310.08,21232.99 17312.86,20246.58
edge:declared:db.ShareholdersMeetingAgenda:agenda_head_office_relocation	17469.69,21398.37 18329.01,21550.81
edge:declared:db.ShareholdersMeetingAgenda:agenda_head_office_relocation_aoi_change	17261.52,21232.99 17099.99,20773.64
edge:declared:db.ShareholdersMeetingAgenda:agenda_method_of_giving_public_notice_change	17300.76,21232.99 17221.68,20019.31
edge:declared:db.ShareholdersMeetingAgenda:agenda_new_issue	17149.69,21504.33 16252.74,22257.44
edge:declared:db.ShareholdersMeetingAgenda:agenda_new_options_rule	17149.69,21267.03 16829.56,21061.04
edge:declared:db.ShareholdersMeetingAgenda:agenda_new_or_change_rsu_rule	17215.01,21232.99 17169.49,21167.13
edge:declared:db.ShareholdersMeetingAgenda:agenda_option_cancel	17149.69,21346.92 15086.73,21049.50
edge:declared:db.ShareholdersMeetingAgenda:agenda_option_grant	17167.84,21232.99 15625.76,19743.60
edge:declared:db.ShareholdersMeetingAgenda:agenda_purpose_change	17469.69,21474.26 17676.53,21609.05
edge:declared:db.ShareholdersMeetingAgenda:agenda_rsu_grant	17149.69,21323.72 15809.88,20936.31
edge:declared:db.ShareholdersMeetingAgenda:agenda_subsidiary_establishment	17149.69,21374.24 15899.77,21407.41
edge:declared:db.ShareholdersMeetingAgenda:meeting	17153.49,21506.99 15908.15,22599.23
edge:declared:db.ShareholdersMeetingConvocationNoticeEmail:shareholders_meeting	18034.07,20728.21 15907.89,22599.23
edge:declared:db.ShareholdersMeetingConvocationNoticeEmailAttachment:convocation_notice_email	19772.05,20452.40 18278.25,20653.80
edge:declared:db.ShareholdersMeetingConvocationNoticeEmailNewIssueAttachment:email	16798.45,22043.01 18043.35,20728.21
edge:declared:db.ShareholdersMeetingConvocationNoticeEmailNewIssueAttachment:new_issue	16677.15,22117.01 16287.50,22284.11
edge:declared:db.ShareholdersMeetingConvocationNoticeEmailRecipient:email_activity_recipient	20998.43,23135.27 25194.56,22994.68
edge:declared:db.ShareholdersMeetingConvocationNoticeRecipient:bulk_email_recipient	18879.10,20948.40 17328.36,19174.77
edge:declared:db.ShareholdersMeetingConvocationNoticeRecipient:convocation_notice_email	18799.75,20948.40 18218.99,20728.21
edge:declared:db.ShareholdersMeetingConvocationNoticeRecipient:shareholder	18882.45,21038.40 17238.46,23094.09
edge:declared:db.ShareholdersMeetingDirectorAttendance:stakeholder	13829.99,22746.87 10125.11,19468.15
edge:declared:db.ShareholdersMeetingPowerOfAttorneyIndividualDocument:shareholder	16442.44,24348.04 17140.14,23232.09
edge:declared:db.ShareholdersMeetingShareholderAttendance:meeting	16995.78,23094.55 15959.48,22715.75
edge:declared:db.ShareholdersMeetingShareholderAttendance:original_shareholder	16995.78,23150.81 10816.76,22746.06
edge:declared:db.ShareholdersMeetingShortenPeriodIndividualDocument:shareholder	16647.53,23242.31 16995.78,23190.82
edge:declared:db.ShareholdersMeetingWrittenDecisionIndividualDocument:shareholder	16985.34,24184.05 17169.90,23232.09
edge:declared:db.Stakeholder:company	10096.68,19164.24 15795.50,12660.33
edge:declared:db.Stakeholder:standardized_address	10125.11,19316.75 23936.01,18943.02
edge:declared:db.StakeholderAccount:account	10986.19,17775.22 11380.63,16798.16
edge:declared:db.StakeholderAccount:stakeholder	10946.43,17849.22 10064.41,19164.24
edge:declared:db.StakeholderCustodian:stakeholder	9377.86,19293.80 9793.11,19313.40
edge:declared:db.StakeholderSeat:stakeholder	8649.74,19356.67 9793.11,19325.73
edge:declared:db.StarredQuestionThread:question_thread	20562.40,12795.33 20815.12,12689.49
edge:declared:db.Stock:company	15423.03,18409.98 15965.04,12660.49
edge:declared:db.Stock:share_class	15424.00,18409.98 15439.84,18275.96
edge:declared:db.Stock:shareholder	15373.90,18491.98 10758.52,22672.54
edge:declared:db.StockDocumentAnalysis:document_ai_process_request	28461.18,27628.18 29234.24,27371.06
edge:declared:db.StockDocumentAnalysis:stock_reregistration_event	28389.60,27702.18 28538.47,27841.04
edge:declared:db.StockTransferAgreement:company	16948.76,18382.45 16020.70,12660.49
edge:declared:db.StockTransferAgreement:purchaser	16825.25,18476.19 10125.11,19300.81
edge:declared:db.StockTransferAgreement:sealed_agreement_file	17097.25,18460.27 20408.00,18480.12
edge:declared:db.StockTransferAgreement:seller	16848.32,18536.45 10782.09,22672.54
edge:declared:db.StockTransferAgreement:stock_transfer_event	16825.25,18424.98 16764.59,18409.61
edge:declared:db.StockTransferAgreementClauses:stock_transfer_agreement	17235.91,18298.13 17092.35,18382.45
edge:declared:db.StockTransferAgreementItem:agreement	16677.19,18252.12 16855.75,18382.45
edge:declared:db.StockTransferAgreementItem:share_class	16503.00,18215.94 15570.10,18222.14
edge:declared:db.StockTransferAgreementManagement:company	17898.57,13217.56 16175.50,12520.37
edge:declared:db.StockTransferAgreementManagement:related_tax_advices	18161.29,13230.17 20815.12,12662.84
edge:declared:db.StockTransferAgreementManagement:stock_transfer_agreement	18000.71,13307.56 16976.79,18382.45
edge:declared:db.StockTransferAgreementManagementStakeholderSeat:stakeholder_seat	6025.33,8536.80 8516.27,19319.02
edge:declared:db.StockTransferAgreementManagementStakeholderSeat:stock_transfer_agreement_management	6109.95,8536.80 17896.48,13217.56
edge:declared:db.StockTransferAgreementModusignDocument:stock_transfer_agreement	20401.66,20216.57 17097.25,18528.91
edge:declared:db.StockTransferAgreementModusignEmbeddedDraft:stock_transfer_agreement	19366.22,19939.23 17086.39,18536.45
edge:declared:db.StockTransferAgreementPurchaserInstitution:agreement	17128.18,18835.73 16995.41,18536.45
edge:declared:db.StockTransferAgreementSellerInstitution:agreement	17132.47,18669.48 17024.02,18536.45
edge:declared:db.StockTransferAgreementSurvey:company	21051.90,10650.12 16175.50,12376.24
edge:declared:db.StockTransferPrice:share_class	16180.01,18271.77 15570.10,18231.21
edge:declared:db.StockTransferPrice:stock_transfer_event	16416.01,18313.50 16528.59,18345.82
edge:declared:db.StockUnissuedConfirmationRequest:company	18368.27,15108.93 16175.50,12656.03
edge:declared:db.StockUnissuedConfirmationRequest:stock_unissued_confirmation_file	18431.91,15190.93 20455.14,18264.26
edge:declared:db.StripeCard:customer	897.31,7249.12 962.30,7621.39
edge:declared:db.StripePayment:card	-226.57,7902.25 830.94,7249.12
edge:declared:db.StripePayment:order	-168.96,7963.33 1553.93,8242.28
edge:declared:db.StripePayment:seal_card_return_request	-388.19,7984.25 -1385.24,8413.51
edge:declared:db.Subscription:company	21533.32,11230.76 16175.50,12401.96
edge:declared:db.Subscription:subscription_contract	21533.32,11233.23 19994.33,11597.60
edge:declared:db.Subscription:subscription_package	21533.32,11222.61 19946.72,11474.34
edge:declared:db.Subscription:subscription_plan	21579.17,11282.03 20984.10,11816.72
edge:declared:db.Subscription:subscription_policy	21533.32,11250.75 20517.72,11622.05
edge:declared:db.Subscription:subscription_promotion	21533.32,11271.96 20813.57,11647.32
edge:declared:db.SubscriptionBonus:subscription	22405.10,11258.00 21805.32,11211.56
edge:declared:db.SubscriptionContract:company	19758.33,11650.35 16175.50,12403.55
edge:declared:db.SubscriptionModusignDocumentUsageHistory:subscription	23484.95,11563.65 21805.32,11228.19
edge:declared:db.SubscriptionPackage:company	19710.72,11522.24 16175.50,12396.50
edge:declared:db.SubscriptionPaymentRequest:company	22378.12,11662.58 16175.50,12420.28
edge:declared:db.SubscriptionPaymentRequest:subscription	22427.41,11606.19 21805.32,11273.72
edge:declared:db.SubscriptionPenaltyPayment:company	19660.92,11776.10 16175.50,12408.99
edge:declared:db.SubscriptionPenaltyPayment:subscription	19900.92,11719.15 21533.32,11240.88
edge:declared:db.SubscriptionPeriod:subscription	22816.66,10859.94 21805.32,11160.60
edge:declared:db.SubscriptionPerk:subscription	22286.55,11410.99 21805.32,11247.29
edge:declared:db.SubscriptionPlan:permissions	20790.66,11894.43 20144.08,11997.42
edge:declared:db.SubscriptionPlanOffering:subscription_plan	21160.98,11959.99 21050.66,11920.39
edge:declared:db.SubscriptionPlanPerk:subscription_plan	21113.02,11878.00 21050.66,11876.61
edge:declared:db.SubscriptionPolicy:company	20298.52,11679.94 16175.50,12409.85
edge:declared:db.SubscriptionPromotion:company	20624.62,11703.15 16175.50,12413.17
edge:declared:db.SubscriptionReservation:company	20663.87,12076.79 16175.50,12428.60
edge:declared:db.SubscriptionReservation:subscription_plan	20808.36,12030.54 20879.84,11930.72
edge:declared:db.SubscriptionSuspensionHistory:subscription	22302.92,11132.55 21805.32,11186.33
edge:declared:db.TalingCoupon:_company	10608.35,11737.89 15795.50,12418.56
edge:declared:db.TaxBookkeepingServiceRequest:company	20846.11,14053.89 16175.50,12506.44
edge:declared:db.TaxBookkeepingServiceRequest:incorporation_request	20988.43,14135.89 21751.71,15820.76
edge:declared:db.TaxPartnerTbkContract:legal_partner	23759.74,14506.42 22618.39,14715.38
edge:declared:db.TaxPartnerTbkContractItem:tax_partner_tbk_contract	24001.04,14590.05 23921.10,14521.82
edge:declared:db.TaxPartnerTbkSettings:legal_partner	22842.69,15747.94 22511.47,14868.57
edge:declared:db.TbkConsulting:tax_bookkeeping_service_request	21737.81,14237.29 21106.86,14120.29
edge:declared:db.TbkConsulting:tbk_question_thread	21737.81,14261.21 19118.96,14280.79
edge:declared:db.TbkConsultingMemo:tbk_consulting	22098.12,14043.73 21915.28,14211.28
edge:declared:db.TbkConsultingRefusal:incorporation_request	21403.19,15526.42 21695.13,15820.76
edge:declared:db.TbkConsultingStatusLog:tbk_consulting	21509.61,14003.90 21794.50,14211.28
edge:declared:db.TbkContract:tbk_consulting	23052.18,15117.54 21929.85,14309.28
edge:declared:db.TbkContractBenefit:tbk_contract	23296.32,15183.00 23233.11,15174.74
edge:declared:db.TbkContractSettlement:tbk_contract	23299.98,14994.69 23156.87,15117.54
edge:declared:db.ThirdPartyArticleProviderUserRelation:article_provider	20436.81,19991.45 20431.98,19943.37
edge:declared:db.UserApiKeyCompanyAccess:api_key	17491.58,8085.91 17685.71,7510.54
edge:declared:db.UserApiKeyCompanyAccess:selected_companies	17463.58,8167.91 16060.52,12226.49
edge:declared:db.UserApiKeyCompanyRelation:company	17151.09,8116.49 16043.95,12226.49
edge:declared:db.UserApiKeyCompanyRelation:company_access	17284.56,8097.98 17353.75,8108.34
edge:declared:db.UserApiKeyRevocation:api_key	17224.25,7450.79 17575.54,7464.65
edge:declared:db.UserInvitation:company	9554.12,11927.31 15795.50,12428.24
edge:declared:db.UserInvitation:company_user_relation	9306.12,11920.40 7543.69,11963.67
edge:declared:db.UserInvitationInvitee:invitation	7798.74,12756.08 9342.59,11962.36
edge:declared:db.UserInvitationInvitee:stakeholder	7739.42,12830.08 9905.42,19164.24
edge:declared:db.UserInvitationOwnerRoleRelation:owner_role	9420.66,11273.50 9571.29,11131.40
edge:declared:db.UserInvitationOwnerRoleRelation:user_invitation	9384.41,11347.50 9426.51,11872.36
edge:declared:db.UserProfileImageMapping:profile_image	22013.01,18858.75 22213.96,18987.18
edge:declared:db.UserSealCardRelation:seal_card	-894.27,8505.44 -686.65,8400.11
edge:declared:db.ValuationHistory:company	18475.13,12453.02 16175.50,12444.22
edge:declared:db.ValuationServiceRequest:company	18086.38,13860.69 16175.50,12571.66
edge:declared:db.ValuationServiceRequest:company_question_thread	18221.72,13934.69 18834.96,14216.58
edge:declared:db.VcIrRecommendationRequest:venture_capital	35902.73,9747.00 37774.16,12227.48
edge:declared:db.VcIrRecommendationRequestResult:investor_relations	33989.68,8764.97 30725.81,7602.02
edge:declared:db.VcIrRecommendationRequestResult:request	34166.10,8838.97 35802.23,9673.00
edge:declared:db.VcLpReport:venture_capital	37465.11,12975.15 37753.65,12637.48
edge:declared:db.VcLpReportRequest:alimtalk_activity	38091.55,13354.76 36475.41,14052.53
edge:declared:db.VcLpReportRequest:vc_lp_report	38084.15,13272.76 37525.87,13049.15
edge:declared:db.VcLpReportRequestRecipient:alimtalk_activity_recipient	36165.97,13961.01 35449.66,14314.05
edge:declared:db.VcLpReportRequestRecipient:fund_partner	36238.13,13879.01 36203.73,13751.09
edge:declared:db.VcLpReportRequestRecipient:vc_lp_report_request	36380.18,13879.01 38062.51,13352.56
edge:declared:db.VcNameAlias:venture_capital	38943.13,12079.97 38112.83,12368.53
edge:declared:db.VcSearchLog:company	29373.21,6851.65 16175.50,12364.13
edge:declared:db.VcSearchLog:investor_relations	29532.63,6851.65 30417.81,7444.08
edge:declared:db.VcSearchLog:venture_capital	29533.05,6851.65 37744.83,12310.17
edge:declared:db.VcUserRole:venture_capital	35245.44,11022.05 37744.83,12335.77
edge:declared:db.VentureBusinessCertification:attachment	18439.27,15538.06 20438.84,18264.26
edge:declared:db.VentureBusinessCertification:company	18376.66,15456.06 16157.74,12660.49
edge:declared:db.VentureBusinessCertificationExpirationNotificationLog:venture_business_certification	18298.86,15584.74 18357.60,15538.06
edge:declared:db.VentureCapitalEmailTemplates:venture_capital	38433.98,12547.66 38112.83,12474.43
edge:declared:db.VentureCapitalPaymentLink:venture_capital	35936.44,12414.23 37744.83,12430.79
edge:declared:db.VentureCapitalQuarterlyReport:content_template	29787.57,15955.02 31434.84,13175.64
edge:declared:db.VentureCapitalQuarterlyReport:venture_capital	29883.97,15955.02 37744.83,12513.05
edge:declared:db.VentureCapitalQuarterlyReportContentTemplate:venture_capital	31654.27,13117.09 37744.83,12452.56
edge:declared:db.VentureCapitalQuarterlyReportItem:quarterly_report	29007.49,16244.70 29607.29,16057.70
edge:declared:db.VentureCapitalQuarterlyReportItemReply:file_attachment	24462.82,17150.48 20788.00,18415.84
edge:declared:db.VentureCapitalQuarterlyReportItemReply:item	24763.39,17074.66 28716.99,16316.20
edge:declared:db.VentureCapitalQuarterlyReportItemReply:reply	24602.60,17068.48 24640.98,16992.51
edge:declared:db.VentureCapitalQuarterlyReportReply:_deprecated_captable	24504.81,16991.93 20788.00,18408.83
edge:declared:db.VentureCapitalQuarterlyReportReply:company_create_request	24504.81,16961.54 23960.45,17071.16
edge:declared:db.VentureCapitalQuarterlyReportReply:portfolio_company	24821.89,16862.51 30650.62,14303.94
edge:declared:db.VentureCapitalQuarterlyReportReply:quarterly_report	24842.81,16897.05 29607.29,16038.42
edge:declared:db.VentureCapitalSubscription:subscription_plan	38788.09,11040.85 38955.58,11226.40
edge:declared:db.VentureCapitalSubscription:venture_capital	38733.30,11040.85 38047.34,12227.48
edge:declared:db.VentureCapitalSubscriptionPlanPermission:subscription_plan	40374.56,11218.86 39137.09,11262.32
edge:declared:db.VentureCapitalSubscriptionPlanPrice:subscription_plan	38893.86,11887.04 38986.06,11308.40
edge:declared:db.VentureCapitalUserRelation:roles	35126.75,10846.41 35162.16,10948.05
edge:declared:db.VentureCapitalUserRelation:venture_capital	35188.81,10846.41 37744.83,12325.97
edge:declared:db.VentureComplex:address	24690.67,17931.81 24164.57,18813.85
edge:declared:db.VideoCollection:video_contents	18704.52,9448.63 19357.58,8854.84
edge:declared:db.VideoCollectionFeedback:company	17989.39,10419.21 16175.50,12251.56
edge:declared:db.VideoCollectionFeedback:video_collection	18052.21,10345.21 18623.18,9538.63
edge:declared:db.VideoCollectionPermission:company	18468.89,9379.39 16161.37,12226.49
edge:declared:db.VideoCollectionPermission:video_collection	18537.08,9379.39 18608.57,9448.63
edge:declared:db.VideoContentHistory:company	18934.61,9743.81 16175.50,12269.56
edge:declared:db.VideoContentHistory:video_collection	18915.82,9661.81 18724.81,9538.63
edge:declared:db.VideoContentHistory:video_content	18998.92,9661.81 19383.15,8854.84
edge:declared:db.VideoContentSpeecher:video_content	19009.48,8753.67 19278.67,8794.86
edge:declared:db.WhitepaperPreviewFile:whitepaper	327.13,6281.66 292.16,6397.15
edge:declared:db.WhitepaperWatermarkFile:whitepaper	1560.14,5905.90 378.37,6397.15
edge:declared:db.WhtBook:employee	9375.61,15325.48 8624.11,15056.87
edge:declared:db.WhtBook:wht_book_without_date	9366.32,15402.32 9171.85,15458.53
edge:declared:db.WhtBookWithoutDate:employee	9010.37,15455.63 8600.80,15107.11
edge:declared:db.WhtCertificate:employee	10684.72,15112.01 8624.11,15012.94
edge:declared:db.WhtReceipt:employee	10087.73,15137.46 8624.11,15017.73
edge:declared:db.YearEndTaxSettlement:payroll	7811.68,19606.82 4791.79,4917.25
edge:declared:db.YearEndTaxSettlementConfirmationSchedule:year_end_tax_settlement	6773.31,17994.45 7792.49,19606.82
edge:declared:db.YetsAssistance:employee	13877.72,30648.42 6527.23,30415.61
edge:declared:db.YetsAssistanceCreatorYetsEmployee:yets_employee	7397.71,30208.80 6527.23,30381.85
edge:declared:db.YetsAssistanceMessage:assistance	17766.87,30218.04 14125.72,30638.05
edge:declared:db.YetsAssistanceMessage:creator	17766.87,30202.46 12234.45,30145.55
edge:declared:db.YetsAssistanceMessageFile:message	23907.99,31585.13 18014.87,30232.21
edge:declared:db.YetsAssistanceStaffAccessLog:assistance	13112.45,30784.30 13877.72,30670.75
edge:declared:db.YetsAssistanceStaffFavoriteRelation:assistance	14692.57,30474.92 14125.72,30620.50
edge:declared:db.YetsEmail:year_end_tax_settlement	9003.73,19766.61 7944.93,19663.85
edge:declared:db.YetsEmailAuthentication:yets_employee	5328.40,30966.98 6257.71,30475.97
edge:declared:db.YetsEmployee:employee	6389.60,30345.97 8468.33,15107.11
edge:declared:db.YetsEmployee:year_end_tax_settlement	6389.43,30345.97 7814.91,19696.82
edge:declared:db.YetsEmployeeFile:employee	25451.54,32257.22 6527.23,30425.15
edge:declared:db.YetsEmployeeResult:yets_employee	7369.93,29946.82 6519.26,30345.97
edge:declared:db.YetsEmployeeResultAssistanceMessageRelation:assistance_message	12854.71,30056.91 17766.87,30200.12
edge:declared:db.YetsEmployeeResultAssistanceMessageRelation:result	12466.71,30045.67 7589.83,29905.39
edge:declared:db.YetsEmployeeResultStatusLog:result	7890.74,29028.82 7487.73,29856.82
edge:declared:db.YetsEmployeeResultWhtReceipt:result	23254.88,30069.17 7589.83,29903.13
edge:declared:db.YetsEmployeeSubmissionLog:yets_employee	6144.81,30640.39 6313.89,30475.97
edge:declared:db.YetsEmployeeUploadForm:yets_employee	8254.20,30827.35 6527.23,30443.53
edge:declared:db.YetsEmployeeUploadFormStatusLog:yets_employee_upload_form	7866.68,31543.46 8345.09,30890.58
edge:declared:db.ZuzuTaxPhoneToken:phone	3798.51,12359.04 3493.88,12476.44
edge:declared:document_ai.DocumentAiProcessResult:request	28607.42,29787.26 29334.35,27371.06
edge:declared:fi_sta.FiStaCompanyCeo:fi_sta_company	35761.47,30367.87 34766.12,32739.60
edge:declared:fi_sta.FiStaCompanySearchResult:fi_sta_company	34822.35,31532.78 34751.32,32739.60
edge:declared:fi_sta.FiStaContractDocument:participant	32400.06,33295.62 32975.56,33670.38
edge:declared:fi_sta.FiStaContractDocument:stock_transfer_agreement_document	32206.96,33271.54 29651.06,33702.81
edge:declared:fi_sta.FiStaContractDocument:stock_transfer_notice_poa_document	32351.27,33295.62 32455.17,33525.78
edge:declared:fi_sta.FiStaContractDocument:stock_unissued_confirmation_poa_document	32329.45,33205.62 32232.18,30313.96
edge:declared:fi_sta.FiStaManagement:fi_sta_company	37148.54,35079.41 34791.71,32821.60
edge:declared:fi_sta.FiStaParticipant:fi_sta_user	33174.81,33757.54 35420.46,34448.65
edge:declared:fi_sta.FiStaStockTransferAgreementDocument:starter	29651.06,33730.92 32926.81,33719.80
edge:declared:fi_sta.FiStaStockTransferNoticePoaDocument:signer	32608.66,33599.78 32926.81,33685.84
edge:declared:fi_sta.FiStaStockUnissuedConfirmationPoaDocument:signer	32239.75,30313.96 33039.14,33670.38
edge:declared:fi_sta.FiStaTransferStock:stock_transfer_agreement_document	31717.98,33947.78 29651.06,33747.94
edge:declared:fi_sta.FiStaUser:fi_sta_management	35635.07,34521.97 37090.55,35079.41
edge:declared:vertex_ai.VertexAiPredictionResult:request	39734.71,17447.12 39655.45,17530.12
edge:inheritance:db.AgendaBonusIssueNewIssueBalanceCertificateFile->db.FileAttachment	18407.91,19780.15 20408.00,18593.94
edge:inheritance:db.AgendaBonusIssueNewIssueMinutesFile->db.FileAttachment	18502.22,19941.36 20408.00,18613.63
edge:inheritance:db.Announcement->db.QuestionThread	20948.56,12236.61 20945.72,12566.05
edge:inheritance:db.AppointedDirectorCertificateOfSealDocument->db.MeetingDocument	16785.39,29512.41 14905.52,26298.84
edge:inheritance:db.AppointedDirectorResidentRegistrationDocument->db.MeetingDocument	18700.59,26456.02 14968.28,26117.96
edge:inheritance:db.ArticlesOfIncorporationAfterChangeDocument->db.MeetingDocument	21583.93,27775.69 14968.28,26145.70
edge:inheritance:db.ArticlesOfIncorporationBeforeChangeDocument->db.MeetingDocument	16747.31,26009.58 14968.28,26093.45
edge:inheritance:db.ArticlesOfIncorporationDocument->db.MeetingDocument	17734.76,27725.33 14968.28,26199.98
edge:inheritance:db.AuditReportDocument->db.MeetingDocument	18962.03,29121.15 14968.28,26230.67
edge:inheritance:db.BalanceCertificateDocument->db.MeetingDocument	14958.17,22400.72 14799.22,25904.84
edge:inheritance:db.BeforeunloadPdfEvent->db.PdfEvent	33336.02,11155.27 34036.83,11379.54
edge:inheritance:db.BigNumberValueWithVisibility->db.ValueWithVisibility	38556.88,4608.44 37189.44,5833.36
edge:inheritance:db.BranchAbolitionEvent->db.Event	18161.39,18043.88 15741.98,16945.74
edge:inheritance:db.BranchChangeEvent->db.Event	19442.20,18462.11 15741.98,16939.46
edge:inheritance:db.BranchInstallationEvent->db.Event	18967.54,18265.79 15741.98,16939.42
edge:inheritance:db.BulkEmailCommonAttachment->db.FileAttachment	16673.60,17778.69 20408.00,18447.25
edge:inheritance:db.BulkEmailRecipientAttachment->db.FileAttachment	19219.68,18604.95 20408.00,18498.31
edge:inheritance:db.CapitalChangeEvent->db.Event	15287.62,16083.31 15551.99,16769.56
edge:inheritance:db.CaptableAfterNewIssueDocument->db.MeetingDocument	17432.97,29705.88 14934.73,26298.84
edge:inheritance:db.CaptableAtRecordDateDocument->db.MeetingDocument	19396.70,26263.27 14968.28,26108.08
edge:inheritance:db.CaptableBeforeNewIssueDocument->db.MeetingDocument	16140.72,24995.22 14968.28,25955.98
edge:inheritance:db.CeoAddressChangeEvent->db.Event	16004.94,16579.78 15741.98,16770.96
edge:inheritance:db.CeoConfirmationDocument->db.MeetingDocument	18380.10,26128.81 14968.28,26103.18
edge:inheritance:db.CeoTypeChangedCeoResidentRegistrationDocument->db.MeetingDocument	13711.79,24535.20 14654.66,25904.84
edge:inheritance:db.CertificateOfCorporateSealDocument->db.MeetingDocument	16685.74,25659.10 14968.28,26060.26
edge:inheritance:db.CertificateOfSealNotarizationPoaDocument->db.MeetingDocument	14485.76,27271.23 14738.98,26298.84
edge:inheritance:db.CmeBulkEmail->db.BulkEmail	17662.43,16485.50 13712.71,17217.63
edge:inheritance:db.CmeBulkEmailRecipient->db.BulkEmailRecipient	18230.88,16424.86 17298.68,19060.77
edge:inheritance:db.CmeBulkEmailTemplate->db.BulkEmailTemplate	19625.12,15000.30 19523.22,15009.45
edge:inheritance:db.CoCeoSystemChangeEvent->db.Event	15896.48,16460.86 15672.92,16769.56
edge:inheritance:db.CompanyAddressChangeEvent->db.Event	19446.40,18335.20 15741.98,16934.52
edge:inheritance:db.CompanyBulkEmailTemplate->db.BulkEmailTemplate	18744.61,13929.90 19374.61,14979.58
edge:inheritance:db.CompanyDocumentDelivery->db.DocumentDelivery	18892.53,12653.13 20229.85,12512.39
edge:inheritance:db.CompanyEndorsementFeed->db.CompanyFeed	25649.69,7437.64 29123.05,5107.23
edge:inheritance:db.CompanyFeed->db.Feed	29191.76,5107.23 28953.57,6335.75
edge:inheritance:db.CompanyIrClosingFeed->db.CompanyFeed	29223.89,6188.41 29203.06,5107.23
edge:inheritance:db.CompanyIrNewCommitFeed->db.CompanyFeed	29787.38,6047.07 29233.29,5107.23
edge:inheritance:db.CompanyIrOpenFeed->db.CompanyFeed	29933.70,5521.57 29285.02,5107.23
edge:inheritance:db.CompanyNewsFeed->db.CompanyFeed	25803.68,5025.90 29078.04,5053.20
edge:inheritance:db.CompanyOwnerAuditLog->db.AuditLog	9290.39,7889.07 16559.27,6564.93
edge:inheritance:db.CompanyPaymentLink->db.PaymentLink	23751.31,12099.22 25625.94,13038.57
edge:inheritance:db.CompanyQuestionThread->db.QuestionThread	19083.33,14192.85 20862.66,12704.05
edge:inheritance:db.CompanyTanTableView->db.TanTableView	10594.71,9951.73 11006.15,9823.80
edge:inheritance:db.ConsentFormModusignDocument->db.ModusignDocument	26503.44,23883.33 23736.75,20708.24
edge:inheritance:db.ConsentFormModusignEmbeddedDraft->db.ModusignEmbeddedDraft	25388.97,29313.47 22880.64,21845.62
edge:inheritance:db.ConsentFormOptionItem->db.ConsentFormItem	23552.63,24308.36 24278.65,26812.19
edge:inheritance:db.CorporateRegistrationDocument->db.MeetingDocument	16690.94,28996.06 14919.65,26298.84
edge:inheritance:db.CustomOptionGrantContractTemplate->db.OptionGrantContractTemplate	19935.02,15998.89 19574.80,16058.15
edge:inheritance:db.CustomOptionGrantContractTemplateRevision->db.OptionGrantContractTemplateRevision	20520.57,16679.27 20304.06,16471.64
edge:inheritance:db.DebtConfirmationAndOffsetContractDocument->db.MeetingDocument	17236.01,25489.13 14968.28,26057.25
edge:inheritance:db.Director->db.Stakeholder	16471.39,16484.76 10125.11,19248.94
edge:inheritance:db.DirectorAppointmentEvent->db.Event	16015.90,16293.27 15672.56,16769.56
edge:inheritance:db.DirectorCompensationDecisionEvent->db.Event	16367.71,16809.39 15741.98,16865.33
edge:inheritance:db.DirectorCompensationLimitEvent->db.Event	16255.77,16685.11 15741.98,16835.30
edge:inheritance:db.DirectorDecisionDocument->db.MeetingDocument	19012.31,27009.02 14968.28,26140.09
edge:inheritance:db.DirectorResidentRegistrationWithAddressChangeHistoryDocument->db.MeetingDocument	14101.77,23540.44 14737.33,25904.84
edge:inheritance:db.DirectorTermEndEvent->db.Event	16185.72,16460.83 15741.98,16774.08
edge:inheritance:db.DirectorsMeetingMinutesDocument->db.MeetingDocument	15903.61,24376.68 14917.41,25904.84
edge:inheritance:db.DirectorsMeetingNoticeDocument->db.MeetingDocument	16359.87,29167.83 14891.13,26298.84
edge:inheritance:db.DirectorsMeetingNoticeEmail->db.BulkEmail	15598.33,19087.40 13658.06,17310.73
edge:inheritance:db.DirectorsMeetingNoticeEmailRecipient->db.BulkEmailRecipient	16048.80,19328.35 17148.52,19140.03
edge:inheritance:db.DirectorsMeetingSkipNoticeDocument->db.MeetingDocument	15770.92,29476.38 14847.53,26298.84
edge:inheritance:db.DocumentLoadedPdfEvent->db.PdfEvent	33916.97,11242.11 34104.38,11378.22
edge:inheritance:db.ESOPParticipant->db.Employee	9183.30,15884.64 8562.72,15107.11
edge:inheritance:db.ElectronicCertificateApplicationFormDocument->db.MeetingDocument	8179.74,25205.19 14612.28,26077.70
edge:inheritance:db.ElectronicCertificateCaseReportDocument->db.MeetingDocument	8922.50,23488.90 14612.28,26022.58
edge:inheritance:db.Employee->db.Stakeholder	8516.68,15107.11 9905.37,19164.24
edge:inheritance:db.EmployeeOptionExerciseEvent->db.Event	15744.69,17197.08 15645.56,16987.56
edge:inheritance:db.EmployeeOptionExerciseManagementEmail->db.BulkEmail	13315.19,13778.61 13577.38,17172.73
edge:inheritance:db.EmployeeOptionGrantee->db.Employee	9202.38,13393.03 8527.21,14905.11
edge:inheritance:db.EmployeeStockGuideEmail->db.BulkEmail	12570.56,17130.82 13452.71,17227.48
edge:inheritance:db.ExpertClientSignupChannel->db.SignupChannel	24076.66,14845.99 24921.39,14595.38
edge:inheritance:db.FeeReceiptDocument->db.MeetingDocument	16395.94,27613.16 14968.28,26269.38
edge:inheritance:db.FileValueWithVisibility->db.ValueWithVisibility	38386.22,5854.07 37266.13,5868.81
edge:inheritance:db.FinancialStatementsDocument->db.MeetingDocument	19376.39,27367.86 14968.28,26150.98
edge:inheritance:db.FinancialStatementsForNewIssueFromConversionDocument->db.MeetingDocument	15793.38,23539.74 14867.41,25904.84
edge:inheritance:db.HrmAlpUsagePlan->db.HrmApprovable	5475.52,18204.19 2975.40,17843.18
edge:inheritance:db.HrmAnnualLeave->db.HrmLeaveBase	3800.58,21692.88 3345.50,21059.61
edge:inheritance:db.HrmAnnualLeaveFiscalBasedConfig->db.HrmAnnualLeaveConfigBase	4122.79,24962.65 3813.10,22607.43
edge:inheritance:db.HrmAnnualLeaveHireBasedConfig->db.HrmAnnualLeaveConfigBase	3719.27,24148.10 3806.14,22607.43
edge:inheritance:db.HrmAttendance->db.HrmApprovable	4019.92,17921.25 2975.40,17835.46
edge:inheritance:db.HrmAttendanceLocation->db.HrmApprovable	5115.40,17144.91 2975.40,17788.01
edge:inheritance:db.HrmCertificateIssue->db.HrmApprovable	5821.41,16144.31 2937.98,17776.27
edge:inheritance:db.HrmCompensatoryLeave->db.HrmLeaveBase	1966.75,20737.02 3157.04,20961.02
edge:inheritance:db.HrmCustomLeave->db.HrmLeaveBase	2479.52,20749.24 3157.04,20946.93
edge:inheritance:db.HrmDeptAbolishedEvent->db.HrmDeptStatusEventBase	21.47,22520.04 -46.00,21411.10
edge:inheritance:db.HrmDeptCreatedEvent->db.HrmDeptStatusEventBase	-157.55,20735.04 -55.53,21329.10
edge:inheritance:db.HrmDeptNameChangedEvent->db.HrmDeptNameEventBase	-1106.63,19815.27 -1438.96,20044.28
edge:inheritance:db.HrmDeptNameEventBase->db.HrmDeptEventBase	-1438.44,20118.28 -1191.56,20286.80
edge:inheritance:db.HrmDeptParentChangedEvent->db.HrmDeptParentEventBase	-827.98,19981.08 -341.30,19998.36
edge:inheritance:db.HrmDeptParentEventBase->db.HrmDeptEventBase	-328.58,20039.55 -1032.07,20286.80
edge:inheritance:db.HrmDeptStatusEventBase->db.HrmDeptEventBase	-91.16,21329.10 -1098.84,20360.80
edge:inheritance:db.HrmDocument->db.HrmApprovable	2135.96,15637.43 2835.38,17776.27
edge:inheritance:db.HrmEmpAbsenceEvent->db.HrmEmpStatusEventBase	4840.09,15728.77 5353.15,15826.36
edge:inheritance:db.HrmEmpAffiliationChangedEvent->db.HrmEmpAffiliationEventBase	3299.95,16946.95 3488.81,16989.98
edge:inheritance:db.HrmEmpAffiliationEventBase->db.HrmEmpEventBase	3742.81,17009.32 4189.86,16975.51
edge:inheritance:db.HrmEmpContractModusignDocument->db.ModusignDocument	28660.16,37316.53 23690.41,20708.24
edge:inheritance:db.HrmEmpDepartedEvent->db.HrmEmpStatusEventBase	5709.56,15848.33 5601.15,15849.08
edge:inheritance:db.HrmEmpEmploymentTypeChangedEvent->db.HrmEmpEmploymentTypeEventBase	4734.07,17098.35 4678.95,17053.76
edge:inheritance:db.HrmEmpEmploymentTypeEventBase->db.HrmEmpEventBase	4491.21,16994.86 4425.86,16984.79
edge:inheritance:db.HrmEmpJobChangedEvent->db.HrmEmpJobEventBase	3558.51,16299.03 3915.05,16737.24
edge:inheritance:db.HrmEmpJobEventBase->db.HrmEmpEventBase	4014.93,16811.24 4238.09,16929.59
edge:inheritance:db.HrmEmpJoinedEvent->db.HrmEmpStatusEventBase	5028.78,16442.59 5437.05,15902.94
edge:inheritance:db.HrmEmpReturnToWorkEvent->db.HrmEmpStatusEventBase	5241.87,15743.33 5360.19,15796.94
edge:inheritance:db.HrmEmpStatusEventBase->db.HrmEmpEventBase	5421.65,15902.94 4346.60,16929.59
edge:inheritance:db.HrmFamilyCareLeave->db.HrmLeaveBase	1966.75,20843.85 3157.04,20971.97
edge:inheritance:db.HrmFixedWork->db.HrmWorkBase	1866.55,18789.28 1883.15,18940.27
edge:inheritance:db.HrmGrantableLeave->db.HrmLeaveBase	3500.97,20242.28 3313.43,20913.61
edge:inheritance:db.HrmInfertilityTreatmentLeave->db.HrmLeaveBase	2976.61,20332.72 3257.71,20913.61
edge:inheritance:db.HrmLeaveUsage->db.HrmApprovable	6645.67,18353.99 2975.40,17842.55
edge:inheritance:db.HrmMaternityLeave->db.HrmLeaveBase	1966.75,21057.50 3157.04,20993.88
edge:inheritance:db.HrmMenstrualLeave->db.HrmLeaveBase	2514.90,21273.91 3157.04,21036.82
edge:inheritance:db.HrmMiscarriageLeave->db.HrmLeaveBase	1966.75,21164.34 3157.04,21004.83
edge:inheritance:db.HrmPaternityLeave->db.HrmLeaveBase	2479.52,21155.63 3157.04,21014.87
edge:inheritance:db.HrmPersonalLocation->db.HrmApprovable	6407.35,16257.16 2962.52,17776.27
edge:inheritance:db.HrmReserveTrainingLeave->db.HrmLeaveBase	2271.20,21589.57 3169.33,21059.61
edge:inheritance:db.HrmSelectiveWork->db.HrmWorkBase	2011.14,19194.65 1928.12,19062.27
edge:inheritance:db.HrmSelectiveWorkPlan->db.HrmApprovable	3865.55,18038.04 2975.40,17851.28
edge:inheritance:db.HrmStaggeredWork->db.HrmWorkBase	774.05,19504.33 1759.86,19059.88
edge:inheritance:db.IBKSignupChannel->db.SignupChannel	25874.53,14583.64 25169.39,14562.34
edge:inheritance:db.IaCertificateOfInvestmentDocument->db.InvestmentAssociationDocument	36811.39,18586.91 35972.85,19263.72
edge:inheritance:db.IaConsentFormDocument->db.InvestmentAssociationDocument	36258.86,18527.41 35924.93,19263.72
edge:inheritance:db.IaConsentFormOrMeetingElectronicSignatureRequestModusignDocument->db.ModusignDocument	32188.72,20620.34 23802.17,20627.13
edge:inheritance:db.IaConsentFormOrMeetingElectronicSignatureRequestModusignEmbeddedDraft->db.ModusignEmbeddedDraft	31457.11,21097.16 22986.84,21782.59
edge:inheritance:db.IaConsentFormOrMeetingElectronicSignatureRequiredDocument->db.InvestmentAssociationDocument	34041.51,19879.37 35754.27,19367.46
edge:inheritance:db.IaExpertPartnerBulkEmailTemplate->db.BulkEmailTemplate	21139.08,15241.41 19523.22,15036.32
edge:inheritance:db.IaExplanationFormForElectronicSignatureDocument->db.InvestmentAssociationDocument	37597.94,18599.24 36040.27,19263.72
edge:inheritance:db.IaGpAppointmentEvent->db.InvestmentAssociationEvent	35506.02,17869.09 33494.49,17657.63
edge:inheritance:db.IaGpTerminationEvent->db.InvestmentAssociationEvent	35840.14,18162.72 33494.49,17670.22
edge:inheritance:db.IaMeetingAgendaCustom->db.IaMeetingAgenda	35962.31,20828.89 35643.81,20567.02
edge:inheritance:db.IaMeetingMinutesDocument->db.InvestmentAssociationDocument	35206.27,19987.04 35833.63,19385.72
edge:inheritance:db.IaMeetingNoticeDocument->db.InvestmentAssociationDocument	34925.13,19870.68 35788.65,19385.72
edge:inheritance:db.IaMeetingSealedNoticeDocumentFile->db.FileAttachment	30745.47,19797.43 20788.00,18505.90
edge:inheritance:db.IaMeetingShortenPeriodDocument->db.InvestmentAssociationDocument	36579.36,19581.91 36040.27,19378.64
edge:inheritance:db.IaModusignDocumentUsageHistory->db.BaseModusignDocumentUsageHistory	28290.86,15139.77 25453.62,13599.31
edge:inheritance:db.IaOwnerAuditLog->db.AuditLog	24159.31,6216.30 16795.27,6538.27
edge:inheritance:db.IaPartnerListDocument->db.InvestmentAssociationDocument	35723.94,19129.87 35843.01,19263.72
edge:inheritance:db.IaPaymentLink->db.PaymentLink	26462.22,13409.57 25818.79,13128.57
edge:inheritance:db.IaPfCompanyInvestmentSalesIntent->db.SalesIntent	35364.16,22973.44 35536.03,23051.51
edge:inheritance:db.IaQuestionThread->db.QuestionThread	25917.65,13364.21 21075.12,12654.11
edge:inheritance:db.IaRuleDocument->db.InvestmentAssociationDocument	32720.23,19256.68 35754.27,19321.66
edge:inheritance:db.IaSealStampImage->db.FileAttachment	22198.28,18366.05 20788.00,18467.58
edge:inheritance:db.IaWrittenResolutionDocument->db.InvestmentAssociationDocument	36287.76,19448.65 36040.27,19370.10
edge:inheritance:db.ImAcVcBroker->db.ImZuzuBroker	29423.82,12313.13 31922.64,12204.71
edge:inheritance:db.ImIndividualGpBroker->db.ImZuzuBroker	31682.19,12352.18 31953.72,12236.59
edge:inheritance:db.ImInvestorBroker->db.ImBroker	35094.31,12287.79 33714.56,12133.02
edge:inheritance:db.ImIrPartnerBroker->db.ImBroker	31295.90,12059.16 33466.56,12115.87
edge:inheritance:db.ImPitchingDay->db.ImDay	33062.32,10375.95 33281.80,10493.88
edge:inheritance:db.ImPitchingDayParticipation->db.ImDayParticipation	31735.31,10041.85 32874.73,10439.50
edge:inheritance:db.ImZuzuBroker->db.ImBroker	32158.64,12193.46 33466.56,12125.55
edge:inheritance:db.InauguralConsentDocument->db.MeetingDocument	13378.89,23295.04 14691.22,25904.84
edge:inheritance:db.IncorporationRequestAssistanceReceipt->db.FileAttachment	22002.60,16853.08 20785.20,18264.26
edge:inheritance:db.IndividualStakeholder->db.Stakeholder	7738.60,21912.63 9824.58,19478.24
edge:inheritance:db.IndividualStockOptionCancelEvent->db.IndividualInvestorEvent	38435.66,28675.92 37152.37,28060.00
edge:inheritance:db.IndividualStockOptionExerciseEvent->db.IndividualInvestorEvent	38865.93,29743.79 37105.65,28060.00
edge:inheritance:db.IndividualStockOptionGrantEvent->db.IndividualInvestorEvent	37207.35,26327.13 37062.58,27970.00
edge:inheritance:db.IndividualStockOptionPauseEvent->db.IndividualInvestorEvent	32754.57,27318.35 36934.61,27994.93
edge:inheritance:db.IndividualStockOptionResumeEvent->db.IndividualInvestorEvent	33523.78,29378.17 36941.92,28060.00
edge:inheritance:db.IndividualStockOptionSalesIntent->db.SalesIntent	34020.94,23103.55 35499.48,23089.62
edge:inheritance:db.InputSignupChannel->db.SignupChannel	25969.11,15025.23 25126.55,14599.59
edge:inheritance:db.InstitutionStakeholder->db.Stakeholder	10051.64,21126.14 9967.16,19478.24
edge:inheritance:db.InvestmentAssociationAssociationPartner->db.InvestmentAssociationOrganizationPartner	36502.45,15918.74 38114.92,16816.84
edge:inheritance:db.InvestmentAssociationCorporationPartner->db.InvestmentAssociationOrganizationPartner	39201.95,15965.32 38257.26,16816.84
edge:inheritance:db.InvestmentAssociationIndividualPartner->db.InvestmentAssociationPartner	36653.41,17122.85 39456.45,18161.06
edge:inheritance:db.InvestmentAssociationOrganizationPartner->db.InvestmentAssociationPartner	38253.97,16914.84 39499.84,18110.21
edge:inheritance:db.InvestmentAssociationOrganizationPartnerCorporationSigner->db.InvestmentAssociationOrganizationPartnerSigner	38565.53,14904.67 38120.34,15049.32
edge:inheritance:db.InvestmentAssociationOrganizationPartnerIndividualSigner->db.InvestmentAssociationOrganizationPartnerSigner	37818.77,14963.00 37925.96,15049.32
edge:inheritance:db.InvestmentAssociationPartnerSalesIntent->db.SalesIntent	37022.05,21862.27 35659.86,23051.51
edge:inheritance:db.InvestmentContractHolder->db.Stakeholder	11672.51,15550.88 10030.46,19164.24
edge:inheritance:db.InvestorRelations->db.InvestorMatching	30487.67,7676.15 28441.30,10813.38
edge:inheritance:db.IrClosingComplete->db.IrClosing	31974.78,5141.94 33065.76,6625.62
edge:inheritance:db.IrClosingExpired->db.IrClosing	33082.52,7190.72 33094.86,6707.62
edge:inheritance:db.IrClosingIncomplete->db.IrClosing	34178.60,6699.07 33219.91,6670.34
edge:inheritance:db.IrConsultingRequest->db.ImConsultingRequest	27833.51,9899.00 26964.64,9516.76
edge:inheritance:db.IrFeed->db.Feed	30157.11,7404.87 28989.80,6409.75
edge:inheritance:db.IrosOtpIssueMeetingDocument->db.MeetingDocument	9874.19,22805.56 14612.28,25982.49
edge:inheritance:db.LawtalkSignupAttachment->db.FileAttachment	19448.19,17235.25 20408.00,18275.36
edge:inheritance:db.LedgerByCustomerDocument->db.MeetingDocument	16208.76,22715.29 14872.79,25904.84
edge:inheritance:db.LegalPartnerSignupChannel->db.SignupChannel	24212.45,14351.95 24921.39,14527.83
edge:inheritance:db.ManualOptionVesting->db.OptionVesting	14511.47,18547.92 14538.22,18441.66
edge:inheritance:db.ManualProduct->db.Product	24502.60,12141.65 24637.72,12200.79
edge:inheritance:db.MeetingAttachment->db.FileAttachment	18282.51,17624.84 20408.00,18410.99
edge:inheritance:db.Mna->db.InvestorMatching	27954.36,10727.77 28238.64,10846.88
edge:inheritance:db.MnaConsultingRequest->db.ImConsultingRequest	26796.57,9667.12 26855.40,9516.76
edge:inheritance:db.NcpSignupChannel->db.SignupChannel	26669.84,14986.20 25169.39,14591.23
edge:inheritance:db.NewCeoCertificateOfSealDocument->db.MeetingDocument	17085.36,28573.82 14968.28,26293.56
edge:inheritance:db.NewCeoResidentRegistrationDocument->db.MeetingDocument	17437.68,29329.28 14951.87,26298.84
edge:inheritance:db.NewIssueNoticeEmail->db.BulkEmail	13074.30,20727.51 13572.65,17310.73
edge:inheritance:db.NewIssueSkipNoticeDocument->db.MeetingDocument	15125.09,23083.45 14812.13,25904.84
edge:inheritance:db.NewIssueStockAcceptanceDocument->db.MeetingDocument	17756.31,26066.36 14968.28,26099.71
edge:inheritance:db.NewIssueStockAllocationDocument->db.MeetingDocument	18310.04,24108.92 14968.28,26001.05
edge:inheritance:db.NewIssueStockAllocationRecordDateNoticeDocument->db.MeetingDocument	20216.94,24220.69 14968.28,26040.14
edge:inheritance:db.NewIssueStockSubscriptionDocument->db.MeetingDocument	17458.02,25303.72 14968.28,26048.59
edge:inheritance:db.NewIssueStockUnissuedConfirmationDocument->db.MeetingDocument	18113.35,25498.56 14968.28,26069.53
edge:inheritance:db.NonUnifiedShareManagementSalesIntent->db.SalesIntent	35182.13,24465.93 35605.79,23125.51
edge:inheritance:db.NonUnifiedShareSucPoaModusignDocument->db.ModusignDocument	24842.57,20991.88 23802.17,20669.39
edge:inheritance:db.NotarizationPoaDocument->db.MeetingDocument	19923.11,27077.98 14968.28,26135.69
edge:inheritance:db.OptionExerciseClaimAttachment->db.FileAttachment	13131.89,17602.58 20408.00,18458.90
edge:inheritance:db.OptionExerciseClaimMeetingDocument->db.MeetingDocument	13189.34,22225.25 14708.92,25904.84
edge:inheritance:db.OptionExerciseManagementEmail->db.BulkEmail	13804.14,16516.30 13603.77,17172.73
edge:inheritance:db.OptionGrantContractCeo->db.OptionGrantContractStakeholder	19748.69,15330.50 19341.01,15268.66
edge:inheritance:db.OptionGrantContractFirstRefusalRightHolder->db.OptionGrantContractStakeholder	19541.42,15212.93 19341.01,15232.58
edge:inheritance:db.OptionGrantContractModusignDocument->db.ModusignDocument	22308.79,20370.84 23530.17,20601.55
edge:inheritance:db.OptionGrantContractModusignEmbeddedDraft->db.ModusignEmbeddedDraft	21758.69,20464.21 22818.79,21739.62
edge:inheritance:db.OptionGrantEvent->db.Event	14997.50,18434.72 15552.20,16987.56
edge:inheritance:db.OptionGrantee->db.Stakeholder	13823.52,19170.97 10125.11,19314.79
edge:inheritance:db.OptionWithdrawEvent->db.Event	14750.10,16160.28 15465.92,16769.56
edge:inheritance:db.OtherDocumentArchiveAttachment->db.FileAttachment	20188.93,17112.31 20533.16,18264.26
edge:inheritance:db.PageNumberUpdatedPdfEvent->db.PdfEvent	34593.10,11473.14 34284.83,11434.69
edge:inheritance:db.PayrollStatementEmail->db.BulkEmail	10477.26,17233.20 13452.71,17241.37
edge:inheritance:db.PayrollStatementEmailRecipient->db.BulkEmailRecipient	10377.32,18725.50 17148.52,19110.38
edge:inheritance:db.PerformanceRsuVestingItem->db.RsuVestingItem	14507.52,14818.39 14450.86,14822.71
edge:inheritance:db.PeriodPhantomStockVestingItem->db.PhantomStockVestingItem	8703.99,18293.37 8493.78,18009.48
edge:inheritance:db.PeriodRsuVestingItem->db.RsuVestingItem	14646.89,14649.15 14405.54,14787.18
edge:inheritance:db.PeriodicOptionVesting->db.OptionVesting	14198.02,18520.73 14436.12,18441.66
edge:inheritance:db.PhantomStockCancelEvent->db.Event	14742.77,17103.83 15445.98,16917.73
edge:inheritance:db.PhantomStockExerciseEvent->db.Event	15409.44,17251.19 15540.00,16987.56
edge:inheritance:db.PhantomStockGrantEvent->db.Event	14877.79,16933.45 15445.98,16889.90
edge:inheritance:db.PhantomStockGrantee->db.Stakeholder	9256.85,18199.56 9860.82,19164.24
edge:inheritance:db.PhantomStockPauseEvent->db.Event	15490.09,16203.70 15577.20,16769.56
edge:inheritance:db.PhantomStockResumeEvent->db.Event	15392.63,16421.42 15545.97,16769.56
edge:inheritance:db.PingpongDeliveryAddress->db.Address	23711.35,14270.01 24079.87,18813.85
edge:inheritance:db.Playbook->db.MembershipContent	-1668.93,4499.94 -1435.93,4958.39
edge:inheritance:db.Post->db.MembershipContent	-1867.34,4981.27 -1537.06,4997.35
edge:inheritance:db.ProofOfEmploymentDocument->db.MeetingDocument	18637.52,27984.11 14968.28,26188.93
edge:inheritance:db.QuarterlyReportRequestAttachment->db.FileAttachment	29195.62,16801.98 20788.00,18444.15
edge:inheritance:db.QuarterlyReportSignupChannel->db.SignupChannel	28101.93,14916.34 25169.39,14573.10
edge:inheritance:db.QuestionMessageAttachment->db.FileAttachment	21663.49,16183.02 20698.60,18264.26
edge:inheritance:db.RegistrationAssistanceReceipt->db.FileAttachment	21637.62,16995.50 20749.84,18264.26
edge:inheritance:db.RegistrationFormAllInOneDocument->db.MeetingDocument	15994.39,24581.63 14946.32,25904.84
edge:inheritance:db.RegistrationFormAoiChangeDocument->db.MeetingDocument	13615.62,25743.53 14612.28,26047.54
edge:inheritance:db.RegistrationFormBranchChangeDocument->db.MeetingDocument	19542.20,28255.35 14968.28,26182.51
edge:inheritance:db.RegistrationFormCaptableDocument->db.MeetingDocument	16792.06,25121.66 14968.28,26014.68
edge:inheritance:db.RegistrationFormCeoAddressChangeDocument->db.MeetingDocument	16207.13,25920.95 14968.28,26079.11
edge:inheritance:db.RegistrationFormDirectorChangeDocument->db.MeetingDocument	17804.28,27978.55 14968.28,26212.67
edge:inheritance:db.RegistrationFormHeadOfficeInsideRelocationDocument->db.MeetingDocument	19455.21,24118.04 14968.28,26026.14
edge:inheritance:db.RegistrationFormHeadOfficeOutsideRelocationDocument->db.MeetingDocument	19988.76,24044.24 14968.28,26031.39
edge:inheritance:db.RegistrationFormNewIssueDocument->db.MeetingDocument	15262.84,23575.72 14827.13,25904.84
edge:inheritance:db.RegistrationFormNewOptionsRuleDocument->db.MeetingDocument	14730.06,27462.35 14781.56,26298.84
edge:inheritance:db.RegistrationPoaDocument->db.MeetingDocument	16122.75,29619.64 14864.90,26298.84
edge:inheritance:db.RegularProduct->db.Product	24596.56,12341.41 24677.38,12274.79
edge:inheritance:db.ResignationLetterDocument->db.MeetingDocument	13323.50,24398.54 14620.64,25904.84
edge:inheritance:db.ResignedDirectorCertificateOfSealDocument->db.MeetingDocument	14124.71,26225.69 14612.28,26134.96
edge:inheritance:db.RsaForfeitEvent->db.Event	15287.33,16858.56 15445.98,16868.91
edge:inheritance:db.RsaVestConfirmEvent->db.Event	15943.45,16938.19 15741.98,16903.81
edge:inheritance:db.RsuCancelEvent->db.Event	15087.77,16281.23 15501.61,16769.56
edge:inheritance:db.RsuExerciseClaimCandidateEmailRecipient->db.BulkEmailRecipient	12246.60,16540.82 17167.22,19060.77
edge:inheritance:db.RsuExerciseEvent->db.Event	15121.02,15821.29 15545.22,16769.56
edge:inheritance:db.RsuExerciseManagementEmail->db.BulkEmail	12481.39,16251.12 13506.00,17172.73
edge:inheritance:db.RsuGrantContractModusignDocument->db.ModusignDocument	21518.19,19175.95 23546.29,20546.24
edge:inheritance:db.RsuGrantEvent->db.Event	15021.52,16653.22 15445.98,16820.30
edge:inheritance:db.RsuGrantee->db.Stakeholder	12042.23,17010.38 10100.64,19164.24
edge:inheritance:db.RsuPauseEvent->db.Event	15141.95,17367.54 15493.22,16987.56
edge:inheritance:db.RsuPerformanceAchievementEvent->db.Event	15355.01,16683.73 15460.29,16769.56
edge:inheritance:db.RsuResumeEvent->db.Event	15115.88,17193.87 15445.98,16976.17
edge:inheritance:db.RtccEmail->db.BulkEmail	13840.07,17111.67 13712.71,17176.03
edge:inheritance:db.RtccInvestorFile->db.FileAttachment	16364.89,17386.75 20408.00,18432.13
edge:inheritance:db.SafeCreateEvent->db.Event	17883.38,17821.87 15741.98,16939.54
edge:inheritance:db.SalesReportDocument->db.MeetingDocument	14067.62,27512.00 14689.32,26298.84
edge:inheritance:db.SealStampCardContinuedUseApplicationFormDocument->db.MeetingDocument	9309.83,23288.16 14612.28,26010.45
edge:inheritance:db.SealStampDeclarationDocument->db.MeetingDocument	9611.41,23136.75 14612.28,25999.93
edge:inheritance:db.SealStampImage->db.FileAttachment	17345.61,15855.57 20408.00,18327.87
edge:inheritance:db.SealedOptionGrantContractDocument->db.MeetingDocument	20043.77,26224.50 14968.28,26106.00
edge:inheritance:db.SealedOptionGrantShareholdersMeetingResolutionDocument->db.MeetingDocument	13853.74,26564.49 14612.28,26189.77
edge:inheritance:db.Shareholder->db.Stakeholder	10672.92,22672.54 9992.55,19478.24
edge:inheritance:db.ShareholdersAgreementModusignDocument->db.ModusignDocument	22799.58,20598.08 23530.17,20622.66
edge:inheritance:db.ShareholdersAgreementModusignEmbeddedDraft->db.ModusignEmbeddedDraft	22541.00,21980.84 22772.21,21845.62
edge:inheritance:db.ShareholdersCertificateOfSealDocument->db.MeetingDocument	13600.68,27885.95 14658.93,26298.84
edge:inheritance:db.ShareholdersMeetingAuditReportDocument->db.MeetingDocument	16821.58,26775.61 14968.28,26160.88
edge:inheritance:db.ShareholdersMeetingConvocationNoticeEmail->db.BulkEmail	18025.50,20630.21 13673.18,17310.73
edge:inheritance:db.ShareholdersMeetingConvocationNoticeEmailAttachment->db.FileAttachment	19982.00,20388.70 20527.92,18698.26
edge:inheritance:db.ShareholdersMeetingConvocationNoticeEmailRecipient->db.ShareholdersMeetingConvocationNoticeRecipient	20768.02,23104.90 18957.86,21038.40
edge:inheritance:db.ShareholdersMeetingConvocationNoticeWrittenRecipient->db.ShareholdersMeetingConvocationNoticeRecipient	18774.27,21133.39 18872.10,21038.40
edge:inheritance:db.ShareholdersMeetingMinutesDocument->db.MeetingDocument	14299.16,26487.04 14612.28,26241.45
edge:inheritance:db.ShareholdersMeetingNoticeDocument->db.MeetingDocument	21074.36,27154.23 14968.28,26131.65
edge:inheritance:db.ShareholdersMeetingPowerOfAttorneyDocument->db.MeetingDocument	16833.81,24734.23 14968.28,25982.72
edge:inheritance:db.ShareholdersMeetingPowerOfAttorneyIndividualDocument->db.MeetingDocument	16384.20,24422.04 14968.28,25914.25
edge:inheritance:db.ShareholdersMeetingShortenPeriodDocument->db.MeetingDocument	13141.65,26255.50 14612.28,26118.43
edge:inheritance:db.ShareholdersMeetingShortenPeriodIndividualDocument->db.MeetingDocument	16427.84,23308.59 14905.77,25904.84
edge:inheritance:db.ShareholdersMeetingSkipNoticeDocument->db.MeetingDocument	15027.31,28097.57 14813.68,26298.84
edge:inheritance:db.ShareholdersMeetingWrittenDecisionDocument->db.MeetingDocument	13410.92,26595.67 14612.28,26165.57
edge:inheritance:db.ShareholdersMeetingWrittenDecisionIndividualDocument->db.MeetingDocument	16935.13,24258.05 14968.28,25948.82
edge:inheritance:db.ShareholdersWrittenResolutionDocument->db.MeetingDocument	20749.32,28520.60 14968.28,26174.09
edge:inheritance:db.StockTransferAgreementModusignDocument->db.ModusignDocument	20645.61,20273.65 23530.17,20611.32
edge:inheritance:db.StockTransferAgreementModusignEmbeddedDraft->db.ModusignEmbeddedDraft	19496.35,20013.23 22762.57,21739.62
edge:inheritance:db.SubscriptionModusignDocumentUsageHistory->db.BaseModusignDocumentUsageHistory	23696.33,11636.40 25342.23,13517.31
edge:inheritance:db.TaxReceiptDocument->db.MeetingDocument	15723.25,24232.65 14888.61,25904.84
edge:inheritance:db.Template->db.MembershipContent	-1780.69,5151.66 -1524.64,5048.39
edge:inheritance:db.TextValueWithVisibility->db.ValueWithVisibility	37917.83,5999.11 37266.13,5890.10
edge:inheritance:db.UserProfileImage->db.FileAttachment	22154.11,18987.81 20788.00,18543.11
edge:inheritance:db.VentureCapitalPaymentLink->db.PaymentLink	35696.44,12421.10 25839.75,13075.34
edge:inheritance:db.Webinar->db.MembershipContent	-2023.43,4732.61 -1514.49,4958.39
edge:inheritance:db.Whitepaper->db.MembershipContent	231.37,6397.15 -1359.97,5048.39
edge:inheritance:db.WrittenStatementDocument->db.MeetingDocument	14097.63,26084.33 14612.28,26097.34
edge:inheritance:db.YetsAssistanceCreatorUser->db.YetsAssistanceCreator	11748.64,30332.13 12043.98,30181.34
edge:inheritance:db.YetsAssistanceCreatorYetsEmployee->db.YetsAssistanceCreator	7674.71,30180.15 11998.45,30145.29
edge:inheritance:db.YetsAssistanceMessageFile->db.FileAttachment	24018.33,31575.68 20654.68,18698.26
edge:inheritance:db.YetsEmail->db.BulkEmail	9192.21,19741.60 13461.53,17310.73
edge:inheritance:db.YetsEmployeeFile->db.FileAttachment	25558.19,32231.84 20676.28,18698.26
edge:inheritance:db.YetsEmployeeResultWhtReceipt->db.FileAttachment	23380.47,30033.60 20650.27,18698.26
edge:inheritance:db.ZuzuOptionGrantContractTemplate->db.OptionGrantContractTemplate	19783.16,16219.51 19571.51,16133.03
edge:inheritance:db.ZuzuOptionGrantContractTemplateRevision->db.OptionGrantContractTemplateRevision	20450.74,16321.49 20339.99,16381.64
