edge:declared:db.AgendaBonusIssue:certificate_of_payment_for_the_share_file	17876.77,20166.38 20408.00,18598.92
edge:declared:db.AgendaBonusIssue:meeting_draft	17622.89,20271.80 16613.57,20512.41
edge:declared:db.AgendaBonusIssueNewIssueBalanceCertificateFile:agenda_bonus_issue	18294.11,19854.15 17860.31,20166.38
edge:declared:db.AgendaBonusIssueNewIssueMinutesFile:agenda_bonus_issue	18036.43,20346.31 17894.89,20291.78
edge:declared:db.AgendaBonusIssueSharesToIssue:agenda_bonus_issue	16815.22,19353.07 17681.17,20166.38
edge:declared:db.AgendaBonusIssueSharesToIssue:share_class	16732.11,19279.07 15515.07,18249.02
edge:declared:db.AgendaBorrowCapital:meeting_draft	16741.27,20200.91 16572.88,20405.55
edge:declared:db.AgendaBranchChange:address	17652.50,20024.07 23936.01,18964.81
edge:declared:db.AgendaBranchChange:installation_event	17568.73,19995.97 18925.69,18343.41
edge:declared:db.AgendaBranchChange:meeting_draft	17424.32,20093.97 16613.57,20475.30
edge:declared:db.AgendaCashDividends:meeting_draft	15800.65,20559.15 16293.57,20552.66
edge:declared:db.AgendaCeoAddressChange:meeting_draft	12820.65,22028.47 16293.57,20615.64
edge:declared:db.AgendaCeoAddressChangeItem:agenda_ceo_address_change	12087.58,21615.92 12662.71,22028.47
edge:declared:db.AgendaCeoAddressChangeItem:stakeholder	12001.96,21541.92 10103.54,19478.24
edge:declared:db.AgendaChangeOfAoiClassStock:aoi	19511.59,20566.67 19201.45,20550.02
edge:declared:db.AgendaChangeOfAoiCustom:aoi	19975.72,19341.43 19069.88,20475.17
edge:declared:db.AgendaChangeOfAoiCustom:changed_part	20037.99,19259.43 20441.83,18698.26
edge:declared:db.AgendaChangeOfAoiDirectorCompensationRule:aoi	19674.79,20665.23 19201.45,20575.11
edge:declared:db.AgendaChangeOfAoiNumberOfDirectors:aoi	19271.27,20425.84 19161.97,20475.17
edge:declared:db.AgendaChangeOfAoiThirdPartyAllocation:aoi	19118.70,20649.73 19077.73,20605.17
edge:declared:db.AgendaChangeOfArticlesOfIncorporation:_deprecated_changed_part	19067.83,20475.17 20431.47,18698.26
edge:declared:db.AgendaChangeOfArticlesOfIncorporation:meeting_draft	18834.45,20540.91 16613.57,20549.90
edge:declared:db.AgendaCoCeoSystemChange:meeting_draft	16022.73,21067.50 16332.72,20695.55
edge:declared:db.AgendaCompanyNameChange:meeting_draft	17121.05,20954.72 16613.57,20647.43
edge:declared:db.AgendaCustom:meeting_draft	16072.69,20935.31 16310.03,20695.55
edge:declared:db.AgendaDirectorChange:stakeholder	12551.20,22849.87 10074.44,19478.24
edge:declared:db.AgendaDirectorCompensationItem:director_compensation	12447.00,20607.97 14609.61,21600.24
edge:declared:db.AgendaDirectorCompensationItem:stakeholder	12295.09,20533.97 10125.11,19407.42
edge:declared:db.AgendaDirectorCompensationRule:meeting_draft	16589.89,21106.61 16489.12,20695.55
edge:declared:db.AgendaFinancialStatements:audit_report	17406.78,20148.58 20408.00,18580.53
edge:declared:db.AgendaFinancialStatements:meeting_draft	17193.69,20246.58 16613.57,20484.84
edge:declared:db.AgendaHeadOfficeRelocation:address	18550.10,21524.00 23936.01,19010.71
edge:declared:db.AgendaHeadOfficeRelocation:meeting_draft	18334.13,21524.00 16613.57,20633.37
edge:declared:db.AgendaHeadOfficeRelocationAoiChange:meeting_draft	17454.36,20850.41 16613.57,20598.49
edge:declared:db.AgendaMethodOfGivingPublicNoticeChange:daily_newspaper	17116.66,20414.72 17452.47,15527.66
edge:declared:db.AgendaMethodOfGivingPublicNoticeChange:meeting_draft	16928.84,20482.29 16613.57,20527.57
edge:declared:db.AgendaNewIssue:financial_statements	16207.52,22286.50 20408.00,18645.93
edge:declared:db.AgendaNewIssue:meeting_draft	16125.51,22286.50 16426.17,20695.55
edge:declared:db.AgendaNewIssueItem:new_issue	19603.07,25333.98 16209.69,22456.50
edge:declared:db.AgendaNewIssueItemFromConversion:new_issue_item	19448.39,25782.69 19640.53,25463.98
edge:declared:db.AgendaNewIssueItemFromPayment:new_issue_item	18898.47,25520.31 19549.72,25419.17
edge:declared:db.AgendaNewIssueItemInstitutionMember:institution	21323.54,25962.99 19812.40,24981.96
edge:declared:db.AgendaNewIssueItemInstitutionMemberCeo:member	20141.21,25581.83 21270.87,25962.99
edge:declared:db.AgendaNewIssueItemShareClass:item	18949.91,25223.43 19549.72,25367.71
edge:declared:db.AgendaNewIssueItemShareholder:item	19749.24,24981.96 19690.56,25333.98
edge:declared:db.AgendaNewIssueNewShareClass:new_issue	16550.84,22404.12 16245.45,22381.55
edge:declared:db.AgendaNewOptionsRule:meeting_draft	16700.83,20990.35 16535.09,20695.55
edge:declared:db.AgendaNewOrChangeRsuRule:meeting_draft	17042.53,21110.27 16606.14,20695.55
edge:declared:db.AgendaOptionCancel:meeting_draft	15086.73,20991.61 16293.57,20602.18
edge:declared:db.AgendaOptionCancelGrantee:option_cancel	14276.81,20827.50 14838.73,20994.72
edge:declared:db.AgendaOptionCancelGrantee:option_grantee	14145.96,20749.01 13965.85,19225.24
edge:declared:db.AgendaOptionCancelOption:_deprecated_grantee	14353.08,21018.23 14187.15,20831.01
edge:declared:db.AgendaOptionCancelOption:option_cancel	14513.42,21053.26 14838.73,21037.59
edge:declared:db.AgendaOptionCancelOptionDistribution:option	14258.62,21166.97 14339.64,21100.23
edge:declared:db.AgendaOptionExercise:meeting_draft	12960.17,21816.01 16293.57,20608.51
edge:declared:db.AgendaOptionExerciseClaim:option_exercise	12743.84,21711.92 12805.81,21811.93
edge:declared:db.AgendaOptionExerciseClaim:option_exercise_claim	12703.98,21629.92 11368.99,17841.94
edge:declared:db.AgendaOptionExerciseGrantee:option_exercise	13361.72,21529.34 12913.83,21811.93
edge:declared:db.AgendaOptionExerciseGrantee:option_grantee	13443.26,21439.34 13946.16,19225.24
edge:declared:db.AgendaOptionExerciseGranteeOption:grantee	13238.35,21435.87 13300.04,21451.23
edge:declared:db.AgendaOptionGrant:meeting_draft	15631.20,19742.33 16306.03,20405.55
edge:declared:db.AgendaOptionGrantGrantee:_deprecated_option_grant_event	14737.03,19142.37 14961.08,18549.49
edge:declared:db.AgendaOptionGrantGrantee:option_grant	14802.47,19240.37 15508.31,19652.33
edge:declared:db.AgendaOptionGrantGrantee:option_grantee	14594.51,19187.59 14089.11,19172.20
edge:declared:db.AgendaOptionGrantGrantee:stakeholder	14594.51,19194.75 10125.11,19316.71
edge:declared:db.AgendaPurposeChange:meeting_draft	17651.08,21565.05 16613.57,20686.10
edge:declared:db.AgendaPurposeChangeItem:agenda_purpose_change	17816.04,21811.51 17722.74,21647.05
edge:declared:db.AgendaRsuGrant:meeting_draft	15766.92,20838.45 16293.57,20617.63
edge:declared:db.AgendaRsuGrantGrantee:rsu	13130.22,18080.37 14617.92,15319.59
edge:declared:db.AgendaRsuGrantGrantee:rsu_grant	13146.00,18162.37 15618.02,20838.45
edge:declared:db.AgendaRsuGrantGrantee:stakeholder	13000.53,18162.37 10125.11,19257.99
edge:declared:db.AgendaSubsidiaryEstablishment:meeting_draft	15800.88,21362.95 16337.08,20695.55
edge:declared:db.AgendaTemplate:company	24760.43,8381.56 16175.50,12355.54
edge:declared:db.AiPayrollLedger:payroll	3147.47,5300.24 4649.25,4891.62
edge:declared:db.AlimtalkActivityRecipient:activity	35490.47,14322.87 36271.71,14120.15
edge:declared:db.AlimtalkActivityRecipientStatusHistory:recipient	35315.02,14445.01 35343.02,14396.05
edge:declared:db.AllocatedSeat:stakeholder	7822.41,13133.10 9904.90,19164.24
edge:declared:db.Announcement:company_set	20697.72,12254.15 16175.50,12435.86
edge:declared:db.Announcement:subscription_plan_set	20826.00,12208.17 20859.42,11888.04
edge:declared:db.AnnualSalary:employee	10125.34,14957.03 8630.79,15023.92
edge:declared:db.AnnualSalary:ledger	10361.34,14968.51 11121.85,15076.52
edge:declared:db.Article:third_party_provider	20432.82,19705.19 20429.11,19869.37
edge:declared:db.Article:thumbnail_image	20439.44,19623.19 20567.87,18698.26
edge:declared:db.ArticlePublishHistory:article	20595.99,19752.08 20509.43,19705.19
edge:declared:db.ArticlesOfIncorporation:_deprecated_daily_newspaper	17238.49,15426.14 17331.29,15452.05
edge:declared:db.ArticlesOfIncorporation:articles_of_incorporation_file	17172.83,15446.85 20408.00,18312.94
edge:declared:db.ArticlesOfIncorporation:company	17086.76,15332.85 16068.21,12660.49
edge:declared:db.ArticlesOfIncorporation:source_meeting	17111.76,15446.85 17227.14,17455.49
edge:declared:db.ArticlesOfIncorporationAnalyzationRequest:company	13168.23,7639.11 15858.25,12226.49
edge:declared:db.ArticlesOfIncorporationAnalyzationResult:request	10777.71,7922.13 12964.03,7626.76
edge:declared:db.AuditLog:actor_api_key	16676.62,6929.72 17621.85,7428.54
edge:declared:db.AvailableModusignRequest:company	21229.27,19345.89 16150.36,12660.49
edge:declared:db.AvailableModusignRequest:modusign_account	21294.69,19419.89 22174.66,20292.57
edge:declared:db.BalanceCertificateDocument:new_issue_agenda	13864.12,22503.95 15973.45,22379.52
edge:declared:db.BalanceCertificateDocument:option_exercise_agenda	13653.77,22472.12 12901.72,21909.93
edge:declared:db.BaseModusignDocumentUsageHistory:modusign_document	25344.95,13648.35 23737.48,20520.94
edge:declared:db.BaseModusignDocumentUsageHistory:purchase	25199.04,13619.33 23099.76,13781.09
edge:declared:db.BranchAbolitionEvent:installation_event	18438.52,18104.96 18841.92,18249.87
edge:declared:db.BranchChangeEvent:address	19420.78,18494.70 23936.01,18924.20
edge:declared:db.BranchChangeEvent:installation_event	19224.81,18441.90 19051.93,18343.41
edge:declared:db.BranchInstallationEvent:address	19089.92,18310.01 23936.01,18919.48
edge:declared:db.BulkEmail:sender_mail_integration	13452.71,17207.23 13126.07,17120.55
edge:declared:db.BulkEmail:template_revision	13712.71,17217.17 17258.93,16547.33
edge:declared:db.BulkEmailCommonAttachment:bulk_email	16173.31,17413.91 13712.71,17250.37
edge:declared:db.BulkEmailRecipient:bulk_email	17166.23,19060.77 13712.71,17307.72
edge:declared:db.BulkEmailRecipient:email_activity_recipient	17395.65,19174.77 25403.35,23071.77
edge:declared:db.BulkEmailRecipientAttachment:recipient	18206.31,18989.44 17408.52,19099.79
edge:declared:db.BulkEmailTemplateRevision:template	17427.78,16487.66 19322.76,15052.25
edge:declared:db.BusinessPlan:company	13988.47,11943.94 15795.50,12395.96
edge:declared:db.BusinessPlanAiAnalysis:business_plan_ai_review	12012.42,11136.60 13662.13,11728.90
edge:declared:db.BusinessPlanAiAnalysisItem:ai_analysis_feedback	10226.78,10511.16 9856.14,10372.11
edge:declared:db.BusinessPlanAiAnalysisItem:business_plan_ai_analysis	10453.89,10593.16 11803.02,11062.60
edge:declared:db.BusinessPlanAiAnalysisItemImprovement:ai_analysis_feedback	9794.06,10468.34 9767.67,10372.11
edge:declared:db.BusinessPlanAiAnalysisItemImprovement:business_plan_ai_analysis_item	9975.71,10520.44 10203.06,10540.45
edge:declared:db.BusinessPlanAiReview:business_plan	13803.04,11810.90 13846.37,11877.42
edge:declared:db.BusinessPlanAiReview:company	13900.33,11807.71 15795.50,12385.56
edge:declared:db.BusinessRegistrationCertificate:company	19497.88,9816.70 16175.50,12301.40
edge:declared:db.CaptableRequest:captable_file	18036.09,15467.84 20413.51,18264.26
edge:declared:db.CaptableRequest:company	17973.53,15385.84 16132.12,12660.49
edge:declared:db.CashIncentive:category	11064.58,13855.02 12649.23,13424.84
edge:declared:db.CashIncentive:employee	10852.52,13929.68 8630.79,14964.15
edge:declared:db.CashIncentiveCategory:company	12885.23,13358.00 15795.50,12499.54
edge:declared:db.CashIncentiveItem:cash_incentive	10376.62,13941.33 10816.58,13900.26
edge:declared:db.CashPayment:purchase	23088.01,14060.23 23005.19,13897.49
edge:declared:db.CeoAddressChangeEvent:director	16200.32,16509.42 16483.08,16447.81
edge:declared:db.Charge:credit	20632.76,13722.82 20912.78,13785.61
edge:declared:db.Charge:meeting	20474.13,13736.02 17332.68,17455.49
edge:declared:db.CmeBulkEmail:cme	17816.16,16435.58 20076.66,14531.67
edge:declared:db.CmeBulkEmailRecipient:_deprecated_cme_bulk_email	18103.28,16415.15 17891.48,16453.89
edge:declared:db.CmeBulkEmailRecipient:cme_company	18244.42,16351.46 19174.59,14125.99
edge:declared:db.CmeBulkEmailTemplate:cme	19888.61,15010.50 20122.13,14531.67
edge:declared:db.CmeCompany:company	19085.75,14011.99 16175.50,12539.62
edge:declared:db.CmeCompany:company_managing_entity	19328.41,14123.10 20023.83,14412.56
edge:declared:db.CmeCompany:contact_set	19328.41,14119.20 20524.43,14581.14
edge:declared:db.CmeCompanyContact:cme_company	19647.07,14162.76 19328.41,14096.16
edge:declared:db.CmeCompanyContactNotificationSettings:cme_company_contact	19689.02,14089.67 19736.29,14150.42
edge:declared:db.CmeCompanyDirectorTermManagement:cme_company	19542.40,13962.88 19328.41,14028.89
edge:declared:db.CmeCompanyNote:cme_company	19165.53,13879.34 19188.53,14011.99
edge:declared:db.CmeCompanyRegistration:cme_contact	20565.77,14719.51 20604.71,14671.14
edge:declared:db.CmeCompanyRegistration:company_managing_entity	20479.89,14719.51 20237.65,14531.67
edge:declared:db.CmeCompanyRegistrationFile:cme_company_registration	20681.01,14843.89 20605.66,14801.51
edge:declared:db.CmeContact:company_managing_entity	20516.94,14585.54 20283.83,14509.23
edge:declared:db.CmeMemberRelation:company_managing_entity	20646.23,14415.03 20283.83,14453.04
edge:declared:db.Company:sso_configuration	15795.50,12464.12 15025.03,12547.79
edge:declared:db.CompanyAddressChangeEvent:address	19548.86,18376.41 23936.01,18919.78
edge:declared:db.CompanyAppointedTransferAgentChange:company	20899.12,9843.44 16175.50,12342.95
edge:declared:db.CompanyAuthorizedSharesChange:company	23550.36,9445.71 16175.50,12368.20
edge:declared:db.CompanyBenefit:company	18323.19,8753.58 16122.98,12226.49
edge:declared:db.CompanyBulkEmailTemplate:company	18785.77,13904.77 16175.50,12542.64
edge:declared:db.CompanyCreateAssignmentReadiness:company	16749.41,9512.88 16042.06,12226.49
edge:declared:db.CompanyCreateProgress:company_create_request	23620.31,16764.13 23789.46,17032.34
edge:declared:db.CompanyCreateRequest:address	23839.61,17162.34 24072.39,18813.85
edge:declared:db.CompanyCreateRequest:articles_of_incorporation_attachment	23700.45,17153.00 20788.00,18399.91
edge:declared:db.CompanyCreateRequest:company	23720.88,17032.34 16175.50,12556.20
edge:declared:db.CompanyDepartment:department_code	9787.70,14066.54 9752.36,14021.92
edge:declared:db.CompanyDepartmentCode:organization_chart	9837.56,13949.13 11611.97,13608.69
edge:declared:db.CompanyDocumentAIAnalysis:company	18374.64,15150.70 16175.50,12658.79
edge:declared:db.CompanyDocumentAIAnalysis:file	18438.08,15232.70 20453.72,18264.26
edge:declared:db.CompanyDocumentDelivery:company	18255.95,12590.83 16175.50,12455.82
edge:declared:db.CompanyEndorsement:company	24942.74,7430.50 16175.50,12337.15
edge:declared:db.CompanyEndorsementFeed:company_endorsement	25253.73,7425.66 25126.85,7409.00
edge:declared:db.CompanyExpertClientRelation:company	20720.48,14012.34 16175.50,12506.44
edge:declared:db.CompanyExpertClientRelation:expert_client	20890.83,14086.34 21709.68,14602.70
edge:declared:db.CompanyFeed:company	28127.02,5369.65 16175.50,12332.79
edge:declared:db.CompanyFeedAccessLog:company_feeds	41111.96,3955.63 28341.99,5303.56
edge:declared:db.CompanyFeedAccessLog:venture_capital	41215.57,3980.17 38008.55,12227.48
edge:declared:db.CompanyFeedRating:company_feed	29916.31,3634.17 28271.49,5263.65
edge:declared:db.CompanyGuideState:company	17636.18,12496.80 16175.50,12449.63
edge:declared:db.CompanyInvestmentContractInfo:company	18568.39,12760.66 16175.50,12466.82
edge:declared:db.CompanyInvestorInterest:company	29199.90,8404.50 16175.50,12385.42
edge:declared:db.CompanyInvestorInterest:venture_capital	29396.30,8405.43 37744.83,12345.64
edge:declared:db.CompanyInvitation:invitee	19042.56,10366.14 16175.50,12314.38
edge:declared:db.CompanyIrClosingFeed:investor_relations	29262.31,6262.41 30440.32,7418.15
edge:declared:db.CompanyIrNewCommitFeed:investor_relations	29828.48,6121.07 30504.57,7418.15
edge:declared:db.CompanyIrOpenFeed:investor_relations	30002.42,5595.57 30534.17,7418.15
edge:declared:db.CompanyIrSetting:company	21466.14,8054.72 16175.50,12291.34
edge:declared:db.CompanyLegalPartnerRelation:company	22288.87,14400.01 16175.50,12502.46
edge:declared:db.CompanyLegalPartnerRelation:legal_partner	22414.87,14474.01 22441.43,14618.57
edge:declared:db.CompanyManagementAssignment:company	16663.72,9745.11 16040.04,12226.49
edge:declared:db.CompanyManagingEntity:expert_client	20283.83,14481.39 21663.38,14637.65
edge:declared:db.CompanyManagingEntity:expert_partner	20283.83,14482.25 22310.39,14725.11
edge:declared:db.CompanyManagingEntity:holding_company	20182.82,14401.67 20201.75,14359.24
edge:declared:db.CompanyMethodOfGivingPublicNoticeChange:company	16895.27,14551.21 16079.17,12660.49
edge:declared:db.CompanyMethodOfGivingPublicNoticeChange:daily_newspaper	16933.65,14625.21 17430.46,15445.66
edge:declared:db.CompanyMnaSetting:company	18152.22,12237.70 16175.50,12425.44
edge:declared:db.CompanyNameChange:company	12920.83,10881.63 15795.50,12346.66
edge:declared:db.CompanyNews:company	18179.74,7154.16 16075.52,12226.49
edge:declared:db.CompanyNewsFeed:company_news	24924.56,5163.16 18320.75,7077.22
edge:declared:db.CompanyNewsLink:company_news	18562.76,7657.31 18224.33,7154.16
edge:declared:db.CompanyNotificationSetting:company	15121.10,11600.84 15795.50,12258.27
edge:declared:db.CompanyNotificationTrigger:notification_setting	14743.90,11394.77 15008.90,11526.84
edge:declared:db.CompanyOptionRule:company	18899.47,12917.33 16175.50,12474.39
edge:declared:db.CompanyOverview:company	15706.17,10082.57 15959.83,12226.49
edge:declared:db.CompanyOwnerAddRequest:company	17552.03,9164.32 16089.17,12226.49
edge:declared:db.CompanyOwnerAuditLog:company	8953.10,7846.87 15795.50,12319.30
edge:declared:db.CompanyOwnerAuditLogOwnerRoleRelation:company_owner_audit_log	8608.14,9040.96 8881.00,7846.87
edge:declared:db.CompanyOwnerAuditLogOwnerRoleRelation:owner_role	8618.38,9114.96 9587.19,11033.34
edge:declared:db.CompanyOwnerNotificationTrigger:trigger	14600.57,11261.05 14643.23,11320.77
edge:declared:db.CompanyParValueChange:_deprecated_articles_of_incorporation	16980.96,15559.60 17065.67,15446.85
edge:declared:db.CompanyParValueChange:company	16941.81,15559.60 16052.10,12660.49
edge:declared:db.CompanyPaymentLink:company	22976.06,12132.90 16175.50,12435.05
edge:declared:db.CompanyPolicyFile:company	16351.05,9888.72 16016.55,12226.49
edge:declared:db.CompanyProfileAccessLog:company	29190.68,8619.86 16175.50,12388.47
edge:declared:db.CompanyProfileAccessLog:venture_capital	29391.59,8622.69 37744.83,12350.37
edge:declared:db.CompanyPromotionWinLog:company	14370.14,8658.46 15892.89,12226.49
edge:declared:db.CompanyPromotionWinLog:prize_type	14476.64,8595.03 14970.86,8505.63
edge:declared:db.CompanyPromotionWinLog:promotion	14476.64,8615.72 14892.16,8609.89
edge:declared:db.CompanyPurposeChange:company	16859.53,14115.22 16098.95,12660.49
edge:declared:db.CompanyPurposeChangeItem:company_purpose_change	17063.94,14425.02 16903.97,14189.22
edge:declared:db.CompanyPurposeChangeItem:industrial_code	17112.29,14499.02 17231.13,14688.15
edge:declared:db.CompanyQuestionThread:company	18834.96,14194.59 16175.50,12560.25
edge:declared:db.CompanyQuestionThread:expert_partner	19118.96,14300.65 22310.39,14723.18
edge:declared:db.CompanyRegistrationAssignment:company	21816.58,10259.53 16175.50,12372.33
edge:declared:db.CompanyRegistrationAssignmentLog:company	20329.07,11821.79 16175.50,12416.29
edge:declared:db.CompanyRsuRule:_deprecate_articles_of_incorporation	17037.72,15129.55 17092.99,15332.85
edge:declared:db.CompanyRsuRule:company	17013.10,15055.55 16070.87,12660.49
edge:declared:db.CompanySsoEmailDomain:configuration	14021.88,12565.10 14777.03,12561.79
edge:declared:db.CompanySsoIdentity:configuration	14475.24,12618.71 14777.03,12577.99
edge:declared:db.CompanyStockTransferRestrictedChange:company	15791.61,10680.08 15961.64,12226.49
edge:declared:db.CompanyStockValue:company	19721.52,9297.68 16175.50,12283.51
edge:declared:db.CompanyTag:company_set	20817.46,10024.54 16175.50,12348.37
edge:declared:db.CompanyTanTableView:company	10559.73,10025.42 15795.50,12358.81
edge:declared:db.CompanyTodo:company	22441.78,10293.62 16175.50,12380.22
edge:declared:db.CompanyUpdateRequest:change_detection	18111.89,14042.94 18150.08,14304.86
edge:declared:db.CompanyUpdateRequest:company	18050.13,13960.94 16175.50,12583.14
edge:declared:db.CompanyUpdateRequest:company_question_thread	18229.91,14041.79 18834.96,14236.22
edge:declared:db.CompanyUserRelation:company	7473.18,11787.22 15795.50,12428.84
edge:declared:db.CompanyUserRelation:stakeholder	7366.13,11826.66 9904.79,19164.24
edge:declared:db.CompanyUserRelationOwnerRoleRelation:company_user_relation	8449.80,11558.88 7473.18,11753.01
edge:declared:db.CompanyUserRelationOwnerRoleRelation:owner_role	8700.80,11488.49 9502.02,11131.34
edge:declared:db.ConsentForm:investor	28048.81,37055.38 10765.58,22802.54
edge:declared:db.ConsentForm:item	28089.98,37055.38 24303.16,26886.19
edge:declared:db.ConsentForm:uploaded_consent_form_file	28088.47,37055.38 20685.51,18698.26
edge:declared:db.ConsentFormModusignDocument:consent_form	28284.80,36980.82 28178.25,37055.38
edge:declared:db.ConsentFormModusignEmbeddedDraft:consent_form	26576.15,32504.54 28091.91,37055.38
edge:declared:db.CorporateRegistration:attachment	18921.46,15639.76 20469.97,18264.26
edge:declared:db.CorporateRegistration:company	18847.29,15541.76 16175.50,12649.19
edge:declared:db.CorporateRegistrationChangeConfirmation:change_detection	18428.86,14339.95 18323.73,14345.33
edge:declared:db.CorporateRegistrationChangeConfirmation:staff_review_required_question_thread	18771.86,14308.71 18834.96,14300.45
edge:declared:db.CorporateRegistrationChangeDetection:company	18101.53,14304.86 16175.50,12610.62
edge:declared:db.CorporateRegistrationChangeDetection:xml_file	18186.21,14402.86 20469.68,18264.26
edge:declared:db.CorporateRegistrationChangeDetectionParseResult:change_detection	18317.43,14241.95 18227.38,14304.86
edge:declared:db.CorporateRegistrationExtractionLog:corporate_registration_issue_log	20668.58,16034.03 20876.62,15655.82
edge:declared:db.CorporateRegistrationIssueCoupon:company	18450.71,13433.26 16175.50,12519.77
edge:declared:db.CorporateRegistrationIssueCouponIssueLog:coupon	18997.21,13688.98 18637.68,13515.26
edge:declared:db.CorporateRegistrationIssueCouponUseRequest:coupon	19293.22,14678.49 18578.04,13515.26
edge:declared:db.CorporateRegistrationIssueCouponUseResult:corporate_registration	19559.26,15661.14 19016.55,15603.85
edge:declared:db.CorporateRegistrationIssueCouponUseResult:log	19944.26,15668.99 20763.07,15615.92
edge:declared:db.CorporateRegistrationIssueCouponUseResult:request	19733.26,15640.46 19332.66,14752.49
edge:declared:db.CorporateRegistrationIssueLog:_deprecated_staff_review_required_question_thread	20832.32,15557.82 19106.37,14370.85
edge:declared:db.CorporateRegistrationIssueLog:pdf_file	20898.36,15655.82 20621.07,18264.26
edge:declared:db.CorporateRegistrationIssueMaintenance:third_party_api_notice	33636.40,15818.57 32782.61,15797.62
edge:declared:db.CorporateRegistrationIssueRequest:delivery	19156.11,12467.69 19349.13,12412.04
edge:declared:db.CorporateRegistrationPaidIssue:company	20187.44,13790.11 16175.50,12504.38
edge:declared:db.CorporateRegistrationPaidIssue:corporate_registration	20282.22,13872.11 18932.17,15541.76
edge:declared:db.CorporationPostRegistrationEmail:company	15338.54,9432.50 15938.87,12226.49
edge:declared:db.CorporationPostRegistrationScheduledEmail:corporation_post_registration_email	15398.23,7957.93 15332.33,9358.50
edge:declared:db.CorporationPostRegistrationScheduledEmailPeriodicTaskRelation:corporation_post_registration_scheduled_email	14757.68,7589.56 15328.25,7883.93
edge:declared:db.Credit:company	20912.78,13779.78 16175.50,12495.02
edge:declared:db.CreditCard:company	24288.74,13354.65 16175.50,12464.34
edge:declared:db.CreditCard:investment_association	24506.39,13417.26 30486.03,16545.87
edge:declared:db.CreditCard:legal_partner	24343.32,13417.26 22618.39,14634.86
edge:declared:db.CreditCard:venture_capital	24536.74,13359.67 37744.83,12445.22
edge:declared:db.CreditUse:credit	22167.50,13883.11 21160.78,13821.05
edge:declared:db.CreditUse:purchase	22403.50,13873.04 22803.76,13814.23
edge:declared:db.CsAgentResponse:inquiry_thread_message	25222.27,11372.80 24371.68,11405.36
edge:declared:db.CsAgentResponseFeedBack:cs_agent_response	25826.79,11305.26 25470.27,11351.85
edge:declared:db.DebtConfirmationAndOffsetContractDocument:new_issue_item	17395.90,25377.80 19549.72,25397.77
edge:declared:db.DepartmentStaffUserRelation:department	17961.99,31839.71 15174.65,32297.53
edge:declared:db.DirectorAppointmentEvent:director	16117.52,16250.89 16483.08,16372.82
edge:declared:db.DirectorCompensationDecisionEvent:director	16534.06,16795.03 16602.61,16491.18
edge:declared:db.DirectorCompensationLimitEvent:director	16277.43,16620.65 16495.90,16491.18
edge:declared:db.DirectorTermEndEvent:appointment_event	16138.21,16348.75 16036.99,16250.89
edge:declared:db.DirectorTermEndEvent:director	16304.61,16397.79 16483.08,16409.36
edge:declared:db.DirectorVote:agenda	14980.99,20827.96 15144.64,20926.68
edge:declared:db.DirectorVote:attended_director	14908.70,20753.96 14828.54,20483.20
edge:declared:db.DirectorVotingRightsPerAgenda:agenda	14713.63,20837.06 15144.64,20968.90
edge:declared:db.DirectorVotingRightsPerAgenda:director	14614.34,20763.06 14778.27,20483.20
edge:declared:db.DirectorsMeeting:chairperson	15307.08,20227.11 14953.50,20369.20
edge:declared:db.DirectorsMeeting:meeting	15479.20,20113.87 17153.08,17689.49
edge:declared:db.DirectorsMeeting:sealed_meeting_minutes_file	15567.08,20132.21 20408.00,18543.61
edge:declared:db.DirectorsMeetingAgenda:agenda_bonus_issue	15428.64,20967.94 17622.89,20281.90
edge:declared:db.DirectorsMeetingAgenda:agenda_branch_change	15428.64,20951.07 17414.94,20093.97
edge:declared:db.DirectorsMeetingAgenda:agenda_co_ceo_system_change	15428.64,21031.79 15864.56,21091.51
edge:declared:db.DirectorsMeetingAgenda:agenda_custom	15428.64,21005.48 15908.10,20982.30
edge:declared:db.DirectorsMeetingAgenda:agenda_director_change	15153.99,21105.34 12665.73,22849.87
edge:declared:db.DirectorsMeetingAgenda:agenda_director_compensation_decision	15201.57,21105.34 14748.85,21600.24
edge:declared:db.DirectorsMeetingAgenda:agenda_financial_statements	15428.64,20955.24 17191.13,20246.58
edge:declared:db.DirectorsMeetingAgenda:agenda_head_office_relocation	15428.64,21037.80 18307.02,21553.79
edge:declared:db.DirectorsMeetingAgenda:agenda_new_issue	15342.94,21105.34 16057.99,22286.50
edge:declared:db.DirectorsMeetingAgenda:agenda_option_cancel	15144.64,21020.79 15086.73,21024.24
edge:declared:db.DirectorsMeetingAgenda:agenda_rsu_grant	15428.64,20963.27 15535.59,20926.30
edge:declared:db.DirectorsMeetingAgenda:agenda_shareholders_meeting_convocation	15428.64,21102.76 15604.73,21214.89
edge:declared:db.DirectorsMeetingAgenda:agenda_subsidiary_establishment	15400.94,21105.34 15717.55,21362.95
edge:declared:db.DirectorsMeetingAgenda:meeting	15303.35,20919.34 15426.12,20235.87
edge:declared:db.DirectorsMeetingDirectorAttendance:stakeholder	14646.66,20388.63 10125.11,19359.04
edge:declared:db.DirectorsMeetingNoticeEmail:directors_meeting	15622.41,19169.66 15448.33,20113.87
edge:declared:db.DirectorsMeetingNoticeEmailRecipient:director	15952.33,19326.26 14870.77,20369.20
edge:declared:db.DirectorsMeetingNoticeEmailRecipient:email	15899.32,19244.26 15725.50,19169.66
edge:declared:db.DocumentDelivery:delivery	19912.61,12586.87 20382.02,12381.40
edge:declared:db.DocumentDeliveryQuestionThreadRelation:document_delivery	20405.56,12567.06 19942.94,12615.02
edge:declared:db.DocumentDeliveryQuestionThreadRelation:question_thread	20735.84,12586.28 20815.12,12604.76
edge:declared:db.DocumentParseResult:attachment	20186.71,16873.30 20226.98,17141.74
edge:declared:db.DormantUserEmail:user	-701.53,30212.16 -2286.10,31188.58
edge:declared:db.DormantUserPhone:user	-1538.88,29646.70 -2331.56,31188.58
edge:declared:db.DormantUserReactivationToken:user	-512.36,30345.55 -2267.29,31188.58
edge:declared:db.ESOP:company	9632.79,16669.44 15795.50,12569.88
edge:declared:db.ESOP:shareholder	9557.91,16783.44 10674.44,22672.54
edge:declared:db.ESOPParticipant:esop	9243.46,15983.72 9523.80,16669.44
edge:declared:db.EditableCompanyOwnerAuditLog:company	17856.99,10285.79 16173.72,12226.49
edge:declared:db.ElectronicCertificate:company	17090.65,16963.74 16038.55,12660.49
edge:declared:db.ElectronicCertificate:director	17064.88,16963.74 16678.73,16491.18
edge:declared:db.ElectronicCertificateApplicationFormDocument:stakeholder	7994.23,25141.33 9906.11,19478.24
edge:declared:db.ElectronicCertificateCaseReportDocument:stakeholder	8849.44,23414.90 9916.55,19478.24
edge:declared:db.ElectronicCertificateFileDownloadHistory:file_uploaded	18221.03,17261.08 18034.63,17208.18
edge:declared:db.ElectronicCertificateFileUploadRequest:electronic_certificate	17290.44,16991.35 17225.65,16997.32
edge:declared:db.ElectronicCertificateFileUploaded:file_upload_request	17820.60,17134.18 17545.60,17012.55
edge:declared:db.ElectronicCertificateReturnRequest:electronic_certificate	22126.87,19122.94 17208.61,17053.74
edge:declared:db.ElectronicCertificateReturnRequest:recipient_address	22367.82,19141.90 23936.01,18957.01
edge:declared:db.EmailActivityRecipient:email_activity	25507.53,23169.77 25684.38,25653.14
edge:declared:db.EmailActivityRecipientStatusHistory:recipient	25977.50,24602.52 25519.70,23169.77
edge:declared:db.EmailVerification:email	25215.14,4734.02 24616.04,4508.09
edge:declared:db.Employee:department_code_set	8605.78,14929.27 9656.80,14021.92
edge:declared:db.Employee:group_set	8630.79,14978.36 11348.40,13984.85
edge:declared:db.EmployeeDepartmentCodeRelation:department_code	9049.74,14285.87 9609.62,14021.92
edge:declared:db.EmployeeDepartmentCodeRelation:employee	8946.02,14359.87 8557.68,14929.27
edge:declared:db.EmployeeGroup:company	11561.17,13910.85 15795.50,12506.50
edge:declared:db.EmployeeNumber:company	11756.33,14037.06 15795.50,12515.08
edge:declared:db.EmployeeNumber:employee	11540.14,14109.66 8630.79,14987.43
edge:declared:db.EmployeeOption:company	10528.54,12523.78 15795.50,12446.29
edge:declared:db.EmployeeOption:grantee	10330.98,12578.60 9260.55,13349.85
edge:declared:db.EmployeeOptionExerciseCandidate:management	11502.18,13202.93 12963.65,13809.63
edge:declared:db.EmployeeOptionExerciseCandidate:option	11323.38,13112.93 10487.46,12578.60
edge:declared:db.EmployeeOptionExerciseCandidate:option_exercise_claim	11541.78,13143.51 12686.36,13031.97
edge:declared:db.EmployeeOptionExerciseCandidateFile:candidate	11134.70,12806.40 11360.61,13112.93
edge:declared:db.EmployeeOptionExerciseClaim:company	12952.36,12994.83 15795.50,12478.03
edge:declared:db.EmployeeOptionExerciseClaimOption:option	11534.16,12730.42 10528.54,12548.08
edge:declared:db.EmployeeOptionExerciseClaimOption:option_exercise_claim	11840.16,12793.41 12686.36,12988.37
edge:declared:db.EmployeeOptionExerciseManagement:company	13147.58,13809.63 15795.50,12534.95
edge:declared:db.EmployeeOptionExerciseManagementEmail:management	13231.81,13976.83 13117.45,13891.63
edge:declared:db.EmployeeOptionVesting:employee_option	9287.12,12970.51 10280.54,12574.97
edge:declared:db.EmployeeOptionVestingItem:option_vesting	9115.28,13191.78 9178.35,13044.51
edge:declared:db.EmployeeOptionVestingTraceable:option	10152.27,13128.55 10382.37,12578.60
edge:declared:db.EmployeeStock:participant	9326.43,15810.33 9260.59,15893.72
edge:declared:db.EmployeeStockGuide:esop	9875.18,16380.81 9601.21,16669.44
edge:declared:db.EmployeeStockGuideAudience:employee_stock_guide	10030.14,15825.05 9923.34,16298.81
edge:declared:db.EmployeeStockGuideAudience:participant	9914.98,15810.93 9349.06,15915.75
edge:declared:db.EmployeeStockGuideEmail:employee_stock_guide	12300.85,17052.56 10038.10,16376.84
edge:declared:db.EmployeeStockTag:category	9693.90,16078.25 9552.76,16081.00
edge:declared:db.EmployeeStockTag:employee_stock_set	9755.25,16034.83 9412.18,15810.33
edge:declared:db.EmployeeStockTag:esop	9800.83,16116.83 9570.82,16669.44
edge:declared:db.EmployeeStockTagCategory:esop	9441.22,16120.30 9537.14,16669.44
edge:declared:db.EmployeeStockWithdrawRequest:account	10236.50,16927.89 11356.09,16783.13
edge:declared:db.EmployeeStockWithdrawRequest:esop	10010.89,16907.83 9677.10,16777.28
edge:declared:db.EmploymentCertificateDocumentRequest:company	13300.84,13600.56 15795.50,12525.38
edge:declared:db.EmploymentCertificateDocumentRequest:history	13106.20,13674.56 11614.68,14181.86
edge:declared:db.EmploymentStatusHistory:connected_hrm_status_event	11366.68,14257.54 5608.86,15813.76
edge:declared:db.EmploymentStatusHistory:employee	11366.68,14257.33 8630.79,14992.13
edge:declared:db.EmploymentStatusHistory:related_events	11560.26,14269.03 15446.56,16782.41
edge:declared:db.Event:company	15604.17,16769.13 15966.37,12660.49
edge:declared:db.EventAttachment:company	15981.76,14855.41 15985.16,12660.49
edge:declared:db.EventAttachment:event	15974.49,14929.41 15615.81,16769.13
edge:declared:db.ExpertClientIncorporationSupport:contact_set	21224.15,15045.89 20703.46,14671.14
edge:declared:db.ExpertClientIncorporationSupport:expert_client	21328.82,15045.89 21730.38,14700.70
edge:declared:db.ExpertClientIncorporationSupport:incorporation_request	21306.72,15127.89 21741.60,15824.23
edge:declared:db.ExpertClientSignupChannel:expert_client	23657.03,14848.56 21911.38,14664.76
edge:declared:db.ExpertClientTaxServiceSettings:expert_client	21649.37,14944.57 21764.29,14700.70
edge:declared:db.ExpertClientTaxServiceSettings:legal_partner	21761.35,14944.57 22310.39,14787.60
edge:declared:db.ExpressDelivery1:order_status_history	316.91,9788.89 395.05,9932.80
edge:declared:db.ExpressDelivery1:seal_card_return_status_history	178.82,9758.46 -44.26,9770.89
edge:declared:db.ExternalStockInfo:company	15283.56,9875.81 15926.18,12226.49
edge:declared:db.FABContent:thumbnail_image	21408.41,18479.26 20788.00,18480.79
edge:declared:db.FinancialAccount:institution	11480.59,16718.10 11484.93,16296.33
edge:declared:db.FinancialStatementsForNewIssueFromConversionDocument:new_issue	15900.12,23348.74 16091.24,22456.50
edge:declared:db.Fund:fund_partners	35389.11,13564.68 35650.86,13630.15
edge:declared:db.Fund:portfolio_company_set	35141.11,13553.84 30848.69,14252.25
edge:declared:db.Fund:venture_capital	35373.96,13488.66 37744.83,12508.55
edge:declared:db.FundPartner:venture_capital	35846.74,13620.17 37744.83,12537.44
edge:declared:db.FundingNewsDistributionServiceRequest:company	18084.35,14721.29 16175.50,12649.69
edge:declared:db.FundingNewsDistributionServiceRequest:company_question_thread	18204.87,14721.29 18834.96,14362.67
edge:declared:db.FundingNewsDistributionServiceRequest:logo	18155.76,14811.29 20453.59,18264.26
edge:declared:db.HelpTemplate:partners_to_share	6533.81,9076.70 22310.39,14688.79
edge:declared:db.Hrm:company	-205.78,16067.50 15795.50,12486.02
edge:declared:db.HrmAlpConfig:hrm	-2126.96,15839.08 -525.78,16079.31
edge:declared:db.HrmAlpConfigIndivApprovalTemplateRel:alp_config	-1815.75,15604.26 -2171.82,15784.38
edge:declared:db.HrmAlpExcludedEmp:emp	5585.10,17963.04 4769.73,18074.40
edge:declared:db.HrmAlpLaborReceiptRefusal:emp	5043.46,18830.33 4703.01,18270.89
edge:declared:db.HrmAlpTarget:emp	5068.25,18510.57 4769.73,18248.75
edge:declared:db.HrmAlpUsageDesignation:target	5552.78,18617.21 5239.00,18570.16
edge:declared:db.HrmAlpUsageDesignationDate:leave_usage	6293.50,18451.08 6982.53,18448.60
edge:declared:db.HrmAlpUsageDesignationDate:usage_designation	6066.47,18488.54 5770.81,18597.90
edge:declared:db.HrmAlpUsagePlan:target	5534.34,18262.68 5174.51,18510.57
edge:declared:db.HrmAlpUsagePlanDate:usage_plan	5779.76,18193.41 5717.85,18202.83
edge:declared:db.HrmAnnualLeaveAdjustment:emp	5290.65,18068.31 4769.73,18090.55
edge:declared:db.HrmAnnualLeaveConfigBase:annual_leave	3809.06,22533.43 3826.34,21766.88
edge:declared:db.HrmApproval:approvable	3552.27,18055.00 2975.40,17865.91
edge:declared:db.HrmApproval:requestor	3800.27,18095.94 4425.73,18097.47
edge:declared:db.HrmApprovalLine:actual_approver	3731.76,18209.86 4425.73,18120.13
edge:declared:db.HrmApprovalLine:approval	3629.33,18184.89 3652.60,18140.64
edge:declared:db.HrmApprovalLine:approver	3483.76,18266.88 2799.95,18492.92
edge:declared:db.HrmApprovalReview:approval	3176.64,18265.68 3552.27,18137.84
edge:declared:db.HrmApprovalReview:approver	3005.20,18339.68 2765.79,18480.91
edge:declared:db.HrmApprovalTemplate:hrm	2046.37,17953.88 -205.78,16226.06
edge:declared:db.HrmApprovalTemplateLine:approver	2552.15,18386.37 2631.48,18480.91
edge:declared:db.HrmApprovalTemplateLine:template	2477.13,18312.37 2148.54,18035.88
edge:declared:db.HrmApprovalTemplateReview:approver	2197.83,18351.32 2551.95,18486.56
edge:declared:db.HrmApprovalTemplateReview:template	2100.81,18277.32 2099.96,18035.88
edge:declared:db.HrmApprover:dept	2551.95,18531.92 370.66,18496.84
edge:declared:db.HrmApprover:emp	2799.95,18505.78 4425.73,18136.91
edge:declared:db.HrmAttendance:emp	4129.41,17934.83 4425.73,18038.00
edge:declared:db.HrmAttendanceItem:attendance	4228.49,17807.44 4114.56,17852.83
edge:declared:db.HrmAttendanceItem:emp	4364.34,17807.44 4458.72,17924.89
edge:declared:db.HrmAttendanceLocation:attendance_item	5258.93,17121.18 4390.34,17725.44
edge:declared:db.HrmAttendanceLocation:ongoing_attendance	5453.36,17030.75 5598.30,16982.33
edge:declared:db.HrmAttendanceLocation:personal_location	5395.30,17023.18 6435.63,16250.13
edge:declared:db.HrmAttendanceLocation:work_location	5279.04,17023.18 3615.53,15403.44
edge:declared:db.HrmCertificateConfig:hrm	-990.80,16157.77 -525.78,16117.25
edge:declared:db.HrmCertificateConfigIndividualApprovalTemplateRelation:certificate_config	-1791.45,16603.61 -1166.79,16205.05
edge:declared:db.HrmCertificateIssue:connected_status_event	5887.80,16017.76 5608.86,15899.74
edge:declared:db.HrmCertificateIssue:emp	5956.81,16099.76 4715.40,17924.89
edge:declared:db.HrmCommonLocation:work_location_config	5058.63,15552.99 5459.72,15367.67
edge:declared:db.HrmConciergeRequest:company	17292.70,11056.14 16175.50,12241.84
edge:declared:db.HrmDailyLeaveUsageItem:usage	5350.43,20641.89 7066.75,18505.13
edge:declared:db.HrmDept:hrm	225.19,18433.75 -330.02,16244.31
edge:declared:db.HrmDeptName:dept	-1240.05,19527.25 153.18,18555.75
edge:declared:db.HrmDeptName:event	-1307.39,19601.25 -1478.37,20044.28
edge:declared:db.HrmDeptParent:dept	-404.25,19518.56 202.24,18555.75
edge:declared:db.HrmDeptParent:event	-410.94,19600.56 -240.57,19965.55
edge:declared:db.HrmDeptReorg:hrm	-1019.59,15366.81 -490.95,15962.31
edge:declared:db.HrmDeptStatus:dept	179.42,19744.42 237.67,18555.75
edge:declared:db.HrmDeptStatus:event	172.34,19818.42 -42.65,21329.10
edge:declared:db.HrmDocument:emp	2135.41,15646.09 4425.73,17926.62
edge:declared:db.HrmDocument:form	1976.45,15548.09 -175.33,14587.40
edge:declared:db.HrmDocument:hrm	1962.20,15622.69 -205.78,16070.28
edge:declared:db.HrmDocumentDraft:emp	1191.70,14403.84 4438.22,17924.89
edge:declared:db.HrmDocumentDraft:form	1029.90,14377.97 -161.08,14523.27
edge:declared:db.HrmDocumentDraftFieldAttachment:field_value	630.43,11362.10 -425.52,12868.03
edge:declared:db.HrmDocumentDraftFieldMultiSelectValue:field_value	-653.75,13256.53 -482.84,12958.03
edge:declared:db.HrmDocumentDraftFieldMultiSelectValue:selected_option	-736.08,13330.53 -917.70,13440.45
edge:declared:db.HrmDocumentDraftFieldValue:draft	-407.07,12958.03 1108.34,14321.84
edge:declared:db.HrmDocumentDraftFieldValue:field_definition	-537.23,12958.03 -2248.97,13918.94
edge:declared:db.HrmDocumentFieldAttachment:field_value	-585.62,14198.68 -661.36,14007.26
edge:declared:db.HrmDocumentFieldMultiSelectValue:field_value	-369.28,13853.56 -555.17,13918.76
edge:declared:db.HrmDocumentFieldMultiSelectValue:selected_option	-343.48,13779.56 -897.15,13522.45
edge:declared:db.HrmDocumentFieldValue:document	-603.05,14007.26 2003.31,15548.09
edge:declared:db.HrmDocumentFieldValue:field_definition	-803.17,13962.39 -2181.13,13963.79
edge:declared:db.HrmDocumentForm:hrm	-287.61,14587.40 -358.51,15962.31
edge:declared:db.HrmDocumentFormFieldDefinition:form	-2181.13,14005.53 -409.08,14503.55
edge:declared:db.HrmDocumentFormFieldSelectOption:field_definition	-1099.62,13522.45 -2203.81,13918.94
edge:declared:db.HrmDocumentFormIndividualApprovalTemplateRelation:document_form	-693.04,14656.35 -409.08,14574.25
edge:declared:db.HrmEmp:connected_employee	4769.73,17962.29 8360.68,15131.27
edge:declared:db.HrmEmp:hrm	4425.73,18028.77 -205.78,16167.61
edge:declared:db.HrmEmpAffiliation:emp	2615.75,17793.31 4425.73,18071.46
edge:declared:db.HrmEmpAffiliation:event	2552.40,17733.25 3552.32,17057.35
edge:declared:db.HrmEmpAffiliationDept:affiliation	2205.08,17737.26 2367.75,17758.25
edge:declared:db.HrmEmpAffiliationDept:dept	1998.67,17759.04 370.66,18440.35
edge:declared:db.HrmEmpContract:emp	5081.34,31734.12 4603.87,18270.89
edge:declared:db.HrmEmpContract:mgmt	5065.29,31734.12 1462.07,23289.90
edge:declared:db.HrmEmpContractCommonVar:hrm	16.94,15670.33 -241.15,15962.31
edge:declared:db.HrmEmpContractMgmt:hrm	1434.18,23207.90 -330.06,16244.31
edge:declared:db.HrmEmpContractMgmt:template_revision	1340.02,23207.90 -777.91,22377.34
edge:declared:db.HrmEmpContractModusignDocument:hrm_emp_contract	28529.23,37319.95 5206.79,31804.44
edge:declared:db.HrmEmpContractTemplate:hrm	-1871.70,20202.41 -417.58,16244.31
edge:declared:db.HrmEmpContractTemplateRevision:template	-902.07,22295.34 -1867.60,20276.41
edge:declared:db.HrmEmpContractTemplateRevisionSigner:revision	-1715.01,22830.67 -951.51,22377.34
edge:declared:db.HrmEmpEmploymentType:emp	4632.10,17728.76 4613.84,17924.89
edge:declared:db.HrmEmpEmploymentType:event	4634.03,17654.76 4609.27,17048.42
edge:declared:db.HrmEmpJob:emp	2504.88,16655.97 4425.73,17979.39
edge:declared:db.HrmEmpJob:event	2551.95,16623.42 3724.52,16816.76
edge:declared:db.HrmEmpJob:level	2303.95,16632.96 1821.09,16749.75
edge:declared:db.HrmEmpJob:position	2303.95,16573.38 1987.73,16497.90
edge:declared:db.HrmEmpJob:role	2303.95,16600.81 1576.39,16588.13
edge:declared:db.HrmEmpJob:title	2343.44,16549.97 1409.57,15964.32
edge:declared:db.HrmEmpJobLevel:hrm	1589.68,16741.29 -205.78,16155.51
edge:declared:db.HrmEmpJobPosition:hrm	1751.73,16450.40 -205.78,16129.54
edge:declared:db.HrmEmpJobRole:hrm	1340.39,16554.84 -205.78,16145.65
edge:declared:db.HrmEmpJobTitle:hrm	1232.57,15939.42 -205.78,16086.90
edge:declared:db.HrmEmpMov:hrm	450.36,15790.36 -205.78,16041.96
edge:declared:db.HrmEmpReturnToWorkEvent:absence_event	5040.22,15706.33 4840.09,15706.33
edge:declared:db.HrmEmpSalaryAccount:emp	7575.44,17343.24 4769.73,18054.30
edge:declared:db.HrmEmpSalaryAccount:institution	7811.44,17280.28 11361.39,16286.06
edge:declared:db.HrmEmpStatus:emp	6799.00,16199.61 4769.73,17949.56
edge:declared:db.HrmEmpStatus:event	6723.91,16135.19 5608.86,15876.08
edge:declared:db.HrmEmpUserInvitation:emp	2562.51,18024.38 4425.73,18091.68
edge:declared:db.HrmEmpUserInvitation:hrm	2378.52,17978.90 -205.78,16212.66
edge:declared:db.HrmEmpUserInvitationInvitee:invitation	2538.08,18154.94 2468.74,18060.90
edge:declared:db.HrmEmpWorkAssignment:emp	3325.48,18813.98 4425.73,18194.70
edge:declared:db.HrmEmpWorkAssignment:work	3141.74,18861.09 1992.35,18959.60
edge:declared:db.HrmEmpWorkLocationAssignment:work_location	4048.28,16131.38 3595.68,15403.44
edge:declared:db.HrmEmpWorkLocationAssignment:work_location_config	4075.98,16205.38 4138.24,16696.91
edge:declared:db.HrmEmpWorkLocationConfig:emp	4157.13,16778.91 4539.94,17924.89
edge:declared:db.HrmEmpWorkLocationConfig:work_location_set	4126.29,16696.91 3585.69,15403.44
edge:declared:db.HrmFixedWorkSchedule:fixed_work	1937.30,18672.92 1897.36,18715.28
edge:declared:db.HrmGoogleCalendarIntegration:hrm	-603.67,15483.14 -419.87,15962.31
edge:declared:db.HrmLeaveBase:hrm	3160.99,20812.80 -260.19,16244.31
edge:declared:db.HrmLeaveCommonConfig:leave	1966.75,20942.15 3079.66,20891.94
edge:declared:db.HrmLeaveGrant:emp	3914.93,19183.85 4488.96,18270.89
edge:declared:db.HrmLeaveGrant:grantable_leave	3877.37,19257.85 3525.61,20168.28
edge:declared:db.HrmLeaveIndividualApprovalTemplateRelation:leave	1463.37,19981.92 3079.66,20815.65
edge:declared:db.HrmLeaveUsage:emp	6982.53,18430.02 4769.73,18121.84
edge:declared:db.HrmLeaveUsage:leave	7021.41,18505.13 3332.36,20812.80
edge:declared:db.HrmLeaveUsageAttachment:usage	7055.39,19329.11 7108.83,18505.13
edge:declared:db.HrmLeaveUsageItem:emp	4570.38,19312.90 4593.84,18270.89
edge:declared:db.HrmLeaveUsageItem:leave	4533.23,19394.90 3280.17,20812.80
edge:declared:db.HrmLeaveUsageItem:usage	4684.57,19312.90 6982.53,18494.43
edge:declared:db.HrmOngoingAttendance:emp	5681.20,16982.33 4765.75,17924.89
edge:declared:db.HrmOngoingAttendanceClockedSchedule:ongoing_attendance	6479.31,16782.49 5845.02,16915.36
edge:declared:db.HrmPersonalLocation:hrm_emp	6451.05,16250.13 4769.73,17926.41
edge:declared:db.HrmPersonalLocation:work_location_config	6447.64,16160.13 5592.69,15367.67
edge:declared:db.HrmRequestor:dept	1106.25,19153.71 320.79,18555.75
edge:declared:db.HrmRequestor:emp	1271.42,19153.71 4425.73,18152.49
edge:declared:db.HrmSelectiveWorkPlan:emp	4113.55,18070.95 4425.73,18088.32
edge:declared:db.HrmSelectiveWorkPlanConfig:selective_work	1814.95,19515.53 1987.25,19257.48
edge:declared:db.HrmSelectiveWorkPlanItem:emp	3228.91,18147.57 4425.73,18104.13
edge:declared:db.HrmSelectiveWorkPlanItem:plan	3228.91,18139.96 3865.55,18076.42
edge:declared:db.HrmSelectiveWorkSchedule:selective_work	2292.08,19239.90 2141.30,19224.86
edge:declared:db.HrmSelectiveWorkSettlementConfig:selective_work	1262.57,19515.53 1905.23,19257.48
edge:declared:db.HrmSigner:hrm	-788.39,15981.38 -525.78,16057.15
edge:declared:db.HrmSlackChannelConfig:integration	-795.03,16656.43 -760.19,16605.52
edge:declared:db.HrmSlackIntegration:hrm	-705.51,16531.52 -477.64,16244.31
edge:declared:db.HrmStaffNote:hrm	-1277.83,16033.61 -525.78,16091.08
edge:declared:db.HrmStaggeredWorkSchedule:staggered_work	1363.97,20425.03 720.12,19578.33
edge:declared:db.HrmStandardWork:hrm	-1094.62,16708.30 -525.78,16236.12
edge:declared:db.HrmStandardWorkSchedule:standard_work	-1519.61,17641.60 -1154.89,16782.30
edge:declared:db.HrmTag:hrm_set	-992.59,15715.81 -525.78,16004.40
edge:declared:db.HrmWorkAutoClockOutConfig:work	1215.80,18944.43 1732.35,18965.45
edge:declared:db.HrmWorkBase:emp_set	1992.35,18929.26 4425.73,18152.77
edge:declared:db.HrmWorkBase:hrm	1814.95,18909.74 -256.22,16244.31
edge:declared:db.HrmWorkIndividualApprovalTemplateRelation:work	2342.70,19041.37 1992.35,18989.85
edge:declared:db.HrmWorkLocation:hrm	3441.21,15378.06 -205.78,16072.83
edge:declared:db.HrmWorkLocationGpsConfig:work_location	5422.46,15328.43 3689.21,15352.70
edge:declared:db.HrmWorkOvertime:work	1301.85,18848.62 1732.35,18942.42
edge:declared:db.IBKSignupChannel:ibk_user_login_token	25970.01,14550.21 25939.76,14500.50
edge:declared:db.IBKUserLoginToken:ibk_user	25942.60,14426.50 25971.63,14384.15
edge:declared:db.IaAccountInfo:investment_association	34252.98,18184.22 30794.03,16692.84
edge:declared:db.IaCertificateOfInvestmentDocument:partner	37010.23,18531.82 39437.56,18244.75
edge:declared:db.IaCertificateOfInvestmentDocumentRecipient:certificate_of_investment_document_email	-2495.45,20068.40 -2522.84,20146.33
edge:declared:db.IaConfirmationRequest:investment_association	25304.74,18908.23 30486.03,16692.30
edge:declared:db.IaConfirmationRequest:partner_list_file	25018.02,18934.61 20788.00,18500.75
edge:declared:db.IaConsentForm:consent_form_or_meeting	35573.35,18727.13 33376.10,19132.42
edge:declared:db.IaConsentFormDocument:consent_form	36170.37,18527.41 35815.48,18663.29
edge:declared:db.IaConsentFormDocument:partner	36462.45,18471.90 39437.56,18238.50
edge:declared:db.IaConsentFormOrMeeting:investment_association	33130.56,19114.93 30773.14,16759.44
edge:declared:db.IaConsentFormOrMeetingDocumentGeneration:consent_form_or_meeting	33937.30,19190.35 33376.10,19173.66
edge:declared:db.IaConsentFormOrMeetingDocumentGenerationItem:document	35212.04,19190.80 35629.34,19314.09
edge:declared:db.IaConsentFormOrMeetingDocumentGenerationItem:generation	34896.81,19161.89 34280.30,19188.15
edge:declared:db.IaConsentFormOrMeetingElectronicSignatureRequest:document	32906.43,20802.39 33779.40,19985.19
edge:declared:db.IaConsentFormOrMeetingElectronicSignatureRequestModusignDocument:electronic_signature_request	29150.28,20361.51 32651.81,20828.96
edge:declared:db.IaConsentFormOrMeetingElectronicSignatureRequestModusignEmbeddedDraft:electronic_signature_request	30264.62,20955.06 32651.81,20863.02
edge:declared:db.IaConsentFormOrMeetingElectronicSignatureRequestStatusHistory:electronic_signature_request	32755.19,21475.25 32841.72,20908.39
edge:declared:db.IaConsentFormOrMeetingElectronicSignatureRequestUploadedModusignDocument:electronic_signature_request	29308.10,21161.35 32651.81,20872.50
edge:declared:db.IaConsentFormOrMeetingElectronicSignatureRequiredDocument:consent_form_or_meeting	33790.78,19879.19 33228.84,19220.93
edge:declared:db.IaConsentFormOrMeetingElectronicSignatureRequiredDocument:edited_file	33638.02,19910.49 20788.00,18502.08
edge:declared:db.IaConsentFormOrMeetingElectronicSignatureRequiredDocument:partner	34014.92,19879.19 39437.56,18272.69
edge:declared:db.IaConsentFormOrMeetingEsigRequiredDocumentPageRange:esig_required_document	34527.02,19817.75 34034.02,19899.40
edge:declared:db.IaConsentFormOrMeetingEsigRequiredDocumentPageRange:page_range_document	34815.43,19747.96 35629.34,19414.86
edge:declared:db.IaConsentFormOrMeetingGuideEmail:consent_form_or_meeting	33821.02,18918.72 33319.16,19114.93
edge:declared:db.IaConsentFormOrMeetingGuideEmailRecipient:consent_form_or_meeting_guide_email	33874.73,18704.92 33907.09,18844.72
edge:declared:db.IaDocumentArchive:investment_association	32577.72,15022.37 30794.03,16498.96
edge:declared:db.IaDocumentArchiveAttachment:ia_document_archive	32259.03,15085.62 32504.42,15017.92
edge:declared:db.IaExpertPartnerBulkEmailTemplate:legal_partner	21101.23,15416.22 22310.39,14819.56
edge:declared:db.IaFoundingProgressStatus:investment_association	32081.71,17580.97 30794.03,16728.40
edge:declared:db.IaGpAppointmentEvent:partner	35754.02,17892.89 39437.56,18212.56
edge:declared:db.IaGpTerminationEvent:appointment_event	35919.46,18147.76 35674.70,17923.13
edge:declared:db.IaGpTerminationEvent:partner	36088.14,18190.04 39437.56,18224.56
edge:declared:db.IaInvestmentCertificateRegistrationRequest:partner	39601.68,19783.12 39595.06,18335.18
edge:declared:db.IaLegalPartnerRelation:investment_association	26097.32,15289.09 30486.03,16581.10
edge:declared:db.IaLegalPartnerRelation:legal_partner	25861.32,15237.20 22618.39,14765.95
edge:declared:db.IaMeeting:consent_form_or_meeting	34365.28,20683.08 33224.94,19220.93
edge:declared:db.IaMeetingAgenda:meeting	35434.94,20555.38 34551.85,20718.42
edge:declared:db.IaMeetingAgendaVote:agenda	35307.80,22528.07 35588.08,20567.02
edge:declared:db.IaMeetingAgendaVote:electronic_signature	35243.27,22528.07 32925.65,20908.39
edge:declared:db.IaMeetingAgendaVote:partner	35342.47,22528.07 39486.82,18335.18
edge:declared:db.IaMeetingConvocationNoticeEmail:ia_meeting	35097.40,22077.16 34444.17,20805.08
edge:declared:db.IaMeetingConvocationNoticeRecipient:convocation_notice_email	34933.48,21284.86 35108.24,22077.16
edge:declared:db.IaMeetingMinutesDocument:meeting	35128.88,20061.04 34476.80,20683.08
edge:declared:db.IaMeetingNoticeDocument:meeting	34839.50,19944.68 34445.41,20683.08
edge:declared:db.IaMeetingSealedNoticeDocumentFile:ia_meeting	31546.82,19930.92 34273.85,20704.64
edge:declared:db.IaMeetingShortenPeriodDocument:meeting	36962.08,19322.13 34522.21,20683.08
edge:declared:db.IaMeetingShortenPeriodDocument:partner	37135.03,19240.13 39437.56,18290.90
edge:declared:db.IaModusignDocumentUsageHistory:investment_association	27808.23,14870.05 30486.03,16530.92
edge:declared:db.IaOperation:_deprecated_investment_association	34720.46,16412.65 30794.03,16618.37
edge:declared:db.IaOperation:ia_operation_management	34798.90,16443.47 34644.32,16588.02
edge:declared:db.IaOperationManagement:investment_association	34486.76,16625.06 30794.03,16626.38
edge:declared:db.IaOwner:investment_association	34524.34,17131.07 30794.03,16646.45
edge:declared:db.IaOwner:partner	34776.34,17174.93 39437.56,18191.93
edge:declared:db.IaOwnerAuditLog:investment_association	24329.99,6823.79 30554.42,16493.44
edge:declared:db.IaPartnerDataCollection:investment_association	26431.95,17932.73 30486.03,16674.25
edge:declared:db.IaPartnerDataCollectionItem:address	25354.98,17968.61 24244.01,18820.73
edge:declared:db.IaPartnerDataCollectionItem:ia_partner_data_collection	25545.43,17934.25 26183.95,17965.21
edge:declared:db.IaPartnerDataCollectionItemReply:address	25582.23,18121.51 24244.01,18854.50
edge:declared:db.IaPartnerDataCollectionItemReply:ia_partner_data_collection	25816.08,18053.81 26183.95,17992.04
edge:declared:db.IaPartnerDataCollectionItemReply:ia_partner_data_collection_item	25590.40,18039.51 25475.11,17968.61
edge:declared:db.IaPartnerInvestmentConfirmation:partner	35511.47,17121.15 39437.56,18183.69
edge:declared:db.IaPartnerInvestmentConfirmationEmailRecipient:ia_partner_investment_confirmation_email	11925.88,5642.04 11853.31,5684.77
edge:declared:db.IaPartnerWithdrawalEvent:partner	39543.69,17996.23 39570.44,18117.18
edge:declared:db.IaPaymentLink:investment_association	26653.84,13591.30 30486.03,16509.18
edge:declared:db.IaPfCompany:investment_association	33370.55,19710.77 30757.77,16759.44
edge:declared:db.IaPfCompanyInvestment:ia_pf_company	32662.57,20649.17 33372.90,19784.77
edge:declared:db.IaPfCompanyInvestmentSalesIntent:ia_pf_company_investment	35327.26,22846.96 32680.18,20731.17
edge:declared:db.IaPfCompanyInvestmentStock:ia_pf_company_investment	31491.47,20486.65 32504.88,20667.98
edge:declared:db.IaQuestionThread:investment_association	26291.90,13599.99 30486.03,16519.25
edge:declared:db.IaRule:address	27645.43,19264.07 24244.01,18952.94
edge:declared:db.IaRule:file	27645.43,19261.57 20788.00,18502.30
edge:declared:db.IaRule:investment_association	27841.38,19214.96 30496.23,16759.44
edge:declared:db.IaRuleCompensation:rule	28030.49,19198.37 27905.43,19236.42
edge:declared:db.IaRuleDocument:rule	32602.49,19185.78 27905.43,19273.53
edge:declared:db.IaRuleInvestment:rule	28157.40,19549.88 27860.49,19336.96
edge:declared:db.IaRuleMeeting:rule	28167.63,19058.06 27885.23,19214.96
edge:declared:db.IaRulePartner:rule	28273.32,19397.76 27905.43,19307.76
edge:declared:db.IaSealStamp:image_file	22455.22,18242.57 20788.00,18456.84
edge:declared:db.IaSealStamp:investment_association	22703.22,18202.01 30486.03,16657.01
edge:declared:db.IaSealStampImage:seal_stamp	22316.65,18258.88 22455.22,18241.86
edge:declared:db.IaUserInvitation:ia_owner	34137.22,16847.07 34580.30,17106.44
edge:declared:db.IaUserInvitation:investment_association	33943.18,16799.57 30794.03,16634.51
edge:declared:db.IaUserInvitationInvitee:_deprecated_individual_partner	37161.65,16671.77 36604.60,17040.85
edge:declared:db.IaUserInvitationInvitee:invitation	37111.61,16629.94 34191.18,16798.90
edge:declared:db.IaUserInvitationInvitee:legal_representative	37236.50,16671.77 37242.20,16986.71
edge:declared:db.IaUserInvitationInvitee:manager	37280.81,16671.77 38049.93,17505.62
edge:declared:db.IaUserInvitationInvitee:partner	37307.70,16671.77 39437.56,18119.46
edge:declared:db.IaWrittenResolutionDocument:meeting	36065.89,19611.63 34501.89,20683.08
edge:declared:db.IaWrittenResolutionDocument:partner	36231.52,19529.63 39437.56,18287.03
edge:declared:db.ImAccessLog:investor_matching	30668.91,11203.56 28522.64,10924.82
edge:declared:db.ImAccessLog:venture_capital	30904.91,11238.93 37744.83,12401.21
edge:declared:db.ImAttachment:investor_matching	32564.53,11188.19 28522.64,10915.94
edge:declared:db.ImAttachmentDownloadLog:attachment	34296.56,11701.54 32812.53,11235.48
edge:declared:db.ImAttachmentDownloadLog:venture_capital	34532.38,11761.84 37744.83,12396.15
edge:declared:db.ImAttachmentPdfEvent:attachment	34122.14,11517.25 32812.53,11224.28
edge:declared:db.ImAttachmentPdfEvent:pdf_event	34218.33,11503.99 34188.64,11460.22
edge:declared:db.ImAttachmentPdfEvent:venture_capital	34370.14,11574.87 37744.83,12388.14
edge:declared:db.ImBrokerAssignment:_deprecated_assigned_companies	29277.24,11674.93 16175.50,12432.50
edge:declared:db.ImBrokerAssignment:assigned_investors	29525.24,11678.88 37744.83,12415.98
edge:declared:db.ImBrokerAssignment:im_broker	29525.24,11681.12 33466.56,12105.75
edge:declared:db.ImBrokerAssignment:investor_matching	29335.56,11618.76 28505.30,10999.38
edge:declared:db.ImBrokerAssignmentInvitedUser:broker_assignment	31838.92,11823.93 29525.24,11675.70
edge:declared:db.ImBrokerAssignmentInvitedUser:venture_capital	32115.92,11846.76 37744.83,12413.94
edge:declared:db.ImConsultingRequest:company	26748.79,9524.91 16175.50,12391.97
edge:declared:db.ImConsultingRequest:investor_matching	26916.48,9532.29 28281.54,10813.38
edge:declared:db.ImContactRequest:investor_matching	30525.96,11496.17 28522.64,10945.42
edge:declared:db.ImContactRequest:venture_capital	30773.96,11545.63 37744.83,12409.67
edge:declared:db.ImContactRequestIntention:im_contact_request	30334.07,11350.93 30577.74,11489.26
edge:declared:db.ImDay:recipients	33930.70,10825.65 34312.04,10430.82
edge:declared:db.ImDay:venture_capitals	34007.37,10922.40 37744.83,12361.63
edge:declared:db.ImDayParticipation:im_day	33063.47,10577.12 33759.37,10829.65
edge:declared:db.ImDayParticipation:investor_matching	32815.47,10542.30 28522.64,10894.72
edge:declared:db.ImDayParticipation:venture_capital	33063.47,10579.35 37744.83,12362.40
edge:declared:db.ImDayParticipationAttachment:participation	32676.23,10281.95 32887.91,10483.12
edge:declared:db.ImDaySurvey:im_day	31193.72,10919.18 33759.37,10876.70
edge:declared:db.ImDaySurvey:investor_matching	30957.72,10920.48 28522.64,10907.16
edge:declared:db.ImDisclosing:investor_matching	29336.95,9756.70 28458.00,10813.38
edge:declared:db.ImInvestorBroker:venture_capital	35330.31,12306.74 37744.83,12423.58
edge:declared:db.ImInvestorMemo:investor_matching	29885.93,11499.55 28522.64,10962.34
edge:declared:db.ImInvestorMemo:venture_capital	30097.82,11549.85 37744.83,12411.74
edge:declared:db.ImIrPartnerBrokerOwnerRelation:im_ir_partner_broker	30785.56,12143.64 31059.90,12082.41
edge:declared:db.ImNote:investor_matching	29013.29,10389.95 28494.57,10813.38
edge:declared:db.ImTag:investor_matching_set	30579.87,10406.97 28522.64,10874.13
edge:declared:db.ImWatching:_deprecated_investor_matching	28032.45,9090.63 28362.81,10813.38
edge:declared:db.ImWatching:company	27900.59,9084.59 16175.50,12389.93
edge:declared:db.ImWatching:venture_capital	28144.63,9090.63 37744.83,12369.63
edge:declared:db.InauguralConsentDocument:director_change_agenda	13301.04,23283.01 12689.25,22955.87
edge:declared:db.IncorporationBenefitRequest:incorporation_request	22016.56,15230.97 21838.66,15824.23
edge:declared:db.IncorporationBenefitRequest:tax_partner	22063.54,15156.97 22343.18,14868.57
edge:declared:db.IncorporationRequest:address	21886.81,16034.23 23995.20,18813.85
edge:declared:db.IncorporationRequest:balance_certificate_account_file	21757.42,16034.23 20700.82,18264.26
edge:declared:db.IncorporationRequest:balance_certificate_account_holder	21913.94,16034.23 23173.52,17272.89
edge:declared:db.IncorporationRequest:company	21659.17,15840.61 16175.50,12557.25
edge:declared:db.IncorporationRequest:company_question_thread	21659.17,15843.08 19118.96,14364.50
edge:declared:db.IncorporationRequestAoiFile:incorporation_request	22150.25,15784.32 21955.17,15866.72
edge:declared:db.IncorporationRequestAssistance:incorporation_request	22295.34,15898.18 21955.17,15919.82
edge:declared:db.IncorporationRequestAssistance:legal_partner	22436.86,15848.24 22461.28,14868.57
edge:declared:db.IncorporationRequestAssistanceReceipt:incorporation_request_assistance	21837.73,17085.39 22415.34,15930.24
edge:declared:db.IncorporationRequestDirector:address	22444.91,17228.95 23969.75,18813.85
edge:declared:db.IncorporationRequestDirector:incorporation_request	22391.67,17154.95 21857.24,16034.23
edge:declared:db.IncorporationRequestPromoter:address	23249.61,17370.89 24023.01,18813.85
edge:declared:db.IncorporationRequestPromoterCustodian:address	23662.35,17349.69 24056.37,18813.85
edge:declared:db.IncorporationRequestPromoterCustodian:promoter	23488.39,17316.21 23356.35,17319.04
edge:declared:db.IncorporationRequestPromoterInstitutionCeo:promoter	23303.23,17210.69 23258.55,17272.89
edge:declared:db.IncorporationRequestPurpose:incorporation_request	21328.32,16041.96 21659.17,15964.07
edge:declared:db.IndividualInvestorCompanyCeo:company_info	27529.19,22010.95 28076.35,22773.57
edge:declared:db.IndividualInvestorCompanyInfo:address	28063.29,22773.57 24219.53,19063.85
edge:declared:db.IndividualInvestorCompanyInfo:company	28164.48,22855.57 32229.57,25694.38
edge:declared:db.IndividualInvestorCompanyName:non_unified_share_company	34764.66,25190.84 32452.65,25729.11
edge:declared:db.IndividualInvestorCompanyParValue:non_unified_share_company	31513.31,25454.62 32192.65,25710.43
edge:declared:db.IndividualInvestorCompanyShareClass:non_unified_share_company	32087.63,27233.08 32312.28,25824.38
edge:declared:db.IndividualInvestorCompanyShareStock:_deprecated_non_unified_stock_create_request	31596.86,26586.91 31265.12,28058.24
edge:declared:db.IndividualInvestorCompanyShareStock:_deprecated_stock_unissued_confirmation_file	31605.94,26586.91 31501.83,29181.32
edge:declared:db.IndividualInvestorCompanyShareStock:management_history	31441.41,26570.37 30475.62,26758.65
edge:declared:db.IndividualInvestorCompanyShareStock:non_unified_share_company	31652.90,26488.91 32262.98,25824.38
edge:declared:db.IndividualInvestorCompanyShareStock:share_class	31639.62,26586.91 32057.79,27233.08
edge:declared:db.IndividualInvestorEvent:company	36964.13,27970.00 32452.65,25821.30
edge:declared:db.IndividualInvestorStakeholder:address	29401.61,22751.10 24244.01,19049.38
edge:declared:db.IndividualInvestorStakeholder:company	29498.31,22833.10 32259.91,25694.38
edge:declared:db.IndividualInvestorUser:address	25654.64,20217.63 24242.95,19063.85
edge:declared:db.IndividualStockOption:company	30346.77,23241.19 32271.65,25694.38
edge:declared:db.IndividualStockOption:create_request	30432.05,23164.99 31341.12,23030.72
edge:declared:db.IndividualStockOption:grantee	30280.12,23127.19 29901.15,22142.00
edge:declared:db.IndividualStockOptionCreateRequestEtcFile:create_request	32543.96,22979.89 31655.12,23003.38
edge:declared:db.IndividualStockOptionGrantContract:individual_stock_option	29923.17,22893.26 30227.82,23127.19
edge:declared:db.IndividualStockOptionGrantee:stakeholder	29863.86,22142.00 29484.29,22751.10
edge:declared:db.IndividualStockOptionResumeEvent:pause_event	33413.55,29378.17 32623.36,27331.80
edge:declared:db.IndividualStockOptionSalesIntent:individual_stock_option	33721.94,23108.28 30432.05,23181.30
edge:declared:db.IndividualStockOptionVesting:individual_stock_option	31040.68,23551.27 30416.74,23241.19
edge:declared:db.IndividualStockOptionVestingItem:individual_stock_option_vesting	31223.26,23413.52 31138.02,23551.27
edge:declared:db.IndividualStockOptionVestingTraceable:individual_stock_option	30714.72,22847.28 30371.87,23127.19
edge:declared:db.InputSignupChannel:input_channel	26143.07,15099.23 26569.50,15255.88
edge:declared:db.InstitutionStakeholderManager:institution_stakeholder	10027.48,21571.22 10051.18,21200.14
edge:declared:db.InternetRegistryOfficeOtp:company	16934.28,16225.61 16039.94,12660.49
edge:declared:db.InternetRegistryOfficeOtp:director	16856.52,16307.61 16755.08,16354.85
edge:declared:db.InternetRegistryOfficeOtpReturnRequest:internet_registry_office_otp	22265.18,19441.36 17013.28,16307.61
edge:declared:db.InternetRegistryOfficeOtpReturnRequest:recipient_address	22448.09,19441.36 23936.01,18985.98
edge:declared:db.InvestmentAgreement:document	17524.68,15994.86 18257.76,15400.65
edge:declared:db.InvestmentAgreement:stakeholder	17394.44,16068.86 10125.11,19248.63
edge:declared:db.InvestmentAgreementDocument:company	18278.91,15302.65 16159.56,12660.49
edge:declared:db.InvestmentAgreementDocument:pdf_file	18353.90,15400.65 20439.92,18264.26
edge:declared:db.InvestmentAssociation:venture_capital	30794.03,16537.83 37744.83,12538.35
edge:declared:db.InvestmentAssociationDocument:investment_association	35657.66,19295.34 30794.03,16708.35
edge:declared:db.InvestmentAssociationEvent:investment_association	33275.16,17608.02 30794.03,16683.80
edge:declared:db.InvestmentAssociationIndividualPartnerLegalRepresentative:ward	37044.87,17040.15 36716.72,17067.40
edge:declared:db.InvestmentAssociationOrganizationPartnerCeo:organization_partner	38920.80,16812.59 38384.40,16852.38
edge:declared:db.InvestmentAssociationOrganizationPartnerCorporationSignerCeo:corporation	38838.79,14959.18 38743.84,14904.67
edge:declared:db.InvestmentAssociationOrganizationPartnerManager:organization_partner	35097.49,15479.04 38093.18,16816.84
edge:declared:db.InvestmentAssociationOrganizationPartnerSigner:_deprecated_manager	37783.84,15117.52 35212.64,15418.84
edge:declared:db.InvestmentAssociationOrganizationPartnerSigner:organization_partner	37987.46,15139.32 38196.79,16816.84
edge:declared:db.InvestmentAssociationPartner:address	39437.56,18233.40 24244.01,18931.77
edge:declared:db.InvestmentAssociationPartner:investment_association	39437.56,18198.13 30794.03,16653.95
edge:declared:db.InvestmentAssociationPartnerManager:partner	38165.82,17579.62 39437.56,18155.13
edge:declared:db.InvestmentAssociationPartnerResume:partner	41049.36,16740.98 39701.33,18117.18
edge:declared:db.InvestmentAssociationPartnerResume:signer	41010.17,16658.98 38068.94,15139.32
edge:declared:db.InvestmentAssociationPartnerResumeItem:resume	41243.85,16372.51 41108.84,16658.98
edge:declared:db.InvestmentAssociationPartnerSalesIntent:partner	37090.44,21788.27 39517.93,18335.18
edge:declared:db.InvestmentAssociationShare:investment_association	34379.43,17483.18 30794.03,16661.72
edge:declared:db.InvestmentAssociationShare:partner	34619.43,17527.52 39437.56,18204.13
edge:declared:db.InvestmentRound:company	16024.76,10551.51 15990.00,12226.49
edge:declared:db.InvestmentRoundNewIssueEvent:investment_round	16143.85,10178.33 16040.20,10469.51
edge:declared:db.InvestmentRoundNewIssueEvent:new_issue_event	16149.07,10104.33 16062.30,9700.33
edge:declared:db.InvestmentSimulation:company	12879.16,6429.67 15873.41,12226.49
edge:declared:db.InvestmentSimulationInitialOption:option_grantee	11327.16,6638.87 11807.28,6738.73
edge:declared:db.InvestmentSimulationInitialOptionGrantee:simulation	12067.56,6738.73 12755.72,6429.67
edge:declared:db.InvestmentSimulationInitialShareholder:simulation	9992.84,5963.42 12731.92,6366.43
edge:declared:db.InvestmentSimulationInitialStock:shareholder	7907.73,3965.66 9788.89,5901.70
edge:declared:db.InvestmentSimulationInvestor:simulation_round	18095.99,3943.35 14231.21,6298.89
edge:declared:db.InvestmentSimulationNewIssueInvestment:investor	17653.30,5349.72 18148.81,3943.35
edge:declared:db.InvestmentSimulationPurchaseInvestment:investor	21205.73,5595.79 18236.92,3943.35
edge:declared:db.InvestmentSimulationPurchaseSellStock:seller	21628.93,5189.18 21301.95,5595.79
edge:declared:db.InvestmentSimulationRound:simulation	14052.50,6340.27 12979.92,6380.07
edge:declared:db.InvestorInterest:venture_capital	39478.27,13500.33 38112.83,12559.29
edge:declared:db.InvestorMatching:_deprecated_excluded_companies	28238.64,10923.99 16175.50,12419.93
edge:declared:db.InvestorMatching:excluded_investors	28522.64,10929.08 37744.83,12403.07
edge:declared:db.InvestorRelations:previous_investors	30725.81,7649.41 37744.83,12310.30
edge:declared:db.InvestorRelationsSurvey:_deprecated_preferred_investors	35782.12,10511.05 37744.83,12267.79
edge:declared:db.InvestorRelationsSurvey:investor_relations	35675.44,10437.05 30725.81,7634.35
edge:declared:db.InvitationSeat:allocated_seat	8621.65,13059.04 7927.63,13090.71
edge:declared:db.InvitationSeat:invitation_seat_request	8763.48,13016.65 9869.72,11298.97
edge:declared:db.InvitationSeatRequest:company	10020.13,11282.11 15795.50,12406.50
edge:declared:db.IrAiAnalysis:investor_relations	31323.76,7118.25 30725.81,7459.31
edge:declared:db.IrAiAnalysisLike:ai_analysis	31872.29,6683.56 31433.63,7044.25
edge:declared:db.IrAiSummary:investor_relations	32203.41,7254.13 30725.81,7519.49
edge:declared:db.IrAlert:ir_set	35041.29,9442.46 30725.81,7612.45
edge:declared:db.IrAlert:venture_capital	35176.78,9524.46 37744.83,12238.05
edge:declared:db.IrAlertInvestorRelations:investor_relations	33975.55,9159.45 30725.81,7620.10
edge:declared:db.IrAlertInvestorRelations:ir_alert	34171.66,9227.68 35013.98,9450.64
edge:declared:db.IrApproval:investor_relations	30680.16,7052.06 30600.04,7418.15
edge:declared:db.IrApprovalNotificationDismiss:ir_approval	30799.13,6714.00 30701.89,6978.06
edge:declared:db.IrBrokerActivity:investor_relations	30303.32,8227.00 30520.87,7676.15
edge:declared:db.IrBrokerActivity:vc_user_relations	30359.63,8301.00 34269.25,10340.82
edge:declared:db.IrClosing:investor_relations	32978.38,6707.62 30725.81,7493.43
edge:declared:db.IrCommittedInvestmentAmount:investor_relations	34630.99,10023.33 30725.81,7641.09
edge:declared:db.IrCommittedInvestmentAmount:venture_capital	34742.13,10097.33 37744.83,12297.65
edge:declared:db.IrCompanyCreate:company	17498.21,9773.25 16108.43,12226.49
edge:declared:db.IrFeed:investor_relations	30268.87,7447.49 30417.81,7496.49
edge:declared:db.IrFeedAccessLog:ir_feeds	32742.17,9128.72 30212.74,7451.69
edge:declared:db.IrFeedAccessLog:venture_capital	32856.09,9202.72 37744.83,12315.33
edge:declared:db.IrFeedRating:ir_feed	29872.53,7481.69 30020.87,7440.84
edge:declared:db.IrFundRaising:investor_relations	36073.40,7542.96 30725.81,7547.03
edge:declared:db.IrFundRaising:venture_capital	36213.33,7587.87 37856.24,12227.48
edge:declared:db.IrFundRaisingMemo:fund_raising	35359.95,7781.35 36073.40,7578.18
edge:declared:db.IrFundRaisingStageLog:fund_raising	35548.91,5247.65 36184.69,7497.87
edge:declared:db.IrInsightClub:pitching_day_hall	35898.90,8787.39 35574.86,8722.25
edge:declared:db.IrInsightClub:venture_capitals	36044.49,8853.32 37820.90,12227.48
edge:declared:db.IrInsightClubParticipation:investor_relations	35074.19,8026.71 30725.81,7563.55
edge:declared:db.IrInsightClubParticipation:ir_insight_club	35251.45,8085.50 35979.38,8771.32
edge:declared:db.IrInsightClubParticipationAttendee:ir_insight_club_participation	34804.54,7719.41 35147.75,7995.50
edge:declared:db.IrInsightClubSurvey:ir_insight_club_participation	35631.07,8101.08 35333.19,8058.86
edge:declared:db.IrInvestorFeedback:venture_capital	38067.02,12715.57 38028.90,12637.48
edge:declared:db.IrNote:investor_relations	32590.02,7388.02 30725.81,7535.01
edge:declared:db.IrSearchMetadata:investor_relations	32303.67,8042.58 30725.81,7591.20
edge:declared:db.IrSubscription:company	13753.91,7736.70 15882.62,12226.49
edge:declared:db.IrSubscriptionMarketingRequest:ir_subscription	14207.26,7914.10 13817.63,7736.70
edge:declared:db.IrTeamMember:investor_relations	32590.02,7497.94 30725.81,7543.39
edge:declared:db.IrTranscript:investor_relations	32178.69,7607.00 30725.81,7552.89
edge:declared:db.IrosOtpIssueMeetingDocument:stakeholder	9820.51,22731.56 9952.73,19478.24
edge:declared:db.LawtalkSignup:company	17808.13,15226.85 16127.60,12660.49
edge:declared:db.LawtalkSignupAttachment:lawtalk_signup	19380.44,17230.14 17861.49,15300.85
edge:declared:db.LedgerByCustomerDocument:new_issue	16455.19,23322.76 16140.34,22456.50
edge:declared:db.LegalPartner:address_for_express_delivery	22618.39,14687.97 23604.86,14331.79
edge:declared:db.LegalPartner:logo	22401.97,14868.57 20706.36,18264.26
edge:declared:db.LegalPartnerEmail:legal_partner	22916.31,14259.25 22581.03,14618.57
edge:declared:db.LegalPartnerPaypleSettings:legal_partner	23385.86,15616.78 22596.30,14868.57
edge:declared:db.LegalPartnerRegistrationAssistanceSettings:legal_partner	22734.14,16118.00 22488.92,14868.57
edge:declared:db.LegalPartnerSignupChannel:legal_partner	23977.40,14374.96 22618.39,14706.05
edge:declared:db.LegalPartnerSlackChannels:legal_partner	22942.51,14923.46 22618.39,14801.51
edge:declared:db.LegalPartnerUserRelation:legal_partner	23192.77,15919.36 22541.83,14868.57
edge:declared:db.ManualOptionVestingItem:manual_option_vesting	14449.47,18664.72 14477.72,18621.92
edge:declared:db.Meeting:company	17205.38,17455.49 16038.32,12660.49
edge:declared:db.Meeting:electronic_signature_selected_ceo	17171.55,17455.49 16657.96,16491.18
edge:declared:db.Meeting:employee_attorney	17381.86,17476.37 17563.34,17358.51
edge:declared:db.Meeting:meeting_draft	17203.20,17689.49 16491.56,20405.55
edge:declared:db.Meeting:new_articles_of_incorporation_file	17381.86,17612.47 20408.00,18429.93
edge:declared:db.Meeting:new_corporate_registration	17331.79,17455.49 18851.54,15639.76
edge:declared:db.MeetingAttachment:meeting	18460.36,17728.42 17381.86,17591.31
edge:declared:db.MeetingDirectorContact:meeting	13639.49,18007.14 17085.86,17590.39
edge:declared:db.MeetingDirectorContact:stakeholder	13420.09,18058.41 10125.11,19260.67
edge:declared:db.MeetingDocument:directors_meeting	14811.78,25904.84 15430.42,20235.87
edge:declared:db.MeetingDocument:meeting	14846.72,25904.84 17200.34,17689.49
edge:declared:db.MeetingDocument:shareholders_meeting	14846.63,25904.84 15733.51,22804.23
edge:declared:db.MeetingDocumentCache:meeting_document	19779.53,26853.28 14968.28,26128.65
edge:declared:db.MeetingDocumentGeneration:meeting	19275.24,20935.66 17304.88,17689.49
edge:declared:db.MeetingDocumentGenerationItem:meeting_document	22275.72,27056.99 14968.28,26124.55
edge:declared:db.MeetingDocumentGenerationItem:meeting_document_generation	22391.35,27037.15 19316.57,21009.66
edge:declared:db.MeetingDocumentManualModification:meeting_document	17590.48,26266.90 14968.28,26112.33
edge:declared:db.MeetingDraft:company	16445.20,20405.55 15998.03,12660.49
edge:declared:db.MeetingDraftAgendaDirectorChange:meeting_draft	13318.52,20367.61 16293.57,20541.21
edge:declared:db.MeetingDraftAgendaDirectorChange:stakeholder	13054.56,20321.89 10125.11,19374.90
edge:declared:db.MeetingDraftAgendaDirectorCompensation:meeting_draft	14239.25,19763.06 16293.57,20493.65
edge:declared:db.MeetingDraftAgendaDirectorCompensationItem:director_compensation	12940.55,19785.61 13963.71,19734.61
edge:declared:db.MeetingDraftAgendaDirectorCompensationItem:stakeholder	12560.55,19762.83 10125.11,19349.42
edge:declared:db.MeetingDraftRegistrationAssistance:meeting_draft	16275.59,20178.65 16384.18,20405.55
edge:declared:db.MeetingDraftSchedule:meeting_draft	15773.97,20414.03 16293.57,20518.41
edge:declared:db.MembershipContentAccessLog:membership_content	-2059.33,4499.94 -1470.83,4958.39
edge:declared:db.MembershipContentAuthorRelation:author	27821.14,25517.24 27642.47,25334.81
edge:declared:db.MiraeassetAccount:relation	7098.29,11884.84 7234.48,11826.66
edge:declared:db.MnaBuyer:company	13118.69,7850.99 15850.04,12226.49
edge:declared:db.MnaBuyerAttachment:mna_buyer	12400.79,8335.75 13046.32,7850.99
edge:declared:db.ModusignApiLog:modusign_account	22309.87,20016.12 22236.99,20292.57
edge:declared:db.ModusignAuthentication:modusign_account	22240.19,20208.25 22229.99,20292.57
edge:declared:db.ModusignCompanyUserConnection:company	25444.60,9456.33 16175.50,12383.49
edge:declared:db.ModusignDocument:_option_grant_contract	23582.53,20525.90 20933.93,19045.08
edge:declared:db.ModusignDocument:audit_trail_file	23599.34,20520.94 20788.00,18610.38
edge:declared:db.ModusignDocumentActionHistory:modusign_document	24172.36,20523.15 23854.53,20578.33
edge:declared:db.ModusignDocumentActionHistory:modusign_document_participant	24282.26,20462.80 24118.34,20216.28
edge:declared:db.ModusignDocumentModusignAccountRelation:modusign_account	22554.07,20313.66 22348.07,20331.08
edge:declared:db.ModusignDocumentModusignAccountRelation:modusign_document	22850.29,20335.82 23582.53,20560.26
edge:declared:db.ModusignDocumentModusignApiKeyRelation:modusign_api_key	23089.77,20854.04 22914.95,21024.15
edge:declared:db.ModusignDocumentModusignApiKeyRelation:modusign_document	23229.40,20780.04 23582.53,20651.46
edge:declared:db.ModusignDocumentParticipant:modusign_document	24060.89,20216.28 23790.44,20520.94
edge:declared:db.ModusignEmbeddedDraft:modusign_account	22804.45,21728.72 22244.57,20390.57
edge:declared:db.ModusignEmbeddedDraft:modusign_api_key	22830.32,21728.72 22874.35,21098.15
edge:declared:db.ModusignEmbeddedDraft:modusign_document	22866.69,21728.72 23657.29,20682.94
edge:declared:db.ModusignExceededSignings:company	19261.69,10175.88 16175.50,12311.98
edge:declared:db.ModusignIaUserConnection:investment_association	31161.99,15836.84 30727.95,16493.44
edge:declared:db.NaverWorkplaceEmployee:naver_workplace_company	27007.50,14937.91 27167.34,15011.27
edge:declared:db.NcpSignupChannel:naver_workplace_company	26905.84,15025.21 27129.95,15040.32
edge:declared:db.NewIssueNoticeEmail:new_issue	13187.22,20822.91 15973.45,22299.43
edge:declared:db.NewIssueNoticeEmailRecipient:bulk_email_recipient	13611.13,20438.37 17148.52,19164.58
edge:declared:db.NewIssueNoticeEmailRecipient:email	13444.77,20520.37 13162.35,20740.91
edge:declared:db.NewIssueNoticeEmailRecipient:shareholder	13446.24,20520.37 10767.66,22672.54
edge:declared:db.NewIssueSkipNoticeDocument:new_issue_agenda	15439.22,23080.39 16029.09,22456.50
edge:declared:db.NewIssueSkipNoticeDocument:shareholder	15237.46,23108.12 10816.76,22748.13
edge:declared:db.NewIssueStockAcceptanceDocument:new_issue_item	18029.02,26027.26 19549.72,25448.46
edge:declared:db.NewIssueStockAllocationDocument:bonus_issue_agenda	18314.03,23988.71 17769.70,20312.38
edge:declared:db.NewIssueStockAllocationDocument:new_issue_agenda	18265.44,23988.71 16222.77,22456.50
edge:declared:db.NewIssueStockAllocationRecordDateNoticeDocument:bonus_issue_agenda	20180.82,23758.21 17809.13,20312.38
edge:declared:db.NewIssueStockSubscriptionDocument:new_issue_item	17675.55,25182.77 19549.72,25384.96
edge:declared:db.NewIssueStockUnissuedConfirmationDocument:new_issue_item	18509.35,25453.40 19549.72,25405.03
edge:declared:db.NonUnifiedShareCreateRequest:stock_unissued_confirmation_file	31264.79,28148.24 31490.20,29181.32
edge:declared:db.NonUnifiedShareEtcFile:create_request	30976.59,27352.92 31238.27,28058.24
edge:declared:db.NonUnifiedShareEtcFile:management_history	30917.73,27278.92 30384.76,26841.96
edge:declared:db.NonUnifiedShareManagement:non_unified_share_company	31835.84,26098.65 32229.38,25824.38
edge:declared:db.NonUnifiedShareManagementHistory:create_request	30357.82,26841.96 31222.96,28058.24
edge:declared:db.NonUnifiedShareManagementHistory:management	30439.30,26735.96 31670.08,26188.65
edge:declared:db.NonUnifiedShareManagementHistory:renew_request	30164.62,26773.43 29869.89,26743.99
edge:declared:db.NonUnifiedShareManagementHistory:stock_unissued_confirmation_file	30345.78,26841.96 31478.24,29181.32
edge:declared:db.NonUnifiedShareManagementSalesIntent:non_unified_share_management	33732.68,24613.56 31828.96,26098.65
edge:declared:db.NonUnifiedShareSucPoaDocument:modusign_document	25293.18,21271.42 25012.47,21065.88
edge:declared:db.NonUnifiedShareSucPoaDocument:request	25382.25,21353.42 29682.09,26683.86
edge:declared:db.NonUnifiedShareSucPoaDocument:user_address	25327.43,21271.42 24156.32,19063.85
edge:declared:db.NonUnifiedShareSucRenewRequest:management	29869.89,26685.67 31645.27,26179.57
edge:declared:db.NonUnifiedShareSucRenewRequest:renew_stock_unissued_confirmation_file	29750.49,26773.86 31467.92,29181.32
edge:declared:db.NotarizationPoA:meeting	15566.96,22781.55 15623.25,22767.56
edge:declared:db.NotarizationPoaDirectorSigner:director	15092.54,22914.95 13818.34,22727.33
edge:declared:db.NotarizationPoaDirectorSigner:notarization_poa	15292.33,22897.75 15370.61,22853.39
edge:declared:db.NotarizationPoaShareholderSigner:notarization_poa	15857.50,22898.39 15566.96,22838.11
edge:declared:db.NotarizationPoaShareholderSigner:shareholder	16148.50,22961.19 16889.31,23127.27
edge:declared:db.Notification:company	14981.23,9552.95 15910.11,12226.49
edge:declared:db.NotificationInbox:notification	14939.43,9359.96 14961.51,9478.95
edge:declared:db.Option:company	16779.11,17321.25 16020.81,12660.49
edge:declared:db.Option:grantee	16715.83,17411.25 14048.54,19111.24
edge:declared:db.Option:sealed_contract_file	16910.43,17402.52 20408.00,18425.68
edge:declared:db.Option:source_meeting	16884.06,17411.25 17085.86,17504.27
edge:declared:db.OptionAdjustment:event	15448.00,15971.96 15576.93,16769.13
edge:declared:db.OptionContractTemplatePermission:company	18319.09,12990.86 16175.50,12488.06
edge:declared:db.OptionExerciseClaim:company	11402.62,17711.94 15796.74,12660.49
edge:declared:db.OptionExerciseClaim:financial_account	11354.71,17711.94 11473.59,16816.10
edge:declared:db.OptionExerciseClaimAttachment:attachment_setting_item	12733.46,17535.85 12767.21,17460.06
edge:declared:db.OptionExerciseClaimAttachment:option_exercise_claim	12574.70,17597.38 11476.08,17757.94
edge:declared:db.OptionExerciseClaimCandidate:option_exercise_claim	12205.34,17671.58 11476.08,17761.00
edge:declared:db.OptionExerciseClaimCandidate:option_exercise_management	12373.69,17609.78 13423.34,16103.11
edge:declared:db.OptionExerciseClaimCandidate:option_grantee	12390.41,17699.78 13898.22,19111.24
edge:declared:db.OptionExerciseClaimCandidate:stock_subscription_file	12479.34,17668.50 20408.00,18462.24
edge:declared:db.OptionExerciseClaimDocumentSetting:management	13253.31,16663.92 13446.26,16103.11
edge:declared:db.OptionExerciseClaimEventRelation:_deprecated_payment	11639.66,18077.49 11705.10,18080.39
edge:declared:db.OptionExerciseClaimEventRelation:claim	11464.88,18029.60 11376.64,17841.94
edge:declared:db.OptionExerciseClaimEventRelation:event	11449.74,18111.60 11243.97,18356.70
edge:declared:db.OptionExerciseClaimMeetingDocument:exercise_claim	13024.37,21725.99 12844.43,21693.60
edge:declared:db.OptionExerciseClaimMeetingDocument:grantee	13224.54,21714.33 13392.24,21529.34
edge:declared:db.OptionExerciseClaimOption:option_exercise_claim	11672.53,17811.94 11476.08,17790.88
edge:declared:db.OptionExerciseClaimOptionTaxation:_deprecated_claim	11825.80,17930.43 11476.08,17818.53
edge:declared:db.OptionExerciseClaimOptionTaxation:claim_option	11902.81,17930.43 11831.16,17861.80
edge:declared:db.OptionExerciseClaimPayment:option_exercise_claim	11770.81,18048.86 11447.61,17841.94
edge:declared:db.OptionExerciseManagement:company	13514.13,15973.11 15833.56,12660.49
edge:declared:db.OptionExerciseManagement:excluded_institution_set	13338.62,16052.09 11609.39,16238.00
edge:declared:db.OptionExerciseManagementAttachmentSetting:management	12710.66,17217.05 13426.83,16103.11
edge:declared:db.OptionExerciseManagementAttachmentSettingItem:setting	12762.49,17386.06 12708.07,17291.05
edge:declared:db.OptionExerciseManagementCommonSetting:management	13807.70,16238.19 13578.78,16103.11
edge:declared:db.OptionExerciseManagementEmail:option_exercise_management	13786.35,16442.30 13519.72,16103.11
edge:declared:db.OptionExerciseManagementPaymentBankSetting:company	13106.36,12354.65 15795.50,12437.63
edge:declared:db.OptionExerciseManagementReminderSetting:management	13800.41,16065.21 13598.62,16048.73
edge:declared:db.OptionExerciseManagementTaxation:management	13030.88,16185.52 13338.62,16081.89
edge:declared:db.OptionExerciseManagementTaxationDefaultSetting:company	17735.67,8969.85 16094.83,12226.49
edge:declared:db.OptionGrantContract:_deprecated_template	20804.01,18931.08 19450.86,16173.57
edge:declared:db.OptionGrantContract:_grantee	20701.98,18992.40 14842.51,19187.25
edge:declared:db.OptionGrantContract:contract_file	20805.67,18931.08 20698.18,18698.26
edge:declared:db.OptionGrantContract:template_revision	20819.68,18931.08 20286.79,16461.55
edge:declared:db.OptionGrantContractModusignDocument:option_grant_contract	21531.05,19410.27 20926.36,19045.08
edge:declared:db.OptionGrantContractModusignEmbeddedDraft:option_grant_contract	21927.52,20526.16 20872.58,19045.08
edge:declared:db.OptionGrantContractStakeholder:company	19116.71,15204.30 16175.50,12611.01
edge:declared:db.OptionGrantContractTemplate:_deprecated_stakeholder	19409.62,16067.57 19192.05,15310.30
edge:declared:db.OptionGrantContractTemplate:company	19375.28,16067.57 16175.50,12646.62
edge:declared:db.OptionGrantContractTemplateDraft:company	17228.54,13545.35 16175.50,12611.91
edge:declared:db.OptionGrantContractTemplateDraft:stakeholder_set	17312.40,13619.35 19116.49,15204.30
edge:declared:db.OptionGrantContractTemplateRevision:stakeholder_set	20234.37,16371.55 19227.12,15310.30
edge:declared:db.OptionGrantContractTemplateRevision:template	20147.51,16371.55 19557.85,16166.76
edge:declared:db.OptionGrantEvent:_deprecated_grantee	14904.72,18549.49 14046.22,19111.24
edge:declared:db.OptionGrantEvent:share_class	15055.70,18451.49 15370.14,18249.02
edge:declared:db.OptionManagement:agenda_option_grant	14854.37,19386.66 15479.52,19652.33
edge:declared:db.OptionManagementStakeholderSeat:option_management	14229.28,19328.35 14649.30,19344.99
edge:declared:db.OptionManagementStakeholderSeat:stakeholder_seat	13945.28,19323.67 8649.74,19359.19
edge:declared:db.OptionResumeEvent:pause_event	34598.26,4356.76 34463.98,4458.12
edge:declared:db.OptionTag:category	14447.68,13959.62 14450.43,13831.05
edge:declared:db.OptionTag:company	14483.54,13959.62 15795.50,12635.28
edge:declared:db.OptionTagCategory:company	14493.25,13757.05 15795.50,12610.74
edge:declared:db.OptionTaxCalculatorSetting:company	21617.59,9975.59 16175.50,12360.23
edge:declared:db.OptionValueChange:company	16069.31,10925.86 15997.48,12226.49
edge:declared:db.OptionValueChange:investment_round	16066.88,10851.86 16030.57,10551.51
edge:declared:db.OptionVesting:_deprecated_grant_event	14665.54,18430.83 14855.60,18472.99
edge:declared:db.Order:seal_card	1553.93,8267.61 -481.83,8353.86
edge:declared:db.OrderPromotionRelation:order	2938.95,9559.41 1725.57,8311.36
edge:declared:db.OrderPromotionRelation:promotion	3009.70,9559.41 3562.71,8971.05
edge:declared:db.OrderStaffInChargeRelation:order	1464.78,6746.38 1671.04,8213.36
edge:declared:db.OrderStaffInChargeRelation:staff_in_charge	1332.58,6716.21 347.88,6769.19
edge:declared:db.OrderStatusHistory:order	447.51,9932.80 1641.84,8311.36
edge:declared:db.OrganizationChart:company	11847.97,13554.37 15795.50,12494.50
edge:declared:db.OtherDocumentArchive:company	19891.52,16642.38 16175.50,12647.74
edge:declared:db.OtherDocumentArchiveAttachment:other_document_archive	20208.11,17141.74 19948.52,16716.38
edge:declared:db.OwnerRole:company	9735.94,11108.82 15795.50,12402.91
edge:declared:db.OwnerRolePermissionRelation:owner_permission	8792.49,10653.31 8469.69,10562.62
edge:declared:db.OwnerRolePermissionRelation:owner_role	8984.62,10725.99 9525.68,11033.34
edge:declared:db.Payment:_company	21064.43,13434.33 16175.50,12480.56
edge:declared:db.Payment:app_card	21276.39,13516.69 21339.17,13560.35
edge:declared:db.Payment:charge	21064.43,13504.31 20628.22,13654.02
edge:declared:db.Payment:credit_card	21324.43,13456.00 24288.74,13371.78
edge:declared:db.Payment:purchase	21324.43,13484.31 22803.76,13764.46
edge:declared:db.PaymentLink:payment_store	25105.18,13214.72 24190.94,14005.84
edge:declared:db.PaymentLink:question_threads	25033.18,13153.98 21075.12,12651.55
edge:declared:db.PaymentRefund:payment	21472.97,13367.96 21324.43,13416.88
edge:declared:db.PaymentRefund:payment_status_history	21530.93,13293.96 21468.67,13251.61
edge:declared:db.PaymentStatusHistory:payment	21381.09,13251.61 21245.56,13402.69
edge:declared:db.PaymentStore:legal_partner	24030.16,14095.84 22618.39,14679.86
edge:declared:db.Payroll:company	4869.35,4917.25 15795.50,12314.85
edge:declared:db.Payroll:setting	4783.53,4917.25 5267.62,11822.73
edge:declared:db.PayrollAnnualSalaryInfo:employee	8228.78,14877.82 8346.79,14947.01
edge:declared:db.PayrollAnnualSalaryItem:item_setting_relation	6812.47,12930.20 6275.05,11915.95
edge:declared:db.PayrollAnnualSalaryItem:payroll_annual_salary_info	6858.41,13004.20 8139.34,14803.82
edge:declared:db.PayrollDocumentSealStampSetting:_deprecated_ceo	16210.05,15162.49 16595.30,16345.18
edge:declared:db.PayrollDocumentSealStampSetting:company	16193.46,15080.49 16002.61,12660.49
edge:declared:db.PayrollDocumentSealStampSetting:seal_stamp	16218.38,15162.49 16439.72,15580.97
edge:declared:db.PayrollEmployeeMonthlyWage:hrm_emp	4111.75,18522.07 4425.73,18248.02
edge:declared:db.PayrollLedger:company	11340.62,15041.13 15795.50,12549.75
edge:declared:db.PayrollLedgerAttachment:payroll_ldeger	10752.50,14750.36 11169.79,15041.13
edge:declared:db.PayrollLedgerFile:payroll_ledger	11163.90,14743.46 11233.46,15041.13
edge:declared:db.PayrollLedgerFileModificationRequest:payroll_ledger_file	11581.23,14564.54 11266.31,14669.46
edge:declared:db.PayrollLedgerItemSettingRelation:ledger_item	6175.13,11915.95 5248.40,12464.09
edge:declared:db.PayrollLedgerItemSettingRelation:setting	6095.71,11869.81 5394.49,11864.64
edge:declared:db.PayrollManagementRelation:payroll	7512.50,7134.98 4852.42,4917.25
edge:declared:db.PayrollSetting:ledger_item_set	5265.05,11904.73 5190.76,12464.09
edge:declared:db.PayrollSettlement:company_question_thread_set	9487.52,8475.11 18834.96,14194.96
edge:declared:db.PayrollSettlement:payroll	9367.33,8393.11 4858.38,4917.25
edge:declared:db.PayrollSettlementAutoCreation:payroll	6421.52,6644.58 4835.27,4917.25
edge:declared:db.PayrollSettlementAutoCreation:payroll_question_help_template	6455.10,6718.58 6430.20,9002.70
edge:declared:db.PayrollSettlementProgressLog:payroll_settlement	10432.17,9692.73 9453.47,8475.11
edge:declared:db.PayrollSocialInsuranceSetting:hrm	-400.06,16868.25 -372.10,16244.31
edge:declared:db.PayrollStaffUserRelation:payroll	4404.80,5049.74 4661.20,4917.25
edge:declared:db.PayrollStatement:_deprecated_employee	8716.24,15713.69 8522.40,15131.27
edge:declared:db.PayrollStatement:hrm_emp	8627.87,15835.69 4769.73,18001.34
edge:declared:db.PayrollStatement:payroll_ledger	8866.54,15739.43 11121.85,15127.76
edge:declared:db.PayrollStatementAttendance:payroll_statement	8680.29,16216.59 8728.78,15835.69
edge:declared:db.PayrollStatementDocument:payroll_statement	10503.52,15423.10 8866.54,15748.82
edge:declared:db.PayrollStatementEmail:payroll_ledger	10632.22,17278.05 11230.96,15147.13
edge:declared:db.PayrollStatementEmailRecipient:email	10244.19,18676.29 10607.10,17368.05
edge:declared:db.PayrollStatementEmailRecipient:payroll_statement	10211.97,18676.29 8767.56,15835.69
edge:declared:db.PayrollStatementItem:ledger_item_setting_relation	7250.20,12438.40 6330.43,11915.95
edge:declared:db.PayrollStatementItem:payroll_statement	7331.28,12512.40 8710.26,15713.69
edge:declared:db.PayrollStatementPayrollInformation:payroll_statement	8652.76,15985.34 8712.28,15835.69
edge:declared:db.PayrollStatementScheduledEmail:payroll_statement_email	10042.38,17206.30 10495.58,17297.97
edge:declared:db.PayrollStatementScheduledEmailPeriodicTaskRelation:payroll_statement_scheduled_email	9885.98,17300.90 9898.48,17215.29
edge:declared:db.PeriodicOptionVestingItem:periodic_option_vesting	14163.10,18445.38 14111.80,18520.73
edge:declared:db.PhantomStock:company	9229.11,17004.52 15795.50,12571.75
edge:declared:db.PhantomStock:grantee	9159.93,17102.52 9231.12,18125.56
edge:declared:db.PhantomStockGrantContract:phantom_stock	8605.35,17335.43 9060.72,17102.52
edge:declared:db.PhantomStockResumeEvent:pause_event	15385.82,16360.64 15456.97,16251.46
edge:declared:db.PhantomStockVesting:phantom_stock	8616.54,17610.90 9109.05,17102.52
edge:declared:db.PhantomStockVestingItem:phantom_stock_vesting	8478.42,17927.48 8567.16,17684.90
edge:declared:db.PhantomStockVestingTraceable:phantom_stock	8807.41,17784.38 9133.11,17102.52
edge:declared:db.PhantomStockVestingTraceable:source_vesting_item	8707.66,17858.38 8554.37,17927.48
edge:declared:db.PhoneVerification:phone	5586.65,13983.79 3452.96,12550.44
edge:declared:db.PingpongDelivery:dropoff_address	20575.06,12381.40 23654.39,14242.02
edge:declared:db.PitchingDayHall:assigned_irs	35326.86,8668.09 30725.81,7583.45
edge:declared:db.PitchingDayHallAccessLog:pitching_day_hall	35634.22,8921.36 35487.69,8742.32
edge:declared:db.PitchingDayHallAccessLog:venture_capital	35688.62,8995.36 37795.22,12227.48
edge:declared:db.PitchingDayHallAssignedIrs:investor_relations	33157.86,7974.12 30725.81,7572.58
edge:declared:db.PitchingDayHallAssignedIrs:pitching_day_hall	33398.99,8032.09 35326.86,8657.12
edge:declared:db.PortalMenuVisibilitySetting:company	16732.83,10258.06 16059.71,12226.49
edge:declared:db.PortalSetting:company	19108.97,10498.31 16175.50,12325.17
edge:declared:db.PortfolioCompany:company	30588.69,14257.25 16175.50,12467.09
edge:declared:db.PortfolioCompany:venture_capital	30848.69,14240.21 37744.83,12479.46
edge:declared:db.PortfolioCompanyFund:fund	32213.58,14400.92 35141.11,13568.90
edge:declared:db.PortfolioCompanyFund:portfolio_company	31977.58,14420.66 30848.69,14288.61
edge:declared:db.PortfolioCompanyManager:portfolio_company	30570.88,16844.22 30714.95,14338.40
edge:declared:db.PortfolioCompanyUserRelation:portfolio_company	30891.88,14396.08 30810.45,14338.40
edge:declared:db.PrivacyPolicyLog:privacy_policy	138.52,29996.87 152.12,29903.21
edge:declared:db.PromotionAddress:promotion	3503.37,7202.10 3595.48,8897.05
edge:declared:db.PromotionCodeUsageHistory:promotion_code	26332.18,12595.50 26187.58,12388.14
edge:declared:db.PromotionCodeUsageHistory:service_fee_item	26330.39,12669.50 26208.81,12832.52
edge:declared:db.Purchase:_corporate_registration_paid_issue	22803.76,13794.66 20459.87,13828.99
edge:declared:db.Purchase:_credit	22803.76,13794.11 21160.78,13812.06
edge:declared:db.Purchase:_deprecated_payment_store	23099.76,13824.70 24014.94,14023.86
edge:declared:db.Purchase:_incorporation_request	22895.51,13897.49 21863.42,15824.23
edge:declared:db.Purchase:_invitation_seat_request	22803.76,13763.76 10020.13,11282.04
edge:declared:db.Purchase:_meeting	22803.76,13890.33 17381.86,17474.65
edge:declared:db.Purchase:_payment_store_legal_partner	22897.95,13897.49 22528.44,14618.57
edge:declared:db.Purchase:_subscription_payment_request	22928.67,13687.49 22486.91,11678.38
edge:declared:db.Purchase:basket	23099.74,13687.49 23254.22,13577.88
edge:declared:db.Purchase:company	22803.76,13763.83 16175.50,12480.28
edge:declared:db.Purchase:investment_association	23099.76,13847.04 30486.03,16569.67
edge:declared:db.Purchase:service_fee	23099.76,13753.34 23796.60,13569.03
edge:declared:db.Purchase:venture_capital	23099.76,13779.05 37744.83,12449.19
edge:declared:db.PurchaseItem:payment_store	24058.65,13829.14 24122.64,14005.84
edge:declared:db.PurchaseItem:purchase	23927.25,13792.18 23099.76,13792.44
edge:declared:db.PurchaseStatusHistory:purchase	22166.42,13727.44 22803.76,13780.23
edge:declared:db.Purpose:articles_of_incorporation	17268.99,14882.57 17126.52,15332.85
edge:declared:db.Purpose:industrial_code	17272.61,14808.57 17262.47,14762.15
edge:declared:db.QrReplyPasswordReset:request	25050.71,16361.19 25006.15,16636.31
edge:declared:db.QrReplyPasswordResetRequest:reply	24952.66,16710.31 24757.26,16862.51
edge:declared:db.QuarterlyReportRequest:quarterly_report	29367.99,16578.23 29666.14,16024.24
edge:declared:db.QuarterlyReportRequestAttachment:quarterly_report_request	27832.11,16997.59 29173.77,16665.33
edge:declared:db.QuarterlyReportRequestRecipient:email_activity_recipient	30659.78,17124.79 25546.17,23071.77
edge:declared:db.QuarterlyReportRequestRecipient:portfolio_company	30698.79,17034.79 30718.22,14338.40
edge:declared:db.QuarterlyReportRequestRecipient:portfolio_company_manager	30669.07,17034.79 30592.92,16918.22
edge:declared:db.QuarterlyReportRequestRecipient:quarterly_report_request	30564.95,17034.79 29477.29,16668.23
edge:declared:db.QuarterlyReportRequestReportItem:quarterly_report_item	28079.48,16704.74 28349.56,16491.87
edge:declared:db.QuarterlyReportRequestReportItem:quarterly_report_request	28182.04,16728.23 29173.77,16638.59
edge:declared:db.QuarterlyReportSettings:quarterly_report	29378.03,15951.08 29550.32,15959.81
edge:declared:db.QuarterlyReportSignupChannel:portfolio_company	28416.76,14885.15 30588.69,14307.95
edge:declared:db.QuarterlyReportSignupChannel:quarterly_report	28335.32,14962.56 29619.58,15910.24
edge:declared:db.QuestionMessageAttachment:message	21700.60,16109.02 24196.29,11483.57
edge:declared:db.QuestionMessageScheduled:question_thread_message	24547.89,10913.99 24281.58,11337.57
edge:declared:db.QuestionThread:_company	20815.12,12630.03 16175.50,12450.83
edge:declared:db.QuestionThreadAssignment:question_thread	19820.01,12736.58 20815.12,12646.78
edge:declared:db.QuestionThreadMessage:question_thread	24099.68,11461.18 21075.12,12586.67
edge:declared:db.QuestionThreadMessageAccessLog:message	24429.75,11620.49 24303.17,11483.57
edge:declared:db.QuestionThreadMessageCategory:question_thread_message	25388.09,11508.61 24371.68,11422.14
edge:declared:db.QuestionThreadMessagePeriodicTaskRelation:question_message_scheduled	24404.24,10758.73 24518.93,10839.99
edge:declared:db.QuestionThreadMessageProfile:message	24794.46,11212.26 24371.68,11362.30
edge:declared:db.QuestionThreadMessageReminder:message	25388.09,11612.79 24371.68,11434.43
edge:declared:db.QuestionThreadMessageReview:message	24937.41,11715.73 24371.68,11469.71
edge:declared:db.QuestionThreadMessageReviewRequest:message	25383.43,11715.73 24371.68,11446.73
edge:declared:db.QuestionThreadTag:question_thread_set	21001.74,12877.65 20961.22,12704.05
edge:declared:db.RebootProductContactRequest:company	13142.34,11971.45 15795.50,12411.94
edge:declared:db.RegisteredMail:order_status_history	1.77,10029.83 293.31,9990.52
edge:declared:db.RegisteredMail:seal_card_return_status_history	-125.23,10008.74 -171.28,9819.52
edge:declared:db.Registration:meeting	14722.74,19457.91 17085.86,17683.61
edge:declared:db.RegistrationAgenda:agenda_ceo_address_change	12571.31,21934.26 12674.82,22028.47
edge:declared:db.RegistrationAgenda:agenda_director_change	12524.90,21934.26 12586.56,22849.87
edge:declared:db.RegistrationAgenda:agenda_option_exercise	12645.87,21878.08 12712.17,21872.11
edge:declared:db.RegistrationAgenda:registration	12562.27,21844.26 14631.32,19539.91
edge:declared:db.RegistrationAssistance:legal_partner	21368.73,16974.46 22403.00,14868.57
edge:declared:db.RegistrationAssistance:meeting	21224.59,17032.25 17381.86,17552.45
edge:declared:db.RegistrationAssistanceReceipt:registration_assistance	21532.51,16982.19 21472.59,16993.03
edge:declared:db.RegistrationCaseReport:company	13193.19,8282.09 15839.89,12226.49
edge:declared:db.RegistrationCaseReport:jurisdiction	13168.96,8282.09 13194.52,9856.68
edge:declared:db.RegistrationCaseReportUpdateLog:company	18265.86,9180.40 16137.15,12226.49
edge:declared:db.RegistrationDirector:registration	14719.43,19644.96 14682.53,19539.91
edge:declared:db.RegistrationFormCaptable:agenda	19000.33,23859.71 17403.48,21506.64
edge:declared:db.RegistrationFormCaptableDocument:captable	16855.36,25052.85 18950.83,23941.71
edge:declared:db.RegistrationFormCaptableNotarizationRequestor:registration_form_captable	18555.75,23540.68 18974.35,23859.71
edge:declared:db.RegistrationFormCaptableNotarizationRequestor:shareholder	18348.92,23466.68 17264.31,23213.14
edge:declared:db.RegistrationFormHeadOfficeInsideRelocationDocument:head_office_relocation_agenda	19234.15,23986.52 18454.06,21630.00
edge:declared:db.RegistrationFormHeadOfficeOutsideRelocationDocument:head_office_relocation_agenda	19809.80,24061.06 18465.82,21630.00
edge:declared:db.RegistrationHelp:company_question_thread	17941.09,15902.03 18920.06,14370.85
edge:declared:db.RegistrationHelp:meeting	17901.95,15976.03 17282.82,17455.49
edge:declared:db.ResignationLetterDocument:director_change_agenda	13071.31,24242.34 12609.17,22955.87
edge:declared:db.RightToConsentOrConsult:company	14078.50,16629.33 15886.64,12660.49
edge:inheritance:db.RsuAdjustEvent->db.Event	14603.39,16615.56 15446.56,16838.92
edge:declared:db.RsuExerciseClaim:company	13421.72,15372.37 15795.55,12660.49
edge:declared:db.RsuExerciseClaim:financial_account	13300.47,15478.37 11549.30,16718.10
edge:declared:db.RsuExerciseClaimAttachment:attachment_setting_item	12840.37,15551.16 12694.59,15670.25
edge:declared:db.RsuExerciseClaimAttachment:rsu_exercise_claim	13009.17,15491.77 13251.33,15447.85
edge:declared:db.RsuExerciseClaimCandidate:hrm_emp	11628.02,16516.91 4769.73,18059.21
edge:declared:db.RsuExerciseClaimCandidate:rsu_exercise_claim	11828.74,16439.58 13294.51,15478.37
edge:declared:db.RsuExerciseClaimCandidate:rsu_exercise_management	11773.28,16439.58 11923.58,16057.10
edge:declared:db.RsuExerciseClaimCandidate:rsu_grantee	11820.45,16537.58 12160.40,16788.35
edge:declared:db.RsuExerciseClaimCandidateEmailRecipient:candidate	12282.68,16607.19 11880.02,16516.85
edge:declared:db.RsuExerciseClaimEventRelation:claim	13836.19,15509.97 13499.33,15448.13
edge:declared:db.RsuExerciseClaimEventRelation:event	14056.19,15572.39 15121.41,16055.98
edge:declared:db.RsuExerciseClaimRsu:rsu	13798.63,15371.00 14521.26,15266.30
edge:declared:db.RsuExerciseClaimRsu:rsu_exercise_claim	13562.63,15402.51 13499.33,15410.23
edge:declared:db.RsuExerciseManagement:company	11998.41,15959.10 15795.50,12611.02
edge:declared:db.RsuExerciseManagement:excluded_institution_set	11850.68,16057.10 11570.02,16206.33
edge:declared:db.RsuExerciseManagementAttachmentSetting:management	12267.23,15910.88 12066.84,15970.94
edge:declared:db.RsuExerciseManagementAttachmentSettingItem:setting	12591.87,15744.25 12448.11,15836.88
edge:declared:db.RsuExerciseManagementEmail:rsu_exercise_management	12513.59,16341.68 12026.68,16057.10
edge:declared:db.RsuExtraAttachment:rsu	15121.79,14892.68 14753.08,15173.59
edge:declared:db.RsuGrantContract:rsu	15465.27,15077.10 14793.26,15218.06
edge:declared:db.RsuGrantContract:template	15591.96,15006.09 15625.78,14440.00
edge:declared:db.RsuGrantContractModusignDocument:rsu_grant_contract	21410.26,19101.95 15653.93,15096.09
edge:declared:db.RsuGrantContractTemplate:company	15635.72,14358.00 15945.85,12660.49
edge:declared:db.RsuGrantContractTemplate:stakeholder_set	15615.67,14358.00 15528.99,14075.04
edge:declared:db.RsuGrantContractTemplateStakeholder:company	15528.52,14001.04 15921.83,12660.49
edge:declared:db.RsuMeeting:company	15905.80,15209.41 15979.25,12660.49
edge:declared:db.RsuMeeting:meeting	15930.31,15299.41 17166.76,17455.49
edge:declared:db.RsuMeetingAttachment:meeting	15416.26,15311.58 15780.50,15268.93
edge:declared:db.RsuPerformanceCondition:company	15058.64,13720.87 15828.05,12660.49
edge:declared:db.RsuResumeEvent:pause_event	14962.53,17349.37 15003.10,17396.14
edge:declared:db.RsuRsa:company	14691.85,15173.59 15882.68,12660.49
edge:declared:db.RsuRsa:grantee	14544.66,15319.59 12279.22,16788.35
edge:declared:db.RsuRsa:grantee_hrm_emp	14521.26,15285.14 4769.73,18049.14
edge:declared:db.RsuRsa:source_meeting	14793.26,15247.44 15780.50,15253.63
edge:declared:db.RsuRsaSealedContractFile:company	15400.54,14526.36 15924.56,12660.49
edge:declared:db.RsuRsaSealedContractFile:grant_contract	15405.26,14600.36 15570.90,15006.09
edge:declared:db.RsuTag:category	15023.10,14410.24 14943.32,14249.22
edge:declared:db.RsuTag:company	15062.65,14410.24 15883.68,12660.49
edge:declared:db.RsuTag:rsu_set	15023.50,14492.24 14692.70,15173.59
edge:declared:db.RsuTagCategory:company	14947.17,14175.22 15855.39,12660.49
edge:declared:db.RsuVesting:rsu	14165.87,15214.56 14521.26,15237.73
edge:declared:db.RsuVestingItem:performance_condition	14354.48,14750.02 15006.53,13794.87
edge:declared:db.RsuVestingItem:rsu_vesting	14293.62,14840.02 14072.66,15169.87
edge:declared:db.RsuVestingTraceable:rsu	14517.67,15128.47 14570.99,15173.59
edge:declared:db.RsuVestingTraceable:source_vesting_item	14455.20,15054.47 14346.56,14840.02
edge:declared:db.RtccConsentSummary:company	14055.14,11001.21 15795.50,12301.53
edge:declared:db.RtccConsentSummary:source_result	13983.77,10927.21 13657.93,10375.40
edge:declared:db.RtccEmail:right_to_consent_or_consult	13926.69,17037.67 14044.96,16711.33
edge:declared:db.RtccEmailAuthentication:rtcc_investor	14770.64,17547.25 14484.30,17442.87
edge:declared:db.RtccInvestor:right_to_consent_or_consult	14342.24,17352.87 14076.78,16711.33
edge:declared:db.RtccInvestor:stakeholder	14257.87,17442.87 10125.11,19248.71
edge:declared:db.RtccInvestorFile:investor	15476.77,17586.45 14516.36,17424.15
edge:declared:db.RtccSummaryAnalysisRequest:company	14390.44,10717.88 15795.50,12237.94
edge:declared:db.RtccSummaryAnalysisRequestDocument:document	14329.37,10361.80 18279.04,15302.65
edge:declared:db.RtccSummaryAnalysisRequestDocument:request	14305.33,10361.80 14346.40,10635.88
edge:declared:db.RtccSummaryAnalysisResult:request	13719.77,10375.40 14266.49,10635.88
edge:declared:db.RtccSummaryAnalysisResultDocument:document	13648.10,9527.17 18278.92,15302.65
edge:declared:db.RtccSummaryAnalysisResultDocument:result	13619.10,9527.17 13632.98,10293.40
edge:declared:db.Safe:company	13217.65,14481.95 15795.50,12583.42
edge:declared:db.Safe:holder	13112.91,14555.95 11876.10,15395.56
edge:declared:db.SafeCreateEvent:contract_file	16900.76,17568.89 20408.00,18434.37
edge:declared:db.SalesMetric:legal_partner	23304.34,14687.10 22618.39,14733.22
edge:declared:db.SdContactRequest:secondary_deal	37996.64,8559.51 39006.91,6234.15
edge:declared:db.SdContactRequest:venture_capital	37980.06,8633.51 37931.59,12227.48
edge:declared:db.SealCardReturnRequest:seal_card	-1356.47,8440.98 -729.83,8372.64
edge:declared:db.SealCardReturnStatusHistory:seal_card_return_request	-221.49,9737.52 -1440.24,8495.51
edge:declared:db.SealCertificateDelivery:company	19349.13,12378.68 16175.50,12439.83
edge:declared:db.SealCertificateDelivery:seal_card_pickup_delivery	19597.13,12370.96 20369.97,12337.73
edge:declared:db.SealCertificateIssueRequest:delivery	19624.91,12467.69 19554.50,12425.29
edge:declared:db.SealStamp:attachment	16544.63,15686.97 20408.00,18350.28
edge:declared:db.SealStamp:company	16459.74,15580.97 16018.30,12660.49
edge:declared:db.SealStamp:director	16477.98,15686.97 16604.99,16345.18
edge:declared:db.SealStampCardContinuedUseApplicationFormDocument:stakeholder	9244.55,23214.16 9930.29,19478.24
edge:declared:db.SealStampDeclarationDocument:stakeholder	9550.83,23062.75 9941.98,19478.24
edge:declared:db.SealStampImage:seal_stamp	17122.73,15796.92 16591.75,15664.82
edge:declared:db.SealStampUsageHistory:employee	10416.56,15247.74 8630.79,15046.29
edge:declared:db.SealStampUsageHistory:payroll_statement_document	10571.68,15314.73 10599.80,15362.62
edge:declared:db.SealStampUsageHistory:seal_stamp	10664.56,15269.52 16343.75,15626.18
edge:declared:db.SealStampUsageHistory:wht_book	10416.56,15274.10 9614.32,15354.11
edge:declared:db.SealStampUsageHistory:wht_certificate	10637.02,15208.73 10735.38,15154.68
edge:declared:db.SealStampUsageHistory:wht_receipt	10416.56,15219.28 10313.82,15184.11
edge:declared:db.SecondaryDeal:assigned_investors	39037.83,6234.15 37965.51,12227.48
edge:declared:db.SecondaryDeal:business_line	38905.48,6099.10 38177.83,6032.72
edge:declared:db.SecondaryDeal:corporate_registration	38905.48,6039.22 38634.96,5909.36
edge:declared:db.SecondaryDeal:operating_profit	39025.47,5992.15 38636.53,4608.44
edge:declared:db.SelfRegistration:meeting	17540.56,17477.18 17381.86,17526.50
edge:declared:db.ServiceFee:basket	23796.60,13537.17 23424.37,13539.99
edge:declared:db.ServiceFeeItem:product	26084.33,12832.52 24807.00,12274.79
edge:declared:db.ServiceFeeItem:service_fee	26054.23,12909.92 24044.60,13499.83
edge:declared:db.ShareClass:company	15457.36,18143.02 15965.39,12660.49
edge:declared:db.ShareholderInstitutionMember:institution	10209.72,21975.32 10646.08,22672.54
edge:declared:db.ShareholderInstitutionMember:manager	10164.08,21893.32 10043.15,21645.22
edge:declared:db.ShareholderInstitutionMemberCeo:member	10135.28,22580.72 10180.97,21975.32
edge:declared:db.ShareholderVote:agenda	17291.15,22776.66 17308.62,21506.64
edge:declared:db.ShareholderVote:attended_shareholder	17268.39,22850.66 17118.30,23100.31
edge:declared:db.ShareholderVotingRightsPerAgenda:agenda	17135.62,22466.08 17288.66,21506.64
edge:declared:db.ShareholderVotingRightsPerAgenda:shareholder	17126.78,22540.08 17082.29,23100.31
edge:declared:db.ShareholdersAgreementStakeholder:stakeholder	8924.84,19087.06 9793.11,19283.65
edge:declared:db.ShareholdersMeeting:chairperson	15623.25,22733.20 13818.34,22704.96
edge:declared:db.ShareholdersMeeting:meeting	15773.04,22666.23 17200.31,17689.49
edge:declared:db.ShareholdersMeeting:sealed_meeting_minutes_file	15831.83,22666.23 20408.00,18648.09
edge:declared:db.ShareholdersMeetingAgenda:agenda_authorized_shares_change	17150.51,21445.02 16616.25,21696.72
edge:declared:db.ShareholdersMeetingAgenda:agenda_bonus_issue	17364.86,21232.64 17729.93,20312.38
edge:declared:db.ShareholdersMeetingAgenda:agenda_branch_change	17333.05,21232.64 17520.44,20093.97
edge:declared:db.ShareholdersMeetingAgenda:agenda_change_of_articles_of_incorporation	17470.51,21291.91 18884.15,20605.17
edge:declared:db.ShareholdersMeetingAgenda:agenda_co_ceo_system_change	17150.51,21338.03 16112.56,21133.00
edge:declared:db.ShareholdersMeetingAgenda:agenda_company_name_change	17263.98,21232.64 17194.72,21028.72
edge:declared:db.ShareholdersMeetingAgenda:agenda_custom	17150.51,21320.41 16156.10,21014.46
edge:declared:db.ShareholdersMeetingAgenda:agenda_director_change	17150.51,21421.61 12714.13,22862.59
edge:declared:db.ShareholdersMeetingAgenda:agenda_director_compensation_decision	17150.51,21386.58 14833.69,21631.90
edge:declared:db.ShareholdersMeetingAgenda:agenda_director_compensation_rule	17150.51,21318.81 16715.44,21180.61
edge:declared:db.ShareholdersMeetingAgenda:agenda_financial_statements	17310.80,21232.64 17312.90,20246.58
edge:declared:db.ShareholdersMeetingAgenda:agenda_head_office_relocation	17470.51,21399.10 18307.02,21553.15
edge:declared:db.ShareholdersMeetingAgenda:agenda_head_office_relocation_aoi_change	17386.46,21232.64 17557.34,20924.41
edge:declared:db.ShareholdersMeetingAgenda:agenda_method_of_giving_public_notice_change	17281.03,21232.64 17122.66,20496.72
edge:declared:db.ShareholdersMeetingAgenda:agenda_new_issue	17150.51,21503.10 16211.35,22286.50
edge:declared:db.ShareholdersMeetingAgenda:agenda_new_options_rule	17150.51,21276.64 16785.29,21064.35
edge:declared:db.ShareholdersMeetingAgenda:agenda_new_or_change_rsu_rule	17169.39,21232.64 17119.57,21184.27
edge:declared:db.ShareholdersMeetingAgenda:agenda_option_cancel	17150.51,21346.60 15086.73,21049.47
edge:declared:db.ShareholdersMeetingAgenda:agenda_option_grant	17169.19,21232.64 15631.83,19742.33
edge:declared:db.ShareholdersMeetingAgenda:agenda_purpose_change	17470.51,21466.89 17632.02,21565.05
edge:declared:db.ShareholdersMeetingAgenda:agenda_rsu_grant	17150.51,21322.52 15783.59,20919.97
edge:declared:db.ShareholdersMeetingAgenda:agenda_subsidiary_establishment	17150.51,21373.20 15904.94,21400.90
edge:declared:db.ShareholdersMeetingAgenda:meeting	17154.28,21506.64 15831.93,22666.23
edge:declared:db.ShareholdersMeetingConvocationNoticeEmail:shareholders_meeting	18015.20,20741.89 15831.55,22666.23
edge:declared:db.ShareholdersMeetingConvocationNoticeEmailAttachment:convocation_notice_email	19794.04,20416.67 18259.30,20662.67
edge:declared:db.ShareholdersMeetingConvocationNoticeEmailNewIssueAttachment:email	16779.79,22070.86 18024.89,20741.89
edge:declared:db.ShareholdersMeetingConvocationNoticeEmailNewIssueAttachment:new_issue	16655.92,22144.86 16245.45,22315.10
edge:declared:db.ShareholdersMeetingConvocationNoticeEmailRecipient:email_activity_recipient	20856.92,22832.44 25380.04,23113.08
edge:declared:db.ShareholdersMeetingConvocationNoticeRecipient:bulk_email_recipient	19143.04,21240.70 17328.58,19174.77
edge:declared:db.ShareholdersMeetingConvocationNoticeRecipient:convocation_notice_email	19098.17,21240.70 18162.69,20741.89
edge:declared:db.ShareholdersMeetingConvocationNoticeRecipient:shareholder	19132.25,21330.70 17153.95,23100.31
edge:declared:db.ShareholdersMeetingDirectorAttendance:stakeholder	13594.87,22653.30 10125.11,19473.37
edge:declared:db.ShareholdersMeetingPowerOfAttorneyIndividualDocument:shareholder	16526.93,24403.69 17046.07,23238.31
edge:declared:db.ShareholdersMeetingShareholderAttendance:meeting	16889.31,23107.82 15883.25,22777.87
edge:declared:db.ShareholdersMeetingShareholderAttendance:original_shareholder	16889.31,23156.64 10816.76,22746.32
edge:declared:db.ShareholdersMeetingShortenPeriodIndividualDocument:shareholder	16233.23,23748.21 16976.26,23238.31
edge:declared:db.ShareholdersMeetingWrittenDecisionIndividualDocument:shareholder	16320.43,24146.63 17023.41,23238.31
edge:declared:db.Stakeholder:company	10096.68,19164.24 15795.50,12660.33
edge:declared:db.Stakeholder:standardized_address	10125.11,19316.75 23936.01,18943.02
edge:declared:db.StakeholderAccount:account	10822.07,17882.68 11451.19,16816.10
edge:declared:db.StakeholderAccount:stakeholder	10778.04,17956.68 10053.33,19164.24
edge:declared:db.StakeholderCustodian:stakeholder	9377.86,19293.80 9793.11,19313.40
edge:declared:db.StakeholderSeat:stakeholder	8649.74,19356.67 9793.11,19325.73
edge:declared:db.StarredQuestionThread:question_thread	20562.40,12795.33 20815.12,12689.49
edge:declared:db.Stock:company	15423.03,18409.98 15965.04,12660.49
edge:declared:db.Stock:share_class	15424.51,18409.98 15445.53,18249.02
edge:declared:db.Stock:shareholder	15373.90,18491.98 10758.52,22672.54
edge:declared:db.StockDocumentAnalysis:document_ai_process_request	28461.18,27628.18 29234.24,27371.06
edge:declared:db.StockDocumentAnalysis:stock_reregistration_event	28389.60,27702.18 28538.47,27841.04
edge:declared:db.StockTransferAgreement:company	16948.76,18382.45 16020.70,12660.49
edge:declared:db.StockTransferAgreement:purchaser	16825.25,18476.19 10125.11,19300.81
edge:declared:db.StockTransferAgreement:sealed_agreement_file	17097.25,18460.27 20408.00,18480.12
edge:declared:db.StockTransferAgreement:seller	16848.32,18536.45 10782.09,22672.54
edge:declared:db.StockTransferAgreement:stock_transfer_event	16825.25,18453.64 16683.61,18447.59
edge:declared:db.StockTransferAgreementClauses:stock_transfer_agreement	17221.41,18328.04 17097.25,18390.75
edge:declared:db.StockTransferAgreementItem:agreement	16601.81,18176.78 16863.34,18382.45
edge:declared:db.StockTransferAgreementItem:share_class	16431.26,18146.08 15576.45,18189.69
edge:declared:db.StockTransferAgreementManagement:company	17898.57,13217.56 16175.50,12520.37
edge:declared:db.StockTransferAgreementManagement:related_tax_advices	18161.29,13230.17 20815.12,12662.84
edge:declared:db.StockTransferAgreementManagement:stock_transfer_agreement	18000.71,13307.56 16976.79,18382.45
edge:declared:db.StockTransferAgreementManagementStakeholderSeat:stakeholder_seat	6025.33,8536.80 8516.27,19319.02
edge:declared:db.StockTransferAgreementManagementStakeholderSeat:stock_transfer_agreement_management	6109.95,8536.80 17896.48,13217.56
edge:declared:db.StockTransferAgreementModusignDocument:stock_transfer_agreement	20401.66,20216.57 17097.25,18528.91
edge:declared:db.StockTransferAgreementModusignEmbeddedDraft:stock_transfer_agreement	19410.76,19888.85 17093.20,18536.45
edge:declared:db.StockTransferAgreementPurchaserInstitution:agreement	17156.52,18741.67 17014.53,18536.45
edge:declared:db.StockTransferAgreementSellerInstitution:agreement	17155.87,18457.64 17097.25,18458.19
edge:declared:db.StockTransferAgreementSurvey:company	21051.90,10650.12 16175.50,12376.24
edge:declared:db.StockTransferPrice:share_class	16444.21,18293.11 15576.45,18208.16
edge:declared:db.StockTransferPrice:stock_transfer_event	16563.12,18341.66 16564.70,18405.55
edge:declared:db.StockUnissuedConfirmationRequest:company	18504.68,15644.89 16156.26,12660.49
edge:declared:db.StockUnissuedConfirmationRequest:stock_unissued_confirmation_file	18567.17,15726.89 20438.00,18264.26
edge:declared:db.StripeCard:customer	897.31,7249.12 962.30,7621.39
edge:declared:db.StripePayment:card	-226.57,7902.25 830.94,7249.12
edge:declared:db.StripePayment:order	-168.96,7963.33 1553.93,8242.28
edge:declared:db.StripePayment:seal_card_return_request	-388.19,7984.25 -1385.24,8413.51
edge:declared:db.Subscription:company	21410.06,11283.77 16175.50,12402.87
edge:declared:db.Subscription:subscription_contract	21410.06,11284.06 19901.10,11609.97
edge:declared:db.Subscription:subscription_package	21410.06,11273.57 19946.72,11476.68
edge:declared:db.Subscription:subscription_plan	21450.40,11335.69 20932.69,11774.04
edge:declared:db.Subscription:subscription_policy	21410.06,11301.17 20084.09,11754.37
edge:declared:db.Subscription:subscription_promotion	21410.06,11327.41 20811.81,11647.32
edge:declared:db.SubscriptionBonus:subscription	22405.10,11265.64 21682.06,11256.42
edge:declared:db.SubscriptionContract:company	19665.10,11660.57 16175.50,12403.06
edge:declared:db.SubscriptionModusignDocumentUsageHistory:subscription	23015.27,11439.11 21682.06,11271.76
edge:declared:db.SubscriptionPackage:company	19710.72,11522.24 16175.50,12396.50
edge:declared:db.SubscriptionPaymentRequest:company	22351.89,11653.02 16175.50,12419.90
edge:declared:db.SubscriptionPaymentRequest:subscription	22378.06,11596.38 21682.06,11310.54
edge:declared:db.SubscriptionPenaltyPayment:company	19549.74,11792.02 16175.50,12408.76
edge:declared:db.SubscriptionPenaltyPayment:subscription	19789.74,11737.13 21410.06,11292.05
edge:declared:db.SubscriptionPeriod:subscription	22816.66,10861.39 21682.06,11212.59
edge:declared:db.SubscriptionPerk:subscription	22277.32,11421.13 21682.06,11285.64
edge:declared:db.SubscriptionPlan:permissions	20735.37,11859.70 20144.08,11990.08
edge:declared:db.SubscriptionPlanOffering:subscription_plan	21175.16,11959.99 20995.37,11885.15
edge:declared:db.SubscriptionPlanPerk:subscription_plan	21113.02,11864.63 20995.37,11848.67
edge:declared:db.SubscriptionPolicy:company	19857.83,11810.65 16175.50,12412.44
edge:declared:db.SubscriptionPromotion:company	20624.62,11703.15 16175.50,12413.17
edge:declared:db.SubscriptionReservation:company	20547.81,12088.23 16175.50,12428.69
edge:declared:db.SubscriptionReservation:subscription_plan	20695.58,12042.04 20819.50,11888.04
edge:declared:db.SubscriptionSuspensionHistory:subscription	22302.92,11138.50 21682.06,11233.81
edge:declared:db.TalingCoupon:_company	10608.35,11737.89 15795.50,12418.56
edge:declared:db.TaxBookkeepingServiceRequest:company	21126.85,14331.87 16175.50,12513.28
edge:declared:db.TaxBookkeepingServiceRequest:incorporation_request	21253.46,14413.87 21768.80,15824.23
edge:declared:db.TaxPartnerTbkContract:legal_partner	23658.38,14531.72 22618.39,14716.25
edge:declared:db.TaxPartnerTbkContractItem:tax_partner_tbk_contract	23959.11,14590.05 23861.67,14547.78
edge:declared:db.TaxPartnerTbkSettings:legal_partner	22842.69,15747.94 22511.47,14868.57
edge:declared:db.TbkConsulting:tax_bookkeeping_service_request	21550.82,14282.23 21375.48,14333.11
edge:declared:db.TbkConsulting:tbk_question_thread	21550.82,14247.89 19118.96,14279.98
edge:declared:db.TbkConsultingMemo:tbk_consulting	22066.87,14043.73 21769.68,14197.25
edge:declared:db.TbkConsultingRefusal:incorporation_request	21403.56,15526.42 21701.96,15824.23
edge:declared:db.TbkConsultingStatusLog:tbk_consulting	21487.39,14003.90 21636.93,14197.25
edge:declared:db.TbkContract:tbk_consulting	23037.71,15087.35 21754.22,14295.25
edge:declared:db.TbkContractBenefit:tbk_contract	23296.32,15171.76 23228.14,15156.36
edge:declared:db.TbkContractSettlement:tbk_contract	23291.28,14994.69 23161.54,15087.35
edge:declared:db.ThirdPartyArticleProviderUserRelation:article_provider	20436.81,19991.45 20431.98,19943.37
edge:declared:db.UserApiKeyCompanyAccess:api_key	17457.46,8082.98 17683.36,7510.54
edge:declared:db.UserApiKeyCompanyAccess:selected_companies	17427.46,8164.98 16058.63,12226.49
edge:declared:db.UserApiKeyCompanyRelation:company	16829.40,7693.10 16024.05,12226.49
edge:declared:db.UserApiKeyCompanyRelation:company_access	16883.84,7693.10 17388.24,8082.98
edge:declared:db.UserApiKeyRevocation:api_key	17224.25,7450.79 17575.54,7464.65
edge:declared:db.UserInvitation:company	9451.92,11748.33 15795.50,12423.27
edge:declared:db.UserInvitation:company_user_relation	9203.92,11737.80 7473.18,11775.00
edge:declared:db.UserInvitationInvitee:invitation	7727.29,12644.44 9248.71,11780.14
edge:declared:db.UserInvitationInvitee:stakeholder	7674.96,12718.44 9904.80,19164.24
edge:declared:db.UserInvitationOwnerRoleRelation:owner_role	9418.82,11273.50 9562.44,11131.34
edge:declared:db.UserInvitationOwnerRoleRelation:user_invitation	9376.78,11347.50 9333.59,11690.14
edge:declared:db.UserProfileImageMapping:profile_image	22013.01,18858.75 22213.96,18987.18
edge:declared:db.UserSealCardRelation:seal_card	-894.27,8505.44 -686.65,8400.11
edge:declared:db.ValuationHistory:company	18475.13,12453.02 16175.50,12444.22
edge:declared:db.ValuationServiceRequest:company	17923.93,13793.03 16175.50,12575.77
edge:declared:db.ValuationServiceRequest:company_question_thread	18058.96,13867.03 18834.96,14217.68
edge:declared:db.VcIrRecommendationRequest:venture_capital	35902.73,9747.00 37774.16,12227.48
edge:declared:db.VcIrRecommendationRequestResult:investor_relations	33989.68,8764.97 30725.81,7602.02
edge:declared:db.VcIrRecommendationRequestResult:request	34166.10,8838.97 35802.23,9673.00
edge:declared:db.VcLpReport:venture_capital	37465.11,12975.15 37753.65,12637.48
edge:declared:db.VcLpReportRequest:alimtalk_activity	38091.55,13354.76 36475.41,14052.53
edge:declared:db.VcLpReportRequest:vc_lp_report	38084.15,13272.76 37525.87,13049.15
edge:declared:db.VcLpReportRequestRecipient:alimtalk_activity_recipient	36114.15,13955.40 35443.17,14314.05
edge:declared:db.VcLpReportRequestRecipient:fund_partner	36123.50,13873.40 35842.21,13702.17
edge:declared:db.VcLpReportRequestRecipient:vc_lp_report_request	36323.85,13874.37 38062.51,13351.08
edge:declared:db.VcNameAlias:venture_capital	38943.13,12079.97 38112.83,12368.53
edge:declared:db.VcSearchLog:company	29373.21,6851.65 16175.50,12364.13
edge:declared:db.VcSearchLog:investor_relations	29532.63,6851.65 30417.81,7444.08
edge:declared:db.VcSearchLog:venture_capital	29533.05,6851.65 37744.83,12310.17
edge:declared:db.VcUserRole:venture_capital	35245.44,11022.05 37744.83,12335.77
edge:declared:db.VentureBusinessCertification:attachment	18435.77,15526.82 20439.19,18264.26
edge:declared:db.VentureBusinessCertification:company	18373.14,15444.82 16158.13,12660.49
edge:declared:db.VentureBusinessCertificationExpirationNotificationLog:venture_business_certification	18209.65,15570.68 18311.01,15526.82
edge:declared:db.VentureCapitalEmailTemplates:venture_capital	38433.98,12547.66 38112.83,12474.43
edge:declared:db.VentureCapitalPaymentLink:venture_capital	31805.20,12754.12 37744.83,12442.14
edge:declared:db.VentureCapitalQuarterlyReport:content_template	29732.29,15910.24 31433.75,13175.64
edge:declared:db.VentureCapitalQuarterlyReport:venture_capital	29829.57,15910.24 37744.83,12511.49
edge:declared:db.VentureCapitalQuarterlyReportContentTemplate:venture_capital	31654.27,13117.09 37744.83,12452.56
edge:declared:db.VentureCapitalQuarterlyReportItem:quarterly_report	28511.38,16409.87 29550.32,16021.94
edge:declared:db.VentureCapitalQuarterlyReportItemReply:file_attachment	24263.99,17591.90 20788.00,18435.17
edge:declared:db.VentureCapitalQuarterlyReportItemReply:item	24580.91,17509.90 28253.66,16491.87
edge:declared:db.VentureCapitalQuarterlyReportItemReply:reply	24448.83,17509.90 24648.70,16992.51
edge:declared:db.VentureCapitalQuarterlyReportReply:_deprecated_captable	24504.81,16991.93 20788.00,18408.83
edge:declared:db.VentureCapitalQuarterlyReportReply:company_create_request	24504.81,16961.54 23960.45,17071.16
edge:declared:db.VentureCapitalQuarterlyReportReply:portfolio_company	24821.85,16862.51 30588.69,14330.48
edge:declared:db.VentureCapitalQuarterlyReportReply:quarterly_report	24842.81,16895.20 29550.32,15995.25
edge:declared:db.VentureCapitalSubscription:subscription_plan	38788.09,11040.85 38955.58,11226.40
edge:declared:db.VentureCapitalSubscription:venture_capital	38733.30,11040.85 38047.34,12227.48
edge:declared:db.VentureCapitalSubscriptionPlanPermission:subscription_plan	40374.56,11218.86 39137.09,11262.32
edge:declared:db.VentureCapitalSubscriptionPlanPrice:subscription_plan	38893.86,11887.04 38986.06,11308.40
edge:declared:db.VentureCapitalUserRelation:roles	34417.05,10430.82 35124.45,10948.05
edge:declared:db.VentureCapitalUserRelation:venture_capital	34434.07,10430.82 37744.83,12327.09
edge:declared:db.VentureComplex:address	24690.67,17931.81 24164.57,18813.85
edge:declared:db.VideoCollection:video_contents	18704.52,9448.63 19357.58,8854.84
edge:declared:db.VideoCollectionFeedback:company	18276.39,9466.78 16152.50,12226.49
edge:declared:db.VideoCollectionFeedback:video_collection	18422.87,9451.30 18531.03,9471.02
edge:declared:db.VideoCollectionPermission:company	18662.75,10008.91 16175.50,12270.71
edge:declared:db.VideoCollectionPermission:video_collection	18699.69,9934.91 18659.58,9538.63
edge:declared:db.VideoContentHistory:company	18948.91,9746.59 16175.50,12270.58
edge:declared:db.VideoContentHistory:video_collection	18928.40,9664.59 18726.99,9538.63
edge:declared:db.VideoContentHistory:video_content	19012.75,9664.59 19383.88,8854.84
edge:declared:db.VideoContentSpeecher:video_content	19009.48,8753.67 19278.67,8794.86
edge:declared:db.WhitepaperPreviewFile:whitepaper	327.13,6281.66 292.16,6397.15
edge:declared:db.WhitepaperWatermarkFile:whitepaper	1560.14,5905.90 378.37,6397.15
edge:declared:db.WhtBook:employee	9368.19,15325.48 8630.79,15077.94
edge:declared:db.WhtBook:wht_book_without_date	9366.32,15402.32 9171.85,15458.53
edge:declared:db.WhtBookWithoutDate:employee	9008.63,15455.63 8612.22,15131.27
edge:declared:db.WhtCertificate:employee	10684.72,15113.22 8630.79,15035.63
edge:declared:db.WhtReceipt:employee	10087.73,15139.08 8630.79,15039.93
edge:declared:db.YearEndTaxSettlement:payroll	7529.92,18568.49 4791.49,4917.25
edge:declared:db.YearEndTaxSettlementConfirmationSchedule:year_end_tax_settlement	6794.42,17994.45 7484.83,18568.49
edge:declared:db.YetsAssistance:employee	13877.72,30650.10 6288.63,30512.55
edge:declared:db.YetsAssistanceCreatorYetsEmployee:yets_employee	7397.71,30213.92 6288.63,30475.36
edge:declared:db.YetsAssistanceMessage:assistance	17868.72,30223.35 14125.72,30638.59
edge:declared:db.YetsAssistanceMessage:creator	17868.72,30208.21 12234.45,30145.65
edge:declared:db.YetsAssistanceMessageFile:message	24182.96,30586.67 18116.72,30217.14
edge:declared:db.YetsAssistanceStaffAccessLog:assistance	13112.45,30784.30 13877.72,30670.75
edge:declared:db.YetsAssistanceStaffFavoriteRelation:assistance	14692.57,30474.92 14125.72,30620.50
edge:declared:db.YetsEmail:year_end_tax_settlement	8748.42,19982.69 7578.70,18658.49
edge:declared:db.YetsEmailAuthentication:yets_employee	5324.55,30966.98 6025.87,30574.89
edge:declared:db.YetsEmployee:employee	6151.98,30444.89 8473.48,15131.27
edge:declared:db.YetsEmployee:year_end_tax_settlement	6149.76,30444.89 7533.67,18658.49
edge:declared:db.YetsEmployeeFile:employee	25876.43,32381.34 6288.63,30523.78
edge:declared:db.YetsEmployeeResult:yets_employee	7449.86,29955.71 6288.63,30447.81
edge:declared:db.YetsEmployeeResultAssistanceMessageRelation:assistance_message	12854.71,30057.01 17868.72,30205.91
edge:declared:db.YetsEmployeeResultAssistanceMessageRelation:result	12466.71,30045.91 7680.05,29914.12
edge:declared:db.YetsEmployeeResultStatusLog:result	7894.55,29028.82 7573.32,29865.71
edge:declared:db.YetsEmployeeResultWhtReceipt:result	23803.63,29980.03 7680.05,29911.24
edge:declared:db.YetsEmployeeSubmissionLog:yets_employee	6114.57,30640.39 6128.40,30574.89
edge:declared:db.YetsEmployeeUploadForm:yets_employee	8254.20,30835.39 6288.63,30532.47
edge:declared:db.YetsEmployeeUploadFormStatusLog:yets_employee_upload_form	7866.68,31543.46 8345.09,30890.58
edge:declared:db.ZuzuTaxPhoneToken:phone	3798.51,12359.04 3493.88,12476.44
edge:declared:document_ai.DocumentAiProcessResult:request	28607.42,29787.26 29334.35,27371.06
edge:declared:fi_sta.FiStaCompanyCeo:fi_sta_company	35761.47,30367.87 34766.12,32739.60
edge:declared:fi_sta.FiStaCompanySearchResult:fi_sta_company	34822.35,31532.78 34751.32,32739.60
edge:declared:fi_sta.FiStaContractDocument:participant	32400.06,33295.62 32975.56,33670.38
edge:declared:fi_sta.FiStaContractDocument:stock_transfer_agreement_document	32206.96,33271.54 29651.06,33702.81
edge:declared:fi_sta.FiStaContractDocument:stock_transfer_notice_poa_document	32351.27,33295.62 32455.17,33525.78
edge:declared:fi_sta.FiStaContractDocument:stock_unissued_confirmation_poa_document	32329.45,33205.62 32232.18,30313.96
edge:declared:fi_sta.FiStaManagement:fi_sta_company	37148.54,35079.41 34791.71,32821.60
edge:declared:fi_sta.FiStaParticipant:fi_sta_user	33174.81,33757.54 35420.46,34448.65
edge:declared:fi_sta.FiStaStockTransferAgreementDocument:starter	29651.06,33730.92 32926.81,33719.80
edge:declared:fi_sta.FiStaStockTransferNoticePoaDocument:signer	32608.66,33599.78 32926.81,33685.84
edge:declared:fi_sta.FiStaStockUnissuedConfirmationPoaDocument:signer	32239.75,30313.96 33039.14,33670.38
edge:declared:fi_sta.FiStaTransferStock:stock_transfer_agreement_document	31717.98,33947.78 29651.06,33747.94
edge:declared:fi_sta.FiStaUser:fi_sta_management	35635.07,34521.97 37090.55,35079.41
edge:declared:vertex_ai.VertexAiPredictionResult:request	39734.71,17447.12 39655.45,17530.12
edge:inheritance:db.AgendaBonusIssueNewIssueBalanceCertificateFile->db.FileAttachment	18407.91,19780.15 20408.00,18593.94
edge:inheritance:db.AgendaBonusIssueNewIssueMinutesFile->db.FileAttachment	18180.43,20346.31 20408.00,18627.84
edge:inheritance:db.Announcement->db.QuestionThread	20834.83,12290.17 20923.05,12566.05
edge:inheritance:db.AppointedDirectorCertificateOfSealDocument->db.MeetingDocument	16785.39,29512.41 14905.52,26298.84
edge:inheritance:db.AppointedDirectorResidentRegistrationDocument->db.MeetingDocument	18700.59,26456.02 14968.28,26117.96
edge:inheritance:db.ArticlesOfIncorporationAfterChangeDocument->db.MeetingDocument	21583.93,27775.69 14968.28,26145.70
edge:inheritance:db.ArticlesOfIncorporationBeforeChangeDocument->db.MeetingDocument	16711.04,26019.34 14968.28,26094.19
edge:inheritance:db.ArticlesOfIncorporationDocument->db.MeetingDocument	17734.76,27725.33 14968.28,26199.98
edge:inheritance:db.AuditReportDocument->db.MeetingDocument	18962.03,29121.15 14968.28,26230.67
edge:inheritance:db.BalanceCertificateDocument->db.MeetingDocument	13720.98,22554.12 14730.90,25904.84
edge:inheritance:db.BeforeunloadPdfEvent->db.PdfEvent	33336.02,11155.27 34036.83,11379.54
edge:inheritance:db.BigNumberValueWithVisibility->db.ValueWithVisibility	38556.88,4608.44 37189.44,5833.36
edge:inheritance:db.BranchAbolitionEvent->db.Event	18250.28,18030.96 15742.56,16942.38
edge:inheritance:db.BranchChangeEvent->db.Event	19202.19,18441.90 15742.56,16942.28
edge:inheritance:db.BranchInstallationEvent->db.Event	18849.28,18245.41 15742.56,16940.30
edge:inheritance:db.BulkEmailCommonAttachment->db.FileAttachment	16413.31,17451.42 20408.00,18434.50
edge:inheritance:db.BulkEmailRecipientAttachment->db.FileAttachment	18468.31,18942.92 20408.00,18522.45
edge:inheritance:db.CapitalChangeEvent->db.Event	15128.01,15771.52 15548.61,16769.13
edge:inheritance:db.CaptableAfterNewIssueDocument->db.MeetingDocument	17432.97,29705.88 14934.73,26298.84
edge:inheritance:db.CaptableAtRecordDateDocument->db.MeetingDocument	19396.70,26263.27 14968.28,26108.08
edge:inheritance:db.CaptableBeforeNewIssueDocument->db.MeetingDocument	16320.91,24618.20 14968.28,25929.30
edge:inheritance:db.CeoAddressChangeEvent->db.Event	16029.70,16572.13 15742.56,16774.05
edge:inheritance:db.CeoConfirmationDocument->db.MeetingDocument	18380.10,26128.81 14968.28,26103.18
edge:inheritance:db.CeoTypeChangedCeoResidentRegistrationDocument->db.MeetingDocument	13711.79,24535.20 14654.66,25904.84
edge:inheritance:db.CertificateOfCorporateSealDocument->db.MeetingDocument	16685.74,25659.10 14968.28,26060.26
edge:inheritance:db.CertificateOfSealNotarizationPoaDocument->db.MeetingDocument	14485.76,27271.23 14738.98,26298.84
edge:inheritance:db.CmeBulkEmail->db.BulkEmail	17643.48,16499.25 13712.71,17217.96
edge:inheritance:db.CmeBulkEmailRecipient->db.BulkEmailRecipient	18213.01,16433.46 17298.36,19060.77
edge:inheritance:db.CmeBulkEmailTemplate->db.BulkEmailTemplate	19752.57,15038.84 19500.89,15020.36
edge:inheritance:db.CoCeoSystemChangeEvent->db.Event	15833.69,16376.97 15646.57,16769.13
edge:inheritance:db.CompanyAddressChangeEvent->db.Event	19333.22,18324.55 15742.56,16935.39
edge:inheritance:db.CompanyBulkEmailTemplate->db.BulkEmailTemplate	18874.67,13978.77 19356.95,14970.25
edge:inheritance:db.CompanyDocumentDelivery->db.DocumentDelivery	18491.95,12600.89 19694.94,12625.35
edge:inheritance:db.CompanyEndorsementFeed->db.CompanyFeed	25421.30,7404.16 28146.98,5369.65
edge:inheritance:db.CompanyFeed->db.Feed	28257.00,5369.65 28994.92,6372.29
edge:inheritance:db.CompanyIrClosingFeed->db.CompanyFeed	29183.62,6188.41 28276.70,5369.65
edge:inheritance:db.CompanyIrNewCommitFeed->db.CompanyFeed	29732.47,6047.07 28327.88,5369.65
edge:inheritance:db.CompanyIrOpenFeed->db.CompanyFeed	29873.63,5542.48 28341.99,5333.56
edge:inheritance:db.CompanyNewsFeed->db.CompanyFeed	25160.56,5135.93 28093.99,5309.32
edge:inheritance:db.CompanyOwnerAuditLog->db.AuditLog	9014.37,7791.20 16488.51,6906.68
edge:inheritance:db.CompanyPaymentLink->db.PaymentLink	23167.31,12164.66 25068.09,13124.72
edge:inheritance:db.CompanyQuestionThread->db.QuestionThread	19083.33,14192.85 20862.66,12704.05
edge:inheritance:db.CompanyTanTableView->db.TanTableView	10594.71,9951.73 11006.15,9823.80
edge:inheritance:db.ConsentFormModusignDocument->db.ModusignDocument	28327.22,36906.82 23741.43,20682.94
edge:inheritance:db.ConsentFormModusignEmbeddedDraft->db.ModusignEmbeddedDraft	26550.89,32430.54 22845.16,21834.72
edge:inheritance:db.ConsentFormOptionItem->db.ConsentFormItem	23552.63,24308.36 24278.65,26812.19
edge:inheritance:db.CorporateRegistrationDocument->db.MeetingDocument	16690.94,28996.06 14919.65,26298.84
edge:inheritance:db.CustomOptionGrantContractTemplate->db.OptionGrantContractTemplate	20089.28,16104.54 19557.85,16117.36
edge:inheritance:db.CustomOptionGrantContractTemplateRevision->db.OptionGrantContractTemplateRevision	20524.33,16679.27 20319.43,16461.55
edge:inheritance:db.DebtConfirmationAndOffsetContractDocument->db.MeetingDocument	17103.60,25413.24 14968.28,26048.86
edge:inheritance:db.Director->db.Stakeholder	16483.08,16477.46 10125.11,19248.88
edge:inheritance:db.DirectorAppointmentEvent->db.Event	15970.05,16250.89 15659.81,16769.13
edge:inheritance:db.DirectorCompensationDecisionEvent->db.Event	16376.21,16839.43 15742.56,16870.80
edge:inheritance:db.DirectorCompensationLimitEvent->db.Event	16110.88,16694.65 15742.56,16825.54
edge:inheritance:db.DirectorDecisionDocument->db.MeetingDocument	19012.31,27009.02 14968.28,26140.09
edge:inheritance:db.DirectorResidentRegistrationWithAddressChangeHistoryDocument->db.MeetingDocument	14615.67,24723.60 14765.32,25904.84
edge:inheritance:db.DirectorTermEndEvent->db.Event	16131.41,16430.75 15725.36,16769.13
edge:inheritance:db.DirectorsMeetingMinutesDocument->db.MeetingDocument	16395.85,24987.13 14968.28,25978.26
edge:inheritance:db.DirectorsMeetingNoticeDocument->db.MeetingDocument	16359.87,29167.83 14891.13,26298.84
edge:inheritance:db.DirectorsMeetingNoticeEmail->db.BulkEmail	15585.49,19087.66 13657.57,17310.73
edge:inheritance:db.DirectorsMeetingNoticeEmailRecipient->db.BulkEmailRecipient	16150.35,19264.97 17148.52,19134.73
edge:inheritance:db.DirectorsMeetingSkipNoticeDocument->db.MeetingDocument	15770.92,29476.38 14847.53,26298.84
edge:inheritance:db.DocumentLoadedPdfEvent->db.PdfEvent	33916.97,11242.11 34104.38,11378.22
edge:inheritance:db.ESOPParticipant->db.Employee	9188.59,15893.72 8570.65,15131.27
edge:inheritance:db.ElectronicCertificateApplicationFormDocument->db.MeetingDocument	8179.74,25205.19 14612.28,26077.70
edge:inheritance:db.ElectronicCertificateCaseReportDocument->db.MeetingDocument	8922.50,23488.90 14612.28,26022.58
edge:inheritance:db.Employee->db.Stakeholder	8523.40,15131.27 9905.31,19164.24
edge:inheritance:db.EmployeeOptionExerciseEvent->db.Event	15744.77,17197.08 15645.90,16987.13
edge:inheritance:db.EmployeeOptionExerciseManagementEmail->db.BulkEmail	13284.93,14050.83 13576.27,17172.73
edge:inheritance:db.EmployeeOptionGrantee->db.Employee	9192.98,13423.85 8533.06,14929.27
edge:inheritance:db.EmployeeStockGuideEmail->db.BulkEmail	12536.85,17103.41 13452.71,17224.54
edge:inheritance:db.ExpertClientSignupChannel->db.SignupChannel	23897.03,14834.38 24956.30,14597.60
edge:inheritance:db.FeeReceiptDocument->db.MeetingDocument	16395.94,27613.16 14968.28,26269.38
edge:inheritance:db.FileValueWithVisibility->db.ValueWithVisibility	38386.22,5854.07 37266.13,5868.81
edge:inheritance:db.FinancialStatementsDocument->db.MeetingDocument	19376.39,27367.86 14968.28,26150.98
edge:inheritance:db.FinancialStatementsForNewIssueFromConversionDocument->db.MeetingDocument	15877.18,23422.74 14870.20,25904.84
edge:inheritance:db.HrmAlpUsagePlan->db.HrmApprovable	5469.85,18203.76 2975.40,17843.19
edge:inheritance:db.HrmAnnualLeave->db.HrmLeaveBase	3800.36,21692.88 3268.55,20958.80
edge:inheritance:db.HrmAnnualLeaveFiscalBasedConfig->db.HrmAnnualLeaveConfigBase	4122.79,24962.65 3813.10,22607.43
edge:inheritance:db.HrmAnnualLeaveHireBasedConfig->db.HrmAnnualLeaveConfigBase	3719.27,24148.10 3806.14,22607.43
edge:inheritance:db.HrmAttendance->db.HrmApprovable	3887.65,17886.50 2975.40,17832.60
edge:inheritance:db.HrmAttendanceLocation->db.HrmApprovable	5205.36,17109.87 2975.40,17787.58
edge:inheritance:db.HrmCertificateIssue->db.HrmApprovable	5911.98,16099.76 2938.31,17776.27
edge:inheritance:db.HrmCompensatoryLeave->db.HrmLeaveBase	1966.75,20729.57 3079.66,20868.79
edge:inheritance:db.HrmCustomLeave->db.HrmLeaveBase	2479.52,20738.43 3079.66,20858.57
edge:inheritance:db.HrmDeptAbolishedEvent->db.HrmDeptStatusEventBase	21.47,22520.04 -46.00,21411.10
edge:inheritance:db.HrmDeptCreatedEvent->db.HrmDeptStatusEventBase	-157.55,20735.04 -55.53,21329.10
edge:inheritance:db.HrmDeptNameChangedEvent->db.HrmDeptNameEventBase	-1106.63,19815.27 -1438.96,20044.28
edge:inheritance:db.HrmDeptNameEventBase->db.HrmDeptEventBase	-1438.44,20118.28 -1191.56,20286.80
edge:inheritance:db.HrmDeptParentChangedEvent->db.HrmDeptParentEventBase	-827.98,19981.08 -341.30,19998.36
edge:inheritance:db.HrmDeptParentEventBase->db.HrmDeptEventBase	-328.58,20039.55 -1032.07,20286.80
edge:inheritance:db.HrmDeptStatusEventBase->db.HrmDeptEventBase	-91.16,21329.10 -1098.84,20360.80
edge:inheritance:db.HrmDocument->db.HrmApprovable	2103.03,15646.09 2834.57,17776.27
edge:inheritance:db.HrmEmpAbsenceEvent->db.HrmEmpStatusEventBase	4840.09,15728.13 5360.86,15824.36
edge:inheritance:db.HrmEmpAffiliationChangedEvent->db.HrmEmpAffiliationEventBase	3299.95,16948.01 3480.06,16990.44
edge:inheritance:db.HrmEmpAffiliationEventBase->db.HrmEmpEventBase	3734.06,17006.27 4164.91,16958.49
edge:inheritance:db.HrmEmpContractModusignDocument->db.ModusignDocument	28660.29,37316.53 23742.48,20682.94
edge:inheritance:db.HrmEmpDepartedEvent->db.HrmEmpStatusEventBase	5709.56,15847.43 5608.86,15847.36
edge:inheritance:db.HrmEmpEmploymentTypeChangedEvent->db.HrmEmpEmploymentTypeEventBase	4728.44,17098.35 4659.13,17048.42
edge:inheritance:db.HrmEmpEmploymentTypeEventBase->db.HrmEmpEventBase	4465.76,16982.56 4400.91,16969.38
edge:inheritance:db.HrmEmpJobChangedEvent->db.HrmEmpJobEventBase	3548.64,16299.03 3822.28,16799.22
edge:inheritance:db.HrmEmpJobEventBase->db.HrmEmpEventBase	3960.52,16865.47 4164.91,16916.15
edge:inheritance:db.HrmEmpJoinedEvent->db.HrmEmpStatusEventBase	5029.12,16442.59 5444.29,15900.27
edge:inheritance:db.HrmEmpReturnToWorkEvent->db.HrmEmpStatusEventBase	5245.45,15743.33 5362.78,15794.27
edge:inheritance:db.HrmEmpStatusEventBase->db.HrmEmpEventBase	5426.85,15900.27 4323.41,16908.40
edge:inheritance:db.HrmFamilyCareLeave->db.HrmLeaveBase	1966.75,20835.87 3079.66,20880.36
edge:inheritance:db.HrmFixedWork->db.HrmWorkBase	1862.46,18789.28 1862.39,18909.74
edge:inheritance:db.HrmGrantableLeave->db.HrmLeaveBase	3495.24,20242.28 3247.37,20812.80
edge:inheritance:db.HrmInfertilityTreatmentLeave->db.HrmLeaveBase	2974.81,20332.72 3183.87,20812.80
edge:inheritance:db.HrmLeaveUsage->db.HrmApprovable	6982.53,18429.13 2975.40,17843.40
edge:inheritance:db.HrmMaternityLeave->db.HrmLeaveBase	1966.75,21048.44 3079.66,20903.51
edge:inheritance:db.HrmMenstrualLeave->db.HrmLeaveBase	2484.40,21273.91 3079.66,20957.98
edge:inheritance:db.HrmMiscarriageLeave->db.HrmLeaveBase	1966.75,21154.74 3079.66,20915.09
edge:inheritance:db.HrmPaternityLeave->db.HrmLeaveBase	2468.89,21143.15 3079.66,20932.67
edge:inheritance:db.HrmPersonalLocation->db.HrmApprovable	6394.95,16250.13 2961.63,17776.27
edge:inheritance:db.HrmReserveTrainingLeave->db.HrmLeaveBase	2258.81,21589.57 3116.41,20958.80
edge:inheritance:db.HrmSelectiveWork->db.HrmWorkBase	1988.46,19167.48 1901.45,19031.74
edge:inheritance:db.HrmSelectiveWorkPlan->db.HrmApprovable	3865.55,18038.04 2975.40,17851.28
edge:inheritance:db.HrmStaggeredWork->db.HrmWorkBase	767.87,19504.33 1737.23,19031.74
edge:inheritance:db.IBKSignupChannel->db.SignupChannel	25874.53,14584.97 25204.30,14572.24
edge:inheritance:db.IaCertificateOfInvestmentDocument->db.InvestmentAssociationDocument	36807.45,18586.91 35854.40,19295.34
edge:inheritance:db.IaConsentFormDocument->db.InvestmentAssociationDocument	36253.64,18527.41 35807.76,19295.34
edge:inheritance:db.IaConsentFormOrMeetingElectronicSignatureRequestModusignDocument->db.ModusignDocument	28754.28,20345.18 23854.53,20595.01
edge:inheritance:db.IaConsentFormOrMeetingElectronicSignatureRequestModusignEmbeddedDraft->db.ModusignEmbeddedDraft	29868.62,20985.09 22950.62,21767.69
edge:inheritance:db.IaConsentFormOrMeetingElectronicSignatureRequiredDocument->db.InvestmentAssociationDocument	34014.23,19879.19 35629.34,19398.87
edge:inheritance:db.IaExpertPartnerBulkEmailTemplate->db.BulkEmailTemplate	20888.17,15416.22 19500.89,15044.48
edge:inheritance:db.IaExplanationFormForElectronicSignatureDocument->db.InvestmentAssociationDocument	37595.58,18599.24 35915.34,19296.96
edge:inheritance:db.IaGpAppointmentEvent->db.InvestmentAssociationEvent	35506.02,17869.09 33494.49,17657.63
edge:inheritance:db.IaGpTerminationEvent->db.InvestmentAssociationEvent	35840.14,18162.72 33494.49,17670.22
edge:inheritance:db.IaMeetingAgendaCustom->db.IaMeetingAgenda	35962.31,20828.89 35643.81,20567.02
edge:inheritance:db.IaMeetingMinutesDocument->db.InvestmentAssociationDocument	35201.18,19987.04 35717.10,19417.34
edge:inheritance:db.IaMeetingNoticeDocument->db.InvestmentAssociationDocument	34920.53,19870.68 35671.32,19417.34
edge:inheritance:db.IaMeetingSealedNoticeDocumentFile->db.FileAttachment	31259.41,19873.42 20788.00,18506.07
edge:inheritance:db.IaMeetingShortenPeriodDocument->db.InvestmentAssociationDocument	36837.58,19292.92 35915.34,19347.83
edge:inheritance:db.IaModusignDocumentUsageHistory->db.BaseModusignDocumentUsageHistory	27676.31,14796.05 25434.62,13648.35
edge:inheritance:db.IaOwnerAuditLog->db.AuditLog	24188.17,6788.41 16724.51,6891.10
edge:inheritance:db.IaPartnerListDocument->db.InvestmentAssociationDocument	35702.45,19129.87 35753.51,19295.34
edge:inheritance:db.IaPaymentLink->db.PaymentLink	26487.25,13522.96 25281.18,13202.65
edge:inheritance:db.IaPfCompanyInvestmentSalesIntent->db.SalesIntent	35417.67,22920.96 35573.36,23051.51
edge:inheritance:db.IaQuestionThread->db.QuestionThread	26081.74,13535.47 21075.12,12657.84
edge:inheritance:db.IaRuleDocument->db.InvestmentAssociationDocument	32838.49,19190.26 35629.34,19348.25
edge:inheritance:db.IaSealStampImage->db.FileAttachment	22080.65,18288.70 20788.00,18456.58
edge:inheritance:db.IaWrittenResolutionDocument->db.InvestmentAssociationDocument	36058.12,19529.63 35872.94,19417.34
edge:inheritance:db.ImAcVcBroker->db.ImZuzuBroker	29423.82,12313.13 31922.64,12204.71
edge:inheritance:db.ImIndividualGpBroker->db.ImZuzuBroker	31682.19,12352.18 31953.72,12236.59
edge:inheritance:db.ImInvestorBroker->db.ImBroker	35094.31,12287.79 33714.56,12133.02
edge:inheritance:db.ImIrPartnerBroker->db.ImBroker	31295.90,12059.16 33466.56,12115.87
edge:inheritance:db.ImPitchingDay->db.ImDay	33054.92,10375.95 33801.97,10825.65
edge:inheritance:db.ImPitchingDayParticipation->db.ImDayParticipation	31721.23,10041.85 32817.71,10483.12
edge:inheritance:db.ImZuzuBroker->db.ImBroker	32158.64,12193.46 33466.56,12125.55
edge:inheritance:db.InauguralConsentDocument->db.MeetingDocument	13389.12,23357.01 14689.72,25904.84
edge:inheritance:db.IncorporationRequestAssistanceReceipt->db.FileAttachment	21785.98,17159.39 20788.00,18269.85
edge:inheritance:db.IndividualStakeholder->db.Stakeholder	7738.60,21912.63 9824.58,19478.24
edge:inheritance:db.IndividualStockOptionCancelEvent->db.IndividualInvestorEvent	38435.66,28675.92 37152.37,28060.00
edge:inheritance:db.IndividualStockOptionExerciseEvent->db.IndividualInvestorEvent	38865.93,29743.79 37105.65,28060.00
edge:inheritance:db.IndividualStockOptionGrantEvent->db.IndividualInvestorEvent	37207.35,26327.13 37062.58,27970.00
edge:inheritance:db.IndividualStockOptionPauseEvent->db.IndividualInvestorEvent	32754.57,27318.35 36934.61,27994.93
edge:inheritance:db.IndividualStockOptionResumeEvent->db.IndividualInvestorEvent	33523.78,29378.17 36941.92,28060.00
edge:inheritance:db.IndividualStockOptionSalesIntent->db.SalesIntent	34020.94,23103.55 35499.48,23089.62
edge:inheritance:db.InputSignupChannel->db.SignupChannel	25970.05,15025.23 25160.41,14610.88
edge:inheritance:db.InstitutionStakeholder->db.Stakeholder	10051.64,21126.14 9967.16,19478.24
edge:inheritance:db.InvestmentAssociationAssociationPartner->db.InvestmentAssociationOrganizationPartner	36502.45,15918.74 38114.92,16816.84
edge:inheritance:db.InvestmentAssociationCorporationPartner->db.InvestmentAssociationOrganizationPartner	39201.95,15965.32 38257.26,16816.84
edge:inheritance:db.InvestmentAssociationIndividualPartner->db.InvestmentAssociationPartner	36652.06,17122.85 39437.56,18167.31
edge:inheritance:db.InvestmentAssociationOrganizationPartner->db.InvestmentAssociationPartner	38253.03,16914.84 39483.05,18117.18
edge:inheritance:db.InvestmentAssociationOrganizationPartnerCorporationSigner->db.InvestmentAssociationOrganizationPartnerSigner	38565.53,14904.67 38120.34,15049.32
edge:inheritance:db.InvestmentAssociationOrganizationPartnerIndividualSigner->db.InvestmentAssociationOrganizationPartnerSigner	37818.77,14963.00 37925.96,15049.32
edge:inheritance:db.InvestmentAssociationPartnerSalesIntent->db.SalesIntent	37022.05,21862.27 35659.86,23051.51
edge:inheritance:db.InvestmentContractHolder->db.Stakeholder	11803.88,15469.56 10034.31,19164.24
edge:inheritance:db.InvestorRelations->db.InvestorMatching	30487.67,7676.15 28441.30,10813.38
edge:inheritance:db.IrClosingComplete->db.IrClosing	31974.78,5141.94 33065.76,6625.62
edge:inheritance:db.IrClosingExpired->db.IrClosing	33082.52,7190.72 33094.86,6707.62
edge:inheritance:db.IrClosingIncomplete->db.IrClosing	34178.60,6699.07 33219.91,6670.34
edge:inheritance:db.IrConsultingRequest->db.ImConsultingRequest	27830.69,9899.00 26969.12,9532.29
edge:inheritance:db.IrFeed->db.Feed	30094.22,7361.69 29063.80,6446.29
edge:inheritance:db.IrosOtpIssueMeetingDocument->db.MeetingDocument	9874.19,22805.56 14612.28,25982.49
edge:inheritance:db.LawtalkSignupAttachment->db.FileAttachment	19445.79,17304.14 20408.00,18287.15
edge:inheritance:db.LedgerByCustomerDocument->db.MeetingDocument	16445.99,23396.76 14910.86,25904.84
edge:inheritance:db.LegalPartnerSignupChannel->db.SignupChannel	24217.40,14373.10 24956.30,14541.60
edge:inheritance:db.ManualOptionVesting->db.OptionVesting	14511.47,18547.92 14538.22,18441.66
edge:inheritance:db.ManualProduct->db.Product	24502.60,12141.65 24637.72,12200.79
edge:inheritance:db.MeetingAttachment->db.FileAttachment	18679.64,17780.42 20408.00,18411.85
edge:inheritance:db.Mna->db.InvestorMatching	27954.36,10727.77 28238.64,10846.88
edge:inheritance:db.MnaConsultingRequest->db.ImConsultingRequest	26797.86,9667.12 26855.32,9532.29
edge:inheritance:db.NcpSignupChannel->db.SignupChannel	26669.84,14986.34 25204.30,14602.37
edge:inheritance:db.NewCeoCertificateOfSealDocument->db.MeetingDocument	17085.36,28573.82 14968.28,26293.56
edge:inheritance:db.NewCeoResidentRegistrationDocument->db.MeetingDocument	17437.68,29329.28 14951.87,26298.84
edge:inheritance:db.NewIssueNoticeEmail->db.BulkEmail	13115.33,20740.91 13573.49,17310.73
edge:inheritance:db.NewIssueSkipNoticeDocument->db.MeetingDocument	15392.07,23162.39 14830.61,25904.84
edge:inheritance:db.NewIssueStockAcceptanceDocument->db.MeetingDocument	17756.31,26066.36 14968.28,26099.71
edge:inheritance:db.NewIssueStockAllocationDocument->db.MeetingDocument	18250.26,24070.71 14968.28,25997.35
edge:inheritance:db.NewIssueStockAllocationRecordDateNoticeDocument->db.MeetingDocument	20119.41,23832.21 14968.28,26026.03
edge:inheritance:db.NewIssueStockSubscriptionDocument->db.MeetingDocument	17386.52,25200.08 14968.28,26040.01
edge:inheritance:db.NewIssueStockUnissuedConfirmationDocument->db.MeetingDocument	18113.35,25498.56 14968.28,26069.53
edge:inheritance:db.NonUnifiedShareManagementSalesIntent->db.SalesIntent	33825.80,24539.56 35571.79,23125.51
edge:inheritance:db.NonUnifiedShareSucPoaModusignDocument->db.ModusignDocument	24854.18,20991.88 23854.53,20648.64
edge:inheritance:db.NotarizationPoaDocument->db.MeetingDocument	19923.11,27077.98 14968.28,26135.69
edge:inheritance:db.OptionExerciseClaimAttachment->db.FileAttachment	12855.70,17592.97 20408.00,18459.46
edge:inheritance:db.OptionExerciseClaimMeetingDocument->db.MeetingDocument	13202.49,21796.33 14717.63,25904.84
edge:inheritance:db.OptionExerciseManagementEmail->db.BulkEmail	13804.14,16516.30 13603.77,17172.73
edge:inheritance:db.OptionGrantContractCeo->db.OptionGrantContractStakeholder	19707.27,15424.81 19321.32,15302.93
edge:inheritance:db.OptionGrantContractFirstRefusalRightHolder->db.OptionGrantContractStakeholder	19882.88,15294.80 19321.32,15264.97
edge:inheritance:db.OptionGrantContractModusignDocument->db.ModusignDocument	21660.45,19484.27 23582.53,20528.08
edge:inheritance:db.OptionGrantContractModusignEmbeddedDraft->db.ModusignEmbeddedDraft	21980.37,20600.16 22788.66,21728.72
edge:inheritance:db.OptionGrantEvent->db.Event	14998.17,18451.49 15553.24,16987.13
edge:inheritance:db.OptionGrantee->db.Stakeholder	13829.11,19173.21 10125.11,19314.89
edge:inheritance:db.OptionWithdrawEvent->db.Event	14702.34,16467.89 15446.56,16810.08
edge:inheritance:db.OtherDocumentArchiveAttachment->db.FileAttachment	20244.65,17223.74 20537.03,18264.26
edge:inheritance:db.PageNumberUpdatedPdfEvent->db.PdfEvent	34593.10,11473.14 34284.83,11434.69
edge:inheritance:db.PayrollStatementEmail->db.BulkEmail	10743.58,17319.65 13452.71,17245.30
edge:inheritance:db.PayrollStatementEmailRecipient->db.BulkEmailRecipient	10377.32,18725.50 17148.52,19110.38
edge:inheritance:db.PerformanceRsuVestingItem->db.RsuVestingItem	14507.52,14803.62 14447.76,14800.82
edge:inheritance:db.PeriodPhantomStockVestingItem->db.PhantomStockVestingItem	8703.99,18293.37 8493.78,18009.48
edge:inheritance:db.PeriodRsuVestingItem->db.RsuVestingItem	14591.32,14716.17 14447.76,14758.48
edge:inheritance:db.PeriodicOptionVesting->db.OptionVesting	14198.02,18520.73 14436.12,18441.66
edge:inheritance:db.PhantomStockCancelEvent->db.Event	14742.77,17103.80 15446.56,16917.34
edge:inheritance:db.PhantomStockExerciseEvent->db.Event	15411.87,17244.12 15540.15,16987.13
edge:inheritance:db.PhantomStockGrantEvent->db.Event	14877.79,16933.39 15446.56,16889.54
edge:inheritance:db.PhantomStockGrantee->db.Stakeholder	9256.85,18199.56 9860.82,19164.24
edge:inheritance:db.PhantomStockPauseEvent->db.Event	15487.42,16251.46 15575.92,16769.13
edge:inheritance:db.PhantomStockResumeEvent->db.Event	15379.63,16434.64 15541.74,16769.13
edge:inheritance:db.PingpongDeliveryAddress->db.Address	23732.35,14332.02 24080.31,18813.85
edge:inheritance:db.Playbook->db.MembershipContent	-1668.93,4499.94 -1435.93,4958.39
edge:inheritance:db.Post->db.MembershipContent	-1867.34,4981.27 -1537.06,4997.35
edge:inheritance:db.ProofOfEmploymentDocument->db.MeetingDocument	18637.52,27984.11 14968.28,26188.93
edge:inheritance:db.QuarterlyReportRequestAttachment->db.FileAttachment	27541.11,17063.33 20788.00,18442.46
edge:inheritance:db.QuarterlyReportSignupChannel->db.SignupChannel	28142.76,14906.50 25204.30,14583.51
edge:inheritance:db.QuestionMessageAttachment->db.FileAttachment	21663.49,16183.02 20698.60,18264.26
edge:inheritance:db.RegistrationAssistanceReceipt->db.FileAttachment	21637.62,16995.50 20749.84,18264.26
edge:inheritance:db.RegistrationFormAllInOneDocument->db.MeetingDocument	16094.49,25121.20 14968.28,25968.00
edge:inheritance:db.RegistrationFormAoiChangeDocument->db.MeetingDocument	13615.62,25743.53 14612.28,26047.54
edge:inheritance:db.RegistrationFormBranchChangeDocument->db.MeetingDocument	19542.20,28255.35 14968.28,26182.51
edge:inheritance:db.RegistrationFormCaptableDocument->db.MeetingDocument	16712.63,25126.85 14968.28,26011.56
edge:inheritance:db.RegistrationFormCeoAddressChangeDocument->db.MeetingDocument	16188.25,25936.59 14968.28,26080.80
edge:inheritance:db.RegistrationFormDirectorChangeDocument->db.MeetingDocument	17804.28,27978.55 14968.28,26212.67
edge:inheritance:db.RegistrationFormHeadOfficeInsideRelocationDocument->db.MeetingDocument	19167.07,24060.52 14968.28,26018.82
edge:inheritance:db.RegistrationFormHeadOfficeOutsideRelocationDocument->db.MeetingDocument	19737.20,24135.06 14968.28,26031.07
edge:inheritance:db.RegistrationFormNewIssueDocument->db.MeetingDocument	15725.49,23963.54 14876.44,25904.84
edge:inheritance:db.RegistrationFormNewOptionsRuleDocument->db.MeetingDocument	14730.06,27462.35 14781.56,26298.84
edge:inheritance:db.RegistrationPoaDocument->db.MeetingDocument	16122.75,29619.64 14864.90,26298.84
edge:inheritance:db.RegularProduct->db.Product	24596.56,12341.41 24677.38,12274.79
edge:inheritance:db.ResignationLetterDocument->db.MeetingDocument	13119.23,24316.34 14612.28,25911.65
edge:inheritance:db.ResignedDirectorCertificateOfSealDocument->db.MeetingDocument	14124.71,26225.69 14612.28,26134.96
edge:inheritance:db.RsaForfeitEvent->db.Event	15262.70,16859.72 15446.56,16869.92
edge:inheritance:db.RsaVestConfirmEvent->db.Event	15943.45,16938.05 15742.56,16903.55
edge:inheritance:db.RsuCancelEvent->db.Event	15092.19,16333.98 15493.93,16769.13
edge:inheritance:db.RsuExerciseClaimCandidateEmailRecipient->db.BulkEmailRecipient	12519.85,16681.19 17167.20,19060.77
edge:inheritance:db.RsuExerciseEvent->db.Event	15221.37,16129.98 15540.19,16769.13
edge:inheritance:db.RsuExerciseManagementEmail->db.BulkEmail	12620.02,16415.68 13502.30,17172.73
edge:inheritance:db.RsuGrantContractModusignDocument->db.ModusignDocument	21520.46,19175.95 23593.67,20520.94
edge:inheritance:db.RsuGrantEvent->db.Event	14901.82,16831.43 15446.56,16868.15
edge:inheritance:db.RsuGrantee->db.Stakeholder	12178.85,16870.35 10101.30,19164.24
edge:inheritance:db.RsuPauseEvent->db.Event	15072.48,17396.14 15484.70,16987.13
edge:inheritance:db.RsuPerformanceAchievementEvent->db.Event	15307.55,16645.22 15460.24,16769.13
edge:inheritance:db.RsuResumeEvent->db.Event	14987.03,17275.37 15446.56,16974.90
edge:inheritance:db.RtccEmail->db.BulkEmail	13840.07,17111.67 13712.71,17176.03
edge:inheritance:db.RtccInvestorFile->db.FileAttachment	15812.77,17644.23 20408.00,18448.03
edge:inheritance:db.SafeCreateEvent->db.Event	16716.31,17502.77 15742.56,16960.54
edge:inheritance:db.SalesReportDocument->db.MeetingDocument	14067.62,27512.00 14689.32,26298.84
edge:inheritance:db.SealStampCardContinuedUseApplicationFormDocument->db.MeetingDocument	9309.83,23288.16 14612.28,26010.45
edge:inheritance:db.SealStampDeclarationDocument->db.MeetingDocument	9611.41,23136.75 14612.28,25999.93
edge:inheritance:db.SealStampImage->db.FileAttachment	17287.52,15863.28 20408.00,18331.01
edge:inheritance:db.SealedOptionGrantContractDocument->db.MeetingDocument	20043.77,26224.50 14968.28,26106.00
edge:inheritance:db.SealedOptionGrantShareholdersMeetingResolutionDocument->db.MeetingDocument	13853.74,26564.49 14612.28,26189.77
edge:inheritance:db.Shareholder->db.Stakeholder	10672.92,22672.54 9992.55,19478.24
edge:inheritance:db.ShareholdersAgreementModusignDocument->db.ModusignDocument	22799.58,20593.98 23582.53,20600.76
edge:inheritance:db.ShareholdersAgreementModusignEmbeddedDraft->db.ModusignEmbeddedDraft	22532.40,21980.84 22748.31,21834.72
edge:inheritance:db.ShareholdersCertificateOfSealDocument->db.MeetingDocument	13600.68,27885.95 14658.93,26298.84
edge:inheritance:db.ShareholdersMeetingAuditReportDocument->db.MeetingDocument	16821.58,26775.61 14968.28,26160.88
edge:inheritance:db.ShareholdersMeetingConvocationNoticeEmail->db.BulkEmail	18007.08,20643.89 13672.44,17310.73
edge:inheritance:db.ShareholdersMeetingConvocationNoticeEmailAttachment->db.FileAttachment	20003.82,20347.93 20528.93,18698.26
edge:inheritance:db.ShareholdersMeetingConvocationNoticeEmailRecipient->db.ShareholdersMeetingConvocationNoticeRecipient	20623.32,22783.15 19225.86,21330.70
edge:inheritance:db.ShareholdersMeetingConvocationNoticeWrittenRecipient->db.ShareholdersMeetingConvocationNoticeRecipient	19305.86,21687.48 19196.37,21330.70
edge:inheritance:db.ShareholdersMeetingMinutesDocument->db.MeetingDocument	14299.16,26487.04 14612.28,26241.45
edge:inheritance:db.ShareholdersMeetingNoticeDocument->db.MeetingDocument	21074.36,27154.23 14968.28,26131.65
edge:inheritance:db.ShareholdersMeetingPowerOfAttorneyDocument->db.MeetingDocument	17399.63,25847.38 14968.28,26084.48
edge:inheritance:db.ShareholdersMeetingPowerOfAttorneyIndividualDocument->db.MeetingDocument	16472.14,24477.69 14968.28,25929.95
edge:inheritance:db.ShareholdersMeetingShortenPeriodDocument->db.MeetingDocument	13141.65,26255.50 14612.28,26118.43
edge:inheritance:db.ShareholdersMeetingShortenPeriodIndividualDocument->db.MeetingDocument	16157.13,23822.21 14908.40,25904.84
edge:inheritance:db.ShareholdersMeetingSkipNoticeDocument->db.MeetingDocument	15027.31,28097.57 14813.68,26298.84
edge:inheritance:db.ShareholdersMeetingWrittenDecisionDocument->db.MeetingDocument	13410.92,26595.67 14612.28,26165.57
edge:inheritance:db.ShareholdersMeetingWrittenDecisionIndividualDocument->db.MeetingDocument	16262.83,24220.63 14944.48,25904.84
edge:inheritance:db.ShareholdersWrittenResolutionDocument->db.MeetingDocument	20749.32,28520.60 14968.28,26174.09
edge:inheritance:db.StockTransferAgreementModusignDocument->db.ModusignDocument	20645.61,20271.98 23582.53,20587.34
edge:inheritance:db.StockTransferAgreementModusignEmbeddedDraft->db.ModusignEmbeddedDraft	19541.01,19962.85 22730.88,21728.72
edge:inheritance:db.SubscriptionModusignDocumentUsageHistory->db.BaseModusignDocumentUsageHistory	23231.52,11498.58 25313.26,13566.35
edge:inheritance:db.TaxReceiptDocument->db.MeetingDocument	15673.21,24320.31 14887.91,25904.84
edge:inheritance:db.Template->db.MembershipContent	-1780.69,5151.66 -1524.64,5048.39
edge:inheritance:db.TextValueWithVisibility->db.ValueWithVisibility	37917.83,5999.11 37266.13,5890.10
edge:inheritance:db.UserProfileImage->db.FileAttachment	22154.11,18987.81 20788.00,18543.11
edge:inheritance:db.VentureCapitalPaymentLink->db.PaymentLink	31565.20,12767.94 25281.18,13161.95
edge:inheritance:db.Webinar->db.MembershipContent	-2023.43,4732.61 -1514.49,4958.39
edge:inheritance:db.Whitepaper->db.MembershipContent	231.37,6397.15 -1359.97,5048.39
edge:inheritance:db.WrittenStatementDocument->db.MeetingDocument	14097.63,26084.33 14612.28,26097.34
edge:inheritance:db.YetsAssistanceCreatorUser->db.YetsAssistanceCreator	11748.64,30332.13 12043.98,30181.34
edge:inheritance:db.YetsAssistanceCreatorYetsEmployee->db.YetsAssistanceCreator	7674.71,30180.15 11998.45,30145.29
edge:inheritance:db.YetsAssistanceMessageFile->db.FileAttachment	24291.64,30556.98 20664.37,18698.26
edge:inheritance:db.YetsEmail->db.BulkEmail	8845.05,19982.69 13463.45,17310.73
edge:inheritance:db.YetsEmployeeFile->db.FileAttachment	25982.07,32355.72 20682.21,18698.26
edge:inheritance:db.YetsEmployeeResultWhtReceipt->db.FileAttachment	23927.38,29943.60 20661.03,18698.26
edge:inheritance:db.ZuzuOptionGrantContractTemplate->db.OptionGrantContractTemplate	19990.87,16232.00 19557.85,16146.75
edge:inheritance:db.ZuzuOptionGrantContractTemplateRevision->db.OptionGrantContractTemplateRevision	20451.13,16321.49 20359.47,16371.55
