edge:declared:db.AgendaBonusIssue:certificate_of_payment_for_the_share_file	17832.64,20141.83 20408.00,18595.35
edge:declared:db.AgendaBonusIssue:meeting_draft	17575.07,20251.14 16613.57,20507.83
edge:declared:db.AgendaBonusIssueNewIssueBalanceCertificateFile:agenda_bonus_issue	18417.67,19802.66 17836.22,20141.83
edge:declared:db.AgendaBonusIssueNewIssueMinutesFile:agenda_bonus_issue	18100.93,20150.98 17847.07,20192.56
edge:declared:db.AgendaBonusIssueSharesToIssue:agenda_bonus_issue	16622.92,19010.75 17645.10,20141.83
edge:declared:db.AgendaBonusIssueSharesToIssue:share_class	16532.47,18936.75 15530.22,18286.22
edge:declared:db.AgendaBorrowCapital:meeting_draft	16741.27,20200.91 16572.88,20405.55
edge:declared:db.AgendaBranchChange:address	17637.76,20028.98 23936.01,18964.87
edge:declared:db.AgendaBranchChange:installation_event	17548.67,20000.93 18738.22,18331.11
edge:declared:db.AgendaBranchChange:meeting_draft	17409.99,20098.93 16613.57,20475.00
edge:declared:db.AgendaCashDividends:meeting_draft	15800.65,20559.15 16293.57,20552.66
edge:declared:db.AgendaCeoAddressChange:meeting_draft	12860.15,22026.19 16293.57,20616.25
edge:declared:db.AgendaCeoAddressChangeItem:agenda_ceo_address_change	11900.41,21540.60 12693.36,22026.19
edge:declared:db.AgendaCeoAddressChangeItem:stakeholder	11808.10,21466.60 10094.42,19478.24
edge:declared:db.AgendaChangeOfAoiClassStock:aoi	19511.59,20566.67 19201.45,20550.02
edge:declared:db.AgendaChangeOfAoiCustom:aoi	19951.70,19823.40 19102.63,20475.17
edge:declared:db.AgendaChangeOfAoiCustom:changed_part	20023.79,19741.40 20499.12,18698.26
edge:declared:db.AgendaChangeOfAoiDirectorCompensationRule:aoi	19674.79,20665.23 19201.45,20575.11
edge:declared:db.AgendaChangeOfAoiNumberOfDirectors:aoi	19286.36,20428.97 19174.84,20475.17
edge:declared:db.AgendaChangeOfAoiThirdPartyAllocation:aoi	19068.66,20711.08 19037.24,20605.17
edge:declared:db.AgendaChangeOfArticlesOfIncorporation:_deprecated_changed_part	19067.83,20475.17 20431.47,18698.26
edge:declared:db.AgendaChangeOfArticlesOfIncorporation:meeting_draft	18834.45,20540.91 16613.57,20549.90
edge:declared:db.AgendaCoCeoSystemChange:meeting_draft	16011.43,21057.02 16326.99,20695.55
edge:declared:db.AgendaCompanyNameChange:meeting_draft	17105.70,20948.21 16613.57,20648.12
edge:declared:db.AgendaCustom:meeting_draft	16073.46,20926.96 16307.15,20695.55
edge:declared:db.AgendaDirectorChange:stakeholder	12249.66,22788.86 10062.82,19478.24
edge:declared:db.AgendaDirectorCompensationItem:director_compensation	12366.46,20668.09 14599.87,21600.24
edge:declared:db.AgendaDirectorCompensationItem:stakeholder	12212.31,20594.09 10125.11,19415.01
edge:declared:db.AgendaDirectorCompensationRule:meeting_draft	16589.81,21113.25 16488.68,20695.55
edge:declared:db.AgendaFinancialStatements:audit_report	17406.78,20148.58 20408.00,18580.53
edge:declared:db.AgendaFinancialStatements:meeting_draft	17193.69,20246.58 16613.57,20484.84
edge:declared:db.AgendaHeadOfficeRelocation:address	18550.10,21524.00 23936.01,19010.71
edge:declared:db.AgendaHeadOfficeRelocation:meeting_draft	18334.13,21524.00 16613.57,20633.37
edge:declared:db.AgendaHeadOfficeRelocationAoiChange:meeting_draft	17568.67,20560.50 16613.57,20551.98
edge:declared:db.AgendaMethodOfGivingPublicNoticeChange:daily_newspaper	17076.67,20382.93 17455.13,15461.22
edge:declared:db.AgendaMethodOfGivingPublicNoticeChange:meeting_draft	16888.52,20461.71 16613.57,20517.87
edge:declared:db.AgendaNewIssue:financial_statements	16204.46,22281.38 20408.00,18645.60
edge:declared:db.AgendaNewIssue:meeting_draft	16122.45,22281.38 16425.83,20695.55
edge:declared:db.AgendaNewIssueItem:new_issue	19547.66,25436.47 16201.47,22451.38
edge:declared:db.AgendaNewIssueItemFromConversion:new_issue_item	19448.69,25782.69 19580.80,25566.47
edge:declared:db.AgendaNewIssueItemFromPayment:new_issue_item	18898.47,25535.64 19490.52,25507.62
edge:declared:db.AgendaNewIssueItemInstitutionMember:institution	21323.54,25962.99 19812.40,24981.96
edge:declared:db.AgendaNewIssueItemInstitutionMemberCeo:member	20141.21,25581.83 21270.87,25962.99
edge:declared:db.AgendaNewIssueItemShareClass:item	18907.56,25227.11 19490.52,25451.44
edge:declared:db.AgendaNewIssueItemShareholder:item	19746.44,24981.96 19636.28,25436.47
edge:declared:db.AgendaNewIssueNewShareClass:new_issue	16550.84,22402.99 16242.19,22377.58
edge:declared:db.AgendaNewOptionsRule:meeting_draft	16695.12,20988.56 16533.53,20695.55
edge:declared:db.AgendaNewOrChangeRsuRule:meeting_draft	16917.49,21125.89 16570.49,20695.55
edge:declared:db.AgendaOptionCancel:meeting_draft	15083.34,20990.22 16293.57,20601.89
edge:declared:db.AgendaOptionCancelGrantee:option_cancel	14314.46,20814.20 14835.34,20988.51
edge:declared:db.AgendaOptionCancelGrantee:option_grantee	14186.56,20732.20 13989.91,19237.60
edge:declared:db.AgendaOptionCancelOption:_deprecated_grantee	14361.11,21018.23 14220.26,20814.20
edge:declared:db.AgendaOptionCancelOption:option_cancel	14513.42,21052.87 14835.34,21036.37
edge:declared:db.AgendaOptionCancelOptionDistribution:option	14258.62,21166.97 14339.64,21100.23
edge:declared:db.AgendaOptionExercise:meeting_draft	12896.59,21866.97 16293.57,20609.77
edge:declared:db.AgendaOptionExerciseClaim:option_exercise	13054.88,21474.29 12804.13,21863.86
edge:declared:db.AgendaOptionExerciseClaim:option_exercise_claim	13061.50,21392.29 11354.78,17852.97
edge:declared:db.AgendaOptionExerciseGrantee:option_exercise	13498.42,21380.99 12839.46,21863.86
edge:declared:db.AgendaOptionExerciseGrantee:option_grantee	13568.65,21290.99 13971.23,19237.60
edge:declared:db.AgendaOptionExerciseGranteeOption:grantee	13468.91,21730.56 13549.46,21380.99
edge:declared:db.AgendaOptionGrant:meeting_draft	15594.86,19744.14 16299.17,20405.55
edge:declared:db.AgendaOptionGrantGrantee:_deprecated_option_grant_event	14716.71,19144.63 14972.87,18563.93
edge:declared:db.AgendaOptionGrantGrantee:option_grant	14777.66,19242.63 15471.11,19654.14
edge:declared:db.AgendaOptionGrantGrantee:option_grantee	14571.09,19191.36 14112.41,19182.98
edge:declared:db.AgendaOptionGrantGrantee:stakeholder	14571.09,19196.97 10125.11,19316.77
edge:declared:db.AgendaPurposeChange:meeting_draft	17625.74,21605.02 16613.57,20694.48
edge:declared:db.AgendaPurposeChangeItem:agenda_purpose_change	17748.89,21753.22 17700.99,21687.02
edge:declared:db.AgendaRsuGrant:meeting_draft	15766.92,20838.45 16293.57,20617.63
edge:declared:db.AgendaRsuGrantGrantee:rsu	13130.22,18080.37 14617.92,15319.59
edge:declared:db.AgendaRsuGrantGrantee:rsu_grant	13146.00,18162.37 15618.02,20838.45
edge:declared:db.AgendaRsuGrantGrantee:stakeholder	13000.53,18162.37 10125.11,19257.99
edge:declared:db.AgendaSubsidiaryEstablishment:meeting_draft	15770.03,21398.92 16336.74,20695.55
edge:declared:db.AgendaTemplate:company	24760.43,8381.56 16175.50,12355.54
edge:declared:db.AiPayrollLedger:payroll	3147.47,5300.24 4649.25,4891.62
edge:declared:db.AlimtalkActivityRecipient:activity	35490.47,14322.87 36271.71,14120.15
edge:declared:db.AlimtalkActivityRecipientStatusHistory:recipient	35315.02,14445.01 35343.02,14396.05
edge:declared:db.AllocatedSeat:stakeholder	7913.16,13406.39 9904.80,19164.24
edge:declared:db.Announcement:company_set	20865.46,12244.85 16175.50,12435.76
edge:declared:db.Announcement:subscription_plan_set	20980.66,12198.80 20918.41,11908.74
edge:declared:db.AnnualSalary:employee	10127.81,14880.96 8630.79,15017.33
edge:declared:db.AnnualSalary:ledger	10363.81,14896.09 11134.70,15065.17
edge:declared:db.Article:third_party_provider	20411.31,19698.77 20425.25,19869.37
edge:declared:db.Article:thumbnail_image	20414.58,19616.77 20562.95,18698.26
edge:declared:db.ArticlePublishHistory:article	20592.06,19752.08 20488.00,19698.77
edge:declared:db.ArticlesOfIncorporation:_deprecated_daily_newspaper	17247.26,15377.93 17334.28,15395.37
edge:declared:db.ArticlesOfIncorporation:articles_of_incorporation_file	17180.66,15408.87 20408.00,18310.44
edge:declared:db.ArticlesOfIncorporation:company	17095.08,15294.87 16069.94,12660.49
edge:declared:db.ArticlesOfIncorporation:source_meeting	17120.25,15408.87 17227.72,17455.49
edge:declared:db.ArticlesOfIncorporationAnalyzationRequest:company	13168.23,7639.11 15858.25,12226.49
edge:declared:db.ArticlesOfIncorporationAnalyzationResult:request	10777.71,7922.13 12964.03,7626.76
edge:declared:db.AuditLog:actor_api_key	17172.55,6699.19 17671.49,7428.54
edge:declared:db.AvailableModusignRequest:company	21187.27,19316.91 16149.72,12660.49
edge:declared:db.AvailableModusignRequest:modusign_account	21252.83,19390.91 22173.74,20298.14
edge:declared:db.BalanceCertificateDocument:new_issue_agenda	13691.60,22441.41 15970.19,22370.61
edge:declared:db.BalanceCertificateDocument:option_exercise_agenda	13477.41,22405.24 12842.73,21961.86
edge:declared:db.BaseModusignDocumentUsageHistory:modusign_document	25344.97,13648.35 23732.60,20559.31
edge:declared:db.BaseModusignDocumentUsageHistory:purchase	25199.04,13619.33 23099.76,13781.09
edge:declared:db.BranchAbolitionEvent:installation_event	18660.18,18145.57 18732.60,18233.11
edge:declared:db.BranchChangeEvent:address	19373.41,18522.58 23936.01,18925.26
edge:declared:db.BranchChangeEvent:installation_event	19164.33,18470.64 18874.81,18331.11
edge:declared:db.BranchInstallationEvent:address	18897.13,18297.43 23936.01,18919.83
edge:declared:db.BulkEmail:sender_mail_integration	13452.71,17207.23 13126.07,17120.55
edge:declared:db.BulkEmail:template_revision	13712.71,17217.84 17092.22,16596.88
edge:declared:db.BulkEmailCommonAttachment:bulk_email	16090.66,17435.03 13712.71,17251.75
edge:declared:db.BulkEmailRecipient:bulk_email	17166.23,19060.77 13712.71,17307.72
edge:declared:db.BulkEmailRecipient:email_activity_recipient	17395.65,19174.77 25403.35,23071.77
edge:declared:db.BulkEmailRecipientAttachment:recipient	18283.18,18800.46 17408.52,19076.71
edge:declared:db.BulkEmailTemplateRevision:template	17263.86,16537.83 19285.21,15089.58
edge:declared:db.BusinessPlan:company	13988.47,11943.94 15795.50,12395.96
edge:declared:db.BusinessPlanAiAnalysis:business_plan_ai_review	12012.42,11136.60 13662.13,11728.90
edge:declared:db.BusinessPlanAiAnalysisItem:ai_analysis_feedback	10226.78,10511.16 9856.14,10372.11
edge:declared:db.BusinessPlanAiAnalysisItem:business_plan_ai_analysis	10453.89,10593.16 11803.02,11062.60
edge:declared:db.BusinessPlanAiAnalysisItemImprovement:ai_analysis_feedback	9794.06,10468.34 9767.67,10372.11
edge:declared:db.BusinessPlanAiAnalysisItemImprovement:business_plan_ai_analysis_item	9975.71,10520.44 10203.06,10540.45
edge:declared:db.BusinessPlanAiReview:business_plan	13803.04,11810.90 13846.37,11877.42
edge:declared:db.BusinessPlanAiReview:company	13900.33,11807.71 15795.50,12385.56
edge:declared:db.BusinessRegistrationCertificate:company	24326.39,8758.34 16175.50,12359.54
edge:declared:db.CaptableRequest:captable_file	18029.88,15458.24 20413.65,18264.26
edge:declared:db.CaptableRequest:company	17967.34,15376.24 16132.14,12660.49
edge:declared:db.CashIncentive:category	10983.47,13807.72 12709.38,13382.45
edge:declared:db.CashIncentive:employee	10777.93,13879.27 8630.79,14958.87
edge:declared:db.CashIncentiveCategory:company	12945.38,13319.37 15795.50,12498.23
edge:declared:db.CashIncentiveItem:cash_incentive	10376.62,13929.95 10735.47,13861.81
edge:declared:db.CashPayment:purchase	23088.01,14060.23 23005.19,13897.49
edge:declared:db.CeoAddressChangeEvent:director	16186.24,16512.18 16481.06,16455.50
edge:declared:db.Charge:credit	20595.16,13732.63 20769.31,13780.28
edge:declared:db.Charge:meeting	20436.90,13739.70 17331.64,17455.49
edge:declared:db.CmeBulkEmail:cme	17801.69,16465.60 20077.34,14531.67
edge:declared:db.CmeBulkEmailRecipient:_deprecated_cme_bulk_email	18231.70,16841.32 17812.03,16547.60
edge:declared:db.CmeBulkEmailRecipient:cme_company	18302.28,16841.32 19101.57,14109.65
edge:declared:db.CmeBulkEmailTemplate:cme	20132.97,15040.24 20151.47,14531.67
edge:declared:db.CmeCompany:company	19007.28,13995.65 16175.50,12541.08
edge:declared:db.CmeCompany:company_managing_entity	19248.25,14104.62 20023.83,14414.70
edge:declared:db.CmeCompany:contact_set	19248.25,14101.22 20495.37,14567.15
edge:declared:db.CmeCompanyContact:cme_company	19647.07,14162.83 19248.25,14079.74
edge:declared:db.CmeCompanyContactNotificationSettings:cme_company_contact	19689.02,14089.67 19736.29,14150.42
edge:declared:db.CmeCompanyDirectorTermManagement:cme_company	19527.37,13944.11 19248.25,14018.16
edge:declared:db.CmeCompanyNote:cme_company	19151.93,13879.34 19129.33,13995.65
edge:declared:db.CmeCompanyRegistration:cme_contact	20555.71,14719.51 20590.63,14657.15
edge:declared:db.CmeCompanyRegistration:company_managing_entity	20479.89,14719.51 20237.65,14531.67
edge:declared:db.CmeCompanyRegistrationFile:cme_company_registration	20681.01,14843.89 20605.66,14801.51
edge:declared:db.CmeContact:company_managing_entity	20491.82,14573.10 20283.83,14507.61
edge:declared:db.CmeMemberRelation:company_managing_entity	20646.23,14415.03 20283.83,14453.04
edge:declared:db.Company:sso_configuration	15795.50,12452.27 15009.67,12488.56
edge:declared:db.CompanyAddressChangeEvent:address	19523.89,18377.33 23936.01,18919.91
edge:declared:db.CompanyAppointedTransferAgentChange:company	20707.00,9969.99 16175.50,12343.95
edge:declared:db.CompanyAuthorizedSharesChange:company	23550.36,9445.71 16175.50,12368.20
edge:declared:db.CompanyBenefit:company	18323.19,8753.58 16122.98,12226.49
edge:declared:db.CompanyBulkEmailTemplate:company	18699.95,13954.38 16175.50,12549.25
edge:declared:db.CompanyCreateAssignmentReadiness:company	17003.15,9491.27 16060.30,12226.49
edge:declared:db.CompanyCreateProgress:company_create_request	23617.52,16764.13 23777.16,17051.70
edge:declared:db.CompanyCreateRequest:address	23823.11,17181.70 24071.02,18813.85
edge:declared:db.CompanyCreateRequest:articles_of_incorporation_attachment	23683.24,17171.87 20788.00,18400.62
edge:declared:db.CompanyCreateRequest:company	23704.36,17051.70 16175.50,12556.92
edge:declared:db.CompanyDepartment:department_code	9787.70,14066.54 9752.36,14021.92
edge:declared:db.CompanyDepartmentCode:organization_chart	9837.56,13944.63 11253.58,13621.55
edge:declared:db.CompanyDocumentAIAnalysis:company	18374.64,15150.70 16175.50,12658.79
edge:declared:db.CompanyDocumentAIAnalysis:file	18438.08,15232.70 20453.72,18264.26
edge:declared:db.CompanyDocumentDelivery:company	18255.95,12590.83 16175.50,12455.82
edge:declared:db.CompanyEndorsement:company	24461.08,7675.21 16175.50,12336.60
edge:declared:db.CompanyEndorsementFeed:company_endorsement	24981.02,7788.78 24638.46,7675.21
edge:declared:db.CompanyExpertClientRelation:company	20668.92,13982.89 16175.50,12505.94
edge:declared:db.CompanyExpertClientRelation:expert_client	20833.82,14056.89 21639.03,14626.19
edge:declared:db.CompanyFeed:company	28068.03,5352.35 16175.50,12331.98
edge:declared:db.CompanyFeedAccessLog:company_feeds	41111.96,3955.41 28282.34,5286.49
edge:declared:db.CompanyFeedAccessLog:venture_capital	41215.57,3980.17 38008.55,12227.48
edge:declared:db.CompanyFeedRating:company_feed	29914.64,3634.17 28214.24,5246.35
edge:declared:db.CompanyGuideState:company	18161.80,12454.78 16175.50,12444.48
edge:declared:db.CompanyInvestmentContractInfo:company	18439.34,12756.81 16175.50,12467.75
edge:declared:db.CompanyInvestorInterest:company	29688.08,7703.92 16175.50,12377.77
edge:declared:db.CompanyInvestorInterest:venture_capital	29858.20,7703.92 37744.83,12324.67
edge:declared:db.CompanyInvitation:invitee	20375.36,9849.46 16175.50,12331.22
edge:declared:db.CompanyIrClosingFeed:investor_relations	29262.31,6262.41 30440.32,7418.15
edge:declared:db.CompanyIrNewCommitFeed:investor_relations	29828.48,6121.07 30504.57,7418.15
edge:declared:db.CompanyIrOpenFeed:investor_relations	30002.42,5595.57 30534.17,7418.15
edge:declared:db.CompanyIrSetting:company	21466.14,8054.72 16175.50,12291.34
edge:declared:db.CompanyLegalPartnerRelation:company	22054.23,14324.05 16175.50,12502.37
edge:declared:db.CompanyLegalPartnerRelation:legal_partner	22201.75,14398.05 22369.38,14618.57
edge:declared:db.CompanyManagementAssignment:company	16633.62,9697.32 16036.71,12226.49
edge:declared:db.CompanyManagingEntity:expert_client	20283.83,14484.11 21584.33,14658.56
edge:declared:db.CompanyManagingEntity:expert_partner	20283.83,14482.25 22310.39,14725.11
edge:declared:db.CompanyManagingEntity:holding_company	20182.82,14401.67 20201.75,14359.24
edge:declared:db.CompanyMethodOfGivingPublicNoticeChange:company	16873.81,14614.90 16074.27,12660.49
edge:declared:db.CompanyMethodOfGivingPublicNoticeChange:daily_newspaper	16916.37,14688.90 17427.90,15379.22
edge:declared:db.CompanyMnaSetting:company	18283.02,12243.91 16175.50,12426.99
edge:declared:db.CompanyNameChange:company	12920.83,10881.63 15795.50,12346.66
edge:declared:db.CompanyNews:company	17684.74,8820.69 16087.28,12226.49
edge:declared:db.CompanyNewsFeed:company_news	20872.52,6035.97 17751.32,8738.69
edge:declared:db.CompanyNewsLink:company_news	18557.53,7731.31 17737.35,8738.69
edge:declared:db.CompanyNotificationSetting:company	15234.34,11719.76 15795.50,12260.43
edge:declared:db.CompanyNotificationTrigger:notification_setting	14724.20,11126.72 15164.55,11645.76
edge:declared:db.CompanyOptionRule:company	18858.00,12908.66 16175.50,12474.26
edge:declared:db.CompanyOverview:company	16422.09,9418.59 16016.82,12226.49
edge:declared:db.CompanyOwnerAddRequest:company	18238.08,8518.36 16110.03,12226.49
edge:declared:db.CompanyOwnerAuditLog:company	9361.07,7949.54 15795.50,12314.60
edge:declared:db.CompanyOwnerAuditLogOwnerRoleRelation:company_owner_audit_log	8698.43,9341.58 9283.40,7949.54
edge:declared:db.CompanyOwnerAuditLogOwnerRoleRelation:owner_role	8703.06,9415.58 9585.22,11033.34
edge:declared:db.CompanyOwnerNotificationTrigger:trigger	14606.83,11187.05 14660.12,11126.72
edge:declared:db.CompanyParValueChange:_deprecated_articles_of_incorporation	16977.97,15559.60 17079.04,15408.87
edge:declared:db.CompanyParValueChange:company	16941.81,15559.60 16052.10,12660.49
edge:declared:db.CompanyPaymentLink:company	22841.56,12152.91 16175.50,12435.44
edge:declared:db.CompanyPolicyFile:company	16305.41,10494.63 16021.12,12226.49
edge:declared:db.CompanyProfileAccessLog:company	29320.76,7965.89 16175.50,12379.69
edge:declared:db.CompanyProfileAccessLog:venture_capital	29500.77,7965.89 37744.83,12334.97
edge:declared:db.CompanyPromotionWinLog:company	14370.14,8658.46 15892.89,12226.49
edge:declared:db.CompanyPromotionWinLog:prize_type	14476.64,8595.03 14970.86,8505.63
edge:declared:db.CompanyPromotionWinLog:promotion	14476.64,8615.72 14892.16,8609.89
edge:declared:db.CompanyPurposeChange:company	16859.53,14115.22 16098.95,12660.49
edge:declared:db.CompanyPurposeChangeItem:company_purpose_change	17063.94,14425.02 16903.97,14189.22
edge:declared:db.CompanyPurposeChangeItem:industrial_code	17112.29,14499.02 17231.13,14688.15
edge:declared:db.CompanyQuestionThread:company	18834.96,14194.59 16175.50,12560.25
edge:declared:db.CompanyQuestionThread:expert_partner	19118.96,14300.65 22310.39,14723.18
edge:declared:db.CompanyRegistrationAssignment:company	21816.58,10259.53 16175.50,12372.33
edge:declared:db.CompanyRegistrationAssignmentLog:company	20329.07,11821.79 16175.50,12416.29
edge:declared:db.CompanyRsuRule:_deprecate_articles_of_incorporation	16936.19,14997.98 17088.10,15294.87
edge:declared:db.CompanyRsuRule:company	16903.57,14923.98 16065.81,12660.49
edge:declared:db.CompanySsoEmailDomain:configuration	13581.14,12480.30 14761.67,12492.96
edge:declared:db.CompanySsoIdentity:configuration	14475.24,12603.30 14761.67,12527.22
edge:declared:db.CompanyStockTransferRestrictedChange:company	15815.59,10700.99 15964.34,12226.49
edge:declared:db.CompanyStockValue:company	19721.52,9297.68 16175.50,12283.51
edge:declared:db.CompanyTag:company_set	22789.37,9163.04 16175.50,12351.88
edge:declared:db.CompanyTanTableView:company	10559.73,10025.42 15795.50,12358.81
edge:declared:db.CompanyTodo:company	23817.95,10159.84 16175.50,12388.09
edge:declared:db.CompanyUpdateRequest:change_detection	18078.76,14031.88 18154.07,14344.22
edge:declared:db.CompanyUpdateRequest:company	18013.68,13949.88 16175.50,12584.61
edge:declared:db.CompanyUpdateRequest:company_question_thread	18192.88,14030.61 18834.96,14236.35
edge:declared:db.CompanyUserRelation:company	7673.01,12354.73 15795.50,12441.46
edge:declared:db.CompanyUserRelation:stakeholder	7565.96,12402.41 9904.81,19164.24
edge:declared:db.CompanyUserRelationOwnerRoleRelation:company_user_relation	8570.04,11562.49 7612.27,12304.41
edge:declared:db.CompanyUserRelationOwnerRoleRelation:owner_role	8700.80,11488.49 9502.02,11131.34
edge:declared:db.ConsentForm:investor	28052.41,37062.57 10765.56,22802.54
edge:declared:db.ConsentForm:item	28093.56,37062.57 24303.16,26886.19
edge:declared:db.ConsentForm:uploaded_consent_form_file	28092.05,37062.57 20685.52,18698.26
edge:declared:db.ConsentFormModusignDocument:consent_form	28287.86,36980.82 28177.79,37062.57
edge:declared:db.ConsentFormModusignEmbeddedDraft:consent_form	26619.94,32073.54 28097.30,37062.57
edge:declared:db.CorporateRegistration:attachment	18893.87,15601.89 20469.57,18264.26
edge:declared:db.CorporateRegistration:company	18819.49,15503.89 16175.50,12648.67
edge:declared:db.CorporateRegistrationChangeConfirmation:change_detection	18428.86,14355.66 18332.38,14369.44
edge:declared:db.CorporateRegistrationChangeConfirmation:staff_review_required_question_thread	18771.86,14308.71 18834.96,14300.45
edge:declared:db.CorporateRegistrationChangeDetection:company	18111.08,14344.22 16175.50,12613.39
edge:declared:db.CorporateRegistrationChangeDetection:xml_file	18195.03,14442.22 20468.90,18264.26
edge:declared:db.CorporateRegistrationChangeDetectionParseResult:change_detection	18288.56,14237.95 18204.59,14344.22
edge:declared:db.CorporateRegistrationExtractionLog:corporate_registration_issue_log	20668.58,16034.03 20876.62,15655.82
edge:declared:db.CorporateRegistrationIssueCoupon:company	18508.27,13655.63 16175.50,12534.78
edge:declared:db.CorporateRegistrationIssueCouponIssueLog:coupon	18891.29,13714.83 18745.10,13705.89
edge:declared:db.CorporateRegistrationIssueCouponUseRequest:coupon	19267.05,14651.48 18622.52,13737.63
edge:declared:db.CorporateRegistrationIssueCouponUseResult:corporate_registration	19455.78,15693.05 18988.87,15582.30
edge:declared:db.CorporateRegistrationIssueCouponUseResult:log	19821.14,15714.84 20763.07,15620.84
edge:declared:db.CorporateRegistrationIssueCouponUseResult:request	19615.48,15693.05 19305.02,14725.48
edge:declared:db.CorporateRegistrationIssueLog:_deprecated_staff_review_required_question_thread	20832.32,15557.82 19106.37,14370.85
edge:declared:db.CorporateRegistrationIssueLog:pdf_file	20898.36,15655.82 20621.07,18264.26
edge:declared:db.CorporateRegistrationIssueMaintenance:third_party_api_notice	33636.40,15818.57 32782.61,15797.62
edge:declared:db.CorporateRegistrationIssueRequest:delivery	19156.11,12467.69 19349.13,12412.04
edge:declared:db.CorporateRegistrationPaidIssue:company	20187.44,13790.11 16175.50,12504.38
edge:declared:db.CorporateRegistrationPaidIssue:corporate_registration	20280.83,13872.11 18906.15,15503.89
edge:declared:db.CorporationPostRegistrationEmail:company	15338.54,9432.50 15938.87,12226.49
edge:declared:db.CorporationPostRegistrationScheduledEmail:corporation_post_registration_email	15398.23,7957.93 15332.33,9358.50
edge:declared:db.CorporationPostRegistrationScheduledEmailPeriodicTaskRelation:corporation_post_registration_scheduled_email	14757.68,7589.56 15328.25,7883.93
edge:declared:db.Credit:company	20769.31,13779.58 16175.50,12496.56
edge:declared:db.CreditCard:company	24288.74,13354.65 16175.50,12464.34
edge:declared:db.CreditCard:investment_association	24506.39,13417.26 30486.03,16545.87
edge:declared:db.CreditCard:legal_partner	24343.32,13417.26 22618.39,14634.86
edge:declared:db.CreditCard:venture_capital	24536.74,13359.67 37744.83,12445.22
edge:declared:db.CreditUse:credit	22167.50,13883.92 21017.31,13820.99
edge:declared:db.CreditUse:purchase	22403.50,13873.04 22803.76,13814.23
edge:declared:db.CsAgentResponse:inquiry_thread_message	25222.27,11372.80 24371.68,11405.36
edge:declared:db.CsAgentResponseFeedBack:cs_agent_response	25826.79,11305.26 25470.27,11351.85
edge:declared:db.DebtConfirmationAndOffsetContractDocument:new_issue_item	17740.38,25319.23 19490.52,25488.87
edge:declared:db.DepartmentStaffUserRelation:department	17961.99,31839.71 15174.65,32297.53
edge:declared:db.DirectorAppointmentEvent:director	16120.95,16280.54 16481.06,16388.56
edge:declared:db.DirectorCompensationDecisionEvent:director	16538.55,16799.90 16601.59,16502.36
edge:declared:db.DirectorCompensationLimitEvent:director	16228.32,16624.12 16481.06,16497.50
edge:declared:db.DirectorTermEndEvent:appointment_event	16130.62,16362.52 16042.93,16284.34
edge:declared:db.DirectorTermEndEvent:director	16300.60,16410.79 16481.06,16421.38
edge:declared:db.DirectorVote:agenda	14980.99,20827.96 15144.64,20926.68
edge:declared:db.DirectorVote:attended_director	14904.11,20753.96 14810.83,20532.04
edge:declared:db.DirectorVotingRightsPerAgenda:agenda	14713.63,20837.06 15144.64,20968.90
edge:declared:db.DirectorVotingRightsPerAgenda:director	14614.78,20763.06 14752.81,20532.04
edge:declared:db.DirectorsMeeting:chairperson	15307.08,20234.88 14910.34,20418.04
edge:declared:db.DirectorsMeeting:meeting	15479.20,20113.87 17153.08,17689.49
edge:declared:db.DirectorsMeeting:sealed_meeting_minutes_file	15567.08,20132.21 20408.00,18543.61
edge:declared:db.DirectorsMeetingAgenda:agenda_bonus_issue	15428.64,20965.63 17575.07,20259.57
edge:declared:db.DirectorsMeetingAgenda:agenda_branch_change	15428.64,20950.98 17400.37,20098.93
edge:declared:db.DirectorsMeetingAgenda:agenda_co_ceo_system_change	15428.64,21030.00 15851.64,21082.60
edge:declared:db.DirectorsMeetingAgenda:agenda_custom	15428.64,21003.89 15908.06,20975.34
edge:declared:db.DirectorsMeetingAgenda:agenda_director_change	15144.64,21098.88 12371.64,22788.86
edge:declared:db.DirectorsMeetingAgenda:agenda_director_compensation_decision	15201.57,21105.34 14748.85,21600.24
edge:declared:db.DirectorsMeetingAgenda:agenda_financial_statements	15428.64,20955.24 17191.13,20246.58
edge:declared:db.DirectorsMeetingAgenda:agenda_head_office_relocation	15428.64,21037.80 18307.02,21553.79
edge:declared:db.DirectorsMeetingAgenda:agenda_new_issue	15342.93,21105.34 16054.74,22281.38
edge:declared:db.DirectorsMeetingAgenda:agenda_option_cancel	15144.64,21020.01 15083.34,21023.32
edge:declared:db.DirectorsMeetingAgenda:agenda_rsu_grant	15428.64,20963.27 15535.59,20926.30
edge:declared:db.DirectorsMeetingAgenda:agenda_shareholders_meeting_convocation	15428.64,21100.29 15562.66,21183.29
edge:declared:db.DirectorsMeetingAgenda:agenda_subsidiary_establishment	15384.59,21105.34 15693.82,21398.92
edge:declared:db.DirectorsMeetingAgenda:meeting	15303.35,20919.34 15426.12,20235.87
edge:declared:db.DirectorsMeetingDirectorAttendance:stakeholder	14621.87,20435.61 10125.11,19360.91
edge:declared:db.DirectorsMeetingNoticeEmail:directors_meeting	15649.47,19170.76 15449.98,20113.87
edge:declared:db.DirectorsMeetingNoticeEmailRecipient:director	15944.85,19361.83 14846.16,20418.04
edge:declared:db.DirectorsMeetingNoticeEmailRecipient:email	15916.83,19279.83 15728.81,19170.76
edge:declared:db.DocumentDelivery:delivery	19873.96,12586.11 20374.22,12381.40
edge:declared:db.DocumentDeliveryQuestionThreadRelation:document_delivery	20297.77,12535.10 19897.76,12605.34
edge:declared:db.DocumentDeliveryQuestionThreadRelation:question_thread	20604.64,12541.99 20815.12,12599.52
edge:declared:db.DocumentParseResult:attachment	20187.04,16873.30 20227.08,17125.31
edge:declared:db.DormantUserEmail:user	-701.53,30212.16 -2286.10,31188.58
edge:declared:db.DormantUserPhone:user	-1538.88,29646.70 -2331.56,31188.58
edge:declared:db.DormantUserReactivationToken:user	-512.36,30345.55 -2267.29,31188.58
edge:declared:db.ESOP:company	9536.45,16680.72 15795.50,12568.33
edge:declared:db.ESOP:shareholder	9461.45,16794.72 10673.36,22672.54
edge:declared:db.ESOPParticipant:esop	9238.31,15987.07 9433.65,16680.72
edge:declared:db.EditableCompanyOwnerAuditLog:company	25448.94,9340.01 16175.50,12381.18
edge:declared:db.ElectronicCertificate:company	17090.65,16963.74 16038.55,12660.49
edge:declared:db.ElectronicCertificate:director	17064.01,16963.74 16678.12,16502.36
edge:declared:db.ElectronicCertificateApplicationFormDocument:stakeholder	7994.23,25141.33 9906.11,19478.24
edge:declared:db.ElectronicCertificateCaseReportDocument:stakeholder	8849.44,23414.90 9916.55,19478.24
edge:declared:db.ElectronicCertificateFileDownloadHistory:file_uploaded	18267.61,17303.73 18167.34,17261.62
edge:declared:db.ElectronicCertificateFileUploadRequest:electronic_certificate	17397.95,17051.15 17225.65,17026.49
edge:declared:db.ElectronicCertificateFileUploaded:file_upload_request	17952.58,17187.62 17696.10,17112.69
edge:declared:db.ElectronicCertificateReturnRequest:electronic_certificate	22126.87,19122.94 17208.61,17053.74
edge:declared:db.ElectronicCertificateReturnRequest:recipient_address	22367.82,19141.90 23936.01,18957.01
edge:declared:db.EmailActivityRecipient:email_activity	25507.53,23169.77 25684.38,25653.14
edge:declared:db.EmailActivityRecipientStatusHistory:recipient	25977.50,24602.52 25519.70,23169.77
edge:declared:db.EmailVerification:email	25215.14,4734.02 24616.04,4508.09
edge:declared:db.Employee:department_code_set	8605.78,14929.27 9656.80,14021.92
edge:declared:db.Employee:group_set	8630.79,14975.25 11410.37,13898.23
edge:declared:db.EmployeeDepartmentCodeRelation:department_code	9049.74,14285.87 9609.62,14021.92
edge:declared:db.EmployeeDepartmentCodeRelation:employee	8946.02,14359.87 8557.68,14929.27
edge:declared:db.EmployeeGroup:company	11622.77,13824.23 15795.50,12503.62
edge:declared:db.EmployeeNumber:company	11626.99,13954.86 15795.50,12509.37
edge:declared:db.EmployeeNumber:employee	11412.27,14028.86 8630.79,14981.63
edge:declared:db.EmployeeOption:company	10522.99,12717.64 15795.50,12453.03
edge:declared:db.EmployeeOption:grantee	10300.36,12776.86 9277.60,13326.45
edge:declared:db.EmployeeOptionExerciseCandidate:management	11505.14,13168.44 12724.27,13788.84
edge:declared:db.EmployeeOptionExerciseCandidate:option	11302.10,13078.44 10522.99,12772.55
edge:declared:db.EmployeeOptionExerciseCandidate:option_exercise_claim	11564.71,13112.42 12686.36,13028.91
edge:declared:db.EmployeeOptionExerciseCandidateFile:candidate	11011.77,12857.96 11348.07,13078.44
edge:declared:db.EmployeeOptionExerciseClaim:company	12952.36,12994.83 15795.50,12478.03
edge:declared:db.EmployeeOptionExerciseClaimOption:option	11534.16,12754.09 10522.99,12727.16
edge:declared:db.EmployeeOptionExerciseClaimOption:option_exercise_claim	11840.16,12793.41 12686.36,12988.37
edge:declared:db.EmployeeOptionExerciseManagement:company	12898.91,13788.84 15795.50,12526.31
edge:declared:db.EmployeeOptionExerciseManagementEmail:management	13160.76,14003.59 12888.83,13870.84
edge:declared:db.EmployeeOptionVesting:employee_option	9312.19,12979.73 10274.99,12753.05
edge:declared:db.EmployeeOptionVestingItem:option_vesting	9115.28,13191.78 9178.35,13044.51
edge:declared:db.EmployeeOptionVestingTraceable:option	10158.75,13128.55 10367.53,12776.86
edge:declared:db.EmployeeStock:participant	9273.52,15828.89 9244.68,15897.07
edge:declared:db.EmployeeStockGuide:esop	9851.93,16317.93 9504.32,16680.72
edge:declared:db.EmployeeStockGuideAudience:employee_stock_guide	10088.92,15741.60 9906.36,16235.93
edge:declared:db.EmployeeStockGuideAudience:participant	9979.08,15738.04 9349.64,15908.49
edge:declared:db.EmployeeStockGuideEmail:employee_stock_guide	12243.13,17047.49 10015.22,16317.56
edge:declared:db.EmployeeStockTag:category	9648.57,16080.65 9552.76,16081.84
edge:declared:db.EmployeeStockTag:employee_stock_set	9703.57,16038.11 9351.44,15828.89
edge:declared:db.EmployeeStockTag:esop	9752.47,16120.11 9477.64,16680.72
edge:declared:db.EmployeeStockTagCategory:esop	9435.60,16120.30 9448.40,16680.72
edge:declared:db.EmployeeStockWithdrawRequest:account	10281.87,16675.99 11327.79,16763.84
edge:declared:db.EmployeeStockWithdrawRequest:esop	10019.87,16678.58 9579.70,16724.24
edge:declared:db.EmploymentCertificateDocumentRequest:company	12634.76,14162.60 15795.50,12540.97
edge:declared:db.EmploymentCertificateDocumentRequest:history	12402.14,14227.39 10148.91,14617.56
edge:declared:db.EmploymentStatusHistory:connected_hrm_status_event	9900.91,14671.88 5589.70,15814.03
edge:declared:db.EmploymentStatusHistory:employee	9900.91,14670.61 8630.79,14994.10
edge:declared:db.EmploymentStatusHistory:related_events	10136.85,14684.03 15446.56,16818.63
edge:declared:db.Event:company	15604.17,16769.13 15966.37,12660.49
edge:declared:db.EventAttachment:company	15981.76,14855.41 15985.16,12660.49
edge:declared:db.EventAttachment:event	15974.49,14929.41 15615.81,16769.13
edge:declared:db.ExpertClientIncorporationSupport:contact_set	21266.74,14817.11 20739.82,14651.19
edge:declared:db.ExpertClientIncorporationSupport:expert_client	21466.74,14817.11 21624.92,14724.19
edge:declared:db.ExpertClientIncorporationSupport:incorporation_request	21412.65,14899.11 21766.96,15824.23
edge:declared:db.ExpertClientSignupChannel:expert_client	24030.85,14884.42 21832.33,14686.36
edge:declared:db.ExpertClientTaxServiceSettings:expert_client	21641.17,14944.57 21696.11,14724.19
edge:declared:db.ExpertClientTaxServiceSettings:legal_partner	21761.35,14944.57 22310.39,14787.60
edge:declared:db.ExpressDelivery1:order_status_history	316.91,9788.89 395.05,9932.80
edge:declared:db.ExpressDelivery1:seal_card_return_status_history	178.82,9758.46 -44.26,9770.89
edge:declared:db.ExternalStockInfo:company	15283.56,9875.81 15926.18,12226.49
edge:declared:db.FABContent:thumbnail_image	21408.41,18479.26 20788.00,18480.79
edge:declared:db.FinancialAccount:institution	11468.70,16725.25 11608.55,16319.92
edge:declared:db.FinancialStatementsForNewIssueFromConversionDocument:new_issue	15760.76,23826.90 16086.09,22451.38
edge:declared:db.Fund:fund_partners	35247.78,13482.79 35461.98,13548.86
edge:declared:db.Fund:portfolio_company_set	34999.78,13467.23 30873.92,14222.10
edge:declared:db.Fund:venture_capital	35247.78,13399.80 37744.83,12498.87
edge:declared:db.FundPartner:venture_capital	35669.17,13546.11 37744.83,12523.16
edge:declared:db.FundingNewsDistributionServiceRequest:company	18150.95,14772.21 16175.50,12647.82
edge:declared:db.FundingNewsDistributionServiceRequest:company_question_thread	18258.71,14772.21 18846.60,14370.85
edge:declared:db.FundingNewsDistributionServiceRequest:logo	18222.34,14862.21 20455.55,18264.26
edge:declared:db.HelpTemplate:partners_to_share	6533.81,9076.70 22310.39,14688.79
edge:declared:db.Hrm:company	-205.78,16067.50 15795.50,12486.02
edge:declared:db.HrmAlpConfig:hrm	-2126.96,15839.08 -525.78,16079.31
edge:declared:db.HrmAlpConfigIndivApprovalTemplateRel:alp_config	-1815.75,15604.26 -2171.82,15784.38
edge:declared:db.HrmAlpExcludedEmp:emp	5585.10,17963.04 4769.73,18074.40
edge:declared:db.HrmAlpLaborReceiptRefusal:emp	5043.46,18830.33 4703.01,18270.89
edge:declared:db.HrmAlpTarget:emp	5068.25,18510.57 4769.73,18248.75
edge:declared:db.HrmAlpUsageDesignation:target	5552.78,18617.21 5239.00,18570.16
edge:declared:db.HrmAlpUsageDesignationDate:leave_usage	6293.50,18446.61 6919.48,18422.33
edge:declared:db.HrmAlpUsageDesignationDate:usage_designation	6066.47,18488.54 5770.81,18597.90
edge:declared:db.HrmAlpUsagePlan:target	5510.93,18252.15 5169.21,18510.57
edge:declared:db.HrmAlpUsagePlanDate:usage_plan	5779.76,18188.13 5689.14,18197.85
edge:declared:db.HrmAnnualLeaveAdjustment:emp	5290.65,18068.31 4769.73,18090.55
edge:declared:db.HrmAnnualLeaveConfigBase:annual_leave	3809.06,22533.43 3826.34,21766.88
edge:declared:db.HrmApproval:approvable	3474.22,18049.65 2975.40,17869.94
edge:declared:db.HrmApproval:requestor	3722.22,18094.76 4425.73,18097.28
edge:declared:db.HrmApprovalLine:actual_approver	3731.76,18209.86 4425.73,18120.13
edge:declared:db.HrmApprovalLine:approval	3604.79,18184.89 3601.48,18139.32
edge:declared:db.HrmApprovalLine:approver	3483.76,18263.67 2781.09,18477.79
edge:declared:db.HrmApprovalReview:approval	3162.09,18265.68 3483.69,18139.32
edge:declared:db.HrmApprovalReview:approver	2996.52,18339.68 2759.37,18462.57
edge:declared:db.HrmApprovalTemplate:hrm	2176.17,18135.78 -205.78,16231.24
edge:declared:db.HrmApprovalTemplateLine:approver	2551.37,18386.37 2613.72,18462.57
edge:declared:db.HrmApprovalTemplateLine:template	2458.15,18312.37 2297.21,18217.78
edge:declared:db.HrmApprovalTemplateReview:approver	2203.19,18351.32 2533.09,18470.70
edge:declared:db.HrmApprovalTemplateReview:template	2134.97,18277.32 2189.74,18217.78
edge:declared:db.HrmApprover:dept	2533.09,18512.11 362.93,18451.56
edge:declared:db.HrmApprover:emp	2781.09,18488.88 4425.73,18134.91
edge:declared:db.HrmAttendance:emp	4026.83,17837.26 4425.73,18019.37
edge:declared:db.HrmAttendanceItem:attendance	4200.03,17747.80 4061.02,17773.41
edge:declared:db.HrmAttendanceItem:emp	4354.12,17765.95 4470.77,17924.89
edge:declared:db.HrmAttendanceLocation:attendance_item	5253.90,17121.18 4387.17,17683.95
edge:declared:db.HrmAttendanceLocation:ongoing_attendance	5453.36,17055.21 5511.86,17047.21
edge:declared:db.HrmAttendanceLocation:personal_location	5388.93,17023.18 6350.36,16232.39
edge:declared:db.HrmAttendanceLocation:work_location	5278.35,17023.18 3565.33,15377.77
edge:declared:db.HrmCertificateConfig:hrm	-990.80,16157.77 -525.78,16117.25
edge:declared:db.HrmCertificateConfigIndividualApprovalTemplateRelation:certificate_config	-1791.45,16603.61 -1166.79,16205.05
edge:declared:db.HrmCertificateIssue:connected_status_event	5873.82,16033.52 5581.59,15899.88
edge:declared:db.HrmCertificateIssue:emp	5935.80,16115.52 4714.50,17924.89
edge:declared:db.HrmCommonLocation:work_location_config	5096.55,15584.60 5735.64,15555.38
edge:declared:db.HrmConciergeRequest:company	17454.59,10476.15 16147.54,12226.49
edge:declared:db.HrmDailyLeaveUsageItem:usage	5348.99,20641.89 7005.91,18474.29
edge:declared:db.HrmDept:hrm	217.35,18386.93 -329.77,16244.31
edge:declared:db.HrmDeptName:dept	-1242.53,19527.25 149.54,18508.93
edge:declared:db.HrmDeptName:event	-1307.39,19601.25 -1478.37,20044.28
edge:declared:db.HrmDeptParent:dept	-405.63,19518.56 196.55,18508.93
edge:declared:db.HrmDeptParent:event	-410.94,19600.56 -240.57,19965.55
edge:declared:db.HrmDeptReorg:hrm	-1019.59,15366.81 -490.95,15962.31
edge:declared:db.HrmDeptStatus:dept	179.14,19744.42 230.40,18508.93
edge:declared:db.HrmDeptStatus:event	172.34,19818.42 -42.65,21329.10
edge:declared:db.HrmDocument:emp	2154.96,15636.13 4426.06,17924.89
edge:declared:db.HrmDocument:form	1982.34,15574.85 -22.91,15376.25
edge:declared:db.HrmDocument:hrm	1982.34,15613.02 -205.78,16069.90
edge:declared:db.HrmDocumentDraft:emp	938.00,14080.79 4440.12,17924.89
edge:declared:db.HrmDocumentDraft:form	868.21,14080.79 -108.15,15314.97
edge:declared:db.HrmDocumentDraftFieldAttachment:field_value	630.43,11362.10 -425.52,12868.03
edge:declared:db.HrmDocumentDraftFieldMultiSelectValue:field_value	-653.75,13256.53 -482.84,12958.03
edge:declared:db.HrmDocumentDraftFieldMultiSelectValue:selected_option	-736.08,13330.53 -917.70,13440.45
edge:declared:db.HrmDocumentDraftFieldValue:draft	-402.85,12958.03 851.25,13998.79
edge:declared:db.HrmDocumentDraftFieldValue:field_definition	-537.23,12958.03 -2248.97,13918.94
edge:declared:db.HrmDocumentFieldAttachment:field_value	-578.17,14198.68 -642.94,13865.38
edge:declared:db.HrmDocumentFieldMultiSelectValue:field_value	-416.80,13818.07 -527.69,13819.16
edge:declared:db.HrmDocumentFieldMultiSelectValue:selected_option	-343.48,13779.56 -897.15,13522.45
edge:declared:db.HrmDocumentFieldValue:document	-581.44,13865.38 2029.85,15538.13
edge:declared:db.HrmDocumentFieldValue:field_definition	-775.69,13830.99 -2181.13,13951.27
edge:declared:db.HrmDocumentForm:hrm	-161.42,15412.97 -324.04,15962.31
edge:declared:db.HrmDocumentFormFieldDefinition:form	-2258.99,14008.94 -223.29,15314.97
edge:declared:db.HrmDocumentFormFieldSelectOption:field_definition	-1099.62,13522.45 -2203.81,13918.94
edge:declared:db.HrmDocumentFormIndividualApprovalTemplateRelation:document_form	-783.83,14730.35 -196.17,15314.97
edge:declared:db.HrmEmp:connected_employee	4769.73,17962.29 8360.68,15131.27
edge:declared:db.HrmEmp:hrm	4425.73,18028.77 -205.78,16167.61
edge:declared:db.HrmEmpAffiliation:emp	2612.79,17801.75 4425.73,18072.23
edge:declared:db.HrmEmpAffiliation:event	2539.28,17742.25 3482.87,16975.98
edge:declared:db.HrmEmpAffiliationDept:affiliation	1751.58,17539.01 2365.04,17742.25
edge:declared:db.HrmEmpAffiliationDept:dept	1584.87,17539.01 323.66,18386.93
edge:declared:db.HrmEmpContract:emp	5164.43,34881.99 4603.57,18270.89
edge:declared:db.HrmEmpContract:mgmt	5152.81,34881.99 1512.49,23398.18
edge:declared:db.HrmEmpContractCommonVar:hrm	16.94,15670.33 -241.15,15962.31
edge:declared:db.HrmEmpContractMgmt:hrm	1488.95,23316.18 -329.52,16244.31
edge:declared:db.HrmEmpContractMgmt:template_revision	1403.82,23316.18 -786.79,22377.34
edge:declared:db.HrmEmpContractModusignDocument:hrm_emp_contract	28529.23,37338.85 5289.81,34935.81
edge:declared:db.HrmEmpContractTemplate:hrm	-1871.70,20202.41 -417.58,16244.31
edge:declared:db.HrmEmpContractTemplateRevision:template	-902.07,22295.34 -1867.60,20276.41
edge:declared:db.HrmEmpContractTemplateRevisionSigner:revision	-1715.01,22830.67 -951.51,22377.34
edge:declared:db.HrmEmpEmploymentType:emp	4631.04,17750.86 4614.33,17924.89
edge:declared:db.HrmEmpEmploymentType:event	4632.97,17676.86 4605.45,17047.99
edge:declared:db.HrmEmpJob:emp	2514.90,16620.91 4425.73,17975.92
edge:declared:db.HrmEmpJob:event	2564.16,16583.72 3504.37,16703.62
edge:declared:db.HrmEmpJob:level	2316.16,16603.30 1821.09,16744.61
edge:declared:db.HrmEmpJob:position	2316.16,16546.57 1987.73,16490.05
edge:declared:db.HrmEmpJob:role	2316.16,16570.20 1576.39,16583.89
edge:declared:db.HrmEmpJob:title	2350.01,16514.91 1413.50,15964.32
edge:declared:db.HrmEmpJobLevel:hrm	1589.68,16741.29 -205.78,16155.51
edge:declared:db.HrmEmpJobPosition:hrm	1751.73,16450.40 -205.78,16129.54
edge:declared:db.HrmEmpJobRole:hrm	1340.39,16554.84 -205.78,16145.65
edge:declared:db.HrmEmpJobTitle:hrm	1232.57,15939.42 -205.78,16086.90
edge:declared:db.HrmEmpMov:hrm	450.36,15790.36 -205.78,16041.96
edge:declared:db.HrmEmpReturnToWorkEvent:absence_event	5040.22,15706.33 4840.09,15706.33
edge:declared:db.HrmEmpSalaryAccount:emp	8022.08,17222.78 4769.73,18053.93
edge:declared:db.HrmEmpSalaryAccount:institution	8258.08,17161.54 11500.08,16307.58
edge:declared:db.HrmEmpStatus:emp	6799.00,16199.61 4769.73,17949.56
edge:declared:db.HrmEmpStatus:event	6723.91,16135.54 5589.70,15875.33
edge:declared:db.HrmEmpUserInvitation:emp	2532.01,18039.24 4425.73,18093.01
edge:declared:db.HrmEmpUserInvitation:hrm	2349.16,17994.72 -205.78,16214.78
edge:declared:db.HrmEmpUserInvitationInvitee:invitation	2528.09,18154.94 2449.31,18076.72
edge:declared:db.HrmEmpWorkAssignment:emp	3325.48,18813.98 4425.73,18194.70
edge:declared:db.HrmEmpWorkAssignment:work	3141.74,18861.68 1997.93,18965.37
edge:declared:db.HrmEmpWorkLocationAssignment:work_location	4046.75,16131.38 3546.83,15377.77
edge:declared:db.HrmEmpWorkLocationAssignment:work_location_config	4077.03,16205.38 4150.44,16678.71
edge:declared:db.HrmEmpWorkLocationConfig:emp	4169.92,16760.71 4542.38,17924.89
edge:declared:db.HrmEmpWorkLocationConfig:work_location_set	4137.86,16678.71 3536.95,15377.77
edge:declared:db.HrmFixedWorkSchedule:fixed_work	1937.30,18672.92 1897.36,18715.28
edge:declared:db.HrmGoogleCalendarIntegration:hrm	-603.67,15483.14 -419.87,15962.31
edge:declared:db.HrmLeaveBase:hrm	3194.64,20878.42 -260.65,16244.31
edge:declared:db.HrmLeaveCommonConfig:leave	1966.75,20947.80 3113.07,20951.04
edge:declared:db.HrmLeaveGrant:emp	3914.93,19183.85 4488.96,18270.89
edge:declared:db.HrmLeaveGrant:grantable_leave	3877.37,19257.85 3525.61,20168.28
edge:declared:db.HrmLeaveIndividualApprovalTemplateRelation:leave	1459.92,19981.92 3114.35,20878.42
edge:declared:db.HrmLeaveUsage:emp	6919.48,18400.35 4769.73,18120.30
edge:declared:db.HrmLeaveUsage:leave	6964.00,18474.29 3358.55,20878.42
edge:declared:db.HrmLeaveUsageAttachment:usage	7052.85,19329.11 7049.69,18474.29
edge:declared:db.HrmLeaveUsageItem:emp	4418.86,19161.39 4568.63,18270.89
edge:declared:db.HrmLeaveUsageItem:leave	4384.70,19243.39 3297.61,20878.42
edge:declared:db.HrmLeaveUsageItem:usage	4535.96,19165.48 6919.48,18455.99
edge:declared:db.HrmOngoingAttendance:emp	5595.99,17071.24 4765.95,17924.89
edge:declared:db.HrmOngoingAttendanceClockedSchedule:ongoing_attendance	6615.01,16494.13 5710.74,16989.24
edge:declared:db.HrmPersonalLocation:hrm_emp	6362.50,16232.39 4761.39,17924.89
edge:declared:db.HrmPersonalLocation:work_location_config	6366.73,16142.39 5896.58,15590.62
edge:declared:db.HrmRequestor:dept	1108.93,19153.71 308.64,18508.93
edge:declared:db.HrmRequestor:emp	1271.42,19153.71 4425.73,18152.49
edge:declared:db.HrmSelectiveWorkPlan:emp	4120.31,18009.12 4425.73,18065.91
edge:declared:db.HrmSelectiveWorkPlanConfig:selective_work	1894.89,19515.53 2019.58,19471.44
edge:declared:db.HrmSelectiveWorkPlanItem:emp	3186.71,18149.67 4425.73,18104.20
edge:declared:db.HrmSelectiveWorkPlanItem:plan	3186.71,18132.38 3872.31,18008.48
edge:declared:db.HrmSelectiveWorkSchedule:selective_work	2354.03,19288.68 2211.75,19382.60
edge:declared:db.HrmSelectiveWorkSettlementConfig:selective_work	1319.92,19533.34 2019.58,19443.52
edge:declared:db.HrmSigner:hrm	-788.39,15981.38 -525.78,16057.15
edge:declared:db.HrmSlackChannelConfig:integration	-795.03,16656.43 -760.19,16605.52
edge:declared:db.HrmSlackIntegration:hrm	-705.51,16531.52 -477.64,16244.31
edge:declared:db.HrmStaffNote:hrm	-1277.83,16033.61 -525.78,16091.08
edge:declared:db.HrmStaggeredWorkSchedule:staggered_work	1363.97,20425.03 720.12,19578.33
edge:declared:db.HrmStandardWork:hrm	-1094.62,16708.30 -525.78,16236.12
edge:declared:db.HrmStandardWorkSchedule:standard_work	-1519.61,17641.60 -1154.89,16782.30
edge:declared:db.HrmTag:hrm_set	-992.59,15715.81 -525.78,16004.40
edge:declared:db.HrmWorkAutoClockOutConfig:work	1215.80,18945.44 1737.93,18970.83
edge:declared:db.HrmWorkBase:emp_set	1997.93,18935.28 4425.73,18153.29
edge:declared:db.HrmWorkBase:hrm	1820.52,18916.15 -256.19,16244.31
edge:declared:db.HrmWorkIndividualApprovalTemplateRelation:work	2342.70,19042.94 1997.93,18995.17
edge:declared:db.HrmWorkLocation:hrm	3390.32,15353.52 -205.78,16071.37
edge:declared:db.HrmWorkLocationGpsConfig:work_location	5735.64,15537.77 3638.32,15340.44
edge:declared:db.HrmWorkOvertime:work	1301.85,18849.52 1737.93,18947.84
edge:declared:db.IBKSignupChannel:ibk_user_login_token	25970.01,14550.21 25939.76,14500.50
edge:declared:db.IBKUserLoginToken:ibk_user	25942.60,14426.50 25971.63,14384.15
edge:declared:db.IaAccountInfo:investment_association	34252.98,18184.22 30794.03,16692.84
edge:declared:db.IaCertificateOfInvestmentDocument:partner	37010.23,18531.82 39437.56,18244.75
edge:declared:db.IaCertificateOfInvestmentDocumentRecipient:certificate_of_investment_document_email	-2495.45,20068.40 -2522.84,20146.33
edge:declared:db.IaConfirmationRequest:investment_association	25304.74,18908.23 30486.03,16692.30
edge:declared:db.IaConfirmationRequest:partner_list_file	25018.02,18934.61 20788.00,18500.75
edge:declared:db.IaConsentForm:consent_form_or_meeting	35608.50,18704.06 33155.41,19223.90
edge:declared:db.IaConsentFormDocument:consent_form	36162.57,18527.41 35857.67,18636.23
edge:declared:db.IaConsentFormDocument:partner	36462.45,18471.90 39437.56,18238.50
edge:declared:db.IaConsentFormOrMeeting:investment_association	32916.25,19211.69 30757.13,16759.44
edge:declared:db.IaConsentFormOrMeetingDocumentGeneration:consent_form_or_meeting	33937.30,19205.81 33155.41,19253.06
edge:declared:db.IaConsentFormOrMeetingDocumentGenerationItem:document	35227.74,19190.80 35658.54,19303.91
edge:declared:db.IaConsentFormOrMeetingDocumentGenerationItem:generation	34896.81,19161.89 34280.30,19188.15
edge:declared:db.IaConsentFormOrMeetingElectronicSignatureRequest:document	32768.03,20711.06 33734.49,20002.33
edge:declared:db.IaConsentFormOrMeetingElectronicSignatureRequestModusignDocument:electronic_signature_request	28643.26,20241.05 32497.76,20738.51
edge:declared:db.IaConsentFormOrMeetingElectronicSignatureRequestModusignEmbeddedDraft:electronic_signature_request	28143.58,20711.14 32497.76,20761.76
edge:declared:db.IaConsentFormOrMeetingElectronicSignatureRequestStatusHistory:electronic_signature_request	32746.88,21475.25 32699.57,20817.06
edge:declared:db.IaConsentFormOrMeetingElectronicSignatureRequestUploadedModusignDocument:electronic_signature_request	29308.10,21155.58 32497.76,20786.94
edge:declared:db.IaConsentFormOrMeetingElectronicSignatureRequiredDocument:consent_form_or_meeting	33741.44,19896.33 33028.23,19317.69
edge:declared:db.IaConsentFormOrMeetingElectronicSignatureRequiredDocument:edited_file	33608.76,19927.32 20788.00,18502.38
edge:declared:db.IaConsentFormOrMeetingElectronicSignatureRequiredDocument:partner	33984.78,19896.33 39437.56,18272.92
edge:declared:db.IaConsentFormOrMeetingEsigRequiredDocumentPageRange:esig_required_document	34527.02,19820.40 34004.76,19913.89
edge:declared:db.IaConsentFormOrMeetingEsigRequiredDocumentPageRange:page_range_document	34814.83,19747.96 35658.54,19400.36
edge:declared:db.IaConsentFormOrMeetingGuideEmail:consent_form_or_meeting	33823.61,18918.72 33094.76,19211.69
edge:declared:db.IaConsentFormOrMeetingGuideEmailRecipient:consent_form_or_meeting_guide_email	33874.73,18704.92 33907.09,18844.72
edge:declared:db.IaDocumentArchive:investment_association	32577.72,15022.37 30794.03,16498.96
edge:declared:db.IaDocumentArchiveAttachment:ia_document_archive	32259.03,15085.62 32504.42,15017.92
edge:declared:db.IaExpertPartnerBulkEmailTemplate:legal_partner	21101.89,15419.88 22310.39,14820.01
edge:declared:db.IaFoundingProgressStatus:investment_association	32081.71,17580.97 30794.03,16728.40
edge:declared:db.IaGpAppointmentEvent:partner	35754.02,17892.89 39437.56,18212.56
edge:declared:db.IaGpTerminationEvent:appointment_event	35919.46,18147.76 35674.70,17923.13
edge:declared:db.IaGpTerminationEvent:partner	36088.14,18190.04 39437.56,18224.56
edge:declared:db.IaInvestmentCertificateRegistrationRequest:partner	39601.68,19783.12 39595.06,18335.18
edge:declared:db.IaLegalPartnerRelation:investment_association	26097.63,15322.51 30486.03,16582.23
edge:declared:db.IaLegalPartnerRelation:legal_partner	25861.63,15270.34 22618.39,14767.45
edge:declared:db.IaMeeting:consent_form_or_meeting	34399.83,20610.01 33019.52,19317.69
edge:declared:db.IaMeetingAgenda:meeting	35434.94,20546.44 34603.98,20653.16
edge:declared:db.IaMeetingAgendaVote:agenda	35307.80,22528.07 35588.08,20567.02
edge:declared:db.IaMeetingAgendaVote:electronic_signature	35242.74,22528.07 32772.28,20817.06
edge:declared:db.IaMeetingAgendaVote:partner	35342.47,22528.07 39486.82,18335.18
edge:declared:db.IaMeetingConvocationNoticeEmail:ia_meeting	35099.70,22077.16 34492.51,20732.01
edge:declared:db.IaMeetingConvocationNoticeRecipient:convocation_notice_email	34933.48,21284.86 35108.24,22077.16
edge:declared:db.IaMeetingMinutesDocument:meeting	35127.48,20061.04 34531.23,20610.01
edge:declared:db.IaMeetingNoticeDocument:meeting	34840.14,19944.68 34496.49,20610.01
edge:declared:db.IaMeetingSealedNoticeDocumentFile:ia_meeting	32815.55,20104.32 34325.98,20623.25
edge:declared:db.IaMeetingShortenPeriodDocument:meeting	37251.90,19406.25 34599.39,20610.01
edge:declared:db.IaMeetingShortenPeriodDocument:partner	37423.31,19324.25 39437.56,18305.58
edge:declared:db.IaModusignDocumentUsageHistory:investment_association	27587.87,14723.69 30486.03,16530.43
edge:declared:db.IaOperation:_deprecated_investment_association	34720.46,16412.65 30794.03,16618.37
edge:declared:db.IaOperation:ia_operation_management	34798.90,16443.47 34644.32,16588.02
edge:declared:db.IaOperationManagement:investment_association	34486.76,16625.06 30794.03,16626.38
edge:declared:db.IaOwner:investment_association	34524.34,17131.07 30794.03,16646.45
edge:declared:db.IaOwner:partner	34776.34,17174.93 39437.56,18191.93
edge:declared:db.IaOwnerAuditLog:investment_association	24719.95,7359.85 30555.06,16493.44
edge:declared:db.IaPartnerDataCollection:investment_association	26549.03,17867.94 30486.03,16673.17
edge:declared:db.IaPartnerDataCollectionItem:address	25349.39,17941.72 24244.01,18816.92
edge:declared:db.IaPartnerDataCollectionItem:ia_partner_data_collection	25538.17,17901.37 26301.03,17904.98
edge:declared:db.IaPartnerDataCollectionItemReply:address	25582.23,18121.51 24244.01,18854.50
edge:declared:db.IaPartnerDataCollectionItemReply:ia_partner_data_collection	25816.08,18044.29 26301.03,17933.82
edge:declared:db.IaPartnerDataCollectionItemReply:ia_partner_data_collection_item	25598.72,18039.51 25459.53,17941.72
edge:declared:db.IaPartnerInvestmentConfirmation:partner	35511.47,17121.15 39437.56,18183.69
edge:declared:db.IaPartnerInvestmentConfirmationEmailRecipient:ia_partner_investment_confirmation_email	11925.88,5642.04 11853.31,5684.77
edge:declared:db.IaPartnerWithdrawalEvent:partner	39543.69,17996.23 39570.44,18117.18
edge:declared:db.IaPaymentLink:investment_association	26990.19,13478.19 30486.03,16493.60
edge:declared:db.IaPfCompany:investment_association	32824.62,20227.61 30720.71,16759.44
edge:declared:db.IaPfCompanyInvestment:ia_pf_company	32553.27,20570.95 32811.58,20301.61
edge:declared:db.IaPfCompanyInvestmentSalesIntent:ia_pf_company_investment	35392.44,22921.27 32565.06,20652.95
edge:declared:db.IaPfCompanyInvestmentStock:ia_pf_company_investment	31491.47,20480.28 32389.95,20595.98
edge:declared:db.IaQuestionThread:investment_association	26834.19,13649.93 30486.03,16506.00
edge:declared:db.IaRule:address	27542.94,19275.37 24244.01,18953.86
edge:declared:db.IaRule:file	27542.94,19273.22 20788.00,18502.93
edge:declared:db.IaRule:investment_association	27740.94,19227.04 30491.76,16759.44
edge:declared:db.IaRuleCompensation:rule	28030.49,19193.64 27802.94,19253.72
edge:declared:db.IaRuleDocument:rule	32466.46,19238.48 27802.94,19286.70
edge:declared:db.IaRuleInvestment:rule	28177.46,19703.07 27747.09,19349.04
edge:declared:db.IaRuleMeeting:rule	28165.58,19001.07 27777.66,19227.04
edge:declared:db.IaRulePartner:rule	28273.32,19403.87 27802.94,19313.12
edge:declared:db.IaSealStamp:image_file	23041.80,18217.42 20788.00,18460.75
edge:declared:db.IaSealStamp:investment_association	23289.80,18177.86 30486.03,16658.94
edge:declared:db.IaSealStampImage:seal_stamp	22280.89,18244.40 23041.80,18209.69
edge:declared:db.IaUserInvitation:ia_owner	34137.22,16847.07 34580.30,17106.44
edge:declared:db.IaUserInvitation:investment_association	33943.18,16799.57 30794.03,16634.51
edge:declared:db.IaUserInvitationInvitee:_deprecated_individual_partner	37161.65,16671.77 36604.60,17040.85
edge:declared:db.IaUserInvitationInvitee:invitation	37111.61,16629.94 34191.18,16798.90
edge:declared:db.IaUserInvitationInvitee:legal_representative	37236.50,16671.77 37242.20,16986.71
edge:declared:db.IaUserInvitationInvitee:manager	37280.81,16671.77 38049.93,17505.62
edge:declared:db.IaUserInvitationInvitee:partner	37307.70,16671.77 39437.56,18119.46
edge:declared:db.IaWrittenResolutionDocument:meeting	35949.81,19723.69 34560.59,20610.01
edge:declared:db.IaWrittenResolutionDocument:partner	36114.86,19641.69 39437.56,18290.05
edge:declared:db.ImAccessLog:investor_matching	30668.91,11203.56 28522.64,10924.82
edge:declared:db.ImAccessLog:venture_capital	30904.91,11238.93 37744.83,12401.21
edge:declared:db.ImAttachment:investor_matching	32564.53,11188.19 28522.64,10915.94
edge:declared:db.ImAttachmentDownloadLog:attachment	34296.56,11701.54 32812.53,11235.48
edge:declared:db.ImAttachmentDownloadLog:venture_capital	34532.38,11761.84 37744.83,12396.15
edge:declared:db.ImAttachmentPdfEvent:attachment	34122.14,11517.25 32812.53,11224.28
edge:declared:db.ImAttachmentPdfEvent:pdf_event	34218.33,11503.99 34188.64,11460.22
edge:declared:db.ImAttachmentPdfEvent:venture_capital	34370.14,11574.87 37744.83,12388.14
edge:declared:db.ImBrokerAssignment:_deprecated_assigned_companies	29277.24,11674.93 16175.50,12432.50
edge:declared:db.ImBrokerAssignment:assigned_investors	29525.24,11678.88 37744.83,12415.98
edge:declared:db.ImBrokerAssignment:im_broker	29525.24,11682.08 33463.21,12136.84
edge:declared:db.ImBrokerAssignment:investor_matching	29335.56,11618.76 28505.30,10999.38
edge:declared:db.ImBrokerAssignmentInvitedUser:broker_assignment	31838.92,11823.93 29525.24,11675.70
edge:declared:db.ImBrokerAssignmentInvitedUser:venture_capital	32115.92,11846.76 37744.83,12413.94
edge:declared:db.ImConsultingRequest:company	26787.39,9440.74 16175.50,12390.67
edge:declared:db.ImConsultingRequest:investor_matching	26951.55,9447.27 28289.55,10813.38
edge:declared:db.ImContactRequest:investor_matching	30525.96,11496.17 28522.64,10945.42
edge:declared:db.ImContactRequest:venture_capital	30773.96,11545.63 37744.83,12409.67
edge:declared:db.ImContactRequestIntention:im_contact_request	30334.07,11350.93 30577.74,11489.26
edge:declared:db.ImDay:recipients	33994.53,10932.21 33900.61,10809.61
edge:declared:db.ImDay:venture_capitals	34156.06,11027.39 37744.83,12363.95
edge:declared:db.ImDayParticipation:im_day	33029.64,10600.65 33908.06,10934.14
edge:declared:db.ImDayParticipation:investor_matching	32781.64,10563.25 28522.64,10895.31
edge:declared:db.ImDayParticipation:venture_capital	33029.64,10599.96 37744.83,12363.66
edge:declared:db.ImDayParticipationAttachment:participation	32670.50,10252.82 32867.33,10504.58
edge:declared:db.ImDaySurvey:im_day	31072.82,10882.60 33908.06,10977.08
edge:declared:db.ImDaySurvey:investor_matching	30836.82,10879.94 28522.64,10904.85
edge:declared:db.ImDisclosing:investor_matching	29336.95,9756.70 28458.00,10813.38
edge:declared:db.ImInvestorBroker:venture_capital	35330.31,12306.74 37744.83,12423.58
edge:declared:db.ImInvestorMemo:investor_matching	29885.93,11499.55 28522.64,10962.34
edge:declared:db.ImInvestorMemo:venture_capital	30097.82,11549.85 37744.83,12411.74
edge:declared:db.ImIrPartnerBrokerOwnerRelation:im_ir_partner_broker	30785.56,12143.64 31059.90,12082.41
edge:declared:db.ImNote:investor_matching	29013.29,10389.95 28494.57,10813.38
edge:declared:db.ImTag:investor_matching_set	30579.87,10406.97 28522.64,10874.13
edge:declared:db.ImWatching:_deprecated_investor_matching	28906.99,11674.50 28444.37,10999.38
edge:declared:db.ImWatching:company	28811.09,11722.47 16175.50,12432.81
edge:declared:db.ImWatching:venture_capital	29059.09,11725.39 37744.83,12417.81
edge:declared:db.InauguralConsentDocument:director_change_agenda	13286.23,23283.01 12405.00,22894.86
edge:declared:db.IncorporationBenefitRequest:incorporation_request	22016.56,15230.97 21838.66,15824.23
edge:declared:db.IncorporationBenefitRequest:tax_partner	22063.54,15156.97 22343.18,14868.57
edge:declared:db.IncorporationRequest:address	21886.81,16034.23 23995.20,18813.85
edge:declared:db.IncorporationRequest:balance_certificate_account_file	21757.42,16034.23 20700.82,18264.26
edge:declared:db.IncorporationRequest:balance_certificate_account_holder	21909.18,16034.23 23155.82,17317.44
edge:declared:db.IncorporationRequest:company	21659.17,15840.61 16175.50,12557.25
edge:declared:db.IncorporationRequest:company_question_thread	21659.17,15843.08 19118.96,14364.50
edge:declared:db.IncorporationRequestAoiFile:incorporation_request	22150.25,15784.32 21955.17,15866.72
edge:declared:db.IncorporationRequestAssistance:incorporation_request	22275.94,16211.04 21955.17,16018.20
edge:declared:db.IncorporationRequestAssistance:legal_partner	22347.41,16211.04 22454.43,14868.57
edge:declared:db.IncorporationRequestAssistanceReceipt:incorporation_request_assistance	21766.52,17206.94 22319.34,16293.04
edge:declared:db.IncorporationRequestDirector:address	22981.06,17885.09 23958.46,18813.85
edge:declared:db.IncorporationRequestDirector:incorporation_request	22920.24,17811.09 21869.27,16034.23
edge:declared:db.IncorporationRequestPromoter:address	23231.05,17415.44 24019.53,18813.85
edge:declared:db.IncorporationRequestPromoterCustodian:address	23694.77,17674.55 24050.93,18813.85
edge:declared:db.IncorporationRequestPromoterCustodian:promoter	23617.72,17600.55 23290.13,17415.44
edge:declared:db.IncorporationRequestPromoterInstitutionCeo:promoter	23305.55,17210.69 23235.55,17317.44
edge:declared:db.IncorporationRequestPurpose:incorporation_request	21328.32,16041.96 21659.17,15964.07
edge:declared:db.IndividualInvestorCompanyCeo:company_info	27532.73,22010.95 28993.02,23806.58
edge:declared:db.IndividualInvestorCompanyInfo:address	28985.13,23806.58 24215.71,19063.85
edge:declared:db.IndividualInvestorCompanyInfo:company	29098.63,23888.58 32071.03,25574.80
edge:declared:db.IndividualInvestorCompanyName:non_unified_share_company	34764.66,25183.34 32315.61,25616.79
edge:declared:db.IndividualInvestorCompanyParValue:non_unified_share_company	31543.37,25454.62 32055.61,25602.32
edge:declared:db.IndividualInvestorCompanyShareClass:non_unified_share_company	32084.09,27233.08 32181.47,25704.80
edge:declared:db.IndividualInvestorCompanyShareStock:_deprecated_non_unified_stock_create_request	31596.86,26586.91 31265.12,28058.24
edge:declared:db.IndividualInvestorCompanyShareStock:_deprecated_stock_unissued_confirmation_file	31605.94,26586.91 31501.83,29181.32
edge:declared:db.IndividualInvestorCompanyShareStock:management_history	31441.41,26570.37 30475.62,26758.65
edge:declared:db.IndividualInvestorCompanyShareStock:non_unified_share_company	31639.43,26488.91 32143.80,25704.80
edge:declared:db.IndividualInvestorCompanyShareStock:share_class	31639.62,26586.91 32057.79,27233.08
edge:declared:db.IndividualInvestorEvent:company	36966.29,27970.00 32315.61,25703.16
edge:declared:db.IndividualInvestorStakeholder:address	28717.68,22157.36 24244.01,19045.96
edge:declared:db.IndividualInvestorStakeholder:company	28817.24,22239.36 32121.22,25574.80
edge:declared:db.IndividualInvestorUser:address	25654.64,20217.63 24242.95,19063.85
edge:declared:db.IndividualStockOption:company	30345.77,23241.19 32135.75,25574.80
edge:declared:db.IndividualStockOption:create_request	30432.05,23164.99 31341.12,23030.72
edge:declared:db.IndividualStockOption:grantee	30280.12,23127.19 29901.15,22142.00
edge:declared:db.IndividualStockOptionCreateRequestEtcFile:create_request	32543.96,22979.89 31655.12,23003.38
edge:declared:db.IndividualStockOptionGrantContract:individual_stock_option	29923.17,22893.26 30227.82,23127.19
edge:declared:db.IndividualStockOptionGrantee:stakeholder	29755.92,22116.02 28913.63,22186.84
edge:declared:db.IndividualStockOptionResumeEvent:pause_event	33413.55,29378.17 32623.36,27331.80
edge:declared:db.IndividualStockOptionSalesIntent:individual_stock_option	33721.94,23108.28 30432.05,23181.30
edge:declared:db.IndividualStockOptionVesting:individual_stock_option	31040.68,23551.27 30416.74,23241.19
edge:declared:db.IndividualStockOptionVestingItem:individual_stock_option_vesting	31223.26,23413.52 31138.02,23551.27
edge:declared:db.IndividualStockOptionVestingTraceable:individual_stock_option	30714.72,22847.28 30371.87,23127.19
edge:declared:db.InputSignupChannel:input_channel	26143.07,15099.23 26569.50,15255.88
edge:declared:db.InstitutionStakeholderManager:institution_stakeholder	10027.48,21571.22 10051.18,21200.14
edge:declared:db.InternetRegistryOfficeOtp:company	16934.28,16225.61 16039.94,12660.49
edge:declared:db.InternetRegistryOfficeOtp:director	16862.06,16307.61 16753.06,16361.78
edge:declared:db.InternetRegistryOfficeOtpReturnRequest:internet_registry_office_otp	22265.18,19441.36 17013.28,16307.61
edge:declared:db.InternetRegistryOfficeOtpReturnRequest:recipient_address	22448.09,19441.36 23936.01,18985.98
edge:declared:db.InvestmentAgreement:document	17524.68,15994.86 18257.76,15400.65
edge:declared:db.InvestmentAgreement:stakeholder	17394.44,16068.86 10125.11,19248.63
edge:declared:db.InvestmentAgreementDocument:company	18278.91,15302.65 16159.56,12660.49
edge:declared:db.InvestmentAgreementDocument:pdf_file	18353.90,15400.65 20439.92,18264.26
edge:declared:db.InvestmentAssociation:venture_capital	30794.03,16537.83 37744.83,12538.35
edge:declared:db.InvestmentAssociationDocument:investment_association	35685.57,19280.45 30794.03,16707.45
edge:declared:db.InvestmentAssociationEvent:investment_association	33275.16,17608.02 30794.03,16683.80
edge:declared:db.InvestmentAssociationIndividualPartnerLegalRepresentative:ward	37044.87,17040.15 36716.72,17067.40
edge:declared:db.InvestmentAssociationOrganizationPartnerCeo:organization_partner	38920.80,16812.59 38384.40,16852.38
edge:declared:db.InvestmentAssociationOrganizationPartnerCorporationSignerCeo:corporation	38838.79,14959.18 38743.84,14904.67
edge:declared:db.InvestmentAssociationOrganizationPartnerManager:organization_partner	35097.49,15479.04 38093.18,16816.84
edge:declared:db.InvestmentAssociationOrganizationPartnerSigner:_deprecated_manager	37783.84,15117.52 35212.64,15418.84
edge:declared:db.InvestmentAssociationOrganizationPartnerSigner:organization_partner	37987.46,15139.32 38196.79,16816.84
edge:declared:db.InvestmentAssociationPartner:address	39437.56,18233.40 24244.01,18931.77
edge:declared:db.InvestmentAssociationPartner:investment_association	39437.56,18198.13 30794.03,16653.95
edge:declared:db.InvestmentAssociationPartnerManager:partner	38165.82,17579.62 39437.56,18155.13
edge:declared:db.InvestmentAssociationPartnerResume:partner	41049.36,16740.98 39701.33,18117.18
edge:declared:db.InvestmentAssociationPartnerResume:signer	41010.17,16658.98 38068.94,15139.32
edge:declared:db.InvestmentAssociationPartnerResumeItem:resume	41243.85,16372.51 41108.84,16658.98
edge:declared:db.InvestmentAssociationPartnerSalesIntent:partner	37090.44,21788.27 39517.93,18335.18
edge:declared:db.InvestmentAssociationShare:investment_association	34379.43,17483.18 30794.03,16661.72
edge:declared:db.InvestmentAssociationShare:partner	34619.43,17527.52 39437.56,18204.13
edge:declared:db.InvestmentRound:company	16069.51,10900.77 15997.32,12226.49
edge:declared:db.InvestmentRoundNewIssueEvent:investment_round	16152.63,10178.33 16076.61,10818.77
edge:declared:db.InvestmentRoundNewIssueEvent:new_issue_event	16149.07,10104.33 16062.30,9700.33
edge:declared:db.InvestmentSimulation:company	12785.29,6387.76 15870.82,12226.49
edge:declared:db.InvestmentSimulationInitialOption:option_grantee	11327.16,6638.87 11807.28,6738.73
edge:declared:db.InvestmentSimulationInitialOptionGrantee:simulation	12051.51,6738.73 12680.82,6387.76
edge:declared:db.InvestmentSimulationInitialShareholder:simulation	9992.84,5961.82 12637.51,6325.70
edge:declared:db.InvestmentSimulationInitialStock:shareholder	7907.73,3965.66 9788.89,5901.70
edge:declared:db.InvestmentSimulationInvestor:simulation_round	18095.99,3943.35 14231.21,6298.89
edge:declared:db.InvestmentSimulationNewIssueInvestment:investor	17653.30,5349.72 18148.81,3943.35
edge:declared:db.InvestmentSimulationPurchaseInvestment:investor	21205.73,5595.79 18236.92,3943.35
edge:declared:db.InvestmentSimulationPurchaseSellStock:seller	21628.93,5189.18 21301.95,5595.79
edge:declared:db.InvestmentSimulationRound:simulation	14052.50,6336.47 12885.51,6342.16
edge:declared:db.InvestorInterest:venture_capital	39478.27,13500.33 38112.83,12559.29
edge:declared:db.InvestorMatching:_deprecated_excluded_companies	28238.64,10923.99 16175.50,12419.93
edge:declared:db.InvestorMatching:excluded_investors	28522.64,10929.08 37744.83,12403.07
edge:declared:db.InvestorRelations:previous_investors	30725.81,7649.41 37744.83,12310.30
edge:declared:db.InvestorRelationsSurvey:_deprecated_preferred_investors	35782.12,10511.05 37744.83,12267.79
edge:declared:db.InvestorRelationsSurvey:investor_relations	35675.44,10437.05 30725.81,7634.35
edge:declared:db.InvitationSeat:allocated_seat	8780.33,13098.55 8018.36,13333.07
edge:declared:db.InvitationSeat:invitation_seat_request	8918.79,13025.23 9873.46,11298.97
edge:declared:db.InvitationSeatRequest:company	10020.13,11282.11 15795.50,12406.50
edge:declared:db.IrAiAnalysis:investor_relations	31323.76,7118.25 30725.81,7459.31
edge:declared:db.IrAiAnalysisLike:ai_analysis	31872.29,6683.56 31433.63,7044.25
edge:declared:db.IrAiSummary:investor_relations	32203.41,7254.13 30725.81,7519.49
edge:declared:db.IrAlert:ir_set	35041.29,9442.46 30725.81,7612.45
edge:declared:db.IrAlert:venture_capital	35176.78,9524.46 37744.83,12238.05
edge:declared:db.IrAlertInvestorRelations:investor_relations	33975.55,9159.45 30725.81,7620.10
edge:declared:db.IrAlertInvestorRelations:ir_alert	34171.66,9227.68 35013.98,9450.64
edge:declared:db.IrApproval:investor_relations	30680.16,7052.06 30600.04,7418.15
edge:declared:db.IrApprovalNotificationDismiss:ir_approval	30799.13,6714.00 30701.89,6978.06
edge:declared:db.IrBrokerActivity:investor_relations	30224.49,8424.10 30520.72,7676.15
edge:declared:db.IrBrokerActivity:vc_user_relations	30268.57,8498.10 33794.71,10719.61
edge:declared:db.IrClosing:investor_relations	32978.38,6707.62 30725.81,7493.43
edge:declared:db.IrCommittedInvestmentAmount:investor_relations	34630.99,10023.33 30725.81,7641.09
edge:declared:db.IrCommittedInvestmentAmount:venture_capital	34742.13,10097.33 37744.83,12297.65
edge:declared:db.IrCompanyCreate:company	17911.19,10180.17 16170.13,12226.49
edge:declared:db.IrFeed:investor_relations	30268.87,7447.49 30417.81,7496.49
edge:declared:db.IrFeedAccessLog:ir_feeds	31530.65,8356.88 30210.50,7451.69
edge:declared:db.IrFeedAccessLog:venture_capital	31642.73,8430.88 37744.83,12315.35
edge:declared:db.IrFeedRating:ir_feed	29872.53,7481.69 30020.87,7440.84
edge:declared:db.IrFundRaising:investor_relations	36073.40,7542.96 30725.81,7547.03
edge:declared:db.IrFundRaising:venture_capital	36213.33,7587.87 37856.24,12227.48
edge:declared:db.IrFundRaisingMemo:fund_raising	35359.95,7781.35 36073.40,7578.18
edge:declared:db.IrFundRaisingStageLog:fund_raising	35548.91,5247.65 36184.69,7497.87
edge:declared:db.IrInsightClub:pitching_day_hall	35898.90,8787.39 35574.86,8722.25
edge:declared:db.IrInsightClub:venture_capitals	36044.49,8853.32 37820.90,12227.48
edge:declared:db.IrInsightClubParticipation:investor_relations	35074.19,8026.71 30725.81,7563.55
edge:declared:db.IrInsightClubParticipation:ir_insight_club	35251.45,8085.50 35979.38,8771.32
edge:declared:db.IrInsightClubParticipationAttendee:ir_insight_club_participation	34804.54,7719.41 35147.75,7995.50
edge:declared:db.IrInsightClubSurvey:ir_insight_club_participation	35631.07,8101.08 35333.19,8058.86
edge:declared:db.IrInvestorFeedback:venture_capital	38067.02,12715.57 38028.90,12637.48
edge:declared:db.IrNote:investor_relations	32590.02,7388.02 30725.81,7535.01
edge:declared:db.IrSearchMetadata:investor_relations	32303.67,8042.58 30725.81,7591.20
edge:declared:db.IrSubscription:company	13753.91,7736.70 15882.62,12226.49
edge:declared:db.IrSubscriptionMarketingRequest:ir_subscription	14207.26,7914.10 13817.63,7736.70
edge:declared:db.IrTeamMember:investor_relations	32590.02,7497.94 30725.81,7543.39
edge:declared:db.IrTranscript:investor_relations	32178.69,7607.00 30725.81,7552.89
edge:declared:db.IrosOtpIssueMeetingDocument:stakeholder	9820.51,22731.56 9952.73,19478.24
edge:declared:db.LawtalkSignup:company	17677.28,15127.47 16122.28,12660.49
edge:declared:db.LawtalkSignupAttachment:lawtalk_signup	19411.40,17357.23 17729.47,15201.47
edge:declared:db.LedgerByCustomerDocument:new_issue	17199.14,23384.10 16197.47,22451.38
edge:declared:db.LegalPartner:address_for_express_delivery	22618.39,14680.41 23602.55,14276.77
edge:declared:db.LegalPartner:logo	22401.97,14868.57 20706.36,18264.26
edge:declared:db.LegalPartnerEmail:legal_partner	22916.31,14259.25 22581.03,14618.57
edge:declared:db.LegalPartnerPaypleSettings:legal_partner	23385.86,15616.78 22596.30,14868.57
edge:declared:db.LegalPartnerRegistrationAssistanceSettings:legal_partner	22734.14,16118.00 22488.92,14868.57
edge:declared:db.LegalPartnerSignupChannel:legal_partner	23883.52,14386.46 22618.39,14704.82
edge:declared:db.LegalPartnerSlackChannels:legal_partner	22942.51,14923.46 22618.39,14801.51
edge:declared:db.LegalPartnerUserRelation:legal_partner	23192.77,15919.36 22541.83,14868.57
edge:declared:db.ManualOptionVestingItem:manual_option_vesting	14342.51,18726.08 14460.31,18621.92
edge:declared:db.Meeting:company	17205.38,17455.49 16038.32,12660.49
edge:declared:db.Meeting:electronic_signature_selected_ceo	17170.73,17455.49 16656.45,16502.36
edge:declared:db.Meeting:employee_attorney	17381.86,17569.65 17710.73,17563.33
edge:declared:db.Meeting:meeting_draft	17203.20,17689.49 16491.56,20405.55
edge:declared:db.Meeting:new_articles_of_incorporation_file	17381.86,17612.47 20408.00,18429.93
edge:declared:db.Meeting:new_corporate_registration	17328.35,17455.49 18825.30,15601.89
edge:declared:db.MeetingAttachment:meeting	18341.79,17674.33 17381.86,17586.09
edge:declared:db.MeetingDirectorContact:meeting	15922.34,17727.23 17085.86,17589.95
edge:declared:db.MeetingDirectorContact:stakeholder	15686.34,17773.05 10125.11,19276.37
edge:declared:db.MeetingDocument:directors_meeting	14785.40,25895.57 15430.13,20235.87
edge:declared:db.MeetingDocument:meeting	14820.09,25895.57 17199.93,17689.49
edge:declared:db.MeetingDocument:shareholders_meeting	14821.07,25895.57 15732.90,22804.23
edge:declared:db.MeetingDocumentCache:meeting_document	19779.53,26853.16 14940.96,26119.56
edge:declared:db.MeetingDocumentGeneration:meeting	20766.76,21380.69 17342.40,17689.49
edge:declared:db.MeetingDocumentGenerationItem:meeting_document	22506.13,27095.92 14940.96,26115.64
edge:declared:db.MeetingDocumentGenerationItem:meeting_document_generation	22628.68,27076.35 20813.04,21454.69
edge:declared:db.MeetingDocumentManualModification:meeting_document	17590.48,26266.51 14940.96,26103.52
edge:declared:db.MeetingDraft:company	16445.20,20405.55 15998.03,12660.49
edge:declared:db.MeetingDraftAgendaDirectorChange:meeting_draft	13318.52,20367.61 16293.57,20541.21
edge:declared:db.MeetingDraftAgendaDirectorChange:stakeholder	13054.56,20321.89 10125.11,19374.90
edge:declared:db.MeetingDraftAgendaDirectorCompensation:meeting_draft	13805.56,19676.93 16293.57,20497.76
edge:declared:db.MeetingDraftAgendaDirectorCompensationItem:director_compensation	12477.62,19727.29 13521.91,19652.25
edge:declared:db.MeetingDraftAgendaDirectorCompensationItem:stakeholder	12097.62,19706.69 10125.11,19351.16
edge:declared:db.MeetingDraftRegistrationAssistance:meeting_draft	16275.59,20178.65 16384.18,20405.55
edge:declared:db.MeetingDraftSchedule:meeting_draft	15773.97,20414.03 16293.57,20518.41
edge:declared:db.MembershipContentAccessLog:membership_content	-2059.33,4499.94 -1470.83,4958.39
edge:declared:db.MembershipContentAuthorRelation:author	27821.14,25517.24 27642.47,25334.81
edge:declared:db.MiraeassetAccount:relation	7057.75,11958.84 7488.00,12304.41
edge:declared:db.MnaBuyer:company	13118.69,7850.99 15850.04,12226.49
edge:declared:db.MnaBuyerAttachment:mna_buyer	12400.79,8335.75 13046.32,7850.99
edge:declared:db.ModusignApiLog:modusign_account	22319.52,20064.74 22240.14,20298.14
edge:declared:db.ModusignAuthentication:modusign_account	22102.89,20186.50 22186.70,20298.14
edge:declared:db.ModusignCompanyUserConnection:company	25444.60,9456.33 16175.50,12383.49
edge:declared:db.ModusignDocument:_option_grant_contract	23577.70,20562.33 20931.40,19045.08
edge:declared:db.ModusignDocument:audit_trail_file	23596.81,20559.31 20788.00,18612.92
edge:declared:db.ModusignDocumentActionHistory:modusign_document	24172.36,20531.66 23849.70,20608.09
edge:declared:db.ModusignDocumentActionHistory:modusign_document_participant	24282.26,20462.80 24118.34,20216.28
edge:declared:db.ModusignDocumentModusignAccountRelation:modusign_account	22554.07,20315.58 22347.48,20335.30
edge:declared:db.ModusignDocumentModusignAccountRelation:modusign_document	22836.20,20335.82 23577.70,20593.12
edge:declared:db.ModusignDocumentModusignApiKeyRelation:modusign_api_key	23089.77,20854.04 22914.95,21024.15
edge:declared:db.ModusignDocumentModusignApiKeyRelation:modusign_document	23250.46,20780.04 23577.70,20681.33
edge:declared:db.ModusignDocumentParticipant:modusign_document	24063.24,20216.28 23780.47,20559.31
edge:declared:db.ModusignEmbeddedDraft:modusign_account	22873.78,21788.19 22245.59,20396.14
edge:declared:db.ModusignEmbeddedDraft:modusign_api_key	22896.29,21788.19 22877.92,21098.15
edge:declared:db.ModusignEmbeddedDraft:modusign_document	22933.71,21788.19 23658.66,20721.31
edge:declared:db.ModusignExceededSignings:company	19845.39,9989.89 16175.50,12322.71
edge:declared:db.ModusignIaUserConnection:investment_association	31161.99,15836.84 30727.95,16493.44
edge:declared:db.NaverWorkplaceEmployee:naver_workplace_company	27007.50,14937.91 27167.34,15011.27
edge:declared:db.NcpSignupChannel:naver_workplace_company	26905.84,15025.21 27129.95,15040.32
edge:declared:db.NewIssueNoticeEmail:new_issue	13187.38,20822.91 15970.19,22294.46
edge:declared:db.NewIssueNoticeEmailRecipient:bulk_email_recipient	13611.13,20438.37 17148.52,19164.58
edge:declared:db.NewIssueNoticeEmailRecipient:email	13444.77,20520.37 13162.35,20740.91
edge:declared:db.NewIssueNoticeEmailRecipient:shareholder	13446.24,20520.37 10767.66,22672.54
edge:declared:db.NewIssueSkipNoticeDocument:new_issue_agenda	15398.59,23077.05 16021.56,22451.38
edge:declared:db.NewIssueSkipNoticeDocument:shareholder	15194.77,23104.77 10816.76,22748.13
edge:declared:db.NewIssueStockAcceptanceDocument:new_issue_item	18042.83,26027.26 19490.52,25544.79
edge:declared:db.NewIssueStockAllocationDocument:bonus_issue_agenda	17936.69,23894.23 17715.55,20287.83
edge:declared:db.NewIssueStockAllocationDocument:new_issue_agenda	17891.30,23894.23 16205.50,22451.38
edge:declared:db.NewIssueStockAllocationRecordDateNoticeDocument:bonus_issue_agenda	20384.39,23873.60 17764.41,20287.83
edge:declared:db.NewIssueStockSubscriptionDocument:new_issue_item	17675.55,25192.11 19490.52,25480.79
edge:declared:db.NewIssueStockUnissuedConfirmationDocument:new_issue_item	18509.35,25468.49 19490.52,25497.61
edge:declared:db.NonUnifiedShareCreateRequest:stock_unissued_confirmation_file	31264.79,28148.24 31490.20,29181.32
edge:declared:db.NonUnifiedShareEtcFile:create_request	30976.59,27352.92 31238.27,28058.24
edge:declared:db.NonUnifiedShareEtcFile:management_history	30917.73,27278.92 30384.76,26841.96
edge:declared:db.NonUnifiedShareManagement:non_unified_share_company	31535.38,26121.54 32097.88,25704.80
edge:declared:db.NonUnifiedShareManagementHistory:create_request	30357.82,26841.96 31222.96,28058.24
edge:declared:db.NonUnifiedShareManagementHistory:management	30418.43,26735.96 31391.17,26211.54
edge:declared:db.NonUnifiedShareManagementHistory:renew_request	30164.62,26784.28 29954.43,26777.96
edge:declared:db.NonUnifiedShareManagementHistory:stock_unissued_confirmation_file	30345.78,26841.96 31478.24,29181.32
edge:declared:db.NonUnifiedShareManagementSalesIntent:non_unified_share_management	33367.04,24536.99 31526.90,26121.54
edge:declared:db.NonUnifiedShareSucPoaDocument:modusign_document	25313.71,21131.03 25089.36,21065.88
edge:declared:db.NonUnifiedShareSucPoaDocument:request	25486.73,21213.03 29768.00,26728.40
edge:declared:db.NonUnifiedShareSucPoaDocument:user_address	25429.84,21131.03 24166.41,19063.85
edge:declared:db.NonUnifiedShareSucRenewRequest:management	29926.89,26728.40 31350.68,26211.54
edge:declared:db.NonUnifiedShareSucRenewRequest:renew_stock_unissued_confirmation_file	29834.06,26818.40 31468.89,29181.32
edge:declared:db.NotarizationPoA:meeting	15555.18,22773.51 15623.25,22760.35
edge:declared:db.NotarizationPoaDirectorSigner:director	14968.30,22937.49 13714.54,22746.00
edge:declared:db.NotarizationPoaDirectorSigner:notarization_poa	15178.47,22921.03 15347.33,22838.47
edge:declared:db.NotarizationPoaShareholderSigner:notarization_poa	15774.58,22870.10 15555.18,22823.70
edge:declared:db.NotarizationPoaShareholderSigner:shareholder	16065.58,22934.64 16889.31,23125.80
edge:declared:db.Notification:company	14981.23,9552.95 15910.11,12226.49
edge:declared:db.NotificationInbox:notification	14939.43,9359.96 14961.51,9478.95
edge:declared:db.Option:company	16779.11,17321.25 16020.81,12660.49
edge:declared:db.Option:grantee	16716.88,17411.25 14070.50,19123.60
edge:declared:db.Option:sealed_contract_file	16910.43,17402.52 20408.00,18425.68
edge:declared:db.Option:source_meeting	16884.06,17411.25 17085.86,17504.27
edge:declared:db.OptionAdjustment:event	15449.74,16070.22 15575.02,16769.13
edge:declared:db.OptionContractTemplatePermission:company	18319.09,12990.86 16175.50,12488.06
edge:declared:db.OptionExerciseClaim:company	11380.14,17722.97 15796.21,12660.49
edge:declared:db.OptionExerciseClaim:financial_account	11331.67,17722.97 11445.59,16823.25
edge:declared:db.OptionExerciseClaimAttachment:attachment_setting_item	12719.49,17541.47 12775.63,17461.18
edge:declared:db.OptionExerciseClaimAttachment:option_exercise_claim	12550.32,17603.59 11453.44,17768.43
edge:declared:db.OptionExerciseClaimCandidate:option_exercise_claim	12177.92,17648.69 11453.44,17766.78
edge:declared:db.OptionExerciseClaimCandidate:option_exercise_management	12346.96,17581.36 13394.03,16110.87
edge:declared:db.OptionExerciseClaimCandidate:option_grantee	12363.20,17671.36 13921.26,19123.60
edge:declared:db.OptionExerciseClaimCandidate:stock_subscription_file	12451.92,17640.50 20408.00,18461.65
edge:declared:db.OptionExerciseClaimDocumentSetting:management	13251.86,16663.92 13420.49,16110.87
edge:declared:db.OptionExerciseClaimEventRelation:_deprecated_payment	11630.68,18111.23 11705.10,18101.69
edge:declared:db.OptionExerciseClaimEventRelation:claim	11457.05,18090.16 11352.18,17852.97
edge:declared:db.OptionExerciseClaimEventRelation:event	11434.22,18172.16 11249.87,18356.70
edge:declared:db.OptionExerciseClaimMeetingDocument:exercise_claim	13162.34,21544.25 13111.22,21474.29
edge:declared:db.OptionExerciseClaimMeetingDocument:grantee	13252.75,21544.25 13493.48,21380.99
edge:declared:db.OptionExerciseClaimOption:option_exercise_claim	11672.53,17815.38 11453.44,17798.18
edge:declared:db.OptionExerciseClaimOptionTaxation:_deprecated_claim	11814.02,17930.43 11453.44,17825.72
edge:declared:db.OptionExerciseClaimOptionTaxation:claim_option	11902.81,17930.43 11831.16,17861.80
edge:declared:db.OptionExerciseClaimPayment:option_exercise_claim	11765.86,18048.86 11433.67,17852.97
edge:declared:db.OptionExerciseManagement:company	13486.23,15980.87 15832.18,12660.49
edge:declared:db.OptionExerciseManagement:excluded_institution_set	13310.31,16062.26 11748.08,16259.28
edge:declared:db.OptionExerciseManagementAttachmentSetting:management	12185.38,17208.20 13370.13,16110.87
edge:declared:db.OptionExerciseManagementAttachmentSettingItem:setting	12665.87,17387.18 12281.06,17282.20
edge:declared:db.OptionExerciseManagementCommonSetting:management	13749.07,16306.91 13517.19,16110.87
edge:declared:db.OptionExerciseManagementEmail:option_exercise_management	13754.63,16450.84 13490.76,16110.87
edge:declared:db.OptionExerciseManagementPaymentBankSetting:company	13106.36,12354.65 15795.50,12437.63
edge:declared:db.OptionExerciseManagementReminderSetting:management	13800.41,16068.51 13570.31,16054.04
edge:declared:db.OptionExerciseManagementTaxation:management	13029.78,16185.52 13310.31,16090.09
edge:declared:db.OptionExerciseManagementTaxationDefaultSetting:company	17823.74,9139.60 16106.24,12226.49
edge:declared:db.OptionGrantContract:_deprecated_template	20803.63,18931.08 19445.41,16200.57
edge:declared:db.OptionGrantContract:_grantee	20701.98,18992.43 14819.09,19189.48
edge:declared:db.OptionGrantContract:contract_file	20805.67,18931.08 20698.18,18698.26
edge:declared:db.OptionGrantContract:template_revision	20819.78,18931.08 20317.13,16582.43
edge:declared:db.OptionGrantContractModusignDocument:option_grant_contract	21686.96,19507.64 20925.78,19045.08
edge:declared:db.OptionGrantContractModusignEmbeddedDraft:option_grant_contract	22196.37,20791.23 20875.11,19045.08
edge:declared:db.OptionGrantContractStakeholder:company	19077.40,15200.84 16175.50,12612.93
edge:declared:db.OptionGrantContractTemplate:_deprecated_stakeholder	19402.31,16094.57 19153.57,15306.84
edge:declared:db.OptionGrantContractTemplate:company	19369.92,16094.57 16175.50,12648.46
edge:declared:db.OptionGrantContractTemplateDraft:company	17435.78,13760.38 16175.50,12616.01
edge:declared:db.OptionGrantContractTemplateDraft:stakeholder_set	17518.71,13834.38 19076.41,15200.84
edge:declared:db.OptionGrantContractTemplateRevision:stakeholder_set	20266.46,16492.43 19185.17,15306.84
edge:declared:db.OptionGrantContractTemplateRevision:template	20204.95,16492.43 19539.83,16200.57
edge:declared:db.OptionGrantEvent:_deprecated_grantee	14919.99,18563.93 14069.07,19123.60
edge:declared:db.OptionGrantEvent:share_class	15073.47,18465.93 15363.13,18286.22
edge:declared:db.OptionManagement:agenda_option_grant	14753.02,19378.86 15435.39,19654.14
edge:declared:db.OptionManagementStakeholderSeat:option_management	14229.28,19327.45 14543.30,19337.93
edge:declared:db.OptionManagementStakeholderSeat:stakeholder_seat	13945.28,19323.67 8649.74,19359.19
edge:declared:db.OptionResumeEvent:pause_event	34598.26,4356.76 34463.98,4458.12
edge:declared:db.OptionTag:category	14401.39,14020.74 14074.56,14285.65
edge:declared:db.OptionTag:company	14484.00,13946.74 15795.50,12633.71
edge:declared:db.OptionTagCategory:company	14067.43,14285.65 15795.50,12625.97
edge:declared:db.OptionTaxCalculatorSetting:company	21617.59,9975.59 16175.50,12360.23
edge:declared:db.OptionValueChange:company	16017.05,11198.89 15991.00,12226.49
edge:declared:db.OptionValueChange:investment_round	16024.57,11124.89 16064.45,10900.77
edge:declared:db.OptionVesting:_deprecated_grant_event	14665.54,18433.77 14870.49,18484.34
edge:declared:db.Order:seal_card	1553.93,8267.61 -481.83,8353.86
edge:declared:db.OrderPromotionRelation:order	2938.95,9559.41 1725.57,8311.36
edge:declared:db.OrderPromotionRelation:promotion	3009.70,9559.41 3562.71,8971.05
edge:declared:db.OrderStaffInChargeRelation:order	1464.78,6746.38 1671.04,8213.36
edge:declared:db.OrderStaffInChargeRelation:staff_in_charge	1332.58,6716.21 347.88,6769.19
edge:declared:db.OrderStatusHistory:order	447.51,9932.80 1641.84,8311.36
edge:declared:db.OrganizationChart:company	11489.58,13565.19 15795.50,12490.89
edge:declared:db.OtherDocumentArchive:company	19792.21,16553.91 16175.50,12648.65
edge:declared:db.OtherDocumentArchiveAttachment:other_document_archive	20204.58,17125.31 19852.66,16627.91
edge:declared:db.OwnerRole:company	9735.94,11108.82 15795.50,12402.91
edge:declared:db.OwnerRolePermissionRelation:owner_permission	8792.49,10653.31 8469.69,10562.62
edge:declared:db.OwnerRolePermissionRelation:owner_role	8984.62,10725.99 9525.68,11033.34
edge:declared:db.Payment:_company	21028.42,13435.02 16175.50,12480.85
edge:declared:db.Payment:app_card	21255.92,13517.58 21329.08,13560.35
edge:declared:db.Payment:charge	21028.42,13505.62 20589.49,13657.70
edge:declared:db.Payment:credit_card	21288.42,13456.89 24288.74,13371.78
edge:declared:db.Payment:purchase	21288.42,13484.64 22803.76,13765.10
edge:declared:db.PaymentLink:payment_store	25070.49,13355.21 24207.67,13983.33
edge:declared:db.PaymentLink:question_threads	25008.30,13290.22 21075.12,12656.01
edge:declared:db.PaymentRefund:payment	21467.32,13366.79 21288.42,13421.11
edge:declared:db.PaymentRefund:payment_status_history	21530.93,13293.96 21468.67,13251.61
edge:declared:db.PaymentStatusHistory:payment	21375.79,13251.61 21217.71,13403.58
edge:declared:db.PaymentStore:legal_partner	24040.07,14073.33 22618.39,14678.06
edge:declared:db.Payroll:company	4869.35,4917.25 15795.50,12314.85
edge:declared:db.Payroll:setting	4783.53,4917.25 5267.62,11822.73
edge:declared:db.PayrollAnnualSalaryInfo:employee	8020.31,14626.68 8371.55,14929.27
edge:declared:db.PayrollAnnualSalaryItem:item_setting_relation	6689.47,12594.31 6405.60,12469.50
edge:declared:db.PayrollAnnualSalaryItem:payroll_annual_salary_info	6796.36,12668.31 7954.62,14552.68
edge:declared:db.PayrollDocumentSealStampSetting:_deprecated_ceo	16172.47,14783.97 16597.34,16356.36
edge:declared:db.PayrollDocumentSealStampSetting:company	16158.25,14701.97 16002.10,12660.49
edge:declared:db.PayrollDocumentSealStampSetting:seal_stamp	16175.48,14783.97 16458.02,15606.15
edge:declared:db.PayrollEmployeeMonthlyWage:hrm_emp	4111.75,18522.07 4425.73,18248.02
edge:declared:db.PayrollLedger:company	11353.28,15039.37 15795.50,12549.97
edge:declared:db.PayrollLedgerAttachment:payroll_ldeger	10754.00,14750.36 11180.49,15039.37
edge:declared:db.PayrollLedgerFile:payroll_ledger	11165.17,14743.46 11244.49,15039.37
edge:declared:db.PayrollLedgerFileModificationRequest:payroll_ledger_file	11581.23,14564.54 11266.31,14669.46
edge:declared:db.PayrollLedgerItemSettingRelation:ledger_item	6147.75,12435.16 5303.85,12493.00
edge:declared:db.PayrollLedgerItemSettingRelation:setting	6220.37,12379.50 5346.00,11904.73
edge:declared:db.PayrollManagementRelation:payroll	7512.50,7134.98 4852.42,4917.25
edge:declared:db.PayrollSetting:ledger_item_set	5265.05,11904.73 5190.76,12464.09
edge:declared:db.PayrollSettlement:company_question_thread_set	11532.97,9708.10 18834.96,14194.60
edge:declared:db.PayrollSettlement:payroll	11409.25,9626.10 4864.04,4917.25
edge:declared:db.PayrollSettlementAutoCreation:payroll	6472.43,6751.20 4833.75,4917.25
edge:declared:db.PayrollSettlementAutoCreation:payroll_question_help_template	6504.25,6825.20 6431.04,9002.70
edge:declared:db.PayrollSettlementProgressLog:payroll_settlement	10592.91,9721.56 11342.24,9674.83
edge:declared:db.PayrollSocialInsuranceSetting:hrm	-400.06,16868.25 -372.10,16244.31
edge:declared:db.PayrollStaffUserRelation:payroll	4404.80,5049.74 4661.20,4917.25
edge:declared:db.PayrollStatement:_deprecated_employee	8716.24,15713.69 8522.40,15131.27
edge:declared:db.PayrollStatement:hrm_emp	8627.87,15835.69 4769.73,18001.34
edge:declared:db.PayrollStatement:payroll_ledger	8866.54,15739.52 11134.70,15125.92
edge:declared:db.PayrollStatementAttendance:payroll_statement	8663.35,16111.85 8723.30,15835.69
edge:declared:db.PayrollStatementDocument:payroll_statement	10386.29,15512.67 8866.54,15754.04
edge:declared:db.PayrollStatementEmail:payroll_ledger	11013.30,17098.16 11252.22,15145.37
edge:declared:db.PayrollStatementEmailRecipient:email	10253.00,18676.29 10985.64,17188.16
edge:declared:db.PayrollStatementEmailRecipient:payroll_statement	10211.97,18676.29 8767.56,15835.69
edge:declared:db.PayrollStatementItem:ledger_item_setting_relation	7206.47,12476.96 6458.75,12433.53
edge:declared:db.PayrollStatementItem:payroll_statement	7340.35,12520.81 8710.37,15713.69
edge:declared:db.PayrollStatementPayrollInformation:payroll_statement	8565.25,15917.07 8663.16,15835.69
edge:declared:db.PayrollStatementScheduledEmail:payroll_statement_email	10042.38,17173.88 10883.79,17147.11
edge:declared:db.PayrollStatementScheduledEmailPeriodicTaskRelation:payroll_statement_scheduled_email	9874.44,17316.21 9895.98,17215.29
edge:declared:db.PeriodicOptionVestingItem:periodic_option_vesting	14163.10,18445.38 14111.80,18520.73
edge:declared:db.PhantomStock:company	9091.70,17185.79 15795.50,12574.19
edge:declared:db.PhantomStock:grantee	9031.73,17283.79 9225.19,18125.56
edge:declared:db.PhantomStockGrantContract:phantom_stock	8653.01,17338.55 8896.47,17269.80
edge:declared:db.PhantomStockResumeEvent:pause_event	15367.14,16360.84 15394.04,16193.90
edge:declared:db.PhantomStockVesting:phantom_stock	8620.09,17610.90 8968.31,17283.79
edge:declared:db.PhantomStockVestingItem:phantom_stock_vesting	8478.42,17927.48 8567.16,17684.90
edge:declared:db.PhantomStockVestingTraceable:phantom_stock	8804.29,17784.38 9001.20,17283.79
edge:declared:db.PhantomStockVestingTraceable:source_vesting_item	8707.66,17858.38 8554.37,17927.48
edge:declared:db.PhoneVerification:phone	5586.65,13983.79 3452.96,12550.44
edge:declared:db.PingpongDelivery:dropoff_address	20577.00,12381.40 23636.02,14186.77
edge:declared:db.PitchingDayHall:assigned_irs	35326.86,8668.09 30725.81,7583.45
edge:declared:db.PitchingDayHallAccessLog:pitching_day_hall	35634.22,8921.36 35487.69,8742.32
edge:declared:db.PitchingDayHallAccessLog:venture_capital	35688.62,8995.36 37795.22,12227.48
edge:declared:db.PitchingDayHallAssignedIrs:investor_relations	33157.86,7974.12 30725.81,7572.58
edge:declared:db.PitchingDayHallAssignedIrs:pitching_day_hall	33398.99,8032.09 35326.86,8657.12
edge:declared:db.PortalMenuVisibilitySetting:company	16722.12,10115.16 16054.15,12226.49
edge:declared:db.PortalSetting:company	19092.08,10330.37 16175.50,12314.25
edge:declared:db.PortfolioCompany:company	30613.92,14230.00 16175.50,12466.69
edge:declared:db.PortfolioCompany:venture_capital	30873.92,14213.07 37744.83,12478.92
edge:declared:db.PortfolioCompanyFund:fund	32208.76,14397.46 34999.78,13485.08
edge:declared:db.PortfolioCompanyFund:portfolio_company	31977.58,14418.00 30873.92,14264.02
edge:declared:db.PortfolioCompanyManager:portfolio_company	30546.09,16872.44 30739.02,14310.88
edge:declared:db.PortfolioCompanyUserRelation:portfolio_company	30904.54,14396.08 30813.43,14310.88
edge:declared:db.PrivacyPolicyLog:privacy_policy	138.52,29996.87 152.12,29903.21
edge:declared:db.PromotionAddress:promotion	3503.37,7202.10 3595.48,8897.05
edge:declared:db.PromotionCodeUsageHistory:promotion_code	26332.18,12595.50 26187.58,12388.14
edge:declared:db.PromotionCodeUsageHistory:service_fee_item	26300.67,12669.50 25864.94,12950.82
edge:declared:db.Purchase:_corporate_registration_paid_issue	22803.76,13794.66 20459.87,13828.99
edge:declared:db.Purchase:_credit	22803.76,13794.05 21017.31,13812.90
edge:declared:db.Purchase:_deprecated_payment_store	23099.76,13821.72 24021.86,14003.84
edge:declared:db.Purchase:_incorporation_request	22895.51,13897.49 21863.42,15824.23
edge:declared:db.Purchase:_invitation_seat_request	22803.76,13763.76 10020.13,11282.04
edge:declared:db.Purchase:_meeting	22803.76,13890.33 17381.86,17474.65
edge:declared:db.Purchase:_payment_store_legal_partner	22897.95,13897.49 22528.44,14618.57
edge:declared:db.Purchase:_subscription_payment_request	22909.72,13687.49 22291.75,12143.98
edge:declared:db.Purchase:basket	23099.74,13687.49 23254.22,13577.88
edge:declared:db.Purchase:company	22803.76,13763.83 16175.50,12480.28
edge:declared:db.Purchase:investment_association	23099.76,13847.04 30486.03,16569.67
edge:declared:db.Purchase:service_fee	23099.76,13752.90 23745.65,13580.10
edge:declared:db.Purchase:venture_capital	23099.76,13779.05 37744.83,12449.19
edge:declared:db.PurchaseItem:payment_store	24166.89,13825.15 24150.52,13983.33
edge:declared:db.PurchaseItem:purchase	24052.72,13788.57 23099.76,13791.96
edge:declared:db.PurchaseStatusHistory:purchase	22166.42,13727.44 22803.76,13780.23
edge:declared:db.Purpose:articles_of_incorporation	17251.10,14901.89 17134.21,15294.87
edge:declared:db.Purpose:industrial_code	17260.06,14827.89 17256.42,14762.15
edge:declared:db.QrReplyPasswordReset:request	25050.71,16361.19 25006.15,16636.31
edge:declared:db.QrReplyPasswordResetRequest:reply	24959.05,16710.31 24765.20,16884.79
edge:declared:db.QuarterlyReportRequest:quarterly_report	29276.51,16701.58 29639.93,16009.53
edge:declared:db.QuarterlyReportRequestAttachment:quarterly_report_request	26899.15,17241.53 29082.88,16782.33
edge:declared:db.QuarterlyReportRequestRecipient:email_activity_recipient	30631.47,17267.68 25546.97,23071.77
edge:declared:db.QuarterlyReportRequestRecipient:portfolio_company	30671.99,17177.68 30742.33,14310.88
edge:declared:db.QuarterlyReportRequestRecipient:portfolio_company_manager	30652.56,17177.68 30558.37,16946.44
edge:declared:db.QuarterlyReportRequestRecipient:quarterly_report_request	30536.86,17177.68 29386.91,16791.58
edge:declared:db.QuarterlyReportRequestReportItem:quarterly_report_item	28079.05,16704.74 28267.77,16554.59
edge:declared:db.QuarterlyReportRequestReportItem:quarterly_report_request	28182.04,16742.33 29082.88,16745.91
edge:declared:db.QuarterlyReportSettings:quarterly_report	29339.59,15937.08 29523.36,15945.68
edge:declared:db.QuarterlyReportSignupChannel:portfolio_company	28462.01,14915.23 30613.92,14284.01
edge:declared:db.QuarterlyReportSignupChannel:quarterly_report	28380.31,14996.42 29592.98,15895.53
edge:declared:db.QuestionMessageAttachment:message	21700.60,16109.02 24196.29,11483.57
edge:declared:db.QuestionMessageScheduled:question_thread_message	24547.89,10913.99 24281.58,11337.57
edge:declared:db.QuestionThread:_company	20815.12,12630.03 16175.50,12450.83
edge:declared:db.QuestionThreadAssignment:question_thread	19820.01,12736.58 20815.12,12646.78
edge:declared:db.QuestionThreadMessage:question_thread	24099.68,11461.18 21075.12,12586.67
edge:declared:db.QuestionThreadMessageAccessLog:message	24314.74,11594.14 24267.12,11483.57
edge:declared:db.QuestionThreadMessageCategory:question_thread_message	25388.09,11508.61 24371.68,11422.14
edge:declared:db.QuestionThreadMessagePeriodicTaskRelation:question_message_scheduled	24404.24,10758.73 24518.93,10839.99
edge:declared:db.QuestionThreadMessageProfile:message	24794.46,11212.26 24371.68,11362.30
edge:declared:db.QuestionThreadMessageReminder:message	25388.09,11612.79 24371.68,11434.43
edge:declared:db.QuestionThreadMessageReview:message	24937.41,11715.73 24371.68,11469.71
edge:declared:db.QuestionThreadMessageReviewRequest:message	25383.43,11715.73 24371.68,11446.73
edge:declared:db.QuestionThreadTag:question_thread_set	21001.74,12877.65 20961.22,12704.05
edge:declared:db.RebootProductContactRequest:company	13142.34,11971.45 15795.50,12411.94
edge:declared:db.RegisteredMail:order_status_history	1.77,10029.83 293.31,9990.52
edge:declared:db.RegisteredMail:seal_card_return_status_history	-125.23,10008.74 -171.28,9819.52
edge:declared:db.Registration:meeting	14693.28,19498.88 17085.86,17684.71
edge:declared:db.RegistrationAgenda:agenda_ceo_address_change	12534.86,21955.55 12677.51,22026.19
edge:declared:db.RegistrationAgenda:agenda_director_change	12436.29,21955.55 12293.74,22788.86
edge:declared:db.RegistrationAgenda:agenda_option_exercise	12567.99,21911.42 12648.59,21911.99
edge:declared:db.RegistrationAgenda:registration	12485.66,21865.55 14601.24,19580.88
edge:declared:db.RegistrationAssistance:legal_partner	21358.30,16983.95 22402.68,14868.57
edge:declared:db.RegistrationAssistance:meeting	21214.06,17041.49 17381.86,17552.75
edge:declared:db.RegistrationAssistanceReceipt:registration_assistance	21532.51,16985.25 21462.06,16999.63
edge:declared:db.RegistrationCaseReport:company	13193.19,8282.09 15839.89,12226.49
edge:declared:db.RegistrationCaseReport:jurisdiction	13168.96,8282.09 13194.52,9856.68
edge:declared:db.RegistrationCaseReportUpdateLog:company	18265.86,9180.40 16137.15,12226.49
edge:declared:db.RegistrationDirector:registration	14708.15,19644.96 14666.11,19580.88
edge:declared:db.RegistrationFormCaptable:agenda	18442.45,23896.11 17363.59,21517.41
edge:declared:db.RegistrationFormCaptableDocument:captable	16691.51,25052.50 18396.00,23978.11
edge:declared:db.RegistrationFormCaptableNotarizationRequestor:registration_form_captable	18263.49,23279.66 18448.73,23896.11
edge:declared:db.RegistrationFormCaptableNotarizationRequestor:shareholder	18054.87,23230.34 17264.31,23181.01
edge:declared:db.RegistrationFormHeadOfficeInsideRelocationDocument:head_office_relocation_agenda	19234.15,23986.52 18454.06,21630.00
edge:declared:db.RegistrationFormHeadOfficeOutsideRelocationDocument:head_office_relocation_agenda	19705.38,23950.29 18464.86,21630.00
edge:declared:db.RegistrationHelp:company_question_thread	17986.49,15817.16 18919.54,14370.85
edge:declared:db.RegistrationHelp:meeting	17946.93,15891.16 17283.48,17455.49
edge:declared:db.ResignationLetterDocument:director_change_agenda	13064.01,24242.34 12314.16,22894.86
edge:declared:db.RightToConsentOrConsult:company	14086.01,16617.17 15886.74,12660.49
edge:inheritance:db.RsuAdjustEvent->db.Event	14603.39,16615.56 15446.56,16838.92
edge:declared:db.RsuExerciseClaim:company	13422.18,15384.39 15796.36,12660.49
edge:declared:db.RsuExerciseClaim:financial_account	13299.70,15490.39 11522.32,16725.25
edge:declared:db.RsuExerciseClaimAttachment:attachment_setting_item	12839.84,15551.16 12710.93,15655.25
edge:declared:db.RsuExerciseClaimAttachment:rsu_exercise_claim	13009.17,15494.82 13251.98,15456.81
edge:declared:db.RsuExerciseClaimCandidate:hrm_emp	11704.09,16538.15 4769.73,18060.14
edge:declared:db.RsuExerciseClaimCandidate:rsu_exercise_claim	11900.68,16461.49 13299.63,15490.39
edge:declared:db.RsuExerciseClaimCandidate:rsu_exercise_management	11839.46,16461.49 11918.37,16049.01
edge:declared:db.RsuExerciseClaimCandidate:rsu_grantee	11871.89,16559.49 12106.94,16835.04
edge:declared:db.RsuExerciseClaimCandidateEmailRecipient:candidate	12276.70,16607.19 11956.09,16537.77
edge:declared:db.RsuExerciseClaimEventRelation:claim	13728.86,15603.77 13488.39,15490.39
edge:declared:db.RsuExerciseClaimEventRelation:event	13857.86,15677.77 14883.62,16429.04
edge:declared:db.RsuExerciseClaimRsu:rsu	13799.12,15375.47 14521.26,15267.01
edge:declared:db.RsuExerciseClaimRsu:rsu_exercise_claim	13563.12,15410.28 13499.98,15419.43
edge:declared:db.RsuExerciseManagement:company	11983.65,15951.01 15795.50,12610.02
edge:declared:db.RsuExerciseManagement:excluded_institution_set	11873.62,16049.01 11673.79,16229.92
edge:declared:db.RsuExerciseManagementAttachmentSetting:management	12339.70,15869.98 12051.74,15960.87
edge:declared:db.RsuExerciseManagementAttachmentSettingItem:setting	12610.37,15729.25 12511.65,15795.98
edge:declared:db.RsuExerciseManagementEmail:rsu_exercise_management	12190.32,16192.46 11994.60,16049.01
edge:declared:db.RsuExtraAttachment:rsu	15121.79,14892.68 14753.08,15173.59
edge:declared:db.RsuGrantContract:rsu	15415.73,15047.97 14793.26,15210.98
edge:declared:db.RsuGrantContract:template	15546.19,14970.50 15622.34,14440.00
edge:declared:db.RsuGrantContractModusignDocument:rsu_grant_contract	21391.58,19062.81 15604.79,15060.50
edge:declared:db.RsuGrantContractTemplate:company	15635.72,14358.00 15945.85,12660.49
edge:declared:db.RsuGrantContractTemplate:stakeholder_set	15610.37,14358.00 15523.63,14158.94
edge:declared:db.RsuGrantContractTemplateStakeholder:company	15518.05,14084.94 15923.70,12660.49
edge:declared:db.RsuMeeting:company	15905.80,15209.41 15979.25,12660.49
edge:declared:db.RsuMeeting:meeting	15930.31,15299.41 17166.76,17455.49
edge:declared:db.RsuMeetingAttachment:meeting	15251.81,15292.01 15780.50,15261.55
edge:declared:db.RsuPerformanceCondition:company	15082.74,13688.01 15828.09,12660.49
edge:declared:db.RsuResumeEvent:pause_event	14888.47,17369.36 14904.35,17427.28
edge:declared:db.RsuRsa:company	14691.85,15173.59 15882.68,12660.49
edge:declared:db.RsuRsa:grantee	14544.57,15319.59 12205.20,16835.04
edge:declared:db.RsuRsa:grantee_hrm_emp	14521.26,15285.14 4769.73,18049.14
edge:declared:db.RsuRsa:source_meeting	14793.26,15247.44 15780.50,15253.63
edge:declared:db.RsuRsaSealedContractFile:company	15424.20,14496.33 15926.17,12660.49
edge:declared:db.RsuRsaSealedContractFile:grant_contract	15423.72,14570.33 15528.00,14970.50
edge:declared:db.RsuTag:category	14996.44,14422.05 14937.59,14249.22
edge:declared:db.RsuTag:company	15030.20,14422.05 15880.73,12660.49
edge:declared:db.RsuTag:rsu_set	14991.92,14504.05 14690.16,15173.59
edge:declared:db.RsuTagCategory:company	14947.17,14175.22 15855.39,12660.49
edge:declared:db.RsuVesting:rsu	14102.95,15219.04 14521.26,15239.83
edge:declared:db.RsuVestingItem:performance_condition	14310.26,14792.03 15030.04,13762.01
edge:declared:db.RsuVestingItem:rsu_vesting	14243.65,14882.03 14013.86,15176.18
edge:declared:db.RsuVestingTraceable:rsu	14517.67,15128.47 14570.99,15173.59
edge:declared:db.RsuVestingTraceable:source_vesting_item	14445.56,15054.47 14313.32,14882.03
edge:declared:db.RtccConsentSummary:company	13917.66,10908.81 15795.50,12302.48
edge:declared:db.RtccConsentSummary:source_result	13851.69,10834.81 13651.58,10375.40
edge:declared:db.RtccEmail:right_to_consent_or_consult	13926.97,17037.67 14052.18,16699.17
edge:declared:db.RtccEmailAuthentication:rtcc_investor	14800.85,17621.25 14694.25,17676.58
edge:declared:db.RtccInvestor:right_to_consent_or_consult	14584.69,17676.58 14088.18,16699.17
edge:declared:db.RtccInvestor:stakeholder	14476.78,17766.58 10125.11,19264.11
edge:declared:db.RtccInvestorFile:investor	15476.77,17632.13 14763.05,17705.58
edge:declared:db.RtccSummaryAnalysisRequest:company	14433.30,10762.23 15795.50,12237.69
edge:declared:db.RtccSummaryAnalysisRequestDocument:document	14181.79,10212.06 18278.77,15302.65
edge:declared:db.RtccSummaryAnalysisRequestDocument:request	14168.50,10212.06 14377.18,10680.23
edge:declared:db.RtccSummaryAnalysisResult:request	13714.46,10375.40 14314.71,10680.23
edge:declared:db.RtccSummaryAnalysisResultDocument:document	13648.10,9527.17 18278.92,15302.65
edge:declared:db.RtccSummaryAnalysisResultDocument:result	13619.10,9527.17 13632.98,10293.40
edge:declared:db.Safe:company	13184.03,14540.77 15795.50,12585.73
edge:declared:db.Safe:holder	13094.51,14614.77 11627.05,15968.89
edge:declared:db.SafeCreateEvent:contract_file	16808.45,17533.15 20408.00,18433.72
edge:declared:db.SalesMetric:legal_partner	23304.34,14687.10 22618.39,14733.22
edge:declared:db.SdContactRequest:secondary_deal	37996.64,8559.51 39006.91,6234.15
edge:declared:db.SdContactRequest:venture_capital	37980.06,8633.51 37931.59,12227.48
edge:declared:db.SealCardReturnRequest:seal_card	-1356.47,8440.98 -729.83,8372.64
edge:declared:db.SealCardReturnStatusHistory:seal_card_return_request	-221.49,9737.52 -1440.24,8495.51
edge:declared:db.SealCertificateDelivery:company	19349.13,12378.68 16175.50,12439.83
edge:declared:db.SealCertificateDelivery:seal_card_pickup_delivery	19597.13,12370.96 20369.97,12337.73
edge:declared:db.SealCertificateIssueRequest:delivery	19624.91,12467.69 19554.50,12425.29
edge:declared:db.SealStamp:attachment	16553.64,15712.15 20408.00,18351.17
edge:declared:db.SealStamp:company	16468.14,15606.15 16018.62,12660.49
edge:declared:db.SealStamp:director	16485.92,15712.15 16603.71,16356.36
edge:declared:db.SealStampCardContinuedUseApplicationFormDocument:stakeholder	9244.55,23214.16 9930.29,19478.24
edge:declared:db.SealStampDeclarationDocument:stakeholder	9550.83,23062.75 9941.98,19478.24
edge:declared:db.SealStampImage:seal_stamp	17169.66,15814.91 16600.23,15687.00
edge:declared:db.SealStampUsageHistory:employee	10397.67,15238.44 8630.79,15045.76
edge:declared:db.SealStampUsageHistory:payroll_statement_document	10517.86,15304.96 10506.95,15456.93
edge:declared:db.SealStampUsageHistory:seal_stamp	10645.67,15260.44 16352.23,15650.67
edge:declared:db.SealStampUsageHistory:wht_book	10397.67,15265.73 9614.32,15352.71
edge:declared:db.SealStampUsageHistory:wht_certificate	10632.60,15198.96 10725.28,15154.68
edge:declared:db.SealStampUsageHistory:wht_receipt	10397.67,15210.81 10317.22,15184.11
edge:declared:db.SecondaryDeal:assigned_investors	39037.83,6234.15 37965.51,12227.48
edge:declared:db.SecondaryDeal:business_line	38905.48,6099.10 38177.83,6032.72
edge:declared:db.SecondaryDeal:corporate_registration	38905.48,6039.22 38634.96,5909.36
edge:declared:db.SecondaryDeal:operating_profit	39025.47,5992.15 38636.53,4608.44
edge:declared:db.SelfRegistration:meeting	17540.56,17477.18 17381.86,17526.50
edge:declared:db.ServiceFee:basket	23745.65,13545.60 23424.37,13542.15
edge:declared:db.ServiceFeeItem:product	25742.04,12950.82 24762.53,12274.69
edge:declared:db.ServiceFeeItem:service_fee	25677.44,13027.45 23993.65,13511.30
edge:declared:db.ShareClass:company	15453.48,18180.22 15965.38,12660.49
edge:declared:db.ShareholderInstitutionMember:institution	10209.72,21975.32 10646.08,22672.54
edge:declared:db.ShareholderInstitutionMember:manager	10164.08,21893.32 10043.15,21645.22
edge:declared:db.ShareholderInstitutionMemberCeo:member	10135.28,22580.72 10180.97,21975.32
edge:declared:db.ShareholderVote:agenda	17290.92,22776.66 17300.42,21517.41
edge:declared:db.ShareholderVote:attended_shareholder	17268.39,22850.66 17118.30,23100.31
edge:declared:db.ShareholderVotingRightsPerAgenda:agenda	17050.77,22518.87 17271.28,21517.41
edge:declared:db.ShareholderVotingRightsPerAgenda:shareholder	17044.68,22592.87 17072.96,23100.31
edge:declared:db.ShareholdersAgreementStakeholder:stakeholder	8924.84,19087.06 9793.11,19283.65
edge:declared:db.ShareholdersMeeting:chairperson	15623.25,22734.34 13714.54,22721.21
edge:declared:db.ShareholdersMeeting:meeting	15773.04,22666.23 17200.31,17689.49
edge:declared:db.ShareholdersMeeting:sealed_meeting_minutes_file	15831.83,22666.23 20408.00,18648.09
edge:declared:db.ShareholdersMeetingAgenda:agenda_authorized_shares_change	17141.45,21454.43 16617.69,21696.72
edge:declared:db.ShareholdersMeetingAgenda:agenda_bonus_issue	17349.60,21243.41 17685.42,20287.83
edge:declared:db.ShareholdersMeetingAgenda:agenda_branch_change	17323.31,21243.41 17505.94,20098.93
edge:declared:db.ShareholdersMeetingAgenda:agenda_change_of_articles_of_incorporation	17461.45,21302.09 18885.16,20605.17
edge:declared:db.ShareholdersMeetingAgenda:agenda_co_ceo_system_change	17141.45,21346.33 16099.64,21124.43
edge:declared:db.ShareholdersMeetingAgenda:agenda_company_name_change	17254.63,21243.41 17179.03,21022.21
edge:declared:db.ShareholdersMeetingAgenda:agenda_custom	17141.45,21328.42 16156.06,21008.25
edge:declared:db.ShareholdersMeetingAgenda:agenda_director_change	17141.45,21427.02 12408.67,22805.74
edge:declared:db.ShareholdersMeetingAgenda:agenda_director_compensation_decision	17141.45,21396.75 14833.69,21632.38
edge:declared:db.ShareholdersMeetingAgenda:agenda_director_compensation_rule	17141.45,21328.00 16711.73,21187.25
edge:declared:db.ShareholdersMeetingAgenda:agenda_financial_statements	17302.79,21243.41 17312.52,20246.58
edge:declared:db.ShareholdersMeetingAgenda:agenda_head_office_relocation	17461.45,21408.12 18307.02,21554.57
edge:declared:db.ShareholdersMeetingAgenda:agenda_head_office_relocation_aoi_change	17373.63,21243.41 17713.18,20598.96
edge:declared:db.ShareholdersMeetingAgenda:agenda_method_of_giving_public_notice_change	17268.80,21243.41 17083.29,20464.93
edge:declared:db.ShareholdersMeetingAgenda:agenda_new_issue	17141.45,21512.39 16209.23,22281.38
edge:declared:db.ShareholdersMeetingAgenda:agenda_new_options_rule	17141.45,21283.51 16776.61,21062.56
edge:declared:db.ShareholdersMeetingAgenda:agenda_new_or_change_rsu_rule	17141.45,21282.13 17007.56,21199.89
edge:declared:db.ShareholdersMeetingAgenda:agenda_option_cancel	17141.45,21356.47 15083.34,21048.56
edge:declared:db.ShareholdersMeetingAgenda:agenda_option_grant	17158.48,21243.41 15593.90,19744.14
edge:declared:db.ShareholdersMeetingAgenda:agenda_purpose_change	17461.45,21495.31 17614.23,21605.02
edge:declared:db.ShareholdersMeetingAgenda:agenda_rsu_grant	17141.45,21331.98 15783.59,20920.98
edge:declared:db.ShareholdersMeetingAgenda:agenda_subsidiary_establishment	17141.45,21386.50 15874.00,21434.71
edge:declared:db.ShareholdersMeetingAgenda:meeting	17144.90,21517.41 15832.10,22666.23
edge:declared:db.ShareholdersMeetingConvocationNoticeEmail:shareholders_meeting	17992.49,20771.36 15831.93,22666.23
edge:declared:db.ShareholdersMeetingConvocationNoticeEmailAttachment:convocation_notice_email	19790.51,20450.77 18236.86,20692.97
edge:declared:db.ShareholdersMeetingConvocationNoticeEmailNewIssueAttachment:email	16793.72,22049.53 18002.04,20771.36
edge:declared:db.ShareholdersMeetingConvocationNoticeEmailNewIssueAttachment:new_issue	16672.46,22123.53 16242.19,22308.06
edge:declared:db.ShareholdersMeetingConvocationNoticeEmailRecipient:email_activity_recipient	21988.31,23296.41 25380.04,23126.96
edge:declared:db.ShareholdersMeetingConvocationNoticeRecipient:bulk_email_recipient	19322.35,21252.36 17333.10,19174.77
edge:declared:db.ShareholdersMeetingConvocationNoticeRecipient:convocation_notice_email	19262.36,21252.36 18160.60,20771.36
edge:declared:db.ShareholdersMeetingConvocationNoticeRecipient:shareholder	19310.42,21342.36 17161.17,23100.31
edge:declared:db.ShareholdersMeetingDirectorAttendance:stakeholder	13492.85,22671.04 10124.73,19478.24
edge:declared:db.ShareholdersMeetingPowerOfAttorneyIndividualDocument:shareholder	16426.94,24289.54 17036.78,23238.31
edge:declared:db.ShareholdersMeetingShareholderAttendance:meeting	16889.31,23107.82 15883.25,22777.87
edge:declared:db.ShareholdersMeetingShareholderAttendance:original_shareholder	16889.31,23156.64 10816.76,22746.32
edge:declared:db.ShareholdersMeetingShortenPeriodIndividualDocument:shareholder	16245.95,23595.96 16942.44,23238.31
edge:declared:db.ShareholdersMeetingWrittenDecisionIndividualDocument:shareholder	16460.89,23846.28 17014.03,23238.31
edge:declared:db.Stakeholder:company	10096.68,19164.24 15795.50,12660.33
edge:declared:db.Stakeholder:standardized_address	10125.11,19316.75 23936.01,18943.02
edge:declared:db.StakeholderAccount:account	10756.83,18153.39 11427.10,16823.25
edge:declared:db.StakeholderAccount:stakeholder	10712.70,18227.39 10067.27,19164.24
edge:declared:db.StakeholderCustodian:stakeholder	9377.86,19293.80 9793.11,19313.40
edge:declared:db.StakeholderSeat:stakeholder	8649.74,19356.67 9793.11,19325.73
edge:declared:db.StarredQuestionThread:question_thread	20562.40,12795.33 20815.12,12689.49
edge:declared:db.Stock:company	15423.03,18409.98 15965.04,12660.49
edge:declared:db.Stock:share_class	15424.70,18409.98 15441.40,18286.22
edge:declared:db.Stock:shareholder	15373.90,18491.98 10758.52,22672.54
edge:declared:db.StockDocumentAnalysis:document_ai_process_request	28461.18,27628.18 29234.24,27371.06
edge:declared:db.StockDocumentAnalysis:stock_reregistration_event	28389.60,27702.18 28538.47,27841.04
edge:declared:db.StockTransferAgreement:company	17113.51,18480.01 16026.05,12660.49
edge:declared:db.StockTransferAgreement:purchaser	16991.90,18571.51 10125.11,19303.54
edge:declared:db.StockTransferAgreement:sealed_agreement_file	17263.90,18554.04 20408.00,18485.41
edge:declared:db.StockTransferAgreement:seller	17009.26,18634.01 10786.91,22672.54
edge:declared:db.StockTransferAgreement:stock_transfer_event	17041.92,18480.01 16802.36,18265.46
edge:declared:db.StockTransferAgreementClauses:stock_transfer_agreement	17377.72,18380.62 17236.95,18480.01
edge:declared:db.StockTransferAgreementItem:agreement	16527.97,18247.90 16991.90,18486.94
edge:declared:db.StockTransferAgreementItem:share_class	16332.66,18213.64 15572.56,18230.47
edge:declared:db.StockTransferAgreementManagement:company	17898.57,13217.56 16175.50,12520.37
edge:declared:db.StockTransferAgreementManagement:related_tax_advices	18161.29,13230.17 20815.12,12662.84
edge:declared:db.StockTransferAgreementManagement:stock_transfer_agreement	18002.29,13307.56 17140.73,18480.01
edge:declared:db.StockTransferAgreementManagementStakeholderSeat:stakeholder_seat	6025.33,8536.80 8516.27,19319.02
edge:declared:db.StockTransferAgreementManagementStakeholderSeat:stock_transfer_agreement_management	6109.95,8536.80 17896.48,13217.56
edge:declared:db.StockTransferAgreementModusignDocument:stock_transfer_agreement	20401.13,20216.57 17263.90,18625.96
edge:declared:db.StockTransferAgreementModusignEmbeddedDraft:stock_transfer_agreement	19396.71,19917.42 17256.32,18634.01
edge:declared:db.StockTransferAgreementPurchaserInstitution:agreement	17165.86,18720.29 17145.80,18634.01
edge:declared:db.StockTransferAgreementSellerInstitution:agreement	17710.88,18716.86 17263.90,18594.30
edge:declared:db.StockTransferAgreementSurvey:company	19826.55,9541.77 16175.50,12299.95
edge:declared:db.StockTransferPrice:share_class	16474.74,18103.90 15572.56,18217.59
edge:declared:db.StockTransferPrice:stock_transfer_event	16637.40,18126.03 16716.39,18191.46
edge:declared:db.StockUnissuedConfirmationRequest:company	18455.34,15667.88 16151.72,12660.49
edge:declared:db.StockUnissuedConfirmationRequest:stock_unissued_confirmation_file	18517.97,15749.88 20432.75,18264.26
edge:declared:db.StripeCard:customer	897.31,7249.12 962.30,7621.39
edge:declared:db.StripePayment:card	-226.57,7902.25 830.94,7249.12
edge:declared:db.StripePayment:order	-168.96,7963.33 1553.93,8242.28
edge:declared:db.StripePayment:seal_card_return_request	-388.19,7984.25 -1385.24,8413.51
edge:declared:db.Subscription:company	21436.28,11224.39 16175.50,12401.00
edge:declared:db.Subscription:subscription_contract	21436.28,11224.92 19781.64,11601.51
edge:declared:db.Subscription:subscription_package	21436.28,11217.02 19871.50,11482.24
edge:declared:db.Subscription:subscription_plan	21490.25,11274.97 20963.90,11794.74
edge:declared:db.Subscription:subscription_policy	21436.28,11244.86 20074.71,11754.37
edge:declared:db.Subscription:subscription_promotion	21436.28,11209.71 20399.46,11329.68
edge:declared:db.SubscriptionBonus:subscription	22405.10,11258.06 21708.28,11204.44
edge:declared:db.SubscriptionContract:company	19545.64,11654.52 16175.50,12401.38
edge:declared:db.SubscriptionModusignDocumentUsageHistory:subscription	23718.17,10791.14 21708.28,11168.44
edge:declared:db.SubscriptionPackage:company	19635.50,11531.72 16175.50,12396.03
edge:declared:db.SubscriptionPaymentRequest:company	22149.33,12109.80 16175.50,12433.20
edge:declared:db.SubscriptionPaymentRequest:subscription	22243.62,12061.98 21634.93,11274.97
edge:declared:db.SubscriptionPenaltyPayment:company	19549.74,11792.02 16175.50,12408.76
edge:declared:db.SubscriptionPenaltyPayment:subscription	19789.74,11733.75 21436.28,11235.15
edge:declared:db.SubscriptionPeriod:subscription	22816.66,10856.83 21708.28,11157.12
edge:declared:db.SubscriptionPerk:subscription	22277.32,11411.57 21708.28,11235.94
edge:declared:db.SubscriptionPlan:permissions	20776.18,11876.03 20144.08,11994.12
edge:declared:db.SubscriptionPlanOffering:subscription_plan	21172.89,11959.99 21036.18,11904.50
edge:declared:db.SubscriptionPlanPerk:subscription_plan	21113.02,11870.14 21036.18,11863.30
edge:declared:db.SubscriptionPolicy:company	19857.83,11810.65 16175.50,12412.44
edge:declared:db.SubscriptionPromotion:company	20163.46,11373.55 16175.50,12394.83
edge:declared:db.SubscriptionReservation:company	20284.78,12114.24 16175.50,12428.94
edge:declared:db.SubscriptionReservation:subscription_plan	20476.27,12068.20 20792.97,11908.74
edge:declared:db.SubscriptionSuspensionHistory:subscription	22302.92,11129.88 21708.28,11182.04
edge:declared:db.TalingCoupon:_company	10608.35,11737.89 15795.50,12418.56
edge:declared:db.TaxBookkeepingServiceRequest:company	21037.80,14284.18 16175.50,12512.71
edge:declared:db.TaxBookkeepingServiceRequest:incorporation_request	21167.13,14366.18 21764.17,15824.23
edge:declared:db.TaxPartnerTbkContract:legal_partner	23618.84,14565.43 22618.39,14719.81
edge:declared:db.TaxPartnerTbkContractItem:tax_partner_tbk_contract	23920.90,14594.99 23854.84,14577.85
edge:declared:db.TaxPartnerTbkSettings:legal_partner	22842.69,15747.94 22511.47,14868.57
edge:declared:db.TbkConsulting:tax_bookkeeping_service_request	21526.11,14251.60 21287.34,14298.35
edge:declared:db.TbkConsulting:tbk_question_thread	21526.11,14229.85 19118.96,14278.95
edge:declared:db.TbkConsultingMemo:tbk_consulting	22056.58,14043.73 21758.60,14178.32
edge:declared:db.TbkConsultingRefusal:incorporation_request	21403.56,15526.42 21701.96,15824.23
edge:declared:db.TbkConsultingStatusLog:tbk_consulting	21485.96,14003.90 21614.11,14178.32
edge:declared:db.TbkContract:tbk_consulting	23034.47,15085.20 21729.18,14276.32
edge:declared:db.TbkContractBenefit:tbk_contract	23296.32,15171.25 23224.63,15154.74
edge:declared:db.TbkContractSettlement:tbk_contract	23289.84,14994.69 23159.62,15085.20
edge:declared:db.ThirdPartyArticleProviderUserRelation:article_provider	20436.81,19991.45 20431.98,19943.37
edge:declared:db.UserApiKeyCompanyAccess:api_key	17631.15,8506.21 17696.84,7510.54
edge:declared:db.UserApiKeyCompanyAccess:selected_companies	17611.16,8588.21 16077.00,12226.49
edge:declared:db.UserApiKeyCompanyRelation:company	17069.88,7936.19 16037.71,12226.49
edge:declared:db.UserApiKeyCompanyRelation:company_access	17110.16,7936.19 17593.67,8506.21
edge:declared:db.UserApiKeyRevocation:api_key	17224.25,7450.79 17575.54,7464.65
edge:declared:db.UserInvitation:company	9324.85,12108.30 15795.50,12433.93
edge:declared:db.UserInvitation:company_user_relation	9076.85,12120.93 7673.01,12334.54
edge:declared:db.UserInvitationInvitee:invitation	7760.42,12644.44 9081.34,12147.06
edge:declared:db.UserInvitationInvitee:stakeholder	7674.96,12718.44 9904.80,19164.24
edge:declared:db.UserInvitationOwnerRoleRelation:owner_role	9418.82,11273.50 9562.44,11131.34
edge:declared:db.UserInvitationOwnerRoleRelation:user_invitation	9373.00,11347.50 9211.12,12057.06
edge:declared:db.UserProfileImageMapping:profile_image	21999.91,18858.75 22092.40,18935.15
edge:declared:db.UserSealCardRelation:seal_card	-894.27,8505.44 -686.65,8400.11
edge:declared:db.ValuationHistory:company	18475.13,12453.02 16175.50,12444.22
edge:declared:db.ValuationServiceRequest:company	17530.22,13539.74 16175.50,12578.33
edge:declared:db.ValuationServiceRequest:company_question_thread	17655.54,13613.74 18834.96,14210.05
edge:declared:db.VcIrRecommendationRequest:venture_capital	35902.73,9747.00 37774.16,12227.48
edge:declared:db.VcIrRecommendationRequestResult:investor_relations	33989.68,8764.97 30725.81,7602.02
edge:declared:db.VcIrRecommendationRequestResult:request	34166.10,8838.97 35802.23,9673.00
edge:declared:db.VcLpReport:venture_capital	37465.11,12975.15 37753.65,12637.48
edge:declared:db.VcLpReportRequest:alimtalk_activity	38091.55,13354.76 36475.41,14052.53
edge:declared:db.VcLpReportRequest:vc_lp_report	38084.15,13272.76 37525.87,13049.15
edge:declared:db.VcLpReportRequestRecipient:alimtalk_activity_recipient	36049.16,13902.81 35428.36,14314.05
edge:declared:db.VcLpReportRequestRecipient:fund_partner	36032.68,13820.81 35664.35,13628.11
edge:declared:db.VcLpReportRequestRecipient:vc_lp_report_request	36244.05,13826.69 38062.51,13346.50
edge:declared:db.VcNameAlias:venture_capital	38943.13,12079.97 38112.83,12368.53
edge:declared:db.VcSearchLog:company	29373.21,6851.65 16175.50,12364.13
edge:declared:db.VcSearchLog:investor_relations	29532.63,6851.65 30417.81,7444.08
edge:declared:db.VcSearchLog:venture_capital	29533.05,6851.65 37744.83,12310.17
edge:declared:db.VcUserRole:venture_capital	32327.59,9648.02 37744.83,12341.01
edge:declared:db.VentureBusinessCertification:attachment	18448.21,15534.59 20439.68,18264.26
edge:declared:db.VentureBusinessCertification:company	18385.60,15452.59 16158.58,12660.49
edge:declared:db.VentureBusinessCertificationExpirationNotificationLog:venture_business_certification	18173.92,15590.97 18315.41,15534.59
edge:declared:db.VentureCapitalEmailTemplates:venture_capital	38433.98,12547.66 38112.83,12474.43
edge:declared:db.VentureCapitalPaymentLink:venture_capital	30197.07,12807.80 37744.83,12441.41
edge:declared:db.VentureCapitalQuarterlyReport:content_template	29706.06,15895.53 31433.27,13175.64
edge:declared:db.VentureCapitalQuarterlyReport:venture_capital	29803.60,15895.53 37744.83,12510.90
edge:declared:db.VentureCapitalQuarterlyReportContentTemplate:venture_capital	31654.27,13117.09 37744.83,12452.56
edge:declared:db.VentureCapitalQuarterlyReportItem:quarterly_report	28417.99,16472.59 29532.65,16009.53
edge:declared:db.VentureCapitalQuarterlyReportItemReply:file_attachment	24488.09,17235.52 20788.00,18420.42
edge:declared:db.VentureCapitalQuarterlyReportItemReply:item	24797.62,17161.15 28160.30,16542.83
edge:declared:db.VentureCapitalQuarterlyReportItemReply:reply	24629.00,17153.52 24672.57,17014.79
edge:declared:db.VentureCapitalQuarterlyReportReply:_deprecated_captable	24523.98,17012.99 20788.00,18410.20
edge:declared:db.VentureCapitalQuarterlyReportReply:company_create_request	24523.98,16981.85 23943.24,17092.04
edge:declared:db.VentureCapitalQuarterlyReportReply:portfolio_company	24838.44,16884.79 30613.92,14303.97
edge:declared:db.VentureCapitalQuarterlyReportReply:quarterly_report	24861.98,16915.93 29523.36,15981.89
edge:declared:db.VentureCapitalSubscription:subscription_plan	38788.09,11040.85 38955.58,11226.40
edge:declared:db.VentureCapitalSubscription:venture_capital	38733.30,11040.85 38047.34,12227.48
edge:declared:db.VentureCapitalSubscriptionPlanPermission:subscription_plan	40374.56,11218.86 39137.09,11262.32
edge:declared:db.VentureCapitalSubscriptionPlanPrice:subscription_plan	38893.86,11887.04 38986.06,11308.40
edge:declared:db.VentureCapitalUserRelation:roles	33803.22,10719.61 32304.89,9648.02
edge:declared:db.VentureCapitalUserRelation:venture_capital	33975.75,10809.61 37744.83,12356.94
edge:declared:db.VentureComplex:address	24950.44,18617.77 24244.01,18881.38
edge:declared:db.VideoCollection:video_contents	18704.52,9448.63 19357.58,8854.84
edge:declared:db.VideoCollectionFeedback:company	18276.39,9466.78 16152.50,12226.49
edge:declared:db.VideoCollectionFeedback:video_collection	18422.87,9451.30 18531.03,9471.02
edge:declared:db.VideoCollectionPermission:company	18482.04,9837.22 16175.50,12245.14
edge:declared:db.VideoCollectionPermission:video_collection	18534.08,9763.22 18634.84,9538.63
edge:declared:db.VideoContentHistory:company	18953.05,9678.21 16175.50,12266.44
edge:declared:db.VideoContentHistory:video_collection	18899.38,9596.21 18762.22,9538.63
edge:declared:db.VideoContentHistory:video_content	19017.25,9596.21 19382.47,8854.84
edge:declared:db.VideoContentSpeecher:video_content	19009.48,8753.67 19278.67,8794.86
edge:declared:db.WhitepaperPreviewFile:whitepaper	327.13,6281.66 292.16,6397.15
edge:declared:db.WhitepaperWatermarkFile:whitepaper	1560.14,5905.90 378.37,6397.15
edge:declared:db.WhtBook:employee	9368.19,15325.48 8630.79,15077.94
edge:declared:db.WhtBook:wht_book_without_date	9366.32,15402.32 9171.85,15458.53
edge:declared:db.WhtBookWithoutDate:employee	9008.63,15455.63 8612.22,15131.27
edge:declared:db.WhtCertificate:employee	10684.72,15113.22 8630.79,15035.63
edge:declared:db.WhtReceipt:employee	10087.73,15139.08 8630.79,15039.93
edge:declared:db.YearEndTaxSettlement:payroll	7529.92,18568.49 4791.49,4917.25
edge:declared:db.YearEndTaxSettlementConfirmationSchedule:year_end_tax_settlement	6794.42,17994.45 7484.83,18568.49
edge:declared:db.YetsAssistance:employee	13877.72,30648.40 6232.70,30404.91
edge:declared:db.YetsAssistanceCreatorYetsEmployee:yets_employee	7397.71,30202.19 6232.70,30378.12
edge:declared:db.YetsAssistanceMessage:assistance	17913.10,30176.75 14125.72,30637.27
edge:declared:db.YetsAssistanceMessage:creator	17913.10,30161.31 12234.45,30144.69
edge:declared:db.YetsAssistanceMessageFile:message	25138.35,32026.94 18161.10,30194.24
edge:declared:db.YetsAssistanceStaffAccessLog:assistance	13112.45,30784.30 13877.72,30670.75
edge:declared:db.YetsAssistanceStaffFavoriteRelation:assistance	14692.57,30474.92 14125.72,30620.50
edge:declared:db.YetsEmail:year_end_tax_settlement	8748.42,19982.69 7578.70,18658.49
edge:declared:db.YetsEmailAuthentication:yets_employee	5309.10,30966.98 5997.07,30465.24
edge:declared:db.YetsEmployee:employee	6096.36,30335.24 8473.00,15131.27
edge:declared:db.YetsEmployee:year_end_tax_settlement	6094.21,30335.24 7533.40,18658.49
edge:declared:db.YetsEmployeeFile:employee	25764.88,32625.06 6232.70,30416.80
edge:declared:db.YetsEmployeeResult:yets_employee	7535.47,30025.32 6232.70,30362.34
edge:declared:db.YetsEmployeeResultAssistanceMessageRelation:assistance_message	12854.71,30055.23 17913.10,30159.12
edge:declared:db.YetsEmployeeResultAssistanceMessageRelation:result	12466.71,30049.00 7783.47,29994.68
edge:declared:db.YetsEmployeeResultStatusLog:result	7899.54,29028.82 7670.67,29948.24
edge:declared:db.YetsEmployeeResultWhtReceipt:result	23362.97,29861.73 7783.47,29992.20
edge:declared:db.YetsEmployeeSubmissionLog:yets_employee	6104.02,30640.39 6091.02,30465.24
edge:declared:db.YetsEmployeeUploadForm:yets_employee	8254.20,30830.18 6232.70,30429.29
edge:declared:db.YetsEmployeeUploadFormStatusLog:yets_employee_upload_form	7866.68,31543.46 8345.09,30890.58
edge:declared:db.ZuzuTaxPhoneToken:phone	3798.51,12359.04 3493.88,12476.44
edge:declared:document_ai.DocumentAiProcessResult:request	28607.42,29787.26 29334.35,27371.06
edge:declared:fi_sta.FiStaCompanyCeo:fi_sta_company	35761.47,30367.87 34766.12,32739.60
edge:declared:fi_sta.FiStaCompanySearchResult:fi_sta_company	34822.35,31532.78 34751.32,32739.60
edge:declared:fi_sta.FiStaContractDocument:participant	32400.06,33295.62 32975.56,33670.38
edge:declared:fi_sta.FiStaContractDocument:stock_transfer_agreement_document	32206.96,33271.54 29651.06,33702.81
edge:declared:fi_sta.FiStaContractDocument:stock_transfer_notice_poa_document	32351.27,33295.62 32455.17,33525.78
edge:declared:fi_sta.FiStaContractDocument:stock_unissued_confirmation_poa_document	32329.45,33205.62 32232.18,30313.96
edge:declared:fi_sta.FiStaManagement:fi_sta_company	37148.54,35079.41 34791.71,32821.60
edge:declared:fi_sta.FiStaParticipant:fi_sta_user	33174.81,33757.54 35420.46,34448.65
edge:declared:fi_sta.FiStaStockTransferAgreementDocument:starter	29651.06,33730.92 32926.81,33719.80
edge:declared:fi_sta.FiStaStockTransferNoticePoaDocument:signer	32608.66,33599.78 32926.81,33685.84
edge:declared:fi_sta.FiStaStockUnissuedConfirmationPoaDocument:signer	32239.75,30313.96 33039.14,33670.38
edge:declared:fi_sta.FiStaTransferStock:stock_transfer_agreement_document	31717.98,33947.78 29651.06,33747.94
edge:declared:fi_sta.FiStaUser:fi_sta_management	35635.07,34521.97 37090.55,35079.41
edge:declared:vertex_ai.VertexAiPredictionResult:request	39734.71,17447.12 39655.45,17530.12
edge:inheritance:db.AgendaBonusIssueNewIssueBalanceCertificateFile->db.FileAttachment	18542.08,19728.66 20408.00,18596.54
edge:inheritance:db.AgendaBonusIssueNewIssueMinutesFile->db.FileAttachment	18321.41,20086.46 20408.00,18615.23
edge:inheritance:db.Announcement->db.QuestionThread	20984.86,12280.80 20952.86,12566.05
edge:inheritance:db.AppointedDirectorCertificateOfSealDocument->db.MeetingDocument	16785.15,29512.41 14879.45,26289.57
edge:inheritance:db.AppointedDirectorResidentRegistrationDocument->db.MeetingDocument	18700.59,26455.69 14940.96,26108.98
edge:inheritance:db.ArticlesOfIncorporationAfterChangeDocument->db.MeetingDocument	21584.15,27775.69 14940.96,26136.49
edge:inheritance:db.ArticlesOfIncorporationBeforeChangeDocument->db.MeetingDocument	16711.04,26018.38 14940.96,26085.79
edge:inheritance:db.ArticlesOfIncorporationDocument->db.MeetingDocument	17734.53,27725.33 14940.96,26190.37
edge:inheritance:db.AuditReportDocument->db.MeetingDocument	18961.85,29121.15 14940.96,26220.96
edge:inheritance:db.BalanceCertificateDocument->db.MeetingDocument	13549.90,22487.24 14696.68,25895.57
edge:inheritance:db.BeforeunloadPdfEvent->db.PdfEvent	33336.02,11155.27 34036.83,11379.54
edge:inheritance:db.BigNumberValueWithVisibility->db.ValueWithVisibility	38556.88,4608.44 37189.44,5833.36
edge:inheritance:db.BranchAbolitionEvent->db.Event	18538.31,18071.57 15742.56,16938.13
edge:inheritance:db.BranchChangeEvent->db.Event	19157.68,18470.64 15742.56,16944.28
edge:inheritance:db.BranchInstallationEvent->db.Event	18662.20,18233.11 15742.56,16943.50
edge:inheritance:db.BulkEmailCommonAttachment->db.FileAttachment	16330.66,17472.64 20408.00,18436.35
edge:inheritance:db.BulkEmailRecipientAttachment->db.FileAttachment	18531.33,18746.64 20408.00,18505.66
edge:inheritance:db.CapitalChangeEvent->db.Event	15110.87,16030.80 15532.34,16769.13
edge:inheritance:db.CaptableAfterNewIssueDocument->db.MeetingDocument	17432.76,29705.88 14908.52,26289.57
edge:inheritance:db.CaptableAtRecordDateDocument->db.MeetingDocument	19396.70,26262.99 14940.96,26099.12
edge:inheritance:db.CaptableBeforeNewIssueDocument->db.MeetingDocument	16450.27,24556.09 14940.96,25930.48
edge:inheritance:db.CeoAddressChangeEvent->db.Event	16017.18,16571.86 15742.56,16770.88
edge:inheritance:db.CeoConfirmationDocument->db.MeetingDocument	18380.10,26128.48 14940.96,26094.34
edge:inheritance:db.CeoTypeChangedCeoResidentRegistrationDocument->db.MeetingDocument	13711.31,24535.20 14629.93,25895.57
edge:inheritance:db.CertificateOfCorporateSealDocument->db.MeetingDocument	17351.71,25685.78 14940.96,26064.60
edge:inheritance:db.CertificateOfSealNotarizationPoaDocument->db.MeetingDocument	14538.21,27591.49 14733.42,26289.57
edge:inheritance:db.CmeBulkEmail->db.BulkEmail	17629.45,16528.46 13712.71,17218.82
edge:inheritance:db.CmeBulkEmailRecipient->db.BulkEmailRecipient	18271.72,16923.32 17304.32,19060.77
edge:inheritance:db.CmeBulkEmailTemplate->db.BulkEmailTemplate	20013.62,15072.95 19466.43,15053.08
edge:inheritance:db.CoCeoSystemChangeEvent->db.Event	15820.19,16452.63 15652.36,16769.13
edge:inheritance:db.CompanyAddressChangeEvent->db.Event	19308.94,18325.57 15742.56,16935.80
edge:inheritance:db.CompanyBulkEmailTemplate->db.BulkEmailTemplate	18786.58,14028.38 19320.09,15007.58
edge:inheritance:db.CompanyDocumentDelivery->db.DocumentDelivery	18491.95,12600.90 19649.76,12624.57
edge:inheritance:db.CompanyEndorsementFeed->db.CompanyFeed	25137.53,7788.78 28094.03,5352.35
edge:inheritance:db.CompanyFeed->db.Feed	28175.58,5352.35 28616.09,6706.66
edge:inheritance:db.CompanyIrClosingFeed->db.CompanyFeed	29182.00,6188.41 28219.36,5352.35
edge:inheritance:db.CompanyIrNewCommitFeed->db.CompanyFeed	29731.35,6047.07 28269.84,5352.35
edge:inheritance:db.CompanyIrOpenFeed->db.CompanyFeed	29873.63,5541.89 28282.34,5316.88
edge:inheritance:db.CompanyNewsFeed->db.CompanyFeed	21033.25,5987.57 28034.34,5311.33
edge:inheritance:db.CompanyOwnerAuditLog->db.AuditLog	9424.63,7888.84 17029.24,6680.93
edge:inheritance:db.CompanyPaymentLink->db.PaymentLink	23028.73,12184.91 25048.18,13265.21
edge:inheritance:db.CompanyQuestionThread->db.QuestionThread	19083.33,14192.85 20862.66,12704.05
edge:inheritance:db.CompanyTanTableView->db.TanTableView	10594.71,9951.73 11006.15,9823.80
edge:inheritance:db.ConsentFormModusignDocument->db.ModusignDocument	28327.19,36906.82 23736.67,20721.31
edge:inheritance:db.ConsentFormModusignEmbeddedDraft->db.ModusignEmbeddedDraft	26595.51,31999.54 22916.99,21894.19
edge:inheritance:db.ConsentFormOptionItem->db.ConsentFormItem	23552.63,24308.36 24278.65,26812.19
edge:inheritance:db.CorporateRegistrationDocument->db.MeetingDocument	16690.67,28996.06 14893.75,26289.57
edge:inheritance:db.CustomOptionGrantContractTemplate->db.OptionGrantContractTemplate	20057.13,16066.43 19552.05,16130.66
edge:inheritance:db.CustomOptionGrantContractTemplateRevision->db.OptionGrantContractTemplateRevision	20507.09,16679.27 20370.82,16582.43
edge:inheritance:db.DebtConfirmationAndOffsetContractDocument->db.MeetingDocument	17440.74,25339.95 14940.96,26042.54
edge:inheritance:db.Director->db.Stakeholder	16481.06,16488.43 10125.11,19249.14
edge:inheritance:db.DirectorAppointmentEvent->db.Event	15970.96,16284.34 15663.65,16769.13
edge:inheritance:db.DirectorCompensationDecisionEvent->db.Event	16381.21,16843.48 15742.56,16871.61
edge:inheritance:db.DirectorCompensationLimitEvent->db.Event	16059.01,16698.12 15742.56,16820.77
edge:inheritance:db.DirectorDecisionDocument->db.MeetingDocument	19012.31,27008.91 14940.96,26130.95
edge:inheritance:db.DirectorResidentRegistrationWithAddressChangeHistoryDocument->db.MeetingDocument	14614.98,24723.60 14741.67,25895.57
edge:inheritance:db.DirectorTermEndEvent->db.Event	16126.32,16444.52 15728.23,16769.13
edge:inheritance:db.DirectorsMeetingMinutesDocument->db.MeetingDocument	16414.14,25006.79 14940.96,25975.52
edge:inheritance:db.DirectorsMeetingNoticeDocument->db.MeetingDocument	16359.60,29167.83 14865.24,26289.57
edge:inheritance:db.DirectorsMeetingNoticeEmail->db.BulkEmail	15613.07,19088.76 13658.56,17310.73
edge:inheritance:db.DirectorsMeetingNoticeEmailRecipient->db.BulkEmailRecipient	16143.00,19296.37 17148.52,19138.22
edge:inheritance:db.DirectorsMeetingSkipNoticeDocument->db.MeetingDocument	15770.65,29476.38 14821.63,26289.57
edge:inheritance:db.DocumentLoadedPdfEvent->db.PdfEvent	33916.97,11242.11 34104.38,11378.22
edge:inheritance:db.ESOPParticipant->db.Employee	9189.27,15897.07 8570.41,15131.27
edge:inheritance:db.ElectronicCertificateApplicationFormDocument->db.MeetingDocument	8179.74,25205.02 14584.96,26068.57
edge:inheritance:db.ElectronicCertificateCaseReportDocument->db.MeetingDocument	8922.41,23488.90 14584.96,26013.22
edge:inheritance:db.Employee->db.Stakeholder	8523.40,15131.27 9905.31,19164.24
edge:inheritance:db.EmployeeOptionExerciseEvent->db.Event	15744.77,17197.08 15645.90,16987.13
edge:inheritance:db.EmployeeOptionExerciseManagementEmail->db.BulkEmail	13240.55,14077.59 13575.25,17172.73
edge:inheritance:db.EmployeeOptionGrantee->db.Employee	9192.77,13400.45 8532.42,14929.27
edge:inheritance:db.EmployeeStockGuideEmail->db.BulkEmail	12474.06,17099.62 13452.71,17225.07
edge:inheritance:db.ExpertClientSignupChannel->db.SignupChannel	24252.96,14858.23 24946.72,14606.84
edge:inheritance:db.FeeReceiptDocument->db.MeetingDocument	16395.53,27613.16 14940.96,26258.36
edge:inheritance:db.FileValueWithVisibility->db.ValueWithVisibility	38386.22,5854.07 37266.13,5868.81
edge:inheritance:db.FinancialStatementsDocument->db.MeetingDocument	19376.57,27367.86 14940.96,26141.77
edge:inheritance:db.FinancialStatementsForNewIssueFromConversionDocument->db.MeetingDocument	15735.59,23900.90 14850.39,25895.57
edge:inheritance:db.HrmAlpUsagePlan->db.HrmApprovable	5441.14,18193.52 2975.40,17842.90
edge:inheritance:db.HrmAnnualLeave->db.HrmLeaveBase	3799.69,21692.88 3303.28,21024.42
edge:inheritance:db.HrmAnnualLeaveFiscalBasedConfig->db.HrmAnnualLeaveConfigBase	4122.79,24962.65 3813.10,22607.43
edge:inheritance:db.HrmAnnualLeaveHireBasedConfig->db.HrmAnnualLeaveConfigBase	3719.27,24148.10 3806.14,22607.43
edge:inheritance:db.HrmAttendance->db.HrmApprovable	3813.02,17799.57 2975.40,17821.96
edge:inheritance:db.HrmAttendanceLocation->db.HrmApprovable	5205.36,17109.87 2975.40,17787.58
edge:inheritance:db.HrmCertificateIssue->db.HrmApprovable	5890.59,16115.52 2938.50,17776.27
edge:inheritance:db.HrmCompensatoryLeave->db.HrmLeaveBase	1966.75,20734.75 3113.07,20928.44
edge:inheritance:db.HrmCustomLeave->db.HrmLeaveBase	2479.52,20746.27 3113.07,20915.16
edge:inheritance:db.HrmDeptAbolishedEvent->db.HrmDeptStatusEventBase	21.47,22520.04 -46.00,21411.10
edge:inheritance:db.HrmDeptCreatedEvent->db.HrmDeptStatusEventBase	-157.55,20735.04 -55.53,21329.10
edge:inheritance:db.HrmDeptNameChangedEvent->db.HrmDeptNameEventBase	-1106.63,19815.27 -1438.96,20044.28
edge:inheritance:db.HrmDeptNameEventBase->db.HrmDeptEventBase	-1438.44,20118.28 -1191.56,20286.80
edge:inheritance:db.HrmDeptParentChangedEvent->db.HrmDeptParentEventBase	-827.98,19981.08 -341.30,19998.36
edge:inheritance:db.HrmDeptParentEventBase->db.HrmDeptEventBase	-328.58,20039.55 -1032.07,20286.80
edge:inheritance:db.HrmDeptStatusEventBase->db.HrmDeptEventBase	-91.16,21329.10 -1098.84,20360.80
edge:inheritance:db.HrmDocument->db.HrmApprovable	2122.65,15636.13 2835.09,17776.27
edge:inheritance:db.HrmEmpAbsenceEvent->db.HrmEmpStatusEventBase	4840.09,15728.63 5341.70,15823.44
edge:inheritance:db.HrmEmpAffiliationChangedEvent->db.HrmEmpAffiliationEventBase	3299.95,16924.29 3401.43,16930.82
edge:inheritance:db.HrmEmpAffiliationEventBase->db.HrmEmpEventBase	3655.43,16959.39 4109.64,17032.40
edge:inheritance:db.HrmEmpContractModusignDocument->db.ModusignDocument	28660.25,37316.53 23737.73,20721.31
edge:inheritance:db.HrmEmpDepartedEvent->db.HrmEmpStatusEventBase	5709.56,15847.30 5589.70,15847.10
edge:inheritance:db.HrmEmpEmploymentTypeChangedEvent->db.HrmEmpEmploymentTypeEventBase	4727.45,17098.35 4656.19,17047.99
edge:inheritance:db.HrmEmpEmploymentTypeEventBase->db.HrmEmpEventBase	4461.83,17026.23 4345.64,17038.70
edge:inheritance:db.HrmEmpJobChangedEvent->db.HrmEmpJobEventBase	3536.01,16299.03 3614.76,16681.67
edge:inheritance:db.HrmEmpJobEventBase->db.HrmEmpEventBase	3689.68,16755.67 4160.33,17014.37
edge:inheritance:db.HrmEmpJoinedEvent->db.HrmEmpStatusEventBase	5027.98,16442.59 5426.76,15899.88
edge:inheritance:db.HrmEmpReturnToWorkEvent->db.HrmEmpStatusEventBase	5240.64,15743.33 5350.51,15793.88
edge:inheritance:db.HrmEmpStatusEventBase->db.HrmEmpEventBase	5411.22,15899.88 4265.67,17014.37
edge:inheritance:db.HrmFamilyCareLeave->db.HrmLeaveBase	1966.75,20841.28 3113.07,20939.74
edge:inheritance:db.HrmFixedWork->db.HrmWorkBase	1863.38,18789.28 1866.45,18916.15
edge:inheritance:db.HrmGrantableLeave->db.HrmLeaveBase	3498.31,20242.28 3274.73,20878.42
edge:inheritance:db.HrmInfertilityTreatmentLeave->db.HrmLeaveBase	2975.09,20332.72 3216.74,20878.42
edge:inheritance:db.HrmLeaveUsage->db.HrmApprovable	6919.48,18398.96 2975.40,17842.76
edge:inheritance:db.HrmMaternityLeave->db.HrmLeaveBase	1966.75,21054.34 3113.07,20962.34
edge:inheritance:db.HrmMenstrualLeave->db.HrmLeaveBase	2500.57,21273.91 3113.07,21010.02
edge:inheritance:db.HrmMiscarriageLeave->db.HrmLeaveBase	1966.75,21160.88 3113.07,20973.63
edge:inheritance:db.HrmPaternityLeave->db.HrmLeaveBase	2479.52,21149.74 3113.07,20986.47
edge:inheritance:db.HrmPersonalLocation->db.HrmApprovable	6307.43,16232.39 2957.71,17776.27
edge:inheritance:db.HrmReserveTrainingLeave->db.HrmLeaveBase	2265.53,21589.57 3136.56,21024.42
edge:inheritance:db.HrmSelectiveWork->db.HrmWorkBase	2116.04,19382.60 1905.26,19038.15
edge:inheritance:db.HrmSelectiveWorkPlan->db.HrmApprovable	3872.31,17968.65 2975.40,17842.69
edge:inheritance:db.HrmStaggeredWork->db.HrmWorkBase	769.10,19504.33 1740.78,19038.15
edge:inheritance:db.IBKSignupChannel->db.SignupChannel	25874.53,14584.51 25183.87,14568.68
edge:inheritance:db.IaCertificateOfInvestmentDocument->db.InvestmentAssociationDocument	36807.88,18586.91 35882.90,19280.45
edge:inheritance:db.IaConsentFormDocument->db.InvestmentAssociationDocument	36254.63,18527.41 35835.49,19280.45
edge:inheritance:db.IaConsentFormOrMeetingElectronicSignatureRequestModusignDocument->db.ModusignDocument	28247.26,20233.28 23849.70,20628.10
edge:inheritance:db.IaConsentFormOrMeetingElectronicSignatureRequestModusignEmbeddedDraft->db.ModusignEmbeddedDraft	27780.64,20745.84 23021.70,21813.37
edge:inheritance:db.IaConsentFormOrMeetingElectronicSignatureRequiredDocument->db.InvestmentAssociationDocument	33980.68,19896.33 35658.54,19385.03
edge:inheritance:db.IaExpertPartnerBulkEmailTemplate->db.BulkEmailTemplate	20874.66,15419.88 19466.43,15078.63
edge:inheritance:db.IaExplanationFormForElectronicSignatureDocument->db.InvestmentAssociationDocument	37595.26,18599.24 35944.54,19282.28
edge:inheritance:db.IaGpAppointmentEvent->db.InvestmentAssociationEvent	35506.02,17869.09 33494.49,17657.63
edge:inheritance:db.IaGpTerminationEvent->db.InvestmentAssociationEvent	35840.14,18162.72 33494.49,17670.22
edge:inheritance:db.IaMeetingAgendaCustom->db.IaMeetingAgenda	35962.31,20828.89 35643.81,20567.02
edge:inheritance:db.IaMeetingMinutesDocument->db.InvestmentAssociationDocument	35202.03,19987.04 35744.89,19402.45
edge:inheritance:db.IaMeetingNoticeDocument->db.InvestmentAssociationDocument	34920.82,19870.68 35700.03,19402.45
edge:inheritance:db.IaMeetingSealedNoticeDocumentFile->db.FileAttachment	32550.86,20046.76 20788.00,18506.14
edge:inheritance:db.IaMeetingShortenPeriodDocument->db.InvestmentAssociationDocument	37144.24,19362.19 35944.54,19343.66
edge:inheritance:db.IaModusignDocumentUsageHistory->db.BaseModusignDocumentUsageHistory	27454.00,14649.69 25437.12,13648.35
edge:inheritance:db.IaOwnerAuditLog->db.AuditLog	24578.31,7312.52 17265.24,6672.52
edge:inheritance:db.IaPartnerListDocument->db.InvestmentAssociationDocument	35707.48,19129.87 35774.42,19280.45
edge:inheritance:db.IaPaymentLink->db.PaymentLink	26829.30,13432.67 25256.30,13319.16
edge:inheritance:db.IaPfCompanyInvestmentSalesIntent->db.SalesIntent	35489.39,22995.27 35566.65,23051.51
edge:inheritance:db.IaQuestionThread->db.QuestionThread	26629.88,13586.65 21075.12,12656.81
edge:inheritance:db.IaRuleDocument->db.InvestmentAssociationDocument	32702.46,19241.08 35658.54,19336.82
edge:inheritance:db.IaSealStampImage->db.FileAttachment	22044.89,18267.23 20788.00,18453.16
edge:inheritance:db.IaWrittenResolutionDocument->db.InvestmentAssociationDocument	35988.53,19641.69 35839.53,19402.45
edge:inheritance:db.ImAcVcBroker->db.ImZuzuBroker	29423.82,12313.13 31922.64,12204.71
edge:inheritance:db.ImIndividualGpBroker->db.ImZuzuBroker	31682.19,12352.18 31953.72,12236.59
edge:inheritance:db.ImInvestorBroker->db.ImBroker	35094.31,12290.15 33711.21,12162.60
edge:inheritance:db.ImIrPartnerBroker->db.ImBroker	31295.90,12060.74 33463.21,12146.27
edge:inheritance:db.ImPitchingDay->db.ImDay	32683.07,10829.30 33908.06,10967.25
edge:inheritance:db.ImPitchingDayParticipation->db.ImDayParticipation	31145.40,9606.58 32814.56,10504.58
edge:inheritance:db.ImZuzuBroker->db.ImBroker	32158.64,12195.89 33463.21,12155.04
edge:inheritance:db.InauguralConsentDocument->db.MeetingDocument	13388.82,23357.01 14664.00,25895.57
edge:inheritance:db.IncorporationRequestAssistanceReceipt->db.FileAttachment	21709.87,17280.94 20788.00,18276.14
edge:inheritance:db.IndividualStakeholder->db.Stakeholder	7738.60,21912.63 9824.58,19478.24
edge:inheritance:db.IndividualStockOptionCancelEvent->db.IndividualInvestorEvent	38435.66,28675.92 37152.37,28060.00
edge:inheritance:db.IndividualStockOptionExerciseEvent->db.IndividualInvestorEvent	38865.93,29743.79 37105.65,28060.00
edge:inheritance:db.IndividualStockOptionGrantEvent->db.IndividualInvestorEvent	37207.35,26327.13 37062.58,27970.00
edge:inheritance:db.IndividualStockOptionPauseEvent->db.IndividualInvestorEvent	32754.57,27318.35 36934.61,27994.93
edge:inheritance:db.IndividualStockOptionResumeEvent->db.IndividualInvestorEvent	33523.78,29378.17 36941.92,28060.00
edge:inheritance:db.IndividualStockOptionSalesIntent->db.SalesIntent	34020.94,23103.55 35499.48,23089.62
edge:inheritance:db.InputSignupChannel->db.SignupChannel	25969.12,15025.23 25141.02,14606.84
edge:inheritance:db.InstitutionStakeholder->db.Stakeholder	10051.64,21126.14 9967.16,19478.24
edge:inheritance:db.InvestmentAssociationAssociationPartner->db.InvestmentAssociationOrganizationPartner	36502.45,15918.74 38114.92,16816.84
edge:inheritance:db.InvestmentAssociationCorporationPartner->db.InvestmentAssociationOrganizationPartner	39201.95,15965.32 38257.26,16816.84
edge:inheritance:db.InvestmentAssociationIndividualPartner->db.InvestmentAssociationPartner	36652.06,17122.85 39437.56,18167.31
edge:inheritance:db.InvestmentAssociationOrganizationPartner->db.InvestmentAssociationPartner	38253.03,16914.84 39483.05,18117.18
edge:inheritance:db.InvestmentAssociationOrganizationPartnerCorporationSigner->db.InvestmentAssociationOrganizationPartnerSigner	38565.53,14904.67 38120.34,15049.32
edge:inheritance:db.InvestmentAssociationOrganizationPartnerIndividualSigner->db.InvestmentAssociationOrganizationPartnerSigner	37818.77,14963.00 37925.96,15049.32
edge:inheritance:db.InvestmentAssociationPartnerSalesIntent->db.SalesIntent	37022.05,21862.27 35659.86,23051.51
edge:inheritance:db.InvestmentContractHolder->db.Stakeholder	11568.78,16042.89 10036.20,19164.24
edge:inheritance:db.InvestorRelations->db.InvestorMatching	30487.67,7676.15 28441.30,10813.38
edge:inheritance:db.IrClosingComplete->db.IrClosing	31974.78,5141.94 33065.76,6625.62
edge:inheritance:db.IrClosingExpired->db.IrClosing	33082.52,7190.72 33094.86,6707.62
edge:inheritance:db.IrClosingIncomplete->db.IrClosing	34178.60,6699.07 33219.91,6670.34
edge:inheritance:db.IrConsultingRequest->db.ImConsultingRequest	27847.34,9899.00 26989.27,9447.27
edge:inheritance:db.IrFeed->db.Feed	30041.93,7361.69 28712.76,6780.66
edge:inheritance:db.IrosOtpIssueMeetingDocument->db.MeetingDocument	9874.04,22805.56 14584.96,25972.89
edge:inheritance:db.LawtalkSignupAttachment->db.FileAttachment	19479.68,17431.23 20408.00,18302.86
edge:inheritance:db.LedgerByCustomerDocument->db.MeetingDocument	17204.58,23458.10 14940.96,25900.51
edge:inheritance:db.LegalPartnerSignupChannel->db.SignupChannel	24123.52,14380.07 24935.87,14541.24
edge:inheritance:db.ManualOptionVesting->db.OptionVesting	14511.47,18547.92 14538.22,18441.66
edge:inheritance:db.ManualProduct->db.Product	24498.95,12141.65 24628.04,12200.69
edge:inheritance:db.MeetingAttachment->db.FileAttachment	18559.17,17722.18 20408.00,18410.52
edge:inheritance:db.Mna->db.InvestorMatching	27954.36,10727.77 28238.64,10846.88
edge:inheritance:db.MnaConsultingRequest->db.ImConsultingRequest	26798.15,9667.12 26893.59,9447.27
edge:inheritance:db.NcpSignupChannel->db.SignupChannel	26669.84,14986.43 25183.87,14598.23
edge:inheritance:db.NewCeoCertificateOfSealDocument->db.MeetingDocument	17085.08,28573.82 14940.96,26282.77
edge:inheritance:db.NewCeoResidentRegistrationDocument->db.MeetingDocument	17437.46,29329.28 14925.74,26289.57
edge:inheritance:db.NewIssueNoticeEmail->db.BulkEmail	13115.33,20740.91 13573.49,17310.73
edge:inheritance:db.NewIssueSkipNoticeDocument->db.MeetingDocument	15349.57,23159.05 14802.35,25895.57
edge:inheritance:db.NewIssueStockAcceptanceDocument->db.MeetingDocument	17756.31,26065.83 14940.96,26090.98
edge:inheritance:db.NewIssueStockAllocationDocument->db.MeetingDocument	17878.84,23976.23 14940.96,25971.67
edge:inheritance:db.NewIssueStockAllocationRecordDateNoticeDocument->db.MeetingDocument	20315.64,23947.60 14940.96,26023.81
edge:inheritance:db.NewIssueStockSubscriptionDocument->db.MeetingDocument	17384.37,25200.08 14940.96,26031.97
edge:inheritance:db.NewIssueStockUnissuedConfirmationDocument->db.MeetingDocument	18113.35,25497.76 14940.96,26060.97
edge:inheritance:db.NonUnifiedShareManagementSalesIntent->db.SalesIntent	33467.88,24462.99 35559.61,23125.51
edge:inheritance:db.NonUnifiedShareSucPoaModusignDocument->db.ModusignDocument	24843.08,20991.88 23849.70,20682.65
edge:inheritance:db.NotarizationPoaDocument->db.MeetingDocument	19923.11,27077.87 14940.96,26126.56
edge:inheritance:db.OptionExerciseClaimAttachment->db.FileAttachment	12831.32,17598.44 20408.00,18459.66
edge:inheritance:db.OptionExerciseClaimMeetingDocument->db.MeetingDocument	13206.58,21626.25 14694.31,25895.57
edge:inheritance:db.OptionExerciseManagementEmail->db.BulkEmail	13773.50,16524.84 13601.07,17172.73
edge:inheritance:db.OptionGrantContractCeo->db.OptionGrantContractStakeholder	19715.71,15479.85 19272.58,15306.84
edge:inheritance:db.OptionGrantContractFirstRefusalRightHolder->db.OptionGrantContractStakeholder	19774.06,15348.15 19281.33,15275.23
edge:inheritance:db.OptionGrantContractModusignDocument->db.ModusignDocument	21814.24,19581.64 23577.70,20564.51
edge:inheritance:db.OptionGrantContractModusignEmbeddedDraft->db.ModusignEmbeddedDraft	22248.96,20865.23 22862.47,21788.19
edge:inheritance:db.OptionGrantEvent->db.Event	15012.45,18465.93 15554.60,16987.13
edge:inheritance:db.OptionGrantee->db.Stakeholder	13852.41,19185.14 10125.11,19315.44
edge:inheritance:db.OptionWithdrawEvent->db.Event	14702.34,16467.89 15446.56,16810.08
edge:inheritance:db.OtherDocumentArchiveAttachment->db.FileAttachment	20244.95,17207.31 20537.86,18264.26
edge:inheritance:db.PageNumberUpdatedPdfEvent->db.PdfEvent	34593.10,11473.14 34284.83,11434.69
edge:inheritance:db.PayrollStatementEmail->db.BulkEmail	11131.79,17147.91 13452.71,17236.75
edge:inheritance:db.PayrollStatementEmailRecipient->db.BulkEmailRecipient	10377.32,18725.50 17148.52,19110.38
edge:inheritance:db.PerformanceRsuVestingItem->db.RsuVestingItem	14507.52,14818.80 14402.81,14827.14
edge:inheritance:db.PeriodPhantomStockVestingItem->db.PhantomStockVestingItem	8703.99,18293.37 8493.78,18009.48
edge:inheritance:db.PeriodRsuVestingItem->db.RsuVestingItem	14606.97,14718.40 14402.81,14792.20
edge:inheritance:db.PeriodicOptionVesting->db.OptionVesting	14198.02,18520.73 14436.12,18441.66
edge:inheritance:db.PhantomStockCancelEvent->db.Event	14742.77,17103.80 15446.56,16917.34
edge:inheritance:db.PhantomStockExerciseEvent->db.Event	15317.45,17171.02 15491.43,16987.13
edge:inheritance:db.PhantomStockGrantEvent->db.Event	14870.29,16938.71 15446.56,16890.51
edge:inheritance:db.PhantomStockGrantee->db.Stakeholder	9256.85,18199.56 9860.82,19164.24
edge:inheritance:db.PhantomStockPauseEvent->db.Event	15409.98,16193.90 15565.16,16769.13
edge:inheritance:db.PhantomStockResumeEvent->db.Event	15379.16,16434.84 15541.60,16769.13
edge:inheritance:db.PingpongDeliveryAddress->db.Address	23715.88,14276.77 24079.98,18813.85
edge:inheritance:db.Playbook->db.MembershipContent	-1668.93,4499.94 -1435.93,4958.39
edge:inheritance:db.Post->db.MembershipContent	-1867.34,4981.27 -1537.06,4997.35
edge:inheritance:db.ProofOfEmploymentDocument->db.MeetingDocument	18637.36,27984.11 14940.96,26179.47
edge:inheritance:db.QuarterlyReportRequestAttachment->db.FileAttachment	26608.15,17300.71 20788.00,18443.94
edge:inheritance:db.QuarterlyReportSignupChannel->db.SignupChannel	28188.01,14939.07 25183.87,14580.64
edge:inheritance:db.QuestionMessageAttachment->db.FileAttachment	21663.49,16183.02 20698.60,18264.26
edge:inheritance:db.RegistrationAssistanceReceipt->db.FileAttachment	21637.62,16995.50 20749.84,18264.26
edge:inheritance:db.RegistrationFormAllInOneDocument->db.MeetingDocument	15965.25,25081.44 14940.96,25942.87
edge:inheritance:db.RegistrationFormAoiChangeDocument->db.MeetingDocument	13473.64,26244.26 14584.96,26113.51
edge:inheritance:db.RegistrationFormBranchChangeDocument->db.MeetingDocument	19542.08,28255.35 14940.96,26173.12
edge:inheritance:db.RegistrationFormCaptableDocument->db.MeetingDocument	16563.84,25126.50 14940.96,25997.08
edge:inheritance:db.RegistrationFormCeoAddressChangeDocument->db.MeetingDocument	16147.60,25967.42 14940.96,26076.48
edge:inheritance:db.RegistrationFormDirectorChangeDocument->db.MeetingDocument	17804.04,27978.55 14940.96,26202.96
edge:inheritance:db.RegistrationFormHeadOfficeInsideRelocationDocument->db.MeetingDocument	19166.22,24060.52 14940.96,26010.43
edge:inheritance:db.RegistrationFormHeadOfficeOutsideRelocationDocument->db.MeetingDocument	19637.95,24024.29 14940.96,26017.05
edge:inheritance:db.RegistrationFormNewIssueDocument->db.MeetingDocument	15916.01,24569.91 14912.14,25895.57
edge:inheritance:db.RegistrationFormNewOptionsRuleDocument->db.MeetingDocument	14697.66,27473.42 14753.64,26289.57
edge:inheritance:db.RegistrationPoaDocument->db.MeetingDocument	16122.50,29619.64 14838.90,26289.57
edge:inheritance:db.RegularProduct->db.Product	24541.46,12377.01 24664.45,12274.69
edge:inheritance:db.ResignationLetterDocument->db.MeetingDocument	13118.85,24316.34 14584.96,25900.27
edge:inheritance:db.ResignedDirectorCertificateOfSealDocument->db.MeetingDocument	13968.30,26654.65 14584.96,26218.47
edge:inheritance:db.RsaForfeitEvent->db.Event	15174.64,16855.68 15446.56,16870.22
edge:inheritance:db.RsaVestConfirmEvent->db.Event	15943.45,16938.05 15742.56,16903.55
edge:inheritance:db.RsuCancelEvent->db.Event	15055.73,16300.69 15492.85,16769.13
edge:inheritance:db.RsuExerciseClaimCandidateEmailRecipient->db.BulkEmailRecipient	12519.85,16681.19 17167.20,19060.77
edge:inheritance:db.RsuExerciseEvent->db.Event	14993.44,16503.04 15446.56,16785.78
edge:inheritance:db.RsuExerciseManagementEmail->db.BulkEmail	12289.85,16266.46 13491.24,17172.73
edge:inheritance:db.RsuGrantContractModusignDocument->db.ModusignDocument	21499.57,19136.81 23594.42,20559.31
edge:inheritance:db.RsuGrantEvent->db.Event	14780.39,16775.54 15446.56,16859.48
edge:inheritance:db.RsuGrantee->db.Stakeholder	12105.31,16917.04 10099.26,19164.24
edge:inheritance:db.RsuPauseEvent->db.Event	14957.42,17427.28 15468.09,16987.13
edge:inheritance:db.RsuPerformanceAchievementEvent->db.Event	15307.55,16645.22 15460.24,16769.13
edge:inheritance:db.RsuResumeEvent->db.Event	14936.67,17295.36 15446.56,16971.99
edge:inheritance:db.RtccEmail->db.BulkEmail	13840.07,17111.67 13712.71,17176.03
edge:inheritance:db.RtccInvestorFile->db.FileAttachment	15812.77,17644.23 20408.00,18448.03
edge:inheritance:db.SafeCreateEvent->db.Event	16625.63,17466.63 15742.56,16962.60
edge:inheritance:db.SalesReportDocument->db.MeetingDocument	14066.81,27512.00 14666.34,26289.57
edge:inheritance:db.SealStampCardContinuedUseApplicationFormDocument->db.MeetingDocument	9309.71,23288.16 14584.96,26001.03
edge:inheritance:db.SealStampDeclarationDocument->db.MeetingDocument	9611.28,23136.75 14584.96,25990.44
edge:inheritance:db.SealStampImage->db.FileAttachment	17334.06,15878.42 20408.00,18329.74
edge:inheritance:db.SealedOptionGrantContractDocument->db.MeetingDocument	20043.77,26224.21 14940.96,26097.01
edge:inheritance:db.SealedOptionGrantShareholdersMeetingResolutionDocument->db.MeetingDocument	14083.62,27858.36 14687.17,26289.57
edge:inheritance:db.Shareholder->db.Stakeholder	10672.92,22672.54 9992.55,19478.24
edge:inheritance:db.ShareholdersAgreementModusignDocument->db.ModusignDocument	22799.58,20599.82 23577.70,20634.29
edge:inheritance:db.ShareholdersAgreementModusignEmbeddedDraft->db.ModusignEmbeddedDraft	22565.69,21980.84 22773.70,21893.35
edge:inheritance:db.ShareholdersCertificateOfSealDocument->db.MeetingDocument	13600.00,27885.95 14635.21,26289.57
edge:inheritance:db.ShareholdersMeetingAuditReportDocument->db.MeetingDocument	16821.61,26775.61 14940.96,26151.63
edge:inheritance:db.ShareholdersMeetingConvocationNoticeEmail->db.BulkEmail	17985.49,20673.36 13671.24,17310.73
edge:inheritance:db.ShareholdersMeetingConvocationNoticeEmailAttachment->db.FileAttachment	20000.14,20382.90 20529.78,18698.26
edge:inheritance:db.ShareholdersMeetingConvocationNoticeEmailRecipient->db.ShareholdersMeetingConvocationNoticeRecipient	21745.65,23269.30 19419.76,21342.36
edge:inheritance:db.ShareholdersMeetingConvocationNoticeWrittenRecipient->db.ShareholdersMeetingConvocationNoticeRecipient	19321.40,21687.48 19360.36,21342.36
edge:inheritance:db.ShareholdersMeetingMinutesDocument->db.MeetingDocument	14153.21,26456.07 14584.96,26198.68
edge:inheritance:db.ShareholdersMeetingNoticeDocument->db.MeetingDocument	21074.36,27154.10 14940.96,26122.51
edge:inheritance:db.ShareholdersMeetingPowerOfAttorneyDocument->db.MeetingDocument	17344.43,25869.70 14940.96,26077.20
edge:inheritance:db.ShareholdersMeetingPowerOfAttorneyIndividualDocument->db.MeetingDocument	16371.07,24363.54 14940.96,25901.19
edge:inheritance:db.ShareholdersMeetingShortenPeriodDocument->db.MeetingDocument	11684.11,29208.13 14584.96,26272.69
edge:inheritance:db.ShareholdersMeetingShortenPeriodIndividualDocument->db.MeetingDocument	16152.68,23669.96 14875.97,25895.57
edge:inheritance:db.ShareholdersMeetingSkipNoticeDocument->db.MeetingDocument	15026.83,28097.57 14788.89,26289.57
edge:inheritance:db.ShareholdersMeetingWrittenDecisionDocument->db.MeetingDocument	13351.03,26603.90 14584.96,26157.03
edge:inheritance:db.ShareholdersMeetingWrittenDecisionIndividualDocument->db.MeetingDocument	16399.36,23920.28 14911.36,25895.57
edge:inheritance:db.ShareholdersWrittenResolutionDocument->db.MeetingDocument	20749.26,28520.60 14940.96,26164.77
edge:inheritance:db.StockTransferAgreementModusignDocument->db.ModusignDocument	20645.61,20274.04 23577.70,20624.07
edge:inheritance:db.StockTransferAgreementModusignEmbeddedDraft->db.ModusignEmbeddedDraft	19525.87,19991.42 22801.09,21788.19
edge:inheritance:db.SubscriptionModusignDocumentUsageHistory->db.BaseModusignDocumentUsageHistory	23916.09,10794.54 25333.57,13566.35
edge:inheritance:db.TaxReceiptDocument->db.MeetingDocument	15817.05,24271.57 14876.99,25895.57
edge:inheritance:db.Template->db.MembershipContent	-1780.69,5151.66 -1524.64,5048.39
edge:inheritance:db.TextValueWithVisibility->db.ValueWithVisibility	37917.83,5999.11 37266.13,5890.10
edge:inheritance:db.UserProfileImage->db.FileAttachment	22018.04,18936.41 20788.00,18542.16
edge:inheritance:db.VentureCapitalPaymentLink->db.PaymentLink	29957.07,12825.68 25256.30,13297.76
edge:inheritance:db.Webinar->db.MembershipContent	-2023.43,4732.61 -1514.49,4958.39
edge:inheritance:db.Whitepaper->db.MembershipContent	231.37,6397.15 -1359.97,5048.39
edge:inheritance:db.WrittenStatementDocument->db.MeetingDocument	14097.63,26082.82 14584.96,26089.96
edge:inheritance:db.YetsAssistanceCreatorUser->db.YetsAssistanceCreator	11748.64,30332.13 12043.98,30181.34
edge:inheritance:db.YetsAssistanceCreatorYetsEmployee->db.YetsAssistanceCreator	7674.71,30180.15 11998.45,30145.29
edge:inheritance:db.YetsAssistanceMessageFile->db.FileAttachment	25245.65,32021.46 20672.48,18698.26
edge:inheritance:db.YetsEmail->db.BulkEmail	8845.05,19982.69 13463.45,17310.73
edge:inheritance:db.YetsEmployeeFile->db.FileAttachment	25871.06,32601.63 20679.04,18698.26
edge:inheritance:db.YetsEmployeeResultWhtReceipt->db.FileAttachment	23488.04,29823.60 20653.29,18698.26
edge:inheritance:db.ZuzuOptionGrantContractTemplate->db.OptionGrantContractTemplate	19905.12,16210.69 19552.05,16164.84
edge:inheritance:db.ZuzuOptionGrantContractTemplateRevision->db.OptionGrantContractTemplateRevision	20487.95,16321.49 20345.10,16492.43
