edge:declared:db.AgendaBonusIssue:certificate_of_payment_for_the_share_file	18131.06,20066.52 20408.00,18598.88
edge:declared:db.AgendaBonusIssue:meeting_draft	17881.81,20175.49 16613.57,20510.97
edge:declared:db.AgendaBonusIssueNewIssueBalanceCertificateFile:agenda_bonus_issue	18552.73,19792.90 18130.47,20066.52
edge:declared:db.AgendaBonusIssueNewIssueMinutesFile:agenda_bonus_issue	18310.29,20118.53 18153.81,20123.75
edge:declared:db.AgendaBonusIssueSharesToIssue:agenda_bonus_issue	17478.59,19731.00 17910.19,20066.52
edge:declared:db.AgendaBonusIssueSharesToIssue:share_class	17381.88,19657.00 15514.46,18250.38
edge:declared:db.AgendaBorrowCapital:meeting_draft	16717.90,20154.95 16564.19,20405.55
edge:declared:db.AgendaBranchChange:address	17719.96,20022.14 23936.01,18964.80
edge:declared:db.AgendaBranchChange:installation_event	17638.21,19994.23 19044.07,18363.79
edge:declared:db.AgendaBranchChange:meeting_draft	17485.22,20092.23 16613.57,20477.90
edge:declared:db.AgendaCashDividends:meeting_draft	15800.65,20559.15 16293.57,20552.66
edge:declared:db.AgendaCeoAddressChange:meeting_draft	12968.07,21958.38 16293.57,20615.14
edge:declared:db.AgendaCeoAddressChangeItem:agenda_ceo_address_change	12641.62,21991.43 12742.56,21961.67
edge:declared:db.AgendaCeoAddressChangeItem:stakeholder	12481.23,21991.43 10110.56,19478.24
edge:declared:db.AgendaChangeOfAoiClassStock:aoi	19511.59,20566.67 19201.45,20550.02
edge:declared:db.AgendaChangeOfAoiCustom:aoi	19530.39,19837.28 19065.29,20475.17
edge:declared:db.AgendaChangeOfAoiCustom:changed_part	19592.35,19755.28 20419.03,18698.26
edge:declared:db.AgendaChangeOfAoiDirectorCompensationRule:aoi	19674.79,20665.23 19201.45,20575.11
edge:declared:db.AgendaChangeOfAoiNumberOfDirectors:aoi	19271.27,20425.84 19161.97,20475.17
edge:declared:db.AgendaChangeOfAoiThirdPartyAllocation:aoi	19320.65,20777.95 19100.70,20605.17
edge:declared:db.AgendaChangeOfArticlesOfIncorporation:_deprecated_changed_part	19067.83,20475.17 20431.47,18698.26
edge:declared:db.AgendaChangeOfArticlesOfIncorporation:meeting_draft	18834.45,20550.78 16613.57,20595.34
edge:declared:db.AgendaCoCeoSystemChange:meeting_draft	16042.69,21068.08 16338.00,20695.55
edge:declared:db.AgendaCompanyNameChange:meeting_draft	17063.37,20868.74 16613.57,20649.08
edge:declared:db.AgendaCustom:meeting_draft	16052.97,20943.53 16303.90,20695.55
edge:declared:db.AgendaDirectorChange:stakeholder	12605.70,22772.07 10074.80,19478.24
edge:declared:db.AgendaDirectorCompensationItem:director_compensation	12516.17,21053.94 14557.72,21592.46
edge:declared:db.AgendaDirectorCompensationItem:stakeholder	12325.83,20980.58 10125.11,19409.79
edge:declared:db.AgendaDirectorCompensationRule:meeting_draft	16495.18,20915.33 16498.32,20695.55
edge:declared:db.AgendaFinancialStatements:audit_report	17401.23,20148.58 20408.00,18593.62
edge:declared:db.AgendaFinancialStatements:meeting_draft	17193.69,20246.58 16613.57,20484.84
edge:declared:db.AgendaHeadOfficeRelocation:address	18603.31,21531.34 23936.01,19010.91
edge:declared:db.AgendaHeadOfficeRelocation:meeting_draft	18386.65,21531.34 16613.57,20632.21
edge:declared:db.AgendaHeadOfficeRelocationAoiChange:meeting_draft	16962.55,20698.64 16613.57,20597.56
edge:declared:db.AgendaMethodOfGivingPublicNoticeChange:daily_newspaper	17227.89,20021.96 17320.35,15315.33
edge:declared:db.AgendaMethodOfGivingPublicNoticeChange:meeting_draft	17159.03,20103.96 16613.57,20430.93
edge:declared:db.AgendaNewIssue:financial_statements	16249.39,22257.44 20408.00,18646.25
edge:declared:db.AgendaNewIssue:meeting_draft	16165.83,22257.44 16429.13,20695.55
edge:declared:db.AgendaNewIssueItem:new_issue	19574.34,25165.17 16248.96,22427.44
edge:declared:db.AgendaNewIssueItemFromConversion:new_issue_item	19433.99,25782.69 19627.49,25295.17
edge:declared:db.AgendaNewIssueItemFromPayment:new_issue_item	18873.81,25505.36 19523.29,25276.07
edge:declared:db.AgendaNewIssueItemInstitutionMember:institution	21323.54,25962.99 19812.40,24981.96
edge:declared:db.AgendaNewIssueItemInstitutionMemberCeo:member	20141.21,25581.83 21270.87,25962.99
edge:declared:db.AgendaNewIssueItemShareClass:item	18949.91,25210.28 19523.29,25226.49
edge:declared:db.AgendaNewIssueItemShareholder:item	19732.49,24981.96 19674.03,25165.17
edge:declared:db.AgendaNewIssueNewShareClass:new_issue	16550.84,22396.02 16287.50,22360.69
edge:declared:db.AgendaNewOptionsRule:meeting_draft	16771.24,21045.05 16551.10,20695.55
edge:declared:db.AgendaNewOrChangeRsuRule:meeting_draft	17099.27,21102.34 16613.57,20684.88
edge:declared:db.AgendaOptionCancel:meeting_draft	15086.73,21000.76 16293.57,20554.23
edge:declared:db.AgendaOptionCancelGrantee:option_cancel	14371.09,20819.89 14838.73,20996.66
edge:declared:db.AgendaOptionCancelGrantee:option_grantee	14254.30,20737.89 13944.91,19214.49
edge:declared:db.AgendaOptionCancelOption:_deprecated_grantee	14352.44,21018.23 14278.01,20819.89
edge:declared:db.AgendaOptionCancelOption:option_cancel	14513.42,21053.26 14838.73,21037.59
edge:declared:db.AgendaOptionCancelOptionDistribution:option	14258.62,21166.97 14339.64,21100.23
edge:declared:db.AgendaOptionExercise:meeting_draft	13372.56,21794.48 16293.57,20614.40
edge:declared:db.AgendaOptionExerciseClaim:option_exercise	12830.75,21391.85 13205.65,21794.48
edge:declared:db.AgendaOptionExerciseClaim:option_exercise_claim	12779.97,21309.85 11331.18,17860.56
edge:declared:db.AgendaOptionExerciseGrantee:option_exercise	13313.39,21733.19 13273.90,21794.48
edge:declared:db.AgendaOptionExerciseGrantee:option_grantee	13352.88,21643.19 13919.00,19214.49
edge:declared:db.AgendaOptionExerciseGranteeOption:grantee	13230.56,21529.32 13311.03,21643.19
edge:declared:db.AgendaOptionGrant:meeting_draft	15647.41,19775.10 16304.75,20405.55
edge:declared:db.AgendaOptionGrantGrantee:_deprecated_option_grant_event	14634.40,19142.37 14971.40,18535.17
edge:declared:db.AgendaOptionGrantGrantee:option_grant	14801.65,19240.37 15527.09,19685.10
edge:declared:db.AgendaOptionGrantGrantee:option_grantee	14594.51,19187.24 14062.55,19163.33
edge:declared:db.AgendaOptionGrantGrantee:stakeholder	14594.51,19194.75 10125.11,19316.71
edge:declared:db.AgendaPurposeChange:meeting_draft	17677.94,21661.41 16613.57,20687.36
edge:declared:db.AgendaPurposeChangeItem:agenda_purpose_change	17818.84,21811.51 17758.85,21743.41
edge:declared:db.AgendaRsuGrant:meeting_draft	15783.83,20853.78 16293.57,20633.01
edge:declared:db.AgendaRsuGrantGrantee:rsu	13118.84,18115.56 14617.92,15319.59
edge:declared:db.AgendaRsuGrantGrantee:rsu_grant	13135.75,18197.56 15637.55,20853.78
edge:declared:db.AgendaRsuGrantGrantee:stakeholder	12986.24,18197.56 10125.11,19257.99
edge:declared:db.AgendaSubsidiaryEstablishment:meeting_draft	15793.71,21297.42 16337.17,20695.55
edge:declared:db.AgendaTemplate:company	24760.43,8381.56 16175.50,12355.54
edge:declared:db.AiPayrollLedger:payroll	3147.47,5300.24 4687.19,4895.83
edge:declared:db.AlimtalkActivityRecipient:activity	35490.47,14322.87 36271.71,14120.15
edge:declared:db.AlimtalkActivityRecipientStatusHistory:recipient	35315.02,14445.01 35343.02,14396.05
edge:declared:db.AllocatedSeat:stakeholder	8009.53,13560.17 9906.77,19164.24
edge:declared:db.Announcement:company_set	21033.49,12234.63 16175.50,12434.00
edge:declared:db.Announcement:subscription_plan_set	21125.07,12188.54 20914.42,11927.05
edge:declared:db.AnnualSalary:employee	10125.34,14955.39 8624.11,15001.73
edge:declared:db.AnnualSalary:ledger	10361.34,14966.95 11195.63,15112.54
edge:declared:db.Article:third_party_provider	20595.56,19649.83 20420.80,19869.37
edge:declared:db.Article:thumbnail_image	20624.97,19567.83 20556.43,18698.26
edge:declared:db.ArticlePublishHistory:article	20590.66,19752.08 20617.46,19649.83
edge:declared:db.ArticlesOfIncorporation:_deprecated_daily_newspaper	17149.13,15358.08 17236.94,15315.33
edge:declared:db.ArticlesOfIncorporation:articles_of_incorporation_file	17153.26,15472.08 20408.00,18313.63
edge:declared:db.ArticlesOfIncorporation:company	17066.83,15358.08 16066.21,12660.49
edge:declared:db.ArticlesOfIncorporation:source_meeting	17091.81,15472.08 17225.41,17455.49
edge:declared:db.ArticlesOfIncorporationAnalyzationRequest:company	13168.23,7639.11 15858.25,12226.49
edge:declared:db.ArticlesOfIncorporationAnalyzationResult:request	10777.71,7922.13 12964.03,7626.76
edge:declared:db.AuditLog:actor_api_key	18003.40,6349.16 17654.28,7428.54
edge:declared:db.AvailableModusignRequest:company	21229.27,19345.89 16150.36,12660.49
edge:declared:db.AvailableModusignRequest:modusign_account	21301.17,19419.89 22112.35,20162.89
edge:declared:db.BalanceCertificateDocument:new_issue_agenda	15010.77,22700.79 16015.50,22344.41
edge:declared:db.BalanceCertificateDocument:option_exercise_agenda	14818.83,22700.79 13313.61,21892.48
edge:declared:db.BaseModusignDocumentUsageHistory:modusign_document	25355.88,13617.59 23771.46,20518.63
edge:declared:db.BaseModusignDocumentUsageHistory:purchase	25210.26,13590.92 23128.42,13782.76
edge:declared:db.BranchAbolitionEvent:installation_event	18342.38,18134.06 18962.70,18280.42
edge:declared:db.BranchChangeEvent:address	19665.84,18495.98 23936.01,18939.08
edge:declared:db.BranchChangeEvent:installation_event	19442.75,18462.11 19205.13,18363.79
edge:declared:db.BranchInstallationEvent:address	19210.70,18324.23 23936.01,18867.73
edge:declared:db.BulkEmail:sender_mail_integration	13452.71,17207.23 13126.07,17120.55
edge:declared:db.BulkEmail:template_revision	13712.71,17218.24 17336.77,16557.38
edge:declared:db.BulkEmailCommonAttachment:bulk_email	17597.83,17981.92 13712.71,17264.29
edge:declared:db.BulkEmailRecipient:bulk_email	17166.23,19060.77 13712.71,17307.72
edge:declared:db.BulkEmailRecipient:email_activity_recipient	17396.85,19174.77 25663.47,23136.06
edge:declared:db.BulkEmailRecipientAttachment:recipient	19478.60,18775.37 17408.52,19081.79
edge:declared:db.BulkEmailTemplateRevision:template	17503.41,16498.50 19314.88,15061.58
edge:declared:db.BusinessPlan:company	13988.47,11943.94 15795.50,12395.96
edge:declared:db.BusinessPlanAiAnalysis:business_plan_ai_review	12012.42,11136.60 13662.13,11728.90
edge:declared:db.BusinessPlanAiAnalysisItem:ai_analysis_feedback	10226.78,10511.16 9856.14,10372.11
edge:declared:db.BusinessPlanAiAnalysisItem:business_plan_ai_analysis	10453.89,10593.16 11803.02,11062.60
edge:declared:db.BusinessPlanAiAnalysisItemImprovement:ai_analysis_feedback	9794.06,10468.34 9767.67,10372.11
edge:declared:db.BusinessPlanAiAnalysisItemImprovement:business_plan_ai_analysis_item	9975.71,10520.44 10203.06,10540.45
edge:declared:db.BusinessPlanAiReview:business_plan	13803.04,11810.90 13846.37,11877.42
edge:declared:db.BusinessPlanAiReview:company	13900.33,11807.71 15795.50,12385.56
edge:declared:db.BusinessRegistrationCertificate:company	19497.88,9816.70 16175.50,12301.40
edge:declared:db.CaptableRequest:captable_file	18699.69,16521.04 20408.00,18282.07
edge:declared:db.CaptableRequest:company	18632.77,16439.04 16130.25,12660.49
edge:declared:db.CashIncentive:category	11297.45,13929.03 11816.45,13673.67
edge:declared:db.CashIncentive:employee	11066.65,14011.03 8624.11,14948.20
edge:declared:db.CashIncentiveCategory:company	12009.65,13602.43 15795.50,12504.01
edge:declared:db.CashIncentiveItem:cash_incentive	10376.62,13954.04 11049.51,13967.54
edge:declared:db.CashPayment:purchase	23091.23,14060.23 23024.71,13902.53
edge:declared:db.CeoAddressChangeEvent:director	16117.70,16555.07 16490.72,16466.12
edge:declared:db.Charge:credit	20705.55,13591.08 21066.01,13810.09
edge:declared:db.Charge:meeting	20603.38,13591.08 17333.50,17455.49
edge:declared:db.CmeBulkEmail:cme	17871.02,16421.47 20076.73,14531.67
edge:declared:db.CmeBulkEmailRecipient:_deprecated_cme_bulk_email	18121.38,16405.11 17947.17,16438.62
edge:declared:db.CmeBulkEmailRecipient:cme_company	18262.26,16342.86 19178.80,14136.21
edge:declared:db.CmeBulkEmailTemplate:cme	19998.78,14995.98 20102.79,14531.67
edge:declared:db.CmeCompany:company	19090.41,14022.21 16175.50,12539.62
edge:declared:db.CmeCompany:company_managing_entity	19332.48,14131.97 20023.83,14412.56
edge:declared:db.CmeCompany:contact_set	19332.48,14131.98 20746.87,14706.10
edge:declared:db.CmeCompanyContact:cme_company	19647.07,14162.76 19332.48,14103.64
edge:declared:db.CmeCompanyContactNotificationSettings:cme_company_contact	19689.02,14089.67 19736.29,14150.42
edge:declared:db.CmeCompanyDirectorTermManagement:cme_company	19542.40,13962.88 19332.48,14034.72
edge:declared:db.CmeCompanyNote:cme_company	19165.53,13879.34 19191.94,14022.21
edge:declared:db.CmeCompanyRegistration:cme_contact	20656.76,14752.03 20732.71,14751.68
edge:declared:db.CmeCompanyRegistration:company_managing_entity	20479.89,14719.51 20237.65,14531.67
edge:declared:db.CmeCompanyRegistrationFile:cme_company_registration	20681.01,14843.89 20605.66,14801.51
edge:declared:db.CmeContact:company_managing_entity	20748.84,14706.10 20283.83,14512.11
edge:declared:db.CmeMemberRelation:company_managing_entity	20646.23,14415.03 20283.83,14453.04
edge:declared:db.Company:sso_configuration	15795.50,12464.12 15025.03,12547.79
edge:declared:db.CompanyAddressChangeEvent:address	19664.26,18387.16 23936.01,18919.65
edge:declared:db.CompanyAppointedTransferAgentChange:company	20899.12,9843.44 16175.50,12342.95
edge:declared:db.CompanyAuthorizedSharesChange:company	23550.36,9445.71 16175.50,12368.20
edge:declared:db.CompanyBenefit:company	18896.09,10665.19 16175.50,12327.40
edge:declared:db.CompanyBulkEmailTemplate:company	18611.78,13888.02 16175.50,12544.11
edge:declared:db.CompanyCreateAssignmentReadiness:company	16626.49,10027.27 16044.58,12226.49
edge:declared:db.CompanyCreateProgress:company_create_request	23620.31,16764.13 23782.44,17061.50
edge:declared:db.CompanyCreateRequest:address	23827.68,17191.50 24072.39,18813.85
edge:declared:db.CompanyCreateRequest:articles_of_incorporation_attachment	23687.88,17181.14 20788.00,18399.91
edge:declared:db.CompanyCreateRequest:company	23709.19,17061.50 16175.50,12556.20
edge:declared:db.CompanyDepartment:department_code	9787.70,14066.54 9752.36,14021.92
edge:declared:db.CompanyDepartmentCode:organization_chart	9837.56,13948.28 11995.92,13462.26
edge:declared:db.CompanyDocumentAIAnalysis:company	18604.53,16671.45 16121.13,12660.49
edge:declared:db.CompanyDocumentAIAnalysis:file	18675.67,16753.45 20408.00,18306.06
edge:declared:db.CompanyDocumentDelivery:company	18397.53,12617.38 16175.50,12458.62
edge:declared:db.CompanyEndorsement:company	24300.79,8476.91 16175.50,12352.86
edge:declared:db.CompanyEndorsementFeed:company_endorsement	28114.28,7033.01 24424.97,8402.91
edge:declared:db.CompanyExpertClientRelation:company	20190.89,13945.15 16175.50,12512.48
edge:declared:db.CompanyExpertClientRelation:expert_client	20380.82,14019.15 21740.94,14602.76
edge:declared:db.CompanyFeed:company	28849.63,5248.32 16175.50,12337.26
edge:declared:db.CompanyFeedAccessLog:company_feeds	41111.96,3954.07 29068.39,5182.67
edge:declared:db.CompanyFeedAccessLog:venture_capital	41215.57,3980.17 38007.41,12216.20
edge:declared:db.CompanyFeedRating:company_feed	29934.57,3634.17 28978.01,5142.32
edge:declared:db.CompanyGuideState:company	17518.18,12500.21 16175.50,12450.57
edge:declared:db.CompanyInvestmentContractInfo:company	19250.90,12904.28 16175.50,12468.76
edge:declared:db.CompanyInvestorInterest:company	29199.90,8404.50 16175.50,12385.42
edge:declared:db.CompanyInvestorInterest:venture_capital	29396.30,8405.43 37743.56,12334.59
edge:declared:db.CompanyInvitation:invitee	17002.97,10073.46 16084.06,12226.49
edge:declared:db.CompanyIrClosingFeed:investor_relations	29262.31,6262.41 30440.32,7418.15
edge:declared:db.CompanyIrNewCommitFeed:investor_relations	29828.48,6121.07 30504.57,7418.15
edge:declared:db.CompanyIrOpenFeed:investor_relations	30002.42,5595.57 30534.17,7418.15
edge:declared:db.CompanyIrSetting:company	21466.14,8054.72 16175.50,12291.34
edge:declared:db.CompanyLegalPartnerRelation:company	22012.87,14318.33 16175.50,12502.46
edge:declared:db.CompanyLegalPartnerRelation:legal_partner	22175.33,14392.33 22441.43,14618.57
edge:declared:db.CompanyManagementAssignment:company	15509.87,9103.23 15961.17,12226.49
edge:declared:db.CompanyManagingEntity:expert_client	20283.83,14481.52 21649.90,14637.59
edge:declared:db.CompanyManagingEntity:expert_partner	20283.83,14482.25 22310.39,14725.11
edge:declared:db.CompanyManagingEntity:holding_company	20182.82,14401.67 20201.75,14359.24
edge:declared:db.CompanyMethodOfGivingPublicNoticeChange:company	16887.23,14560.64 16079.15,12660.49
edge:declared:db.CompanyMethodOfGivingPublicNoticeChange:daily_newspaper	16924.63,14634.64 17295.74,15233.33
edge:declared:db.CompanyMnaSetting:company	18963.91,12141.04 16175.50,12427.26
edge:declared:db.CompanyNameChange:company	12920.83,10881.63 15795.50,12346.66
edge:declared:db.CompanyNews:company	18829.74,8308.06 16144.76,12226.49
edge:declared:db.CompanyNewsFeed:company_news	26528.04,6381.92 18981.83,8228.13
edge:declared:db.CompanyNewsLink:company_news	18688.90,7731.31 18844.90,8226.06
edge:declared:db.CompanyNotificationSetting:company	14987.24,11631.72 15795.50,12254.56
edge:declared:db.CompanyNotificationTrigger:notification_setting	14793.89,11393.78 14912.47,11557.72
edge:declared:db.CompanyOptionRule:company	18942.09,12931.14 16175.50,12474.83
edge:declared:db.CompanyOverview:company	15873.57,10583.75 15981.40,12226.49
edge:declared:db.CompanyOwnerAddRequest:company	17437.01,8944.43 16081.44,12226.49
edge:declared:db.CompanyOwnerAuditLog:company	9576.16,8125.10 15795.50,12317.22
edge:declared:db.CompanyOwnerAuditLogOwnerRoleRelation:company_owner_audit_log	9648.69,9334.88 9498.69,8125.10
edge:declared:db.CompanyOwnerAuditLogOwnerRoleRelation:owner_role	9649.97,9408.88 9506.86,11006.17
edge:declared:db.CompanyOwnerNotificationTrigger:trigger	14617.62,11261.05 14686.64,11319.78
edge:declared:db.CompanyParValueChange:_deprecated_articles_of_incorporation	16957.12,15616.03 17050.85,15472.08
edge:declared:db.CompanyParValueChange:company	16926.98,15616.03 16051.50,12660.49
edge:declared:db.CompanyPaymentLink:company	23626.57,12135.34 16175.50,12434.07
edge:declared:db.CompanyPolicyFile:company	16314.41,10653.97 16027.74,12226.49
edge:declared:db.CompanyProfileAccessLog:company	29149.31,8557.39 16175.50,12387.40
edge:declared:db.CompanyProfileAccessLog:venture_capital	29349.27,8559.56 37743.56,12338.37
edge:declared:db.CompanyPromotionWinLog:company	14370.14,8658.46 15892.89,12226.49
edge:declared:db.CompanyPromotionWinLog:prize_type	14476.64,8595.03 14970.86,8505.63
edge:declared:db.CompanyPromotionWinLog:promotion	14476.64,8615.72 14892.16,8609.89
edge:declared:db.CompanyPurposeChange:company	16859.53,14115.22 16098.95,12660.49
edge:declared:db.CompanyPurposeChangeItem:company_purpose_change	16989.87,14342.79 16900.42,14189.22
edge:declared:db.CompanyPurposeChangeItem:industrial_code	17034.72,14416.79 17198.74,14677.23
edge:declared:db.CompanyQuestionThread:company	18834.96,14194.59 16175.50,12560.25
edge:declared:db.CompanyQuestionThread:expert_partner	19118.96,14300.65 22310.39,14723.18
edge:declared:db.CompanyRegistrationAssignment:company	21816.58,10259.53 16175.50,12372.33
edge:declared:db.CompanyRegistrationAssignmentLog:company	20329.07,11821.79 16175.50,12416.29
edge:declared:db.CompanyRsuRule:_deprecate_articles_of_incorporation	16845.74,15137.14 17032.21,15358.08
edge:declared:db.CompanyRsuRule:company	16802.98,15063.14 16054.37,12660.49
edge:declared:db.CompanySsoEmailDomain:configuration	14021.88,12565.10 14777.03,12561.79
edge:declared:db.CompanySsoIdentity:configuration	14475.24,12618.71 14777.03,12577.99
edge:declared:db.CompanyStockTransferRestrictedChange:company	15716.72,7812.10 15965.30,12226.49
edge:declared:db.CompanyStockValue:company	19721.52,9297.68 16175.50,12283.51
edge:declared:db.CompanyTag:company_set	20817.46,10024.54 16175.50,12348.37
edge:declared:db.CompanyTanTableView:company	10559.73,10025.42 15795.50,12358.81
edge:declared:db.CompanyTodo:company	22441.78,10293.62 16175.50,12380.22
edge:declared:db.CompanyUpdateRequest:change_detection	18154.05,14062.14 18165.96,14344.96
edge:declared:db.CompanyUpdateRequest:company	18030.12,13980.14 16175.50,12576.31
edge:declared:db.CompanyUpdateRequest:company_question_thread	18278.12,14060.43 18834.96,14236.86
edge:declared:db.CompanyUserRelation:company	7553.40,11990.64 15795.50,12432.91
edge:declared:db.CompanyUserRelation:stakeholder	7446.29,12032.99 9904.90,19164.24
edge:declared:db.CompanyUserRelationOwnerRoleRelation:company_user_relation	8517.33,11562.49 7553.40,11935.95
edge:declared:db.CompanyUserRelationOwnerRoleRelation:owner_role	8701.76,11488.49 9427.90,11104.17
edge:declared:db.ConsentForm:investor	27296.30,36353.78 10765.58,22802.54
edge:declared:db.ConsentForm:item	27340.35,36353.78 24303.16,26886.19
edge:declared:db.ConsentForm:uploaded_consent_form_file	27337.61,36353.78 20685.51,18698.26
edge:declared:db.ConsentFormModusignDocument:consent_form	30826.62,28798.74 27378.43,36353.78
edge:declared:db.ConsentFormModusignEmbeddedDraft:consent_form	27156.94,33283.67 27352.62,36353.78
edge:declared:db.CorporateRegistration:attachment	18922.49,15638.90 20469.97,18264.26
edge:declared:db.CorporateRegistration:company	18848.32,15540.90 16175.50,12649.19
edge:declared:db.CorporateRegistrationChangeConfirmation:change_detection	18428.11,14345.99 18334.52,14363.25
edge:declared:db.CorporateRegistrationChangeConfirmation:staff_review_required_question_thread	18771.11,14314.49 18834.96,14304.37
edge:declared:db.CorporateRegistrationChangeDetection:company	18113.27,14344.96 16175.50,12610.82
edge:declared:db.CorporateRegistrationChangeDetection:xml_file	18197.16,14442.96 20469.51,18264.26
edge:declared:db.CorporateRegistrationChangeDetectionParseResult:change_detection	18316.16,14241.95 18215.77,14344.96
edge:declared:db.CorporateRegistrationExtractionLog:corporate_registration_issue_log	20668.34,16034.03 20861.05,15973.71
edge:declared:db.CorporateRegistrationIssueCoupon:company	18686.18,13517.94 16175.50,12535.98
edge:declared:db.CorporateRegistrationIssueCouponIssueLog:coupon	18999.52,13688.98 18856.75,13599.94
edge:declared:db.CorporateRegistrationIssueCouponUseRequest:coupon	19250.40,14772.57 18806.52,13599.94
edge:declared:db.CorporateRegistrationIssueCouponUseResult:corporate_registration	19678.44,15645.01 19017.61,15612.96
edge:declared:db.CorporateRegistrationIssueCouponUseResult:log	20027.17,15695.34 20861.05,15914.17
edge:declared:db.CorporateRegistrationIssueCouponUseResult:request	19841.68,15613.34 19294.48,14846.57
edge:declared:db.CorporateRegistrationIssueLog:_deprecated_staff_review_required_question_thread	20942.04,15880.74 19108.23,14370.85
edge:declared:db.CorporateRegistrationIssueLog:pdf_file	20994.69,15978.74 20674.79,18264.26
edge:declared:db.CorporateRegistrationIssueMaintenance:third_party_api_notice	33636.40,15818.57 32782.61,15797.62
edge:declared:db.CorporateRegistrationIssueRequest:delivery	19156.11,12467.69 19349.13,12412.04
edge:declared:db.CorporateRegistrationPaidIssue:company	20187.44,13790.11 16175.50,12504.38
edge:declared:db.CorporateRegistrationPaidIssue:corporate_registration	20282.22,13872.11 18933.22,15540.90
edge:declared:db.CorporationPostRegistrationEmail:company	15338.54,9432.50 15938.87,12226.49
edge:declared:db.CorporationPostRegistrationScheduledEmail:corporation_post_registration_email	15398.23,7957.93 15332.33,9358.50
edge:declared:db.CorporationPostRegistrationScheduledEmailPeriodicTaskRelation:corporation_post_registration_scheduled_email	14757.68,7589.56 15328.25,7883.93
edge:declared:db.Credit:company	21012.64,13821.09 16175.50,12494.95
edge:declared:db.CreditCard:company	24288.74,13354.65 16175.50,12464.34
edge:declared:db.CreditCard:investment_association	24506.39,13417.26 30486.03,16545.87
edge:declared:db.CreditCard:legal_partner	24343.32,13417.26 22618.39,14634.86
edge:declared:db.CreditCard:venture_capital	24536.74,13359.67 37743.56,12434.10
edge:declared:db.CreditUse:credit	22167.50,13885.63 21260.64,13858.76
edge:declared:db.CreditUse:purchase	22403.50,13874.61 22832.42,13817.30
edge:declared:db.CsAgentResponse:inquiry_thread_message	25222.27,11371.32 24496.14,11395.54
edge:declared:db.CsAgentResponseFeedBack:cs_agent_response	25826.79,11305.26 25470.27,11351.85
edge:declared:db.DebtConfirmationAndOffsetContractDocument:new_issue_item	17562.94,25454.67 19523.29,25244.13
edge:declared:db.DepartmentStaffUserRelation:department	17961.99,31839.71 15174.65,32297.53
edge:declared:db.DirectorAppointmentEvent:director	16211.70,16103.16 16509.15,16365.24
edge:declared:db.DirectorCompensationDecisionEvent:director	16535.13,16793.35 16603.63,16511.24
edge:declared:db.DirectorCompensationLimitEvent:director	16440.58,16610.90 16539.32,16511.24
edge:declared:db.DirectorTermEndEvent:appointment_event	16204.81,16368.40 16170.48,16103.16
edge:declared:db.DirectorTermEndEvent:director	16400.67,16418.00 16490.72,16424.24
edge:declared:db.DirectorVote:agenda	14980.99,20827.96 15144.64,20926.68
edge:declared:db.DirectorVote:attended_director	14923.07,20753.96 14997.56,20559.86
edge:declared:db.DirectorVotingRightsPerAgenda:agenda	14713.63,20837.06 15144.64,20968.90
edge:declared:db.DirectorVotingRightsPerAgenda:director	14624.89,20763.06 14933.00,20559.86
edge:declared:db.DirectorsMeeting:chairperson	15326.90,20305.54 15108.25,20445.86
edge:declared:db.DirectorsMeeting:meeting	15470.89,20183.54 17153.64,17689.49
edge:declared:db.DirectorsMeeting:sealed_meeting_minutes_file	15559.73,20201.29 20408.00,18588.27
edge:declared:db.DirectorsMeetingAgenda:agenda_bonus_issue	15428.64,20967.39 17881.81,20183.01
edge:declared:db.DirectorsMeetingAgenda:agenda_branch_change	15428.64,20952.06 17479.11,20092.23
edge:declared:db.DirectorsMeetingAgenda:agenda_co_ceo_system_change	15428.64,21031.72 15886.19,21092.59
edge:declared:db.DirectorsMeetingAgenda:agenda_custom	15428.64,21003.75 15887.48,20988.62
edge:declared:db.DirectorsMeetingAgenda:agenda_director_change	15150.36,21105.34 12723.59,22772.07
edge:declared:db.DirectorsMeetingAgenda:agenda_director_compensation_decision	15216.39,21105.34 14729.78,21580.70
edge:declared:db.DirectorsMeetingAgenda:agenda_financial_statements	15428.64,20955.24 17191.13,20246.58
edge:declared:db.DirectorsMeetingAgenda:agenda_head_office_relocation	15428.64,21037.47 18361.67,21561.22
edge:declared:db.DirectorsMeetingAgenda:agenda_new_issue	15347.11,21105.34 16096.23,22257.44
edge:declared:db.DirectorsMeetingAgenda:agenda_option_cancel	15144.64,21020.79 15086.73,21024.24
edge:declared:db.DirectorsMeetingAgenda:agenda_rsu_grant	15428.64,20972.54 15555.93,20935.18
edge:declared:db.DirectorsMeetingAgenda:agenda_shareholders_meeting_convocation	15428.64,21102.23 15580.91,21179.13
edge:declared:db.DirectorsMeetingAgenda:agenda_subsidiary_establishment	15397.70,21105.34 15693.54,21297.42
edge:declared:db.DirectorsMeetingAgenda:meeting	15304.40,20919.34 15418.40,20305.54
edge:declared:db.DirectorsMeetingDirectorAttendance:stakeholder	14854.43,20464.21 10125.11,19356.44
edge:declared:db.DirectorsMeetingNoticeEmail:directors_meeting	15872.89,19259.66 15454.87,20183.54
edge:declared:db.DirectorsMeetingNoticeEmailRecipient:director	15835.55,19439.05 15063.16,20445.86
edge:declared:db.DirectorsMeetingNoticeEmailRecipient:email	15864.67,19357.05 15883.51,19259.66
edge:declared:db.DocumentDelivery:delivery	20331.04,12578.09 20512.24,12404.76
edge:declared:db.DocumentDeliveryQuestionThreadRelation:document_delivery	20501.08,12505.91 20365.30,12578.09
edge:declared:db.DocumentDeliveryQuestionThreadRelation:question_thread	20760.76,12522.73 20864.00,12566.05
edge:declared:db.DocumentParseResult:attachment	20180.45,16873.30 20153.02,17055.83
edge:declared:db.DormantUserEmail:user	-701.53,30212.16 -2286.10,31188.58
edge:declared:db.DormantUserPhone:user	-1538.88,29646.70 -2331.56,31188.58
edge:declared:db.DormantUserReactivationToken:user	-512.36,30345.55 -2267.29,31188.58
edge:declared:db.ESOP:company	9631.48,16670.67 15795.50,12569.88
edge:declared:db.ESOP:shareholder	9556.62,16784.67 10674.44,22672.54
edge:declared:db.ESOPParticipant:esop	9224.67,15989.18 9519.43,16670.67
edge:declared:db.EditableCompanyOwnerAuditLog:company	16465.02,9835.65 16030.23,12226.49
edge:declared:db.ElectronicCertificate:company	17079.67,16937.66 16039.25,12660.49
edge:declared:db.ElectronicCertificate:director	17053.48,16937.66 16689.10,16511.24
edge:declared:db.ElectronicCertificateApplicationFormDocument:stakeholder	7994.23,25141.33 9906.11,19478.24
edge:declared:db.ElectronicCertificateCaseReportDocument:stakeholder	8849.44,23414.90 9916.55,19478.24
edge:declared:db.ElectronicCertificateFileDownloadHistory:file_uploaded	18326.24,17319.32 17789.20,17146.81
edge:declared:db.ElectronicCertificateFileUploadRequest:electronic_certificate	17333.11,16961.79 17214.62,16960.24
edge:declared:db.ElectronicCertificateFileUploaded:file_upload_request	17624.03,17072.81 17545.23,17001.03
edge:declared:db.ElectronicCertificateReturnRequest:electronic_certificate	22170.17,19126.54 17197.24,17027.66
edge:declared:db.ElectronicCertificateReturnRequest:recipient_address	22410.84,19144.71 23936.01,18957.01
edge:declared:db.EmailActivityRecipient:email_activity	25764.07,23234.06 25681.96,25653.14
edge:declared:db.EmailActivityRecipientStatusHistory:recipient	25974.27,24602.52 25772.94,23234.06
edge:declared:db.EmailVerification:email	25215.14,4734.02 24616.04,4508.09
edge:declared:db.Employee:department_code_set	8602.49,14905.11 9655.16,14021.92
edge:declared:db.Employee:group_set	8624.11,14959.71 11638.45,13980.32
edge:declared:db.EmployeeDepartmentCodeRelation:department_code	9049.74,14285.87 9609.62,14021.92
edge:declared:db.EmployeeDepartmentCodeRelation:employee	8944.77,14359.87 8554.42,14905.11
edge:declared:db.EmployeeGroup:company	11856.75,13906.32 15795.50,12510.65
edge:declared:db.EmployeeNumber:company	11756.33,14037.06 15795.50,12515.08
edge:declared:db.EmployeeNumber:employee	11540.14,14108.69 8624.11,14964.44
edge:declared:db.EmployeeOption:company	10528.54,12523.78 15795.50,12446.29
edge:declared:db.EmployeeOption:grantee	10328.87,12578.60 9031.80,13845.24
edge:declared:db.EmployeeOptionExerciseCandidate:management	11557.56,13453.05 13355.31,13362.95
edge:declared:db.EmployeeOptionExerciseCandidate:option	11363.17,13415.47 10500.44,12578.60
edge:declared:db.EmployeeOptionExerciseCandidate:option_exercise_claim	11547.61,13415.47 12686.36,13044.27
edge:declared:db.EmployeeOptionExerciseCandidateFile:candidate	11153.54,12806.40 11391.95,13415.47
edge:declared:db.EmployeeOptionExerciseClaim:company	12952.36,12994.83 15795.50,12478.03
edge:declared:db.EmployeeOptionExerciseClaimOption:option	11534.16,12730.42 10528.54,12548.08
edge:declared:db.EmployeeOptionExerciseClaimOption:option_exercise_claim	11840.16,12793.41 12686.36,12988.37
edge:declared:db.EmployeeOptionExerciseManagement:company	13618.23,13314.33 15795.50,12513.15
edge:declared:db.EmployeeOptionExerciseManagementEmail:management	13188.10,14517.62 13495.57,13396.33
edge:declared:db.EmployeeOptionVesting:employee_option	9287.12,12970.51 10280.54,12574.97
edge:declared:db.EmployeeOptionVestingItem:option_vesting	9115.28,13191.78 9178.35,13044.51
edge:declared:db.EmployeeOptionVestingTraceable:option	10152.27,13128.55 10382.37,12578.60
edge:declared:db.EmployeeStock:participant	9345.34,15838.94 9265.13,15899.18
edge:declared:db.EmployeeStockGuide:esop	9854.84,16495.04 9591.63,16670.67
edge:declared:db.EmployeeStockGuideAudience:employee_stock_guide	9976.48,16093.17 9923.12,16413.04
edge:declared:db.EmployeeStockGuideAudience:participant	9858.89,16037.87 9329.21,15959.40
edge:declared:db.EmployeeStockGuideEmail:employee_stock_guide	12505.75,17091.67 10040.28,16484.57
edge:declared:db.EmployeeStockTag:category	9558.05,16003.93 9484.33,16046.30
edge:declared:db.EmployeeStockTag:employee_stock_set	9570.14,15921.93 9450.20,15838.94
edge:declared:db.EmployeeStockTag:esop	9625.32,16003.93 9552.06,16670.67
edge:declared:db.EmployeeStockTagCategory:esop	9441.22,16120.30 9535.99,16670.67
edge:declared:db.EmployeeStockWithdrawRequest:account	10775.53,17053.21 11258.93,16815.55
edge:declared:db.EmployeeStockWithdrawRequest:esop	10582.54,17053.21 9675.80,16767.38
edge:declared:db.EmploymentCertificateDocumentRequest:company	13632.25,13492.46 15795.50,12526.61
edge:declared:db.EmploymentCertificateDocumentRequest:history	13439.35,13566.46 11612.08,14180.92
edge:declared:db.EmploymentStatusHistory:connected_hrm_status_event	11364.08,14257.06 5480.14,15835.05
edge:declared:db.EmploymentStatusHistory:employee	11364.08,14255.79 8624.11,14969.14
edge:declared:db.EmploymentStatusHistory:related_events	11557.67,14268.51 15445.98,16782.86
edge:declared:db.Event:company	15603.60,16769.56 15966.34,12660.49
edge:declared:db.EventAttachment:company	16046.83,15774.50 15980.35,12660.49
edge:declared:db.EventAttachment:event	16030.79,15848.50 15611.84,16769.56
edge:declared:db.ExpertClientIncorporationSupport:contact_set	21269.06,14829.60 20980.71,14775.93
edge:declared:db.ExpertClientIncorporationSupport:expert_client	21486.85,14816.80 21674.48,14700.76
edge:declared:db.ExpertClientIncorporationSupport:incorporation_request	21434.45,14898.80 21751.51,15834.75
edge:declared:db.ExpertClientSignupChannel:expert_client	23826.21,14892.62 21897.90,14664.82
edge:declared:db.ExpertClientTaxServiceSettings:expert_client	21647.87,14944.57 21752.81,14700.76
edge:declared:db.ExpertClientTaxServiceSettings:legal_partner	21761.35,14944.57 22310.39,14787.60
edge:declared:db.ExpressDelivery1:order_status_history	316.91,9788.89 395.05,9932.80
edge:declared:db.ExpressDelivery1:seal_card_return_status_history	178.82,9758.46 -44.26,9770.89
edge:declared:db.ExternalStockInfo:company	15283.56,9875.81 15926.18,12226.49
edge:declared:db.FABContent:thumbnail_image	21408.41,18479.26 20788.00,18480.79
edge:declared:db.FinancialAccount:institution	11376.80,16717.55 11525.46,16317.28
edge:declared:db.FinancialStatementsForNewIssueFromConversionDocument:new_issue	15828.21,23482.56 16126.33,22427.44
edge:declared:db.Fund:fund_partners	35863.78,13138.58 36672.83,13368.34
edge:declared:db.Fund:portfolio_company_set	35615.78,13127.49 30878.62,14040.37
edge:declared:db.Fund:venture_capital	35863.78,13065.17 37743.56,12482.82
edge:declared:db.FundPartner:venture_capital	36843.83,13362.55 37743.56,12577.66
edge:declared:db.FundingNewsDistributionServiceRequest:company	18297.26,14531.31 16175.50,12612.68
edge:declared:db.FundingNewsDistributionServiceRequest:company_question_thread	18453.89,14531.31 18834.96,14370.85
edge:declared:db.FundingNewsDistributionServiceRequest:logo	18372.98,14621.31 20474.19,18264.26
edge:declared:db.HelpTemplate:partners_to_share	8273.10,9708.66 22310.39,14688.88
edge:declared:db.Hrm:company	-196.39,16072.96 15795.50,12485.78
edge:declared:db.HrmAlpConfig:hrm	-2126.96,15838.30 -516.39,16084.40
edge:declared:db.HrmAlpConfigIndivApprovalTemplateRel:alp_config	-1815.75,15604.26 -2171.82,15784.38
edge:declared:db.HrmAlpExcludedEmp:emp	5585.10,17963.04 4769.73,18074.40
edge:declared:db.HrmAlpLaborReceiptRefusal:emp	5043.46,18830.33 4703.01,18270.89
edge:declared:db.HrmAlpTarget:emp	5068.25,18510.57 4769.73,18248.75
edge:declared:db.HrmAlpUsageDesignation:target	5552.78,18617.21 5239.00,18570.16
edge:declared:db.HrmAlpUsageDesignationDate:leave_usage	6293.50,18434.98 6642.98,18397.57
edge:declared:db.HrmAlpUsageDesignationDate:usage_designation	6066.47,18488.54 5770.81,18597.90
edge:declared:db.HrmAlpUsagePlan:target	5416.41,18246.23 5175.29,18510.57
edge:declared:db.HrmAlpUsagePlanDate:usage_plan	5779.76,18193.92 5577.81,18200.93
edge:declared:db.HrmAnnualLeaveAdjustment:emp	5290.65,18068.31 4769.73,18090.55
edge:declared:db.HrmAnnualLeaveConfigBase:annual_leave	3809.06,22533.43 3826.34,21766.88
edge:declared:db.HrmApproval:approvable	3554.54,18054.50 2975.40,17865.69
edge:declared:db.HrmApproval:requestor	3802.54,18095.32 4425.73,18097.33
edge:declared:db.HrmApprovalLine:actual_approver	3731.76,18209.86 4425.73,18120.13
edge:declared:db.HrmApprovalLine:approval	3629.92,18184.89 3654.22,18139.92
edge:declared:db.HrmApprovalLine:approver	3483.76,18264.22 2890.48,18447.73
edge:declared:db.HrmApprovalReview:approval	3176.67,18265.68 3554.54,18137.11
edge:declared:db.HrmApprovalReview:approver	2998.54,18339.68 2850.49,18433.09
edge:declared:db.HrmApprovalTemplate:hrm	2121.83,18068.60 -196.39,16238.91
edge:declared:db.HrmApprovalTemplateLine:approver	2553.12,18386.37 2653.08,18433.09
edge:declared:db.HrmApprovalTemplateLine:template	2461.62,18312.37 2231.98,18150.60
edge:declared:db.HrmApprovalTemplateReview:approver	2204.14,18351.32 2642.48,18456.37
edge:declared:db.HrmApprovalTemplateReview:template	2116.49,18277.32 2159.78,18150.60
edge:declared:db.HrmApprover:dept	2642.48,18498.33 446.37,18707.73
edge:declared:db.HrmApprover:emp	2890.48,18459.87 4425.73,18135.21
edge:declared:db.HrmAttendance:emp	4283.16,17974.19 4425.73,18034.80
edge:declared:db.HrmAttendanceItem:attendance	4449.84,17867.61 4310.71,17898.07
edge:declared:db.HrmAttendanceItem:emp	4579.95,17881.47 4586.42,17924.89
edge:declared:db.HrmAttendanceLocation:attendance_item	5176.90,17168.49 4610.63,17799.47
edge:declared:db.HrmAttendanceLocation:ongoing_attendance	5351.80,17090.28 5896.08,16954.72
edge:declared:db.HrmAttendanceLocation:personal_location	5283.72,17070.49 6324.80,16327.03
edge:declared:db.HrmAttendanceLocation:work_location	5178.30,17070.49 3529.35,15438.20
edge:declared:db.HrmCertificateConfig:hrm	-990.80,16154.89 -516.39,16120.46
edge:declared:db.HrmCertificateConfigIndividualApprovalTemplateRelation:certificate_config	-1791.45,16603.61 -1166.79,16205.05
edge:declared:db.HrmCertificateIssue:connected_status_event	5566.77,16586.05 5371.69,15921.31
edge:declared:db.HrmCertificateIssue:emp	5552.18,16668.05 4710.15,17924.89
edge:declared:db.HrmCommonLocation:work_location_config	5027.87,15552.99 5612.00,15477.90
edge:declared:db.HrmConciergeRequest:company	17937.13,10257.16 16175.50,12246.74
edge:declared:db.HrmDailyLeaveUsageItem:usage	5344.05,20641.89 6736.91,18440.66
edge:declared:db.HrmDept:hrm	300.59,18659.13 -322.48,16249.85
edge:declared:db.HrmDeptName:dept	-1227.97,19527.25 199.65,18781.13
edge:declared:db.HrmDeptName:event	-1307.39,19601.25 -1478.37,20044.28
edge:declared:db.HrmDeptParent:dept	-398.11,19518.56 261.78,18781.13
edge:declared:db.HrmDeptParent:event	-410.94,19600.56 -240.57,19965.55
edge:declared:db.HrmDeptReorg:hrm	-1019.99,15366.81 -482.49,15967.85
edge:declared:db.HrmDeptStatus:dept	180.04,19744.42 308.25,18781.13
edge:declared:db.HrmDeptStatus:event	172.34,19818.42 -42.65,21329.10
edge:declared:db.HrmDocument:emp	2138.29,15649.27 4426.91,17924.89
edge:declared:db.HrmDocument:form	1999.52,15551.27 356.24,14542.89
edge:declared:db.HrmDocument:hrm	1965.01,15626.00 -196.39,16074.46
edge:declared:db.HrmDocumentDraft:emp	2331.91,14674.77 4445.12,17924.89
edge:declared:db.HrmDocumentDraft:form	2181.25,14625.06 400.39,14502.43
edge:declared:db.HrmDocumentDraftFieldAttachment:field_value	630.43,11362.10 -425.52,12868.03
edge:declared:db.HrmDocumentDraftFieldMultiSelectValue:field_value	-653.75,13256.53 -482.84,12958.03
edge:declared:db.HrmDocumentDraftFieldMultiSelectValue:selected_option	-736.08,13330.53 -917.70,13440.45
edge:declared:db.HrmDocumentDraftFieldValue:draft	-400.47,12958.03 2239.05,14592.77
edge:declared:db.HrmDocumentDraftFieldValue:field_definition	-537.23,12958.03 -2248.97,13918.94
edge:declared:db.HrmDocumentFieldAttachment:field_value	-550.41,14198.68 519.84,14160.76
edge:declared:db.HrmDocumentFieldMultiSelectValue:field_value	-306.23,13853.56 519.84,14116.85
edge:declared:db.HrmDocumentFieldMultiSelectValue:selected_option	-343.48,13779.56 -897.15,13522.45
edge:declared:db.HrmDocumentFieldValue:document	688.26,14201.37 2020.91,15551.27
edge:declared:db.HrmDocumentFieldValue:field_definition	519.84,14147.85 -2181.13,13962.26
edge:declared:db.HrmDocumentForm:hrm	256.79,14542.89 -313.07,15967.85
edge:declared:db.HrmDocumentFormFieldDefinition:form	-2181.13,13995.49 152.39,14468.74
edge:declared:db.HrmDocumentFormFieldSelectOption:field_definition	-1099.62,13522.45 -2203.81,13918.94
edge:declared:db.HrmDocumentFormIndividualApprovalTemplateRelation:document_form	-667.77,14656.35 152.39,14515.23
edge:declared:db.HrmEmp:connected_employee	4769.73,17960.99 8355.22,15107.11
edge:declared:db.HrmEmp:hrm	4425.73,18028.54 -196.39,16173.08
edge:declared:db.HrmEmpAffiliation:emp	2637.33,17792.40 4425.73,18042.90
edge:declared:db.HrmEmpAffiliation:event	2573.17,17733.29 3594.67,17172.19
edge:declared:db.HrmEmpAffiliationDept:affiliation	2130.59,17942.73 2389.33,17791.29
edge:declared:db.HrmEmpAffiliationDept:dept	1979.32,18016.73 446.37,18660.88
edge:declared:db.HrmEmpContract:emp	3954.01,36114.37 4603.86,18270.89
edge:declared:db.HrmEmpContract:mgmt	3945.12,36114.37 1820.78,24551.37
edge:declared:db.HrmEmpContractCommonVar:hrm	14.03,15670.33 -237.29,15967.85
edge:declared:db.HrmEmpContractMgmt:hrm	1802.66,24469.37 -319.68,16249.85
edge:declared:db.HrmEmpContractMgmt:template_revision	1762.47,24469.37 -828.74,22377.34
edge:declared:db.HrmEmpContractModusignDocument:hrm_emp_contract	29279.39,36944.78 4076.52,36159.23
edge:declared:db.HrmEmpContractTemplate:hrm	-1871.94,20202.41 -408.59,16249.85
edge:declared:db.HrmEmpContractTemplateRevision:template	-902.07,22295.34 -1867.60,20276.41
edge:declared:db.HrmEmpContractTemplateRevisionSigner:revision	-1715.01,22830.67 -951.51,22377.34
edge:declared:db.HrmEmpEmploymentType:emp	4568.13,17437.89 4588.02,17924.89
edge:declared:db.HrmEmpEmploymentType:event	4572.56,17363.89 4622.24,17054.15
edge:declared:db.HrmEmpJob:emp	2459.64,16609.12 4425.73,17978.98
edge:declared:db.HrmEmpJob:event	2507.57,16577.17 3674.87,16772.90
edge:declared:db.HrmEmpJob:level	2259.57,16601.56 1821.09,16762.25
edge:declared:db.HrmEmpJob:position	2259.57,16540.12 1987.73,16505.03
edge:declared:db.HrmEmpJob:role	2259.57,16562.08 1576.39,16594.93
edge:declared:db.HrmEmpJob:title	2296.33,16503.12 1409.47,15964.32
edge:declared:db.HrmEmpJobLevel:hrm	1591.07,16741.29 -196.39,16160.81
edge:declared:db.HrmEmpJobPosition:hrm	1751.73,16449.77 -196.39,16134.72
edge:declared:db.HrmEmpJobRole:hrm	1340.39,16554.21 -196.39,16150.85
edge:declared:db.HrmEmpJobTitle:hrm	1232.57,15938.20 -196.39,16091.67
edge:declared:db.HrmEmpMov:hrm	443.41,15790.36 -196.39,16045.14
edge:declared:db.HrmEmpReturnToWorkEvent:absence_event	5040.22,15706.33 4840.09,15706.33
edge:declared:db.HrmEmpSalaryAccount:emp	9873.98,16696.99 4769.73,18052.22
edge:declared:db.HrmEmpSalaryAccount:institution	10109.98,16638.74 11417.59,16304.02
edge:declared:db.HrmEmpStatus:emp	6650.68,16294.23 4769.73,17949.56
edge:declared:db.HrmEmpStatus:event	6574.72,16224.31 5480.14,15904.54
edge:declared:db.HrmEmpUserInvitation:emp	2948.01,18050.21 4425.73,18092.92
edge:declared:db.HrmEmpUserInvitation:hrm	2756.79,18005.63 -196.39,16206.33
edge:declared:db.HrmEmpUserInvitationInvitee:invitation	2631.22,18154.94 2751.03,18087.63
edge:declared:db.HrmEmpWorkAssignment:emp	3325.48,18813.98 4425.73,18194.70
edge:declared:db.HrmEmpWorkAssignment:work	3141.74,18863.93 1988.52,19008.97
edge:declared:db.HrmEmpWorkLocationAssignment:work_location	4042.46,16131.38 3516.85,15438.20
edge:declared:db.HrmEmpWorkLocationAssignment:work_location_config	4082.15,16205.38 4171.18,16742.59
edge:declared:db.HrmEmpWorkLocationConfig:emp	4191.43,16824.59 4552.32,17924.89
edge:declared:db.HrmEmpWorkLocationConfig:work_location_set	4157.47,16742.59 3505.03,15438.20
edge:declared:db.HrmFixedWorkSchedule:fixed_work	1937.30,18672.92 1897.36,18715.28
edge:declared:db.HrmGoogleCalendarIntegration:hrm	-604.59,15483.14 -412.32,15967.85
edge:declared:db.HrmLeaveBase:hrm	3068.93,20805.47 -252.33,16249.85
edge:declared:db.HrmLeaveCommonConfig:leave	1966.75,20950.67 2986.15,20886.97
edge:declared:db.HrmLeaveGrant:emp	3914.93,19183.85 4488.96,18270.89
edge:declared:db.HrmLeaveGrant:grantable_leave	3877.37,19257.85 3525.61,20168.28
edge:declared:db.HrmLeaveIndividualApprovalTemplateRelation:leave	1459.18,19981.92 2986.75,20805.47
edge:declared:db.HrmLeaveUsage:emp	6642.98,18366.52 4769.73,18119.55
edge:declared:db.HrmLeaveUsage:leave	6689.87,18440.66 3228.99,20805.47
edge:declared:db.HrmLeaveUsageAttachment:usage	7042.67,19329.11 6789.24,18440.66
edge:declared:db.HrmLeaveUsageItem:emp	4856.81,19352.17 4668.46,18270.89
edge:declared:db.HrmLeaveUsageItem:leave	4815.95,19434.17 3207.76,20805.47
edge:declared:db.HrmLeaveUsageItem:usage	4939.87,19352.17 6665.10,18440.66
edge:declared:db.HrmOngoingAttendance:emp	5970.44,16964.84 4769.73,17956.60
edge:declared:db.HrmOngoingAttendanceClockedSchedule:ongoing_attendance	6639.37,16728.75 6144.08,16884.78
edge:declared:db.HrmPersonalLocation:hrm_emp	6343.58,16327.03 4769.73,17928.22
edge:declared:db.HrmPersonalLocation:work_location_config	6378.22,16237.03 5771.86,15502.70
edge:declared:db.HrmRequestor:dept	1203.46,19139.89 445.28,18781.13
edge:declared:db.HrmRequestor:emp	1394.39,19139.89 4425.73,18153.05
edge:declared:db.HrmSelectiveWorkPlan:emp	4113.55,18070.95 4425.73,18088.32
edge:declared:db.HrmSelectiveWorkPlanConfig:selective_work	1819.70,19515.53 2092.95,19479.77
edge:declared:db.HrmSelectiveWorkPlanItem:emp	3286.19,18145.63 4425.73,18104.15
edge:declared:db.HrmSelectiveWorkPlanItem:plan	3286.19,18137.47 3865.55,18076.99
edge:declared:db.HrmSelectiveWorkSchedule:selective_work	2292.08,19247.85 2232.62,19418.54
edge:declared:db.HrmSelectiveWorkSettlementConfig:selective_work	1273.18,19515.53 2092.95,19470.37
edge:declared:db.HrmSigner:hrm	-788.39,15979.26 -516.39,16060.85
edge:declared:db.HrmSlackChannelConfig:integration	-795.03,16656.43 -760.19,16605.52
edge:declared:db.HrmSlackIntegration:hrm	-708.15,16531.52 -473.73,16249.85
edge:declared:db.HrmStaffNote:hrm	-1277.83,16031.97 -516.39,16095.50
edge:declared:db.HrmStaggeredWorkSchedule:staggered_work	1363.97,20425.03 720.12,19578.33
edge:declared:db.HrmStandardWork:hrm	-1096.91,16708.30 -516.39,16238.37
edge:declared:db.HrmStandardWorkSchedule:standard_work	-1519.61,17641.60 -1154.89,16782.30
edge:declared:db.HrmTag:hrm_set	-992.29,15715.81 -516.39,16009.96
edge:declared:db.HrmWorkAutoClockOutConfig:work	1215.80,18949.09 1728.52,19009.90
edge:declared:db.HrmWorkBase:emp_set	1988.52,18981.26 4425.73,18155.27
edge:declared:db.HrmWorkBase:hrm	1812.16,18964.32 -250.70,16249.85
edge:declared:db.HrmWorkIndividualApprovalTemplateRelation:work	2342.70,19049.09 1988.52,19031.70
edge:declared:db.HrmWorkLocation:hrm	3355.70,15412.42 -196.39,16077.64
edge:declared:db.HrmWorkLocationGpsConfig:work_location	5612.00,15456.48 3603.70,15373.26
edge:declared:db.HrmWorkOvertime:work	1301.85,18852.72 1728.52,18985.01
edge:declared:db.IBKSignupChannel:ibk_user_login_token	25970.01,14550.21 25939.76,14500.50
edge:declared:db.IBKUserLoginToken:ibk_user	25942.60,14426.50 25971.63,14384.15
edge:declared:db.IaAccountInfo:investment_association	34252.98,18184.22 30794.03,16692.84
edge:declared:db.IaCertificateOfInvestmentDocument:partner	37010.23,18531.55 39510.51,18277.62
edge:declared:db.IaCertificateOfInvestmentDocumentRecipient:certificate_of_investment_document_email	-2495.45,20068.40 -2522.84,20146.33
edge:declared:db.IaConfirmationRequest:investment_association	25770.54,18966.28 30486.03,16700.02
edge:declared:db.IaConfirmationRequest:partner_list_file	25495.41,18992.33 20788.00,18500.83
edge:declared:db.IaConsentForm:consent_form_or_meeting	35742.64,18687.51 33823.33,19169.29
edge:declared:db.IaConsentFormDocument:consent_form	36092.45,18524.73 35948.01,18613.99
edge:declared:db.IaConsentFormDocument:partner	36462.45,18471.59 39510.51,18271.96
edge:declared:db.IaConsentFormOrMeeting:investment_association	33569.69,19166.54 30792.96,16759.44
edge:declared:db.IaConsentFormOrMeetingDocumentGeneration:consent_form_or_meeting	33937.30,19206.02 33823.33,19211.05
edge:declared:db.IaConsentFormOrMeetingDocumentGenerationItem:document	35262.25,19190.80 35727.00,19315.02
edge:declared:db.IaConsentFormOrMeetingDocumentGenerationItem:generation	34896.81,19161.89 34280.30,19188.15
edge:declared:db.IaConsentFormOrMeetingElectronicSignatureRequest:document	33081.59,20864.92 33785.86,19961.98
edge:declared:db.IaConsentFormOrMeetingElectronicSignatureRequestModusignDocument:electronic_signature_request	31136.57,20788.66 32842.25,20904.48
edge:declared:db.IaConsentFormOrMeetingElectronicSignatureRequestModusignEmbeddedDraft:electronic_signature_request	31405.95,21848.81 32947.20,20970.92
edge:declared:db.IaConsentFormOrMeetingElectronicSignatureRequestStatusHistory:electronic_signature_request	32757.08,21475.25 33013.32,20970.92
edge:declared:db.IaConsentFormOrMeetingElectronicSignatureRequestUploadedModusignDocument:electronic_signature_request	29308.10,21157.58 32842.25,20930.63
edge:declared:db.IaConsentFormOrMeetingElectronicSignatureRequiredDocument:consent_form_or_meeting	33817.87,19855.98 33646.41,19272.54
edge:declared:db.IaConsentFormOrMeetingElectronicSignatureRequiredDocument:edited_file	33633.28,19887.62 20788.00,18502.04
edge:declared:db.IaConsentFormOrMeetingElectronicSignatureRequiredDocument:partner	34019.04,19855.98 39510.51,18305.85
edge:declared:db.IaConsentFormOrMeetingEsigRequiredDocumentPageRange:esig_required_document	34527.02,19818.87 34029.28,19883.34
edge:declared:db.IaConsentFormOrMeetingEsigRequiredDocumentPageRange:page_range_document	34819.26,19747.96 35727.00,19406.96
edge:declared:db.IaConsentFormOrMeetingGuideEmail:consent_form_or_meeting	33884.66,18918.72 33675.55,19166.54
edge:declared:db.IaConsentFormOrMeetingGuideEmailRecipient:consent_form_or_meeting_guide_email	33874.73,18704.92 33907.09,18844.72
edge:declared:db.IaDocumentArchive:investment_association	32577.72,15022.37 30794.03,16498.96
edge:declared:db.IaDocumentArchiveAttachment:ia_document_archive	32259.03,15085.62 32504.42,15017.92
edge:declared:db.IaExpertPartnerBulkEmailTemplate:legal_partner	21325.81,15332.07 22310.39,14811.52
edge:declared:db.IaFoundingProgressStatus:investment_association	32081.71,17580.97 30794.03,16728.40
edge:declared:db.IaGpAppointmentEvent:partner	35754.02,17892.62 39510.51,18246.87
edge:declared:db.IaGpTerminationEvent:appointment_event	35919.46,18147.76 35674.70,17923.13
edge:declared:db.IaGpTerminationEvent:partner	36088.14,18189.79 39510.51,18258.53
edge:declared:db.IaInvestmentCertificateRegistrationRequest:partner	39602.12,19783.12 39662.83,18370.68
edge:declared:db.IaLegalPartnerRelation:investment_association	27454.33,15576.62 30486.03,16580.45
edge:declared:db.IaLegalPartnerRelation:legal_partner	27224.59,15520.26 22618.39,14764.54
edge:declared:db.IaMeeting:consent_form_or_meeting	34060.26,20477.99 33647.61,19272.54
edge:declared:db.IaMeetingAgenda:meeting	35434.94,20566.14 34220.14,20541.78
edge:declared:db.IaMeetingAgendaVote:agenda	35307.80,22528.07 35588.08,20567.02
edge:declared:db.IaMeetingAgendaVote:electronic_signature	35246.91,22528.07 33112.88,20970.92
edge:declared:db.IaMeetingAgendaVote:partner	35342.58,22528.07 39557.01,18370.68
edge:declared:db.IaMeetingConvocationNoticeEmail:ia_meeting	35099.48,22077.16 34121.52,20599.99
edge:declared:db.IaMeetingConvocationNoticeRecipient:convocation_notice_email	34933.48,21284.86 35108.24,22077.16
edge:declared:db.IaMeetingMinutesDocument:meeting	35136.47,20061.04 34215.83,20477.99
edge:declared:db.IaMeetingNoticeDocument:meeting	34844.94,19944.68 34159.54,20477.99
edge:declared:db.IaMeetingSealedNoticeDocumentFile:ia_meeting	30715.69,19826.68 33942.14,20509.57
edge:declared:db.IaMeetingShortenPeriodDocument:meeting	35729.16,20225.66 34220.14,20512.56
edge:declared:db.IaMeetingShortenPeriodDocument:partner	36007.37,20145.66 39510.51,18355.10
edge:declared:db.IaModusignDocumentUsageHistory:investment_association	28650.58,15409.30 30486.03,16528.57
edge:declared:db.IaOperation:_deprecated_investment_association	34720.46,16412.65 30794.03,16618.37
edge:declared:db.IaOperation:ia_operation_management	34798.90,16443.47 34644.32,16588.02
edge:declared:db.IaOperationManagement:investment_association	34486.76,16625.06 30794.03,16626.38
edge:declared:db.IaOwner:investment_association	34524.34,17131.07 30794.03,16646.45
edge:declared:db.IaOwner:partner	34776.34,17174.65 39510.51,18226.79
edge:declared:db.IaOwnerAuditLog:investment_association	25286.58,8405.68 30558.78,16493.44
edge:declared:db.IaPartnerDataCollection:investment_association	27295.94,17646.94 30486.03,16660.78
edge:declared:db.IaPartnerDataCollectionItem:address	25354.98,17968.61 24244.01,18820.73
edge:declared:db.IaPartnerDataCollectionItem:ia_partner_data_collection	25481.82,17886.61 27047.94,17700.04
edge:declared:db.IaPartnerDataCollectionItemReply:address	25582.23,18121.51 24244.01,18854.50
edge:declared:db.IaPartnerDataCollectionItemReply:ia_partner_data_collection	25673.67,18039.51 27047.94,17714.59
edge:declared:db.IaPartnerDataCollectionItemReply:ia_partner_data_collection_item	25590.40,18039.51 25475.11,17968.61
edge:declared:db.IaPartnerInvestmentConfirmation:partner	35512.93,17121.15 39510.51,18218.58
edge:declared:db.IaPartnerInvestmentConfirmationEmailRecipient:ia_partner_investment_confirmation_email	11925.88,5642.04 11853.31,5684.77
edge:declared:db.IaPartnerWithdrawalEvent:partner	39546.59,17996.23 39617.86,18152.68
edge:declared:db.IaPaymentLink:investment_association	26889.28,13790.58 30486.03,16506.80
edge:declared:db.IaPfCompany:investment_association	33356.71,19355.16 30762.11,16759.44
edge:declared:db.IaPfCompanyInvestment:ia_pf_company	32857.16,20698.17 33378.30,19429.16
edge:declared:db.IaPfCompanyInvestmentSalesIntent:ia_pf_company_investment	34095.38,22227.47 32875.84,20780.17
edge:declared:db.IaPfCompanyInvestmentStock:ia_pf_company_investment	31491.47,20457.04 32716.32,20713.23
edge:declared:db.IaQuestionThread:investment_association	26819.98,13910.44 30486.03,16517.17
edge:declared:db.IaRule:address	27625.90,19262.17 24244.01,18952.83
edge:declared:db.IaRule:file	27625.90,19259.66 20788.00,18502.24
edge:declared:db.IaRule:investment_association	27822.35,19213.06 30495.39,16759.44
edge:declared:db.IaRuleCompensation:rule	28039.61,19209.21 27885.90,19244.34
edge:declared:db.IaRuleDocument:rule	32817.01,19248.19 27885.90,19266.19
edge:declared:db.IaRuleInvestment:rule	28033.15,19636.27 27826.54,19335.06
edge:declared:db.IaRuleMeeting:rule	28164.78,19058.06 27871.37,19213.06
edge:declared:db.IaRulePartner:rule	28273.32,19397.67 27885.90,19305.12
edge:declared:db.IaSealStamp:image_file	22988.80,18074.89 20788.00,18450.30
edge:declared:db.IaSealStamp:investment_association	23236.80,18030.24 30486.03,16656.18
edge:declared:db.IaSealStampImage:seal_stamp	22434.28,18321.36 23008.85,18094.74
edge:declared:db.IaUserInvitation:ia_owner	34137.22,16847.07 34580.30,17106.44
edge:declared:db.IaUserInvitation:investment_association	33943.18,16799.57 30794.03,16634.51
edge:declared:db.IaUserInvitationInvitee:_deprecated_individual_partner	37161.65,16671.77 36604.60,17040.85
edge:declared:db.IaUserInvitationInvitee:invitation	37111.61,16629.94 34191.18,16798.90
edge:declared:db.IaUserInvitationInvitee:legal_representative	37236.50,16671.77 37242.20,16986.71
edge:declared:db.IaUserInvitationInvitee:manager	37280.81,16671.77 38049.93,17505.62
edge:declared:db.IaUserInvitationInvitee:partner	37308.59,16671.77 39510.51,18155.86
edge:declared:db.IaWrittenResolutionDocument:meeting	35790.98,20003.08 34220.14,20495.42
edge:declared:db.IaWrittenResolutionDocument:partner	36009.34,19921.08 39510.51,18334.63
edge:declared:db.ImAccessLog:investor_matching	30668.91,11203.56 28559.14,10929.87
edge:declared:db.ImAccessLog:venture_capital	30904.91,11238.93 37743.56,12390.22
edge:declared:db.ImAttachment:investor_matching	32564.53,11188.19 28559.14,10920.93
edge:declared:db.ImAttachmentDownloadLog:attachment	34296.56,11701.54 32812.53,11235.48
edge:declared:db.ImAttachmentDownloadLog:venture_capital	34532.38,11761.84 37743.56,12385.47
edge:declared:db.ImAttachmentPdfEvent:attachment	34122.14,11517.25 32812.53,11224.28
edge:declared:db.ImAttachmentPdfEvent:pdf_event	34218.33,11503.99 34188.64,11460.22
edge:declared:db.ImAttachmentPdfEvent:venture_capital	34370.14,11574.87 37743.56,12377.43
edge:declared:db.ImBrokerAssignment:_deprecated_assigned_companies	29291.75,11709.74 16175.50,12432.50
edge:declared:db.ImBrokerAssignment:assigned_investors	29539.75,11713.36 37743.56,12404.94
edge:declared:db.ImBrokerAssignment:im_broker	29539.75,11715.24 33466.56,12105.75
edge:declared:db.ImBrokerAssignment:investor_matching	29353.43,11653.91 28534.42,11004.45
edge:declared:db.ImBrokerAssignmentInvitedUser:broker_assignment	31838.92,11823.93 29539.75,11709.10
edge:declared:db.ImBrokerAssignmentInvitedUser:venture_capital	32115.92,11846.76 37743.56,12403.01
edge:declared:db.ImConsultingRequest:company	26817.48,9517.00 16175.50,12391.69
edge:declared:db.ImConsultingRequest:investor_matching	26983.82,9524.50 28320.11,10818.45
edge:declared:db.ImContactRequest:investor_matching	30525.96,11496.17 28559.14,10950.82
edge:declared:db.ImContactRequest:venture_capital	30773.96,11545.63 37743.56,12398.68
edge:declared:db.ImContactRequestIntention:im_contact_request	30334.07,11350.93 30577.74,11489.26
edge:declared:db.ImDay:recipients	33916.91,10703.99 34730.14,10683.53
edge:declared:db.ImDay:venture_capitals	33911.15,10756.11 37743.56,12344.30
edge:declared:db.ImDayParticipation:im_day	32935.45,10635.00 33668.91,10683.13
edge:declared:db.ImDayParticipation:investor_matching	32687.45,10634.88 28559.14,10901.91
edge:declared:db.ImDayParticipation:venture_capital	32935.45,10670.24 37743.56,12352.35
edge:declared:db.ImDayParticipationAttachment:participation	32693.53,10281.95 32794.70,10577.86
edge:declared:db.ImDaySurvey:im_day	33893.82,10981.19 33810.95,10756.11
edge:declared:db.ImDaySurvey:investor_matching	33796.33,11015.81 28559.14,10910.00
edge:declared:db.ImDisclosing:investor_matching	29336.95,9756.70 28491.22,10818.45
edge:declared:db.ImInvestorBroker:venture_capital	35330.31,12306.74 37743.56,12413.09
edge:declared:db.ImInvestorMemo:investor_matching	29885.93,11499.55 28559.14,10968.31
edge:declared:db.ImInvestorMemo:venture_capital	30097.82,11549.85 37743.56,12400.72
edge:declared:db.ImIrPartnerBrokerOwnerRelation:im_ir_partner_broker	30785.56,12143.64 31059.90,12082.41
edge:declared:db.ImNote:investor_matching	29013.29,10389.95 28523.45,10818.45
edge:declared:db.ImTag:investor_matching_set	30579.87,10406.97 28559.14,10878.33
edge:declared:db.ImWatching:_deprecated_investor_matching	27961.65,9057.03 28394.30,10818.45
edge:declared:db.ImWatching:company	27828.01,9051.56 16175.50,12389.93
edge:declared:db.ImWatching:venture_capital	28071.73,9057.03 37743.56,12358.39
edge:declared:db.InauguralConsentDocument:director_change_agenda	13285.86,23221.04 12732.01,22878.07
edge:declared:db.IncorporationBenefitRequest:incorporation_request	22016.11,15230.97 21821.78,15834.75
edge:declared:db.IncorporationBenefitRequest:tax_partner	22063.54,15156.97 22343.18,14868.57
edge:declared:db.IncorporationRequest:address	21868.62,16044.75 23994.98,18813.85
edge:declared:db.IncorporationRequest:balance_certificate_account_file	21738.85,16044.75 20700.01,18264.26
edge:declared:db.IncorporationRequest:balance_certificate_account_holder	21889.50,16044.75 23346.00,17687.79
edge:declared:db.IncorporationRequest:company	21639.99,15850.56 16175.50,12557.29
edge:declared:db.IncorporationRequest:company_question_thread	21639.99,15852.40 19118.96,14364.56
edge:declared:db.IncorporationRequestAoiFile:incorporation_request	22146.91,15784.32 21935.99,15875.66
edge:declared:db.IncorporationRequestAssistance:incorporation_request	22212.44,16027.52 21935.99,15952.41
edge:declared:db.IncorporationRequestAssistance:legal_partner	22356.99,16024.70 22471.28,14868.57
edge:declared:db.IncorporationRequestAssistanceReceipt:incorporation_request_assistance	22889.38,16781.82 22404.54,16106.70
edge:declared:db.IncorporationRequestDirector:address	22798.00,17568.69 23979.64,18813.85
edge:declared:db.IncorporationRequestDirector:incorporation_request	22740.27,17494.69 21853.97,16044.75
edge:declared:db.IncorporationRequestPromoter:address	23418.29,17785.79 24023.69,18813.85
edge:declared:db.IncorporationRequestPromoterCustodian:address	23774.85,18059.46 24052.73,18813.85
edge:declared:db.IncorporationRequestPromoterCustodian:promoter	23713.21,17985.46 23453.24,17785.79
edge:declared:db.IncorporationRequestPromoterInstitutionCeo:promoter	23457.79,17540.17 23406.47,17687.79
edge:declared:db.IncorporationRequestPurpose:incorporation_request	21328.32,16040.85 21639.99,15972.30
edge:declared:db.IndividualInvestorCompanyCeo:company_info	27536.62,22010.95 29856.57,24432.27
edge:declared:db.IndividualInvestorCompanyInfo:address	29852.83,24432.27 24219.59,19063.85
edge:declared:db.IndividualInvestorCompanyInfo:company	29978.79,24514.27 32659.80,25823.53
edge:declared:db.IndividualInvestorCompanyName:non_unified_share_company	34770.08,25196.53 32919.80,25841.68
edge:declared:db.IndividualInvestorCompanyParValue:non_unified_share_company	31508.47,25454.62 32659.80,25843.14
edge:declared:db.IndividualInvestorCompanyShareClass:non_unified_share_company	32092.60,27233.08 32756.13,25952.01
edge:declared:db.IndividualInvestorCompanyShareStock:_deprecated_non_unified_stock_create_request	31596.86,26586.91 31265.12,28058.24
edge:declared:db.IndividualInvestorCompanyShareStock:_deprecated_stock_unissued_confirmation_file	31605.94,26586.91 31501.83,29181.32
edge:declared:db.IndividualInvestorCompanyShareStock:management_history	31441.41,26570.37 30475.62,26758.65
edge:declared:db.IndividualInvestorCompanyShareStock:non_unified_share_company	31671.19,26488.91 32669.00,25952.01
edge:declared:db.IndividualInvestorCompanyShareStock:share_class	31639.62,26586.91 32057.79,27233.08
edge:declared:db.IndividualInvestorEvent:company	36963.98,27970.00 32919.80,25951.88
edge:declared:db.IndividualInvestorStakeholder:address	29418.18,22777.42 24244.01,19050.92
edge:declared:db.IndividualInvestorStakeholder:company	29519.03,22859.42 32719.58,25822.01
edge:declared:db.IndividualInvestorUser:address	25654.64,20217.63 24242.95,19063.85
edge:declared:db.IndividualStockOption:company	30349.09,23241.19 32729.84,25822.01
edge:declared:db.IndividualStockOption:create_request	30432.05,23164.99 31341.12,23030.72
edge:declared:db.IndividualStockOption:grantee	30280.12,23127.19 29901.15,22142.00
edge:declared:db.IndividualStockOptionCreateRequestEtcFile:create_request	32543.96,22979.89 31655.12,23003.38
edge:declared:db.IndividualStockOptionGrantContract:individual_stock_option	29923.17,22893.26 30227.82,23127.19
edge:declared:db.IndividualStockOptionGrantee:stakeholder	29867.05,22142.00 29498.87,22777.42
edge:declared:db.IndividualStockOptionResumeEvent:pause_event	33413.55,29378.17 32623.36,27331.80
edge:declared:db.IndividualStockOptionSalesIntent:individual_stock_option	33721.94,23108.28 30432.05,23181.30
edge:declared:db.IndividualStockOptionVesting:individual_stock_option	31040.68,23551.27 30416.74,23241.19
edge:declared:db.IndividualStockOptionVestingItem:individual_stock_option_vesting	31223.26,23413.52 31138.02,23551.27
edge:declared:db.IndividualStockOptionVestingTraceable:individual_stock_option	30714.72,22847.28 30371.87,23127.19
edge:declared:db.InputSignupChannel:input_channel	26143.07,15099.23 26569.50,15255.88
edge:declared:db.InstitutionStakeholderManager:institution_stakeholder	10027.48,21571.22 10051.18,21200.14
edge:declared:db.InternetRegistryOfficeOtp:company	16934.28,16225.61 16039.94,12660.49
edge:declared:db.InternetRegistryOfficeOtp:director	16857.57,16307.61 16755.73,16365.24
edge:declared:db.InternetRegistryOfficeOtpReturnRequest:internet_registry_office_otp	22361.25,19500.18 17015.20,16307.61
edge:declared:db.InternetRegistryOfficeOtpReturnRequest:recipient_address	22524.76,19500.18 23936.01,18985.98
edge:declared:db.InvestmentAgreement:document	17518.01,16015.71 18188.71,15400.65
edge:declared:db.InvestmentAgreement:stakeholder	17392.54,16089.71 10125.11,19248.63
edge:declared:db.InvestmentAgreementDocument:company	18278.91,15302.65 16159.56,12660.49
edge:declared:db.InvestmentAgreementDocument:pdf_file	18353.90,15400.65 20439.92,18264.26
edge:declared:db.InvestmentAssociation:venture_capital	30794.03,16537.83 37743.56,12527.38
edge:declared:db.InvestmentAssociationDocument:investment_association	35753.06,19292.24 30794.03,16705.48
edge:declared:db.InvestmentAssociationEvent:investment_association	33275.16,17608.02 30794.03,16683.80
edge:declared:db.InvestmentAssociationIndividualPartnerLegalRepresentative:ward	37044.87,17040.15 36716.72,17067.40
edge:declared:db.InvestmentAssociationOrganizationPartnerCeo:organization_partner	38920.80,16812.59 38384.40,16852.38
edge:declared:db.InvestmentAssociationOrganizationPartnerCorporationSignerCeo:corporation	38838.79,14959.18 38743.84,14904.67
edge:declared:db.InvestmentAssociationOrganizationPartnerManager:organization_partner	35097.49,15479.04 38093.18,16816.84
edge:declared:db.InvestmentAssociationOrganizationPartnerSigner:_deprecated_manager	37783.84,15117.52 35212.64,15418.84
edge:declared:db.InvestmentAssociationOrganizationPartnerSigner:organization_partner	37987.46,15139.32 38196.79,16816.84
edge:declared:db.InvestmentAssociationPartner:address	39510.51,18268.50 24244.01,18931.71
edge:declared:db.InvestmentAssociationPartner:investment_association	39510.51,18233.23 30794.03,16653.77
edge:declared:db.InvestmentAssociationPartnerManager:partner	38167.70,17579.62 39510.51,18190.28
edge:declared:db.InvestmentAssociationPartnerResume:partner	41049.68,16740.98 39766.58,18152.68
edge:declared:db.InvestmentAssociationPartnerResume:signer	41010.17,16658.98 38068.94,15139.32
edge:declared:db.InvestmentAssociationPartnerResumeItem:resume	41243.85,16372.51 41108.84,16658.98
edge:declared:db.InvestmentAssociationPartnerSalesIntent:partner	37090.58,21788.27 39587.86,18370.68
edge:declared:db.InvestmentAssociationShare:investment_association	34379.43,17483.18 30794.03,16661.72
edge:declared:db.InvestmentAssociationShare:partner	34619.43,17527.30 39510.51,18238.84
edge:declared:db.InvestmentRound:company	16084.07,10427.23 16006.37,12226.49
edge:declared:db.InvestmentRoundNewIssueEvent:investment_round	16157.50,10178.33 16099.97,10345.23
edge:declared:db.InvestmentRoundNewIssueEvent:new_issue_event	16149.07,10104.33 16062.30,9700.33
edge:declared:db.InvestmentSimulation:company	13046.15,6950.94 15870.03,12226.49
edge:declared:db.InvestmentSimulationInitialOption:option_grantee	11327.16,6638.87 11807.28,6738.73
edge:declared:db.InvestmentSimulationInitialOptionGrantee:simulation	12164.17,6812.68 12898.06,6892.46
edge:declared:db.InvestmentSimulationInitialShareholder:simulation	9938.28,5975.70 12898.06,6868.53
edge:declared:db.InvestmentSimulationInitialStock:shareholder	7907.73,3965.66 9788.89,5901.70
edge:declared:db.InvestmentSimulationInvestor:simulation_round	18095.99,3943.35 14231.21,6298.89
edge:declared:db.InvestmentSimulationNewIssueInvestment:investor	17653.30,5349.72 18148.81,3943.35
edge:declared:db.InvestmentSimulationPurchaseInvestment:investor	21205.73,5595.79 18236.92,3943.35
edge:declared:db.InvestmentSimulationPurchaseSellStock:seller	21628.93,5189.18 21301.95,5595.79
edge:declared:db.InvestmentSimulationRound:simulation	14110.72,6372.89 13113.96,6860.94
edge:declared:db.InvestorInterest:venture_capital	39478.27,13500.33 38111.56,12549.24
edge:declared:db.InvestorMatching:_deprecated_excluded_companies	28275.14,10928.95 16175.50,12419.93
edge:declared:db.InvestorMatching:excluded_investors	28559.14,10933.99 37743.56,12392.03
edge:declared:db.InvestorRelations:previous_investors	30725.81,7649.41 37743.56,12299.28
edge:declared:db.InvestorRelationsSurvey:_deprecated_preferred_investors	35782.12,10511.05 37743.56,12257.38
edge:declared:db.InvestorRelationsSurvey:investor_relations	35675.44,10437.05 30725.81,7634.35
edge:declared:db.InvitationSeat:allocated_seat	9782.70,12490.76 8065.53,13486.17
edge:declared:db.InvitationSeat:invitation_seat_request	9847.93,12416.76 9889.58,11315.39
edge:declared:db.InvitationSeatRequest:company	10039.70,11298.27 15795.50,12406.89
edge:declared:db.IrAiAnalysis:investor_relations	31323.76,7118.25 30725.81,7459.31
edge:declared:db.IrAiAnalysisLike:ai_analysis	31872.29,6683.56 31433.63,7044.25
edge:declared:db.IrAiSummary:investor_relations	32203.41,7254.13 30725.81,7519.49
edge:declared:db.IrAlert:ir_set	35041.29,9442.46 30725.81,7612.45
edge:declared:db.IrAlert:venture_capital	35176.78,9524.46 37743.56,12227.44
edge:declared:db.IrAlertInvestorRelations:investor_relations	33975.55,9159.45 30725.81,7620.10
edge:declared:db.IrAlertInvestorRelations:ir_alert	34171.66,9227.68 35013.98,9450.64
edge:declared:db.IrApproval:investor_relations	30680.16,7052.06 30600.04,7418.15
edge:declared:db.IrApprovalNotificationDismiss:ir_approval	30799.13,6714.00 30701.89,6978.06
edge:declared:db.IrBrokerActivity:investor_relations	30303.32,8227.00 30520.87,7676.15
edge:declared:db.IrBrokerActivity:vc_user_relations	30359.03,8301.00 34774.72,10640.86
edge:declared:db.IrClosing:investor_relations	32978.38,6707.62 30725.81,7493.43
edge:declared:db.IrCommittedInvestmentAmount:investor_relations	34630.99,10023.33 30725.81,7641.09
edge:declared:db.IrCommittedInvestmentAmount:venture_capital	34742.13,10097.33 37743.56,12286.97
edge:declared:db.IrCompanyCreate:company	17487.39,9819.12 16109.69,12226.49
edge:declared:db.IrFeed:investor_relations	30348.69,7496.98 30417.81,7505.76
edge:declared:db.IrFeedAccessLog:ir_feeds	33623.28,9702.58 30293.54,7526.22
edge:declared:db.IrFeedAccessLog:venture_capital	33738.44,9776.58 37743.56,12305.16
edge:declared:db.IrFeedRating:ir_feed	29872.53,7497.52 30100.69,7486.96
edge:declared:db.IrFundRaising:investor_relations	36073.40,7542.96 30725.81,7547.03
edge:declared:db.IrFundRaising:venture_capital	36213.33,7587.87 37854.85,12216.20
edge:declared:db.IrFundRaisingMemo:fund_raising	35359.95,7781.35 36073.40,7578.18
edge:declared:db.IrFundRaisingStageLog:fund_raising	35548.91,5247.65 36184.69,7497.87
edge:declared:db.IrInsightClub:pitching_day_hall	35898.90,8787.39 35574.86,8722.25
edge:declared:db.IrInsightClub:venture_capitals	36044.49,8853.32 37819.36,12216.20
edge:declared:db.IrInsightClubParticipation:investor_relations	35074.19,8026.71 30725.81,7563.55
edge:declared:db.IrInsightClubParticipation:ir_insight_club	35251.45,8085.50 35979.38,8771.32
edge:declared:db.IrInsightClubParticipationAttendee:ir_insight_club_participation	34804.54,7719.41 35147.75,7995.50
edge:declared:db.IrInsightClubSurvey:ir_insight_club_participation	35631.07,8101.08 35333.19,8058.86
edge:declared:db.IrInvestorFeedback:venture_capital	38067.02,12715.57 38024.68,12626.20
edge:declared:db.IrNote:investor_relations	32590.02,7388.02 30725.81,7535.01
edge:declared:db.IrSearchMetadata:investor_relations	32303.67,8042.58 30725.81,7591.20
edge:declared:db.IrSubscription:company	13753.91,7736.70 15882.62,12226.49
edge:declared:db.IrSubscriptionMarketingRequest:ir_subscription	14207.26,7914.10 13817.63,7736.70
edge:declared:db.IrTeamMember:investor_relations	32590.02,7497.94 30725.81,7543.39
edge:declared:db.IrTranscript:investor_relations	32178.69,7607.00 30725.81,7552.89
edge:declared:db.IrosOtpIssueMeetingDocument:stakeholder	9820.51,22731.56 9952.73,19478.24
edge:declared:db.LawtalkSignup:company	17949.74,15355.67 16134.88,12660.49
edge:declared:db.LawtalkSignupAttachment:lawtalk_signup	18606.47,16161.94 18005.04,15429.67
edge:declared:db.LedgerByCustomerDocument:new_issue	16216.24,22641.29 16169.91,22427.44
edge:declared:db.LegalPartner:address_for_express_delivery	22618.39,14679.34 23607.30,14345.79
edge:declared:db.LegalPartner:logo	22401.97,14868.57 20706.36,18264.26
edge:declared:db.LegalPartnerEmail:legal_partner	22916.31,14259.25 22581.03,14618.57
edge:declared:db.LegalPartnerPaypleSettings:legal_partner	23385.86,15616.78 22596.30,14868.57
edge:declared:db.LegalPartnerRegistrationAssistanceSettings:legal_partner	22734.14,16118.00 22488.92,14868.57
edge:declared:db.LegalPartnerSignupChannel:legal_partner	23932.36,14346.38 22618.39,14703.71
edge:declared:db.LegalPartnerSlackChannels:legal_partner	22942.51,14923.46 22618.39,14801.51
edge:declared:db.LegalPartnerUserRelation:legal_partner	23192.77,15919.36 22541.83,14868.57
edge:declared:db.ManualOptionVestingItem:manual_option_vesting	14449.47,18664.72 14477.72,18621.92
edge:declared:db.Meeting:company	17205.38,17455.49 16038.32,12660.49
edge:declared:db.Meeting:electronic_signature_selected_ceo	17169.96,17455.49 16665.70,16511.24
edge:declared:db.Meeting:employee_attorney	17381.86,17476.11 17567.28,17359.24
edge:declared:db.Meeting:meeting_draft	17203.20,17689.49 16491.56,20405.55
edge:declared:db.Meeting:new_articles_of_incorporation_file	17381.86,17612.47 20408.00,18429.93
edge:declared:db.Meeting:new_corporate_registration	17331.79,17455.49 18852.59,15638.90
edge:declared:db.MeetingAttachment:meeting	18116.58,17631.34 17381.86,17552.99
edge:declared:db.MeetingDirectorContact:meeting	15131.48,17804.13 17085.86,17591.68
edge:declared:db.MeetingDirectorContact:stakeholder	14895.48,17851.91 10125.11,19264.81
edge:declared:db.MeetingDocument:directors_meeting	14817.06,25893.28 15423.10,20305.54
edge:declared:db.MeetingDocument:meeting	14852.08,25893.28 17200.34,17689.49
edge:declared:db.MeetingDocument:shareholders_meeting	14855.20,25893.28 15808.60,22737.23
edge:declared:db.MeetingDocumentCache:meeting_document	19779.53,26853.28 14973.69,26117.53
edge:declared:db.MeetingDocumentGeneration:meeting	18493.63,19554.74 17308.22,17689.49
edge:declared:db.MeetingDocumentGenerationItem:meeting_document	22005.50,27060.77 14973.69,26114.24
edge:declared:db.MeetingDocumentGenerationItem:meeting_document_generation	22122.10,27041.70 18535.99,19628.74
edge:declared:db.MeetingDocumentManualModification:meeting_document	17590.48,26266.90 14973.69,26101.53
edge:declared:db.MeetingDraft:company	16445.20,20405.55 15998.03,12660.49
edge:declared:db.MeetingDraftAgendaDirectorChange:meeting_draft	13563.59,20399.14 16293.57,20537.76
edge:declared:db.MeetingDraftAgendaDirectorChange:stakeholder	13294.54,20354.55 10125.11,19373.65
edge:declared:db.MeetingDraftAgendaDirectorCompensation:meeting_draft	15175.57,20175.60 16293.57,20482.31
edge:declared:db.MeetingDraftAgendaDirectorCompensationItem:director_compensation	14013.54,19978.75 14869.29,20101.60
edge:declared:db.MeetingDraftAgendaDirectorCompensationItem:stakeholder	13633.54,19920.60 10125.11,19350.33
edge:declared:db.MeetingDraftRegistrationAssistance:meeting_draft	16275.59,20178.65 16384.18,20405.55
edge:declared:db.MeetingDraftSchedule:meeting_draft	15773.97,20414.03 16293.57,20518.41
edge:declared:db.MembershipContentAccessLog:membership_content	-2059.33,4499.94 -1470.83,4958.39
edge:declared:db.MembershipContentAuthorRelation:author	27821.14,25517.24 27642.47,25334.81
edge:declared:db.MiraeassetAccount:relation	7129.68,11934.82 7305.40,11963.65
edge:declared:db.MnaBuyer:company	13118.69,7850.99 15850.04,12226.49
edge:declared:db.MnaBuyerAttachment:mna_buyer	12400.79,8335.75 13046.32,7850.99
edge:declared:db.ModusignApiLog:modusign_account	22293.90,20029.71 22200.29,20162.89
edge:declared:db.ModusignAuthentication:modusign_account	22391.87,20120.74 22287.35,20162.89
edge:declared:db.ModusignCompanyUserConnection:company	25444.60,9456.33 16175.50,12383.49
edge:declared:db.ModusignDocument:_option_grant_contract	23616.86,20524.72 20930.54,19045.08
edge:declared:db.ModusignDocument:audit_trail_file	23631.91,20518.63 20788.00,18614.15
edge:declared:db.ModusignDocumentActionHistory:modusign_document	24172.36,20526.55 23888.86,20575.94
edge:declared:db.ModusignDocumentActionHistory:modusign_document_participant	24282.26,20462.80 24118.34,20216.28
edge:declared:db.ModusignDocumentModusignAccountRelation:modusign_account	22622.64,20236.51 22289.85,20218.57
edge:declared:db.ModusignDocumentModusignAccountRelation:modusign_document	22875.03,20310.51 23616.86,20554.84
edge:declared:db.ModusignDocumentModusignApiKeyRelation:modusign_api_key	23089.77,20854.04 22914.95,21024.15
edge:declared:db.ModusignDocumentModusignApiKeyRelation:modusign_document	23232.74,20780.04 23616.86,20646.80
edge:declared:db.ModusignDocumentParticipant:modusign_document	24058.42,20216.28 23817.42,20518.63
edge:declared:db.ModusignEmbeddedDraft:modusign_account	23265.41,21909.61 22197.59,20260.89
edge:declared:db.ModusignEmbeddedDraft:modusign_api_key	23273.81,21909.61 22876.22,21098.15
edge:declared:db.ModusignEmbeddedDraft:modusign_document	23317.17,21909.61 23720.30,20680.63
edge:declared:db.ModusignExceededSignings:company	19261.69,10175.88 16175.50,12311.98
edge:declared:db.ModusignIaUserConnection:investment_association	31161.99,15836.84 30727.95,16493.44
edge:declared:db.NaverWorkplaceEmployee:naver_workplace_company	27007.50,14937.91 27167.34,15011.27
edge:declared:db.NcpSignupChannel:naver_workplace_company	26905.84,15025.21 27129.95,15040.32
edge:declared:db.NewIssueNoticeEmail:new_issue	13151.23,20870.19 16015.50,22273.01
edge:declared:db.NewIssueNoticeEmailRecipient:bulk_email_recipient	13516.45,20629.26 17148.52,19163.92
edge:declared:db.NewIssueNoticeEmailRecipient:email	13323.35,20711.26 13156.46,20788.19
edge:declared:db.NewIssueNoticeEmailRecipient:shareholder	13360.58,20711.26 10765.34,22672.54
edge:declared:db.NewIssueSkipNoticeDocument:new_issue_agenda	15240.15,23001.45 16085.10,22427.44
edge:declared:db.NewIssueSkipNoticeDocument:shareholder	14966.64,23031.26 10816.76,22746.46
edge:declared:db.NewIssueStockAcceptanceDocument:new_issue_item	18009.16,26027.26 19523.29,25293.20
edge:declared:db.NewIssueStockAllocationDocument:bonus_issue_agenda	18530.36,24163.27 18026.12,20212.52
edge:declared:db.NewIssueStockAllocationDocument:new_issue_agenda	18483.11,24163.27 16261.40,22427.44
edge:declared:db.NewIssueStockAllocationRecordDateNoticeDocument:bonus_issue_agenda	20490.64,24146.69 18062.86,20212.52
edge:declared:db.NewIssueStockSubscriptionDocument:new_issue_item	17764.19,25269.44 19523.29,25232.87
edge:declared:db.NewIssueStockUnissuedConfirmationDocument:new_issue_item	18167.30,25607.53 19523.29,25254.16
edge:declared:db.NonUnifiedShareCreateRequest:stock_unissued_confirmation_file	31264.79,28148.24 31490.20,29181.32
edge:declared:db.NonUnifiedShareEtcFile:create_request	30976.59,27352.92 31238.27,28058.24
edge:declared:db.NonUnifiedShareEtcFile:management_history	30917.73,27278.92 30384.76,26841.96
edge:declared:db.NonUnifiedShareManagement:non_unified_share_company	31414.98,26354.68 32659.80,25931.23
edge:declared:db.NonUnifiedShareManagementHistory:create_request	30357.82,26841.96 31222.96,28058.24
edge:declared:db.NonUnifiedShareManagementHistory:management	30436.20,26735.96 31175.37,26443.17
edge:declared:db.NonUnifiedShareManagementHistory:renew_request	30164.62,26753.98 30063.59,26719.04
edge:declared:db.NonUnifiedShareManagementHistory:stock_unissued_confirmation_file	30345.78,26841.96 31478.24,29181.32
edge:declared:db.NonUnifiedShareManagementSalesIntent:non_unified_share_management	34680.65,25074.98 31404.33,26353.17
edge:declared:db.NonUnifiedShareSucPoaDocument:modusign_document	26028.88,21894.57 25137.44,21034.83
edge:declared:db.NonUnifiedShareSucPoaDocument:request	26104.80,21976.57 29896.38,26629.04
edge:declared:db.NonUnifiedShareSucPoaDocument:user_address	26044.23,21894.57 24169.25,19063.85
edge:declared:db.NonUnifiedShareSucRenewRequest:management	30084.96,26642.02 31162.98,26423.69
edge:declared:db.NonUnifiedShareSucRenewRequest:renew_stock_unissued_confirmation_file	29961.01,26719.04 31468.23,29181.32
edge:declared:db.NotarizationPoA:meeting	15674.29,22884.62 15699.48,22710.29
edge:declared:db.NotarizationPoaDirectorSigner:director	14453.65,22883.41 13949.89,22861.06
edge:declared:db.NotarizationPoaDirectorSigner:notarization_poa	14722.65,22903.36 15544.36,22922.70
edge:declared:db.NotarizationPoaShareholderSigner:notarization_poa	15869.58,22993.52 15789.86,22966.62
edge:declared:db.NotarizationPoaShareholderSigner:shareholder	16160.58,23009.86 17003.07,23128.91
edge:declared:db.Notification:company	14981.23,9552.95 15910.11,12226.49
edge:declared:db.NotificationInbox:notification	14939.43,9359.96 14961.51,9478.95
edge:declared:db.Option:company	16777.95,17318.99 16020.81,12660.49
edge:declared:db.Option:grantee	16714.55,17408.99 14023.24,19100.49
edge:declared:db.Option:sealed_contract_file	16909.26,17400.33 20408.00,18425.68
edge:declared:db.Option:source_meeting	16881.69,17408.99 17085.86,17504.27
edge:declared:db.OptionAdjustment:event	15444.29,15882.52 15576.34,16769.56
edge:declared:db.OptionContractTemplatePermission:company	18319.09,12990.86 16175.50,12488.06
edge:declared:db.OptionExerciseClaim:company	11360.75,17730.56 15796.99,12660.49
edge:declared:db.OptionExerciseClaim:financial_account	11307.86,17730.56 11356.02,16815.55
edge:declared:db.OptionExerciseClaimAttachment:attachment_setting_item	12845.00,17550.15 12614.96,17525.80
edge:declared:db.OptionExerciseClaimAttachment:option_exercise_claim	12845.00,17584.00 11433.88,17777.71
edge:declared:db.OptionExerciseClaimCandidate:option_exercise_claim	12238.85,17667.70 11433.88,17777.78
edge:declared:db.OptionExerciseClaimCandidate:option_exercise_management	12405.89,17607.57 13396.33,16145.61
edge:declared:db.OptionExerciseClaimCandidate:option_grantee	12422.51,17697.57 13873.59,19100.49
edge:declared:db.OptionExerciseClaimCandidate:stock_subscription_file	12512.85,17666.38 20408.00,18461.97
edge:declared:db.OptionExerciseClaimDocumentSetting:management	13252.89,16663.92 13419.48,16145.61
edge:declared:db.OptionExerciseClaimEventRelation:_deprecated_payment	11510.44,18169.63 11738.34,18122.86
edge:declared:db.OptionExerciseClaimEventRelation:claim	11349.94,18160.55 11313.36,17860.56
edge:declared:db.OptionExerciseClaimEventRelation:event	11333.42,18242.55 11273.49,18356.70
edge:declared:db.OptionExerciseClaimMeetingDocument:exercise_claim	13225.80,22190.62 12815.98,21391.85
edge:declared:db.OptionExerciseClaimMeetingDocument:grantee	13252.10,22190.62 13334.30,21733.19
edge:declared:db.OptionExerciseClaimOption:option_exercise_claim	11672.53,17809.61 11433.88,17800.51
edge:declared:db.OptionExerciseClaimOptionTaxation:_deprecated_claim	11832.27,17930.43 11433.88,17828.74
edge:declared:db.OptionExerciseClaimOptionTaxation:claim_option	11902.81,17930.43 11831.16,17861.80
edge:declared:db.OptionExerciseClaimPayment:option_exercise_claim	11773.56,18048.86 11424.41,17860.56
edge:declared:db.OptionExerciseManagement:company	13485.85,16015.61 15833.49,12660.49
edge:declared:db.OptionExerciseManagement:excluded_institution_set	13310.37,16092.77 11665.59,16259.70
edge:declared:db.OptionExerciseManagementAttachmentSetting:management	12377.56,17243.90 13367.10,16145.61
edge:declared:db.OptionExerciseManagementAttachmentSettingItem:setting	12402.81,17467.84 12345.45,17317.90
edge:declared:db.OptionExerciseManagementCommonSetting:management	13800.61,16238.19 13570.37,16137.48
edge:declared:db.OptionExerciseManagementEmail:option_exercise_management	13784.03,16442.30 13502.13,16145.61
edge:declared:db.OptionExerciseManagementPaymentBankSetting:company	13106.36,12354.65 15795.50,12437.63
edge:declared:db.OptionExerciseManagementReminderSetting:management	13800.41,16071.34 13570.37,16077.26
edge:declared:db.OptionExerciseManagementTaxation:management	13039.21,16185.52 13310.37,16114.61
edge:declared:db.OptionExerciseManagementTaxationDefaultSetting:company	17678.73,9110.96 16095.76,12226.49
edge:declared:db.OptionGrantContract:_deprecated_template	20804.73,18931.08 19502.85,16188.27
edge:declared:db.OptionGrantContract:_grantee	20701.98,18992.40 14842.51,19187.25
edge:declared:db.OptionGrantContract:contract_file	20805.67,18931.08 20698.18,18698.26
edge:declared:db.OptionGrantContract:template_revision	20819.19,18931.08 20314.86,16605.07
edge:declared:db.OptionGrantContractModusignDocument:option_grant_contract	22025.15,20328.52 20887.46,19045.08
edge:declared:db.OptionGrantContractModusignEmbeddedDraft:option_grant_contract	22037.83,20815.51 20867.47,19045.08
edge:declared:db.OptionGrantContractStakeholder:company	19128.61,15209.31 16175.50,12609.36
edge:declared:db.OptionGrantContractTemplate:_deprecated_stakeholder	19460.07,16082.27 19205.14,15315.31
edge:declared:db.OptionGrantContractTemplate:company	19427.57,16082.27 16175.50,12643.40
edge:declared:db.OptionGrantContractTemplateDraft:company	17651.45,13928.94 16175.50,12609.76
edge:declared:db.OptionGrantContractTemplateDraft:stakeholder_set	17735.57,14002.94 19128.42,15209.31
edge:declared:db.OptionGrantContractTemplateRevision:stakeholder_set	20266.46,16515.07 19236.37,15315.31
edge:declared:db.OptionGrantContractTemplateRevision:template	20217.71,16515.07 19583.05,16188.27
edge:declared:db.OptionGrantEvent:_deprecated_grantee	14920.76,18535.17 14022.76,19100.49
edge:declared:db.OptionGrantEvent:share_class	15070.00,18437.17 15362.74,18250.38
edge:declared:db.OptionManagement:agenda_option_grant	15385.62,19682.82 15476.49,19702.82
edge:declared:db.OptionManagementStakeholderSeat:option_management	14427.75,19358.85 15161.89,19615.76
edge:declared:db.OptionManagementStakeholderSeat:stakeholder_seat	14187.16,19322.78 8649.74,19359.16
edge:declared:db.OptionResumeEvent:pause_event	34598.26,4356.76 34463.98,4458.12
edge:declared:db.OptionTag:category	14457.24,13959.62 14373.47,13915.45
edge:declared:db.OptionTag:company	14483.54,13959.62 15795.50,12635.28
edge:declared:db.OptionTagCategory:company	14346.86,13841.45 15795.50,12611.35
edge:declared:db.OptionTaxCalculatorSetting:company	21617.59,9975.59 16175.50,12360.23
edge:declared:db.OptionValueChange:company	16128.46,10939.38 16008.57,12226.49
edge:declared:db.OptionValueChange:investment_round	16128.26,10865.38 16089.47,10427.23
edge:declared:db.OptionVesting:_deprecated_grant_event	14665.54,18426.30 14874.60,18463.88
edge:declared:db.Order:seal_card	1553.93,8267.61 -481.83,8353.86
edge:declared:db.OrderPromotionRelation:order	2938.95,9559.41 1725.57,8311.36
edge:declared:db.OrderPromotionRelation:promotion	3009.70,9559.41 3562.71,8971.05
edge:declared:db.OrderStaffInChargeRelation:order	1464.78,6746.38 1671.04,8213.36
edge:declared:db.OrderStaffInChargeRelation:staff_in_charge	1332.58,6716.21 347.88,6769.19
edge:declared:db.OrderStatusHistory:order	447.51,9932.80 1641.84,8311.36
edge:declared:db.OrganizationChart:company	12231.92,13405.60 15795.50,12496.87
edge:declared:db.OtherDocumentArchive:company	19504.67,16251.39 16175.50,12647.46
edge:declared:db.OtherDocumentArchiveAttachment:other_document_archive	20116.15,17055.83 19569.11,16325.39
edge:declared:db.OwnerRole:company	9644.48,11081.80 15795.50,12402.84
edge:declared:db.OwnerRolePermissionRelation:owner_permission	8792.49,10653.31 8469.69,10562.62
edge:declared:db.OwnerRolePermissionRelation:owner_role	8985.68,10725.99 9440.87,11006.17
edge:declared:db.Payment:_company	21136.76,13431.22 16175.50,12479.80
edge:declared:db.Payment:app_card	21317.98,13513.15 21360.39,13560.35
edge:declared:db.Payment:charge	21136.76,13490.03 20762.07,13535.15
edge:declared:db.Payment:credit_card	21396.76,13452.51 24288.74,13371.59
edge:declared:db.Payment:purchase	21396.76,13482.02 22832.42,13767.75
edge:declared:db.PaymentLink:payment_store	25648.42,13088.91 24352.50,14064.02
edge:declared:db.PaymentLink:question_threads	25585.23,13033.30 21075.12,12647.27
edge:declared:db.PaymentRefund:payment	21488.81,13367.96 21396.76,13404.52
edge:declared:db.PaymentRefund:payment_status_history	21530.93,13293.96 21468.67,13251.61
edge:declared:db.PaymentStatusHistory:payment	21391.47,13251.61 21301.51,13399.15
edge:declared:db.PaymentStore:legal_partner	24168.70,14149.72 22618.39,14658.55
edge:declared:db.Payroll:company	4907.04,4922.69 15795.50,12314.85
edge:declared:db.Payroll:setting	4821.14,4922.69 5267.62,11822.73
edge:declared:db.PayrollAnnualSalaryInfo:employee	7779.58,14655.33 8394.30,14905.11
edge:declared:db.PayrollAnnualSalaryItem:item_setting_relation	7765.27,13745.12 6260.15,11626.27
edge:declared:db.PayrollAnnualSalaryItem:payroll_annual_salary_info	7786.33,13819.12 7693.05,14581.33
edge:declared:db.PayrollDocumentSealStampSetting:_deprecated_ceo	16207.10,14916.98 16596.76,16365.24
edge:declared:db.PayrollDocumentSealStampSetting:company	16192.43,14834.98 15999.43,12660.49
edge:declared:db.PayrollDocumentSealStampSetting:seal_stamp	16210.33,14916.98 16421.38,15523.72
edge:declared:db.PayrollEmployeeMonthlyWage:hrm_emp	4111.75,18522.07 4425.73,18248.02
edge:declared:db.PayrollLedger:company	11411.49,15081.18 15795.50,12551.71
edge:declared:db.PayrollLedgerAttachment:payroll_ldeger	10761.44,14750.36 11242.55,15081.18
edge:declared:db.PayrollLedgerFile:payroll_ledger	11172.47,14743.46 11299.67,15081.18
edge:declared:db.PayrollLedgerFileModificationRequest:payroll_ledger_file	11581.23,14564.54 11266.31,14669.46
edge:declared:db.PayrollLedgerItemSettingRelation:ledger_item	6179.80,11626.27 5273.96,12464.09
edge:declared:db.PayrollLedgerItemSettingRelation:setting	6105.10,11626.27 5394.49,11885.50
edge:declared:db.PayrollManagementRelation:payroll	7512.50,7134.98 4889.51,4922.69
edge:declared:db.PayrollSetting:ledger_item_set	5265.05,11904.73 5190.76,12464.09
edge:declared:db.PayrollSettlement:company_question_thread_set	11061.47,9419.85 18834.96,14194.96
edge:declared:db.PayrollSettlement:payroll	10938.65,9337.85 4899.64,4922.69
edge:declared:db.PayrollSettlementAutoCreation:payroll	8896.70,8753.24 4874.80,4922.69
edge:declared:db.PayrollSettlementAutoCreation:payroll_question_help_template	8900.64,8827.24 8138.83,9634.66
edge:declared:db.PayrollSettlementProgressLog:payroll_settlement	10432.17,9692.73 10921.25,9419.85
edge:declared:db.PayrollSocialInsuranceSetting:hrm	-401.09,16868.25 -364.69,16249.85
edge:declared:db.PayrollStaffUserRelation:payroll	4404.80,5049.74 4687.19,4920.97
edge:declared:db.PayrollStatement:_deprecated_employee	8716.35,15713.69 8515.54,15107.11
edge:declared:db.PayrollStatement:hrm_emp	8627.87,15835.69 4769.73,18001.34
edge:declared:db.PayrollStatement:payroll_ledger	8866.54,15740.55 11195.63,15164.83
edge:declared:db.PayrollStatementAttendance:payroll_statement	8567.88,15665.14 8642.63,15713.69
edge:declared:db.PayrollStatementDocument:payroll_statement	9768.78,15718.19 8866.54,15747.54
edge:declared:db.PayrollStatementEmail:payroll_ledger	10431.20,17909.85 11298.24,15187.18
edge:declared:db.PayrollStatementEmailRecipient:email	9884.22,18362.83 10398.73,17999.85
edge:declared:db.PayrollStatementEmailRecipient:payroll_statement	9810.54,18362.83 8851.53,15835.69
edge:declared:db.PayrollStatementItem:ledger_item_setting_relation	7246.26,12262.15 6295.72,11626.27
edge:declared:db.PayrollStatementItem:payroll_statement	7378.83,12326.59 8712.74,15713.69
edge:declared:db.PayrollStatementPayrollInformation:payroll_statement	8624.80,15971.97 8701.99,15835.69
edge:declared:db.PayrollStatementScheduledEmail:payroll_statement_email	10042.38,17195.11 10394.69,17909.85
edge:declared:db.PayrollStatementScheduledEmailPeriodicTaskRelation:payroll_statement_scheduled_email	9885.98,17300.90 9898.48,17215.29
edge:declared:db.PeriodicOptionVestingItem:periodic_option_vesting	14163.10,18445.38 14111.80,18520.73
edge:declared:db.PhantomStock:company	9119.38,17074.23 15795.50,12571.60
edge:declared:db.PhantomStock:grantee	9055.77,17172.23 9231.66,18125.56
edge:declared:db.PhantomStockGrantContract:phantom_stock	8603.63,17335.43 8944.41,17172.23
edge:declared:db.PhantomStockResumeEvent:pause_event	15397.04,16381.62 15472.92,16247.35
edge:declared:db.PhantomStockVesting:phantom_stock	8616.56,17610.90 9003.51,17172.23
edge:declared:db.PhantomStockVestingItem:phantom_stock_vesting	8478.42,17927.48 8567.16,17684.90
edge:declared:db.PhantomStockVestingTraceable:phantom_stock	8807.79,17784.38 9029.02,17172.23
edge:declared:db.PhantomStockVestingTraceable:source_vesting_item	8707.66,17858.38 8554.37,17927.48
edge:declared:db.PhoneVerification:phone	5586.65,13983.79 3452.96,12550.44
edge:declared:db.PingpongDelivery:dropoff_address	20663.25,12404.76 23658.14,14258.97
edge:declared:db.PitchingDayHall:assigned_irs	35326.86,8668.09 30725.81,7583.45
edge:declared:db.PitchingDayHallAccessLog:pitching_day_hall	35634.22,8921.36 35487.69,8742.32
edge:declared:db.PitchingDayHallAccessLog:venture_capital	35688.62,8995.36 37793.58,12216.20
edge:declared:db.PitchingDayHallAssignedIrs:investor_relations	33157.86,7974.12 30725.81,7572.58
edge:declared:db.PitchingDayHallAssignedIrs:pitching_day_hall	33398.99,8032.09 35326.86,8657.12
edge:declared:db.PortalMenuVisibilitySetting:company	16690.88,10369.99 16062.95,12226.49
edge:declared:db.PortalSetting:company	17993.92,9296.48 16123.99,12226.49
edge:declared:db.PortfolioCompany:company	30618.62,14048.37 16175.50,12466.65
edge:declared:db.PortfolioCompany:venture_capital	30878.62,14032.96 37743.56,12467.16
edge:declared:db.PortfolioCompanyFund:fund	32194.87,14397.46 35616.49,13148.59
edge:declared:db.PortfolioCompanyFund:portfolio_company	31977.58,14417.63 30878.62,14100.16
edge:declared:db.PortfolioCompanyManager:portfolio_company	30584.48,14761.99 30729.80,14127.61
edge:declared:db.PortfolioCompanyUserRelation:portfolio_company	30911.62,14396.08 30780.39,14127.61
edge:declared:db.PrivacyPolicyLog:privacy_policy	138.52,29996.87 152.12,29903.21
edge:declared:db.PromotionAddress:promotion	3503.37,7202.10 3595.48,8897.05
edge:declared:db.PromotionCodeUsageHistory:promotion_code	26332.18,12595.50 26187.58,12388.14
edge:declared:db.PromotionCodeUsageHistory:service_fee_item	26409.89,12669.50 26445.01,12732.53
edge:declared:db.Purchase:_corporate_registration_paid_issue	22832.42,13799.39 20459.87,13829.29
edge:declared:db.Purchase:_credit	22832.42,13801.40 21260.64,13851.16
edge:declared:db.Purchase:_deprecated_payment_store	23128.42,13839.88 24168.70,14080.36
edge:declared:db.Purchase:_incorporation_request	22922.15,13902.53 21846.45,15834.75
edge:declared:db.Purchase:_invitation_seat_request	22832.42,13768.95 10039.70,11298.34
edge:declared:db.Purchase:_meeting	22832.42,13894.75 17381.86,17475.27
edge:declared:db.Purchase:_payment_store_legal_partner	22923.15,13902.53 22532.57,14618.57
edge:declared:db.Purchase:_subscription_payment_request	22957.16,13692.53 22019.97,11751.96
edge:declared:db.Purchase:basket	23113.77,13692.53 23259.38,13577.88
edge:declared:db.Purchase:company	22832.42,13768.88 16175.50,12480.27
edge:declared:db.Purchase:investment_association	23128.42,13852.19 30486.03,16569.56
edge:declared:db.Purchase:service_fee	23128.42,13754.56 23844.58,13559.06
edge:declared:db.Purchase:venture_capital	23128.42,13784.02 37743.56,12438.14
edge:declared:db.PurchaseItem:payment_store	24018.74,13927.27 24224.87,14064.02
edge:declared:db.PurchaseItem:purchase	23854.17,13877.49 23128.42,13798.86
edge:declared:db.PurchaseStatusHistory:purchase	22166.42,13727.78 22832.42,13784.85
edge:declared:db.Purpose:articles_of_incorporation	17154.07,15086.37 17100.72,15358.08
edge:declared:db.Purpose:industrial_code	17168.58,15012.37 17219.71,14751.23
edge:declared:db.QrReplyPasswordReset:request	25050.71,16361.19 25102.24,16704.74
edge:declared:db.QrReplyPasswordResetRequest:reply	24998.14,16778.74 24788.11,16849.61
edge:declared:db.QuarterlyReportRequest:quarterly_report	29893.53,16519.28 29723.00,16069.02
edge:declared:db.QuarterlyReportRequestAttachment:quarterly_report_request	28104.71,16901.89 29740.57,16593.77
edge:declared:db.QuarterlyReportRequestRecipient:email_activity_recipient	30581.81,18017.10 25810.37,23136.06
edge:declared:db.QuarterlyReportRequestRecipient:portfolio_company	30625.19,17927.10 30746.74,14127.61
edge:declared:db.QuarterlyReportRequestRecipient:portfolio_company_manager	30623.07,17927.10 30576.31,14835.99
edge:declared:db.QuarterlyReportRequestRecipient:quarterly_report_request	30600.99,17927.10 29934.37,16609.28
edge:declared:db.QuarterlyReportRequestReportItem:quarterly_report_item	28100.97,16704.74 28721.21,16307.86
edge:declared:db.QuarterlyReportRequestReportItem:quarterly_report_request	28161.98,16704.74 29740.57,16577.94
edge:declared:db.QuarterlyReportSettings:quarterly_report	29516.93,16003.18 29607.29,16003.37
edge:declared:db.QuarterlyReportSignupChannel:portfolio_company	28389.25,14947.13 30618.62,14111.35
edge:declared:db.QuarterlyReportSignupChannel:quarterly_report	28312.52,15028.94 29673.81,15955.02
edge:declared:db.QuestionMessageAttachment:message	21701.50,16109.02 24318.92,11473.08
edge:declared:db.QuestionMessageScheduled:question_thread_message	24556.04,10913.99 24389.56,11327.08
edge:declared:db.QuestionThread:_company	20815.12,12630.03 16175.50,12450.83
edge:declared:db.QuestionThreadAssignment:question_thread	19820.01,12736.58 20815.12,12646.78
edge:declared:db.QuestionThreadMessage:question_thread	24224.14,11449.25 21075.12,12587.81
edge:declared:db.QuestionThreadMessageAccessLog:message	24449.34,11620.49 24389.68,11473.08
edge:declared:db.QuestionThreadMessageCategory:question_thread_message	25388.09,11505.48 24496.14,11414.02
edge:declared:db.QuestionThreadMessagePeriodicTaskRelation:question_message_scheduled	24404.24,10758.73 24518.93,10839.99
edge:declared:db.QuestionThreadMessageProfile:message	24807.61,11212.26 24496.14,11343.00
edge:declared:db.QuestionThreadMessageReminder:message	25388.09,11608.36 24496.14,11427.64
edge:declared:db.QuestionThreadMessageReview:message	24954.13,11715.73 24496.14,11472.35
edge:declared:db.QuestionThreadMessageReviewRequest:message	25402.64,11715.73 24496.14,11441.26
edge:declared:db.QuestionThreadTag:question_thread_set	21001.74,12877.65 20961.22,12704.05
edge:declared:db.RebootProductContactRequest:company	13142.34,11971.45 15795.50,12411.94
edge:declared:db.RegisteredMail:order_status_history	1.77,10029.83 293.31,9990.52
edge:declared:db.RegisteredMail:seal_card_return_status_history	-125.23,10008.74 -171.28,9819.52
edge:declared:db.Registration:meeting	14689.70,19495.70 17085.86,17684.48
edge:declared:db.RegistrationAgenda:agenda_ceo_address_change	12949.51,21663.80 12876.69,21958.38
edge:declared:db.RegistrationAgenda:agenda_director_change	12955.42,21663.80 12660.52,22772.07
edge:declared:db.RegistrationAgenda:agenda_option_exercise	13024.18,21663.80 13187.69,21794.48
edge:declared:db.RegistrationAgenda:registration	13003.46,21573.80 14602.61,19577.70
edge:declared:db.RegistrationAssistance:legal_partner	21283.67,17192.61 22403.01,14868.57
edge:declared:db.RegistrationAssistance:meeting	21139.92,17243.80 17381.86,17552.68
edge:declared:db.RegistrationAssistanceReceipt:registration_assistance	21532.51,16984.72 21308.17,17192.61
edge:declared:db.RegistrationCaseReport:company	13193.19,8282.09 15839.89,12226.49
edge:declared:db.RegistrationCaseReport:jurisdiction	13168.96,8282.09 13194.52,9856.68
edge:declared:db.RegistrationCaseReportUpdateLog:company	17867.98,10135.19 16168.99,12226.49
edge:declared:db.RegistrationDirector:registration	14726.41,19644.96 14669.90,19577.70
edge:declared:db.RegistrationFormCaptable:agenda	19160.07,24017.31 17411.49,21506.99
edge:declared:db.RegistrationFormCaptableDocument:captable	17655.34,24788.34 19102.52,24099.31
edge:declared:db.RegistrationFormCaptableNotarizationRequestor:registration_form_captable	18316.26,23648.11 19105.08,24017.31
edge:declared:db.RegistrationFormCaptableNotarizationRequestor:shareholder	18150.40,23574.11 17336.26,23227.10
edge:declared:db.RegistrationFormHeadOfficeInsideRelocationDocument:head_office_relocation_agenda	19620.63,24086.63 18513.47,21637.34
edge:declared:db.RegistrationFormHeadOfficeOutsideRelocationDocument:head_office_relocation_agenda	20146.98,24030.64 18526.32,21637.34
edge:declared:db.RegistrationHelp:company_question_thread	18044.64,15756.36 18920.56,14370.85
edge:declared:db.RegistrationHelp:meeting	18004.88,15830.36 17285.81,17455.49
edge:declared:db.ResignationLetterDocument:director_change_agenda	13273.81,24324.54 12668.60,22878.07
edge:declared:db.RightToConsentOrConsult:company	14076.74,16624.84 15886.44,12660.49
edge:inheritance:db.RsuAdjustEvent->db.Event	14603.39,16615.62 15445.98,16839.28
edge:declared:db.RsuExerciseClaim:company	13414.07,15392.10 15797.79,12660.49
edge:declared:db.RsuExerciseClaim:financial_account	13287.65,15498.10 11433.12,16717.55
edge:declared:db.RsuExerciseClaimAttachment:attachment_setting_item	12840.37,15551.16 12611.02,15561.41
edge:declared:db.RsuExerciseClaimAttachment:rsu_exercise_claim	13009.17,15491.88 13243.82,15461.27
edge:declared:db.RsuExerciseClaimCandidate:hrm_emp	11577.41,16540.61 4769.73,18059.00
edge:declared:db.RsuExerciseClaimCandidate:rsu_exercise_claim	11779.79,16463.51 13284.68,15498.10
edge:declared:db.RsuExerciseClaimCandidate:rsu_exercise_management	11730.20,16463.51 11945.39,16079.34
edge:declared:db.RsuExerciseClaimCandidate:rsu_grantee	11746.28,16561.51 12052.52,16912.39
edge:declared:db.RsuExerciseClaimCandidateEmailRecipient:candidate	11975.44,16503.88 11829.41,16508.51
edge:declared:db.RsuExerciseClaimEventRelation:claim	14136.19,15751.02 13484.69,15498.10
edge:declared:db.RsuExerciseClaimEventRelation:event	14353.28,15825.02 14922.85,15998.07
edge:declared:db.RsuExerciseClaimRsu:rsu	13847.67,15391.95 14521.26,15268.23
edge:declared:db.RsuExerciseClaimRsu:rsu_exercise_claim	13611.67,15420.50 13491.82,15432.59
edge:declared:db.RsuExerciseManagement:company	12027.65,15981.34 15795.50,12613.07
edge:declared:db.RsuExerciseManagement:excluded_institution_set	11885.11,16079.34 11620.24,16227.28
edge:declared:db.RsuExerciseManagementAttachmentSetting:management	12018.62,15799.94 11982.58,15981.34
edge:declared:db.RsuExerciseManagementAttachmentSettingItem:setting	12375.56,15606.90 12199.50,15750.19
edge:declared:db.RsuExerciseManagementEmail:rsu_exercise_management	12254.58,16356.51 12015.17,16079.34
edge:declared:db.RsuExtraAttachment:rsu	15121.79,14892.68 14753.08,15173.59
edge:declared:db.RsuGrantContract:rsu	15442.43,14957.74 14793.26,15200.95
edge:declared:db.RsuGrantContract:template	15570.15,14867.74 15618.82,14329.27
edge:declared:db.RsuGrantContractModusignDocument:rsu_grant_contract	21589.88,19235.26 15625.29,14957.74
edge:declared:db.RsuGrantContractTemplate:company	15630.67,14247.27 15945.85,12660.49
edge:declared:db.RsuGrantContractTemplate:stakeholder_set	15623.47,14247.27 15632.91,13978.91
edge:declared:db.RsuGrantContractTemplateStakeholder:company	15642.44,13904.91 15919.33,12660.49
edge:declared:db.RsuMeeting:company	15775.76,15031.13 15980.13,12660.49
edge:declared:db.RsuMeeting:meeting	15798.30,15121.13 17169.09,17455.49
edge:declared:db.RsuMeetingAttachment:meeting	15609.89,15194.12 15710.10,15121.13
edge:declared:db.RsuPerformanceCondition:company	15108.40,13713.19 15838.69,12660.49
edge:declared:db.RsuResumeEvent:pause_event	15070.00,17267.87 15086.07,17350.92
edge:declared:db.RsuRsa:company	14741.11,15173.59 15892.27,12660.49
edge:declared:db.RsuRsa:grantee	14548.02,15319.59 12150.03,16912.39
edge:declared:db.RsuRsa:grantee_hrm_emp	14521.26,15285.14 4769.73,18049.14
edge:declared:db.RsuRsa:source_meeting	14793.26,15240.94 15647.88,15097.01
edge:declared:db.RsuRsaSealedContractFile:company	15314.69,14268.87 15912.14,12660.49
edge:declared:db.RsuRsaSealedContractFile:grant_contract	15314.50,14342.87 15542.95,14867.74
edge:declared:db.RsuTag:category	15006.46,14198.95 15033.44,14141.96
edge:declared:db.RsuTag:company	15009.91,14198.95 15867.80,12660.49
edge:declared:db.RsuTag:rsu_set	14973.65,14280.95 14681.85,15173.59
edge:declared:db.RsuTagCategory:company	15075.11,14067.96 15861.89,12660.49
edge:declared:db.RsuVesting:rsu	14322.44,15227.68 14521.26,15238.91
edge:declared:db.RsuVestingItem:performance_condition	14324.29,14854.09 15057.25,13787.19
edge:declared:db.RsuVestingItem:rsu_vesting	14281.16,14944.09 14216.09,15184.01
edge:declared:db.RsuVestingTraceable:rsu	14517.67,15128.47 14570.99,15173.59
edge:declared:db.RsuVestingTraceable:source_vesting_item	14452.95,15054.47 14339.59,14944.09
edge:declared:db.RtccConsentSummary:company	14115.14,11043.50 15795.50,12301.27
edge:declared:db.RtccConsentSummary:source_result	14041.93,10969.50 13660.07,10375.40
edge:declared:db.RtccEmail:right_to_consent_or_consult	13926.38,17037.67 14043.50,16706.84
edge:declared:db.RtccEmailAuthentication:rtcc_investor	14794.71,17547.25 14541.37,17439.09
edge:declared:db.RtccInvestor:right_to_consent_or_consult	14412.75,17349.09 14081.34,16706.84
edge:declared:db.RtccInvestor:stakeholder	14331.46,17439.09 10125.11,19250.30
edge:declared:db.RtccInvestorFile:investor	16053.79,17353.89 14591.47,17390.23
edge:declared:db.RtccSummaryAnalysisRequest:company	14565.37,11011.60 15795.50,12241.43
edge:declared:db.RtccSummaryAnalysisRequestDocument:document	14368.53,10410.58 18279.04,15302.65
edge:declared:db.RtccSummaryAnalysisRequestDocument:request	14353.30,10410.58 14511.84,10929.60
edge:declared:db.RtccSummaryAnalysisResult:request	13698.24,10375.40 14467.45,10929.60
edge:declared:db.RtccSummaryAnalysisResultDocument:document	13418.82,9215.36 18279.09,15302.65
edge:declared:db.RtccSummaryAnalysisResultDocument:result	13397.10,9215.36 13625.05,10293.40
edge:declared:db.Safe:company	12394.17,15144.50 15795.50,12588.11
edge:declared:db.Safe:holder	12293.52,15218.50 11627.47,15697.78
edge:declared:db.SafeCreateEvent:contract_file	18221.83,17955.84 20408.00,18436.21
edge:declared:db.SalesMetric:legal_partner	23304.34,14687.10 22618.39,14733.22
edge:declared:db.SdContactRequest:secondary_deal	37996.64,8559.51 39006.91,6234.15
edge:declared:db.SdContactRequest:venture_capital	37980.06,8633.51 37930.40,12216.20
edge:declared:db.SealCardReturnRequest:seal_card	-1356.47,8440.98 -729.83,8372.64
edge:declared:db.SealCardReturnStatusHistory:seal_card_return_request	-221.49,9737.52 -1440.24,8495.51
edge:declared:db.SealCertificateDelivery:company	19349.13,12378.68 16175.50,12439.83
edge:declared:db.SealCertificateDelivery:seal_card_pickup_delivery	19597.13,12367.99 20460.11,12357.30
edge:declared:db.SealCertificateIssueRequest:delivery	19624.91,12467.69 19554.50,12425.29
edge:declared:db.SealStamp:attachment	16564.38,15629.72 20408.00,18348.80
edge:declared:db.SealStamp:company	16480.91,15523.72 16018.85,12660.49
edge:declared:db.SealStamp:director	16497.88,15629.72 16614.77,16365.24
edge:declared:db.SealStampCardContinuedUseApplicationFormDocument:stakeholder	9244.55,23214.16 9930.29,19478.24
edge:declared:db.SealStampDeclarationDocument:stakeholder	9550.83,23062.75 9941.98,19478.24
edge:declared:db.SealStampImage:seal_stamp	18588.99,16920.91 16571.89,15629.72
edge:declared:db.SealStampUsageHistory:employee	10404.80,15331.99 8624.11,15026.07
edge:declared:db.SealStampUsageHistory:payroll_statement_document	10434.91,15406.29 9954.72,15677.35
edge:declared:db.SealStampUsageHistory:seal_stamp	10652.80,15357.93 16365.46,15571.88
edge:declared:db.SealStampUsageHistory:wht_book	10404.80,15353.92 9614.32,15357.95
edge:declared:db.SealStampUsageHistory:wht_certificate	10586.95,15300.29 10746.71,15154.68
edge:declared:db.SealStampUsageHistory:wht_receipt	10453.44,15300.29 10288.24,15184.11
edge:declared:db.SecondaryDeal:assigned_investors	39037.83,6234.15 37964.35,12216.20
edge:declared:db.SecondaryDeal:business_line	38905.48,6099.10 38177.83,6032.72
edge:declared:db.SecondaryDeal:corporate_registration	38905.48,6039.22 38634.96,5909.36
edge:declared:db.SecondaryDeal:operating_profit	39025.47,5992.15 38636.53,4608.44
edge:declared:db.SelfRegistration:meeting	17540.56,17477.18 17381.86,17526.50
edge:declared:db.ServiceFee:basket	23844.58,13527.02 23424.37,13533.14
edge:declared:db.ServiceFeeItem:product	26343.86,12735.44 24840.26,12273.56
edge:declared:db.ServiceFeeItem:service_fee	26343.86,12810.75 24092.58,13486.57
edge:declared:db.ShareClass:company	15450.77,18144.38 15965.25,12660.49
edge:declared:db.ShareholderInstitutionMember:institution	10209.72,21975.32 10646.08,22672.54
edge:declared:db.ShareholderInstitutionMember:manager	10164.08,21893.32 10043.15,21645.22
edge:declared:db.ShareholderInstitutionMemberCeo:member	10135.28,22580.72 10180.97,21975.32
edge:declared:db.ShareholderVote:agenda	17291.13,22776.66 17307.88,21506.99
edge:declared:db.ShareholderVote:attended_shareholder	17279.27,22850.66 17210.48,23089.10
edge:declared:db.ShareholderVotingRightsPerAgenda:agenda	17102.98,22347.55 17280.72,21506.99
edge:declared:db.ShareholderVotingRightsPerAgenda:shareholder	17099.35,22421.55 17182.02,23089.10
edge:declared:db.ShareholdersAgreementStakeholder:stakeholder	8924.84,19087.06 9793.11,19283.65
edge:declared:db.ShareholdersMeeting:chairperson	15699.48,22676.77 13949.89,22843.08
edge:declared:db.ShareholdersMeeting:meeting	15848.50,22599.23 17201.61,17689.49
edge:declared:db.ShareholdersMeeting:sealed_meeting_minutes_file	15908.06,22599.23 20408.00,18648.09
edge:declared:db.ShareholdersMeetingAgenda:agenda_authorized_shares_change	17149.69,21445.38 16616.24,21696.72
edge:declared:db.ShareholdersMeetingAgenda:agenda_bonus_issue	17366.78,21232.99 17974.35,20212.52
edge:declared:db.ShareholdersMeetingAgenda:agenda_branch_change	17338.52,21232.99 17585.36,20092.23
edge:declared:db.ShareholdersMeetingAgenda:agenda_change_of_articles_of_incorporation	17469.69,21345.84 18834.45,20605.17
edge:declared:db.ShareholdersMeetingAgenda:agenda_co_ceo_system_change	17149.69,21338.14 16134.19,21134.01
edge:declared:db.ShareholdersMeetingAgenda:agenda_company_name_change	17254.09,21232.99 17152.13,20942.74
edge:declared:db.ShareholdersMeetingAgenda:agenda_custom	17149.69,21319.99 16135.48,21021.08
edge:declared:db.ShareholdersMeetingAgenda:agenda_director_change	17149.69,21420.49 12770.42,22786.39
edge:declared:db.ShareholdersMeetingAgenda:agenda_director_compensation_decision	17149.69,21389.88 14809.72,21613.65
edge:declared:db.ShareholdersMeetingAgenda:agenda_director_compensation_rule	17149.69,21316.69 16561.17,20989.33
edge:declared:db.ShareholdersMeetingAgenda:agenda_financial_statements	17310.08,21232.99 17312.86,20246.58
edge:declared:db.ShareholdersMeetingAgenda:agenda_head_office_relocation	17469.69,21398.37 18361.67,21560.76
edge:declared:db.ShareholdersMeetingAgenda:agenda_head_office_relocation_aoi_change	17261.52,21232.99 17103.03,20772.64
edge:declared:db.ShareholdersMeetingAgenda:agenda_method_of_giving_public_notice_change	17300.76,21232.99 17230.00,20103.96
edge:declared:db.ShareholdersMeetingAgenda:agenda_new_issue	17149.69,21504.33 16252.74,22257.44
edge:declared:db.ShareholdersMeetingAgenda:agenda_new_options_rule	17149.69,21267.03 16865.59,21119.05
edge:declared:db.ShareholdersMeetingAgenda:agenda_new_or_change_rsu_rule	17215.01,21232.99 17171.04,21176.34
edge:declared:db.ShareholdersMeetingAgenda:agenda_option_cancel	17149.69,21346.92 15086.73,21049.50
edge:declared:db.ShareholdersMeetingAgenda:agenda_option_grant	17167.84,21232.99 15647.42,19775.10
edge:declared:db.ShareholdersMeetingAgenda:agenda_purpose_change	17469.69,21474.26 17677.27,21661.41
edge:declared:db.ShareholdersMeetingAgenda:agenda_rsu_grant	17149.69,21323.72 15803.93,20934.63
edge:declared:db.ShareholdersMeetingAgenda:agenda_subsidiary_establishment	17149.69,21374.24 15893.69,21341.94
edge:declared:db.ShareholdersMeetingAgenda:meeting	17153.49,21506.99 15908.15,22599.23
edge:declared:db.ShareholdersMeetingConvocationNoticeEmail:shareholders_meeting	18033.79,20730.86 15907.89,22599.23
edge:declared:db.ShareholdersMeetingConvocationNoticeEmailAttachment:convocation_notice_email	19642.81,20417.72 18278.04,20659.36
edge:declared:db.ShareholdersMeetingConvocationNoticeEmailNewIssueAttachment:email	16670.52,22043.01 18038.46,20730.86
edge:declared:db.ShareholdersMeetingConvocationNoticeEmailNewIssueAttachment:new_issue	16677.15,22117.01 16287.50,22284.11
edge:declared:db.ShareholdersMeetingConvocationNoticeEmailRecipient:email_activity_recipient	25509.88,23280.00 25665.11,23234.06
edge:declared:db.ShareholdersMeetingConvocationNoticeRecipient:bulk_email_recipient	18945.57,21046.75 17328.36,19174.77
edge:declared:db.ShareholdersMeetingConvocationNoticeRecipient:convocation_notice_email	18885.79,21046.75 18193.20,20730.86
edge:declared:db.ShareholdersMeetingConvocationNoticeRecipient:shareholder	18945.32,21136.75 17250.47,23089.10
edge:declared:db.ShareholdersMeetingDirectorAttendance:stakeholder	13727.08,22810.24 10125.11,19468.15
edge:declared:db.ShareholdersMeetingPowerOfAttorneyIndividualDocument:shareholder	16466.26,24517.21 17152.20,23227.10
edge:declared:db.ShareholdersMeetingShareholderAttendance:meeting	17003.07,23090.73 15959.48,22715.75
edge:declared:db.ShareholdersMeetingShareholderAttendance:original_shareholder	17003.07,23145.98 10816.76,22746.06
edge:declared:db.ShareholdersMeetingShortenPeriodIndividualDocument:shareholder	16605.61,23317.56 17003.07,23209.21
edge:declared:db.ShareholdersMeetingWrittenDecisionIndividualDocument:shareholder	16939.87,24357.43 17175.26,23227.10
edge:declared:db.Stakeholder:company	10096.68,19164.24 15795.50,12660.33
edge:declared:db.Stakeholder:standardized_address	10125.11,19316.75 23936.01,18943.02
edge:declared:db.StakeholderAccount:account	10956.33,17769.67 11338.95,16815.55
edge:declared:db.StakeholderAccount:stakeholder	10917.40,17843.67 10064.41,19164.24
edge:declared:db.StakeholderCustodian:stakeholder	9377.86,19293.80 9793.11,19313.40
edge:declared:db.StakeholderSeat:stakeholder	8649.74,19356.67 9793.11,19325.73
edge:declared:db.StarredQuestionThread:question_thread	20562.40,12795.33 20815.12,12689.49
edge:declared:db.Stock:company	15423.03,18409.98 15965.04,12660.49
edge:declared:db.Stock:share_class	15424.00,18409.98 15440.37,18250.38
edge:declared:db.Stock:shareholder	15373.90,18491.98 10758.52,22672.54
edge:declared:db.StockDocumentAnalysis:document_ai_process_request	28461.18,27628.18 29234.24,27371.06
edge:declared:db.StockDocumentAnalysis:stock_reregistration_event	28389.60,27702.18 28538.47,27841.04
edge:declared:db.StockTransferAgreement:company	16948.76,18382.45 16020.70,12660.49
edge:declared:db.StockTransferAgreement:purchaser	16825.25,18476.19 10125.11,19300.81
edge:declared:db.StockTransferAgreement:sealed_agreement_file	17097.25,18460.27 20408.00,18480.12
edge:declared:db.StockTransferAgreement:seller	16848.32,18536.45 10782.09,22672.54
edge:declared:db.StockTransferAgreement:stock_transfer_event	16825.25,18424.98 16663.34,18432.99
edge:declared:db.StockTransferAgreementClauses:stock_transfer_agreement	17164.08,18370.91 17092.35,18382.45
edge:declared:db.StockTransferAgreementItem:agreement	16681.13,18320.43 16855.75,18382.45
edge:declared:db.StockTransferAgreementItem:share_class	16453.46,18274.49 15569.80,18206.87
edge:declared:db.StockTransferAgreementManagement:company	18106.52,13285.40 16175.50,12520.37
edge:declared:db.StockTransferAgreementManagement:related_tax_advices	18371.60,13291.43 20815.12,12662.84
edge:declared:db.StockTransferAgreementManagement:stock_transfer_agreement	18209.25,13375.40 17001.46,18382.45
edge:declared:db.StockTransferAgreementManagementStakeholderSeat:stakeholder_seat	6025.33,8536.80 8516.27,19319.02
edge:declared:db.StockTransferAgreementManagementStakeholderSeat:stock_transfer_agreement_management	6109.95,8536.80 18106.42,13285.40
edge:declared:db.StockTransferAgreementModusignDocument:stock_transfer_agreement	20329.37,20235.65 17097.25,18528.91
edge:declared:db.StockTransferAgreementModusignEmbeddedDraft:stock_transfer_agreement	19367.27,19960.30 17086.39,18536.45
edge:declared:db.StockTransferAgreementPurchaserInstitution:agreement	17124.10,18859.09 16995.41,18536.45
edge:declared:db.StockTransferAgreementSellerInstitution:agreement	17106.87,18709.19 17024.02,18536.45
edge:declared:db.StockTransferAgreementSurvey:company	21051.90,10650.12 16175.50,12376.24
edge:declared:db.StockTransferPrice:share_class	16116.88,18415.18 15569.80,18238.14
edge:declared:db.StockTransferPrice:stock_transfer_event	16349.22,18444.62 16427.34,18439.62
edge:declared:db.StockUnissuedConfirmationRequest:company	18378.79,15101.35 16175.50,12656.03
edge:declared:db.StockUnissuedConfirmationRequest:stock_unissued_confirmation_file	18442.51,15183.35 20455.14,18264.26
edge:declared:db.StripeCard:customer	897.31,7249.12 962.30,7621.39
edge:declared:db.StripePayment:card	-226.57,7902.25 830.94,7249.12
edge:declared:db.StripePayment:order	-168.96,7963.33 1553.93,8242.28
edge:declared:db.StripePayment:seal_card_return_request	-388.19,7984.25 -1385.24,8413.51
edge:declared:db.Subscription:company	21810.04,11192.02 16175.50,12401.96
edge:declared:db.Subscription:subscription_contract	21810.04,11193.30 19955.53,11608.94
edge:declared:db.Subscription:subscription_package	21810.04,11184.01 19946.72,11474.34
edge:declared:db.Subscription:subscription_plan	21822.50,11243.82 20954.29,11813.05
edge:declared:db.Subscription:subscription_policy	21810.04,11206.86 20495.28,11632.65
edge:declared:db.Subscription:subscription_promotion	21810.04,11221.00 20813.57,11647.32
edge:declared:db.SubscriptionBonus:subscription	22405.10,11258.00 22082.04,11191.02
edge:declared:db.SubscriptionContract:company	19719.53,11664.25 16175.50,12403.55
edge:declared:db.SubscriptionModusignDocumentUsageHistory:subscription	23786.14,11791.91 22082.04,11209.32
edge:declared:db.SubscriptionPackage:company	19710.72,11522.24 16175.50,12396.50
edge:declared:db.SubscriptionPaymentRequest:company	21874.17,11726.30 16175.50,12420.28
edge:declared:db.SubscriptionPaymentRequest:subscription	21992.50,11669.96 21953.46,11243.82
edge:declared:db.SubscriptionPenaltyPayment:company	19596.30,11778.61 16175.50,12408.99
edge:declared:db.SubscriptionPenaltyPayment:subscription	19836.30,11722.88 21810.04,11198.92
edge:declared:db.SubscriptionPeriod:subscription	22816.66,10859.94 22082.04,11115.51
edge:declared:db.SubscriptionPerk:subscription	22286.55,11410.99 22057.18,11243.82
edge:declared:db.SubscriptionPlan:permissions	20738.50,11892.91 20144.08,11997.42
edge:declared:db.SubscriptionPlanOffering:subscription_plan	21160.98,11959.99 20998.50,11910.03
edge:declared:db.SubscriptionPlanPerk:subscription_plan	21113.02,11878.00 20998.50,11874.28
edge:declared:db.SubscriptionPolicy:company	20276.71,11690.35 16175.50,12409.85
edge:declared:db.SubscriptionPromotion:company	20624.62,11703.15 16175.50,12413.17
edge:declared:db.SubscriptionReservation:company	20642.06,12078.71 16175.50,12428.60
edge:declared:db.SubscriptionReservation:subscription_plan	20792.21,12032.47 20841.73,11927.05
edge:declared:db.SubscriptionSuspensionHistory:subscription	22302.92,11132.55 22082.04,11151.28
edge:declared:db.TalingCoupon:_company	10608.35,11737.89 15795.50,12418.56
edge:declared:db.TaxBookkeepingServiceRequest:company	20949.67,14090.25 16175.50,12506.44
edge:declared:db.TaxBookkeepingServiceRequest:incorporation_request	21089.34,14172.25 21741.45,15834.75
edge:declared:db.TaxPartnerTbkContract:legal_partner	23527.96,14536.63 22618.39,14715.38
edge:declared:db.TaxPartnerTbkContractItem:tax_partner_tbk_contract	24001.04,14590.05 23763.96,14538.90
edge:declared:db.TaxPartnerTbkSettings:legal_partner	22842.69,15747.94 22511.47,14868.57
edge:declared:db.TbkConsulting:tax_bookkeeping_service_request	21465.62,14200.32 21210.26,14158.27
edge:declared:db.TbkConsulting:tbk_question_thread	21465.62,14223.75 19118.96,14280.79
edge:declared:db.TbkConsultingMemo:tbk_consulting	22098.12,14043.73 21713.62,14177.58
edge:declared:db.TbkConsultingRefusal:incorporation_request	21403.19,15526.42 21690.24,15834.75
edge:declared:db.TbkConsultingStatusLog:tbk_consulting	21509.61,14003.90 21571.54,14171.74
edge:declared:db.TbkContract:tbk_consulting	23029.86,15123.27 21667.81,14269.74
edge:declared:db.TbkContractBenefit:tbk_contract	23296.32,15183.00 23221.19,15175.93
edge:declared:db.TbkContractSettlement:tbk_contract	23299.98,14994.69 23146.22,15123.27
edge:declared:db.ThirdPartyArticleProviderUserRelation:article_provider	20436.81,19991.45 20431.98,19943.37
edge:declared:db.UserApiKeyCompanyAccess:api_key	17341.25,8451.74 17685.71,7510.54
edge:declared:db.UserApiKeyCompanyAccess:selected_companies	17312.34,8533.74 16060.52,12226.49
edge:declared:db.UserApiKeyCompanyRelation:company	17086.63,8247.67 16043.95,12226.49
edge:declared:db.UserApiKeyCompanyRelation:company_access	17128.15,8247.67 17303.66,8451.74
edge:declared:db.UserApiKeyRevocation:api_key	17224.25,7450.79 17575.54,7464.65
edge:declared:db.UserInvitation:company	8915.55,11702.81 15795.50,12428.24
edge:declared:db.UserInvitation:company_user_relation	8667.55,11717.90 7553.40,11970.87
edge:declared:db.UserInvitationInvitee:invitation	7798.74,12756.08 8749.65,11734.74
edge:declared:db.UserInvitationInvitee:stakeholder	7739.42,12830.08 9905.42,19164.24
edge:declared:db.UserInvitationOwnerRoleRelation:owner_role	9420.66,11273.50 9498.08,11104.17
edge:declared:db.UserInvitationOwnerRoleRelation:user_invitation	9384.41,11347.50 8869.50,11644.74
edge:declared:db.UserProfileImageMapping:profile_image	22057.09,18876.16 22144.90,18868.60
edge:declared:db.UserSealCardRelation:seal_card	-894.27,8505.44 -686.65,8400.11
edge:declared:db.ValuationHistory:company	18475.13,12453.02 16175.50,12444.22
edge:declared:db.ValuationServiceRequest:company	18086.38,13860.69 16175.50,12571.66
edge:declared:db.ValuationServiceRequest:company_question_thread	18221.72,13934.69 18834.96,14216.58
edge:declared:db.VcIrRecommendationRequest:venture_capital	35902.73,9747.00 37772.34,12216.20
edge:declared:db.VcIrRecommendationRequestResult:investor_relations	33989.68,8764.97 30725.81,7602.02
edge:declared:db.VcIrRecommendationRequestResult:request	34166.10,8838.97 35802.23,9673.00
edge:declared:db.VcLpReport:venture_capital	37465.11,12975.15 37756.42,12626.20
edge:declared:db.VcLpReportRequest:alimtalk_activity	38091.55,13354.76 36475.41,14052.53
edge:declared:db.VcLpReportRequest:vc_lp_report	38084.15,13272.76 37525.87,13049.15
edge:declared:db.VcLpReportRequestRecipient:alimtalk_activity_recipient	36165.97,13961.01 35449.66,14314.05
edge:declared:db.VcLpReportRequestRecipient:fund_partner	36238.13,13879.01 36748.65,13444.55
edge:declared:db.VcLpReportRequestRecipient:vc_lp_report_request	36380.18,13879.01 38062.51,13352.56
edge:declared:db.VcNameAlias:venture_capital	38943.13,12079.97 38111.56,12359.38
edge:declared:db.VcSearchLog:company	29373.21,6851.65 16175.50,12364.13
edge:declared:db.VcSearchLog:investor_relations	29532.63,6851.65 30417.81,7444.08
edge:declared:db.VcSearchLog:venture_capital	29533.05,6851.65 37743.56,12299.12
edge:declared:db.VcUserRole:venture_capital	35245.44,11022.05 37743.56,12325.21
edge:declared:db.VentureBusinessCertification:attachment	18439.27,15538.06 20438.84,18264.26
edge:declared:db.VentureBusinessCertification:company	18376.66,15456.06 16157.74,12660.49
edge:declared:db.VentureBusinessCertificationExpirationNotificationLog:venture_business_certification	18276.19,15615.21 18324.01,15538.06
edge:declared:db.VentureCapitalEmailTemplates:venture_capital	38433.98,12547.66 38111.56,12467.15
edge:declared:db.VentureCapitalPaymentLink:venture_capital	35727.20,12490.23 37743.56,12421.36
edge:declared:db.VentureCapitalQuarterlyReport:content_template	29787.57,15955.02 31163.34,13182.28
edge:declared:db.VentureCapitalQuarterlyReport:venture_capital	29883.97,15955.02 37743.56,12502.04
edge:declared:db.VentureCapitalQuarterlyReportContentTemplate:venture_capital	31379.20,13124.26 37743.56,12446.77
edge:declared:db.VentureCapitalQuarterlyReportItem:quarterly_report	28944.28,16226.40 29607.29,16057.70
edge:declared:db.VentureCapitalQuarterlyReportItemReply:file_attachment	24708.32,17463.71 20788.00,18415.84
edge:declared:db.VentureCapitalQuarterlyReportItemReply:item	25015.30,17381.71 28634.29,16307.86
edge:declared:db.VentureCapitalQuarterlyReportItemReply:reply	24866.26,17381.71 24759.62,16979.61
edge:declared:db.VentureCapitalQuarterlyReportReply:_deprecated_captable	24542.33,16978.97 20788.00,18408.83
edge:declared:db.VentureCapitalQuarterlyReportReply:company_create_request	24542.33,16954.77 23947.88,17096.05
edge:declared:db.VentureCapitalQuarterlyReportReply:portfolio_company	24857.71,16849.61 30618.62,14124.11
edge:declared:db.VentureCapitalQuarterlyReportReply:quarterly_report	24880.33,16884.37 29607.29,16038.42
edge:declared:db.VentureCapitalSubscription:subscription_plan	38788.09,11040.85 38955.58,11226.40
edge:declared:db.VentureCapitalSubscription:venture_capital	38733.30,11040.85 38047.22,12216.20
edge:declared:db.VentureCapitalSubscriptionPlanPermission:subscription_plan	40374.56,11218.86 39137.09,11262.32
edge:declared:db.VentureCapitalSubscriptionPlanPrice:subscription_plan	38893.86,11887.04 38986.06,11308.40
edge:declared:db.VentureCapitalUserRelation:roles	34911.56,10730.86 35162.16,10948.05
edge:declared:db.VentureCapitalUserRelation:venture_capital	34938.80,10730.86 37743.56,12317.14
edge:declared:db.VentureComplex:address	24690.67,17931.81 24164.57,18813.85
edge:declared:db.VideoCollection:video_contents	18704.52,9448.63 19357.58,8854.84
edge:declared:db.VideoCollectionFeedback:company	18054.45,10378.78 16175.50,12251.56
edge:declared:db.VideoCollectionFeedback:video_collection	18116.06,10304.78 18623.18,9538.63
edge:declared:db.VideoCollectionPermission:company	18412.12,9387.03 16161.37,12226.49
edge:declared:db.VideoCollectionPermission:video_collection	18504.16,9387.03 18608.57,9448.63
edge:declared:db.VideoContentHistory:company	18934.61,9743.81 16175.50,12269.56
edge:declared:db.VideoContentHistory:video_collection	18915.82,9661.81 18724.81,9538.63
edge:declared:db.VideoContentHistory:video_content	18998.92,9661.81 19383.15,8854.84
edge:declared:db.VideoContentSpeecher:video_content	19009.48,8753.67 19278.67,8794.86
edge:declared:db.WhitepaperPreviewFile:whitepaper	327.13,6281.66 292.16,6397.15
edge:declared:db.WhitepaperWatermarkFile:whitepaper	1560.14,5905.90 378.37,6397.15
edge:declared:db.WhtBook:employee	9375.61,15325.48 8624.11,15056.87
edge:declared:db.WhtBook:wht_book_without_date	9366.32,15402.32 9171.85,15458.53
edge:declared:db.WhtBookWithoutDate:employee	9010.37,15455.63 8600.80,15107.11
edge:declared:db.WhtCertificate:employee	10684.72,15112.01 8624.11,15012.94
edge:declared:db.WhtReceipt:employee	10087.73,15137.46 8624.11,15017.73
edge:declared:db.YearEndTaxSettlement:payroll	7811.68,19606.82 4829.58,4922.69
edge:declared:db.YearEndTaxSettlementConfirmationSchedule:year_end_tax_settlement	6773.31,17994.45 7792.49,19606.82
edge:declared:db.YetsAssistance:employee	13877.72,30648.42 6490.15,30415.67
edge:declared:db.YetsAssistanceCreatorYetsEmployee:yets_employee	7397.71,30208.80 6490.15,30382.94
edge:declared:db.YetsAssistanceMessage:assistance	15650.63,30425.98 14125.72,30638.05
edge:declared:db.YetsAssistanceMessage:creator	15650.63,30399.51 12234.45,30145.55
edge:declared:db.YetsAssistanceMessageFile:message	24112.07,32111.70 15898.63,30434.06
edge:declared:db.YetsAssistanceStaffAccessLog:assistance	13112.45,30784.30 13877.72,30670.75
edge:declared:db.YetsAssistanceStaffFavoriteRelation:assistance	14692.57,30474.92 14125.72,30620.50
edge:declared:db.YetsEmail:year_end_tax_settlement	9315.41,19612.32 7944.93,19663.85
edge:declared:db.YetsEmailAuthentication:yets_employee	5328.40,30966.98 6224.95,30476.05
edge:declared:db.YetsEmployee:employee	6352.57,30346.05 8443.14,15107.11
edge:declared:db.YetsEmployee:year_end_tax_settlement	6352.58,30346.05 7814.91,19696.82
edge:declared:db.YetsEmployeeFile:employee	24470.50,32318.06 6490.15,30425.53
edge:declared:db.YetsEmployeeResult:yets_employee	8660.89,29206.66 6490.15,30353.98
edge:declared:db.YetsEmployeeResultAssistanceMessageRelation:assistance_message	12854.71,30056.91 15650.63,30393.79
edge:declared:db.YetsEmployeeResultAssistanceMessageRelation:result	12466.71,30045.67 8870.03,29191.12
edge:declared:db.YetsEmployeeResultStatusLog:result	7890.74,29028.82 8622.03,29142.40
edge:declared:db.YetsEmployeeResultWhtReceipt:result	23326.38,30354.63 8870.03,29171.81
edge:declared:db.YetsEmployeeSubmissionLog:yets_employee	6144.81,30640.39 6287.29,30476.05
edge:declared:db.YetsEmployeeUploadForm:yets_employee	8254.20,30827.35 6490.15,30442.97
edge:declared:db.YetsEmployeeUploadFormStatusLog:yets_employee_upload_form	7866.68,31543.46 8345.09,30890.58
edge:declared:db.ZuzuTaxPhoneToken:phone	3798.51,12359.04 3493.88,12476.44
edge:declared:document_ai.DocumentAiProcessResult:request	28607.42,29787.26 29334.35,27371.06
edge:declared:fi_sta.FiStaCompanyCeo:fi_sta_company	35761.47,30367.87 34766.12,32739.60
edge:declared:fi_sta.FiStaCompanySearchResult:fi_sta_company	34822.35,31532.78 34751.32,32739.60
edge:declared:fi_sta.FiStaContractDocument:participant	32400.06,33295.62 32975.56,33670.38
edge:declared:fi_sta.FiStaContractDocument:stock_transfer_agreement_document	32206.96,33271.54 29651.06,33702.81
edge:declared:fi_sta.FiStaContractDocument:stock_transfer_notice_poa_document	32351.27,33295.62 32455.17,33525.78
edge:declared:fi_sta.FiStaContractDocument:stock_unissued_confirmation_poa_document	32329.45,33205.62 32232.18,30313.96
edge:declared:fi_sta.FiStaManagement:fi_sta_company	37148.54,35079.41 34791.71,32821.60
edge:declared:fi_sta.FiStaParticipant:fi_sta_user	33174.81,33757.54 35420.46,34448.65
edge:declared:fi_sta.FiStaStockTransferAgreementDocument:starter	29651.06,33730.92 32926.81,33719.80
edge:declared:fi_sta.FiStaStockTransferNoticePoaDocument:signer	32608.66,33599.78 32926.81,33685.84
edge:declared:fi_sta.FiStaStockUnissuedConfirmationPoaDocument:signer	32239.75,30313.96 33039.14,33670.38
edge:declared:fi_sta.FiStaTransferStock:stock_transfer_agreement_document	31717.98,33947.78 29651.06,33747.94
edge:declared:fi_sta.FiStaUser:fi_sta_management	35635.07,34521.97 37090.55,35079.41
edge:declared:vertex_ai.VertexAiPredictionResult:request	39734.71,17447.12 39655.45,17530.12
edge:inheritance:db.AgendaBonusIssueNewIssueBalanceCertificateFile->db.FileAttachment	18664.50,19718.90 20408.00,18593.94
edge:inheritance:db.AgendaBonusIssueNewIssueMinutesFile->db.FileAttachment	18525.91,20075.92 20408.00,18613.63
edge:inheritance:db.Announcement->db.QuestionThread	21131.69,12270.54 20945.72,12566.05
edge:inheritance:db.AppointedDirectorCertificateOfSealDocument->db.MeetingDocument	16785.39,29512.41 14910.23,26287.28
edge:inheritance:db.AppointedDirectorResidentRegistrationDocument->db.MeetingDocument	18700.59,26456.02 14973.69,26106.95
edge:inheritance:db.ArticlesOfIncorporationAfterChangeDocument->db.MeetingDocument	21583.93,27775.69 14973.69,26134.47
edge:inheritance:db.ArticlesOfIncorporationBeforeChangeDocument->db.MeetingDocument	16747.31,26009.58 14973.69,26082.92
edge:inheritance:db.ArticlesOfIncorporationDocument->db.MeetingDocument	17734.76,27725.33 14973.69,26189.30
edge:inheritance:db.AuditReportDocument->db.MeetingDocument	18962.03,29121.15 14973.69,26219.77
edge:inheritance:db.BalanceCertificateDocument->db.MeetingDocument	14893.60,22782.79 14773.68,25893.28
edge:inheritance:db.BeforeunloadPdfEvent->db.PdfEvent	33336.02,11155.27 34036.83,11379.54
edge:inheritance:db.BigNumberValueWithVisibility->db.ValueWithVisibility	38556.88,4608.44 37189.44,5833.36
edge:inheritance:db.BranchAbolitionEvent->db.Event	18145.23,18069.22 15741.98,16945.74
edge:inheritance:db.BranchChangeEvent->db.Event	19442.20,18462.11 15741.98,16939.46
edge:inheritance:db.BranchInstallationEvent->db.Event	18967.54,18265.79 15741.98,16939.42
edge:inheritance:db.BulkEmailCommonAttachment->db.FileAttachment	17837.83,18023.86 20408.00,18447.25
edge:inheritance:db.BulkEmailRecipientAttachment->db.FileAttachment	19740.60,18726.42 20408.00,18575.83
edge:inheritance:db.CapitalChangeEvent->db.Event	15107.96,15829.91 15551.99,16769.56
edge:inheritance:db.CaptableAfterNewIssueDocument->db.MeetingDocument	17432.97,29705.88 14939.39,26287.28
edge:inheritance:db.CaptableAtRecordDateDocument->db.MeetingDocument	19396.70,26263.27 14973.69,26096.97
edge:inheritance:db.CaptableBeforeNewIssueDocument->db.MeetingDocument	16352.20,25060.97 14973.69,25951.23
edge:inheritance:db.CeoAddressChangeEvent->db.Event	15948.91,16620.21 15741.98,16770.96
edge:inheritance:db.CeoConfirmationDocument->db.MeetingDocument	18380.10,26128.81 14973.69,26092.19
edge:inheritance:db.CeoTypeChangedCeoResidentRegistrationDocument->db.MeetingDocument	13711.79,24535.20 14658.38,25893.28
edge:inheritance:db.CertificateOfCorporateSealDocument->db.MeetingDocument	16490.82,25776.69 14973.69,26058.54
edge:inheritance:db.CertificateOfSealNotarizationPoaDocument->db.MeetingDocument	14485.76,27271.23 14743.99,26287.28
edge:inheritance:db.CmeBulkEmail->db.BulkEmail	17699.17,16485.25 13712.71,17217.63
edge:inheritance:db.CmeBulkEmailRecipient->db.BulkEmailRecipient	18230.88,16424.86 17298.68,19060.77
edge:inheritance:db.CmeBulkEmailTemplate->db.BulkEmailTemplate	19872.49,15027.04 19523.22,15009.45
edge:inheritance:db.CoCeoSystemChangeEvent->db.Event	15915.74,16443.71 15672.92,16769.56
edge:inheritance:db.CompanyAddressChangeEvent->db.Event	19446.40,18335.20 15741.98,16934.52
edge:inheritance:db.CompanyBulkEmailTemplate->db.BulkEmailTemplate	18703.26,13962.02 19374.61,14979.58
edge:inheritance:db.CompanyDocumentDelivery->db.DocumentDelivery	18633.53,12620.69 20164.18,12619.21
edge:inheritance:db.CompanyEndorsementFeed->db.CompanyFeed	28231.35,6959.01 28922.96,5248.32
edge:inheritance:db.CompanyFeed->db.Feed	28950.46,5248.32 29086.56,6437.61
edge:inheritance:db.CompanyIrClosingFeed->db.CompanyFeed	29223.89,6188.41 28959.31,5248.32
edge:inheritance:db.CompanyIrNewCommitFeed->db.CompanyFeed	29787.38,6047.07 28996.84,5248.32
edge:inheritance:db.CompanyIrOpenFeed->db.CompanyFeed	29933.70,5521.57 29068.39,5236.21
edge:inheritance:db.CompanyNewsFeed->db.CompanyFeed	26715.15,6316.05 28820.39,5189.03
edge:inheritance:db.CompanyOwnerAuditLog->db.AuditLog	9639.33,8052.43 17897.37,6336.68
edge:inheritance:db.CompanyPaymentLink->db.PaymentLink	23821.97,12167.61 25612.31,12998.91
edge:inheritance:db.CompanyQuestionThread->db.QuestionThread	19083.33,14192.85 20862.66,12704.05
edge:inheritance:db.CompanyTanTableView->db.TanTableView	10594.71,9951.73 11006.15,9823.80
edge:inheritance:db.ConsentFormModusignDocument->db.ModusignDocument	30811.95,28724.74 23823.31,20680.63
edge:inheritance:db.ConsentFormModusignEmbeddedDraft->db.ModusignEmbeddedDraft	27141.94,33209.67 23317.08,22015.61
edge:inheritance:db.ConsentFormOptionItem->db.ConsentFormItem	23552.63,24308.36 24278.65,26812.19
edge:inheritance:db.CorporateRegistrationDocument->db.MeetingDocument	16690.94,28996.06 14924.18,26287.28
edge:inheritance:db.CustomOptionGrantContractTemplate->db.OptionGrantContractTemplate	19807.54,16190.31 19610.69,16132.43
edge:inheritance:db.CustomOptionGrantContractTemplateRevision->db.OptionGrantContractTemplateRevision	20520.57,16679.27 20386.44,16605.07
edge:inheritance:db.DebtConfirmationAndOffsetContractDocument->db.MeetingDocument	17242.50,25505.27 14973.69,26047.72
edge:inheritance:db.Director->db.Stakeholder	16490.72,16497.03 10125.11,19248.94
edge:inheritance:db.DirectorAppointmentEvent->db.Event	16136.62,16103.16 15672.56,16769.56
edge:inheritance:db.DirectorCompensationDecisionEvent->db.Event	16376.65,16837.02 15741.98,16865.33
edge:inheritance:db.DirectorCompensationLimitEvent->db.Event	16273.23,16684.90 15741.98,16835.30
edge:inheritance:db.DirectorDecisionDocument->db.MeetingDocument	19012.31,27009.02 14973.69,26129.06
edge:inheritance:db.DirectorResidentRegistrationWithAddressChangeHistoryDocument->db.MeetingDocument	14101.77,23540.44 14742.08,25893.28
edge:inheritance:db.DirectorTermEndEvent->db.Event	16216.56,16450.40 15741.98,16774.08
edge:inheritance:db.DirectorsMeetingMinutesDocument->db.MeetingDocument	16304.55,24032.28 14937.76,25893.28
edge:inheritance:db.DirectorsMeetingNoticeDocument->db.MeetingDocument	16359.87,29167.83 14895.82,26287.28
edge:inheritance:db.DirectorsMeetingNoticeEmail->db.BulkEmail	15843.45,19177.66 13658.06,17310.73
edge:inheritance:db.DirectorsMeetingNoticeEmailRecipient->db.BulkEmailRecipient	16022.50,19366.74 17148.52,19140.03
edge:inheritance:db.DirectorsMeetingSkipNoticeDocument->db.MeetingDocument	15770.92,29476.38 14852.43,26287.28
edge:inheritance:db.DocumentLoadedPdfEvent->db.PdfEvent	33916.97,11242.11 34104.38,11378.22
edge:inheritance:db.ESOPParticipant->db.Employee	9170.67,15899.18 8562.72,15107.11
edge:inheritance:db.ElectronicCertificateApplicationFormDocument->db.MeetingDocument	8179.74,25205.19 14617.69,26066.47
edge:inheritance:db.ElectronicCertificateCaseReportDocument->db.MeetingDocument	8922.50,23488.90 14617.69,26011.44
edge:inheritance:db.Employee->db.Stakeholder	8516.68,15107.11 9905.37,19164.24
edge:inheritance:db.EmployeeOptionExerciseEvent->db.Event	15744.69,17197.08 15645.56,16987.56
edge:inheritance:db.EmployeeOptionExerciseManagementEmail->db.BulkEmail	13183.34,14591.62 13577.38,17172.73
edge:inheritance:db.EmployeeOptionGrantee->db.Employee	8977.03,13919.24 8527.21,14905.11
edge:inheritance:db.EmployeeStockGuideEmail->db.BulkEmail	12741.75,17136.31 13452.71,17227.48
edge:inheritance:db.ExpertClientSignupChannel->db.SignupChannel	24066.21,14881.12 25110.19,14657.71
edge:inheritance:db.FeeReceiptDocument->db.MeetingDocument	16395.94,27613.16 14973.69,26259.67
edge:inheritance:db.FileValueWithVisibility->db.ValueWithVisibility	38386.22,5854.07 37266.13,5868.81
edge:inheritance:db.FinancialStatementsDocument->db.MeetingDocument	19376.39,27367.86 14973.69,26139.93
edge:inheritance:db.FinancialStatementsForNewIssueFromConversionDocument->db.MeetingDocument	15803.02,23556.56 14874.01,25893.28
edge:inheritance:db.HrmAlpUsagePlan->db.HrmApprovable	5329.81,18187.12 2975.40,17843.18
edge:inheritance:db.HrmAnnualLeave->db.HrmLeaveBase	3800.58,21692.88 3182.96,20951.47
edge:inheritance:db.HrmAnnualLeaveFiscalBasedConfig->db.HrmAnnualLeaveConfigBase	4122.79,24962.65 3813.10,22607.43
edge:inheritance:db.HrmAnnualLeaveHireBasedConfig->db.HrmAnnualLeaveConfigBase	3719.27,24148.10 3806.14,22607.43
edge:inheritance:db.HrmAttendance->db.HrmApprovable	4062.71,17923.19 2975.40,17835.46
edge:inheritance:db.HrmAttendanceLocation->db.HrmApprovable	5103.80,17156.29 2975.40,17788.01
edge:inheritance:db.HrmCertificateIssue->db.HrmApprovable	5485.40,16668.05 2937.98,17776.27
edge:inheritance:db.HrmCompensatoryLeave->db.HrmLeaveBase	1966.75,20737.02 2986.15,20861.82
edge:inheritance:db.HrmCustomLeave->db.HrmLeaveBase	2479.52,20749.24 2986.15,20851.12
edge:inheritance:db.HrmDeptAbolishedEvent->db.HrmDeptStatusEventBase	21.47,22520.04 -46.00,21411.10
edge:inheritance:db.HrmDeptCreatedEvent->db.HrmDeptStatusEventBase	-157.55,20735.04 -55.53,21329.10
edge:inheritance:db.HrmDeptNameChangedEvent->db.HrmDeptNameEventBase	-1106.63,19815.27 -1438.96,20044.28
edge:inheritance:db.HrmDeptNameEventBase->db.HrmDeptEventBase	-1438.44,20118.28 -1191.56,20286.80
edge:inheritance:db.HrmDeptParentChangedEvent->db.HrmDeptParentEventBase	-827.98,19981.08 -341.30,19998.36
edge:inheritance:db.HrmDeptParentEventBase->db.HrmDeptEventBase	-328.58,20039.55 -1032.07,20286.80
edge:inheritance:db.HrmDeptStatusEventBase->db.HrmDeptEventBase	-91.16,21329.10 -1098.84,20360.80
edge:inheritance:db.HrmDocument->db.HrmApprovable	2105.82,15649.27 2835.38,17776.27
edge:inheritance:db.HrmEmpAbsenceEvent->db.HrmEmpStatusEventBase	4840.09,15728.77 5232.14,15834.78
edge:inheritance:db.HrmEmpAffiliationChangedEvent->db.HrmEmpAffiliationEventBase	3299.95,16946.95 3590.86,17098.19
edge:inheritance:db.HrmEmpAffiliationEventBase->db.HrmEmpEventBase	3779.96,17098.19 4192.62,16981.41
edge:inheritance:db.HrmEmpContractModusignDocument->db.ModusignDocument	29408.55,36913.09 23776.50,20680.63
edge:inheritance:db.HrmEmpDepartedEvent->db.HrmEmpStatusEventBase	5709.56,15848.33 5480.14,15861.30
edge:inheritance:db.HrmEmpEmploymentTypeChangedEvent->db.HrmEmpEmploymentTypeEventBase	4734.07,17098.35 4677.86,17054.15
edge:inheritance:db.HrmEmpEmploymentTypeEventBase->db.HrmEmpEventBase	4488.81,16988.82 4428.62,16975.04
edge:inheritance:db.HrmEmpJobChangedEvent->db.HrmEmpJobEventBase	3558.51,16299.03 3775.30,16755.69
edge:inheritance:db.HrmEmpJobEventBase->db.HrmEmpEventBase	3910.87,16828.57 4192.62,16914.23
edge:inheritance:db.HrmEmpJoinedEvent->db.HrmEmpStatusEventBase	5028.78,16442.59 5325.93,15921.31
edge:inheritance:db.HrmEmpReturnToWorkEvent->db.HrmEmpStatusEventBase	5241.87,15743.33 5307.68,15815.31
edge:inheritance:db.HrmEmpStatusEventBase->db.HrmEmpEventBase	5304.80,15921.31 4346.00,16911.02
edge:inheritance:db.HrmFamilyCareLeave->db.HrmLeaveBase	1966.75,20843.85 2986.15,20874.39
edge:inheritance:db.HrmFixedWork->db.HrmWorkBase	1866.55,18789.28 1860.60,18964.32
edge:inheritance:db.HrmGrantableLeave->db.HrmLeaveBase	3500.97,20242.28 3165.62,20805.47
edge:inheritance:db.HrmInfertilityTreatmentLeave->db.HrmLeaveBase	2976.61,20332.72 3102.68,20805.47
edge:inheritance:db.HrmLeaveUsage->db.HrmApprovable	6642.98,18365.14 2975.40,17842.55
edge:inheritance:db.HrmMaternityLeave->db.HrmLeaveBase	1966.75,21057.50 2986.15,20899.54
edge:inheritance:db.HrmMenstrualLeave->db.HrmLeaveBase	2514.90,21273.91 3010.05,20951.47
edge:inheritance:db.HrmMiscarriageLeave->db.HrmLeaveBase	1966.75,21164.34 2986.15,20912.12
edge:inheritance:db.HrmPaternityLeave->db.HrmLeaveBase	2479.52,21155.63 2986.15,20937.13
edge:inheritance:db.HrmPersonalLocation->db.HrmApprovable	6284.66,16327.03 2962.52,17776.27
edge:inheritance:db.HrmReserveTrainingLeave->db.HrmLeaveBase	2271.20,21589.57 3034.79,20951.47
edge:inheritance:db.HrmSelectiveWork->db.HrmWorkBase	2180.00,19418.54 1907.22,19086.32
edge:inheritance:db.HrmSelectiveWorkPlan->db.HrmApprovable	3865.55,18038.04 2975.40,17851.28
edge:inheritance:db.HrmStaggeredWork->db.HrmWorkBase	774.05,19504.33 1728.52,19082.74
edge:inheritance:db.IBKSignupChannel->db.SignupChannel	25874.53,14583.64 25358.19,14625.15
edge:inheritance:db.IaCertificateOfInvestmentDocument->db.InvestmentAssociationDocument	36811.39,18586.91 35944.93,19292.24
edge:inheritance:db.IaConsentFormDocument->db.InvestmentAssociationDocument	36258.86,18527.41 35898.72,19292.24
edge:inheritance:db.IaConsentFormOrMeetingElectronicSignatureRequestModusignDocument->db.ModusignDocument	30740.57,20772.00 23888.86,20603.75
edge:inheritance:db.IaConsentFormOrMeetingElectronicSignatureRequestModusignEmbeddedDraft->db.ModusignEmbeddedDraft	31151.66,21886.89 23423.78,21961.41
edge:inheritance:db.IaConsentFormOrMeetingElectronicSignatureRequiredDocument->db.InvestmentAssociationDocument	34019.85,19855.98 35727.00,19392.10
edge:inheritance:db.IaExpertPartnerBulkEmailTemplate->db.BulkEmailTemplate	21102.83,15339.69 19523.22,15036.32
edge:inheritance:db.IaExplanationFormForElectronicSignatureDocument->db.InvestmentAssociationDocument	37597.94,18599.24 36009.79,19292.24
edge:inheritance:db.IaGpAppointmentEvent->db.InvestmentAssociationEvent	35506.02,17869.09 33494.49,17657.63
edge:inheritance:db.IaGpTerminationEvent->db.InvestmentAssociationEvent	35840.14,18162.72 33494.49,17670.22
edge:inheritance:db.IaMeetingAgendaCustom->db.IaMeetingAgenda	35962.31,20828.89 35643.81,20567.02
edge:inheritance:db.IaMeetingMinutesDocument->db.InvestmentAssociationDocument	35206.27,19987.04 35806.12,19414.24
edge:inheritance:db.IaMeetingNoticeDocument->db.InvestmentAssociationDocument	34925.13,19870.68 35758.61,19414.24
edge:inheritance:db.IaMeetingSealedNoticeDocumentFile->db.FileAttachment	30414.63,19769.08 20788.00,18505.90
edge:inheritance:db.IaMeetingShortenPeriodDocument->db.InvestmentAssociationDocument	35924.81,20145.66 35874.22,19414.24
edge:inheritance:db.IaModusignDocumentUsageHistory->db.BaseModusignDocumentUsageHistory	28523.53,15335.30 25442.48,13617.59
edge:inheritance:db.IaOwnerAuditLog->db.AuditLog	25151.96,8331.68 18133.37,6345.55
edge:inheritance:db.IaPartnerListDocument->db.InvestmentAssociationDocument	35723.94,19129.87 35830.11,19292.24
edge:inheritance:db.IaPaymentLink->db.PaymentLink	26786.20,13716.58 25781.28,13088.91
edge:inheritance:db.IaPfCompanyInvestmentSalesIntent->db.SalesIntent	34192.82,22301.47 35536.03,23051.51
edge:inheritance:db.IaQuestionThread->db.QuestionThread	26610.94,13839.81 21075.12,12654.11
edge:inheritance:db.IaRuleDocument->db.InvestmentAssociationDocument	33053.01,19250.73 35727.00,19348.04
edge:inheritance:db.IaSealStampImage->db.FileAttachment	22198.28,18366.05 20788.00,18467.58
edge:inheritance:db.IaWrittenResolutionDocument->db.InvestmentAssociationDocument	35916.65,19921.08 35875.01,19414.24
edge:inheritance:db.ImAcVcBroker->db.ImZuzuBroker	29423.82,12313.13 31922.64,12204.71
edge:inheritance:db.ImIndividualGpBroker->db.ImZuzuBroker	31682.19,12352.18 31953.72,12236.59
edge:inheritance:db.ImInvestorBroker->db.ImBroker	35094.31,12287.79 33714.56,12133.02
edge:inheritance:db.ImIrPartnerBroker->db.ImBroker	31295.90,12059.16 33466.56,12115.87
edge:inheritance:db.ImPitchingDay->db.ImDay	33062.32,10375.95 33684.81,10658.11
edge:inheritance:db.ImPitchingDayParticipation->db.ImDayParticipation	31735.31,10041.85 32721.31,10577.86
edge:inheritance:db.ImZuzuBroker->db.ImBroker	32158.64,12193.46 33466.56,12125.55
edge:inheritance:db.InauguralConsentDocument->db.MeetingDocument	13378.89,23295.04 14695.84,25893.28
edge:inheritance:db.IncorporationRequestAssistanceReceipt->db.FileAttachment	22861.41,16855.82 20785.20,18264.26
edge:inheritance:db.IndividualStakeholder->db.Stakeholder	7738.60,21912.63 9824.58,19478.24
edge:inheritance:db.IndividualStockOptionCancelEvent->db.IndividualInvestorEvent	38435.66,28675.92 37152.37,28060.00
edge:inheritance:db.IndividualStockOptionExerciseEvent->db.IndividualInvestorEvent	38865.93,29743.79 37105.65,28060.00
edge:inheritance:db.IndividualStockOptionGrantEvent->db.IndividualInvestorEvent	37207.35,26327.13 37062.58,27970.00
edge:inheritance:db.IndividualStockOptionPauseEvent->db.IndividualInvestorEvent	32754.57,27318.35 36934.61,27994.93
edge:inheritance:db.IndividualStockOptionResumeEvent->db.IndividualInvestorEvent	33523.78,29378.17 36941.92,28060.00
edge:inheritance:db.IndividualStockOptionSalesIntent->db.SalesIntent	34020.94,23103.55 35499.48,23089.62
edge:inheritance:db.InputSignupChannel->db.SignupChannel	25969.11,15025.23 25311.43,14676.12
edge:inheritance:db.InstitutionStakeholder->db.Stakeholder	10051.64,21126.14 9967.16,19478.24
edge:inheritance:db.InvestmentAssociationAssociationPartner->db.InvestmentAssociationOrganizationPartner	36502.45,15918.74 38114.92,16816.84
edge:inheritance:db.InvestmentAssociationCorporationPartner->db.InvestmentAssociationOrganizationPartner	39201.95,15965.32 38257.26,16816.84
edge:inheritance:db.InvestmentAssociationIndividualPartner->db.InvestmentAssociationPartner	36653.41,17122.85 39510.51,18202.36
edge:inheritance:db.InvestmentAssociationOrganizationPartner->db.InvestmentAssociationPartner	38253.97,16914.84 39553.11,18152.68
edge:inheritance:db.InvestmentAssociationOrganizationPartnerCorporationSigner->db.InvestmentAssociationOrganizationPartnerSigner	38565.53,14904.67 38120.34,15049.32
edge:inheritance:db.InvestmentAssociationOrganizationPartnerIndividualSigner->db.InvestmentAssociationOrganizationPartnerSigner	37818.77,14963.00 37925.96,15049.32
edge:inheritance:db.InvestmentAssociationPartnerSalesIntent->db.SalesIntent	37022.05,21862.27 35659.86,23051.51
edge:inheritance:db.InvestmentContractHolder->db.Stakeholder	11560.53,15771.78 10030.46,19164.24
edge:inheritance:db.InvestorRelations->db.InvestorMatching	30487.67,7676.15 28476.66,10818.45
edge:inheritance:db.IrClosingComplete->db.IrClosing	31974.78,5141.94 33065.76,6625.62
edge:inheritance:db.IrClosingExpired->db.IrClosing	33082.52,7190.72 33094.86,6707.62
edge:inheritance:db.IrClosingIncomplete->db.IrClosing	34178.60,6699.07 33219.91,6670.34
edge:inheritance:db.IrConsultingRequest->db.ImConsultingRequest	27833.51,9899.00 27029.50,9524.50
edge:inheritance:db.IrFeed->db.Feed	30172.24,7436.22 29127.27,6511.61
edge:inheritance:db.IrosOtpIssueMeetingDocument->db.MeetingDocument	9874.19,22805.56 14617.69,25971.48
edge:inheritance:db.LawtalkSignupAttachment->db.FileAttachment	18668.71,16235.94 20408.00,18275.36
edge:inheritance:db.LedgerByCustomerDocument->db.MeetingDocument	16208.76,22715.29 14878.17,25893.28
edge:inheritance:db.LegalPartnerSignupChannel->db.SignupChannel	24172.36,14347.07 25110.19,14607.51
edge:inheritance:db.ManualOptionVesting->db.OptionVesting	14511.47,18547.92 14538.22,18441.66
edge:inheritance:db.ManualProduct->db.Product	24502.60,12141.65 24637.72,12200.79
edge:inheritance:db.MeetingAttachment->db.FileAttachment	18339.42,17680.92 20408.00,18410.99
edge:inheritance:db.Mna->db.InvestorMatching	27954.36,10727.77 28275.14,10855.09
edge:inheritance:db.MnaConsultingRequest->db.ImConsultingRequest	26796.57,9667.12 26909.12,9524.50
edge:inheritance:db.NcpSignupChannel->db.SignupChannel	26669.84,14986.20 25358.19,14665.44
edge:inheritance:db.NewCeoCertificateOfSealDocument->db.MeetingDocument	17085.36,28573.82 14973.69,26283.35
edge:inheritance:db.NewCeoResidentRegistrationDocument->db.MeetingDocument	17437.68,29329.28 14956.38,26287.28
edge:inheritance:db.NewIssueNoticeEmail->db.BulkEmail	13073.41,20788.19 13572.65,17310.73
edge:inheritance:db.NewIssueSkipNoticeDocument->db.MeetingDocument	15125.09,23083.45 14817.27,25893.28
edge:inheritance:db.NewIssueStockAcceptanceDocument->db.MeetingDocument	17756.31,26066.36 14973.69,26088.84
edge:inheritance:db.NewIssueStockAllocationDocument->db.MeetingDocument	18453.90,24245.27 14973.69,25991.98
edge:inheritance:db.NewIssueStockAllocationRecordDateNoticeDocument->db.MeetingDocument	20216.94,24220.69 14973.69,26028.89
edge:inheritance:db.NewIssueStockSubscriptionDocument->db.MeetingDocument	17458.02,25303.72 14973.69,26037.69
edge:inheritance:db.NewIssueStockUnissuedConfirmationDocument->db.MeetingDocument	17827.32,25671.39 14973.69,26058.58
edge:inheritance:db.NonUnifiedShareManagementSalesIntent->db.SalesIntent	34791.55,25000.98 35605.79,23125.51
edge:inheritance:db.NonUnifiedShareSucPoaModusignDocument->db.ModusignDocument	24842.57,20991.88 23888.86,20648.58
edge:inheritance:db.NotarizationPoaDocument->db.MeetingDocument	19923.11,27077.98 14973.69,26124.57
edge:inheritance:db.OptionExerciseClaimAttachment->db.FileAttachment	13126.00,17582.73 20408.00,18458.90
edge:inheritance:db.OptionExerciseClaimMeetingDocument->db.MeetingDocument	13263.28,22272.62 14714.67,25893.28
edge:inheritance:db.OptionExerciseManagementEmail->db.BulkEmail	13804.14,16516.30 13603.77,17172.73
edge:inheritance:db.OptionGrantContractCeo->db.OptionGrantContractStakeholder	19452.49,15378.38 19333.31,15294.82
edge:inheritance:db.OptionGrantContractFirstRefusalRightHolder->db.OptionGrantContractStakeholder	19451.01,15272.52 19333.31,15257.61
edge:inheritance:db.OptionGrantContractModusignDocument->db.ModusignDocument	22218.45,20387.95 23616.86,20580.87
edge:inheritance:db.OptionGrantContractModusignEmbeddedDraft->db.ModusignEmbeddedDraft	22102.92,20889.51 23240.67,21909.61
edge:inheritance:db.OptionGrantEvent->db.Event	15016.70,18437.17 15552.20,16987.56
edge:inheritance:db.OptionGrantee->db.Stakeholder	13802.55,19162.86 10125.11,19314.79
edge:inheritance:db.OptionWithdrawEvent->db.Event	14979.67,16358.02 15465.92,16769.56
edge:inheritance:db.OtherDocumentArchiveAttachment->db.FileAttachment	20160.43,17137.83 20533.16,18264.26
edge:inheritance:db.PageNumberUpdatedPdfEvent->db.PdfEvent	34593.10,11473.14 34284.83,11434.69
edge:inheritance:db.PayrollStatementEmail->db.BulkEmail	10540.87,17925.71 13452.71,17241.37
edge:inheritance:db.PayrollStatementEmailRecipient->db.BulkEmailRecipient	9970.60,18417.77 17148.52,19110.38
edge:inheritance:db.PerformanceRsuVestingItem->db.RsuVestingItem	14507.52,14818.39 14412.78,14854.09
edge:inheritance:db.PeriodPhantomStockVestingItem->db.PhantomStockVestingItem	8703.99,18293.37 8493.78,18009.48
edge:inheritance:db.PeriodRsuVestingItem->db.RsuVestingItem	14646.89,14649.15 14357.02,14854.09
edge:inheritance:db.PeriodicOptionVesting->db.OptionVesting	14198.02,18520.73 14436.12,18441.66
edge:inheritance:db.PhantomStockCancelEvent->db.Event	14742.77,17103.83 15445.98,16917.73
edge:inheritance:db.PhantomStockExerciseEvent->db.Event	15409.44,17251.19 15540.00,16987.56
edge:inheritance:db.PhantomStockGrantEvent->db.Event	14877.79,16933.45 15445.98,16889.90
edge:inheritance:db.PhantomStockGrantee->db.Stakeholder	9256.85,18199.56 9860.82,19164.24
edge:inheritance:db.PhantomStockPauseEvent->db.Event	15500.24,16247.35 15577.20,16769.56
edge:inheritance:db.PhantomStockResumeEvent->db.Event	15394.04,16455.62 15545.97,16769.56
edge:inheritance:db.PingpongDeliveryAddress->db.Address	23734.78,14348.97 24079.87,18813.85
edge:inheritance:db.Playbook->db.MembershipContent	-1668.93,4499.94 -1435.93,4958.39
edge:inheritance:db.Post->db.MembershipContent	-1867.34,4981.27 -1537.06,4997.35
edge:inheritance:db.ProofOfEmploymentDocument->db.MeetingDocument	18637.52,27984.11 14973.69,26178.03
edge:inheritance:db.QuarterlyReportRequestAttachment->db.FileAttachment	27813.71,16960.04 20788.00,18444.15
edge:inheritance:db.QuarterlyReportSignupChannel->db.SignupChannel	28115.25,14971.87 25358.19,14648.53
edge:inheritance:db.QuestionMessageAttachment->db.FileAttachment	21663.49,16183.02 20698.60,18264.26
edge:inheritance:db.RegistrationAssistanceReceipt->db.FileAttachment	21637.62,16995.50 20749.84,18264.26
edge:inheritance:db.RegistrationFormAllInOneDocument->db.MeetingDocument	15823.08,25056.15 14952.22,25893.28
edge:inheritance:db.RegistrationFormAoiChangeDocument->db.MeetingDocument	13615.62,25743.53 14617.69,26037.98
edge:inheritance:db.RegistrationFormBranchChangeDocument->db.MeetingDocument	19542.20,28255.35 14973.69,26171.47
edge:inheritance:db.RegistrationFormCaptableDocument->db.MeetingDocument	17502.99,24862.34 14973.69,26009.23
edge:inheritance:db.RegistrationFormCeoAddressChangeDocument->db.MeetingDocument	16048.45,25986.36 14973.69,26068.93
edge:inheritance:db.RegistrationFormDirectorChangeDocument->db.MeetingDocument	17804.28,27978.55 14973.69,26202.00
edge:inheritance:db.RegistrationFormHeadOfficeInsideRelocationDocument->db.MeetingDocument	19546.23,24160.63 14973.69,26017.05
edge:inheritance:db.RegistrationFormHeadOfficeOutsideRelocationDocument->db.MeetingDocument	20073.64,24104.64 14973.69,26022.32
edge:inheritance:db.RegistrationFormNewIssueDocument->db.MeetingDocument	15262.84,23575.72 14832.29,25893.28
edge:inheritance:db.RegistrationFormNewOptionsRuleDocument->db.MeetingDocument	14730.06,27462.35 14786.27,26287.28
edge:inheritance:db.RegistrationPoaDocument->db.MeetingDocument	16122.75,29619.64 14869.76,26287.28
edge:inheritance:db.RegularProduct->db.Product	24596.56,12341.41 24677.38,12274.79
edge:inheritance:db.ResignationLetterDocument->db.MeetingDocument	13323.50,24398.54 14624.26,25893.28
edge:inheritance:db.ResignedDirectorCertificateOfSealDocument->db.MeetingDocument	14124.71,26225.69 14617.69,26126.20
edge:inheritance:db.RsaForfeitEvent->db.Event	15287.33,16858.56 15445.98,16868.91
edge:inheritance:db.RsaVestConfirmEvent->db.Event	15943.45,16938.19 15741.98,16903.81
edge:inheritance:db.RsuCancelEvent->db.Event	15006.89,16207.96 15501.61,16769.56
edge:inheritance:db.RsuExerciseClaimCandidateEmailRecipient->db.BulkEmailRecipient	12227.21,16548.85 17167.22,19060.77
edge:inheritance:db.RsuExerciseEvent->db.Event	15066.04,16065.85 15545.22,16769.56
edge:inheritance:db.RsuExerciseManagementEmail->db.BulkEmail	12342.90,16430.51 13506.00,17172.73
edge:inheritance:db.RsuGrantContractModusignDocument->db.ModusignDocument	21698.50,19309.26 23623.90,20518.63
edge:inheritance:db.RsuGrantEvent->db.Event	15021.52,16653.22 15445.98,16820.30
edge:inheritance:db.RsuGrantee->db.Stakeholder	12051.44,16994.39 10100.64,19164.24
edge:inheritance:db.RsuPauseEvent->db.Event	15130.20,17350.92 15493.22,16987.56
edge:inheritance:db.RsuPerformanceAchievementEvent->db.Event	15307.83,16673.71 15460.29,16769.56
edge:inheritance:db.RsuResumeEvent->db.Event	15115.88,17193.87 15445.98,16976.17
edge:inheritance:db.RtccEmail->db.BulkEmail	13840.07,17111.67 13712.71,17176.03
edge:inheritance:db.RtccInvestorFile->db.FileAttachment	16364.89,17386.75 20408.00,18432.13
edge:inheritance:db.SafeCreateEvent->db.Event	18015.59,17892.91 15741.98,16939.54
edge:inheritance:db.SalesReportDocument->db.MeetingDocument	14067.62,27512.00 14694.81,26287.28
edge:inheritance:db.SealStampCardContinuedUseApplicationFormDocument->db.MeetingDocument	9309.83,23288.16 14617.69,25999.36
edge:inheritance:db.SealStampDeclarationDocument->db.MeetingDocument	9611.41,23136.75 14617.69,25988.87
edge:inheritance:db.SealStampImage->db.FileAttachment	18694.36,16994.91 20408.00,18327.87
edge:inheritance:db.SealedOptionGrantContractDocument->db.MeetingDocument	20043.77,26224.50 14973.69,26094.83
edge:inheritance:db.SealedOptionGrantShareholdersMeetingResolutionDocument->db.MeetingDocument	13853.74,26564.49 14617.69,26179.89
edge:inheritance:db.Shareholder->db.Stakeholder	10672.92,22672.54 9992.55,19478.24
edge:inheritance:db.ShareholdersAgreementModusignDocument->db.ModusignDocument	22799.58,20598.08 23616.86,20599.41
edge:inheritance:db.ShareholdersAgreementModusignEmbeddedDraft->db.ModusignEmbeddedDraft	22541.00,21980.84 23175.78,21965.59
edge:inheritance:db.ShareholdersCertificateOfSealDocument->db.MeetingDocument	13600.68,27885.95 14664.59,26287.28
edge:inheritance:db.ShareholdersMeetingAuditReportDocument->db.MeetingDocument	16821.58,26775.61 14973.69,26150.49
edge:inheritance:db.ShareholdersMeetingConvocationNoticeEmail->db.BulkEmail	18025.35,20632.86 13673.18,17310.73
edge:inheritance:db.ShareholdersMeetingConvocationNoticeEmailAttachment->db.FileAttachment	19855.90,20345.66 20527.92,18698.26
edge:inheritance:db.ShareholdersMeetingConvocationNoticeEmailRecipient->db.ShareholdersMeetingConvocationNoticeRecipient	25278.09,23280.00 19093.82,21136.75
edge:inheritance:db.ShareholdersMeetingConvocationNoticeWrittenRecipient->db.ShareholdersMeetingConvocationNoticeRecipient	18556.58,21295.75 18798.79,21136.75
edge:inheritance:db.ShareholdersMeetingMinutesDocument->db.MeetingDocument	14299.16,26487.04 14617.69,26232.51
edge:inheritance:db.ShareholdersMeetingNoticeDocument->db.MeetingDocument	21074.36,27154.23 14973.69,26120.44
edge:inheritance:db.ShareholdersMeetingPowerOfAttorneyDocument->db.MeetingDocument	17167.36,24721.23 14973.69,25974.29
edge:inheritance:db.ShareholdersMeetingPowerOfAttorneyIndividualDocument->db.MeetingDocument	16406.32,24591.21 14973.69,25907.39
edge:inheritance:db.ShareholdersMeetingShortenPeriodDocument->db.MeetingDocument	13141.65,26255.50 14617.69,26108.06
edge:inheritance:db.ShareholdersMeetingShortenPeriodIndividualDocument->db.MeetingDocument	16468.69,23391.56 14917.81,25893.28
edge:inheritance:db.ShareholdersMeetingSkipNoticeDocument->db.MeetingDocument	15027.31,28097.57 14818.42,26287.28
edge:inheritance:db.ShareholdersMeetingWrittenDecisionDocument->db.MeetingDocument	13410.92,26595.67 14617.69,26155.24
edge:inheritance:db.ShareholdersMeetingWrittenDecisionIndividualDocument->db.MeetingDocument	16885.07,24431.43 14973.69,25933.41
edge:inheritance:db.ShareholdersWrittenResolutionDocument->db.MeetingDocument	20749.32,28520.60 14973.69,26162.94
edge:inheritance:db.StockTransferAgreementModusignDocument->db.ModusignDocument	20570.94,20289.40 23616.86,20586.80
edge:inheritance:db.StockTransferAgreementModusignEmbeddedDraft->db.ModusignEmbeddedDraft	19498.64,20034.30 23195.30,21909.61
edge:inheritance:db.SubscriptionModusignDocumentUsageHistory->db.BaseModusignDocumentUsageHistory	23931.06,11865.91 25330.48,13535.59
edge:inheritance:db.TaxReceiptDocument->db.MeetingDocument	15723.25,24232.65 14894.06,25893.28
edge:inheritance:db.Template->db.MembershipContent	-1780.69,5151.66 -1524.64,5048.39
edge:inheritance:db.TextValueWithVisibility->db.ValueWithVisibility	37917.83,5999.11 37266.13,5890.10
edge:inheritance:db.UserProfileImage->db.FileAttachment	22144.90,18831.57 20788.00,18543.11
edge:inheritance:db.VentureCapitalPaymentLink->db.PaymentLink	35487.20,12500.99 25833.23,13036.80
edge:inheritance:db.Webinar->db.MembershipContent	-2023.43,4732.61 -1514.49,4958.39
edge:inheritance:db.Whitepaper->db.MembershipContent	231.37,6397.15 -1359.97,5048.39
edge:inheritance:db.WrittenStatementDocument->db.MeetingDocument	14097.63,26084.33 14617.69,26088.76
edge:inheritance:db.YetsAssistanceCreatorUser->db.YetsAssistanceCreator	11748.64,30332.13 12043.98,30181.34
edge:inheritance:db.YetsAssistanceCreatorYetsEmployee->db.YetsAssistanceCreator	7674.71,30180.15 11998.45,30145.29
edge:inheritance:db.YetsAssistanceMessageFile->db.FileAttachment	24222.22,32099.39 20654.68,18698.26
edge:inheritance:db.YetsEmail->db.BulkEmail	9503.71,19570.68 13461.53,17310.73
edge:inheritance:db.YetsEmployeeFile->db.FileAttachment	24579.88,32293.69 20676.28,18698.26
edge:inheritance:db.YetsEmployeeResultWhtReceipt->db.FileAttachment	23451.96,30323.38 20650.27,18698.26
edge:inheritance:db.ZuzuOptionGrantContractTemplate->db.OptionGrantContractTemplate	19865.57,16330.47 19595.39,16188.27
edge:inheritance:db.ZuzuOptionGrantContractTemplateRevision->db.OptionGrantContractTemplateRevision	20450.74,16321.49 20332.57,16515.07
