edge:declared:db.AgendaBonusIssue:certificate_of_payment_for_the_share_file	17514.75,20204.65 20161.18,18330.81
edge:declared:db.AgendaBonusIssue:meeting_draft	17367.93,20350.65 17194.40,20640.38
edge:declared:db.AgendaBonusIssueNewIssueBalanceCertificateFile:agenda_bonus_issue	19353.64,18334.92 17484.62,20204.65
edge:declared:db.AgendaBonusIssueNewIssueMinutesFile:agenda_bonus_issue	18644.13,17023.77 17439.30,20204.65
edge:declared:db.AgendaBonusIssueSharesToIssue:agenda_bonus_issue	16959.52,18529.43 17392.91,20204.65
edge:declared:db.AgendaBonusIssueSharesToIssue:share_class	16878.84,18455.43 16150.70,18241.07
edge:declared:db.AgendaBorrowCapital:meeting_draft	17395.17,20822.51 17274.40,20806.54
edge:declared:db.AgendaBranchChange:address	18062.22,20459.26 23048.64,18673.31
edge:declared:db.AgendaBranchChange:installation_event	17957.20,20454.69 18938.74,17920.03
edge:declared:db.AgendaBranchChange:meeting_draft	17814.22,20544.13 17274.40,20720.18
edge:declared:db.AgendaCashDividends:meeting_draft	16515.60,20628.44 16954.40,20743.45
edge:declared:db.AgendaCeoAddressChange:meeting_draft	13204.61,22329.88 16954.40,20848.09
edge:declared:db.AgendaCeoAddressChangeItem:agenda_ceo_address_change	12644.81,22124.41 13025.00,22329.88
edge:declared:db.AgendaCeoAddressChangeItem:stakeholder	12509.24,22084.94 11859.23,19264.73
edge:declared:db.AgendaChangeOfAoiClassStock:aoi	19010.11,20520.38 18804.39,20563.33
edge:declared:db.AgendaChangeOfAoiCustom:aoi	19441.48,20504.02 18804.39,20579.81
edge:declared:db.AgendaChangeOfAoiCustom:changed_part	19516.59,20422.02 20276.57,18330.81
edge:declared:db.AgendaChangeOfAoiDirectorCompensationRule:aoi	19470.42,20939.78 18784.19,20666.64
edge:declared:db.AgendaChangeOfAoiNumberOfDirectors:aoi	19420.67,20809.82 18804.39,20649.40
edge:declared:db.AgendaChangeOfAoiThirdPartyAllocation:aoi	19013.98,21160.04 18666.65,20666.64
edge:declared:db.AgendaChangeOfArticlesOfIncorporation:_deprecated_changed_part	18667.22,20536.64 20239.48,18330.81
edge:declared:db.AgendaChangeOfArticlesOfIncorporation:meeting_draft	18437.39,20629.35 17274.40,20804.94
edge:declared:db.AgendaCoCeoSystemChange:meeting_draft	14457.31,22733.78 16954.40,20930.38
edge:declared:db.AgendaCompanyNameChange:meeting_draft	18034.50,22337.36 17199.22,20930.38
edge:declared:db.AgendaCustom:meeting_draft	14774.31,22769.17 16954.40,20930.38
edge:declared:db.AgendaDirectorChange:stakeholder	14460.23,22441.07 11947.25,19264.73
edge:declared:db.AgendaDirectorCompensationItem:director_compensation	15877.58,21832.34 16165.44,21647.07
edge:declared:db.AgendaDirectorCompensationItem:stakeholder	15766.60,21832.34 11989.04,19219.17
edge:declared:db.AgendaDirectorCompensationRule:meeting_draft	18384.62,22337.36 17230.71,20930.38
edge:declared:db.AgendaFinancialStatements:audit_report	17788.90,20228.65 20161.18,18330.81
edge:declared:db.AgendaFinancialStatements:meeting_draft	17661.92,20326.65 17241.06,20640.38
edge:declared:db.AgendaHeadOfficeRelocation:address	18792.77,21897.15 23048.64,18732.66
edge:declared:db.AgendaHeadOfficeRelocation:meeting_draft	18646.28,21897.15 17274.40,20930.38
edge:declared:db.AgendaHeadOfficeRelocationAoiChange:meeting_draft	18036.01,22453.36 17193.65,20930.38
edge:declared:db.AgendaMethodOfGivingPublicNoticeChange:daily_newspaper	17222.64,20028.02 17617.56,14700.24
edge:declared:db.AgendaMethodOfGivingPublicNoticeChange:meeting_draft	17204.58,20110.02 17133.76,20640.38
edge:declared:db.AgendaNewIssue:financial_statements	16866.59,22666.24 20180.45,18330.81
edge:declared:db.AgendaNewIssue:meeting_draft	16814.86,22666.24 17085.27,20930.38
edge:declared:db.AgendaNewIssueItem:new_issue	18728.45,26449.68 16937.62,22836.24
edge:declared:db.AgendaNewIssueItemFromConversion:new_issue_item	19282.43,26969.99 18835.15,26579.68
edge:declared:db.AgendaNewIssueItemFromPayment:new_issue_item	18781.41,26702.44 18767.84,26579.68
edge:declared:db.AgendaNewIssueItemInstitutionMember:institution	20841.16,27187.53 19614.08,25988.57
edge:declared:db.AgendaNewIssueItemInstitutionMemberCeo:member	19870.45,26712.36 20806.17,27187.53
edge:declared:db.AgendaNewIssueItemShareClass:item	18864.03,26154.01 18779.29,26449.68
edge:declared:db.AgendaNewIssueItemShareholder:item	19518.57,25988.57 18854.30,26449.68
edge:declared:db.AgendaNewIssueNewShareClass:new_issue	17020.04,22823.22 16937.62,22803.72
edge:declared:db.AgendaNewOptionsRule:meeting_draft	18386.70,22453.36 17223.07,20930.38
edge:declared:db.AgendaNewOrChangeRsuRule:meeting_draft	18037.36,22573.36 17188.61,20930.38
edge:declared:db.AgendaOptionCancel:meeting_draft	15874.25,21075.91 16954.40,20826.61
edge:declared:db.AgendaOptionCancelGrantee:option_cancel	15228.88,21103.60 15626.25,21104.17
edge:declared:db.AgendaOptionCancelGrantee:option_grantee	15106.56,21062.42 15265.47,19292.88
edge:declared:db.AgendaOptionCancelOption:_deprecated_grantee	15223.54,21193.13 15158.03,21144.42
edge:declared:db.AgendaOptionCancelOption:option_cancel	15321.63,21193.13 15626.25,21130.16
edge:declared:db.AgendaOptionCancelOptionDistribution:option	15476.97,21374.28 15256.03,21275.13
edge:declared:db.AgendaOptionExercise:meeting_draft	13215.33,22453.88 16954.40,20853.37
edge:declared:db.AgendaOptionExerciseClaim:option_exercise	12496.25,21502.00 13071.26,22453.88
edge:declared:db.AgendaOptionExerciseClaim:option_exercise_claim	12473.92,21420.00 12751.98,17573.54
edge:declared:db.AgendaOptionExerciseGrantee:option_exercise	14611.75,21976.98 13224.86,22459.72
edge:declared:db.AgendaOptionExerciseGrantee:option_grantee	14747.35,21886.98 15260.56,19292.88
edge:declared:db.AgendaOptionExerciseGranteeOption:grantee	14561.83,22019.27 14647.40,21976.98
edge:declared:db.AgendaOptionGrant:meeting_draft	16604.52,19924.92 17028.01,20640.38
edge:declared:db.AgendaOptionGrantGrantee:_deprecated_option_grant_event	15777.75,19033.79 16056.16,18759.71
edge:declared:db.AgendaOptionGrantGrantee:option_grant	15778.52,19131.79 16529.80,19834.92
edge:declared:db.AgendaOptionGrantGrantee:option_grantee	15603.97,19118.34 15392.78,19178.88
edge:declared:db.AgendaOptionGrantGrantee:stakeholder	15603.97,19083.60 11989.04,19106.67
edge:declared:db.AgendaPurposeChange:meeting_draft	18385.71,22569.36 17216.16,20930.38
edge:declared:db.AgendaPurposeChangeItem:agenda_purpose_change	17951.23,25369.03 18408.08,22651.36
edge:declared:db.AgendaRsuGrant:meeting_draft	14457.31,22881.05 16954.40,20930.38
edge:declared:db.AgendaRsuGrantGrantee:rsu	15315.23,14086.88 15469.62,14131.00
edge:declared:db.AgendaRsuGrantGrantee:rsu_grant	15187.77,14149.85 14457.31,22811.17
edge:declared:db.AgendaRsuGrantGrantee:stakeholder	15163.61,14149.85 11928.83,18950.73
edge:declared:db.AgendaSubsidiaryEstablishment:meeting_draft	14787.31,22897.17 16962.00,20930.38
edge:declared:db.AgendaTemplate:company	22937.61,6377.53 16804.35,10535.46
edge:declared:db.AiPayrollLedger:payroll	6864.09,1981.22 7604.36,1936.83
edge:declared:db.AlimtalkActivityRecipient:activity	32301.41,13273.24 32921.99,13030.85
edge:declared:db.AlimtalkActivityRecipientStatusHistory:recipient	32152.28,13430.44 32180.86,13355.24
edge:declared:db.AllocatedSeat:stakeholder	10568.62,13605.01 11787.25,18950.73
edge:declared:db.Announcement:company_set	20843.25,10487.99 16804.35,10656.35
edge:declared:db.Announcement:subscription_plan_set	20843.25,10450.27 20524.26,10379.05
edge:declared:db.AnnualSalary:employee	11724.28,13865.63 10772.51,13945.09
edge:declared:db.AnnualSalary:ledger	11960.28,13875.80 12726.00,13982.41
edge:declared:db.Article:third_party_provider	20212.25,19080.99 20381.39,19710.55
edge:declared:db.Article:thumbnail_image	20210.10,18998.99 20354.74,18330.81
edge:declared:db.ArticlePublishHistory:article	20176.14,19127.91 20189.53,19080.99
edge:declared:db.ArticlesOfIncorporation:_deprecated_daily_newspaper	17578.84,14387.59 17614.18,14618.24
edge:declared:db.ArticlesOfIncorporation:articles_of_incorporation_file	17612.05,14387.59 20191.51,17896.81
edge:declared:db.ArticlesOfIncorporation:company	17555.22,14273.59 16670.92,10881.27
edge:declared:db.ArticlesOfIncorporation:source_meeting	17572.65,14387.59 17857.41,16891.86
edge:declared:db.ArticlesOfIncorporationAnalyzationRequest:company	14500.15,5308.19 16528.69,10447.27
edge:declared:db.ArticlesOfIncorporationAnalyzationResult:request	11649.12,5539.41 14303.20,5282.18
edge:declared:db.AuditLog:actor_api_key	15667.98,6044.65 17299.60,6258.44
edge:declared:db.AvailableModusignRequest:company	21250.28,20639.25 16714.93,10881.27
edge:declared:db.AvailableModusignRequest:modusign_account	21289.85,20639.25 21676.91,20525.63
edge:declared:db.BalanceCertificateDocument:new_issue_agenda	17646.90,24820.07 16937.62,22836.24
edge:declared:db.BalanceCertificateDocument:option_exercise_agenda	17582.29,24820.07 13196.76,22551.88
edge:declared:db.BaseModusignDocumentUsageHistory:modusign_document	24242.30,12906.17 22891.50,20710.06
edge:declared:db.BaseModusignDocumentUsageHistory:purchase	24093.90,12839.41 22070.72,12496.71
edge:declared:db.BranchAbolitionEvent:installation_event	17134.30,17320.23 18690.74,17822.58
edge:declared:db.BranchChangeEvent:address	19031.53,17554.22 23048.64,18578.87
edge:declared:db.BranchChangeEvent:installation_event	18894.25,17561.88 18830.61,17822.03
edge:declared:db.BranchInstallationEvent:address	18938.74,17912.38 23048.64,18592.66
edge:declared:db.BulkEmail:sender_mail_integration	14628.80,16753.57 14592.13,16926.66
edge:declared:db.BulkEmail:template_revision	14806.91,16615.57 17789.89,15720.59
edge:declared:db.BulkEmailCommonAttachment:bulk_email	19205.73,17710.08 14806.91,16716.36
edge:declared:db.BulkEmailRecipient:bulk_email	19764.13,18493.84 14806.91,16733.08
edge:declared:db.BulkEmailRecipient:email_activity_recipient	19942.17,18599.35 24200.15,23651.23
edge:declared:db.BulkEmailRecipientAttachment:recipient	18986.80,18698.71 19764.13,18564.75
edge:declared:db.BulkEmailTemplateRevision:template	17943.86,15647.59 19130.87,14348.21
edge:declared:db.BusinessPlan:company	15057.53,10225.51 16424.35,10610.72
edge:declared:db.BusinessPlanAiAnalysis:business_plan_ai_review	13455.57,9242.37 14807.91,9973.15
edge:declared:db.BusinessPlanAiAnalysisItem:ai_analysis_feedback	12053.22,8503.85 11727.55,8319.94
edge:declared:db.BusinessPlanAiAnalysisItem:business_plan_ai_analysis	12204.11,8585.85 13316.45,9168.37
edge:declared:db.BusinessPlanAiAnalysisItemImprovement:ai_analysis_feedback	11716.24,7860.51 11745.98,8245.94
edge:declared:db.BusinessPlanAiAnalysisItemImprovement:business_plan_ai_analysis_item	11812.54,7860.51 12112.13,8503.85
edge:declared:db.BusinessPlanAiReview:business_plan	14901.53,10055.15 14943.23,10151.51
edge:declared:db.BusinessPlanAiReview:company	14973.12,10055.15 16424.35,10593.75
edge:declared:db.BusinessRegistrationCertificate:company	23267.30,6377.53 16804.35,10541.85
edge:declared:db.CaptableRequest:captable_file	18188.07,14382.43 20223.83,17896.81
edge:declared:db.CaptableRequest:company	18146.65,14300.43 16705.80,10881.27
edge:declared:db.CashIncentive:category	12576.90,12516.26 14068.77,11903.39
edge:declared:db.CashIncentive:employee	12422.96,12598.26 10763.88,13855.95
edge:declared:db.CashIncentiveCategory:company	14248.78,11829.39 16424.35,10757.85
edge:declared:db.CashIncentiveItem:cash_incentive	12136.38,12600.18 12353.10,12572.88
edge:declared:db.CashPayment:purchase	22117.76,12634.56 22048.42,12576.64
edge:declared:db.CeoAddressChangeEvent:director	15920.37,14987.28 17095.60,15562.39
edge:declared:db.Charge:credit	20294.13,12277.71 20434.64,12396.16
edge:declared:db.Charge:meeting	20225.90,12277.71 17925.10,16891.86
edge:declared:db.CmeBulkEmail:cme	17179.39,15999.08 19937.81,13310.33
edge:declared:db.CmeBulkEmailRecipient:_deprecated_cme_bulk_email	16976.46,16290.86 17110.98,16081.08
edge:declared:db.CmeBulkEmailRecipient:cme_company	16969.75,16290.86 19248.75,12859.57
edge:declared:db.CmeBulkEmailTemplate:cme	19625.14,14378.34 19982.73,13310.33
edge:declared:db.CmeCompany:company	19215.42,12745.57 16804.35,10815.00
edge:declared:db.CmeCompany:company_managing_entity	19377.30,12859.57 19898.81,13180.33
edge:declared:db.CmeCompany:contact_set	19375.44,12859.57 20213.58,13397.36
edge:declared:db.CmeCompanyContact:cme_company	19683.86,12871.08 19416.61,12824.99
edge:declared:db.CmeCompanyContactNotificationSettings:cme_company_contact	19776.87,12793.39 19792.99,12860.60
edge:declared:db.CmeCompanyDirectorTermManagement:cme_company	19687.65,12616.84 19409.69,12745.57
edge:declared:db.CmeCompanyNote:cme_company	19291.50,12542.73 19287.68,12745.57
edge:declared:db.CmeCompanyRegistration:cme_contact	20291.09,13536.22 20315.29,13487.36
edge:declared:db.CmeCompanyRegistration:company_managing_entity	20221.05,13536.22 20052.88,13310.33
edge:declared:db.CmeCompanyRegistrationFile:cme_company_registration	20428.12,13730.80 20302.57,13618.22
edge:declared:db.CmeContact:company_managing_entity	20265.99,13397.36 20116.29,13310.33
edge:declared:db.CmeMemberRelation:company_managing_entity	20387.76,13150.10 20132.03,13180.33
edge:declared:db.Company:sso_configuration	16424.35,10693.66 16146.34,10736.66
edge:declared:db.CompanyAddressChangeEvent:address	19027.53,17669.75 23048.64,18583.17
edge:declared:db.CompanyAppointedTransferAgentChange:company	23663.43,6377.53 16804.35,10548.73
edge:declared:db.CompanyAuthorizedSharesChange:company	24077.90,6377.53 16804.35,10555.14
edge:declared:db.CompanyBenefit:company	22936.13,6493.53 16804.35,10538.92
edge:declared:db.CompanyBulkEmailTemplate:company	18737.24,14142.61 16748.34,10881.27
edge:declared:db.CompanyCreateAssignmentReadiness:company	23265.74,6493.53 16804.35,10545.13
edge:declared:db.CompanyCreateProgress:company_create_request	22591.22,15845.99 22367.74,15880.57
edge:declared:db.CompanyCreateRequest:address	22260.83,15965.68 23158.26,18493.15
edge:declared:db.CompanyCreateRequest:articles_of_incorporation_attachment	22182.99,15965.68 20541.18,17914.78
edge:declared:db.CompanyCreateRequest:company	22167.93,15835.68 16804.35,10841.87
edge:declared:db.CompanyDepartment:department_code	11688.99,12798.92 11647.57,12616.47
edge:declared:db.CompanyDepartmentCode:organization_chart	11760.45,12529.53 13456.75,12010.52
edge:declared:db.CompanyDocumentAIAnalysis:company	18760.21,15509.64 16710.45,10881.27
edge:declared:db.CompanyDocumentAIAnalysis:file	18803.83,15591.64 20217.84,17896.81
edge:declared:db.CompanyDocumentDelivery:company	18211.19,10995.58 16804.35,10703.69
edge:declared:db.CompanyEndorsement:company	23436.47,3555.74 16804.35,10466.29
edge:declared:db.CompanyEndorsementFeed:company_endorsement	25346.51,2404.31 23533.25,3481.74
edge:declared:db.CompanyExpertClientRelation:company	20934.19,13173.29 16804.35,10775.20
edge:declared:db.CompanyExpertClientRelation:expert_client	21085.58,13247.29 21477.16,13660.32
edge:declared:db.CompanyFeed:company	27147.94,1125.97 16804.35,10492.22
edge:declared:db.CompanyFeedAccessLog:company_feeds	36774.63,576.65 27329.27,1066.54
edge:declared:db.CompanyFeedAccessLog:venture_capital	36883.07,607.53 34299.17,10608.59
edge:declared:db.CompanyFeedRating:company_feed	27826.67,190.08 27242.57,1019.97
edge:declared:db.CompanyGuideState:company	23661.78,6493.53 16804.35,10551.83
edge:declared:db.CompanyInvestmentContractInfo:company	24076.15,6493.53 16804.35,10558.07
edge:declared:db.CompanyInvestorInterest:company	28230.61,5907.61 16804.35,10586.47
edge:declared:db.CompanyInvestorInterest:venture_capital	28362.06,5907.61 34062.21,10660.18
edge:declared:db.CompanyInvitation:invitee	22934.56,6609.53 16804.35,10542.38
edge:declared:db.CompanyIrClosingFeed:investor_relations	27293.32,3361.26 28260.91,4790.03
edge:declared:db.CompanyIrNewCommitFeed:investor_relations	27749.71,3190.72 28303.59,4790.03
edge:declared:db.CompanyIrOpenFeed:investor_relations	27890.33,2556.67 28323.26,4790.03
edge:declared:db.CompanyIrSetting:company	23264.10,6609.53 16804.35,10548.42
edge:declared:db.CompanyLegalPartnerRelation:company	21830.95,13291.91 16804.35,10759.97
edge:declared:db.CompanyLegalPartnerRelation:legal_partner	21903.14,13365.91 21918.02,13836.32
edge:declared:db.CompanyManagementAssignment:company	23660.04,6609.53 16804.35,10554.93
edge:declared:db.CompanyManagingEntity:expert_client	20134.49,13284.02 21399.61,13671.36
edge:declared:db.CompanyManagingEntity:expert_partner	20134.49,13293.04 21767.97,13903.74
edge:declared:db.CompanyManagingEntity:holding_company	20013.86,13180.33 19993.76,13107.11
edge:declared:db.CompanyMethodOfGivingPublicNoticeChange:company	17328.24,13374.16 16671.52,10881.27
edge:declared:db.CompanyMethodOfGivingPublicNoticeChange:daily_newspaper	17346.39,13448.16 17611.18,14618.24
edge:declared:db.CompanyMnaSetting:company	24074.31,6609.53 16804.35,10561.00
edge:declared:db.CompanyNameChange:company	22932.91,6725.53 16804.35,10545.83
edge:declared:db.CompanyNews:company	18363.46,5953.94 16694.93,10447.27
edge:declared:db.CompanyNewsFeed:company_news	18798.55,6175.61 18443.51,5953.94
edge:declared:db.CompanyNewsLink:company_news	18474.37,5083.75 18396.07,5871.94
edge:declared:db.CompanyNotificationSetting:company	15959.67,9842.57 16441.46,10447.27
edge:declared:db.CompanyNotificationTrigger:notification_setting	15530.49,9087.89 15912.76,9768.57
edge:declared:db.CompanyOptionRule:company	23262.36,6725.53 16804.35,10551.70
edge:declared:db.CompanyOverview:company	23658.19,6725.53 16804.35,10558.03
edge:declared:db.CompanyOwnerAddRequest:company	24072.36,6725.53 16804.35,10563.93
edge:declared:db.CompanyOwnerAuditLog:company	10489.42,7808.76 16424.35,10577.92
edge:declared:db.CompanyOwnerAuditLogOwnerRoleRelation:company_owner_audit_log	10996.10,8568.86 10431.98,7808.76
edge:declared:db.CompanyOwnerAuditLogOwnerRoleRelation:owner_role	10945.24,8642.86 10448.25,8730.46
edge:declared:db.CompanyOwnerNotificationTrigger:trigger	15433.55,9267.69 15496.71,9087.89
edge:declared:db.CompanyParValueChange:_deprecated_articles_of_incorporation	17417.63,14030.16 17541.18,14273.59
edge:declared:db.CompanyParValueChange:company	17390.16,13956.16 16665.49,10881.27
edge:declared:db.CompanyPaymentLink:company	21983.81,10615.15 16804.35,10660.27
edge:declared:db.CompanyPolicyFile:company	22931.15,6841.53 16804.35,10549.29
edge:declared:db.CompanyProfileAccessLog:company	28228.53,6023.61 16804.35,10588.35
edge:declared:db.CompanyProfileAccessLog:venture_capital	28363.12,6023.61 34062.21,10663.78
edge:declared:db.CompanyPromotionWinLog:company	14861.53,5312.19 16543.28,10447.27
edge:declared:db.CompanyPromotionWinLog:prize_type	14972.20,5298.34 16153.25,5556.94
edge:declared:db.CompanyPromotionWinLog:promotion	14893.47,5312.19 15832.09,6162.33
edge:declared:db.CompanyPurposeChange:company	17296.19,12845.38 16682.19,10881.27
edge:declared:db.CompanyPurposeChangeItem:company_purpose_change	17496.60,13173.78 17331.90,12919.38
edge:declared:db.CompanyPurposeChangeItem:industrial_code	17532.14,13247.78 17625.49,13545.95
edge:declared:db.CompanyQuestionThread:company	18916.26,12929.39 16804.35,10851.23
edge:declared:db.CompanyQuestionThread:expert_partner	19154.48,13062.28 21767.97,13911.29
edge:declared:db.CompanyRegistrationAssignment:company	23260.51,6841.53 16804.35,10554.99
edge:declared:db.CompanyRegistrationAssignmentLog:company	23656.24,6841.53 16804.35,10561.13
edge:declared:db.CompanyRsuRule:_deprecate_articles_of_incorporation	17427.47,14146.16 17526.02,14273.59
edge:declared:db.CompanyRsuRule:company	17390.46,14072.16 16663.77,10881.27
edge:declared:db.CompanySsoEmailDomain:configuration	15362.88,10750.91 15898.34,10743.12
edge:declared:db.CompanySsoIdentity:configuration	15349.98,10921.06 15898.34,10774.47
edge:declared:db.CompanyStockTransferRestrictedChange:company	24070.29,6841.53 16804.35,10566.85
edge:declared:db.CompanyStockValue:company	22929.29,6957.53 16804.35,10552.74
edge:declared:db.CompanyTag:company_set	23258.56,6957.53 16804.35,10558.27
edge:declared:db.CompanyTanTableView:company	14500.46,5428.19 16526.74,10447.27
edge:declared:db.CompanyTodo:company	23654.17,6957.53 16804.35,10564.23
edge:declared:db.CompanyUpdateRequest:change_detection	18083.82,12432.93 18183.53,13195.99
edge:declared:db.CompanyUpdateRequest:company	18041.16,12350.93 16797.92,10881.27
edge:declared:db.CompanyUpdateRequest:company_question_thread	18139.64,12432.93 18879.67,12929.39
edge:declared:db.CompanyUserRelation:company	10028.54,10749.74 16424.35,10666.74
edge:declared:db.CompanyUserRelation:stakeholder	9915.77,10797.30 11787.01,18950.73
edge:declared:db.CompanyUserRelationOwnerRoleRelation:company_user_relation	10212.87,9540.49 9944.72,10699.30
edge:declared:db.CompanyUserRelationOwnerRoleRelation:owner_role	10269.01,9466.49 10320.46,8801.32
edge:declared:db.ConsentForm:investor	23158.98,35498.72 12413.99,23500.24
edge:declared:db.ConsentForm:item	23202.77,35498.72 23187.50,27260.22
edge:declared:db.ConsentForm:uploaded_consent_form_file	23194.86,35498.72 20390.22,18330.81
edge:declared:db.ConsentFormModusignDocument:consent_form	23578.58,30604.90 23206.05,35498.72
edge:declared:db.ConsentFormModusignEmbeddedDraft:consent_form	21984.31,23672.27 23197.83,35498.72
edge:declared:db.CorporateRegistration:attachment	18986.44,14836.38 20259.24,17896.81
edge:declared:db.CorporateRegistration:company	18938.11,14738.38 16738.18,10881.27
edge:declared:db.CorporateRegistrationChangeConfirmation:change_detection	18564.78,13014.87 18269.75,13195.99
edge:declared:db.CorporateRegistrationChangeConfirmation:staff_review_required_question_thread	18796.55,13004.78 18870.48,12996.11
edge:declared:db.CorporateRegistrationChangeDetection:company	18158.82,13195.99 16746.73,10881.27
edge:declared:db.CorporateRegistrationChangeDetection:xml_file	18211.70,13293.99 20254.76,17896.81
edge:declared:db.CorporateRegistrationChangeDetectionParseResult:change_detection	18395.88,12874.48 18217.17,13195.99
edge:declared:db.CorporateRegistrationExtractionLog:corporate_registration_issue_log	20413.06,15163.42 20446.34,15110.87
edge:declared:db.CorporateRegistrationIssueCoupon:company	18888.06,12713.07 16804.35,10833.99
edge:declared:db.CorporateRegistrationIssueCouponIssueLog:coupon	19072.01,12394.75 18949.32,12713.07
edge:declared:db.CorporateRegistrationIssueCouponUseRequest:coupon	19193.84,14664.47 18939.11,12795.07
edge:declared:db.CorporateRegistrationIssueCouponUseResult:corporate_registration	19838.53,14879.00 19090.06,14819.73
edge:declared:db.CorporateRegistrationIssueCouponUseResult:log	20188.20,14944.60 20356.55,15012.87
edge:declared:db.CorporateRegistrationIssueCouponUseResult:request	19991.59,14879.00 19510.50,14738.47
edge:declared:db.CorporateRegistrationIssueLog:_deprecated_staff_review_required_question_thread	20444.21,15012.87 19154.48,13107.39
edge:declared:db.CorporateRegistrationIssueLog:pdf_file	20475.40,15110.87 20362.75,17896.81
edge:declared:db.CorporateRegistrationIssueMaintenance:third_party_api_notice	30772.55,14898.00 30144.02,14874.81
edge:declared:db.CorporateRegistrationIssueRequest:delivery	19129.59,10865.30 19288.43,10796.38
edge:declared:db.CorporateRegistrationPaidIssue:company	19190.47,14975.64 16744.06,10881.27
edge:declared:db.CorporateRegistrationPaidIssue:corporate_registration	19173.08,14975.64 19016.12,14836.38
edge:declared:db.CorporationPostRegistrationEmail:company	14535.41,5082.13 16533.53,10447.27
edge:declared:db.CorporationPostRegistrationScheduledEmail:corporation_post_registration_email	15845.83,5098.13 14667.26,5050.95
edge:declared:db.CorporationPostRegistrationScheduledEmailPeriodicTaskRelation:corporation_post_registration_scheduled_email	15698.44,4962.56 15942.90,5068.43
edge:declared:db.Credit:company	20380.55,12396.16 16804.35,10751.64
edge:declared:db.CreditCard:company	21904.54,11979.52 16804.35,10708.01
edge:declared:db.CreditCard:investment_association	22108.15,12059.43 28187.72,15801.36
edge:declared:db.CreditCard:legal_partner	22026.08,12059.43 21928.81,13836.32
edge:declared:db.CreditCard:venture_capital	22152.54,11998.27 34062.21,10829.89
edge:declared:db.CreditUse:credit	21397.30,12380.71 20609.49,12423.92
edge:declared:db.CreditUse:purchase	21633.30,12389.15 21774.72,12429.46
edge:declared:db.CsAgentResponse:inquiry_thread_message	24495.56,9305.23 23885.03,9530.21
edge:declared:db.CsAgentResponseFeedBack:cs_agent_response	24981.41,9225.64 24743.56,9272.42
edge:declared:db.DebtConfirmationAndOffsetContractDocument:new_issue_item	18068.32,26500.91 18630.66,26512.09
edge:declared:db.DepartmentStaffUserRelation:department	18215.90,34235.83 16028.20,34776.66
edge:declared:db.DirectorAppointmentEvent:director	16270.37,14991.28 17174.76,15562.39
edge:declared:db.DirectorCompensationDecisionEvent:director	15951.87,15107.28 17095.60,15562.39
edge:declared:db.DirectorCompensationLimitEvent:director	16284.87,15107.28 17168.22,15562.39
edge:declared:db.DirectorTermEndEvent:appointment_event	15926.37,15149.28 16022.37,14987.25
edge:declared:db.DirectorTermEndEvent:director	15926.37,15230.38 17095.60,15565.22
edge:declared:db.DirectorVote:agenda	15771.31,20855.48 16001.70,21070.35
edge:declared:db.DirectorVote:attended_director	15712.26,20781.48 15674.27,20705.93
edge:declared:db.DirectorVotingRightsPerAgenda:agenda	15790.67,20971.48 15986.05,21093.94
edge:declared:db.DirectorVotingRightsPerAgenda:director	15718.45,20897.48 15662.31,20705.93
edge:declared:db.DirectorsMeeting:chairperson	15963.08,20711.18 15810.61,20681.28
edge:declared:db.DirectorsMeeting:meeting	16122.03,20672.35 17804.90,17125.86
edge:declared:db.DirectorsMeeting:sealed_meeting_minutes_file	16191.56,20672.35 20161.18,18213.40
edge:declared:db.DirectorsMeetingAgenda:agenda_bonus_issue	16270.05,21077.45 17307.45,20350.65
edge:declared:db.DirectorsMeetingAgenda:agenda_branch_change	16270.05,21256.35 17829.62,20552.69
edge:declared:db.DirectorsMeetingAgenda:agenda_co_ceo_system_change	16025.46,21256.35 14457.31,22687.17
edge:declared:db.DirectorsMeetingAgenda:agenda_custom	16027.04,21256.35 14526.31,22687.17
edge:declared:db.DirectorsMeetingAgenda:agenda_director_change	16025.21,21256.35 14567.32,22441.07
edge:declared:db.DirectorsMeetingAgenda:agenda_director_compensation_decision	16122.11,21256.35 16270.46,21574.55
edge:declared:db.DirectorsMeetingAgenda:agenda_financial_statements	16270.05,21090.76 17639.81,20326.65
edge:declared:db.DirectorsMeetingAgenda:agenda_head_office_relocation	16270.05,21256.35 18591.99,21913.50
edge:declared:db.DirectorsMeetingAgenda:agenda_new_issue	16216.73,21256.35 16768.36,22666.24
edge:declared:db.DirectorsMeetingAgenda:agenda_option_cancel	15986.05,21133.42 15874.25,21119.72
edge:declared:db.DirectorsMeetingAgenda:agenda_rsu_grant	16058.06,21256.35 14457.31,22811.17
edge:declared:db.DirectorsMeetingAgenda:agenda_shareholders_meeting_convocation	16243.06,21256.35 16469.66,21439.58
edge:declared:db.DirectorsMeetingAgenda:agenda_subsidiary_establishment	16088.24,21256.35 14787.31,22815.17
edge:declared:db.DirectorsMeetingAgenda:meeting	16270.05,21070.35 16223.08,20794.35
edge:declared:db.DirectorsMeetingDirectorAttendance:stakeholder	15503.78,20591.93 11989.04,19174.67
edge:declared:db.DirectorsMeetingNoticeEmail:directors_meeting	15576.59,20451.74 16119.18,20672.35
edge:declared:db.DirectorsMeetingNoticeEmailRecipient:director	15946.39,20468.07 15740.40,20591.93
edge:declared:db.DirectorsMeetingNoticeEmailRecipient:email	15866.30,20419.50 15608.75,20406.96
edge:declared:db.DocumentDelivery:delivery	19690.50,11004.95 20031.23,10880.51
edge:declared:db.DocumentDeliveryQuestionThreadRelation:document_delivery	19919.37,11000.56 19699.44,11041.10
edge:declared:db.DocumentDeliveryQuestionThreadRelation:question_thread	20262.37,11026.76 20351.43,11069.11
edge:declared:db.DocumentParseResult:attachment	20011.11,16161.56 19990.49,16418.10
edge:declared:db.DormantUserEmail:user	3285.50,32258.65 1997.83,33452.87
edge:declared:db.DormantUserPhone:user	2608.60,31576.36 1967.62,33452.87
edge:declared:db.DormantUserReactivationToken:user	3439.50,32419.58 2010.33,33452.87
edge:declared:db.ESOP:company	11446.05,15824.48 16424.35,10854.04
edge:declared:db.ESOP:shareholder	11396.37,15938.48 12362.09,23370.24
edge:declared:db.ESOPParticipant:esop	11133.92,15192.60 11367.86,15824.48
edge:declared:db.EditableCompanyOwnerAuditLog:company	24068.10,6957.53 16804.35,10569.78
edge:declared:db.ElectronicCertificate:company	17058.33,13093.63 16654.01,10881.27
edge:declared:db.ElectronicCertificate:director	17067.96,13183.63 17226.73,15562.39
edge:declared:db.ElectronicCertificateApplicationFormDocument:stakeholder	19813.45,28246.56 11960.31,19264.73
edge:declared:db.ElectronicCertificateCaseReportDocument:stakeholder	18463.27,28362.56 11935.69,19264.73
edge:declared:db.ElectronicCertificateFileDownloadHistory:file_uploaded	18466.58,16614.14 18457.73,16546.95
edge:declared:db.ElectronicCertificateFileUploadRequest:electronic_certificate	18278.05,16332.57 17082.74,13183.63
edge:declared:db.ElectronicCertificateFileUploaded:file_upload_request	18410.78,16472.95 18335.28,16406.57
edge:declared:db.ElectronicCertificateReturnRequest:electronic_certificate	24569.19,19803.01 17115.48,13183.63
edge:declared:db.ElectronicCertificateReturnRequest:recipient_address	24565.05,19803.01 23356.64,18742.55
edge:declared:db.EmailActivityRecipient:email_activity	24244.46,23749.23 24429.99,26773.08
edge:declared:db.EmailActivityRecipientStatusHistory:recipient	24665.93,25505.42 24252.97,23749.23
edge:declared:db.EmailVerification:email	24067.45,1532.40 23560.22,1244.49
edge:declared:db.Employee:department_code_set	10703.63,13855.95 11600.98,12616.47
edge:declared:db.Employee:group_set	10772.51,13873.66 13023.84,12551.50
edge:declared:db.EmployeeDepartmentCodeRelation:department_code	11359.20,12712.80 11542.97,12616.47
edge:declared:db.EmployeeDepartmentCodeRelation:employee	11268.46,12786.80 10685.53,13855.95
edge:declared:db.EmployeeGroup:company	13165.98,12477.50 16424.35,10764.18
edge:declared:db.EmployeeNumber:company	13160.97,12593.50 16424.35,10770.41
edge:declared:db.EmployeeNumber:employee	13018.31,12667.50 10772.51,13880.37
edge:declared:db.EmployeeOption:company	12212.83,11220.49 16424.35,10688.28
edge:declared:db.EmployeeOption:grantee	12051.33,11284.48 11221.24,12457.53
edge:declared:db.EmployeeOptionExerciseCandidate:management	12786.81,11642.09 14450.59,11663.43
edge:declared:db.EmployeeOptionExerciseCandidate:option	12578.26,11595.19 12160.15,11284.48
edge:declared:db.EmployeeOptionExerciseCandidate:option_exercise_claim	12786.81,11628.28 13983.62,11532.00
edge:declared:db.EmployeeOptionExerciseCandidateFile:candidate	12623.97,11319.35 12636.73,11595.19
edge:declared:db.EmployeeOptionExerciseClaim:company	14249.62,11484.91 16424.35,10730.21
edge:declared:db.EmployeeOptionExerciseClaimOption:option	13055.96,11209.97 12212.83,11228.72
edge:declared:db.EmployeeOptionExerciseClaimOption:option_exercise_claim	13315.67,11243.57 13998.38,11480.30
edge:declared:db.EmployeeOptionExerciseManagement:company	14702.46,11624.37 16424.35,10759.68
edge:declared:db.EmployeeOptionExerciseManagementEmail:management	14462.79,14100.81 14600.75,11706.37
edge:declared:db.EmployeeOptionVesting:employee_option	11328.19,11470.42 11964.83,11270.43
edge:declared:db.EmployeeOptionVestingItem:option_vesting	11144.98,11737.41 11199.87,11544.42
edge:declared:db.EmployeeOptionVestingTraceable:option	12079.39,11636.93 12087.60,11284.48
edge:declared:db.EmployeeStock:participant	11645.89,15289.86 11241.21,15180.97
edge:declared:db.EmployeeStockGuide:esop	12086.29,16214.11 11508.46,15938.48
edge:declared:db.EmployeeStockGuideAudience:employee_stock_guide	12116.24,15286.56 12170.30,16214.11
edge:declared:db.EmployeeStockGuideAudience:participant	11991.08,15236.98 11241.21,15160.28
edge:declared:db.EmployeeStockGuideEmail:employee_stock_guide	13030.68,16845.77 12232.25,16296.11
edge:declared:db.EmployeeStockTag:category	11521.11,15665.75 11474.47,15289.20
edge:declared:db.EmployeeStockTag:employee_stock_set	11553.38,15665.75 11741.27,15358.44
edge:declared:db.EmployeeStockTag:esop	11496.88,15747.75 11434.96,15824.48
edge:declared:db.EmployeeStockTagCategory:esop	11354.14,15355.06 11385.19,15824.48
edge:declared:db.EmployeeStockWithdrawRequest:account	11935.14,16461.54 12632.76,16672.99
edge:declared:db.EmployeeStockWithdrawRequest:esop	11757.78,16388.36 11430.43,15938.48
edge:declared:db.EmploymentCertificateDocumentRequest:company	14376.45,12179.20 16424.35,10792.89
edge:declared:db.EmploymentCertificateDocumentRequest:history	14238.48,12253.20 12639.55,13116.08
edge:declared:db.EmploymentStatusHistory:connected_hrm_status_event	12440.02,13206.08 7611.35,15158.70
edge:declared:db.EmploymentStatusHistory:employee	12443.42,13206.08 10772.51,13898.14
edge:declared:db.EmploymentStatusHistory:related_events	12675.85,13206.08 16178.35,16143.14
edge:declared:db.Event:company	16333.07,16101.06 16603.12,10881.27
edge:declared:db.EventAttachment:company	16846.00,16159.95 16623.50,10881.27
edge:declared:db.EventAttachment:event	16729.33,16193.66 16474.35,16214.19
edge:declared:db.ExpertClientIncorporationSupport:contact_set	20803.98,13770.11 20404.00,13487.36
edge:declared:db.ExpertClientIncorporationSupport:expert_client	21013.48,13785.41 21399.61,13727.82
edge:declared:db.ExpertClientIncorporationSupport:incorporation_request	20876.58,13852.11 21277.35,14977.61
edge:declared:db.ExpertClientSignupChannel:expert_client	23308.01,13742.79 21647.61,13711.65
edge:declared:db.ExpertClientTaxServiceSettings:expert_client	21309.02,13910.73 21471.40,13758.32
edge:declared:db.ExpertClientTaxServiceSettings:legal_partner	21387.34,13944.27 21767.97,13935.01
edge:declared:db.ExpressDelivery1:order_status_history	3864.50,7817.05 4050.22,7835.01
edge:declared:db.ExpressDelivery1:seal_card_return_status_history	3736.57,7768.64 3705.36,7652.35
edge:declared:db.ExternalStockInfo:company	22927.32,7073.53 16804.35,10556.20
edge:declared:db.FABContent:thumbnail_image	21230.63,17357.46 20541.18,17989.83
edge:declared:db.FinancialAccount:institution	12768.10,16661.58 12827.41,16413.29
edge:declared:db.FinancialStatementsForNewIssueFromConversionDocument:new_issue	18075.87,24824.07 16937.62,22836.24
edge:declared:db.Fund:fund_partners	31650.08,12582.84 32768.85,12494.73
edge:declared:db.Fund:portfolio_company_set	31402.08,12618.47 27805.42,13477.63
edge:declared:db.Fund:venture_capital	31594.37,12547.61 34062.21,10921.52
edge:declared:db.FundPartner:venture_capital	32925.48,12443.96 34062.21,11015.57
edge:declared:db.FundingNewsDistributionServiceRequest:company	18658.15,13953.44 16749.19,10881.27
edge:declared:db.FundingNewsDistributionServiceRequest:company_question_thread	18704.26,13953.44 18978.31,13107.39
edge:declared:db.FundingNewsDistributionServiceRequest:logo	18705.20,14043.44 20263.32,17896.81
edge:declared:db.HelpTemplate:partners_to_share	10678.60,6595.99 21767.97,13859.22
edge:declared:db.Hrm:company	3874.02,15333.52 16424.35,10733.90
edge:declared:db.HrmAlpConfig:hrm	2157.94,14929.23 3554.02,15351.29
edge:declared:db.HrmAlpConfigIndivApprovalTemplateRel:alp_config	2394.06,14632.97 2088.54,14865.59
edge:declared:db.HrmAlpExcludedEmp:emp	8293.70,17491.49 7428.77,17637.30
edge:declared:db.HrmAlpLaborReceiptRefusal:emp	7805.55,18589.32 7359.63,17839.30
edge:declared:db.HrmAlpTarget:emp	7897.90,18294.39 7428.77,17838.51
edge:declared:db.HrmAlpUsageDesignation:target	8152.88,18306.99 8064.09,18363.37
edge:declared:db.HrmAlpUsageDesignationDate:leave_usage	8703.81,18225.29 8902.08,18172.16
edge:declared:db.HrmAlpUsageDesignationDate:usage_designation	8510.35,18260.56 8337.34,18296.62
edge:declared:db.HrmAlpUsagePlan:target	8124.75,18092.52 8008.98,18294.39
edge:declared:db.HrmAlpUsagePlanDate:usage_plan	8522.65,17779.99 8204.79,18010.52
edge:declared:db.HrmAnnualLeaveAdjustment:emp	7967.09,17656.73 7428.77,17663.98
edge:declared:db.HrmAnnualLeaveConfigBase:annual_leave	6831.98,22962.39 6846.07,22022.21
edge:declared:db.HrmApproval:approvable	6446.26,17684.40 6251.84,17393.65
edge:declared:db.HrmApproval:requestor	6637.66,17718.23 7084.77,17677.96
edge:declared:db.HrmApprovalLine:actual_approver	6748.43,17843.30 7084.77,17722.46
edge:declared:db.HrmApprovalLine:approval	6602.38,17843.30 6548.71,17774.40
edge:declared:db.HrmApprovalLine:approver	6557.98,17925.30 6057.10,18194.36
edge:declared:db.HrmApprovalReview:approval	6267.66,17932.69 6459.21,17774.40
edge:declared:db.HrmApprovalReview:approver	6187.65,18006.69 6008.91,18194.36
edge:declared:db.HrmApprovalTemplate:hrm	4953.85,17603.46 3819.91,15528.42
edge:declared:db.HrmApprovalTemplateLine:approver	5813.57,18063.02 5916.78,18194.36
edge:declared:db.HrmApprovalTemplateLine:template	5743.44,17989.02 5021.75,17685.46
edge:declared:db.HrmApprovalTemplateReview:approver	5519.36,18020.74 5855.74,18194.36
edge:declared:db.HrmApprovalTemplateReview:template	5421.19,17946.74 5005.61,17685.46
edge:declared:db.HrmApprover:dept	5834.43,18209.40 3380.68,17910.03
edge:declared:db.HrmApprover:emp	6076.37,18194.36 7084.77,17741.21
edge:declared:db.HrmAttendance:emp	6637.39,17385.03 7084.77,17585.23
edge:declared:db.HrmAttendanceItem:attendance	7941.18,17200.79 6669.77,17331.30
edge:declared:db.HrmAttendanceItem:emp	7992.81,17229.06 7428.77,17548.61
edge:declared:db.HrmAttendanceLocation:attendance_item	8071.87,16912.99 8079.68,17147.06
edge:declared:db.HrmAttendanceLocation:ongoing_attendance	8194.23,16868.63 8661.84,16886.15
edge:declared:db.HrmAttendanceLocation:personal_location	8194.23,16828.13 8302.00,16803.81
edge:declared:db.HrmAttendanceLocation:work_location	8194.23,16814.99 6691.62,14556.76
edge:declared:db.HrmCertificateConfig:hrm	3068.78,15305.40 3554.02,15408.40
edge:declared:db.HrmCertificateConfigIndividualApprovalTemplateRelation:certificate_config	2395.56,15854.04 2912.25,15357.87
edge:declared:db.HrmCertificateIssue:connected_status_event	8318.93,15505.97 7611.35,15253.15
edge:declared:db.HrmCertificateIssue:emp	8392.88,15587.97 7351.34,17493.30
edge:declared:db.HrmCommonLocation:work_location_config	7962.34,14249.20 8630.74,14249.21
edge:declared:db.HrmConciergeRequest:company	23256.48,7073.53 16804.35,10561.56
edge:declared:db.HrmDailyLeaveUsageItem:usage	8059.31,20680.11 9010.27,18194.33
edge:declared:db.HrmDept:hrm	3263.29,17809.23 3734.92,15528.42
edge:declared:db.HrmDeptName:dept	2747.77,19454.88 3216.05,17931.23
edge:declared:db.HrmDeptName:event	2717.28,19528.88 2576.29,20078.71
edge:declared:db.HrmDeptParent:dept	3427.02,19445.23 3238.19,17931.23
edge:declared:db.HrmDeptParent:event	3431.34,19527.23 3572.92,19983.71
edge:declared:db.HrmDeptReorg:hrm	3038.82,14383.02 3630.77,15246.42
edge:declared:db.HrmDeptStatus:dept	3904.09,19716.91 3253.46,17931.23
edge:declared:db.HrmDeptStatus:event	3902.28,19790.91 3728.43,21629.79
edge:declared:db.HrmDocument:emp	4719.79,16471.29 7084.77,17584.42
edge:declared:db.HrmDocument:form	4589.36,16373.29 3083.41,13328.50
edge:declared:db.HrmDocument:hrm	4575.58,16373.29 3874.02,15516.12
edge:declared:db.HrmDocumentDraft:emp	4567.86,13660.88 7138.56,17493.30
edge:declared:db.HrmDocumentDraft:form	4416.36,13597.86 3183.17,13308.59
edge:declared:db.HrmDocumentDraftFieldAttachment:field_value	4263.30,9665.94 3408.87,11499.90
edge:declared:db.HrmDocumentDraftFieldMultiSelectValue:field_value	3227.33,11967.03 3370.78,11589.90
edge:declared:db.HrmDocumentDraftFieldMultiSelectValue:selected_option	3172.64,12041.03 3009.36,12189.76
edge:declared:db.HrmDocumentDraftFieldValue:draft	3405.15,11589.90 4517.43,13578.88
edge:declared:db.HrmDocumentDraftFieldValue:field_definition	3334.64,11589.90 1940.40,12767.93
edge:declared:db.HrmDocumentFieldAttachment:field_value	2484.29,12850.82 3169.47,12842.52
edge:declared:db.HrmDocumentFieldMultiSelectValue:field_value	3562.55,12672.10 3365.15,12796.02
edge:declared:db.HrmDocumentFieldMultiSelectValue:selected_option	3489.92,12598.10 3023.01,12271.76
edge:declared:db.HrmDocumentFieldValue:document	3310.10,12886.02 4598.65,16373.29
edge:declared:db.HrmDocumentFieldValue:field_definition	3169.47,12839.90 2035.14,12829.63
edge:declared:db.HrmDocumentForm:hrm	3075.66,13328.50 3721.21,15246.42
edge:declared:db.HrmDocumentFormFieldDefinition:form	1988.64,12857.93 2935.17,13230.67
edge:declared:db.HrmDocumentFormFieldSelectOption:field_definition	2888.49,12271.76 1970.41,12767.93
edge:declared:db.HrmDocumentFormIndividualApprovalTemplateRelation:document_form	2901.38,13413.10 2935.17,13317.50
edge:declared:db.HrmEmp:connected_employee	7413.93,17493.30 10534.78,14057.95
edge:declared:db.HrmEmp:hrm	7084.77,17555.35 3874.02,15484.19
edge:declared:db.HrmEmpAffiliation:emp	5768.57,17106.28 7084.77,17600.58
edge:declared:db.HrmEmpAffiliation:event	5718.19,17024.28 6018.91,16814.56
edge:declared:db.HrmEmpAffiliationDept:affiliation	5077.65,17453.73 5598.00,17106.28
edge:declared:db.HrmEmpAffiliationDept:dept	4900.01,17513.68 3380.68,17809.23
edge:declared:db.HrmEmpContract:emp	7442.25,34632.99 7258.86,17839.30
edge:declared:db.HrmEmpContract:mgmt	7433.05,34632.99 4937.83,24026.65
edge:declared:db.HrmEmpContractCommonVar:hrm	3334.59,14383.02 3679.28,15246.42
edge:declared:db.HrmEmpContractMgmt:hrm	4922.40,23944.65 3736.27,15528.42
edge:declared:db.HrmEmpContractMgmt:template_revision	4864.74,23944.65 3208.66,22874.36
edge:declared:db.HrmEmpContractModusignDocument:hrm_emp_contract	24104.58,38061.34 7566.70,34711.08
edge:declared:db.HrmEmpContractTemplate:hrm	2262.00,19702.59 3672.30,15528.42
edge:declared:db.HrmEmpContractTemplateRevision:template	3133.35,22792.36 2260.21,19776.59
edge:declared:db.HrmEmpContractTemplateRevisionSigner:revision	2469.22,23437.46 3099.34,22874.36
edge:declared:db.HrmEmpEmploymentType:emp	6778.17,17024.20 7124.88,17493.30
edge:declared:db.HrmEmpEmploymentType:event	6811.63,16950.20 6964.05,16857.47
edge:declared:db.HrmEmpJob:emp	5922.99,16181.47 7100.03,17493.30
edge:declared:db.HrmEmpJob:event	5999.44,16095.64 6544.42,15951.38
edge:declared:db.HrmEmpJob:level	5751.44,16087.09 4829.90,15803.61
edge:declared:db.HrmEmpJob:position	5773.96,16075.47 5081.87,15803.61
edge:declared:db.HrmEmpJob:role	5751.44,16104.87 4837.03,15905.07
edge:declared:db.HrmEmpJob:title	5751.44,16091.54 5129.03,15917.76
edge:declared:db.HrmEmpJobLevel:hrm	4624.32,15729.61 3874.02,15436.49
edge:declared:db.HrmEmpJobPosition:hrm	4893.03,15731.51 3874.02,15428.41
edge:declared:db.HrmEmpJobRole:hrm	4646.92,15845.61 3874.02,15449.02
edge:declared:db.HrmEmpJobTitle:hrm	4916.22,15845.61 3874.02,15438.88
edge:declared:db.HrmEmpMov:hrm	3042.06,14499.02 3618.40,15246.42
edge:declared:db.HrmEmpReturnToWorkEvent:absence_event	7777.36,14747.02 7622.13,14888.38
edge:declared:db.HrmEmpSalaryAccount:emp	13072.18,14735.39 7428.77,17579.24
edge:declared:db.HrmEmpSalaryAccount:institution	13155.95,14735.39 12846.92,16323.29
edge:declared:db.HrmEmpStatus:emp	8393.82,15703.97 7357.01,17493.30
edge:declared:db.HrmEmpStatus:event	8351.01,15629.97 7596.04,15261.84
edge:declared:db.HrmEmpUserInvitation:emp	5608.67,17510.77 7084.77,17650.07
edge:declared:db.HrmEmpUserInvitation:hrm	5444.73,17452.37 3851.39,15528.42
edge:declared:db.HrmEmpUserInvitationInvitee:invitation	5870.49,17725.87 5513.22,17534.37
edge:declared:db.HrmEmpWorkAssignment:emp	6496.62,18521.06 7102.92,17839.30
edge:declared:db.HrmEmpWorkAssignment:work	6334.94,18570.13 5404.87,18665.23
edge:declared:db.HrmEmpWorkLocationAssignment:work_location	7042.48,15333.40 6677.79,14556.76
edge:declared:db.HrmEmpWorkLocationAssignment:work_location_config	7052.74,15407.40 7018.83,15963.50
edge:declared:db.HrmEmpWorkLocationConfig:emp	7020.32,16045.50 7226.14,17493.30
edge:declared:db.HrmEmpWorkLocationConfig:work_location_set	7006.40,15963.50 6668.69,14556.76
edge:declared:db.HrmFixedWorkSchedule:fixed_work	5397.52,18335.56 5355.93,18401.94
edge:declared:db.HrmGoogleCalendarIntegration:hrm	3335.94,14499.02 3674.11,15246.42
edge:declared:db.HrmLeaveBase:hrm	6312.50,20990.86 3782.77,15528.42
edge:declared:db.HrmLeaveCommonConfig:leave	5406.75,21054.53 6210.31,21062.51
edge:declared:db.HrmLeaveGrant:emp	6908.44,18920.86 7204.06,17839.30
edge:declared:db.HrmLeaveGrant:grantable_leave	6888.83,18994.86 6602.89,20108.63
edge:declared:db.HrmLeaveIndividualApprovalTemplateRelation:leave	5842.75,21056.24 6210.31,21061.80
edge:declared:db.HrmLeaveUsage:emp	8902.08,18102.85 7428.77,17712.06
edge:declared:db.HrmLeaveUsage:leave	8979.78,18194.33 6414.08,20990.86
edge:declared:db.HrmLeaveUsageAttachment:usage	9417.73,19147.66 9053.84,18194.33
edge:declared:db.HrmLeaveUsageItem:emp	7577.87,18854.19 7303.53,17839.30
edge:declared:db.HrmLeaveUsageItem:leave	7558.83,18936.19 6387.91,20990.86
edge:declared:db.HrmLeaveUsageItem:usage	7658.78,18854.19 8922.88,18194.33
edge:declared:db.HrmOngoingAttendance:emp	8705.01,16923.00 7428.77,17570.39
edge:declared:db.HrmOngoingAttendanceClockedSchedule:ongoing_attendance	9258.42,16587.90 8851.72,16841.00
edge:declared:db.HrmPersonalLocation:hrm_emp	8365.95,16820.83 7428.77,17523.09
edge:declared:db.HrmPersonalLocation:work_location_config	8550.00,16730.83 8753.32,14290.21
edge:declared:db.HrmRequestor:dept	4586.84,18989.22 3284.64,17931.23
edge:declared:db.HrmRequestor:emp	4679.46,18989.22 7084.77,17753.52
edge:declared:db.HrmSelectiveWorkPlan:emp	6235.67,17125.94 7084.77,17573.80
edge:declared:db.HrmSelectiveWorkPlanConfig:selective_work	5280.94,19367.55 5339.77,19009.09
edge:declared:db.HrmSelectiveWorkPlanItem:emp	6363.82,16990.81 7084.77,17536.52
edge:declared:db.HrmSelectiveWorkPlanItem:plan	6295.82,16990.81 6179.13,17043.94
edge:declared:db.HrmSelectiveWorkSchedule:selective_work	5521.23,19144.74 5390.51,19009.09
edge:declared:db.HrmSelectiveWorkSettlementConfig:selective_work	4825.76,19367.55 5289.00,19009.09
edge:declared:db.HrmSigner:hrm	3046.44,14615.02 3601.71,15246.42
edge:declared:db.HrmSlackChannelConfig:integration	3127.91,15639.37 3123.58,15895.34
edge:declared:db.HrmSlackIntegration:hrm	3145.67,15895.34 3627.43,15528.42
edge:declared:db.HrmStaffNote:hrm	3337.77,14615.02 3667.15,15246.42
edge:declared:db.HrmStaggeredWorkSchedule:staggered_work	4937.00,20464.92 4413.10,19428.04
edge:declared:db.HrmStandardWork:hrm	3033.23,16181.48 3636.93,15528.42
edge:declared:db.HrmStandardWorkSchedule:standard_work	2625.03,17106.49 2996.83,16255.48
edge:declared:db.HrmTag:hrm_set	3052.67,14731.02 3577.97,15246.42
edge:declared:db.HrmWorkAutoClockOutConfig:work	4839.52,18667.73 5144.87,18675.30
edge:declared:db.HrmWorkBase:emp_set	5404.87,18619.08 7084.77,17754.79
edge:declared:db.HrmWorkBase:hrm	5244.18,18617.52 3784.95,15528.42
edge:declared:db.HrmWorkIndividualApprovalTemplateRelation:work	6135.68,19323.08 5356.34,18739.52
edge:declared:db.HrmWorkLocation:hrm	6535.02,14544.95 3874.02,15343.05
edge:declared:db.HrmWorkLocationGpsConfig:work_location	8630.74,14266.94 6783.02,14492.62
edge:declared:db.HrmWorkOvertime:work	4905.27,18561.19 5144.87,18637.25
edge:declared:db.IBKSignupChannel:ibk_user_login_token	24591.39,13345.12 24563.72,13284.72
edge:declared:db.IBKUserLoginToken:ibk_user	24565.61,13210.72 24570.26,13127.92
edge:declared:db.IaAccountInfo:investment_association	31249.91,17784.14 28495.72,15996.83
edge:declared:db.IaCertificateOfInvestmentDocument:partner	33751.02,18192.31 35340.83,17999.65
edge:declared:db.IaCertificateOfInvestmentDocumentRecipient:certificate_of_investment_document_email	1840.93,20019.35 1815.40,20128.66
edge:declared:db.IaConfirmationRequest:investment_association	22499.77,18050.23 28187.72,15953.65
edge:declared:db.IaConfirmationRequest:partner_list_file	22195.75,18099.06 20541.18,18109.80
edge:declared:db.IaConsentForm:consent_form_or_meeting	32636.32,18296.03 30552.83,19018.94
edge:declared:db.IaConsentFormDocument:consent_form	33865.02,18215.79 32886.25,18255.15
edge:declared:db.IaConsentFormDocument:partner	34235.02,18181.33 35340.83,18004.88
edge:declared:db.IaConsentFormOrMeeting:investment_association	30365.74,19018.94 28428.81,16029.89
edge:declared:db.IaConsentFormOrMeetingDocumentGeneration:consent_form_or_meeting	31092.27,18961.42 30592.58,19041.20
edge:declared:db.IaConsentFormOrMeetingDocumentGenerationItem:document	32057.32,18960.44 32478.76,19114.29
edge:declared:db.IaConsentFormOrMeetingDocumentGenerationItem:generation	31777.84,18935.62 31435.27,18926.31
edge:declared:db.IaConsentFormOrMeetingElectronicSignatureRequest:document	29271.47,21401.89 30837.68,19873.19
edge:declared:db.IaConsentFormOrMeetingElectronicSignatureRequestModusignDocument:electronic_signature_request	27910.82,21149.43 29100.15,21401.89
edge:declared:db.IaConsentFormOrMeetingElectronicSignatureRequestModusignEmbeddedDraft:electronic_signature_request	25209.04,23625.56 29119.31,21507.89
edge:declared:db.IaConsentFormOrMeetingElectronicSignatureRequestStatusHistory:electronic_signature_request	29186.15,21790.11 29212.27,21507.89
edge:declared:db.IaConsentFormOrMeetingElectronicSignatureRequestUploadedModusignDocument:electronic_signature_request	27281.52,21508.56 29019.17,21460.38
edge:declared:db.IaConsentFormOrMeetingElectronicSignatureRequiredDocument:consent_form_or_meeting	30871.33,19767.19 30436.00,19124.94
edge:declared:db.IaConsentFormOrMeetingElectronicSignatureRequiredDocument:edited_file	30707.80,19788.20 20541.18,18145.71
edge:declared:db.IaConsentFormOrMeetingElectronicSignatureRequiredDocument:partner	31039.05,19767.19 35340.83,18045.89
edge:declared:db.IaConsentFormOrMeetingEsigRequiredDocumentPageRange:esig_required_document	31706.40,19242.47 30979.25,19767.19
edge:declared:db.IaConsentFormOrMeetingEsigRequiredDocumentPageRange:page_range_document	31954.81,19195.92 32478.76,19172.80
edge:declared:db.IaConsentFormOrMeetingGuideEmail:consent_form_or_meeting	30870.43,18656.38 30460.07,19018.94
edge:declared:db.IaConsentFormOrMeetingGuideEmailRecipient:consent_form_or_meeting_guide_email	30877.55,18398.42 30905.83,18582.38
edge:declared:db.IaDocumentArchive:investment_association	29962.49,13930.85 28451.36,15763.89
edge:declared:db.IaDocumentArchiveAttachment:ia_document_archive	29688.16,14020.11 29903.09,13930.85
edge:declared:db.IaExpertPartnerBulkEmailTemplate:legal_partner	20005.00,14680.70 21767.97,14019.11
edge:declared:db.IaFoundingProgressStatus:investment_association	29505.14,17056.23 28475.19,16029.89
edge:declared:db.IaGpAppointmentEvent:partner	32466.06,17432.03 35340.83,17954.53
edge:declared:db.IaGpTerminationEvent:appointment_event	32580.23,17740.95 32371.74,17452.98
edge:declared:db.IaGpTerminationEvent:partner	32733.91,17787.43 35340.83,17971.96
edge:declared:db.IaInvestmentCertificateRegistrationRequest:partner	35623.73,19806.39 35505.81,18092.07
edge:declared:db.IaLegalPartnerRelation:investment_association	25487.14,14448.15 28187.72,15818.73
edge:declared:db.IaLegalPartnerRelation:legal_partner	25293.47,14394.87 22075.97,13981.12
edge:declared:db.IaMeeting:consent_form_or_meeting	29996.68,21088.80 30389.48,19124.94
edge:declared:db.IaMeetingAgenda:meeting	32301.51,20620.12 30123.54,21118.02
edge:declared:db.IaMeetingAgendaVote:agenda	32144.17,23003.25 32370.49,20620.12
edge:declared:db.IaMeetingAgendaVote:electronic_signature	32104.12,23003.25 29315.99,21507.89
edge:declared:db.IaMeetingAgendaVote:partner	32166.59,23003.25 35425.50,18092.07
edge:declared:db.IaMeetingConvocationNoticeEmail:ia_meeting	31696.82,21948.11 30115.38,21210.80
edge:declared:db.IaMeetingConvocationNoticeRecipient:convocation_notice_email	31102.15,21436.80 31708.30,21948.11
edge:declared:db.IaMeetingMinutesDocument:meeting	32011.79,20010.45 30093.08,21088.80
edge:declared:db.IaMeetingNoticeDocument:meeting	31653.33,19812.07 30060.64,21088.80
edge:declared:db.IaMeetingSealedNoticeDocumentFile:ia_meeting	27173.60,19245.50 29894.50,21088.80
edge:declared:db.IaMeetingShortenPeriodDocument:meeting	33545.38,18375.85 30062.21,21088.80
edge:declared:db.IaMeetingShortenPeriodDocument:partner	33796.02,18297.94 35340.83,18009.94
edge:declared:db.IaModusignDocumentUsageHistory:investment_association	25396.37,13058.99 28203.94,15763.89
edge:declared:db.IaOperation:_deprecated_investment_association	31650.73,15617.86 28495.72,15883.90
edge:declared:db.IaOperation:ia_operation_management	31742.45,15645.56 31607.67,15835.27
edge:declared:db.IaOperationManagement:investment_association	31463.39,15872.33 28495.72,15895.68
edge:declared:db.IaOwner:investment_association	31409.97,16883.19 28495.72,15943.37
edge:declared:db.IaOwner:partner	31661.97,16958.04 35340.83,17940.43
edge:declared:db.IaOwnerAuditLog:investment_association	22987.38,3326.68 28285.10,15763.89
edge:declared:db.IaPartnerDataCollection:investment_association	25535.92,17163.79 28187.72,15966.43
edge:declared:db.IaPartnerDataCollectionItem:address	24170.72,17463.99 23307.49,18493.15
edge:declared:db.IaPartnerDataCollectionItem:ia_partner_data_collection	24342.49,17398.75 25320.78,17226.73
edge:declared:db.IaPartnerDataCollectionItemReply:address	24166.86,17587.99 23319.64,18493.15
edge:declared:db.IaPartnerDataCollectionItemReply:ia_partner_data_collection	24353.61,17505.99 25320.78,17239.11
edge:declared:db.IaPartnerDataCollectionItemReply:ia_partner_data_collection_item	24205.49,17505.99 24205.49,17463.99
edge:declared:db.IaPartnerInvestmentConfirmation:partner	32320.39,16579.20 35340.83,17912.82
edge:declared:db.IaPartnerInvestmentConfirmationEmailRecipient:ia_partner_investment_confirmation_email	13408.97,2612.72 13333.54,2679.58
edge:declared:db.IaPartnerWithdrawalEvent:partner	35565.67,17635.08 35520.15,17874.07
edge:declared:db.IaPaymentLink:investment_association	26114.88,12127.61 28263.24,15763.89
edge:declared:db.IaPfCompany:investment_association	28589.69,16580.72 28389.95,16029.89
edge:declared:db.IaPfCompanyInvestment:ia_pf_company	29165.85,22288.47 28606.78,16654.72
edge:declared:db.IaPfCompanyInvestmentSalesIntent:ia_pf_company_investment	30902.02,22592.22 29293.92,22348.28
edge:declared:db.IaPfCompanyInvestmentStock:ia_pf_company_investment	28707.30,22647.70 29110.32,22370.47
edge:declared:db.IaQuestionThread:investment_association	21800.08,11887.86 28187.72,15802.55
edge:declared:db.IaRule:address	24416.32,18796.01 23356.64,18640.72
edge:declared:db.IaRule:file	24416.32,18791.29 20541.18,18145.91
edge:declared:db.IaRule:investment_association	24627.76,18751.94 28187.72,16015.28
edge:declared:db.IaRuleCompensation:rule	26403.50,19248.19 24676.32,18860.01
edge:declared:db.IaRuleDocument:rule	25342.58,18873.03 24676.32,18815.85
edge:declared:db.IaRuleInvestment:rule	26614.69,18550.36 24651.75,18751.94
edge:declared:db.IaRuleMeeting:rule	25336.32,19435.98 24478.49,18873.94
edge:declared:db.IaRulePartner:rule	25987.16,19280.07 24593.40,18873.94
edge:declared:db.IaSealStamp:image_file	22253.25,18218.21 20541.18,18121.51
edge:declared:db.IaSealStamp:investment_association	22482.73,18182.23 28187.72,15956.96
edge:declared:db.IaSealStampImage:seal_stamp	21594.22,18188.18 22253.25,18222.05
edge:declared:db.IaUserInvitation:ia_owner	31209.23,16247.68 31516.16,16882.82
edge:declared:db.IaUserInvitation:investment_association	31065.42,16192.98 28495.72,15909.04
edge:declared:db.IaUserInvitationInvitee:_deprecated_individual_partner	33681.41,16034.51 33214.25,16510.63
edge:declared:db.IaUserInvitationInvitee:invitation	33605.49,15996.31 31313.42,16195.88
edge:declared:db.IaUserInvitationInvitee:legal_representative	33730.08,16034.51 33734.86,16432.29
edge:declared:db.IaUserInvitationInvitee:manager	33689.82,16034.51 33203.97,16634.63
edge:declared:db.IaUserInvitationInvitee:partner	33772.39,16034.51 35402.40,17874.07
edge:declared:db.IaWrittenResolutionDocument:meeting	33990.80,18375.85 30071.92,21088.80
edge:declared:db.IaWrittenResolutionDocument:partner	34217.26,18293.85 35340.83,18018.40
edge:declared:db.ImAccessLog:investor_matching	28018.00,9700.18 26706.44,9061.91
edge:declared:db.ImAccessLog:venture_capital	28212.03,9757.83 34062.21,10781.40
edge:declared:db.ImAttachment:investor_matching	30339.90,9667.04 26706.44,9018.17
edge:declared:db.ImAttachmentDownloadLog:attachment	32243.41,10405.79 30565.71,9730.18
edge:declared:db.ImAttachmentDownloadLog:venture_capital	32453.29,10465.69 34062.21,10777.89
edge:declared:db.ImAttachmentPdfEvent:attachment	31734.04,9881.83 30587.90,9707.99
edge:declared:db.ImAttachmentPdfEvent:pdf_event	31774.27,9859.64 31309.26,9632.03
edge:declared:db.ImAttachmentPdfEvent:venture_capital	31965.29,9941.64 34062.21,10743.25
edge:declared:db.ImBrokerAssignment:_deprecated_assigned_companies	27285.85,9914.57 16804.35,10650.92
edge:declared:db.ImBrokerAssignment:assigned_investors	27533.85,9920.43 34062.21,10789.11
edge:declared:db.ImBrokerAssignment:im_broker	27533.85,9932.10 29931.33,10476.68
edge:declared:db.ImBrokerAssignment:investor_matching	27364.38,9854.93 26650.73,9085.81
edge:declared:db.ImBrokerAssignmentInvitedUser:broker_assignment	29336.61,10077.56 27533.85,9915.10
edge:declared:db.ImBrokerAssignmentInvitedUser:venture_capital	29613.61,10111.04 34062.21,10785.69
edge:declared:db.ImConsultingRequest:company	25396.73,7055.79 16804.35,10586.20
edge:declared:db.ImConsultingRequest:investor_matching	25514.00,7055.79 26514.01,8899.81
edge:declared:db.ImContactRequest:investor_matching	28291.37,9696.18 26706.44,9050.65
edge:declared:db.ImContactRequest:venture_capital	28516.03,9759.98 34062.21,10779.76
edge:declared:db.ImContactRequestIntention:im_contact_request	28144.26,9500.98 28349.02,9696.18
edge:declared:db.ImDay:recipients	30771.19,9023.97 30610.33,8525.07
edge:declared:db.ImDay:venture_capitals	30884.37,9121.97 34062.21,10721.00
edge:declared:db.ImDayParticipation:im_day	30552.24,8814.40 30742.50,9023.97
edge:declared:db.ImDayParticipation:investor_matching	30383.75,8772.55 26706.44,8984.62
edge:declared:db.ImDayParticipation:venture_capital	30597.19,8814.40 34062.21,10712.78
edge:declared:db.ImDayParticipationAttachment:participation	30037.11,8176.02 30468.62,8716.40
edge:declared:db.ImDaySurvey:im_day	28773.32,8946.22 30662.99,9065.16
edge:declared:db.ImDaySurvey:investor_matching	28537.32,8941.84 26706.44,8989.14
edge:declared:db.ImDisclosing:investor_matching	27362.15,7577.42 26616.85,8899.81
edge:declared:db.ImInvestorBroker:venture_capital	32186.45,10663.59 34062.21,10800.19
edge:declared:db.ImInvestorMemo:investor_matching	28028.55,9820.18 26706.44,9073.05
edge:declared:db.ImInvestorMemo:venture_capital	28212.03,9875.52 34062.21,10784.99
edge:declared:db.ImIrPartnerBrokerOwnerRelation:im_ir_partner_broker	28513.14,10467.26 28724.02,10396.42
edge:declared:db.ImNote:investor_matching	27104.52,8341.48 26641.56,8899.81
edge:declared:db.ImTag:investor_matching_set	28342.95,8374.30 26706.44,8943.43
edge:declared:db.ImWatching:_deprecated_investor_matching	27376.62,9994.93 26639.81,9085.81
edge:declared:db.ImWatching:company	27285.85,10045.05 16804.35,10653.25
edge:declared:db.ImWatching:venture_capital	27533.85,10050.04 34062.21,10792.66
edge:declared:db.InauguralConsentDocument:director_change_agenda	13831.95,22767.28 14378.10,22544.62
edge:declared:db.IncorporationBenefitRequest:incorporation_request	21658.35,14973.53 21462.37,15035.68
edge:declared:db.IncorporationBenefitRequest:tax_partner	21766.97,14899.53 21901.32,14086.32
edge:declared:db.IncorporationRequest:address	21370.46,15187.61 23135.88,18493.15
edge:declared:db.IncorporationRequest:balance_certificate_account_file	21281.22,15187.61 20426.00,17896.81
edge:declared:db.IncorporationRequest:balance_certificate_account_holder	21334.58,15187.61 21875.87,18004.39
edge:declared:db.IncorporationRequest:company	21202.61,14977.61 16804.35,10845.24
edge:declared:db.IncorporationRequest:company_question_thread	21199.55,14977.61 19154.48,13107.39
edge:declared:db.IncorporationRequestAoiFile:incorporation_request	21589.81,14821.11 21424.97,14977.61
edge:declared:db.IncorporationRequestAssistance:incorporation_request	21620.11,15068.25 21462.37,15075.66
edge:declared:db.IncorporationRequestAssistance:legal_partner	21766.88,15015.53 21903.58,14086.32
edge:declared:db.IncorporationRequestAssistanceReceipt:incorporation_request_assistance	21442.53,16378.01 21750.74,15097.53
edge:declared:db.IncorporationRequestDirector:address	21964.17,17962.39 23095.67,18493.15
edge:declared:db.IncorporationRequestDirector:incorporation_request	21877.86,17888.39 21335.49,15187.61
edge:declared:db.IncorporationRequestPromoter:address	22018.29,18102.02 23087.95,18493.15
edge:declared:db.IncorporationRequestPromoterCustodian:address	22562.23,17938.73 23117.20,18493.15
edge:declared:db.IncorporationRequestPromoterCustodian:promoter	22361.19,17888.47 22018.29,18007.30
edge:declared:db.IncorporationRequestPromoterInstitutionCeo:promoter	22414.41,15754.67 21896.57,18004.39
edge:declared:db.IncorporationRequestPurpose:incorporation_request	20924.78,15114.69 21166.37,15094.80
edge:declared:db.IndividualInvestorCompanyCeo:company_info	25859.93,22363.18 24958.60,23298.94
edge:declared:db.IndividualInvestorCompanyInfo:address	24901.91,23298.94 23248.02,18743.15
edge:declared:db.IndividualInvestorCompanyInfo:company	24974.93,23380.94 29514.59,26097.33
edge:declared:db.IndividualInvestorCompanyName:non_unified_share_company	31621.64,26190.86 29753.22,26164.19
edge:declared:db.IndividualInvestorCompanyParValue:non_unified_share_company	28948.11,26205.09 29493.22,26170.56
edge:declared:db.IndividualInvestorCompanyShareClass:non_unified_share_company	29499.30,28702.32 29620.05,26227.33
edge:declared:db.IndividualInvestorCompanyShareStock:_deprecated_non_unified_stock_create_request	29052.66,26604.04 29506.22,29977.24
edge:declared:db.IndividualInvestorCompanyShareStock:_deprecated_stock_unissued_confirmation_file	29052.70,26604.04 29702.53,31332.35
edge:declared:db.IndividualInvestorCompanyShareStock:management_history	29041.45,26604.04 28768.08,28908.79
edge:declared:db.IndividualInvestorCompanyShareStock:non_unified_share_company	29117.76,26506.04 29527.63,26227.33
edge:declared:db.IndividualInvestorCompanyShareStock:share_class	29055.84,26604.04 29489.84,28702.32
edge:declared:db.IndividualInvestorEvent:company	33437.28,29593.11 29695.48,26227.33
edge:declared:db.IndividualInvestorStakeholder:address	24902.69,23422.94 23246.87,18743.15
edge:declared:db.IndividualInvestorStakeholder:company	24976.67,23504.94 29509.56,26097.33
edge:declared:db.IndividualInvestorUser:address	24388.97,20193.14 23304.26,18743.15
edge:declared:db.IndividualStockOption:company	28108.38,23866.37 29580.33,26097.33
edge:declared:db.IndividualStockOption:create_request	28200.77,23780.47 28872.59,23631.11
edge:declared:db.IndividualStockOption:grantee	28056.20,23752.37 27747.43,22544.24
edge:declared:db.IndividualStockOptionCreateRequestEtcFile:create_request	29830.36,23564.37 29186.59,23589.97
edge:declared:db.IndividualStockOptionGrantContract:individual_stock_option	27760.41,23450.66 28021.45,23752.37
edge:declared:db.IndividualStockOptionGrantee:stakeholder	27632.62,22544.24 25064.70,23446.15
edge:declared:db.IndividualStockOptionResumeEvent:pause_event	30567.15,31290.57 29929.74,28806.15
edge:declared:db.IndividualStockOptionSalesIntent:individual_stock_option	30782.75,23718.76 28200.77,23805.03
edge:declared:db.IndividualStockOptionVesting:individual_stock_option	28673.14,24259.93 28146.98,23866.37
edge:declared:db.IndividualStockOptionVestingItem:individual_stock_option_vesting	28812.43,24078.43 28737.82,24259.93
edge:declared:db.IndividualStockOptionVestingTraceable:individual_stock_option	28407.82,23395.21 28117.16,23752.37
edge:declared:db.InputSignupChannel:input_channel	24690.39,13990.73 25059.90,14195.03
edge:declared:db.InstitutionStakeholderManager:institution_stakeholder	11878.12,21847.92 11897.75,21384.87
edge:declared:db.InternetRegistryOfficeOtp:company	17747.57,15506.67 16665.13,10881.27
edge:declared:db.InternetRegistryOfficeOtp:director	17629.91,15562.32 17367.60,15610.44
edge:declared:db.InternetRegistryOfficeOtpReturnRequest:internet_registry_office_otp	22395.24,20118.06 17881.91,15588.67
edge:declared:db.InternetRegistryOfficeOtpReturnRequest:recipient_address	22528.20,20118.06 23146.43,18743.15
edge:declared:db.InvestmentAgreement:document	16690.88,16967.08 18480.05,14382.43
edge:declared:db.InvestmentAgreement:stakeholder	16580.79,17041.08 11989.04,19035.62
edge:declared:db.InvestmentAgreementDocument:company	18488.35,14284.43 16726.68,10881.27
edge:declared:db.InvestmentAgreementDocument:pdf_file	18538.14,14382.43 20244.32,17896.81
edge:declared:db.InvestmentAssociation:venture_capital	28495.72,15764.33 34062.21,10972.94
edge:declared:db.InvestmentAssociationDocument:investment_association	32541.92,19105.49 28495.72,16014.21
edge:declared:db.InvestmentAssociationEvent:investment_association	30467.86,17088.89 28495.72,15983.23
edge:declared:db.InvestmentAssociationIndividualPartnerLegalRepresentative:ward	33537.30,16498.34 33348.02,16526.10
edge:declared:db.InvestmentAssociationOrganizationPartnerCeo:organization_partner	34942.49,16111.80 34479.22,16129.63
edge:declared:db.InvestmentAssociationOrganizationPartnerCorporationSignerCeo:corporation	34923.28,13892.83 34829.49,13811.78
edge:declared:db.InvestmentAssociationOrganizationPartnerManager:organization_partner	31903.03,14504.80 34225.81,16087.62
edge:declared:db.InvestmentAssociationOrganizationPartnerSigner:_deprecated_manager	34029.45,14083.20 32046.73,14432.88
edge:declared:db.InvestmentAssociationOrganizationPartnerSigner:organization_partner	34228.96,14093.28 34296.07,16087.62
edge:declared:db.InvestmentAssociationPartner:address	35340.83,17991.17 23356.64,18610.20
edge:declared:db.InvestmentAssociationPartner:investment_association	35340.83,17937.28 28495.72,15940.76
edge:declared:db.InvestmentAssociationPartnerManager:partner	33238.67,16708.63 35340.83,17893.21
edge:declared:db.InvestmentAssociationPartnerResume:partner	36690.44,16026.62 35564.27,17874.07
edge:declared:db.InvestmentAssociationPartnerResume:signer	36666.08,15944.62 34285.32,14093.28
edge:declared:db.InvestmentAssociationPartnerResumeItem:resume	36844.91,15582.85 36731.64,15944.62
edge:declared:db.InvestmentAssociationPartnerSalesIntent:partner	33508.48,22132.70 35445.57,18092.07
edge:declared:db.InvestmentAssociationShare:investment_association	31433.19,17006.82 28495.72,15949.35
edge:declared:db.InvestmentAssociationShare:partner	31655.97,17072.77 35340.83,17945.20
edge:declared:db.InvestmentRound:company	16639.53,8271.83 16616.63,10447.27
edge:declared:db.InvestmentRoundNewIssueEvent:investment_round	16840.58,7844.75 16660.66,8189.83
edge:declared:db.InvestmentRoundNewIssueEvent:new_issue_event	16871.83,7770.75 16899.38,7685.47
edge:declared:db.InvestmentSimulation:company	16375.09,4096.13 16606.45,10447.27
edge:declared:db.InvestmentSimulationInitialOption:option_grantee	12918.68,3822.59 13329.68,3951.26
edge:declared:db.InvestmentSimulationInitialOptionGrantee:simulation	13626.87,3992.11 16249.22,4048.47
edge:declared:db.InvestmentSimulationInitialShareholder:simulation	11876.59,3015.32 16249.22,4022.57
edge:declared:db.InvestmentSimulationInitialStock:shareholder	10174.17,590.03 11692.08,2941.32
edge:declared:db.InvestmentSimulationInvestor:simulation_round	18355.99,562.29 15240.11,3420.57
edge:declared:db.InvestmentSimulationNewIssueInvestment:investor	17579.03,2647.36 18391.08,562.29
edge:declared:db.InvestmentSimulationPurchaseInvestment:investor	20816.75,2453.13 18449.62,562.29
edge:declared:db.InvestmentSimulationPurchaseSellStock:seller	21183.08,2066.33 20880.69,2453.13
edge:declared:db.InvestmentSimulationRound:simulation	15272.93,3494.57 16284.26,4006.13
edge:declared:db.InvestorInterest:venture_capital	35495.72,12109.71 34430.21,11004.45
edge:declared:db.InvestorMatching:_deprecated_excluded_companies	26422.44,9019.09 16804.35,10632.40
edge:declared:db.InvestorMatching:excluded_investors	26706.44,9026.47 34062.21,10769.98
edge:declared:db.InvestorRelations:previous_investors	28477.34,5048.03 34062.21,10629.70
edge:declared:db.InvestorRelationsSurvey:_deprecated_preferred_investors	31702.52,7855.40 34069.93,10608.59
edge:declared:db.InvestorRelationsSurvey:investor_relations	31628.30,7781.40 28496.09,5048.03
edge:declared:db.InvitationSeat:allocated_seat	10635.00,12164.01 10562.18,13531.01
edge:declared:db.InvitationSeat:invitation_seat_request	10652.37,12090.01 11756.09,9437.45
edge:declared:db.InvitationSeatRequest:company	11897.15,9432.78 16424.35,10614.67
edge:declared:db.IrAiAnalysis:investor_relations	28959.99,4393.93 28498.55,4790.03
edge:declared:db.IrAiAnalysisLike:ai_analysis	29397.00,3869.40 29032.99,4319.93
edge:declared:db.IrAiSummary:investor_relations	29631.92,4755.23 28502.27,4899.38
edge:declared:db.IrAlert:ir_set	31926.38,7777.40 28502.27,5042.05
edge:declared:db.IrAlert:venture_capital	32008.75,7859.40 34090.95,10608.59
edge:declared:db.IrAlertInvestorRelations:investor_relations	31087.67,6872.06 28502.27,5028.82
edge:declared:db.IrAlertInvestorRelations:ir_alert	31173.67,6946.06 31939.91,7777.40
edge:declared:db.IrApproval:investor_relations	28436.25,4314.05 28367.03,4790.03
edge:declared:db.IrApprovalNotificationDismiss:ir_approval	28532.39,3906.14 28450.68,4240.05
edge:declared:db.IrBrokerActivity:investor_relations	28783.55,6733.10 28379.22,5048.03
edge:declared:db.IrBrokerActivity:vc_user_relations	28831.45,6807.10 30548.36,8435.07
edge:declared:db.IrClosing:investor_relations	30293.69,3897.60 28502.27,4838.17
edge:declared:db.IrCommittedInvestmentAmount:investor_relations	31629.99,7901.40 28490.22,5048.03
edge:declared:db.IrCommittedInvestmentAmount:venture_capital	31703.84,7975.40 34062.58,10608.59
edge:declared:db.IrCompanyCreate:company	23651.97,7073.53 16804.35,10567.33
edge:declared:db.IrFeed:investor_relations	27711.47,5088.49 28194.27,4960.01
edge:declared:db.IrFeedAccessLog:ir_feeds	27883.36,5243.64 27696.48,5166.49
edge:declared:db.IrFeedAccessLog:venture_capital	28014.94,5317.64 34062.21,10651.30
edge:declared:db.IrFeedRating:ir_feed	27676.96,4916.27 27607.09,5076.49
edge:declared:db.IrFundRaising:investor_relations	32734.16,4914.02 28502.27,4918.85
edge:declared:db.IrFundRaising:venture_capital	32868.75,4958.88 34197.98,10608.59
edge:declared:db.IrFundRaisingMemo:fund_raising	32178.55,5205.15 32753.16,4958.88
edge:declared:db.IrFundRaisingStageLog:fund_raising	32336.86,2136.87 32849.71,4868.88
edge:declared:db.IrInsightClub:pitching_day_hall	32594.25,6408.06 32383.69,6344.36
edge:declared:db.IrInsightClub:venture_capitals	32732.59,6486.58 34174.50,10608.59
edge:declared:db.IrInsightClubParticipation:investor_relations	31932.02,5493.54 28502.27,4943.72
edge:declared:db.IrInsightClubParticipation:ir_insight_club	32093.25,5559.30 32689.34,6404.58
edge:declared:db.IrInsightClubParticipationAttendee:ir_insight_club_participation	31735.21,5119.24 32024.35,5469.30
edge:declared:db.IrInsightClubSurvey:ir_insight_club_participation	32380.76,5582.43 32191.02,5541.94
edge:declared:db.IrInvestorFeedback:venture_capital	34359.47,11162.82 34312.69,11018.59
edge:declared:db.IrNote:investor_relations	29923.92,4752.63 28502.27,4902.77
edge:declared:db.IrSearchMetadata:investor_relations	29631.92,4861.46 28502.27,4912.12
edge:declared:db.IrSubscription:company	14860.50,5428.19 16541.66,10447.27
edge:declared:db.IrSubscriptionMarketingRequest:ir_subscription	13462.86,5448.56 14730.20,5396.08
edge:declared:db.IrTeamMember:investor_relations	29923.92,4860.55 28502.27,4913.31
edge:declared:db.IrTranscript:investor_relations	29631.92,4967.70 28502.27,4924.87
edge:declared:db.IrosOtpIssueMeetingDocument:stakeholder	10717.64,23509.68 11781.49,19264.73
edge:declared:db.LawtalkSignup:company	19186.68,15530.76 16729.05,10881.27
edge:declared:db.LawtalkSignupAttachment:lawtalk_signup	19306.99,16028.94 19221.80,15604.76
edge:declared:db.LedgerByCustomerDocument:new_issue	17649.09,24948.07 16937.62,22836.24
edge:declared:db.LegalPartner:address_for_express_delivery	22058.81,13836.32 22788.78,13118.81
edge:declared:db.LegalPartner:logo	21874.64,14086.32 20431.94,17896.81
edge:declared:db.LegalPartnerEmail:legal_partner	22273.68,14378.72 21993.37,14086.32
edge:declared:db.LegalPartnerPaypleSettings:legal_partner	22610.89,14378.72 22075.97,14075.46
edge:declared:db.LegalPartnerRegistrationAssistanceSettings:legal_partner	22277.86,14494.72 21979.25,14086.32
edge:declared:db.LegalPartnerSignupChannel:legal_partner	22981.02,13683.26 22075.97,13918.90
edge:declared:db.LegalPartnerSlackChannels:legal_partner	22620.76,14494.72 22057.26,14086.32
edge:declared:db.LegalPartnerUserRelation:legal_partner	22280.66,14610.72 21969.79,14086.32
edge:declared:db.ManualOptionVestingItem:manual_option_vesting	15424.68,18504.03 15558.44,18375.15
edge:declared:db.Meeting:company	17843.20,16891.86 16657.17,10881.27
edge:declared:db.Meeting:electronic_signature_selected_ceo	17818.61,16891.86 17265.70,15708.39
edge:declared:db.Meeting:employee_attorney	18010.62,16918.53 18093.96,16835.98
edge:declared:db.Meeting:meeting_draft	17840.65,17125.86 17143.18,20640.38
edge:declared:db.Meeting:new_articles_of_incorporation_file	18010.62,17066.23 20161.18,18040.16
edge:declared:db.Meeting:new_corporate_registration	17923.55,16891.86 18941.79,14836.38
edge:declared:db.MeetingAttachment:meeting	18455.09,17132.38 18010.62,17018.85
edge:declared:db.MeetingDirectorContact:meeting	16612.57,17271.78 17714.62,17035.01
edge:declared:db.MeetingDirectorContact:stakeholder	16400.28,17329.63 11989.04,19043.24
edge:declared:db.MeetingDocument:directors_meeting	15831.98,26746.08 16132.91,20794.35
edge:declared:db.MeetingDocument:meeting	15934.24,26746.08 17844.68,17125.86
edge:declared:db.MeetingDocument:shareholders_meeting	15930.05,26746.08 16491.82,23359.09
edge:declared:db.MeetingDocumentCache:meeting_document	19745.22,28362.56 16073.12,27008.71
edge:declared:db.MeetingDocumentGeneration:meeting	20309.64,21075.43 17938.24,17125.86
edge:declared:db.MeetingDocumentGenerationItem:meeting_document	21306.98,27590.53 16073.12,26964.38
edge:declared:db.MeetingDocumentGenerationItem:meeting_document_generation	21435.40,27568.64 20337.94,21149.43
edge:declared:db.MeetingDocumentManualModification:meeting_document	18431.62,28478.56 16073.12,27050.83
edge:declared:db.MeetingDraft:company	17107.24,20640.38 16625.15,10881.27
edge:declared:db.MeetingDraftAgendaDirectorChange:meeting_draft	16670.39,19515.79 17063.69,20640.38
edge:declared:db.MeetingDraftAgendaDirectorChange:stakeholder	16508.49,19467.71 11989.04,19120.48
edge:declared:db.MeetingDraftAgendaDirectorCompensation:meeting_draft	16248.83,20062.76 16954.40,20668.65
edge:declared:db.MeetingDraftAgendaDirectorCompensationItem:director_compensation	15754.68,19935.07 16034.24,19992.66
edge:declared:db.MeetingDraftAgendaDirectorCompensationItem:stakeholder	15399.48,19861.07 11989.04,19142.70
edge:declared:db.MeetingDraftRegistrationAssistance:meeting_draft	17210.65,21244.96 17130.55,20930.38
edge:declared:db.MeetingDraftSchedule:meeting_draft	16629.73,20537.14 16954.40,20672.70
edge:declared:db.MembershipContentAccessLog:membership_content	2201.23,1259.04 2668.33,1804.78
edge:declared:db.MembershipContentAuthorRelation:author	26148.10,26609.10 25994.93,26373.70
edge:declared:db.MiraeassetAccount:relation	9764.60,10358.87 9886.93,10699.30
edge:declared:db.MnaBuyer:company	14500.79,5544.19 16524.77,10447.27
edge:declared:db.MnaBuyerAttachment:mna_buyer	14098.95,6998.98 14476.11,5544.19
edge:declared:db.ModusignApiLog:modusign_account	21766.79,20053.10 21797.08,20440.23
edge:declared:db.ModusignAuthentication:modusign_account	21465.29,20108.14 21757.76,20440.23
edge:declared:db.ModusignCompanyUserConnection:company	24065.77,7073.53 16804.35,10572.71
edge:declared:db.ModusignDocument:_option_grant_contract	22809.84,20717.83 20623.77,18891.61
edge:declared:db.ModusignDocument:audit_trail_file	22867.15,20710.06 20541.18,18309.38
edge:declared:db.ModusignDocumentActionHistory:modusign_document	23239.42,20584.50 23081.84,20732.83
edge:declared:db.ModusignDocumentActionHistory:modusign_document_participant	23309.49,20510.50 23171.33,20197.77
edge:declared:db.ModusignDocumentModusignAccountRelation:modusign_account	21995.16,20342.02 21865.57,20440.23
edge:declared:db.ModusignDocumentModusignAccountRelation:modusign_document	22133.94,20342.02 22809.84,20721.72
edge:declared:db.ModusignDocumentModusignApiKeyRelation:modusign_api_key	22355.33,20967.28 22204.74,21187.82
edge:declared:db.ModusignDocumentModusignApiKeyRelation:modusign_document	22476.52,20893.28 22809.84,20843.51
edge:declared:db.ModusignDocumentParticipant:modusign_document	23138.25,20197.77 22982.48,20710.06
edge:declared:db.ModusignEmbeddedDraft:modusign_account	21758.05,22768.72 21800.29,20538.23
edge:declared:db.ModusignEmbeddedDraft:modusign_api_key	21771.24,22768.72 22174.78,21261.82
edge:declared:db.ModusignEmbeddedDraft:modusign_document	21788.08,22768.72 22898.43,20872.06
edge:declared:db.ModusignExceededSignings:company	22925.21,7189.53 16804.35,10559.66
edge:declared:db.ModusignIaUserConnection:investment_association	28763.52,14936.52 28400.13,15763.89
edge:declared:db.NaverWorkplaceEmployee:naver_workplace_company	25386.14,13796.08 25536.39,13899.87
edge:declared:db.NcpSignupChannel:naver_workplace_company	25339.13,13911.44 25471.96,13924.91
edge:declared:db.NewIssueNoticeEmail:new_issue	12713.13,23256.08 16665.62,22768.03
edge:declared:db.NewIssueNoticeEmailRecipient:bulk_email_recipient	12970.68,22727.15 19780.06,18599.35
edge:declared:db.NewIssueNoticeEmailRecipient:email	12868.53,22809.15 12561.32,23174.08
edge:declared:db.NewIssueNoticeEmailRecipient:shareholder	12876.37,22809.15 12511.36,23370.24
edge:declared:db.NewIssueSkipNoticeDocument:new_issue_agenda	18074.94,24944.07 16937.62,22836.24
edge:declared:db.NewIssueSkipNoticeDocument:shareholder	17942.82,24944.07 12511.36,23500.24
edge:declared:db.NewIssueStockAcceptanceDocument:new_issue_item	18512.32,26504.94 18630.66,26509.58
edge:declared:db.NewIssueStockAllocationDocument:bonus_issue_agenda	17659.44,25068.07 17415.50,20350.65
edge:declared:db.NewIssueStockAllocationDocument:new_issue_agenda	17648.50,25068.07 16937.62,22836.24
edge:declared:db.NewIssueStockAllocationRecordDateNoticeDocument:bonus_issue_agenda	18214.37,25857.87 17422.15,20350.65
edge:declared:db.NewIssueStockSubscriptionDocument:new_issue_item	18082.82,26595.85 18630.66,26530.25
edge:declared:db.NewIssueStockUnissuedConfirmationDocument:new_issue_item	18534.82,26580.31 18630.66,26552.46
edge:declared:db.NonUnifiedShareCreateRequest:stock_unissued_confirmation_file	29518.79,30067.24 29702.19,31332.35
edge:declared:db.NonUnifiedShareEtcFile:create_request	29287.22,29109.29 29501.18,29977.24
edge:declared:db.NonUnifiedShareEtcFile:management_history	29248.11,29035.29 28804.74,29014.79
edge:declared:db.NonUnifiedShareManagement:non_unified_share_company	29094.85,26646.04 29552.22,26227.33
edge:declared:db.NonUnifiedShareManagementHistory:create_request	28786.84,29014.79 29491.00,29977.24
edge:declared:db.NonUnifiedShareManagementHistory:management	28768.45,28908.79 29041.58,26736.04
edge:declared:db.NonUnifiedShareManagementHistory:renew_request	28687.63,28908.79 28047.73,28288.65
edge:declared:db.NonUnifiedShareManagementHistory:stock_unissued_confirmation_file	28778.84,29014.79 29694.24,31332.35
edge:declared:db.NonUnifiedShareManagementSalesIntent:non_unified_share_management	30015.60,25788.09 29094.04,26646.04
edge:declared:db.NonUnifiedShareSucPoaDocument:modusign_document	24315.26,23257.87 23433.92,22248.30
edge:declared:db.NonUnifiedShareSucPoaDocument:request	24499.05,23339.87 27969.16,28198.65
edge:declared:db.NonUnifiedShareSucPoaDocument:user_address	24341.00,23257.87 23233.31,18743.15
edge:declared:db.NonUnifiedShareSucRenewRequest:management	28031.72,28198.65 29020.55,26736.04
edge:declared:db.NonUnifiedShareSucRenewRequest:renew_stock_unissued_confirmation_file	28025.90,28288.65 29689.71,31332.35
edge:declared:db.NotarizationPoA:meeting	16373.11,23756.06 16491.43,23359.09
edge:declared:db.NotarizationPoaDirectorSigner:director	16266.71,23519.24 16357.87,23051.66
edge:declared:db.NotarizationPoaDirectorSigner:notarization_poa	16266.43,23593.24 16341.89,23756.06
edge:declared:db.NotarizationPoaShareholderSigner:notarization_poa	16697.36,23820.77 16484.89,23805.80
edge:declared:db.NotarizationPoaShareholderSigner:shareholder	16955.81,23823.45 17202.91,23908.85
edge:declared:db.Notification:company	14860.77,5544.19 16540.03,10447.27
edge:declared:db.NotificationInbox:notification	15787.82,7024.70 14871.11,5544.19
edge:declared:db.Option:company	16536.23,14972.26 16610.41,10881.27
edge:declared:db.Option:grantee	16517.36,15062.26 15287.01,19178.88
edge:declared:db.Option:sealed_contract_file	16590.45,15062.26 20161.18,17959.79
edge:declared:db.Option:source_meeting	16560.18,15062.26 17796.98,16891.86
edge:declared:db.OptionAdjustment:event	16178.23,12126.23 16329.65,16101.06
edge:declared:db.OptionContractTemplatePermission:company	23254.26,7189.53 16804.35,10564.84
edge:declared:db.OptionExerciseClaim:company	12788.61,17443.54 16493.04,10881.27
edge:declared:db.OptionExerciseClaim:financial_account	12762.71,17443.54 12757.16,16759.58
edge:declared:db.OptionExerciseClaimAttachment:attachment_setting_item	13689.43,17048.86 13861.59,16979.78
edge:declared:db.OptionExerciseClaimAttachment:option_exercise_claim	13501.98,17130.86 12880.93,17443.54
edge:declared:db.OptionExerciseClaimCandidate:option_exercise_claim	13202.16,17091.30 12831.67,17443.54
edge:declared:db.OptionExerciseClaimCandidate:option_exercise_management	13284.93,17001.30 14489.77,15429.95
edge:declared:db.OptionExerciseClaimCandidate:option_grantee	13291.04,17091.30 15218.52,19178.88
edge:declared:db.OptionExerciseClaimCandidate:stock_subscription_file	13386.49,17066.83 20161.18,18081.91
edge:declared:db.OptionExerciseClaimDocumentSetting:management	14439.79,15971.96 14528.92,15429.95
edge:declared:db.OptionExerciseClaimEventRelation:_deprecated_payment	12785.50,18025.28 12947.33,17832.77
edge:declared:db.OptionExerciseClaimEventRelation:claim	12752.86,18025.28 12773.01,17573.54
edge:declared:db.OptionExerciseClaimEventRelation:event	12667.07,18107.28 12527.36,18175.50
edge:declared:db.OptionExerciseClaimMeetingDocument:exercise_claim	14055.02,21826.32 12596.96,21489.30
edge:declared:db.OptionExerciseClaimMeetingDocument:grantee	14381.02,21886.62 14605.45,21917.77
edge:declared:db.OptionExerciseClaimOption:option_exercise_claim	12968.77,17462.36 12881.92,17480.86
edge:declared:db.OptionExerciseClaimOptionTaxation:_deprecated_claim	13148.92,17595.09 12881.92,17536.88
edge:declared:db.OptionExerciseClaimOptionTaxation:claim_option	13237.71,17595.09 13114.43,17499.21
edge:declared:db.OptionExerciseClaimPayment:option_exercise_claim	12982.08,17758.77 12811.71,17573.54
edge:declared:db.OptionExerciseManagement:company	14568.32,15299.95 16519.69,10881.27
edge:declared:db.OptionExerciseManagement:excluded_institution_set	14428.06,15429.95 12914.41,16323.29
edge:declared:db.OptionExerciseManagementAttachmentSetting:management	13908.29,16484.69 14502.57,15429.95
edge:declared:db.OptionExerciseManagementAttachmentSettingItem:setting	13948.27,16905.78 13896.38,16558.69
edge:declared:db.OptionExerciseManagementCommonSetting:management	14974.09,15604.05 14657.72,15429.95
edge:declared:db.OptionExerciseManagementEmail:option_exercise_management	14806.35,15752.94 14584.30,15429.95
edge:declared:db.OptionExerciseManagementPaymentBankSetting:company	15335.89,11058.56 16424.35,10722.87
edge:declared:db.OptionExerciseManagementReminderSetting:management	14894.89,15417.98 14669.61,15384.35
edge:declared:db.OptionExerciseManagementTaxation:management	14301.33,15189.28 14451.44,15299.95
edge:declared:db.OptionExerciseManagementTaxationDefaultSetting:company	23649.62,7189.53 16804.35,10570.43
edge:declared:db.OptionGrantContract:_deprecated_template	20563.31,18777.61 19463.53,15436.87
edge:declared:db.OptionGrantContract:_grantee	20425.54,18841.29 15851.97,19076.26
edge:declared:db.OptionGrantContract:contract_file	20539.13,18777.61 20410.46,18330.81
edge:declared:db.OptionGrantContract:template_revision	20564.48,18777.61 20202.12,16042.73
edge:declared:db.OptionGrantContractModusignDocument:option_grant_contract	21068.47,19072.42 20678.48,18891.61
edge:declared:db.OptionGrantContractModusignEmbeddedDraft:option_grant_contract	21368.27,21822.12 20571.94,18891.61
edge:declared:db.OptionGrantContractStakeholder:company	19784.08,15154.25 16766.92,10881.27
edge:declared:db.OptionGrantContractTemplate:_deprecated_stakeholder	19567.04,15330.87 19728.22,15260.25
edge:declared:db.OptionGrantContractTemplate:company	19414.29,15330.87 16745.70,10881.27
edge:declared:db.OptionGrantContractTemplateDraft:company	18331.56,15489.55 16691.30,10881.27
edge:declared:db.OptionGrantContractTemplateDraft:stakeholder_set	18479.82,15489.55 19677.00,15237.65
edge:declared:db.OptionGrantContractTemplateRevision:stakeholder_set	20182.12,15952.73 19966.00,15260.25
edge:declared:db.OptionGrantContractTemplateRevision:template	20141.15,15952.73 19510.50,15436.87
edge:declared:db.OptionGrantEvent:_deprecated_grantee	15992.95,18759.71 15356.51,19178.88
edge:declared:db.OptionGrantEvent:share_class	16080.34,18661.71 16032.92,18257.57
edge:declared:db.OptionManagement:agenda_option_grant	15873.76,19748.76 16453.88,19856.82
edge:declared:db.OptionManagementStakeholderSeat:option_management	14888.43,18919.45 15715.77,19684.93
edge:declared:db.OptionManagementStakeholderSeat:stakeholder_seat	14604.43,18919.45 10560.43,19104.51
edge:declared:db.OptionResumeEvent:pause_event	31582.90,1061.93 31461.80,1199.50
edge:declared:db.OptionTag:category	15165.37,13006.78 15210.48,12935.60
edge:declared:db.OptionTag:company	15167.18,13006.78 16480.29,10881.27
edge:declared:db.OptionTagCategory:company	15259.30,12861.60 16480.53,10881.27
edge:declared:db.OptionTaxCalculatorSetting:company	24063.29,7189.53 16804.35,10575.64
edge:declared:db.OptionValueChange:company	16223.88,8124.57 16580.99,10447.27
edge:declared:db.OptionValueChange:investment_round	16326.79,8124.57 16518.71,8189.83
edge:declared:db.OptionVesting:_deprecated_grant_event	15695.46,18249.51 16041.34,18661.71
edge:declared:db.Order:seal_card	5060.83,5789.92 3477.99,5890.84
edge:declared:db.OrderPromotionRelation:order	6200.68,7354.65 5216.48,5831.01
edge:declared:db.OrderPromotionRelation:promotion	6247.69,7354.65 6700.57,6629.47
edge:declared:db.OrderStaffInChargeRelation:order	5013.24,3945.21 5180.25,5733.01
edge:declared:db.OrderStaffInChargeRelation:staff_in_charge	4882.78,3918.49 4141.96,3978.48
edge:declared:db.OrderStatusHistory:order	4194.29,7806.00 5160.85,5831.01
edge:declared:db.OrganizationChart:company	13674.84,11937.42 16424.35,10746.56
edge:declared:db.OtherDocumentArchive:company	19782.51,15966.95 16744.00,10881.27
edge:declared:db.OtherDocumentArchiveAttachment:other_document_archive	19966.32,16418.10 19823.15,16040.95
edge:declared:db.OwnerRole:company	10448.25,8790.09 16424.35,10610.60
edge:declared:db.OwnerRolePermissionRelation:owner_permission	10187.02,8537.86 10095.59,8338.69
edge:declared:db.OwnerRolePermissionRelation:owner_role	10320.70,8611.86 10323.01,8703.32
edge:declared:db.Payment:_company	20466.03,12134.34 16804.35,10732.48
edge:declared:db.Payment:app_card	20726.03,12222.88 20816.86,12249.97
edge:declared:db.Payment:charge	20466.03,12189.59 20320.62,12195.71
edge:declared:db.Payment:credit_card	20726.03,12209.06 21904.54,12029.34
edge:declared:db.Payment:purchase	20726.03,12212.28 21774.72,12439.50
edge:declared:db.PaymentLink:payment_store	24995.01,12318.62 23363.11,13013.82
edge:declared:db.PaymentLink:question_threads	24936.58,12233.77 20611.43,11163.12
edge:declared:db.PaymentRefund:payment	20888.52,11942.86 20665.14,12127.11
edge:declared:db.PaymentRefund:payment_status_history	20968.78,11868.86 20903.94,11802.46
edge:declared:db.PaymentStatusHistory:payment	20818.44,11802.46 20629.25,12127.11
edge:declared:db.PaymentStore:legal_partner	23228.61,13103.82 22075.97,13860.26
edge:declared:db.Payroll:company	7796.36,1990.03 16424.35,10479.13
edge:declared:db.Payroll:setting	7728.54,1990.03 7037.49,9233.89
edge:declared:db.PayrollAnnualSalaryInfo:employee	10207.44,13518.56 10531.91,13855.95
edge:declared:db.PayrollAnnualSalaryItem:item_setting_relation	9801.66,12562.95 7705.22,9570.65
edge:declared:db.PayrollAnnualSalaryItem:payroll_annual_salary_info	9846.00,12636.95 10157.07,13444.56
edge:declared:db.PayrollDocumentSealStampSetting:_deprecated_ceo	16578.73,14790.52 17175.19,15562.39
edge:declared:db.PayrollDocumentSealStampSetting:company	16553.83,14708.52 16611.10,10881.27
edge:declared:db.PayrollDocumentSealStampSetting:seal_stamp	16704.51,14738.28 16828.67,14713.70
edge:declared:db.PayrollEmployeeMonthlyWage:hrm_emp	7039.59,18210.36 7187.71,17839.30
edge:declared:db.PayrollLedger:company	12909.88,13946.68 16424.35,10835.84
edge:declared:db.PayrollLedgerAttachment:payroll_ldeger	12328.41,13571.24 12785.48,13946.68
edge:declared:db.PayrollLedgerFile:payroll_ledger	12765.36,13756.45 12858.24,13946.68
edge:declared:db.PayrollLedgerFileModificationRequest:payroll_ledger_file	13009.67,13619.60 12782.96,13682.45
edge:declared:db.PayrollLedgerItemSettingRelation:ledger_item	7518.19,9507.44 7123.68,9461.26
edge:declared:db.PayrollLedgerItemSettingRelation:setting	7559.40,9480.65 7140.97,9315.89
edge:declared:db.PayrollManagementRelation:payroll	10373.94,4200.90 7805.23,1990.03
edge:declared:db.PayrollSetting:ledger_item_set	7029.44,9315.89 7012.36,9410.44
edge:declared:db.PayrollSettlement:company_question_thread_set	12880.78,7307.51 18891.85,12929.39
edge:declared:db.PayrollSettlement:payroll	12798.68,7225.51 7792.69,1990.03
edge:declared:db.PayrollSettlementAutoCreation:payroll	9332.97,3882.17 7784.29,1990.03
edge:declared:db.PayrollSettlementAutoCreation:payroll_question_help_template	9375.05,3956.17 10598.90,6521.99
edge:declared:db.PayrollSettlementProgressLog:payroll_settlement	12346.53,7505.48 12752.80,7307.51
edge:declared:db.PayrollSocialInsuranceSetting:hrm	3340.37,14731.02 3657.24,15246.42
edge:declared:db.PayrollStaffUserRelation:payroll	8202.19,2097.53 7864.36,1975.85
edge:declared:db.PayrollStatement:_deprecated_employee	10871.54,14927.16 10655.60,14057.95
edge:declared:db.PayrollStatement:hrm_emp	10803.58,15049.16 7428.77,17539.38
edge:declared:db.PayrollStatement:payroll_ledger	11015.93,14927.16 12745.19,14052.68
edge:declared:db.PayrollStatementAttendance:payroll_statement	10783.75,15260.72 10863.06,15049.16
edge:declared:db.PayrollStatementDocument:payroll_statement	11866.18,15107.28 11015.93,15049.16
edge:declared:db.PayrollStatementEmail:payroll_ledger	12661.38,16984.05 12846.65,14052.68
edge:declared:db.PayrollStatementEmailRecipient:email	11692.82,17131.11 12532.63,17031.66
edge:declared:db.PayrollStatementEmailRecipient:payroll_statement	11535.78,17107.22 10906.19,15049.16
edge:declared:db.PayrollStatementItem:ledger_item_setting_relation	9706.14,11779.74 7714.27,9570.65
edge:declared:db.PayrollStatementItem:payroll_statement	9763.31,11853.74 10864.08,14927.16
edge:declared:db.PayrollStatementPayrollInformation:payroll_statement	11286.88,14921.36 11015.93,15049.16
edge:declared:db.PayrollStatementScheduledEmail:payroll_statement_email	11914.57,16672.40 12563.00,16984.05
edge:declared:db.PayrollStatementScheduledEmailPeriodicTaskRelation:payroll_statement_scheduled_email	11752.54,16751.33 11840.44,16672.40
edge:declared:db.PeriodicOptionVestingItem:periodic_option_vesting	15222.64,18194.27 15230.47,18277.13
edge:declared:db.PhantomStock:company	10911.41,16723.60 16424.35,10866.58
edge:declared:db.PhantomStock:grantee	10884.28,16821.60 11231.49,18150.98
edge:declared:db.PhantomStockGrantContract:phantom_stock	10640.66,16363.95 10813.37,16723.60
edge:declared:db.PhantomStockResumeEvent:pause_event	16040.30,15559.00 15950.69,15428.49
edge:declared:db.PhantomStockVesting:phantom_stock	10690.51,17113.68 10840.18,16821.60
edge:declared:db.PhantomStockVestingItem:phantom_stock_vesting	10631.92,17452.25 10679.32,17187.68
edge:declared:db.PhantomStockVestingTraceable:phantom_stock	10689.82,17229.68 10846.48,16821.60
edge:declared:db.PhantomStockVestingTraceable:source_vesting_item	10675.93,17303.68 10635.68,17452.25
edge:declared:db.PhoneVerification:phone	8325.90,12693.04 6600.25,10948.29
edge:declared:db.PingpongDelivery:dropoff_address	20213.51,10884.22 22780.69,13028.81
edge:declared:db.PitchingDayHall:assigned_irs	32135.69,6262.84 28502.27,4973.67
edge:declared:db.PitchingDayHallAccessLog:pitching_day_hall	32410.84,6584.78 32284.16,6351.84
edge:declared:db.PitchingDayHallAccessLog:venture_capital	32446.98,6658.78 34157.44,10608.59
edge:declared:db.PitchingDayHallAssignedIrs:investor_relations	30396.26,5427.95 28502.27,4957.30
edge:declared:db.PitchingDayHallAssignedIrs:pitching_day_hall	30599.08,5496.51 32167.47,6261.84
edge:declared:db.PortalMenuVisibilitySetting:company	22922.96,7305.53 16804.35,10563.11
edge:declared:db.PortalSetting:company	23251.90,7305.53 16804.35,10568.13
edge:declared:db.PortfolioCompany:company	27545.42,13475.25 16804.35,10712.99
edge:declared:db.PortfolioCompany:venture_capital	27805.42,13455.27 34062.21,10884.64
edge:declared:db.PortfolioCompanyFund:fund	30055.68,12759.07 31402.08,12606.65
edge:declared:db.PortfolioCompanyFund:portfolio_company	29819.68,12809.06 27805.42,13466.26
edge:declared:db.PortfolioCompanyManager:portfolio_company	27809.31,15126.39 27680.80,13573.68
edge:declared:db.PortfolioCompanyUserRelation:portfolio_company	27925.93,13624.10 27805.42,13568.58
edge:declared:db.PrivacyPolicyLog:privacy_policy	3949.99,32014.16 3962.36,31885.84
edge:declared:db.PromotionAddress:promotion	6647.96,4495.08 6722.34,6555.47
edge:declared:db.PromotionCodeUsageHistory:promotion_code	24953.01,11017.95 24830.00,10752.45
edge:declared:db.PromotionCodeUsageHistory:service_fee_item	24933.19,11091.95 24592.89,11432.60
edge:declared:db.Purchase:_corporate_registration_paid_issue	21811.02,12576.64 19258.99,14975.64
edge:declared:db.Purchase:_credit	21774.72,12468.17 20609.49,12440.86
edge:declared:db.Purchase:_deprecated_payment_store	22070.72,12534.90 23191.13,13013.82
edge:declared:db.Purchase:_incorporation_request	21898.28,12576.64 21339.47,14977.61
edge:declared:db.Purchase:_invitation_seat_request	21774.72,12426.79 11897.15,9433.53
edge:declared:db.Purchase:_meeting	21828.97,12576.64 17975.89,16891.86
edge:declared:db.Purchase:_payment_store_legal_partner	21923.25,12576.64 21922.09,13836.32
edge:declared:db.Purchase:_subscription_payment_request	21880.99,12366.64 20952.10,10029.27
edge:declared:db.Purchase:basket	22070.72,12368.73 22336.95,12183.60
edge:declared:db.Purchase:company	21774.72,12421.25 16804.35,10729.04
edge:declared:db.Purchase:investment_association	22070.72,12550.62 28187.72,15814.80
edge:declared:db.Purchase:service_fee	22070.72,12403.39 22805.18,12064.67
edge:declared:db.Purchase:venture_capital	22070.72,12451.74 34062.21,10839.12
edge:declared:db.PurchaseItem:payment_store	23235.00,12921.26 23277.08,13013.82
edge:declared:db.PurchaseItem:purchase	23100.18,12847.34 22070.72,12518.86
edge:declared:db.PurchaseStatusHistory:purchase	21705.35,12557.77 21774.72,12530.28
edge:declared:db.Purpose:articles_of_incorporation	17646.36,13809.65 17578.45,14273.59
edge:declared:db.Purpose:industrial_code	17648.91,13735.65 17639.95,13619.95
edge:declared:db.QrReplyPasswordReset:request	24336.83,15474.94 25252.47,15597.81
edge:declared:db.QrReplyPasswordResetRequest:reply	25235.20,15671.81 25361.35,15785.36
edge:declared:db.QuarterlyReportRequest:quarterly_report	26968.69,16015.12 27167.72,15940.58
edge:declared:db.QuarterlyReportRequestAttachment:quarterly_report_request	25967.73,16858.16 26746.68,16105.12
edge:declared:db.QuarterlyReportRequestRecipient:email_activity_recipient	28369.73,16789.87 24270.72,23651.23
edge:declared:db.QuarterlyReportRequestRecipient:portfolio_company	28397.21,16699.87 27690.12,13573.68
edge:declared:db.QuarterlyReportRequestRecipient:portfolio_company_manager	28393.09,16699.87 27819.35,15200.39
edge:declared:db.QuarterlyReportRequestRecipient:quarterly_report_request	28307.81,16699.87 26986.04,16105.12
edge:declared:db.QuarterlyReportRequestReportItem:quarterly_report_item	26163.12,15988.93 26011.95,15964.50
edge:declared:db.QuarterlyReportRequestReportItem:quarterly_report_request	26462.12,16014.60 26727.24,16058.40
edge:declared:db.QuarterlyReportSettings:quarterly_report	26907.52,15252.33 27277.62,15828.71
edge:declared:db.QuarterlyReportSignupChannel:portfolio_company	26307.91,13455.58 27545.42,13506.44
edge:declared:db.QuarterlyReportSignupChannel:quarterly_report	26190.23,13490.95 27292.10,15828.71
edge:declared:db.QuestionMessageAttachment:message	21374.52,17985.44 23728.41,9653.32
edge:declared:db.QuestionMessageScheduled:question_thread_message	23939.74,8741.29 23765.62,9507.32
edge:declared:db.QuestionThread:_company	20351.43,11115.14 16804.35,10684.03
edge:declared:db.QuestionThreadAssignment:question_thread	20377.96,11772.79 20470.31,11199.94
edge:declared:db.QuestionThreadMessage:question_thread	23613.03,9644.39 20603.93,11061.94
edge:declared:db.QuestionThreadMessageAccessLog:message	24668.09,9559.60 23885.03,9577.25
edge:declared:db.QuestionThreadMessageCategory:question_thread_message	25030.59,9561.56 23885.03,9578.33
edge:declared:db.QuestionThreadMessagePeriodicTaskRelation:question_message_scheduled	23857.22,8553.97 23963.48,8667.29
edge:declared:db.QuestionThreadMessageProfile:message	24679.09,9666.18 23885.03,9592.88
edge:declared:db.QuestionThreadMessageReminder:message	25030.59,9669.19 23885.03,9589.75
edge:declared:db.QuestionThreadMessageReview:message	24683.09,9772.96 23885.03,9608.37
edge:declared:db.QuestionThreadMessageReviewRequest:message	25008.09,9772.94 23885.03,9601.13
edge:declared:db.QuestionThreadTag:question_thread_set	20690.67,11433.46 20529.15,11199.94
edge:declared:db.RebootProductContactRequest:company	23647.12,7305.53 16804.35,10573.53
edge:declared:db.RegisteredMail:order_status_history	3864.50,7901.05 4050.22,7868.64
edge:declared:db.RegisteredMail:seal_card_return_status_history	3740.28,7884.64 3701.25,7652.35
edge:declared:db.Registration:meeting	13756.92,22114.95 17751.70,17125.86
edge:declared:db.RegistrationAgenda:agenda_ceo_address_change	13352.66,22458.34 13224.86,22407.94
edge:declared:db.RegistrationAgenda:agenda_director_change	13590.76,22499.26 14378.10,22473.38
edge:declared:db.RegistrationAgenda:agenda_option_exercise	13342.76,22503.20 13224.86,22503.07
edge:declared:db.RegistrationAgenda:registration	13521.73,22458.34 13696.65,22196.95
edge:declared:db.RegistrationAssistance:legal_partner	21428.83,15869.66 21889.67,14086.32
edge:declared:db.RegistrationAssistance:meeting	21294.68,15949.61 18010.62,16962.38
edge:declared:db.RegistrationAssistanceReceipt:registration_assistance	21228.29,16237.63 21394.81,15951.66
edge:declared:db.RegistrationCaseReport:company	14501.12,5660.19 16522.71,10447.27
edge:declared:db.RegistrationCaseReport:jurisdiction	14484.52,5660.19 14419.01,7713.33
edge:declared:db.RegistrationCaseReportUpdateLog:company	24060.64,7305.53 16804.35,10578.57
edge:declared:db.RegistrationDirector:registration	13865.86,22334.03 13836.18,22196.95
edge:declared:db.RegistrationFormCaptable:agenda	19083.06,24926.36 17810.65,21756.78
edge:declared:db.RegistrationFormCaptableDocument:captable	18717.97,25404.61 19063.74,25008.36
edge:declared:db.RegistrationFormCaptableNotarizationRequestor:registration_form_captable	18213.81,23849.23 19067.04,24926.36
edge:declared:db.RegistrationFormCaptableNotarizationRequestor:shareholder	18126.55,23849.23 17577.91,23941.96
edge:declared:db.RegistrationFormHeadOfficeInsideRelocationDocument:head_office_relocation_agenda	19569.18,24997.30 18850.99,22003.15
edge:declared:db.RegistrationFormHeadOfficeOutsideRelocationDocument:head_office_relocation_agenda	19569.50,25113.30 18850.99,22003.15
edge:declared:db.RegistrationHelp:company_question_thread	18790.90,13111.54 18870.48,13054.43
edge:declared:db.RegistrationHelp:meeting	18663.69,13178.49 17891.73,16891.86
edge:declared:db.ResignationLetterDocument:director_change_agenda	13811.48,22883.28 14408.06,22547.07
edge:declared:db.RightToConsentOrConsult:company	15306.29,16056.86 16560.45,10881.27
edge:inheritance:db.RsuAdjustEvent->db.Event	16701.17,12264.01 16400.44,16101.06
edge:declared:db.RsuExerciseClaim:company	14477.40,14531.43 16494.44,10881.27
edge:declared:db.RsuExerciseClaim:financial_account	14337.69,14637.43 12794.13,16661.58
edge:declared:db.RsuExerciseClaimAttachment:attachment_setting_item	14082.49,14687.37 14026.21,14751.84
edge:declared:db.RsuExerciseClaimAttachment:rsu_exercise_claim	14266.83,14618.51 14323.80,14607.78
edge:declared:db.RsuExerciseClaimCandidate:hrm_emp	13051.85,16190.67 7428.77,17622.50
edge:declared:db.RsuExerciseClaimCandidate:rsu_exercise_claim	13216.19,16109.52 14368.12,14637.43
edge:declared:db.RsuExerciseClaimCandidate:rsu_exercise_management	13178.33,16109.52 13181.39,15528.01
edge:declared:db.RsuExerciseClaimCandidate:rsu_grantee	13248.65,16207.52 13459.92,16353.73
edge:declared:db.RsuExerciseClaimCandidateEmailRecipient:candidate	13494.56,16176.08 13303.85,16165.51
edge:declared:db.RsuExerciseClaimEventRelation:claim	15033.26,14984.52 14564.64,14637.43
edge:declared:db.RsuExerciseClaimEventRelation:event	15135.18,15058.52 15740.92,15489.85
edge:declared:db.RsuExerciseClaimRsu:rsu	14958.58,14316.40 15469.62,14200.66
edge:declared:db.RsuExerciseClaimRsu:rsu_exercise_claim	14793.57,14378.40 14571.80,14552.97
edge:declared:db.RsuExerciseManagement:company	13216.64,15430.01 16464.59,10881.27
edge:declared:db.RsuExerciseManagement:excluded_institution_set	13162.78,15528.01 12856.55,16323.29
edge:declared:db.RsuExerciseManagementAttachmentSetting:management	13527.05,15057.53 13221.81,15430.01
edge:declared:db.RsuExerciseManagementAttachmentSettingItem:setting	13953.79,14825.84 13595.92,14983.53
edge:declared:db.RsuExerciseManagementEmail:rsu_exercise_management	13545.90,15937.06 13220.62,15528.01
edge:declared:db.RsuExtraAttachment:rsu	15958.32,13772.98 15670.49,14096.86
edge:declared:db.RsuGrantContract:rsu	16226.62,13856.72 15741.62,14101.28
edge:declared:db.RsuGrantContract:template	16310.19,13766.72 16199.69,13303.23
edge:declared:db.RsuGrantContractModusignDocument:rsu_grant_contract	20902.20,18650.13 16358.52,13856.72
edge:declared:db.RsuGrantContractTemplate:company	16201.16,13221.23 16579.83,10881.27
edge:declared:db.RsuGrantContractTemplate:stakeholder_set	16185.13,13221.23 16156.66,12745.59
edge:declared:db.RsuGrantContractTemplateStakeholder:company	16156.62,12671.59 16565.57,10881.27
edge:declared:db.RsuMeeting:company	16184.05,14223.67 16585.26,10881.27
edge:declared:db.RsuMeeting:meeting	16206.51,14313.67 17802.73,16891.86
edge:declared:db.RsuMeetingAttachment:meeting	16090.58,14416.70 16143.57,14313.67
edge:declared:db.RsuPerformanceCondition:company	15696.78,12768.60 16519.73,10881.27
edge:declared:db.RsuResumeEvent:pause_event	15943.06,16851.11 15802.27,16802.16
edge:declared:db.RsuRsa:company	15626.56,14096.86 16548.93,10881.27
edge:declared:db.RsuRsa:grantee	15540.62,14242.86 13610.90,16410.00
edge:declared:db.RsuRsa:grantee_hrm_emp	15469.62,14226.82 7428.77,17594.25
edge:declared:db.RsuRsa:source_meeting	15741.62,14185.29 16079.75,14223.67
edge:declared:db.RsuRsaSealedContractFile:company	16130.15,13543.33 16578.33,10881.27
edge:declared:db.RsuRsaSealedContractFile:grant_contract	16156.34,13617.33 16276.43,13766.72
edge:declared:db.RsuTag:category	15953.24,13097.22 15885.79,13030.01
edge:declared:db.RsuTag:company	16004.59,13097.22 16555.75,10881.27
edge:declared:db.RsuTag:rsu_set	15980.69,13179.22 15633.26,14096.86
edge:declared:db.RsuTagCategory:company	15860.74,12956.01 16538.48,10881.27
edge:declared:db.RsuVesting:rsu	14816.14,13395.26 15531.22,14096.86
edge:declared:db.RsuVestingItem:performance_condition	14992.59,13682.60 15649.58,12842.60
edge:declared:db.RsuVestingItem:rsu_vesting	14930.36,13682.60 14779.40,13395.26
edge:declared:db.RsuVestingTraceable:rsu	14830.43,13511.26 15519.70,14096.86
edge:declared:db.RsuVestingTraceable:source_vesting_item	14788.93,13511.26 14918.76,13682.60
edge:declared:db.RtccConsentSummary:company	14611.50,8746.13 16424.35,10482.31
edge:declared:db.RtccConsentSummary:source_result	14579.00,8672.13 14722.35,7287.19
edge:declared:db.RtccEmail:right_to_consent_or_consult	15118.83,16210.41 15231.68,16138.86
edge:declared:db.RtccEmailAuthentication:rtcc_investor	15695.59,17041.95 15613.58,17370.92
edge:declared:db.RtccInvestor:right_to_consent_or_consult	15591.88,17370.92 15305.08,16138.86
edge:declared:db.RtccInvestor:stakeholder	15501.95,17460.92 11989.04,19033.42
edge:declared:db.RtccInvestorFile:investor	18390.78,17985.91 15757.86,17447.69
edge:declared:db.RtccSummaryAnalysisRequest:company	14791.52,6859.17 16510.40,10447.27
edge:declared:db.RtccSummaryAnalysisRequestDocument:document	15233.57,8153.49 18488.18,14284.43
edge:declared:db.RtccSummaryAnalysisRequestDocument:request	15201.48,8079.49 14786.22,6859.17
edge:declared:db.RtccSummaryAnalysisResult:request	14730.97,7205.19 14767.89,6859.17
edge:declared:db.RtccSummaryAnalysisResultDocument:document	15102.33,8385.52 18486.10,14284.43
edge:declared:db.RtccSummaryAnalysisResultDocument:result	15069.36,8311.52 14739.78,7287.19
edge:declared:db.Safe:company	11761.25,17337.96 16456.81,10881.27
edge:declared:db.Safe:holder	11700.32,17411.96 12172.48,18063.56
edge:declared:db.SafeCreateEvent:contract_file	17199.98,16956.75 20161.18,18044.19
edge:declared:db.SalesMetric:legal_partner	22627.38,14610.72 22034.92,14086.32
edge:declared:db.SdContactRequest:secondary_deal	34298.36,6148.17 35117.67,3309.80
edge:declared:db.SdContactRequest:venture_capital	34287.35,6222.17 34248.05,10608.59
edge:declared:db.SealCardReturnRequest:seal_card	2776.83,5993.49 3229.99,5919.11
edge:declared:db.SealCardReturnStatusHistory:seal_card_return_request	3667.63,7570.35 2679.56,6054.85
edge:declared:db.SealCertificateDelivery:company	19277.37,10743.74 16804.35,10671.13
edge:declared:db.SealCertificateDelivery:seal_card_pickup_delivery	19525.37,10759.13 20031.23,10820.24
edge:declared:db.SealCertificateIssueRequest:delivery	19531.47,10865.30 19455.43,10796.38
edge:declared:db.SealStamp:attachment	17005.34,14742.15 20161.18,17918.01
edge:declared:db.SealStamp:company	16948.20,14636.15 16631.39,10881.27
edge:declared:db.SealStamp:director	16968.06,14742.15 17206.29,15562.39
edge:declared:db.SealStampCardContinuedUseApplicationFormDocument:stakeholder	10717.39,23625.68 11782.56,19264.73
edge:declared:db.SealStampDeclarationDocument:stakeholder	10717.15,23741.68 11783.58,19264.73
edge:declared:db.SealStampImage:seal_stamp	19102.39,16397.61 17019.28,14742.15
edge:declared:db.SealStampUsageHistory:employee	12232.49,14198.27 10772.51,13982.46
edge:declared:db.SealStampUsageHistory:payroll_statement_document	12339.78,14269.60 11999.74,15078.35
edge:declared:db.SealStampUsageHistory:seal_stamp	12480.49,14230.04 16828.67,14676.42
edge:declared:db.SealStampUsageHistory:wht_book	12232.49,14225.98 11466.49,14283.95
edge:declared:db.SealStampUsageHistory:wht_certificate	12379.70,14163.60 12424.79,14060.65
edge:declared:db.SealStampUsageHistory:wht_receipt	12232.49,14179.11 12056.89,14126.02
edge:declared:db.SecondaryDeal:assigned_investors	35138.22,3309.80 34270.58,10608.59
edge:declared:db.SecondaryDeal:business_line	34998.60,3163.91 34492.03,3082.06
edge:declared:db.SecondaryDeal:corporate_registration	34998.60,3089.37 34782.81,2950.05
edge:declared:db.SecondaryDeal:operating_profit	34998.60,3131.19 34508.53,2947.86
edge:declared:db.SelfRegistration:meeting	18067.72,17006.34 18010.62,16979.44
edge:declared:db.ServiceFee:basket	22781.92,12024.84 22497.04,12145.49
edge:declared:db.ServiceFeeItem:product	24509.63,11432.60 23676.76,10625.36
edge:declared:db.ServiceFeeItem:service_fee	24456.63,11514.60 23029.92,11982.96
edge:declared:db.ShareClass:company	16030.84,18151.57 16599.26,10881.27
edge:declared:db.ShareholderInstitutionMember:institution	12018.41,22319.38 12360.22,23370.24
edge:declared:db.ShareholderInstitutionMember:manager	11990.67,22237.38 11888.53,21921.92
edge:declared:db.ShareholderInstitutionMemberCeo:member	11964.48,23065.95 12001.90,22319.38
edge:declared:db.ShareholderVote:agenda	17621.71,22116.08 17673.54,21756.78
edge:declared:db.ShareholderVote:attended_shareholder	17611.12,22190.08 17398.95,23904.65
edge:declared:db.ShareholderVotingRightsPerAgenda:agenda	17620.88,22232.08 17676.64,21756.78
edge:declared:db.ShareholderVotingRightsPerAgenda:shareholder	17610.80,22306.08 17399.53,23904.65
edge:declared:db.ShareholdersAgreementStakeholder:stakeholder	10976.88,18808.34 11657.04,19051.16
edge:declared:db.ShareholdersMeeting:chairperson	16468.26,23221.09 16390.03,23051.66
edge:declared:db.ShareholdersMeeting:meeting	16518.22,23221.09 17839.46,17125.86
edge:declared:db.ShareholdersMeeting:sealed_meeting_minutes_file	16554.51,23221.09 20186.57,18330.81
edge:declared:db.ShareholdersMeetingAgenda:agenda_authorized_shares_change	17539.36,21730.51 17150.97,21999.31
edge:declared:db.ShareholdersMeetingAgenda:agenda_bonus_issue	17836.42,21482.78 17437.38,20350.65
edge:declared:db.ShareholdersMeetingAgenda:agenda_branch_change	17859.36,21482.78 17934.27,20552.69
edge:declared:db.ShareholdersMeetingAgenda:agenda_change_of_articles_of_incorporation	17859.36,21668.58 18574.50,20666.64
edge:declared:db.ShareholdersMeetingAgenda:agenda_co_ceo_system_change	17539.36,21698.38 14457.31,22734.96
edge:declared:db.ShareholdersMeetingAgenda:agenda_company_name_change	17793.06,21756.78 18040.69,22337.36
edge:declared:db.ShareholdersMeetingAgenda:agenda_custom	17539.36,21711.51 14774.31,22769.17
edge:declared:db.ShareholdersMeetingAgenda:agenda_director_change	17539.36,21692.30 14626.10,22461.34
edge:declared:db.ShareholdersMeetingAgenda:agenda_director_compensation_decision	17539.36,21667.35 16417.44,21624.38
edge:declared:db.ShareholdersMeetingAgenda:agenda_director_compensation_rule	17846.51,21756.78 18380.91,22337.36
edge:declared:db.ShareholdersMeetingAgenda:agenda_financial_statements	17840.34,21482.78 17732.23,20326.65
edge:declared:db.ShareholdersMeetingAgenda:agenda_head_office_relocation	17859.36,21682.03 18591.99,21909.88
edge:declared:db.ShareholdersMeetingAgenda:agenda_head_office_relocation_aoi_change	17782.56,21756.78 18042.65,22453.36
edge:declared:db.ShareholdersMeetingAgenda:agenda_method_of_giving_public_notice_change	17659.77,21482.78 17232.37,20110.02
edge:declared:db.ShareholdersMeetingAgenda:agenda_new_issue	17602.57,21756.78 16870.08,22666.24
edge:declared:db.ShareholdersMeetingAgenda:agenda_new_options_rule	17830.01,21756.78 18385.47,22453.36
edge:declared:db.ShareholdersMeetingAgenda:agenda_new_or_change_rsu_rule	17773.91,21756.78 18044.22,22573.36
edge:declared:db.ShareholdersMeetingAgenda:agenda_option_cancel	17539.36,21639.56 15874.25,21141.61
edge:declared:db.ShareholdersMeetingAgenda:agenda_option_grant	17539.36,21482.78 16604.87,19924.92
edge:declared:db.ShareholdersMeetingAgenda:agenda_purpose_change	17816.44,21756.78 18386.22,22569.36
edge:declared:db.ShareholdersMeetingAgenda:agenda_rsu_grant	17539.36,21716.91 14457.31,22901.17
edge:declared:db.ShareholdersMeetingAgenda:agenda_subsidiary_establishment	17539.36,21727.81 14787.31,22897.17
edge:declared:db.ShareholdersMeetingAgenda:meeting	17657.84,21756.78 16555.22,23221.09
edge:declared:db.ShareholdersMeetingConvocationNoticeEmail:shareholders_meeting	18355.44,20846.00 16555.55,23221.09
edge:declared:db.ShareholdersMeetingConvocationNoticeEmailAttachment:convocation_notice_email	19888.63,19346.27 18484.75,20846.00
edge:declared:db.ShareholdersMeetingConvocationNoticeEmailNewIssueAttachment:email	18798.38,22760.92 18484.75,20846.00
edge:declared:db.ShareholdersMeetingConvocationNoticeEmailNewIssueAttachment:new_issue	18606.44,22793.45 16937.62,22755.80
edge:declared:db.ShareholdersMeetingConvocationNoticeEmailRecipient:email_activity_recipient	19926.16,18715.35 24199.03,23651.23
edge:declared:db.ShareholdersMeetingConvocationNoticeRecipient:bulk_email_recipient	19366.39,22676.47 19874.60,18599.35
edge:declared:db.ShareholdersMeetingConvocationNoticeRecipient:convocation_notice_email	19339.76,22676.47 18484.75,20846.00
edge:declared:db.ShareholdersMeetingConvocationNoticeRecipient:shareholder	19290.08,22766.47 17501.82,23904.65
edge:declared:db.ShareholdersMeetingDirectorAttendance:stakeholder	16310.21,22953.66 11989.04,19250.01
edge:declared:db.ShareholdersMeetingPowerOfAttorneyIndividualDocument:shareholder	17201.33,24528.94 17366.92,24042.65
edge:declared:db.ShareholdersMeetingShareholderAttendance:meeting	17300.53,23904.65 16589.91,23359.09
edge:declared:db.ShareholdersMeetingShareholderAttendance:original_shareholder	17202.91,23955.46 12511.36,23500.24
edge:declared:db.ShareholdersMeetingShortenPeriodIndividualDocument:shareholder	17180.95,24644.94 17368.88,24042.65
edge:declared:db.ShareholdersMeetingWrittenDecisionIndividualDocument:shareholder	17170.71,24760.94 17371.15,24042.65
edge:declared:db.Stakeholder:company	11912.13,18950.73 16491.40,10881.27
edge:declared:db.Stakeholder:standardized_address	11989.04,19100.59 23048.64,18624.81
edge:declared:db.StakeholderAccount:account	12549.10,16823.85 12666.93,16759.58
edge:declared:db.StakeholderAccount:stakeholder	12526.29,16897.85 11873.00,18950.73
edge:declared:db.StakeholderCustodian:stakeholder	11310.50,19288.09 11657.04,19166.14
edge:declared:db.StakeholderSeat:stakeholder	10560.43,19110.31 11657.04,19108.07
edge:declared:db.StarredQuestionThread:question_thread	20079.44,11231.07 20351.43,11163.32
edge:declared:db.Stock:company	15041.93,17800.93 16565.75,10881.27
edge:declared:db.Stock:share_class	15141.12,17882.93 15902.70,18159.53
edge:declared:db.Stock:shareholder	15013.30,17882.93 12390.71,23370.24
edge:declared:db.StockDocumentAnalysis:document_ai_process_request	26640.98,29156.13 27291.24,28830.61
edge:declared:db.StockDocumentAnalysis:stock_reregistration_event	26593.42,29230.13 26723.65,29412.98
edge:declared:db.StockTransferAgreement:company	17639.91,18288.34 16643.54,10881.27
edge:declared:db.StockTransferAgreement:purchaser	17512.85,18384.78 11989.04,19086.64
edge:declared:db.StockTransferAgreement:sealed_agreement_file	17784.85,18355.79 20161.18,18127.15
edge:declared:db.StockTransferAgreement:seller	17512.85,18403.58 12511.36,23370.24
edge:declared:db.StockTransferAgreement:stock_transfer_event	17535.56,18288.34 17179.84,18077.17
edge:declared:db.StockTransferAgreementClauses:stock_transfer_agreement	17805.49,18201.57 17784.85,18324.90
edge:declared:db.StockTransferAgreementItem:agreement	17001.17,18211.58 17512.85,18339.54
edge:declared:db.StockTransferAgreementItem:share_class	16754.17,18161.64 16150.70,18197.25
edge:declared:db.StockTransferAgreementManagement:company	16700.48,12490.07 16624.59,10881.27
edge:declared:db.StockTransferAgreementManagement:related_tax_advices	16852.65,12580.07 20351.43,11182.85
edge:declared:db.StockTransferAgreementManagement:stock_transfer_agreement	16852.65,12580.07 17568.18,18288.34
edge:declared:db.StockTransferAgreementManagementStakeholderSeat:stakeholder_seat	8691.24,7084.11 10430.48,19069.18
edge:declared:db.StockTransferAgreementManagementStakeholderSeat:stock_transfer_agreement_management	8739.29,7084.11 16549.65,12490.07
edge:declared:db.StockTransferAgreementModusignDocument:stock_transfer_agreement	20116.19,20102.20 17784.85,18442.34
edge:declared:db.StockTransferAgreementModusignEmbeddedDraft:stock_transfer_agreement	20208.40,20545.42 17784.85,18442.34
edge:declared:db.StockTransferAgreementPurchaserInstitution:agreement	18192.01,18520.12 17784.85,18407.95
edge:declared:db.StockTransferAgreementSellerInstitution:agreement	18012.32,18363.52 17784.85,18380.05
edge:declared:db.StockTransferAgreementSurvey:company	22920.56,7421.53 16804.35,10566.57
edge:declared:db.StockTransferPrice:share_class	16856.94,17883.54 16150.70,18156.62
edge:declared:db.StockTransferPrice:stock_transfer_event	16985.49,17908.11 17114.85,18003.17
edge:declared:db.StockUnissuedConfirmationRequest:company	18147.24,14424.43 16702.81,10881.27
edge:declared:db.StockUnissuedConfirmationRequest:stock_unissued_confirmation_file	18188.89,14506.43 20219.48,17896.81
edge:declared:db.StripeCard:customer	4558.13,4551.79 4612.01,5016.26
edge:declared:db.StripePayment:card	3648.93,5355.97 4514.04,4551.79
edge:declared:db.StripePayment:order	3728.82,5427.19 5060.83,5751.79
edge:declared:db.StripePayment:seal_card_return_request	3541.55,5437.97 2716.10,5972.85
edge:declared:db.Subscription:company	20612.35,9434.44 16804.35,10612.81
edge:declared:db.Subscription:subscription_contract	20612.35,9437.00 19346.80,9852.40
edge:declared:db.Subscription:subscription_package	20612.35,9447.91 19622.16,9852.40
edge:declared:db.Subscription:subscription_plan	20719.94,9473.36 20432.47,10293.03
edge:declared:db.Subscription:subscription_policy	20612.35,9461.10 19608.74,9968.40
edge:declared:db.Subscription:subscription_promotion	20612.35,9458.18 19318.47,10084.40
edge:declared:db.SubscriptionBonus:subscription	22110.16,9440.35 20884.35,9397.15
edge:declared:db.SubscriptionContract:company	19129.18,9924.61 16804.35,10618.22
edge:declared:db.SubscriptionModusignDocumentUsageHistory:subscription	28234.04,11382.93 20884.35,9429.97
edge:declared:db.SubscriptionPackage:company	19423.18,9920.99 16804.35,10622.13
edge:declared:db.SubscriptionPaymentRequest:company	20809.64,10008.09 16804.35,10638.07
edge:declared:db.SubscriptionPaymentRequest:subscription	20928.62,9947.27 20774.66,9473.36
edge:declared:db.SubscriptionPenaltyPayment:company	19127.18,10035.84 16804.35,10625.16
edge:declared:db.SubscriptionPenaltyPayment:subscription	19330.29,9968.40 20612.35,9447.61
edge:declared:db.SubscriptionPeriod:subscription	21847.02,8918.25 20884.35,9333.67
edge:declared:db.SubscriptionPerk:subscription	21355.55,8994.89 20872.09,9311.36
edge:declared:db.SubscriptionPlan:permissions	20264.26,10340.11 20012.45,10320.90
edge:declared:db.SubscriptionPlanOffering:subscription_plan	20768.49,10302.98 20524.26,10333.69
edge:declared:db.SubscriptionPlanPerk:subscription_plan	20774.82,10184.76 20524.26,10293.57
edge:declared:db.SubscriptionPolicy:company	19423.18,10032.26 16804.35,10628.48
edge:declared:db.SubscriptionPromotion:company	19129.18,10146.07 16804.35,10632.10
edge:declared:db.SubscriptionReservation:company	19109.42,10460.98 16804.35,10648.79
edge:declared:db.SubscriptionReservation:subscription_plan	19345.42,10433.95 20264.26,10360.43
edge:declared:db.SubscriptionSuspensionHistory:subscription	20592.70,9132.70 20699.80,9311.36
edge:declared:db.TalingCoupon:_company	23249.37,7421.53 16804.35,10571.41
edge:declared:db.TaxBookkeepingServiceRequest:company	20585.15,12942.82 16804.35,10772.92
edge:declared:db.TaxBookkeepingServiceRequest:incorporation_request	20669.44,13024.82 21281.43,14977.61
edge:declared:db.TaxPartnerTbkContract:legal_partner	22954.15,13358.14 22075.97,13871.33
edge:declared:db.TaxPartnerTbkContractItem:tax_partner_tbk_contract	23090.80,13424.53 23046.59,13358.14
edge:declared:db.TaxPartnerTbkSettings:legal_partner	22282.66,14726.72 21963.01,14086.32
edge:declared:db.TbkConsulting:tax_bookkeeping_service_request	21339.59,13022.76 20793.59,12991.61
edge:declared:db.TbkConsulting:tbk_question_thread	21339.59,13028.74 19154.48,13009.40
edge:declared:db.TbkConsultingMemo:tbk_consulting	21644.51,12802.51 21502.59,12980.84
edge:declared:db.TbkConsultingRefusal:incorporation_request	20967.11,14496.21 21252.19,14977.61
edge:declared:db.TbkConsultingStatusLog:tbk_consulting	21038.03,12604.60 21414.55,12980.84
edge:declared:db.TbkContract:tbk_consulting	22109.13,13284.30 21506.41,13078.84
edge:declared:db.TbkContractBenefit:tbk_contract	22356.47,13432.88 22277.83,13366.30
edge:declared:db.TbkContractSettlement:tbk_contract	22574.87,13280.11 22353.41,13309.08
edge:declared:db.ThirdPartyArticleProviderUserRelation:article_provider	20191.34,19851.23 20316.40,19784.55
edge:declared:db.UserApiKeyCompanyAccess:api_key	17078.11,7316.27 17242.95,6340.44
edge:declared:db.UserApiKeyCompanyAccess:selected_companies	17052.48,7398.27 16641.96,10447.27
edge:declared:db.UserApiKeyCompanyRelation:company	17624.68,6696.52 16668.16,10447.27
edge:declared:db.UserApiKeyCompanyRelation:company_access	17603.57,6696.52 17091.85,7316.27
edge:declared:db.UserApiKeyRevocation:api_key	17129.61,6460.86 17139.06,6292.07
edge:declared:db.UserInvitation:company	10592.95,10383.51 16424.35,10664.32
edge:declared:db.UserInvitation:company_user_relation	10412.83,10422.54 10028.54,10730.69
edge:declared:db.UserInvitationInvitee:invitation	10053.58,10868.71 10430.89,10422.54
edge:declared:db.UserInvitationInvitee:stakeholder	9944.08,10940.20 11786.92,18950.73
edge:declared:db.UserInvitationOwnerRoleRelation:owner_role	10878.76,9101.29 10402.11,8801.32
edge:declared:db.UserInvitationOwnerRoleRelation:user_invitation	10850.22,9175.29 10483.43,10332.54
edge:declared:db.UserProfileImageMapping:profile_image	21348.08,18485.80 21180.71,18418.79
edge:declared:db.UserSealCardRelation:seal_card	3112.75,6082.94 3300.29,5939.75
edge:declared:db.ValuationHistory:company	23644.44,7421.53 16804.35,10576.63
edge:declared:db.ValuationServiceRequest:company	18423.99,12095.69 16804.35,10810.09
edge:declared:db.ValuationServiceRequest:company_question_thread	18498.12,12169.69 19063.07,12929.39
edge:declared:db.VcIrRecommendationRequest:venture_capital	32618.11,7565.68 34143.45,10608.59
edge:declared:db.VcIrRecommendationRequestResult:investor_relations	31102.54,6396.08 28502.27,5001.62
edge:declared:db.VcIrRecommendationRequestResult:request	31219.76,6470.08 32551.33,7491.68
edge:declared:db.VcLpReport:venture_capital	33868.63,11656.94 34129.82,11018.59
edge:declared:db.VcLpReportRequest:alimtalk_activity	34394.10,12098.83 33073.66,12956.85
edge:declared:db.VcLpReportRequest:vc_lp_report	34389.18,12016.83 33914.87,11730.94
edge:declared:db.VcLpReportRequestRecipient:alimtalk_activity_recipient	32698.58,12779.32 32234.93,13273.24
edge:declared:db.VcLpReportRequestRecipient:fund_partner	32762.28,12697.32 32867.64,12525.96
edge:declared:db.VcLpReportRequestRecipient:vc_lp_report_request	32840.71,12697.32 34353.56,12098.83
edge:declared:db.VcNameAlias:venture_capital	35073.94,10380.63 34430.21,10717.35
edge:declared:db.VcSearchLog:company	25804.46,2648.34 16804.35,10498.55
edge:declared:db.VcSearchLog:investor_relations	25894.63,2648.34 28208.88,4790.03
edge:declared:db.VcSearchLog:venture_capital	25892.28,2648.34 34062.21,10633.75
edge:declared:db.VcUserRole:venture_capital	29233.30,6970.25 34062.21,10672.52
edge:declared:db.VentureBusinessCertification:attachment	18525.54,14506.43 20239.86,17896.81
edge:declared:db.VentureBusinessCertification:company	18483.92,14424.43 16722.24,10881.27
edge:declared:db.VentureBusinessCertificationExpirationNotificationLog:venture_business_certification	18352.23,14649.83 18469.43,14506.43
edge:declared:db.VentureCapitalEmailTemplates:venture_capital	34648.39,10951.62 34430.21,10876.74
edge:declared:db.VentureCapitalPaymentLink:venture_capital	26862.71,11480.59 34062.21,10821.51
edge:declared:db.VentureCapitalQuarterlyReport:content_template	27317.22,15828.71 27408.47,14096.96
edge:declared:db.VentureCapitalQuarterlyReport:venture_capital	27392.11,15828.71 34062.21,10947.67
edge:declared:db.VentureCapitalQuarterlyReportContentTemplate:venture_capital	27487.63,14022.96 34062.21,10901.20
edge:declared:db.VentureCapitalQuarterlyReportItem:quarterly_report	26010.34,15897.81 27167.72,15887.07
edge:declared:db.VentureCapitalQuarterlyReportItemReply:file_attachment	24321.43,17109.34 20541.18,18044.52
edge:declared:db.VentureCapitalQuarterlyReportItemReply:item	24522.73,17027.34 25764.08,15979.81
edge:declared:db.VentureCapitalQuarterlyReportItemReply:reply	24408.34,17027.34 25376.94,15915.36
edge:declared:db.VentureCapitalQuarterlyReportReply:_deprecated_captable	25286.16,15915.36 20541.18,18007.81
edge:declared:db.VentureCapitalQuarterlyReportReply:company_create_request	25264.56,15853.06 22367.74,15898.63
edge:declared:db.VentureCapitalQuarterlyReportReply:portfolio_company	25491.41,15785.36 27613.07,13573.68
edge:declared:db.VentureCapitalQuarterlyReportReply:quarterly_report	25602.56,15853.66 27167.72,15884.26
edge:declared:db.VentureCapitalSubscription:subscription_plan	34930.46,9126.85 35074.39,9366.84
edge:declared:db.VentureCapitalSubscription:venture_capital	34894.06,9126.85 34324.95,10608.59
edge:declared:db.VentureCapitalSubscriptionPlanPermission:subscription_plan	36171.38,9351.12 35243.48,9400.20
edge:declared:db.VentureCapitalSubscriptionPlanPrice:subscription_plan	35019.02,10163.13 35094.64,9448.84
edge:declared:db.VentureCapitalUserRelation:roles	30554.78,8435.07 29218.79,6970.25
edge:declared:db.VentureCapitalUserRelation:venture_capital	30666.21,8525.07 34062.21,10695.97
edge:declared:db.VentureComplex:address	24192.91,18135.85 23356.64,18530.29
edge:declared:db.VideoCollection:video_contents	18827.79,7222.64 19364.32,6488.41
edge:declared:db.VideoCollectionFeedback:company	18716.81,7944.43 16782.09,10447.27
edge:declared:db.VideoCollectionFeedback:video_collection	18746.27,7870.43 18791.28,7312.64
edge:declared:db.VideoCollectionPermission:company	18715.72,8060.43 16789.47,10447.27
edge:declared:db.VideoCollectionPermission:video_collection	18745.81,7986.43 18791.84,7312.64
edge:declared:db.VideoContentHistory:company	19058.37,7757.26 16796.79,10447.27
edge:declared:db.VideoContentHistory:video_collection	19063.46,7675.26 18824.56,7312.64
edge:declared:db.VideoContentHistory:video_content	19100.29,7675.26 19384.46,6488.41
edge:declared:db.VideoContentSpeecher:video_content	19102.47,6380.18 19270.28,6418.84
edge:declared:db.WhitepaperPreviewFile:whitepaper	4103.46,3384.49 4072.18,3539.93
edge:declared:db.WhitepaperWatermarkFile:whitepaper	5102.60,2931.09 4129.46,3539.93
edge:declared:db.WhtBook:employee	11258.85,14249.01 10772.51,14022.95
edge:declared:db.WhtBook:wht_book_without_date	11296.05,14331.01 11139.82,14468.92
edge:declared:db.WhtBookWithoutDate:employee	11067.87,14468.92 10716.79,14057.95
edge:declared:db.WhtCertificate:employee	12368.12,14016.94 10772.51,13961.85
edge:declared:db.WhtReceipt:employee	11903.34,14076.93 10772.51,13970.34
edge:declared:db.YearEndTaxSettlement:payroll	9765.93,18267.24 7741.95,1990.03
edge:declared:db.YearEndTaxSettlementConfirmationSchedule:year_end_tax_settlement	9184.03,17347.43 9743.85,18267.24
edge:declared:db.YetsAssistance:employee	14860.51,32899.64 8102.62,32227.48
edge:declared:db.YetsAssistanceCreatorYetsEmployee:yets_employee	9742.77,32263.32 8102.62,32217.04
edge:declared:db.YetsAssistanceMessage:assistance	15498.77,32604.61 15108.51,32899.00
edge:declared:db.YetsAssistanceMessage:creator	15434.43,32535.90 13671.11,32198.81
edge:declared:db.YetsAssistanceMessageFile:message	22591.08,33949.89 15682.43,32586.16
edge:declared:db.YetsAssistanceStaffAccessLog:assistance	14378.25,32950.65 14860.51,32932.47
edge:declared:db.YetsAssistanceStaffFavoriteRelation:assistance	14752.77,32783.69 15100.94,32859.78
edge:declared:db.YetsEmail:year_end_tax_settlement	10448.84,20269.98 9795.48,18357.24
edge:declared:db.YetsEmailAuthentication:yets_employee	8040.29,33120.94 7962.15,32277.91
edge:declared:db.YetsEmployee:employee	7965.76,32147.91 10648.42,14057.95
edge:declared:db.YetsEmployee:year_end_tax_settlement	7964.61,32147.91 9765.91,18357.24
edge:declared:db.YetsEmployeeFile:employee	22852.74,34662.69 8102.62,32237.00
edge:declared:db.YetsEmployeeResult:yets_employee	12313.09,30264.22 8101.45,32147.91
edge:declared:db.YetsEmployeeResultAssistanceMessageRelation:assistance_message	14045.72,31710.01 15478.31,32514.61
edge:declared:db.YetsEmployeeResultAssistanceMessageRelation:result	13820.78,31636.01 12441.87,30264.22
edge:declared:db.YetsEmployeeResultStatusLog:result	10783.92,31668.68 12346.57,30264.22
edge:declared:db.YetsEmployeeResultWhtReceipt:result	22051.66,32031.44 12520.64,30242.49
edge:declared:db.YetsEmployeeSubmissionLog:yets_employee	8399.29,32701.98 8015.02,32277.91
edge:declared:db.YetsEmployeeUploadForm:yets_employee	10386.19,32944.80 8102.62,32257.03
edge:declared:db.YetsEmployeeUploadFormStatusLog:yets_employee_upload_form	10095.20,33816.52 10486.18,33013.49
edge:declared:db.ZuzuTaxPhoneToken:phone	6898.00,10717.33 6627.44,10874.29
edge:declared:document_ai.DocumentAiProcessResult:request	26771.96,31761.21 27357.75,28830.61
edge:declared:fi_sta.FiStaCompanyCeo:fi_sta_company	32510.81,32446.51 31708.36,35324.31
edge:declared:fi_sta.FiStaCompanySearchResult:fi_sta_company	31756.12,33852.07 31698.53,35324.31
edge:declared:fi_sta.FiStaContractDocument:participant	29804.47,35977.43 30285.64,36449.03
edge:declared:fi_sta.FiStaContractDocument:stock_transfer_agreement_document	29634.56,35963.92 27635.28,36471.65
edge:declared:fi_sta.FiStaContractDocument:stock_transfer_notice_poa_document	29772.05,35977.43 29860.41,36272.09
edge:declared:fi_sta.FiStaContractDocument:stock_unissued_confirmation_poa_document	29757.55,35887.43 29679.18,32381.46
edge:declared:fi_sta.FiStaManagement:fi_sta_company	33625.96,38146.67 31725.37,35406.31
edge:declared:fi_sta.FiStaParticipant:fi_sta_user	30441.42,36547.03 32250.03,37384.77
edge:declared:fi_sta.FiStaStockTransferAgreementDocument:starter	27643.84,36511.78 30211.63,36498.66
edge:declared:fi_sta.FiStaStockTransferNoticePoaDocument:signer	29962.39,36346.09 30215.26,36449.03
edge:declared:fi_sta.FiStaStockUnissuedConfirmationPoaDocument:signer	29684.21,32381.46 30327.88,36449.03
edge:declared:fi_sta.FiStaTransferStock:stock_transfer_agreement_document	29243.72,36770.18 27643.84,36537.39
edge:declared:fi_sta.FiStaUser:fi_sta_management	32394.10,37458.77 33587.43,38146.67
edge:declared:vertex_ai.VertexAiPredictionResult:request	35698.79,16856.53 35625.52,16971.97
edge:inheritance:db.AgendaBonusIssueNewIssueBalanceCertificateFile->db.FileAttachment	19334.08,18260.92 20161.18,18153.21
edge:inheritance:db.AgendaBonusIssueNewIssueMinutesFile->db.FileAttachment	18653.60,17023.77 20161.18,17992.11
edge:inheritance:db.Announcement->db.QuestionThread	20945.13,10518.96 20533.71,11061.94
edge:inheritance:db.AppointedDirectorCertificateOfSealDocument->db.MeetingDocument	18378.46,27782.56 16073.12,27003.25
edge:inheritance:db.AppointedDirectorResidentRegistrationDocument->db.MeetingDocument	18808.53,27782.56 16073.12,26994.37
edge:inheritance:db.ArticlesOfIncorporationAfterChangeDocument->db.MeetingDocument	19238.61,27782.56 16073.12,26987.77
edge:inheritance:db.ArticlesOfIncorporationBeforeChangeDocument->db.MeetingDocument	19668.68,27782.56 16073.12,26982.68
edge:inheritance:db.ArticlesOfIncorporationDocument->db.MeetingDocument	18393.17,27898.56 16073.12,27011.16
edge:inheritance:db.AuditReportDocument->db.MeetingDocument	18826.14,27898.56 16073.12,27001.11
edge:inheritance:db.BalanceCertificateDocument->db.MeetingDocument	17627.01,24902.07 16073.12,26746.08
edge:inheritance:db.BeforeunloadPdfEvent->db.PdfEvent	30548.42,9264.91 31140.37,9550.03
edge:inheritance:db.BigNumberValueWithVisibility->db.ValueWithVisibility	34215.53,2893.60 33738.35,2895.40
edge:inheritance:db.BranchAbolitionEvent->db.Event	16996.27,17246.23 16410.06,16319.06
edge:inheritance:db.BranchChangeEvent->db.Event	18828.58,17479.88 16474.35,16286.92
edge:inheritance:db.BranchInstallationEvent->db.Event	18690.74,17822.03 16463.72,16319.06
edge:inheritance:db.BulkEmailCommonAttachment->db.FileAttachment	19427.71,17776.42 20161.18,18044.88
edge:inheritance:db.BulkEmailRecipientAttachment->db.FileAttachment	18946.69,18684.29 20161.18,18191.16
edge:inheritance:db.CapitalChangeEvent->db.Event	16178.23,12032.01 16330.75,16101.06
edge:inheritance:db.CaptableAfterNewIssueDocument->db.MeetingDocument	19259.10,27898.56 16073.12,26993.64
edge:inheritance:db.CaptableAtRecordDateDocument->db.MeetingDocument	19692.07,27898.56 16073.12,26987.87
edge:inheritance:db.CaptableBeforeNewIssueDocument->db.MeetingDocument	18404.45,28014.56 16073.12,27019.09
edge:inheritance:db.CeoAddressChangeEvent->db.Event	15920.37,14987.28 16294.70,16101.06
edge:inheritance:db.CeoConfirmationDocument->db.MeetingDocument	18839.64,28014.56 16073.12,27007.85
edge:inheritance:db.CeoTypeChangedCeoResidentRegistrationDocument->db.MeetingDocument	19274.82,28014.56 16073.12,26999.51
edge:inheritance:db.CertificateOfCorporateSealDocument->db.MeetingDocument	19710.01,28014.56 16073.12,26993.07
edge:inheritance:db.CertificateOfSealNotarizationPoaDocument->db.MeetingDocument	18413.37,28130.56 16073.12,27027.02
edge:inheritance:db.CmeBulkEmail->db.BulkEmail	17016.52,16040.72 14806.91,16651.46
edge:inheritance:db.CmeBulkEmailRecipient->db.BulkEmailRecipient	16989.86,16372.86 19834.44,18485.35
edge:inheritance:db.CmeBulkEmailTemplate->db.BulkEmailTemplate	19495.19,14384.49 19292.32,14336.53
edge:inheritance:db.CoCeoSystemChangeEvent->db.Event	16472.23,12032.01 16331.80,16101.06
edge:inheritance:db.CompanyAddressChangeEvent->db.Event	18842.14,17603.88 16474.35,16293.80
edge:inheritance:db.CompanyBulkEmailTemplate->db.BulkEmailTemplate	18877.80,14173.42 19079.29,14266.21
edge:inheritance:db.CompanyDocumentDelivery->db.DocumentDelivery	18447.19,11011.93 19451.44,11042.21
edge:inheritance:db.CompanyEndorsementFeed->db.CompanyFeed	25460.13,2330.31 27131.71,1125.97
edge:inheritance:db.CompanyFeed->db.Feed	27200.72,1125.97 26961.04,3916.15
edge:inheritance:db.CompanyIrClosingFeed->db.CompanyFeed	27267.22,3287.26 27206.75,1125.97
edge:inheritance:db.CompanyIrNewCommitFeed->db.CompanyFeed	27727.45,3116.72 27218.81,1125.97
edge:inheritance:db.CompanyIrOpenFeed->db.CompanyFeed	27865.82,2482.67 27230.10,1125.97
edge:inheritance:db.CompanyNewsFeed->db.CompanyFeed	18917.90,6175.61 27119.19,1125.97
edge:inheritance:db.CompanyOwnerAuditLog->db.AuditLog	10525.55,7729.09 15440.62,6066.19
edge:inheritance:db.CompanyPaymentLink->db.PaymentLink	22148.15,10651.12 25004.22,12228.62
edge:inheritance:db.CompanyQuestionThread->db.QuestionThread	19154.48,12970.27 20431.65,11199.94
edge:inheritance:db.CompanyTanTableView->db.TanTableView	14458.79,5428.19 13264.23,6635.71
edge:inheritance:db.ConsentFormModusignDocument->db.ModusignDocument	23579.49,30530.90 23081.81,20872.06
edge:inheritance:db.ConsentFormModusignEmbeddedDraft->db.ModusignEmbeddedDraft	21981.59,23598.27 21772.37,22874.72
edge:inheritance:db.ConsentFormOptionItem->db.ConsentFormItem	22594.16,24149.85 23179.13,27186.22
edge:inheritance:db.CorporateRegistrationDocument->db.MeetingDocument	18850.31,28130.56 16073.12,27014.61
edge:inheritance:db.CustomOptionGrantContractTemplate->db.OptionGrantContractTemplate	19655.71,15508.95 19579.08,15430.51
edge:inheritance:db.CustomOptionGrantContractTemplateRevision->db.OptionGrantContractTemplateRevision	20860.38,15379.62 20239.57,15952.73
edge:inheritance:db.DebtConfirmationAndOffsetContractDocument->db.MeetingDocument	17737.86,26533.29 16073.12,26912.44
edge:inheritance:db.Director->db.Stakeholder	17095.60,15708.39 11989.04,19000.71
edge:inheritance:db.DirectorAppointmentEvent->db.Event	16270.37,14991.28 16314.36,16101.06
edge:inheritance:db.DirectorCompensationDecisionEvent->db.Event	15951.87,15107.28 16280.23,16101.06
edge:inheritance:db.DirectorCompensationLimitEvent->db.Event	16284.87,15107.28 16316.85,16101.06
edge:inheritance:db.DirectorDecisionDocument->db.MeetingDocument	19287.26,28130.56 16073.12,27005.39
edge:inheritance:db.DirectorResidentRegistrationWithAddressChangeHistoryDocument->db.MeetingDocument	19724.20,28130.56 16073.12,26998.28
edge:inheritance:db.DirectorTermEndEvent->db.Event	15841.50,15231.28 16223.72,16101.06
edge:inheritance:db.DirectorsMeetingMinutesDocument->db.MeetingDocument	18420.61,28246.56 16073.12,27034.95
edge:inheritance:db.DirectorsMeetingNoticeDocument->db.MeetingDocument	18858.97,28246.56 16073.12,27021.36
edge:inheritance:db.DirectorsMeetingNoticeEmail->db.BulkEmail	15468.25,20369.74 14806.91,16753.57
edge:inheritance:db.DirectorsMeetingNoticeEmailRecipient->db.BulkEmailRecipient	16105.54,20386.07 19764.13,18594.87
edge:inheritance:db.DirectorsMeetingSkipNoticeDocument->db.MeetingDocument	19297.34,28246.56 16073.12,27011.28
edge:inheritance:db.DocumentLoadedPdfEvent->db.PdfEvent	31023.00,9369.67 31187.98,9550.03
edge:inheritance:db.ESOPParticipant->db.Employee	11100.17,15102.60 10704.64,14057.95
edge:inheritance:db.ElectronicCertificateApplicationFormDocument->db.MeetingDocument	19735.71,28246.56 16073.12,27003.49
edge:inheritance:db.ElectronicCertificateCaseReportDocument->db.MeetingDocument	18426.59,28362.56 16073.12,27042.89
edge:inheritance:db.Employee->db.Stakeholder	10654.73,14057.95 11786.72,18950.73
edge:inheritance:db.EmployeeOptionExerciseEvent->db.Event	16793.73,12032.01 16404.11,16101.06
edge:inheritance:db.EmployeeOptionExerciseManagementEmail->db.BulkEmail	14463.72,14174.81 14665.86,16615.57
edge:inheritance:db.EmployeeOptionGrantee->db.Employee	11181.06,12531.53 10669.52,13855.95
edge:inheritance:db.EmployeeStockGuideEmail->db.BulkEmail	13202.47,16872.28 14546.91,16752.81
edge:inheritance:db.ExpertClientSignupChannel->db.SignupChannel	23506.76,13708.66 24030.49,13471.69
edge:inheritance:db.FeeReceiptDocument->db.MeetingDocument	18866.14,28362.56 16073.12,27028.12
edge:inheritance:db.FileValueWithVisibility->db.ValueWithVisibility	34564.53,2893.39 33738.35,2895.54
edge:inheritance:db.FinancialStatementsDocument->db.MeetingDocument	19305.68,28362.56 16073.12,27017.16
edge:inheritance:db.FinancialStatementsForNewIssueFromConversionDocument->db.MeetingDocument	18057.33,24898.07 16073.12,26746.08
edge:inheritance:db.HrmAlpUsagePlan->db.HrmApprovable	8035.76,18010.52 6343.08,17393.65
edge:inheritance:db.HrmAnnualLeave->db.HrmLeaveBase	6826.53,21948.21 6385.95,21136.86
edge:inheritance:db.HrmAnnualLeaveFiscalBasedConfig->db.HrmAnnualLeaveConfigBase	7084.28,25893.44 6834.66,23036.39
edge:inheritance:db.HrmAnnualLeaveHireBasedConfig->db.HrmAnnualLeaveConfigBase	6759.81,24910.62 6830.04,23036.39
edge:inheritance:db.HrmAttendance->db.HrmApprovable	6421.77,17347.34 6343.08,17346.30
edge:inheritance:db.HrmAttendanceLocation->db.HrmApprovable	7946.23,16896.06 6343.08,17310.62
edge:inheritance:db.HrmCertificateIssue->db.HrmApprovable	8360.31,15587.97 6278.81,17295.65
edge:inheritance:db.HrmCompensatoryLeave->db.HrmLeaveBase	5406.75,20848.42 6210.31,21032.68
edge:inheritance:db.HrmCustomLeave->db.HrmLeaveBase	5758.57,20858.36 6210.31,21016.31
edge:inheritance:db.HrmDeptAbolishedEvent->db.HrmDeptStatusEventBase	3780.92,23065.94 3726.21,21711.79
edge:inheritance:db.HrmDeptCreatedEvent->db.HrmDeptStatusEventBase	3636.24,20896.88 3719.87,21629.79
edge:inheritance:db.HrmDeptNameChangedEvent->db.HrmDeptNameEventBase	2883.62,19787.13 2602.48,20078.71
edge:inheritance:db.HrmDeptNameEventBase->db.HrmDeptEventBase	2602.81,20152.71 2815.61,20371.33
edge:inheritance:db.HrmDeptParentChangedEvent->db.HrmDeptParentEventBase	3124.12,19996.13 3466.40,20014.41
edge:inheritance:db.HrmDeptParentEventBase->db.HrmDeptEventBase	3514.45,20057.71 2921.57,20371.33
edge:inheritance:db.HrmDeptStatusEventBase->db.HrmDeptEventBase	3696.20,21629.79 2877.20,20445.33
edge:inheritance:db.HrmDocument->db.HrmApprovable	4698.68,16471.29 6095.08,17295.65
edge:inheritance:db.HrmEmpAbsenceEvent->db.HrmEmpStatusEventBase	7514.17,14925.38 7492.36,15155.84
edge:inheritance:db.HrmEmpAffiliationChangedEvent->db.HrmEmpAffiliationEventBase	5641.77,16544.49 6129.29,16747.54
edge:inheritance:db.HrmEmpAffiliationEventBase->db.HrmEmpEventBase	6260.43,16747.54 7204.19,16442.61
edge:inheritance:db.HrmEmpContractModusignDocument->db.ModusignDocument	24244.08,38053.11 23081.84,20868.13
edge:inheritance:db.HrmEmpDepartedEvent->db.HrmEmpStatusEventBase	8310.19,14972.82 7611.35,15173.27
edge:inheritance:db.HrmEmpEmploymentTypeChangedEvent->db.HrmEmpEmploymentTypeEventBase	7379.52,16637.72 7097.77,16783.47
edge:inheritance:db.HrmEmpEmploymentTypeEventBase->db.HrmEmpEventBase	7037.59,16783.47 7250.81,16442.61
edge:inheritance:db.HrmEmpJobChangedEvent->db.HrmEmpJobEventBase	6702.04,15632.71 6667.52,15883.14
edge:inheritance:db.HrmEmpJobEventBase->db.HrmEmpEventBase	6693.59,15957.14 7226.08,16368.61
edge:inheritance:db.HrmEmpJoinedEvent->db.HrmEmpStatusEventBase	7768.51,15699.94 7517.69,15261.84
edge:inheritance:db.HrmEmpReturnToWorkEvent->db.HrmEmpStatusEventBase	7872.43,14784.02 7535.39,15155.84
edge:inheritance:db.HrmEmpStatusEventBase->db.HrmEmpEventBase	7517.33,15261.84 7281.83,16368.61
edge:inheritance:db.HrmFamilyCareLeave->db.HrmLeaveBase	5406.75,20951.47 6210.31,21047.59
edge:inheritance:db.HrmFixedWork->db.HrmWorkBase	5323.81,18475.94 5289.61,18617.52
edge:inheritance:db.HrmGrantableLeave->db.HrmLeaveBase	6583.43,20182.63 6365.95,20990.86
edge:inheritance:db.HrmInfertilityTreatmentLeave->db.HrmLeaveBase	5783.75,20961.25 6210.31,21039.05
edge:inheritance:db.HrmLeaveUsage->db.HrmApprovable	8902.08,18101.38 6343.08,17393.65
edge:inheritance:db.HrmMaternityLeave->db.HrmLeaveBase	5406.75,21157.59 6210.31,21077.43
edge:inheritance:db.HrmMenstrualLeave->db.HrmLeaveBase	5770.75,21151.41 6210.31,21084.55
edge:inheritance:db.HrmMiscarriageLeave->db.HrmLeaveBase	5406.75,21260.65 6210.31,21092.34
edge:inheritance:db.HrmPaternityLeave->db.HrmLeaveBase	5768.60,21248.36 6210.31,21107.29
edge:inheritance:db.HrmPersonalLocation->db.HrmApprovable	8302.00,16795.57 6343.08,17310.35
edge:inheritance:db.HrmReserveTrainingLeave->db.HrmLeaveBase	5404.69,21364.36 6210.31,21107.26
edge:inheritance:db.HrmSelectiveWork->db.HrmWorkBase	5335.76,18919.09 5290.31,18739.52
edge:inheritance:db.HrmSelectiveWorkPlan->db.HrmApprovable	6144.63,17125.94 6202.40,17295.65
edge:inheritance:db.HrmStaggeredWork->db.HrmWorkBase	4440.13,19354.04 5199.49,18739.52
edge:inheritance:db.IBKSignupChannel->db.SignupChannel	24488.35,13408.87 24245.11,13423.32
edge:inheritance:db.IaCertificateOfInvestmentDocument->db.InvestmentAssociationDocument	33560.11,18247.85 32684.07,19105.49
edge:inheritance:db.IaConsentFormDocument->db.InvestmentAssociationDocument	33988.48,18251.85 32712.91,19105.49
edge:inheritance:db.IaConsentFormOrMeetingElectronicSignatureRequestModusignDocument->db.ModusignDocument	27538.51,21101.25 23081.84,20849.53
edge:inheritance:db.IaConsentFormOrMeetingElectronicSignatureRequestModusignEmbeddedDraft->db.ModusignEmbeddedDraft	24993.27,23625.56 21881.05,22852.52
edge:inheritance:db.IaConsentFormOrMeetingElectronicSignatureRequiredDocument->db.InvestmentAssociationDocument	31044.36,19767.19 32478.76,19220.95
edge:inheritance:db.IaExpertPartnerBulkEmailTemplate->db.BulkEmailTemplate	19844.74,14680.70 19281.80,14348.21
edge:inheritance:db.IaExplanationFormForElectronicSignatureDocument->db.InvestmentAssociationDocument	32878.88,19403.68 32687.89,19227.49
edge:inheritance:db.IaGpAppointmentEvent->db.InvestmentAssociationEvent	32218.06,17392.36 30653.86,17144.88
edge:inheritance:db.IaGpTerminationEvent->db.InvestmentAssociationEvent	32485.91,17742.76 30650.94,17162.89
edge:inheritance:db.IaMeetingAgendaCustom->db.IaMeetingAgenda	32675.88,20952.20 32407.51,20620.12
edge:inheritance:db.IaMeetingMinutesDocument->db.InvestmentAssociationDocument	32056.69,19936.45 32576.99,19227.49
edge:inheritance:db.IaMeetingNoticeDocument->db.InvestmentAssociationDocument	31707.79,19738.07 32524.22,19227.49
edge:inheritance:db.IaMeetingSealedNoticeDocumentFile->db.FileAttachment	26859.60,19188.07 20541.18,18172.68
edge:inheritance:db.IaMeetingShortenPeriodDocument->db.InvestmentAssociationDocument	33549.68,18375.85 32693.35,19105.49
edge:inheritance:db.IaModusignDocumentUsageHistory->db.BaseModusignDocumentUsageHistory	25215.97,12998.16 24404.90,12886.57
edge:inheritance:db.IaOwnerAuditLog->db.AuditLog	22890.22,3326.68 15650.48,5992.19
edge:inheritance:db.IaPartnerListDocument->db.InvestmentAssociationDocument	32386.24,18794.83 32583.10,19105.49
edge:inheritance:db.IaPaymentLink->db.PaymentLink	25975.02,12109.02 25184.58,12254.28
edge:inheritance:db.IaPfCompanyInvestmentSalesIntent->db.SalesIntent	31098.83,22652.43 32288.20,23656.92
edge:inheritance:db.IaQuestionThread->db.QuestionThread	21677.75,11813.86 20602.30,11199.94
edge:inheritance:db.IaRuleDocument->db.InvestmentAssociationDocument	25578.58,18887.93 32478.76,19160.83
edge:inheritance:db.IaSealStampImage->db.FileAttachment	21358.22,18179.17 20541.18,18126.51
edge:inheritance:db.IaWrittenResolutionDocument->db.InvestmentAssociationDocument	33979.20,18375.85 32726.49,19105.49
edge:inheritance:db.ImAcVcBroker->db.ImZuzuBroker	27451.36,10668.06 29407.80,10540.31
edge:inheritance:db.ImIndividualGpBroker->db.ImZuzuBroker	29226.50,10724.37 29468.05,10569.60
edge:inheritance:db.ImInvestorBroker->db.ImBroker	31950.45,10646.20 30179.33,10514.10
edge:inheritance:db.ImIrPartnerBroker->db.ImBroker	28952.16,10373.47 29931.33,10490.08
edge:inheritance:db.ImPitchingDay->db.ImDay	30064.23,8892.62 30662.99,9042.03
edge:inheritance:db.ImPitchingDayParticipation->db.ImDayParticipation	28799.15,7396.27 30446.60,8716.40
edge:inheritance:db.ImZuzuBroker->db.ImBroker	29643.80,10526.42 29931.33,10511.35
edge:inheritance:db.InauguralConsentDocument->db.MeetingDocument	13745.00,22841.28 15797.46,26746.08
edge:inheritance:db.IncorporationRequestAssistanceReceipt->db.FileAttachment	21408.42,16452.01 20489.21,17896.81
edge:inheritance:db.IndividualStakeholder->db.Stakeholder	12300.68,20488.95 11877.33,19264.73
edge:inheritance:db.IndividualStockOptionCancelEvent->db.IndividualInvestorEvent	34601.85,30443.24 33549.60,29683.11
edge:inheritance:db.IndividualStockOptionExerciseEvent->db.IndividualInvestorEvent	34941.50,31731.72 33518.57,29683.11
edge:inheritance:db.IndividualStockOptionGrantEvent->db.IndividualInvestorEvent	33607.00,27593.94 33489.94,29593.11
edge:inheritance:db.IndividualStockOptionPauseEvent->db.IndividualInvestorEvent	30065.75,28804.59 33363.31,29607.90
edge:inheritance:db.IndividualStockOptionResumeEvent->db.IndividualInvestorEvent	30640.39,31290.57 33409.78,29683.11
edge:inheritance:db.IndividualStockOptionSalesIntent->db.SalesIntent	31081.75,23711.64 32214.01,23695.59
edge:inheritance:db.InputSignupChannel->db.SignupChannel	24538.12,13916.73 24156.29,13471.69
edge:inheritance:db.InstitutionStakeholder->db.Stakeholder	11898.06,21310.87 11828.39,19264.73
edge:inheritance:db.InvestmentAssociationAssociationPartner->db.InvestmentAssociationOrganizationPartner	33030.78,15035.37 34241.35,16087.62
edge:inheritance:db.InvestmentAssociationCorporationPartner->db.InvestmentAssociationOrganizationPartner	35206.31,15091.55 34340.32,16087.62
edge:inheritance:db.InvestmentAssociationIndividualPartner->db.InvestmentAssociationPartner	33239.71,16592.63 35340.83,17885.08
edge:inheritance:db.InvestmentAssociationOrganizationPartner->db.InvestmentAssociationPartner	34328.02,16185.62 35426.89,17874.07
edge:inheritance:db.InvestmentAssociationOrganizationPartnerCorporationSigner->db.InvestmentAssociationOrganizationPartnerSigner	34711.02,13811.78 34319.46,14003.28
edge:inheritance:db.InvestmentAssociationOrganizationPartnerIndividualSigner->db.InvestmentAssociationOrganizationPartnerSigner	34090.42,13882.16 34190.33,14003.28
edge:inheritance:db.InvestmentAssociationPartnerSalesIntent->db.SalesIntent	33463.84,22206.70 32360.17,23656.92
edge:inheritance:db.InvestmentContractHolder->db.Stakeholder	12128.44,18137.56 11865.55,18950.73
edge:inheritance:db.InvestorRelations->db.InvestorMatching	28291.78,5048.03 26605.16,8899.81
edge:inheritance:db.IrClosingComplete->db.IrClosing	29469.25,2009.32 30351.75,3815.60
edge:inheritance:db.IrClosingExpired->db.IrClosing	30360.92,4496.62 30371.08,3897.60
edge:inheritance:db.IrClosingIncomplete->db.IrClosing	31216.34,3894.70 30495.78,3862.19
edge:inheritance:db.IrConsultingRequest->db.ImConsultingRequest	26186.21,7764.41 25529.75,7055.79
edge:inheritance:db.IrFeed->db.Feed	27563.22,5076.49 26977.80,3990.15
edge:inheritance:db.IrosOtpIssueMeetingDocument->db.MeetingDocument	10764.35,23583.68 15717.12,26827.20
edge:inheritance:db.LawtalkSignupAttachment->db.FileAttachment	19339.27,16102.94 20243.65,17896.81
edge:inheritance:db.LedgerByCustomerDocument->db.MeetingDocument	17628.19,25022.07 16073.12,26746.08
edge:inheritance:db.LegalPartnerSignupChannel->db.SignupChannel	23221.02,13647.40 23997.11,13460.54
edge:inheritance:db.ManualOptionVesting->db.OptionVesting	15592.43,18301.15 15634.64,18249.51
edge:inheritance:db.ManualProduct->db.Product	23463.55,10455.05 23590.01,10551.36
edge:inheritance:db.MeetingAttachment->db.FileAttachment	18640.85,17177.34 20161.18,18010.07
edge:inheritance:db.Mna->db.InvestorMatching	26229.92,8749.08 26436.80,8899.81
edge:inheritance:db.MnaConsultingRequest->db.ImConsultingRequest	25100.30,7053.38 25367.77,7027.01
edge:inheritance:db.NcpSignupChannel->db.SignupChannel	25103.13,13873.32 24212.07,13471.69
edge:inheritance:db.NewCeoCertificateOfSealDocument->db.MeetingDocument	18872.16,28478.56 16073.12,27034.89
edge:inheritance:db.NewCeoResidentRegistrationDocument->db.MeetingDocument	19312.69,28478.56 16073.12,27023.05
edge:inheritance:db.NewIssueNoticeEmail->db.BulkEmail	12465.13,23174.08 14806.91,16753.57
edge:inheritance:db.NewIssueSkipNoticeDocument->db.MeetingDocument	18049.94,25026.07 16073.12,26746.08
edge:inheritance:db.NewIssueStockAcceptanceDocument->db.MeetingDocument	18161.32,26528.96 16073.12,26917.68
edge:inheritance:db.NewIssueStockAllocationDocument->db.MeetingDocument	17621.78,25150.07 16073.12,26746.08
edge:inheritance:db.NewIssueStockAllocationRecordDateNoticeDocument->db.MeetingDocument	18148.90,25931.87 16073.12,26863.22
edge:inheritance:db.NewIssueStockSubscriptionDocument->db.MeetingDocument	17717.82,26643.24 16073.12,26922.17
edge:inheritance:db.NewIssueStockUnissuedConfirmationDocument->db.MeetingDocument	18138.82,26639.71 16073.12,26925.76
edge:inheritance:db.NonUnifiedShareManagementSalesIntent->db.SalesIntent	30096.29,25714.09 32291.06,23730.92
edge:inheritance:db.NonUnifiedShareSucPoaModusignDocument->db.ModusignDocument	23285.36,22174.30 23081.84,20855.90
edge:inheritance:db.NotarizationPoaDocument->db.MeetingDocument	19753.23,28478.56 16073.12,27013.92
edge:inheritance:db.OptionExerciseClaimAttachment->db.FileAttachment	13723.91,17110.33 20161.18,18047.98
edge:inheritance:db.OptionExerciseClaimMeetingDocument->db.MeetingDocument	14231.35,21905.00 15805.10,26746.08
edge:inheritance:db.OptionExerciseManagementEmail->db.BulkEmail	14818.21,15826.94 14685.69,16615.57
edge:inheritance:db.OptionGrantContractCeo->db.OptionGrantContractStakeholder	19660.82,15094.15 19746.20,15154.25
edge:inheritance:db.OptionGrantContractFirstRefusalRightHolder->db.OptionGrantContractStakeholder	20007.83,15100.65 19914.14,15154.25
edge:inheritance:db.OptionGrantContractModusignDocument->db.ModusignDocument	21316.43,19146.42 22809.84,20710.06
edge:inheritance:db.OptionGrantContractModusignEmbeddedDraft->db.ModusignEmbeddedDraft	21392.99,21896.12 21739.03,22768.72
edge:inheritance:db.OptionGrantEvent->db.Event	16088.44,18661.71 16374.15,16319.06
edge:inheritance:db.OptionGrantee->db.Stakeholder	15139.97,19231.21 11989.04,19113.91
edge:inheritance:db.OptionWithdrawEvent->db.Event	16472.23,12148.01 16332.07,16101.06
edge:inheritance:db.OtherDocumentArchiveAttachment->db.FileAttachment	19995.64,16500.10 20303.13,17896.81
edge:inheritance:db.PageNumberUpdatedPdfEvent->db.PdfEvent	31547.55,9651.48 31349.49,9614.30
edge:inheritance:db.PayrollStatementEmail->db.BulkEmail	12780.63,17010.98 14546.91,16753.57
edge:inheritance:db.PayrollStatementEmailRecipient->db.BulkEmailRecipient	11692.82,17172.62 19764.13,18535.48
edge:inheritance:db.PerformanceRsuVestingItem->db.RsuVestingItem	15446.18,13690.47 15081.39,13718.18
edge:inheritance:db.PeriodPhantomStockVestingItem->db.PhantomStockVestingItem	10821.19,17892.89 10644.74,17534.25
edge:inheritance:db.PeriodRsuVestingItem->db.RsuVestingItem	15418.02,13572.90 15081.39,13685.96
edge:inheritance:db.PeriodicOptionVesting->db.OptionVesting	15307.99,18277.13 15566.80,18249.51
edge:inheritance:db.PhantomStockCancelEvent->db.Event	16784.73,12148.01 16411.10,16101.06
edge:inheritance:db.PhantomStockExerciseEvent->db.Event	16180.23,12264.01 16328.94,16101.06
edge:inheritance:db.PhantomStockGrantEvent->db.Event	16448.21,12264.01 16330.96,16101.06
edge:inheritance:db.PhantomStockGrantee->db.Stakeholder	11261.22,18224.98 11757.73,18950.73
edge:inheritance:db.PhantomStockPauseEvent->db.Event	15942.43,15428.49 16254.13,16101.06
edge:inheritance:db.PhantomStockResumeEvent->db.Event	16166.43,15602.44 16302.41,16101.06
edge:inheritance:db.PingpongDeliveryAddress->db.Address	22837.55,13118.81 23194.34,18493.15
edge:inheritance:db.Playbook->db.MembershipContent	2481.19,1259.04 2689.66,1804.78
edge:inheritance:db.Post->db.MembershipContent	2208.41,1375.04 2659.60,1804.78
edge:inheritance:db.ProofOfEmploymentDocument->db.MeetingDocument	18435.92,28594.56 16073.12,27058.78
edge:inheritance:db.QuarterlyReportRequestAttachment->db.FileAttachment	25783.96,16927.49 20541.18,18092.48
edge:inheritance:db.QuarterlyReportSignupChannel->db.SignupChannel	26033.91,13447.74 24245.11,13431.80
edge:inheritance:db.QuestionMessageAttachment->db.FileAttachment	21251.90,18032.82 20541.18,18097.09
edge:inheritance:db.RegistrationAssistanceReceipt->db.FileAttachment	21189.54,16311.63 20452.07,17896.81
edge:inheritance:db.RegistrationFormAllInOneDocument->db.MeetingDocument	18877.30,28594.56 16073.12,27041.65
edge:inheritance:db.RegistrationFormAoiChangeDocument->db.MeetingDocument	19318.67,28594.56 16073.12,27028.95
edge:inheritance:db.RegistrationFormBranchChangeDocument->db.MeetingDocument	19760.05,28594.56 16073.12,27019.14
edge:inheritance:db.RegistrationFormCaptableDocument->db.MeetingDocument	18608.58,25478.61 16073.12,26746.08
edge:inheritance:db.RegistrationFormCeoAddressChangeDocument->db.MeetingDocument	18439.62,28710.56 16073.12,27066.72
edge:inheritance:db.RegistrationFormDirectorChangeDocument->db.MeetingDocument	18881.73,28710.56 16073.12,27048.42
edge:inheritance:db.RegistrationFormHeadOfficeInsideRelocationDocument->db.MeetingDocument	19502.29,25071.30 16073.12,26746.08
edge:inheritance:db.RegistrationFormHeadOfficeOutsideRelocationDocument->db.MeetingDocument	19498.57,25187.30 16073.12,26781.92
edge:inheritance:db.RegistrationFormNewIssueDocument->db.MeetingDocument	19323.83,28710.56 16073.12,27034.84
edge:inheritance:db.RegistrationFormNewOptionsRuleDocument->db.MeetingDocument	19765.94,28710.56 16073.12,27024.36
edge:inheritance:db.RegistrationPoaDocument->db.MeetingDocument	18442.85,28826.56 16073.12,27074.67
edge:inheritance:db.RegularProduct->db.Product	23507.48,10754.32 23609.36,10625.36
edge:inheritance:db.ResignationLetterDocument->db.MeetingDocument	13745.56,22957.28 15794.69,26746.08
edge:inheritance:db.ResignedDirectorCertificateOfSealDocument->db.MeetingDocument	18885.59,28826.56 16073.12,27055.19
edge:inheritance:db.RsaForfeitEvent->db.Event	15989.92,16207.29 16178.35,16202.58
edge:inheritance:db.RsaVestConfirmEvent->db.Event	16600.73,15828.01 16411.24,16101.06
edge:inheritance:db.RsuCancelEvent->db.Event	16178.23,12380.01 16328.57,16101.06
edge:inheritance:db.RsuExerciseClaimCandidateEmailRecipient->db.BulkEmailRecipient	13649.92,16250.08 19764.13,18487.27
edge:inheritance:db.RsuExerciseEvent->db.Event	15806.34,15563.85 16200.33,16101.06
edge:inheritance:db.RsuExerciseManagementEmail->db.BulkEmail	13632.03,16011.06 14546.91,16620.74
edge:inheritance:db.RsuGrantContractModusignDocument->db.ModusignDocument	20908.97,18724.13 22809.84,20712.59
edge:inheritance:db.RsuGrantEvent->db.Event	16361.40,12380.01 16330.76,16101.06
edge:inheritance:db.RsuGrantee->db.Stakeholder	13430.61,16435.73 11917.50,18950.73
edge:inheritance:db.RsuPauseEvent->db.Event	15852.09,16728.16 16178.35,16316.92
edge:inheritance:db.RsuPerformanceAchievementEvent->db.Event	16805.23,12380.01 16411.19,16101.06
edge:inheritance:db.RsuResumeEvent->db.Event	15964.43,16851.11 16267.62,16319.06
edge:inheritance:db.RtccEmail->db.BulkEmail	15058.93,16284.41 14749.39,16615.57
edge:inheritance:db.RtccInvestorFile->db.FileAttachment	18726.78,18030.87 20161.18,18121.50
edge:inheritance:db.SafeCreateEvent->db.Event	17060.16,16882.75 16440.80,16319.06
edge:inheritance:db.SalesReportDocument->db.MeetingDocument	19328.33,28826.56 16073.12,27040.73
edge:inheritance:db.SealStampCardContinuedUseApplicationFormDocument->db.MeetingDocument	10766.35,23699.68 15717.12,26831.17
edge:inheritance:db.SealStampDeclarationDocument->db.MeetingDocument	10768.49,23815.68 15717.12,26835.15
edge:inheritance:db.SealStampImage->db.FileAttachment	19175.36,16471.61 20192.52,17896.81
edge:inheritance:db.SealedOptionGrantContractDocument->db.MeetingDocument	19771.08,28826.56 16073.12,27029.58
edge:inheritance:db.SealedOptionGrantShareholdersMeetingResolutionDocument->db.MeetingDocument	18445.68,28942.56 16073.12,27082.62
edge:inheritance:db.Shareholder->db.Stakeholder	12372.87,23370.24 11843.29,19264.73
edge:inheritance:db.ShareholdersAgreementModusignDocument->db.ModusignDocument	22238.44,20705.31 22809.84,20780.36
edge:inheritance:db.ShareholdersAgreementModusignEmbeddedDraft->db.ModusignEmbeddedDraft	21493.03,23244.10 21723.92,22874.72
edge:inheritance:db.ShareholdersCertificateOfSealDocument->db.MeetingDocument	18888.98,28942.56 16073.12,27061.96
edge:inheritance:db.ShareholdersMeetingAuditReportDocument->db.MeetingDocument	19332.29,28942.56 16073.12,27046.63
edge:inheritance:db.ShareholdersMeetingConvocationNoticeEmail->db.BulkEmail	18107.75,20749.46 14806.91,16753.57
edge:inheritance:db.ShareholdersMeetingConvocationNoticeEmailAttachment->db.FileAttachment	19938.93,19272.27 20337.27,18330.81
edge:inheritance:db.ShareholdersMeetingConvocationNoticeEmailRecipient->db.ShareholdersMeetingConvocationNoticeRecipient	19880.77,18715.35 19366.62,22676.47
edge:inheritance:db.ShareholdersMeetingConvocationNoticeWrittenRecipient->db.ShareholdersMeetingConvocationNoticeRecipient	19985.25,23409.10 19401.65,22766.47
edge:inheritance:db.ShareholdersMeetingMinutesDocument->db.MeetingDocument	19775.59,28942.56 16073.12,27034.80
edge:inheritance:db.ShareholdersMeetingNoticeDocument->db.MeetingDocument	18448.20,29058.56 16073.12,27090.57
edge:inheritance:db.ShareholdersMeetingPowerOfAttorneyDocument->db.MeetingDocument	18891.99,29058.56 16073.12,27068.73
edge:inheritance:db.ShareholdersMeetingPowerOfAttorneyIndividualDocument->db.MeetingDocument	17120.54,24602.94 16007.55,26746.08
edge:inheritance:db.ShareholdersMeetingShortenPeriodDocument->db.MeetingDocument	19335.79,29058.56 16073.12,27052.52
edge:inheritance:db.ShareholdersMeetingShortenPeriodIndividualDocument->db.MeetingDocument	17119.57,24718.94 16013.44,26746.08
edge:inheritance:db.ShareholdersMeetingSkipNoticeDocument->db.MeetingDocument	19779.59,29058.56 16073.12,27040.02
edge:inheritance:db.ShareholdersMeetingWrittenDecisionDocument->db.MeetingDocument	18450.44,29174.56 16073.12,27098.52
edge:inheritance:db.ShareholdersMeetingWrittenDecisionIndividualDocument->db.MeetingDocument	17118.49,24834.94 16019.99,26746.08
edge:inheritance:db.ShareholdersWrittenResolutionDocument->db.MeetingDocument	18894.68,29174.56 16073.12,27075.50
edge:inheritance:db.StockTransferAgreementModusignDocument->db.ModusignDocument	20327.62,20176.20 22809.84,20752.16
edge:inheritance:db.StockTransferAgreementModusignEmbeddedDraft->db.ModusignEmbeddedDraft	20275.87,20619.42 21718.43,22768.72
edge:inheritance:db.SubscriptionModusignDocumentUsageHistory->db.BaseModusignDocumentUsageHistory	28268.26,11456.93 24387.37,12824.17
edge:inheritance:db.TaxReceiptDocument->db.MeetingDocument	19338.92,29174.56 16073.12,27058.42
edge:inheritance:db.Template->db.MembershipContent	2484.40,1375.04 2685.76,1804.78
edge:inheritance:db.TextValueWithVisibility->db.ValueWithVisibility	34232.03,3032.09 33738.35,2922.13
edge:inheritance:db.UserProfileImage->db.FileAttachment	20966.36,18336.79 20541.18,18183.40
edge:inheritance:db.VentureCapitalPaymentLink->db.PaymentLink	26622.71,11528.58 25184.58,12230.30
edge:inheritance:db.Webinar->db.MembershipContent	2219.79,1491.04 2645.75,1804.78
edge:inheritance:db.Whitepaper->db.MembershipContent	4031.79,3539.93 2742.13,1894.78
edge:inheritance:db.WrittenStatementDocument->db.MeetingDocument	19783.16,29174.56 16073.12,27045.24
edge:inheritance:db.YetsAssistanceCreatorUser->db.YetsAssistanceCreator	13248.30,32418.67 13504.96,32221.43
edge:inheritance:db.YetsAssistanceCreatorYetsEmployee->db.YetsAssistanceCreator	10019.77,32227.32 13435.11,32185.86
edge:inheritance:db.YetsAssistanceMessageFile->db.FileAttachment	22705.54,33936.58 20369.21,18330.81
edge:inheritance:db.YetsEmail->db.BulkEmail	10504.11,20269.98 14555.84,16753.57
edge:inheritance:db.YetsEmployeeFile->db.FileAttachment	23092.74,34588.69 20390.37,18330.81
edge:inheritance:db.YetsEmployeeResultWhtReceipt->db.FileAttachment	22181.25,32022.51 20363.70,18330.81
edge:inheritance:db.ZuzuOptionGrantContractTemplate->db.OptionGrantContractTemplate	19662.09,15352.49 19579.08,15333.12
edge:inheritance:db.ZuzuOptionGrantContractTemplateRevision->db.OptionGrantContractTemplateRevision	20314.03,15480.81 20198.80,15952.73
