edge:declared:db.AgendaBonusIssue:certificate_of_payment_for_the_share_file	18066.39,19809.96 20048.87,18602.68
edge:declared:db.AgendaBonusIssue:meeting_draft	17875.46,19955.96 17438.04,20405.34
edge:declared:db.AgendaBonusIssueNewIssueBalanceCertificateFile:agenda_bonus_issue	19123.63,18732.47 18021.21,19809.96
edge:declared:db.AgendaBonusIssueNewIssueMinutesFile:agenda_bonus_issue	18671.63,17594.1 17969.65,19809.96
edge:declared:db.AgendaBonusIssueSharesToIssue:agenda_bonus_issue	17227.73,18839.85 17896.22,19809.96
edge:declared:db.AgendaBonusIssueSharesToIssue:share_class	17124.85,18765.85 16453.99,18445.08
edge:declared:db.AgendaBorrowCapital:meeting_draft	17613.1,20665.93 17456.9,20608.83
edge:declared:db.AgendaBranchChange:address	18499.98,20070.58 22563.75,18984.41
edge:declared:db.AgendaBranchChange:installation_event	18429.98,20054.72 18881.99,18320.72
edge:declared:db.AgendaBranchChange:meeting_draft	18257.59,20152.72 17456.9,20484.12
edge:declared:db.AgendaCashDividends:meeting_draft	16867.63,20558.28 17136.9,20553.3
edge:declared:db.AgendaCeoAddressChange:meeting_draft	14663.9,21770.86 17136.9,20624.51
edge:declared:db.AgendaCeoAddressChangeItem:agenda_ceo_address_change	13428.38,21801.97 14451.45,21810.79
edge:declared:db.AgendaCeoAddressChangeItem:stakeholder	13292.2,21763.87 12725.65,19481.54
edge:declared:db.AgendaChangeOfAoiClassStock:aoi	19154.36,20335.09 19170.91,20491.81
edge:declared:db.AgendaChangeOfAoiCustom:aoi	19518.31,20322.27 19272.15,20491.81
edge:declared:db.AgendaChangeOfAoiCustom:changed_part	19592.94,20240.27 20158.93,18703.97
edge:declared:db.AgendaChangeOfAoiDirectorCompensationRule:aoi	19579.44,20663.76 19361.28,20605.67
edge:declared:db.AgendaChangeOfAoiNumberOfDirectors:aoi	19487.32,20556.4 19361.28,20556.57
edge:declared:db.AgendaChangeOfAoiThirdPartyAllocation:aoi	19141.42,20771.56 19166.78,20621.81
edge:declared:db.AgendaChangeOfArticlesOfIncorporation:_deprecated_changed_part	19211.1,20491.81 20127.63,18703.97
edge:declared:db.AgendaChangeOfArticlesOfIncorporation:meeting_draft	18994.28,20556.18 17456.9,20550.89
edge:declared:db.AgendaCoCeoSystemChange:meeting_draft	14665.39,22416.95 17136.9,20663.83
edge:declared:db.AgendaCompanyNameChange:meeting_draft	19012.38,22922.63 17401.75,20695.34
edge:declared:db.AgendaCustom:meeting_draft	14975.58,22416.95 17136.9,20679
edge:declared:db.AgendaDirectorChange:stakeholder	15081.56,22021.57 12826.09,19481.54
edge:declared:db.AgendaDirectorCompensationItem:director_compensation	15918.81,21773.17 16404.67,21589.51
edge:declared:db.AgendaDirectorCompensationItem:stakeholder	15774.27,21773.17 12852.68,19456.19
edge:declared:db.AgendaDirectorCompensationRule:meeting_draft	19365.38,22922.63 17423.33,20695.34
edge:declared:db.AgendaFinancialStatements:audit_report	18331.89,19833.96 20048.87,18621.18
edge:declared:db.AgendaFinancialStatements:meeting_draft	18191.62,19931.96 17456.9,20439.76
edge:declared:db.AgendaHeadOfficeRelocation:address	18784.01,21629.46 22563.75,19048.41
edge:declared:db.AgendaHeadOfficeRelocation:meeting_draft	18640.41,21629.46 17456.9,20678.85
edge:declared:db.AgendaHeadOfficeRelocationAoiChange:meeting_draft	19013.61,23038.63 17396.94,20695.34
edge:declared:db.AgendaMethodOfGivingPublicNoticeChange:daily_newspaper	17486.69,20033.64 17816.58,15674.59
edge:declared:db.AgendaMethodOfGivingPublicNoticeChange:meeting_draft	17467.5,20115.64 17353.8,20405.34
edge:declared:db.AgendaNewIssue:financial_statements	17127.69,22177.52 20055.94,18703.97
edge:declared:db.AgendaNewIssue:meeting_draft	17067.99,22177.52 17276.5,20695.34
edge:declared:db.AgendaNewIssueItem:new_issue	18962.72,25276.72 17109.8,22347.52
edge:declared:db.AgendaNewIssueItemFromConversion:new_issue_item	19374.74,25767.38 19060.48,25406.72
edge:declared:db.AgendaNewIssueItemFromPayment:new_issue_item	18935.07,25555.39 18982.92,25406.72
edge:declared:db.AgendaNewIssueItemInstitutionMember:institution	20753.81,25947.16 19681.33,24969.16
edge:declared:db.AgendaNewIssueItemInstitutionMemberCeo:member	19914.85,25567.31 20716.31,25947.16
edge:declared:db.AgendaNewIssueItemShareClass:item	19011.59,25105.88 19005.98,25276.72
edge:declared:db.AgendaNewIssueItemShareholder:item	19583.22,24969.16 19104.92,25276.72
edge:declared:db.AgendaNewIssueNewShareClass:new_issue	17358.68,22371.51 17192.03,22311.49
edge:declared:db.AgendaNewOptionsRule:meeting_draft	19366.86,23038.63 17417.52,20695.34
edge:declared:db.AgendaNewOrChangeRsuRule:meeting_draft	19014.77,23158.63 17392.4,20695.34
edge:declared:db.AgendaOptionCancel:meeting_draft	16270.24,20887.68 17136.9,20602.91
edge:declared:db.AgendaOptionCancelGrantee:option_cancel	15962.92,20920.49 16022.24,20923.06
edge:declared:db.AgendaOptionCancelGrantee:option_grantee	15829.07,20874.04 15513.84,19227.35
edge:declared:db.AgendaOptionCancelOption:_deprecated_grantee	15833.14,21016.56 15835.39,20956.04
edge:declared:db.AgendaOptionCancelOption:option_cancel	15931.51,21016.56 16026.86,20977.43
edge:declared:db.AgendaOptionCancelOptionDistribution:option	15917.05,21176.56 15861.05,21098.56
edge:declared:db.AgendaOptionExercise:meeting_draft	14671.14,21894.86 17136.9,20632.27
edge:declared:db.AgendaOptionExerciseClaim:option_exercise	14580.2,20857.07 14575.66,21894.86
edge:declared:db.AgendaOptionExerciseClaim:option_exercise_claim	14567.75,20775.07 13674.54,17874.55
edge:declared:db.AgendaOptionExerciseGrantee:option_exercise	15305.89,21532.75 14662.51,21894.86
edge:declared:db.AgendaOptionExerciseGrantee:option_grantee	15388.11,21442.75 15500.05,19227.35
edge:declared:db.AgendaOptionExerciseGranteeOption:grantee	15389.01,21631.81 15386.83,21532.75
edge:declared:db.AgendaOptionGrant:meeting_draft	16637.14,19682.56 17186.66,20405.34
edge:declared:db.AgendaOptionGrantGrantee:_deprecated_option_grant_event	15907.4,19117.04 16200.84,18599.5
edge:declared:db.AgendaOptionGrantGrantee:option_grant	15954.79,19215.04 16533.9,19592.56
edge:declared:db.AgendaOptionGrantGrantee:option_grantee	15755.62,19167.46 15632.93,19168.86
edge:declared:db.AgendaOptionGrantGrantee:stakeholder	15755.62,19172.2 12852.68,19316.3
edge:declared:db.AgendaPurposeChange:meeting_draft	19365.08,23154.63 17412.05,20695.34
edge:declared:db.AgendaPurposeChangeItem:agenda_purpose_change	18139.59,24477.88 19357.41,23236.63
edge:declared:db.AgendaRsuGrant:meeting_draft	14667.04,22540.95 17136.9,20671.45
edge:declared:db.AgendaRsuGrantGrantee:rsu	15783.42,15089.14 15952.45,15063.51
edge:declared:db.AgendaRsuGrantGrantee:rsu_grant	15653.66,15148.94 14613.92,22540.95
edge:declared:db.AgendaRsuGrantGrantee:stakeholder	15630.52,15148.94 12797.37,19167.54
edge:declared:db.AgendaSubsidiaryEstablishment:meeting_draft	14972.37,22544.95 17136.9,20687.63
edge:declared:db.AgendaTemplate:company	22556.19,8792.01 17154.62,12341.65
edge:declared:db.AiPayrollLedger:payroll	7845.43,5338.72 8764.81,4901.83
edge:declared:db.AlimtalkActivityRecipient:activity	30835.01,14331.59 31347.38,14144.82
edge:declared:db.AlimtalkActivityRecipientStatusHistory:recipient	30686.05,14462.19 30705.84,14413.59
edge:declared:db.AllocatedSeat:stakeholder	11576.97,14768.81 12648.44,19167.54
edge:declared:db.Announcement:company_set	20659.21,12187.49 17154.62,12452.16
edge:declared:db.Announcement:subscription_plan_set	20659.21,12152.3 20405.82,12099.5
edge:declared:db.AnnualSalary:employee	12585.21,14978.72 11784.96,15035.75
edge:declared:db.AnnualSalary:ledger	12821.21,14988.22 13485.23,15088.98
edge:declared:db.Article:third_party_provider	20155.53,19703.96 20125.13,19871
edge:declared:db.Article:thumbnail_image	20165.64,19621.96 20224.87,18703.97
edge:declared:db.ArticlePublishHistory:article	20250.42,19754.05 20202.35,19703.96
edge:declared:db.ArticlesOfIncorporation:_deprecated_daily_newspaper	17784.46,15419.01 17812.95,15592.59
edge:declared:db.ArticlesOfIncorporation:articles_of_incorporation_file	17820.04,15419.01 20067.79,18269.97
edge:declared:db.ArticlesOfIncorporation:company	17759.15,15305.01 17025.36,12683.51
edge:declared:db.ArticlesOfIncorporation:source_meeting	17777.9,15419.01 17878.47,17469.51
edge:declared:db.ArticlesOfIncorporationAnalyzationRequest:company	15042.02,7882 16873.62,12249.51
edge:declared:db.ArticlesOfIncorporationAnalyzationResult:request	13319.72,7969.18 14844,7858.28
edge:declared:db.AuditLog:actor_api_key	18040.69,7219.81 18161.25,7465.8
edge:declared:db.AvailableModusignRequest:company	21318.15,20580 17081.06,12683.51
edge:declared:db.AvailableModusignRequest:modusign_account	21361.98,20580 21405.8,20512.37
edge:declared:db.BalanceCertificateDocument:new_issue_agenda	18054.59,23792.73 17111.5,22347.52
edge:declared:db.BalanceCertificateDocument:option_exercise_agenda	18005.29,23792.73 14666.35,21992.86
edge:declared:db.BaseModusignDocumentUsageHistory:modusign_document	23368.1,14217.45 22503.98,20553.46
edge:declared:db.BaseModusignDocumentUsageHistory:purchase	23218.19,14138.57 22046.88,13853.23
edge:declared:db.BranchAbolitionEvent:installation_event	17461.56,17744.85 18738.87,18225.1
edge:declared:db.BranchChangeEvent:address	19081.23,18021.11 22563.75,18904.2
edge:declared:db.BranchChangeEvent:installation_event	18943.51,18030.67 18879.26,18222.72
edge:declared:db.BranchInstallationEvent:address	18986.87,18293.32 22563.75,18916.42
edge:declared:db.BulkEmail:sender_mail_integration	15216.43,17319.96 15034.08,17590.67
edge:declared:db.BulkEmail:template_revision	15392.91,17213.49 17688.37,16551.85
edge:declared:db.BulkEmailCommonAttachment:bulk_email	19209.66,18151.72 15392.91,17280.63
edge:declared:db.BulkEmailRecipient:bulk_email	19511,18749.71 15392.91,17296.83
edge:declared:db.BulkEmailRecipient:email_activity_recipient	19694.45,18852.57 23636.5,23056.19
edge:declared:db.BulkEmailRecipientAttachment:recipient	19255.73,18887.34 19511,18826.53
edge:declared:db.BulkEmailTemplateRevision:template	17846.91,16480.26 19201.85,15179.34
edge:declared:db.BusinessPlan:company	15568.53,11975.94 16774.62,12399.75
edge:declared:db.BusinessPlanAiAnalysis:business_plan_ai_review	14144.48,11163.46 15315.1,11753.84
edge:declared:db.BusinessPlanAiAnalysisItem:ai_analysis_feedback	12876.48,10539.6 12613.8,10401.16
edge:declared:db.BusinessPlanAiAnalysisItem:business_plan_ai_analysis	13038.17,10621.6 13995.41,11089.46
edge:declared:db.BusinessPlanAiAnalysisItemImprovement:ai_analysis_feedback	12744.15,10281.67 12633.55,10327.16
edge:declared:db.BusinessPlanAiAnalysisItemImprovement:business_plan_ai_analysis_item	12847.35,10281.67 12939.61,10539.6
edge:declared:db.BusinessPlanAiReview:business_plan	15415.41,11835.84 15446.07,11901.94
edge:declared:db.BusinessPlanAiReview:company	15492.13,11835.84 16774.62,12385.13
edge:declared:db.BusinessRegistrationCertificate:company	22885.37,8792.01 17154.62,12348.59
edge:declared:db.CaptableRequest:captable_file	18296.46,15415.32 20101.65,18269.97
edge:declared:db.CaptableRequest:company	18252.12,15333.32 17062.08,12683.51
edge:declared:db.CashIncentive:category	13383.15,13850.49 14668.86,13357.55
edge:declared:db.CashIncentive:employee	13218.2,13932.49 11784.96,14945.5
edge:declared:db.CashIncentiveCategory:company	14860.65,13283.55 16774.62,12540.29
edge:declared:db.CashIncentiveItem:cash_incentive	12988.05,13925.38 13152.21,13906.07
edge:declared:db.CashPayment:purchase	22004.82,14078.5 21941.45,13922.18
edge:declared:db.CeoAddressChangeEvent:director	16223.13,15868.57 17271.59,16394.7
edge:declared:db.Charge:credit	20217.57,13683.87 20361.38,13802.66
edge:declared:db.Charge:meeting	20144.19,13683.87 17951.96,17469.51
edge:declared:db.CmeBulkEmail:cme	18217.46,16505.41 19868.72,14548.89
edge:declared:db.CmeBulkEmailRecipient:_deprecated_cme_bulk_email	17673.58,16805.4 18102.24,16587.41
edge:declared:db.CmeBulkEmailRecipient:cme_company	17617.07,16805.4 19178.32,14150.99
edge:declared:db.CmeBulkEmailTemplate:cme	19884.04,15071.73 19919.21,14548.89
edge:declared:db.CmeCompany:company	19133.14,14036.99 17154.62,12604.11
edge:declared:db.CmeCompany:company_managing_entity	19315.9,14150.99 19804.93,14418.89
edge:declared:db.CmeCompany:contact_set	19327.07,14150.99 20242.52,14603.87
edge:declared:db.CmeCompanyContact:cme_company	19485.2,14159.47 19341.85,14125.13
edge:declared:db.CmeCompanyContactNotificationSettings:cme_company_contact	19582.71,14108.06 19593.69,14150.74
edge:declared:db.CmeCompanyDirectorTermManagement:cme_company	19550.41,13959.59 19341.85,14042.38
edge:declared:db.CmeCompanyNote:cme_company	19216.57,13898.34 19213.22,14036.99
edge:declared:db.CmeCompanyRegistration:cme_contact	20237.69,14735.89 20283.95,14693.87
edge:declared:db.CmeCompanyRegistration:company_managing_entity	20154.92,14735.89 19983.25,14548.89
edge:declared:db.CmeCompanyRegistrationFile:cme_company_registration	20297.67,14859.91 20244.47,14817.89
edge:declared:db.CmeContact:company_managing_entity	20221.68,14603.87 20053.58,14536.21
edge:declared:db.CmeMemberRelation:company_managing_entity	20224.69,14354.86 20053.58,14428.18
edge:declared:db.Company:sso_configuration	16774.62,12473.18 16632.62,12478.16
edge:declared:db.CompanyAddressChangeEvent:address	19077.23,18136.27 22563.75,18909.11
edge:declared:db.CompanyAppointedTransferAgentChange:company	23280.89,8792.01 17154.62,12355.98
edge:declared:db.CompanyAuthorizedSharesChange:company	23694.72,8792.01 17154.62,12362.77
edge:declared:db.CompanyBenefit:company	22554.37,8908.01 17154.62,12345.55
edge:declared:db.CompanyBulkEmailTemplate:company	18778.92,15175.55 17109.95,12683.51
edge:declared:db.CompanyCreateAssignmentReadiness:company	22883.45,8908.01 17154.62,12352.28
edge:declared:db.CompanyCreateProgress:company_create_request	22249.75,16731.64 22155.48,16726.66
edge:declared:db.CompanyCreateRequest:address	22045.72,16784.79 22678.83,18818.25
edge:declared:db.CompanyCreateRequest:articles_of_incorporation_attachment	21959.77,16784.79 20428.87,18299.04
edge:declared:db.CompanyCreateRequest:company	21948.14,16654.79 17154.62,12626.19
edge:declared:db.CompanyDepartment:department_code	12576.8,14084.79 12543.77,13948.94
edge:declared:db.CompanyDepartmentCode:organization_chart	12655.85,13864.53 14130.16,13443.54
edge:declared:db.CompanyDocumentAIAnalysis:company	18825.47,16329.27 17069.16,12683.51
edge:declared:db.CompanyDocumentAIAnalysis:file	18872.21,16411.27 20096,18269.97
edge:declared:db.CompanyDocumentDelivery:company	18329.24,12604.53 17154.62,12485.73
edge:declared:db.CompanyEndorsement:company	22963.21,6463.96 17154.62,12276.38
edge:declared:db.CompanyEndorsementFeed:company_endorsement	24649.36,5512.42 23066.91,6389.96
edge:declared:db.CompanyExpertClientRelation:company	20722.78,14475.7 17154.62,12568.09
edge:declared:db.CompanyExpertClientRelation:expert_client	20822.01,14549.7 20889.96,14633.45
edge:declared:db.CompanyFeed:company	26245.42,4458.76 17154.62,12302.57
edge:declared:db.CompanyFeedAccessLog:company_feeds	34766.82,3996.24 26430.85,4399.76
edge:declared:db.CompanyFeedAccessLog:venture_capital	34874.58,4027.53 32598.21,12250.52
edge:declared:db.CompanyFeedRating:company_feed	26852.24,3682.53 26346.82,4352.76
edge:declared:db.CompanyGuideState:company	23278.84,8908.01 17154.62,12359.43
edge:declared:db.CompanyInvestmentContractInfo:company	23692.54,8908.01 17154.62,12366.02
edge:declared:db.CompanyInvestorInterest:company	27198.81,8397.52 17154.62,12390.97
edge:declared:db.CompanyInvestorInterest:venture_capital	27339.3,8397.52 32357.46,12311.99
edge:declared:db.CompanyInvitation:invitee	22552.43,9024.01 17154.62,12349.46
edge:declared:db.CompanyIrClosingFeed:investor_relations	26389.46,6303.24 27225.34,7455.18
edge:declared:db.CompanyIrNewCommitFeed:investor_relations	26791.32,6162.31 27271.08,7455.18
edge:declared:db.CompanyIrOpenFeed:investor_relations	26914.79,5638.31 27292.16,7455.18
edge:declared:db.CompanyIrSetting:company	22881.4,9024.01 17154.62,12355.96
edge:declared:db.CompanyLegalPartnerRelation:company	21402.68,14388.89 17154.62,12548.81
edge:declared:db.CompanyLegalPartnerRelation:legal_partner	21496.05,14462.89 21590.88,14904.31
edge:declared:db.CompanyManagementAssignment:company	23276.65,9024.01 17154.62,12362.89
edge:declared:db.CompanyManagingEntity:expert_client	20053.58,14509.55 20805.71,14657.98
edge:declared:db.CompanyManagingEntity:expert_partner	20053.58,14525.74 21463.74,14979.73
edge:declared:db.CompanyManagingEntity:holding_company	19944.22,14418.89 19957.56,14376.87
edge:declared:db.CompanyMethodOfGivingPublicNoticeChange:company	17559.11,14565.17 17026.09,12683.51
edge:declared:db.CompanyMethodOfGivingPublicNoticeChange:daily_newspaper	17578.56,14639.17 17809.74,15592.59
edge:declared:db.CompanyMnaSetting:company	23690.2,9024.01 17154.62,12369.26
edge:declared:db.CompanyNameChange:company	22550.36,9140.01 17154.62,12353.36
edge:declared:db.CompanyNews:company	18474.93,8446.56 17046.15,12249.51
edge:declared:db.CompanyNewsFeed:company_news	18851.84,8616.21 18560.69,8446.56
edge:declared:db.CompanyNewsLink:company_news	18794.16,7767.92 18509.87,8364.56
edge:declared:db.CompanyNotificationSetting:company	16353.93,11659.47 16800.42,12249.51
edge:declared:db.CompanyNotificationTrigger:notification_setting	15972.91,11035.81 16303.67,11585.47
edge:declared:db.CompanyOptionRule:company	22879.2,9140.01 17154.62,12359.65
edge:declared:db.CompanyOverview:company	23274.31,9140.01 17154.62,12366.34
edge:declared:db.CompanyOwnerAddRequest:company	23687.71,9140.01 17154.62,12372.5
edge:declared:db.CompanyOwnerAuditLog:company	11747.09,8141.59 16774.62,12309.02
edge:declared:db.CompanyOwnerAuditLogOwnerRoleRelation:company_owner_audit_log	12422.44,9304.29 11722.32,8141.59
edge:declared:db.CompanyOwnerAuditLogOwnerRoleRelation:owner_role	12443.09,9378.29 12368.94,11062.83
edge:declared:db.CompanyOwnerNotificationTrigger:trigger	15885.61,11171.54 15936.72,11035.81
edge:declared:db.CompanyParValueChange:_deprecated_articles_of_incorporation	17642.87,15110.08 17745.18,15305.01
edge:declared:db.CompanyParValueChange:company	17614.1,15036.08 17019.47,12683.51
edge:declared:db.CompanyPaymentLink:company	21655.93,12234.45 17154.62,12457.11
edge:declared:db.CompanyPolicyFile:company	22548.14,9256.01 17154.62,12357.26
edge:declared:db.CompanyProfileAccessLog:company	27196.1,8513.52 17154.62,12393.1
edge:declared:db.CompanyProfileAccessLog:venture_capital	27340.68,8513.52 32357.46,12316.05
edge:declared:db.CompanyPromotionWinLog:company	15402.98,7886 16890.64,12249.51
edge:declared:db.CompanyPromotionWinLog:prize_type	15513,7873.86 16506.76,8105.14
edge:declared:db.CompanyPromotionWinLog:promotion	15434.42,7886 16231.28,8605.24
edge:declared:db.CompanyPurposeChange:company	17530.36,14128.2 17038.5,12683.51
edge:declared:db.CompanyPurposeChangeItem:company_purpose_change	17705.54,14399.58 17568.63,14202.2
edge:declared:db.CompanyPurposeChangeItem:industrial_code	17743.62,14473.58 17821.99,14707.14
edge:declared:db.CompanyQuestionThread:company	18985.06,14210.59 17154.62,12630.52
edge:declared:db.CompanyQuestionThread:expert_partner	19230.16,14340.55 21463.74,14984.88
edge:declared:db.CompanyRegistrationAssignment:company	22876.85,9256.01 17154.62,12363.34
edge:declared:db.CompanyRegistrationAssignmentLog:company	23271.8,9256.01 17154.62,12369.8
edge:declared:db.CompanyRsuRule:_deprecate_articles_of_incorporation	17655.89,15226.08 17725.11,15305.01
edge:declared:db.CompanyRsuRule:company	17614.49,15152.08 17017.13,12683.51
edge:declared:db.CompanySsoEmailDomain:configuration	15938.19,12490.24 16384.62,12484.19
edge:declared:db.CompanySsoIdentity:configuration	15926.77,12627.66 16384.62,12513.44
edge:declared:db.CompanyStockTransferRestrictedChange:company	23685.04,9256.01 17154.62,12375.74
edge:declared:db.CompanyStockValue:company	22545.76,9372.01 17154.62,12361.16
edge:declared:db.CompanyTag:company_set	22874.33,9372.01 17154.62,12367.02
edge:declared:db.CompanyTanTableView:company	15042.43,8002 16871.19,12249.51
edge:declared:db.CompanyTodo:company	23269.11,9372.01 17154.62,12373.25
edge:declared:db.CompanyUpdateRequest:change_detection	18230.97,13800.86 18317.07,14415.86
edge:declared:db.CompanyUpdateRequest:company	18185.27,13718.86 17154.62,12661.45
edge:declared:db.CompanyUpdateRequest:company_question_thread	18290.78,13800.86 18946.16,14210.77
edge:declared:db.CompanyUserRelation:company	11111.37,12402.89 16774.62,12464.44
edge:declared:db.CompanyUserRelation:stakeholder	10999.4,12450.54 12648.14,19167.54
edge:declared:db.CompanyUserRelationOwnerRoleRelation:company_user_relation	11702.03,11588.14 11030.42,12352.54
edge:declared:db.CompanyUserRelationOwnerRoleRelation:owner_role	11787.79,11514.14 12296.26,11160.83
edge:declared:db.ConsentForm:investor	24948.8,37386.97 13255.31,22796.06
edge:declared:db.ConsentForm:item	24978.23,37386.97 22866.7,26867.93
edge:declared:db.ConsentForm:uploaded_consent_form_file	24975.79,37386.97 20293.26,18703.97
edge:declared:db.ConsentFormModusignDocument:consent_form	23375.12,26498.54 24980.84,37386.97
edge:declared:db.ConsentFormModusignEmbeddedDraft:consent_form	21688.08,23088.5 24976.8,37386.97
edge:declared:db.CorporateRegistration:attachment	19001.24,15660.65 20143.85,18269.97
edge:declared:db.CorporateRegistration:company	18948.38,15562.65 17103.66,12683.51
edge:declared:db.CorporateRegistrationChangeConfirmation:change_detection	18644.65,14281.09 18409.45,14415.86
edge:declared:db.CorporateRegistrationChangeConfirmation:staff_review_required_question_thread	18880.72,14269.21 18946.16,14278.79
edge:declared:db.CorporateRegistrationChangeDetection:company	18290.6,14415.86 17112.23,12683.51
edge:declared:db.CorporateRegistrationChangeDetection:xml_file	18347.26,14513.86 20135.56,18269.97
edge:declared:db.CorporateRegistrationChangeDetectionParseResult:change_detection	18502.48,14165.07 18353.11,14415.86
edge:declared:db.CorporateRegistrationExtractionLog:corporate_registration_issue_log	20337.61,16046.65 20409.24,16004.63
edge:declared:db.CorporateRegistrationIssueCoupon:company	18701.79,13749.13 17154.62,12606.79
edge:declared:db.CorporateRegistrationIssueCouponIssueLog:coupon	18974.4,13765.79 18908.82,13773.14
edge:declared:db.CorporateRegistrationIssueCouponUseRequest:coupon	19226.48,14614 18780.67,13831.13
edge:declared:db.CorporateRegistrationIssueCouponUseResult:corporate_registration	19167.89,15593.55 19103.78,15599.72
edge:declared:db.CorporateRegistrationIssueCouponUseResult:log	19238.6,15616.02 20352.28,15938.45
edge:declared:db.CorporateRegistrationIssueCouponUseResult:request	19355.38,15534.02 19252.07,14688
edge:declared:db.CorporateRegistrationIssueLog:_deprecated_staff_review_required_question_thread	20451.22,15906.63 19163.65,14388.59
edge:declared:db.CorporateRegistrationIssueLog:pdf_file	20487.87,16004.63 20260.64,18269.97
edge:declared:db.CorporateRegistrationIssueMaintenance:third_party_api_notice	29446.82,15830.26 28922.56,15812.21
edge:declared:db.CorporateRegistrationIssueRequest:delivery	19215.6,12490.52 19319.37,12448.5
edge:declared:db.CorporateRegistrationPaidIssue:company	19254.31,15972.11 17106.35,12683.51
edge:declared:db.CorporateRegistrationPaidIssue:corporate_registration	19250.32,15972.11 19016.56,15660.65
edge:declared:db.CorporationPostRegistrationEmail:company	15090.47,7725.39 16878.84,12249.51
edge:declared:db.CorporationPostRegistrationScheduledEmail:corporation_post_registration_email	16227.37,7731.4 15221.34,7693.82
edge:declared:db.CorporationPostRegistrationScheduledEmailPeriodicTaskRelation:corporation_post_registration_scheduled_email	16133.66,7626.57 16318.33,7701.22
edge:declared:db.Credit:company	20303.41,13802.66 17154.62,12542.55
edge:declared:db.CreditCard:company	22822.84,13369.51 17154.62,12495.8
edge:declared:db.CreditCard:investment_association	23013.52,13437.62 27213.38,16524.28
edge:declared:db.CreditCard:legal_partner	22907.15,13437.62 21719,14904.31
edge:declared:db.CreditCard:venture_capital	23070.84,13376.57 32357.46,12473.41
edge:declared:db.CreditUse:credit	21150.48,13752.35 20539.86,13831.57
edge:declared:db.CreditUse:purchase	21386.48,13752.04 21750.88,13798.36
edge:declared:db.CsAgentResponse:inquiry_thread_message	23485.51,11410.05 22781.96,11500.3
edge:declared:db.CsAgentResponseFeedBack:cs_agent_response	23916.39,11337.81 23733.51,11371.38
edge:declared:db.DebtConfirmationAndOffsetContractDocument:new_issue_item	18259.1,25298.8 18873.84,25334.23
edge:declared:db.DepartmentStaffUserRelation:department	18333.43,31815.04 16423.26,32255.76
edge:declared:db.DirectorAppointmentEvent:director	16552.77,15872.57 17301.89,16389.95
edge:declared:db.DirectorCompensationDecisionEvent:director	16240.44,15988.57 17271.59,16407.67
edge:declared:db.DirectorCompensationLimitEvent:director	16559.55,15988.57 17277.09,16389.95
edge:declared:db.DirectorTermEndEvent:appointment_event	16208.17,16030.57 16434.64,15872.57
edge:declared:db.DirectorTermEndEvent:director	16273.4,16110.14 17271.59,16420.64
edge:declared:db.DirectorVote:agenda	16201.52,20677.06 16394.12,20917.8
edge:declared:db.DirectorVote:attended_director	16140.75,20603.06 16052.22,20497.94
edge:declared:db.DirectorVotingRightsPerAgenda:agenda	16215,20793.06 16360.24,20917.8
edge:declared:db.DirectorVotingRightsPerAgenda:director	16152.22,20719.06 16034.54,20497.94
edge:declared:db.DirectorsMeeting:chairperson	16324.81,20367.78 16169.21,20403.29
edge:declared:db.DirectorsMeeting:meeting	16486.5,20277.12 17823.43,17703.51
edge:declared:db.DirectorsMeeting:sealed_meeting_minutes_file	16579.5,20277.12 20048.87,18579.92
edge:declared:db.DirectorsMeetingAgenda:agenda_bonus_issue	16590.4,20917.8 17850.86,19955.96
edge:declared:db.DirectorsMeetingAgenda:agenda_branch_change	16610.53,20943.27 18272.94,20152.72
edge:declared:db.DirectorsMeetingAgenda:agenda_co_ceo_system_change	16348.94,21103.8 14660.31,22416.95
edge:declared:db.DirectorsMeetingAgenda:agenda_custom	16369.31,21103.8 14968.33,22416.95
edge:declared:db.DirectorsMeetingAgenda:agenda_director_change	16351.39,21103.8 15195.38,22021.57
edge:declared:db.DirectorsMeetingAgenda:agenda_director_compensation_decision	16478.15,21103.8 16519.06,21499.51
edge:declared:db.DirectorsMeetingAgenda:agenda_financial_statements	16610.53,20921.53 18184.58,19931.96
edge:declared:db.DirectorsMeetingAgenda:agenda_head_office_relocation	16610.53,21053.42 18576.9,21643.59
edge:declared:db.DirectorsMeetingAgenda:agenda_new_issue	16512.18,21103.8 17016.14,22177.52
edge:declared:db.DirectorsMeetingAgenda:agenda_option_cancel	16326.53,20974.51 16270.24,20960.12
edge:declared:db.DirectorsMeetingAgenda:agenda_rsu_grant	16358.66,21103.8 14660.75,22540.95
edge:declared:db.DirectorsMeetingAgenda:agenda_shareholders_meeting_convocation	16605.12,21103.8 16791.24,21230.53
edge:declared:db.DirectorsMeetingAgenda:agenda_subsidiary_establishment	16377.37,21103.8 14964.78,22544.95
edge:declared:db.DirectorsMeetingAgenda:meeting	16466.63,20917.8 16456.05,20399.12
edge:declared:db.DirectorsMeetingDirectorAttendance:stakeholder	15839.21,20385.41 12852.68,19380.4
edge:declared:db.DirectorsMeetingNoticeEmail:directors_meeting	16650.85,19201.35 16465.33,20277.12
edge:declared:db.DirectorsMeetingNoticeEmailRecipient:director	16472.86,20077.46 16077.7,20383.94
edge:declared:db.DirectorsMeetingNoticeEmailRecipient:email	16531.91,19995.46 16651.73,19201.35
edge:declared:db.DocumentDelivery:delivery	19674.77,12612.12 20084.75,12495
edge:declared:db.DocumentDeliveryQuestionThreadRelation:document_delivery	19874.13,12635.73 19674.77,12643.01
edge:declared:db.DocumentDeliveryQuestionThreadRelation:question_thread	20217.13,12640.4 20355.29,12649.22
edge:declared:db.DocumentParseResult:attachment	19939.17,16883.72 19919.03,17080.04
edge:declared:db.DormantUserEmail:user	5118.93,30184.37 3994.36,31157.77
edge:declared:db.DormantUserPhone:user	4524.61,29620.53 3962,31157.77
edge:declared:db.DormantUserReactivationToken:user	5253.19,30317.38 4007.75,31157.77
edge:declared:db.ESOP:company	12307.27,16460.8 16774.62,12629.46
edge:declared:db.ESOP:shareholder	12249.64,16574.8 13193.15,22666.06
edge:declared:db.ESOPParticipant:esop	12103.17,16040.01 12224.39,16460.8
edge:declared:db.EditableCompanyOwnerAuditLog:company	23682.17,9372.01 17154.62,12378.98
edge:declared:db.ElectronicCertificate:company	17227.26,14308.24 16995.57,12683.51
edge:declared:db.ElectronicCertificate:director	17237.39,14398.24 17401.57,16389.95
edge:declared:db.ElectronicCertificateApplicationFormDocument:stakeholder	19809.19,26797.57 12836.32,19481.54
edge:declared:db.ElectronicCertificateCaseReportDocument:stakeholder	18460.3,26913.57 12806.12,19481.54
edge:declared:db.ElectronicCertificateFileDownloadHistory:file_uploaded	18567.99,17242.74 18561.97,17200.06
edge:declared:db.ElectronicCertificateFileUploadRequest:electronic_certificate	18399.14,17010.04 17253.42,14398.24
edge:declared:db.ElectronicCertificateFileUploaded:file_upload_request	18511.67,17126.06 18460.46,17084.04
edge:declared:db.ElectronicCertificateReturnRequest:electronic_certificate	23985.32,19895.85 17288.5,14398.24
edge:declared:db.ElectronicCertificateReturnRequest:recipient_address	23981.31,19895.85 22871.75,19059.35
edge:declared:db.EmailActivityRecipient:email_activity	23685.67,23154.19 23848.97,25638.19
edge:declared:db.EmailActivityRecipientStatusHistory:recipient	24056.68,24590.59 23694.79,23154.19
edge:declared:db.EmailVerification:email	23516.23,4779 23091.35,4553.93
edge:declared:db.Employee:department_code_set	11721.31,14944.87 12493.84,13948.94
edge:declared:db.Employee:group_set	11784.96,14967.48 13749.18,13883.1
edge:declared:db.EmployeeDepartmentCodeRelation:department_code	12299.48,14013.61 12431.68,13948.94
edge:declared:db.EmployeeDepartmentCodeRelation:employee	12202.25,14087.61 11701.91,14944.87
edge:declared:db.EmployeeGroup:company	13900.64,13809.1 16774.62,12549.77
edge:declared:db.EmployeeNumber:company	13894.09,13925.1 16774.62,12556.77
edge:declared:db.EmployeeNumber:employee	13742,13999.1 11784.96,14975.06
edge:declared:db.EmployeeOption:company	13045.53,12790.62 16774.62,12482.22
edge:declared:db.EmployeeOption:grantee	12881.34,12853.87 12158.16,13807.67
edge:declared:db.EmployeeOptionExerciseCandidate:management	13556.52,13140.39 14995.47,13157.62
edge:declared:db.EmployeeOptionExerciseCandidate:option	13343.64,13093.62 12997.95,12853.87
edge:declared:db.EmployeeOptionExerciseCandidate:option_exercise_claim	13556.52,13127.51 14584.09,13050.36
edge:declared:db.EmployeeOptionExerciseCandidateFile:candidate	13395.7,12879.89 13406.29,13093.62
edge:declared:db.EmployeeOptionExerciseClaim:company	14850.09,13006.42 16774.62,12515.02
edge:declared:db.EmployeeOptionExerciseClaimOption:option	13760.37,12783.46 13045.53,12798.3
edge:declared:db.EmployeeOptionExerciseClaimOption:option_exercise_claim	14027.7,12817.28 14590.4,12999.38
edge:declared:db.EmployeeOptionExerciseManagement:company	15254.52,13118.44 16774.62,12538.94
edge:declared:db.EmployeeOptionExerciseManagementEmail:management	15031.45,15179.63 15144.62,13200.44
edge:declared:db.EmployeeOptionVesting:employee_option	12261.69,12994.3 12797.53,12837.22
edge:declared:db.EmployeeOptionVestingItem:option_vesting	12087.72,13212.55 12132.41,13065.89
edge:declared:db.EmployeeOptionVestingTraceable:option	12913.32,13129.51 12920.21,12853.87
edge:declared:db.EmployeeStock:participant	12158.33,15907.99 12125.44,15950.01
edge:declared:db.EmployeeStockGuide:esop	12538.96,16395.59 12370.81,16464.51
edge:declared:db.EmployeeStockGuideAudience:employee_stock_guide	12542.04,15918 12629.89,16313.59
edge:declared:db.EmployeeStockGuideAudience:participant	12410.32,15912.74 12214.21,15963.14
edge:declared:db.EmployeeStockGuideEmail:employee_stock_guide	14020.16,16986.69 12728.58,16395.59
edge:declared:db.EmployeeStockTag:category	12380.33,16042.02 12345.57,16084.04
edge:declared:db.EmployeeStockTag:employee_stock_set	12342.7,15960.02 12251.88,15907.99
edge:declared:db.EmployeeStockTag:esop	12512.31,16042.02 12282.42,16460.8
edge:declared:db.EmployeeStockTagCategory:esop	12308.04,16158.04 12251.46,16460.8
edge:declared:db.EmployeeStockWithdrawRequest:account	12981.8,16714.01 13587.88,16864.38
edge:declared:db.EmployeeStockWithdrawRequest:esop	12719.8,16646.35 12370.81,16552.69
edge:declared:db.EmploymentCertificateDocumentRequest:company	14961.48,13568.77 16774.62,12571.06
edge:declared:db.EmploymentCertificateDocumentRequest:history	14816.98,13642.77 12821.55,14598.4
edge:declared:db.EmploymentStatusHistory:connected_hrm_status_event	12608.1,14688.4 9513.9,15853.7
edge:declared:db.EmploymentStatusHistory:employee	12606.32,14688.4 11784.96,14993.18
edge:declared:db.EmploymentStatusHistory:related_events	12806.52,14688.4 16524.37,16807.96
edge:declared:db.Event:company	16679.57,16783.34 16950.29,12683.51
edge:declared:db.EventAttachment:company	17133.67,16867.39 16972.96,12683.51
edge:declared:db.EventAttachment:event	17017.09,16901.32 16820.37,16896.19
edge:declared:db.ExpertClientIncorporationSupport:contact_set	20654.57,14820 20417.91,14693.87
edge:declared:db.ExpertClientIncorporationSupport:expert_client	20777.01,14820 20875.32,14731.45
edge:declared:db.ExpertClientIncorporationSupport:incorporation_request	20745.66,14902 21080,15869.89
edge:declared:db.ExpertClientSignupChannel:expert_client	22648.51,14889.6 21053.71,14697.39
edge:declared:db.ExpertClientTaxServiceSettings:expert_client	20967.76,14960.31 20936.42,14731.45
edge:declared:db.ExpertClientTaxServiceSettings:legal_partner	21114.83,15004.36 21463.74,15021.67
edge:declared:db.ExpressDelivery1:order_status_history	5652.54,9973.42 5789.29,9989.4
edge:declared:db.ExpressDelivery1:seal_card_return_status_history	5523.19,9922.63 5500.96,9850.15
edge:declared:db.ExternalStockInfo:company	22543.19,9488.01 17154.62,12365.07
edge:declared:db.FABContent:thumbnail_image	21129.54,17944.57 20428.87,18371.26
edge:declared:db.FinancialAccount:institution	13713.3,16846.15 13718.69,16660.45
edge:declared:db.FinancialStatementsForNewIssueFromConversionDocument:new_issue	18482.45,23796.73 17135.06,22347.52
edge:declared:db.Fund:fund_partners	30252.95,13767.1 31215.19,13696.37
edge:declared:db.Fund:portfolio_company_set	30004.95,13800.36 27535.26,14281.08
edge:declared:db.Fund:venture_capital	30211.15,13731.22 32357.46,12556.25
edge:declared:db.FundPartner:venture_capital	31379.21,13646.25 32357.46,12644.03
edge:declared:db.FundingNewsDistributionServiceRequest:company	18733.17,15042.5 17113.6,12683.51
edge:declared:db.FundingNewsDistributionServiceRequest:company_question_thread	18782.57,15042.5 19051.55,14388.59
edge:declared:db.FundingNewsDistributionServiceRequest:logo	18783.58,15132.5 20144.73,18269.97
edge:declared:db.HelpTemplate:partners_to_share	11571.26,9154.21 21463.74,14939.25
edge:declared:db.Hrm:company	5517.4,16065.54 16774.62,12526.25
edge:declared:db.HrmAlpConfig:hrm	4141.43,15859.59 5197.4,16082.12
edge:declared:db.HrmAlpConfigIndivApprovalTemplateRel:alp_config	4327.95,15618.32 4075.5,15797.72
edge:declared:db.HrmAlpExcludedEmp:emp	9547.49,17976.8 9052.82,18071.71
edge:declared:db.HrmAlpLaborReceiptRefusal:emp	9197.19,18834.94 8955.77,18277.71
edge:declared:db.HrmAlpTarget:emp	9214.73,18516.08 9021.24,18277.71
edge:declared:db.HrmAlpUsageDesignation:target	9524.55,18615.32 9372.01,18583.19
edge:declared:db.HrmAlpUsageDesignationDate:leave_usage	10121.44,18447.38 10256.84,18436.76
edge:declared:db.HrmAlpUsageDesignationDate:usage_designation	9923.23,18494.34 9713.76,18603.17
edge:declared:db.HrmAlpUsagePlan:target	9330.43,18406.12 9270.39,18516.08
edge:declared:db.HrmAlpUsagePlanDate:usage_plan	9712.54,18219.06 9453.79,18324.12
edge:declared:db.HrmAnnualLeaveAdjustment:emp	9338.47,18077.26 9052.82,18094.39
edge:declared:db.HrmAnnualLeaveConfigBase:annual_leave	8320.97,22527.42 8333.24,21763.28
edge:declared:db.HrmApproval:approvable	7973.8,18065.33 7656.17,17883.37
edge:declared:db.HrmApproval:requestor	8176.35,18109.49 8708.82,18105.88
edge:declared:db.HrmApprovalLine:actual_approver	8283.17,18215.39 8708.82,18136.56
edge:declared:db.HrmApprovalLine:approval	8124.96,18197.35 8089.9,18155.33
edge:declared:db.HrmApprovalLine:approver	8077.39,18279.35 7666.42,18485.38
edge:declared:db.HrmApprovalReview:approval	7842.84,18271.91 7994,18155.33
edge:declared:db.HrmApprovalReview:approver	7757.11,18345.91 7614.79,18485.38
edge:declared:db.HrmApprovalTemplate:hrm	6608.59,17670.82 5470.85,16256.84
edge:declared:db.HrmApprovalTemplateLine:approver	7437.83,18392.46 7516.07,18485.38
edge:declared:db.HrmApprovalTemplateLine:template	7362.7,18318.46 6690.32,17752.82
edge:declared:db.HrmApprovalTemplateReview:approver	7185.24,18357.51 7450.68,18485.38
edge:declared:db.HrmApprovalTemplateReview:template	7080.05,18283.51 6673.03,17752.82
edge:declared:db.HrmApprover:dept	7436.7,18502.95 5785.78,18031.27
edge:declared:db.HrmApprover:emp	7684.7,18497.65 8708.82,18161.21
edge:declared:db.HrmAttendance:emp	8136.71,17841.74 8708.82,18043.93
edge:declared:db.HrmAttendanceItem:attendance	9242.11,17683.73 8144.69,17788.86
edge:declared:db.HrmAttendanceItem:emp	9320.14,17712.85 9052.82,17951.29
edge:declared:db.HrmAttendanceLocation:attendance_item	9470.63,17293.38 9377.43,17630.85
edge:declared:db.HrmAttendanceLocation:ongoing_attendance	9608.16,17276.14 9895.91,17349.84
edge:declared:db.HrmAttendanceLocation:personal_location	9536.01,17195.38 9889.35,16861.49
edge:declared:db.HrmAttendanceLocation:work_location	9451.08,17195.38 8180.16,15313.08
edge:declared:db.HrmCertificateConfig:hrm	4947.95,16165.95 5197.4,16135.42
edge:declared:db.HrmCertificateConfigIndividualApprovalTemplateRelation:certificate_config	4345.48,16614.59 4788.67,16217.39
edge:declared:db.HrmCertificateIssue:connected_status_event	9708.26,16251.63 9437.94,15953.4
edge:declared:db.HrmCertificateIssue:emp	9725.86,16333.63 8963.36,17931.71
edge:declared:db.HrmCommonLocation:work_location_config	9269.15,15599.4 9775.99,15579.71
edge:declared:db.HrmConciergeRequest:company	22871.61,9488.01 17154.62,12370.71
edge:declared:db.HrmDailyLeaveUsageItem:usage	9410.35,20641.31 10361.71,18483.57
edge:declared:db.HrmDept:hrm	5646.09,17933.13 5379.8,16256.84
edge:declared:db.HrmDeptName:dept	4721.63,19529.86 5618.67,18055.13
edge:declared:db.HrmDeptName:event	4688.95,19603.86 4567.63,20045.4
edge:declared:db.HrmDeptParent:dept	5320.75,19521.19 5642.4,18055.13
edge:declared:db.HrmDeptParent:event	5325.37,19603.19 5446.23,19966.9
edge:declared:db.HrmDeptReorg:hrm	4893.33,15381.55 5268.29,15974.84
edge:declared:db.HrmDeptStatus:dept	5741.31,19746.4 5658.76,18055.13
edge:declared:db.HrmDeptStatus:event	5739.37,19820.4 5586.78,21326.54
edge:declared:db.HrmDocument:emp	6197.46,16731.6 8708.82,18016.7
edge:declared:db.HrmDocument:form	6091,16633.6 5629.66,14521.66
edge:declared:db.HrmDocument:hrm	6037.35,16633.6 5517.4,16237.67
edge:declared:db.HrmDocumentDraft:emp	6152.02,13678.42 8774.17,17931.71
edge:declared:db.HrmDocumentDraft:form	6101.81,13678.42 5648.75,14423.66
edge:declared:db.HrmDocumentDraftFieldAttachment:field_value	6064.52,11388.31 5315.04,12889.69
edge:declared:db.HrmDocumentDraftFieldMultiSelectValue:field_value	5153.01,13277.11 5274.24,12979.69
edge:declared:db.HrmDocumentDraftFieldMultiSelectValue:selected_option	5094.41,13351.11 4965.75,13460.49
edge:declared:db.HrmDocumentDraftFieldValue:draft	5346,12979.69 6078.07,13596.42
edge:declared:db.HrmDocumentDraftFieldValue:field_definition	5235.51,12979.69 4020.74,13937.59
edge:declared:db.HrmDocumentFieldAttachment:field_value	5335.23,14225.99 5455.32,14199.2
edge:declared:db.HrmDocumentFieldMultiSelectValue:field_value	5446.26,13872.64 5559.29,14126.53
edge:declared:db.HrmDocumentFieldMultiSelectValue:selected_option	5373.07,13798.64 4980.38,13542.49
edge:declared:db.HrmDocumentFieldValue:document	5588.68,14216.53 6091.51,16633.6
edge:declared:db.HrmDocumentFieldValue:field_definition	5455.32,14157.03 4111.67,13999.9
edge:declared:db.HrmDocumentForm:hrm	5611.16,14521.66 5379.84,15974.84
edge:declared:db.HrmDocumentFormFieldDefinition:form	4111.67,14026.41 5494.96,14435.95
edge:declared:db.HrmDocumentFormFieldSelectOption:field_definition	4836.23,13542.49 4052.89,13937.59
edge:declared:db.HrmDocumentFormIndividualApprovalTemplateRelation:document_form	5125.43,14672.91 5498.2,14521.66
edge:declared:db.HrmEmp:connected_employee	9037.04,17931.71 11551.76,15146.87
edge:declared:db.HrmEmp:hrm	8708.82,18007.62 5517.4,16206.16
edge:declared:db.HrmEmpAffiliation:emp	7386.04,17782.19 8708.82,18067.6
edge:declared:db.HrmEmpAffiliation:event	7296.62,17714.43 7896.05,17003.78
edge:declared:db.HrmEmpAffiliationDept:affiliation	6925.74,17486.99 7210.68,17714.43
edge:declared:db.HrmEmpAffiliationDept:dept	6796.19,17486.99 5785.78,17936.32
edge:declared:db.HrmEmpContract:emp	8796.23,32075.24 8879.77,18277.71
edge:declared:db.HrmEmpContract:mgmt	8785.64,32075.24 6579.75,23324.26
edge:declared:db.HrmEmpContractCommonVar:hrm	5187.03,15381.55 5324.69,15974.84
edge:declared:db.HrmEmpContractMgmt:hrm	6562.48,23242.26 5381.24,16256.84
edge:declared:db.HrmEmpContractMgmt:template_revision	6501.43,23242.26 5058.61,22372
edge:declared:db.HrmEmpContractModusignDocument:hrm_emp_contract	25732.9,37860 8916.88,32157.24
edge:declared:db.HrmEmpContractTemplate:hrm	4209.21,19737.27 5312.7,16256.84
edge:declared:db.HrmEmpContractTemplateRevision:template	4977.91,22290 4208.96,19811.27
edge:declared:db.HrmEmpContractTemplateRevisionSigner:revision	4399.75,22823.82 4941.47,22372
edge:declared:db.HrmEmpEmploymentType:emp	8199.57,17461.05 8708.82,17942.2
edge:declared:db.HrmEmpEmploymentType:event	8225.57,17387.05 8337.9,17323.26
edge:declared:db.HrmEmpJob:emp	7442.3,16767.37 8708.82,17944.81
edge:declared:db.HrmEmpJob:event	7509.29,16683.74 7964.14,16571.36
edge:declared:db.HrmEmpJob:level	7261.29,16674.93 6768.62,16518.21
edge:declared:db.HrmEmpJob:position	7285.05,16661.37 7014.28,16518.21
edge:declared:db.HrmEmpJob:role	7261.29,16694.55 6770.3,16616.07
edge:declared:db.HrmEmpJob:title	7261.29,16681.43 7062.3,16628.56
edge:declared:db.HrmEmpJobLevel:hrm	6534.3,16447.92 5517.4,16160.99
edge:declared:db.HrmEmpJobPosition:hrm	6826.3,16454.04 5517.4,16152.68
edge:declared:db.HrmEmpJobRole:hrm	6552.77,16560.21 5517.4,16175.32
edge:declared:db.HrmEmpJobTitle:hrm	6826.3,16561.42 5517.4,16164.37
edge:declared:db.HrmEmpMov:hrm	4897.47,15497.55 5252.51,15974.84
edge:declared:db.HrmEmpReturnToWorkEvent:absence_event	9160.1,15720 9087.1,15720
edge:declared:db.HrmEmpSalaryAccount:emp	13031.28,16185.19 9052.82,18025.16
edge:declared:db.HrmEmpSalaryAccount:institution	13159.48,16185.19 13661.37,16570.45
edge:declared:db.HrmEmpStatus:emp	9726.51,16449.63 8969.22,17931.71
edge:declared:db.HrmEmpStatus:event	9719.74,16375.63 9426.69,15953.4
edge:declared:db.HrmEmpUserInvitation:emp	7328.33,17901.35 8708.82,18082.18
edge:declared:db.HrmEmpUserInvitation:hrm	7161.53,17844.11 5504.59,16256.84
edge:declared:db.HrmEmpUserInvitationInvitee:invitation	7410.51,18161.48 7234.92,17926.11
edge:declared:db.HrmEmpWorkAssignment:emp	7977.84,18818.64 8708.82,18240.7
edge:declared:db.HrmEmpWorkAssignment:work	7813.04,18866.9 7017.88,18942.78
edge:declared:db.HrmEmpWorkLocationAssignment:work_location	8492.59,16143.72 8166.33,15313.08
edge:declared:db.HrmEmpWorkLocationAssignment:work_location_config	8502.92,16217.72 8456.46,16627.44
edge:declared:db.HrmEmpWorkLocationConfig:emp	8464.06,16709.44 8829.15,17931.71
edge:declared:db.HrmEmpWorkLocationConfig:work_location_set	8442.91,16627.44 8157.71,15313.08
edge:declared:db.HrmFixedWorkSchedule:fixed_work	6992.19,18678.19 6963.99,18720.21
edge:declared:db.HrmGoogleCalendarIntegration:hrm	5188.55,15497.55 5318.89,15974.84
edge:declared:db.HrmLeaveBase:hrm	7852.7,20891.87 5431.07,16256.84
edge:declared:db.HrmLeaveCommonConfig:leave	7047.41,20948.43 7754.84,20962.22
edge:declared:db.HrmLeaveGrant:emp	8396.18,19187.45 8803.38,18277.71
edge:declared:db.HrmLeaveGrant:grantable_leave	8369.44,19261.45 8119.79,20169.05
edge:declared:db.HrmLeaveIndividualApprovalTemplateRelation:leave	7483.41,20952.09 7754.84,20960.6
edge:declared:db.HrmLeaveUsage:emp	10256.84,18398.79 9052.82,18141.47
edge:declared:db.HrmLeaveUsage:leave	10330.79,18483.57 7962.62,20891.87
edge:declared:db.HrmLeaveUsageAttachment:usage	10614.44,19332.28 10401.16,18483.57
edge:declared:db.HrmLeaveUsageItem:emp	9006.39,19058.94 8903.59,18277.71
edge:declared:db.HrmLeaveUsageItem:leave	8987.15,19140.94 7934.72,20891.87
edge:declared:db.HrmLeaveUsageItem:usage	9095.51,19058.94 10270.44,18483.57
edge:declared:db.HrmOngoingAttendance:emp	9955.32,17422.6 9052.82,17995.52
edge:declared:db.HrmOngoingAttendanceClockedSchedule:ongoing_attendance	10427.31,17144.97 10090.5,17340.6
edge:declared:db.HrmPersonalLocation:hrm_emp	9900.08,16861.49 9022.65,17931.71
edge:declared:db.HrmPersonalLocation:work_location_config	9935.7,16771.49 9903.15,15615.82
edge:declared:db.HrmRequestor:dept	6342.35,19145.04 5692.17,18055.13
edge:declared:db.HrmRequestor:emp	6450.84,19145.04 8708.82,18178.35
edge:declared:db.HrmSelectiveWorkPlan:emp	7747.72,17637.83 8708.82,18033.84
edge:declared:db.HrmSelectiveWorkPlanConfig:selective_work	6894.39,19518.18 6943.97,19236.18
edge:declared:db.HrmSelectiveWorkPlanItem:emp	7783.76,17512.96 8708.82,18011.93
edge:declared:db.HrmSelectiveWorkPlanItem:plan	7694.67,17512.96 7670.92,17555.83
edge:declared:db.HrmSelectiveWorkSchedule:selective_work	7099.41,19334.05 6998.35,19236.18
edge:declared:db.HrmSelectiveWorkSettlementConfig:selective_work	6499.11,19518.18 6889.57,19236.18
edge:declared:db.HrmSigner:hrm	4903.39,15613.55 5229.95,15974.84
edge:declared:db.HrmSlackChannelConfig:integration	4986.69,16450.02 4983.08,16648.71
edge:declared:db.HrmSlackIntegration:hrm	5006.76,16648.71 5264.62,16256.84
edge:declared:db.HrmStaffNote:hrm	5190.73,15613.55 5310.61,15974.84
edge:declared:db.HrmStaggeredWorkSchedule:staggered_work	6585.24,20425.06 6128.29,19581.01
edge:declared:db.HrmStandardWork:hrm	4906.72,16885.18 5274.8,16256.84
edge:declared:db.HrmStandardWorkSchedule:standard_work	4544.5,17649.62 4867.73,16959.18
edge:declared:db.HrmTag:hrm_set	4912.56,15729.55 5197.4,15976.9
edge:declared:db.HrmWorkAutoClockOutConfig:work	6516.95,18946.6 6757.88,18952.17
edge:declared:db.HrmWorkBase:emp_set	7017.88,18899.7 8708.82,18178.11
edge:declared:db.HrmWorkBase:hrm	6855,18894.18 5433.4,16256.84
edge:declared:db.HrmWorkIndividualApprovalTemplateRelation:work	7640.94,19481.45 6975.17,19016.18
edge:declared:db.HrmWorkLocation:hrm	8023.08,15301.94 5517.4,16066.99
edge:declared:db.HrmWorkLocationGpsConfig:work_location	9775.99,15552.51 8271.08,15286.04
edge:declared:db.HrmWorkOvertime:work	6575.42,18862.6 6757.88,18916.66
edge:declared:db.IBKSignupChannel:ibk_user_login_token	24052.24,14567.08 24030.86,14517.72
edge:declared:db.IBKUserLoginToken:ibk_user	24032.88,14443.72 24053.39,14401.7
edge:declared:db.IaAccountInfo:investment_association	29931.92,18190.68 27521.38,16730.73
edge:declared:db.IaCertificateOfInvestmentDocument:partner	31933.75,18532.17 33524.98,18290.3
edge:declared:db.IaCertificateOfInvestmentDocumentRecipient:certificate_of_investment_document_email	3845.59,20069.67 3826.2,20147.16
edge:declared:db.IaConfirmationRequest:investment_association	22209.51,18394.97 27213.38,16689.94
edge:declared:db.IaConfirmationRequest:partner_list_file	21895.95,18444.61 20428.87,18482.11
edge:declared:db.IaConsentForm:consent_form_or_meeting	31200.49,18625.48 29386.38,19225.35
edge:declared:db.IaConsentFormDocument:consent_form	32047.75,18562.07 31457.88,18583.26
edge:declared:db.IaConsentFormDocument:partner	32417.75,18518.54 33524.98,18297.75
edge:declared:db.IaConsentFormOrMeeting:investment_association	29188.8,19225.35 27460.99,16770.46
edge:declared:db.IaConsentFormOrMeetingDocumentGeneration:consent_form_or_meeting	29658.24,19221.63 29418.6,19253.08
edge:declared:db.IaConsentFormOrMeetingDocumentGenerationItem:document	30627.6,19194.59 30904.68,19293.55
edge:declared:db.IaConsentFormOrMeetingDocumentGenerationItem:generation	30334,19168.96 30001.24,19188.86
edge:declared:db.IaConsentFormOrMeetingElectronicSignatureRequest:document	29047.45,21068.92 29508.08,19995.96
edge:declared:db.IaConsentFormOrMeetingElectronicSignatureRequestModusignDocument:electronic_signature_request	25915.93,21111.87 28826.7,21121.28
edge:declared:db.IaConsentFormOrMeetingElectronicSignatureRequestModusignEmbeddedDraft:electronic_signature_request	26704.91,21384.33 28826.7,21144.32
edge:declared:db.IaConsentFormOrMeetingElectronicSignatureRequestStatusHistory:electronic_signature_request	28880.12,21472.29 29002.83,21174.92
edge:declared:db.IaConsentFormOrMeetingElectronicSignatureRequestUploadedModusignDocument:electronic_signature_request	26479.34,21172.51 28826.7,21125.86
edge:declared:db.IaConsentFormOrMeetingElectronicSignatureRequiredDocument:consent_form_or_meeting	29506.53,19889.96 29250.4,19331.35
edge:declared:db.IaConsentFormOrMeetingElectronicSignatureRequiredDocument:edited_file	29332.83,19911.93 20428.87,18516.74
edge:declared:db.IaConsentFormOrMeetingElectronicSignatureRequiredDocument:partner	29662.06,19889.96 33524.98,18329.85
edge:declared:db.IaConsentFormOrMeetingEsigRequiredDocumentPageRange:esig_required_document	30283.13,19427.67 29608.21,19889.96
edge:declared:db.IaConsentFormOrMeetingEsigRequiredDocumentPageRange:page_range_document	30535.15,19377.84 30904.68,19353.89
edge:declared:db.IaConsentFormOrMeetingGuideEmail:consent_form_or_meeting	29648.61,18923.28 29289.17,19225.35
edge:declared:db.IaConsentFormOrMeetingGuideEmailRecipient:consent_form_or_meeting_guide_email	29663.61,18710.1 29686.54,18849.28
edge:declared:db.IaDocumentArchive:investment_association	28742.79,15038.08 27481.76,16504.46
edge:declared:db.IaDocumentArchiveAttachment:ia_document_archive	28521.96,15099 28679.15,15038.08
edge:declared:db.IaExpertPartnerBulkEmailTemplate:legal_partner	20747.98,15337.1 21463.74,15083.81
edge:declared:db.IaFoundingProgressStatus:investment_association	28390.67,17589.15 27510.39,16770.46
edge:declared:db.IaGpAppointmentEvent:partner	31033.61,17906.42 33524.98,18245.1
edge:declared:db.IaGpTerminationEvent:appointment_event	31114.98,18154.32 30941.41,17930.56
edge:declared:db.IaGpTerminationEvent:partner	31270.78,18198.8 33524.98,18262.04
edge:declared:db.IaInvestmentCertificateRegistrationRequest:partner	33727.96,19785 33685.28,18375.44
edge:declared:db.IaLegalPartnerRelation:investment_association	24799.55,15465.57 27213.38,16567.18
edge:declared:db.IaLegalPartnerRelation:legal_partner	24600.48,15413.38 21771.74,15049.14
edge:declared:db.IaMeeting:consent_form_or_meeting	29941.57,20960.99 29248.64,19331.35
edge:declared:db.IaMeetingAgenda:meeting	30808.26,20566.87 30080.2,20960.99
edge:declared:db.IaMeetingAgendaVote:agenda	30680.88,22522.07 30879.83,20566.87
edge:declared:db.IaMeetingAgendaVote:electronic_signature	30629.71,22522.07 29085.45,21174.92
edge:declared:db.IaMeetingAgendaVote:partner	30705.39,22522.07 33605.74,18375.44
edge:declared:db.IaMeetingConvocationNoticeEmail:ia_meeting	30524.78,22071.38 29999.9,21082.99
edge:declared:db.IaMeetingConvocationNoticeRecipient:convocation_notice_email	30415.15,21282.65 30538.64,22071.38
edge:declared:db.IaMeetingMinutesDocument:meeting	30558.61,20062.33 30005.08,20960.99
edge:declared:db.IaMeetingNoticeDocument:meeting	30349.33,19946.31 29989.16,20960.99
edge:declared:db.IaMeetingSealedNoticeDocumentFile:ia_meeting	28366.7,19773.35 29889.31,20960.99
edge:declared:db.IaMeetingShortenPeriodDocument:meeting	31749.01,18720.43 30014.73,20960.99
edge:declared:db.IaMeetingShortenPeriodDocument:partner	31969.5,18638.43 33524.98,18300.54
edge:declared:db.IaModusignDocumentUsageHistory:investment_association	24698.86,14424.94 27213.38,16509.78
edge:declared:db.IaOperation:_deprecated_investment_association	30229.7,16426.81 27521.38,16626.13
edge:declared:db.IaOperation:ia_operation_management	30319.54,16455.13 30209.97,16599.06
edge:declared:db.IaOperationManagement:investment_association	30063.81,16636.12 27521.38,16637.39
edge:declared:db.IaOwner:investment_association	29981.05,17364.13 27521.38,16680.28
edge:declared:db.IaOwner:partner	30233.05,17429.73 33524.98,18228.35
edge:declared:db.IaOwnerAuditLog:investment_association	23051.29,4905.57 27318.45,16504.46
edge:declared:db.IaPartnerDataCollection:investment_association	24845.61,17696.28 27213.38,16702.12
edge:declared:db.IaPartnerDataCollectionItem:address	23611.63,17949.09 22830.14,18818.25
edge:declared:db.IaPartnerDataCollectionItem:ia_partner_data_collection	23785.49,17886.81 24623.96,17756.54
edge:declared:db.IaPartnerDataCollectionItemReply:address	23606.61,18073.09 22845.44,18818.25
edge:declared:db.IaPartnerDataCollectionItemReply:ia_partner_data_collection	23801.4,17991.09 24623.96,17770.53
edge:declared:db.IaPartnerDataCollectionItemReply:ia_partner_data_collection_item	23648.49,17991.09 23648.49,17949.09
edge:declared:db.IaPartnerInvestmentConfirmation:partner	30821.61,17130.86 33524.98,18204.11
edge:declared:db.IaPartnerInvestmentConfirmationEmailRecipient:ia_partner_investment_confirmation_email	14082.71,5684.64 14031.45,5727.04
edge:declared:db.IaPartnerWithdrawalEvent:partner	33681.98,18003.44 33681.98,18157.44
edge:declared:db.IaPaymentLink:investment_association	25331.95,13485.81 27281.48,16504.46
edge:declared:db.IaPfCompany:investment_association	27584.48,17196.17 27419.06,16770.46
edge:declared:db.IaPfCompanyInvestment:ia_pf_company	28328.56,20129.39 27608.18,17270.17
edge:declared:db.IaPfCompanyInvestmentSalesIntent:ia_pf_company_investment	29743.74,22152.75 28367.95,20211.39
edge:declared:db.IaPfCompanyInvestmentStock:ia_pf_company_investment	27939.26,20426.96 28275.03,20211.39
edge:declared:db.IaQuestionThread:investment_association	21517.9,13287.68 27213.38,16549.27
edge:declared:db.IaRule:address	24916.92,19228.18 22871.75,18963.2
edge:declared:db.IaRule:file	24916.92,19224.52 20428.87,18516.93
edge:declared:db.IaRule:investment_association	25101.2,19184.02 27249.02,16770.46
edge:declared:db.IaRuleCompensation:rule	25569.8,19421.71 25176.92,19288.95
edge:declared:db.IaRuleDocument:rule	28348.28,19319.55 25176.92,19247.95
edge:declared:db.IaRuleInvestment:rule	25763.93,18857.87 25159.89,19184.02
edge:declared:db.IaRuleMeeting:rule	24651.49,19576.9 24974.24,19306.02
edge:declared:db.IaRulePartner:rule	25214.85,19448.06 25097.37,19306.02
edge:declared:db.IaSealStamp:image_file	21953.45,18562.51 20428.87,18495.34
edge:declared:db.IaSealStamp:investment_association	22189.8,18526.97 27213.38,16693.67
edge:declared:db.IaSealStampImage:seal_stamp	21351.88,18551.69 21953.45,18565.19
edge:declared:db.IaUserInvitation:ia_owner	29821.8,16857.58 30085.45,17358.16
edge:declared:db.IaUserInvitation:investment_association	29676.2,16807.45 27521.38,16648.8
edge:declared:db.IaUserInvitationInvitee:_deprecated_individual_partner	31996.71,16682.8 31601.55,17050.57
edge:declared:db.IaUserInvitationInvitee:invitation	31925.36,16643.88 29924.2,16806.5
edge:declared:db.IaUserInvitationInvitee:legal_representative	32049.99,16682.8 32054.04,16996.6
edge:declared:db.IaUserInvitationInvitee:manager	32007.65,16682.8 31589,17174.57
edge:declared:db.IaUserInvitationInvitee:partner	32098.36,16682.8 33572.98,18157.44
edge:declared:db.IaWrittenResolutionDocument:meeting	32193.1,18720.43 30026.5,20960.99
edge:declared:db.IaWrittenResolutionDocument:partner	32376.62,18638.43 33524.98,18311.18
edge:declared:db.ImAccessLog:investor_matching	26994.67,11518.89 25881.4,11015.07
edge:declared:db.ImAccessLog:venture_capital	27194.43,11575.31 32357.46,12425.23
edge:declared:db.ImAttachment:investor_matching	29068.29,11505.61 25881.4,10974.48
edge:declared:db.ImAttachmentDownloadLog:attachment	30750.93,12112.07 29301.38,11567.28
edge:declared:db.ImAttachmentDownloadLog:venture_capital	30967.38,12170.44 32357.46,12422.2
edge:declared:db.ImAttachmentPdfEvent:attachment	30302.79,11683.48 29316.29,11543.83
edge:declared:db.ImAttachmentPdfEvent:pdf_event	30337.04,11660.03 29956.43,11486.17
edge:declared:db.ImAttachmentPdfEvent:venture_capital	30541.7,11742.03 32357.46,12389.87
edge:declared:db.ImBrokerAssignment:_deprecated_assigned_companies	26364,11703.07 17154.62,12451.08
edge:declared:db.ImBrokerAssignment:assigned_investors	26612,11708.62 32357.46,12432.34
edge:declared:db.ImBrokerAssignment:im_broker	26612,11719.86 28706.52,12173.5
edge:declared:db.ImBrokerAssignment:investor_matching	26438.58,11644 25833.2,11043.81
edge:declared:db.ImBrokerAssignmentInvitedUser:broker_assignment	28178.25,11845.1 26612,11704.16
edge:declared:db.ImBrokerAssignmentInvitedUser:venture_capital	28455.25,11877.16 32357.46,12429.48
edge:declared:db.ImConsultingRequest:company	24687.73,9357.14 17154.62,12390.02
edge:declared:db.ImConsultingRequest:investor_matching	24813.39,9357.14 25685.36,10857.81
edge:declared:db.ImContactRequest:investor_matching	27263.64,11514.89 25881.4,11003.36
edge:declared:db.ImContactRequest:venture_capital	27498.43,11577.48 32357.46,12423.48
edge:declared:db.ImContactRequestIntention:im_contact_request	27150.33,11377.17 27323.02,11514.89
edge:declared:db.ImDay:recipients	29461.47,10968.06 29324.67,10572.06
edge:declared:db.ImDay:venture_capitals	29582.74,11066.06 32357.46,12369.11
edge:declared:db.ImDayParticipation:im_day	29278.79,10811.86 29430.74,10968.06
edge:declared:db.ImDayParticipation:investor_matching	29107.13,10769.53 25881.4,10943.17
edge:declared:db.ImDayParticipation:venture_capital	29326.96,10811.86 32357.46,12361.44
edge:declared:db.ImDayParticipationAttachment:participation	28819.87,10282.21 29189.2,10713.86
edge:declared:db.ImDaySurvey:im_day	27708.84,10913.09 29354.4,11009.77
edge:declared:db.ImDaySurvey:investor_matching	27472.84,10909.01 25881.4,10947.39
edge:declared:db.ImDisclosing:investor_matching	26441.88,9787.51 25795.56,10857.81
edge:declared:db.ImInvestorBroker:venture_capital	30731.1,12332.47 32357.46,12443.01
edge:declared:db.ImInvestorMemo:investor_matching	27008.2,11638.89 25881.4,11027.82
edge:declared:db.ImInvestorMemo:venture_capital	27194.43,11692.72 32357.46,12429.27
edge:declared:db.ImIrPartnerBrokerOwnerRelation:im_ir_partner_broker	27485.43,12162.88 27631.2,12117.18
edge:declared:db.ImNote:investor_matching	26211.92,10418.95 25822.02,10857.81
edge:declared:db.ImTag:investor_matching_set	27294.44,10446.09 25881.4,10904.72
edge:declared:db.ImWatching:_deprecated_investor_matching	26452.89,11784 25819.04,11043.81
edge:declared:db.ImWatching:company	26364,11833.35 17154.62,12453.71
edge:declared:db.ImWatching:venture_capital	26612,11837.92 32357.46,12436.35
edge:declared:db.InauguralConsentDocument:director_change_agenda	13977.62,22441.75 15004.62,22114.13
edge:declared:db.IncorporationBenefitRequest:incorporation_request	21394.64,15935.32 21264.27,15953.85
edge:declared:db.IncorporationBenefitRequest:tax_partner	21522.29,15880.76 21603.73,15154.31
edge:declared:db.IncorporationRequest:address	21172.92,16079.89 22650.31,18818.25
edge:declared:db.IncorporationRequest:balance_certificate_account_file	21079.6,16079.89 20314.67,18269.97
edge:declared:db.IncorporationRequest:balance_certificate_account_holder	21127.32,16079.89 21270.09,17436.96
edge:declared:db.IncorporationRequest:company	20992.02,15869.89 17154.62,12627.07
edge:declared:db.IncorporationRequest:company_question_thread	20989.16,15869.89 19195.9,14388.59
edge:declared:db.IncorporationRequestAoiFile:incorporation_request	21333.11,15809.19 21253.68,15869.89
edge:declared:db.IncorporationRequestAssistance:incorporation_request	21377.64,16015.78 21264.27,15998.04
edge:declared:db.IncorporationRequestAssistance:legal_partner	21522.19,15996.76 21605.39,15154.31
edge:declared:db.IncorporationRequestAssistanceReceipt:incorporation_request_assistance	21206.11,17047.6 21505.47,16078.76
edge:declared:db.IncorporationRequestDirector:address	21308.91,17394.96 22604.01,18818.25
edge:declared:db.IncorporationRequestDirector:incorporation_request	21270.99,17320.96 21128.34,16079.89
edge:declared:db.IncorporationRequestPromoter:address	21323.75,17534.96 22594.02,18818.25
edge:declared:db.IncorporationRequestPromoterCustodian:address	21738.38,17513.95 22632.1,18818.25
edge:declared:db.IncorporationRequestPromoterCustodian:promoter	21549.03,17480.33 21408.24,17483.22
edge:declared:db.IncorporationRequestPromoterInstitutionCeo:promoter	22059.54,16545.31 21316.1,17436.96
edge:declared:db.IncorporationRequestPurpose:incorporation_request	20793.13,16053.58 20968.27,16010.93
edge:declared:db.IndividualInvestorCompanyCeo:company_info	25109.08,22006.65 24965.96,22176.54
edge:declared:db.IndividualInvestorCompanyInfo:address	24903.7,22176.54 22802.26,19068.25
edge:declared:db.IndividualInvestorCompanyInfo:company	24981.84,22258.54 28422.2,25055.96
edge:declared:db.IndividualInvestorCompanyName:non_unified_share_company	30256.29,25144.33 28632.14,25122.69
edge:declared:db.IndividualInvestorCompanyParValue:non_unified_share_company	27921.85,25155.25 28372.14,25128.64
edge:declared:db.IndividualInvestorCompanyShareClass:non_unified_share_company	28392.73,27213.61 28498.74,25185.96
edge:declared:db.IndividualInvestorCompanyShareStock:_deprecated_non_unified_stock_create_request	27987.29,25483.04 27807.08,28036.38
edge:declared:db.IndividualInvestorCompanyShareStock:_deprecated_stock_unissued_confirmation_file	27990.58,25483.04 27978.01,29156.25
edge:declared:db.IndividualInvestorCompanyShareStock:management_history	27959.58,25483.04 27174.01,26717.87
edge:declared:db.IndividualInvestorCompanyShareStock:non_unified_share_company	28070.79,25385.04 28395.97,25185.96
edge:declared:db.IndividualInvestorCompanyShareStock:share_class	28001.54,25483.04 28382.65,27213.61
edge:declared:db.IndividualInvestorEvent:company	31870.12,27948.39 28579.57,25185.96
edge:declared:db.IndividualInvestorStakeholder:address	24904.71,22300.54 22799.18,19068.25
edge:declared:db.IndividualInvestorStakeholder:company	24984.09,22382.54 28418.63,25055.96
edge:declared:db.IndividualInvestorUser:address	23828.32,20218.26 22826.63,19068.25
edge:declared:db.IndividualStockOption:company	27167.77,23233.43 28456.19,25055.96
edge:declared:db.IndividualStockOption:create_request	27257.47,23149.46 27819.5,23032.84
edge:declared:db.IndividualStockOption:grantee	27111.86,23119.43 26842.91,22137.34
edge:declared:db.IndividualStockOptionCreateRequestEtcFile:create_request	28663.78,22974.77 28133.5,22994.44
edge:declared:db.IndividualStockOptionGrantContract:individual_stock_option	26858.6,22886.43 27074.62,23119.43
edge:declared:db.IndividualStockOptionGrantee:stakeholder	26701.78,22116.96 25068.41,22324.16
edge:declared:db.IndividualStockOptionResumeEvent:pause_event	29336.19,29352.56 28775.31,27312.26
edge:declared:db.IndividualStockOptionSalesIntent:individual_stock_option	29511.75,23102.1 27257.47,23172.38
edge:declared:db.IndividualStockOptionVesting:individual_stock_option	27651.64,23542.36 27209.12,23233.43
edge:declared:db.IndividualStockOptionVestingItem:individual_stock_option_vesting	27781.35,23405.21 27720.94,23542.36
edge:declared:db.IndividualStockOptionVestingTraceable:individual_stock_option	27420.31,22840.59 27177.17,23119.43
edge:declared:db.InputSignupChannel:input_channel	24175.34,15114.74 24477.64,15270.73
edge:declared:db.InstitutionStakeholderManager:institution_stakeholder	12735.23,21567.98 12752.04,21198.17
edge:declared:db.InternetRegistryOfficeOtp:company	17649.4,16137.92 17005.1,12683.51
edge:declared:db.InternetRegistryOfficeOtp:director	17621.04,16219.92 17471.7,16389.95
edge:declared:db.InternetRegistryOfficeOtpReturnRequest:internet_registry_office_otp	22019.47,19962.24 17704.33,16219.92
edge:declared:db.InternetRegistryOfficeOtpReturnRequest:recipient_address	22085.1,19962.24 22640.14,19068.25
edge:declared:db.InvestmentAgreement:document	17001.47,17534.41 18583.94,15415.32
edge:declared:db.InvestmentAgreement:stakeholder	16883.36,17608.41 12852.68,19256.66
edge:declared:db.InvestmentAgreementDocument:company	18592.55,15317.32 17088.54,12683.51
edge:declared:db.InvestmentAgreementDocument:pdf_file	18645.94,15415.32 20126.34,18269.97
edge:declared:db.InvestmentAssociation:venture_capital	27521.38,16512.99 32357.46,12604.24
edge:declared:db.InvestmentAssociationDocument:investment_association	30964.75,19283.62 27521.38,16750.74
edge:declared:db.InvestmentAssociationEvent:investment_association	29237.77,17616.12 27521.38,16718.04
edge:declared:db.InvestmentAssociationIndividualPartnerLegalRepresentative:ward	31856.52,17056.69 31731.5,17071.28
edge:declared:db.InvestmentAssociationOrganizationPartnerCeo:organization_partner	33190.49,16815.85 32822.81,16829.05
edge:declared:db.InvestmentAssociationOrganizationPartnerCorporationSignerCeo:corporation	33187.27,14974.87 33120.14,14920.73
edge:declared:db.InvestmentAssociationOrganizationPartnerManager:organization_partner	30530.95,15493.46 32564.26,16786.57
edge:declared:db.InvestmentAssociationOrganizationPartnerSigner:_deprecated_manager	32381.09,15142.34 30670.77,15423.87
edge:declared:db.InvestmentAssociationOrganizationPartnerSigner:organization_partner	32580.71,15154.75 32639.54,16786.57
edge:declared:db.InvestmentAssociationPartner:address	33524.98,18276.13 22871.75,18933.74
edge:declared:db.InvestmentAssociationPartner:investment_association	33524.98,18225.94 27521.38,16677.19
edge:declared:db.InvestmentAssociationPartnerManager:partner	31632.02,17248.57 33524.98,18188.48
edge:declared:db.InvestmentAssociationPartnerResume:partner	34756.05,16751.8 33759.27,18157.44
edge:declared:db.InvestmentAssociationPartnerResume:signer	34728.63,16669.8 32641.09,15154.75
edge:declared:db.InvestmentAssociationPartnerResumeItem:resume	34894.65,16384.37 34798.88,16669.8
edge:declared:db.InvestmentAssociationPartnerSalesIntent:partner	31946.11,21784.4 33628.2,18375.44
edge:declared:db.InvestmentAssociationShare:investment_association	29992.08,17482.16 27521.38,16687.03
edge:declared:db.InvestmentAssociationShare:partner	30227.05,17544.24 33524.98,18233.62
edge:declared:db.InvestmentRound:company	16951.11,10362.09 16963.23,12249.51
edge:declared:db.InvestmentRoundNewIssueEvent:investment_round	17125.52,10008.45 16973.76,10280.09
edge:declared:db.InvestmentRoundNewIssueEvent:new_issue_event	17159,9934.45 17178.95,9876.83
edge:declared:db.InvestmentSimulation:company	16717.26,6911.93 16954.96,12249.51
edge:declared:db.InvestmentSimulationInitialOption:option_grantee	13678.32,6684.49 13998.29,6777.98
edge:declared:db.InvestmentSimulationInitialOptionGrantee:simulation	14303.92,6818.57 16591.26,6864.44
edge:declared:db.InvestmentSimulationInitialShareholder:simulation	12759.37,6016.47 16591.26,6840.27
edge:declared:db.InvestmentSimulationInitialStock:shareholder	11230.56,4013.06 12565.78,5943.35
edge:declared:db.InvestmentSimulationInvestor:simulation_round	18462.65,3990.83 15719.43,6339.4
edge:declared:db.InvestmentSimulationNewIssueInvestment:investor	18148.56,5392.95 18500.26,3990.83
edge:declared:db.InvestmentSimulationPurchaseInvestment:investor	20670.15,5638.31 18562.98,3990.83
edge:declared:db.InvestmentSimulationPurchaseSellStock:seller	20970.64,5233.09 20738.65,5638.31
edge:declared:db.InvestmentSimulationRound:simulation	15754.58,6413.4 16619.94,6821.93
edge:declared:db.InvestorInterest:venture_capital	33641.24,13520.21 32725.46,12633.65
edge:declared:db.InvestorMatching:_deprecated_excluded_companies	25597.4,10975.34 17154.62,12433.69
edge:declared:db.InvestorMatching:excluded_investors	25881.4,10982.22 32357.46,12414.82
edge:declared:db.InvestorRelations:previous_investors	27457.25,7713.18 32357.46,12283.89
edge:declared:db.InvestorRelationsSurvey:_deprecated_preferred_investors	30277.7,10007.18 32357.46,12256.52
edge:declared:db.InvestorRelationsSurvey:investor_relations	30198.14,9933.18 27472.95,7709.82
edge:declared:db.InvitationSeat:allocated_seat	11633.81,13577.94 11570.07,14694.81
edge:declared:db.InvitationSeat:invitation_seat_request	11652.42,13503.94 12623.71,11325.38
edge:declared:db.InvitationSeatRequest:company	12765.99,11318.29 16774.62,12414.55
edge:declared:db.IrAiAnalysis:investor_relations	27852.61,7156.64 27472.95,7460.8
edge:declared:db.IrAiAnalysisLike:ai_analysis	28242.03,6723.17 27930.82,7082.64
edge:declared:db.IrAiSummary:investor_relations	28425.38,7432.42 27472.95,7563.06
edge:declared:db.IrAlert:ir_set	30494.96,9929.18 27472.95,7697.89
edge:declared:db.IrAlert:venture_capital	30583.34,10011.18 32377.24,12250.52
edge:declared:db.IrAlertInvestorRelations:investor_relations	29734.98,9191.77 27472.95,7686.65
edge:declared:db.IrAlertInvestorRelations:ir_alert	29828.51,9265.77 30508.47,9929.18
edge:declared:db.IrApproval:investor_relations	27395.85,7090.63 27339.05,7455.18
edge:declared:db.IrApprovalNotificationDismiss:ir_approval	27480.29,6753.53 27411.32,7016.63
edge:declared:db.IrBrokerActivity:investor_relations	27702.74,9076.92 27352.12,7713.18
edge:declared:db.IrBrokerActivity:vc_user_relations	27754.06,9150.92 29258.27,10482.06
edge:declared:db.IrClosing:investor_relations	29027.06,6747.18 27472.95,7508.72
edge:declared:db.IrCommittedInvestmentAmount:investor_relations	30200.31,10053.18 27469.49,7713.18
edge:declared:db.IrCommittedInvestmentAmount:venture_capital	30279.44,10127.18 32357.46,12266.13
edge:declared:db.IrCompanyCreate:company	23266.21,9488.01 17154.62,12376.71
edge:declared:db.IrFeed:investor_relations	26769.28,7720.69 27164.95,7622.43
edge:declared:db.IrFeedAccessLog:ir_feeds	26890.64,7846.03 26762.07,7796.49
edge:declared:db.IrFeedAccessLog:venture_capital	27031.61,7920.03 32357.46,12304.06
edge:declared:db.IrFeedRating:ir_feed	26721.51,7588.32 26666.3,7706.49
edge:declared:db.IrFundRaising:investor_relations	31188.37,7580.05 27472.95,7584.02
edge:declared:db.IrFundRaising:venture_capital	31323.71,7624.92 32489.78,12250.52
edge:declared:db.IrFundRaisingMemo:fund_raising	30726.64,7814.21 31199.87,7624.92
edge:declared:db.IrFundRaisingStageLog:fund_raising	30852.05,5291.39 31303.32,7534.92
edge:declared:db.IrInsightClub:pitching_day_hall	31064.5,8810.72 30906.43,8766.08
edge:declared:db.IrInsightClub:venture_capitals	31203.87,8886.73 32464.63,12250.52
edge:declared:db.IrInsightClubParticipation:investor_relations	30477.47,8056.74 27472.95,7607.22
edge:declared:db.IrInsightClubParticipation:ir_insight_club	30640.97,8121.12 31157.52,8804.73
edge:declared:db.IrInsightClubParticipationAttendee:ir_insight_club_participation	30323.72,7756.06 30567.15,8031.12
edge:declared:db.IrInsightClubSurvey:ir_insight_club_participation	30876.12,8129.72 30736.47,8101.91
edge:declared:db.IrInvestorFeedback:venture_capital	32639.52,12737.7 32612.7,12660.52
edge:declared:db.IrNote:investor_relations	28717.38,7429.31 27472.95,7567.12
edge:declared:db.IrSearchMetadata:investor_relations	28425.38,7537.25 27472.95,7577.65
edge:declared:db.IrSubscription:company	15401.95,8002 16888.67,12249.51
edge:declared:db.IrSubscriptionMarketingRequest:ir_subscription	14154.06,8020.33 15271,7970.29
edge:declared:db.IrTeamMember:investor_relations	28717.38,7536.28 27472.95,7578.91
edge:declared:db.IrTranscript:investor_relations	28425.38,7642.07 27472.95,7592.24
edge:declared:db.IrosOtpIssueMeetingDocument:stakeholder	11667.93,22897.64 12641.92,19481.54
edge:declared:db.LawtalkSignup:company	18408.42,14749.57 17101.85,12683.51
edge:declared:db.LawtalkSignupAttachment:lawtalk_signup	18406.6,14928.08 18425.23,14823.57
edge:declared:db.LedgerByCustomerDocument:new_issue	18058.97,23920.73 17107.44,22347.52
edge:declared:db.LegalPartner:address_for_express_delivery	21743.14,14904.31 22342.16,14307.22
edge:declared:db.LegalPartner:logo	21567.89,15154.31 20325.41,18269.97
edge:declared:db.LegalPartnerEmail:legal_partner	21815.56,15350.88 21694.64,15154.31
edge:declared:db.LegalPartnerPaypleSettings:legal_partner	22143.79,15350.88 21771.74,15123.45
edge:declared:db.LegalPartnerRegistrationAssistanceSettings:legal_partner	21821.12,15466.88 21675.84,15154.31
edge:declared:db.LegalPartnerSignupChannel:legal_partner	22551.07,14813.06 21771.74,14993.63
edge:declared:db.LegalPartnerSlackChannels:legal_partner	22158.59,15466.88 21771.74,15153.9
edge:declared:db.LegalPartnerUserRelation:legal_partner	21824.5,15582.88 21664.43,15154.31
edge:declared:db.ManualOptionVestingItem:manual_option_vesting	15798.41,18730.99 15881.85,18627.34
edge:declared:db.Meeting:company	17863.19,17469.51 17003.6,12683.51
edge:declared:db.Meeting:electronic_signature_selected_ceo	17834.57,17469.51 17438.56,16535.95
edge:declared:db.Meeting:employee_attorney	18032.2,17519.63 18210.77,17438.92
edge:declared:db.Meeting:meeting_draft	17861.02,17703.51 17325.63,20405.34
edge:declared:db.Meeting:new_articles_of_incorporation_file	18032.2,17643.11 20048.87,18414.31
edge:declared:db.Meeting:new_corporate_registration	17949.11,17469.51 18952.6,15660.65
edge:declared:db.MeetingAttachment:meeting	18545.21,17669.24 18032.2,17605.04
edge:declared:db.MeetingDirectorContact:meeting	16940.73,17785.04 17736.2,17617.66
edge:declared:db.MeetingDirectorContact:stakeholder	16721.7,17846.87 12852.68,19263.75
edge:declared:db.MeetingDocument:directors_meeting	16499.29,25642.16 16455.32,20399.12
edge:declared:db.MeetingDocument:meeting	16533.96,25642.16 17864.59,17703.51
edge:declared:db.MeetingDocument:shareholders_meeting	16520.24,25642.16 16800.87,22777.48
edge:declared:db.MeetingDocumentCache:meeting_document	19733.14,26913.57 16678.94,25898.33
edge:declared:db.MeetingDocumentGeneration:meeting	20275.17,21087.79 17964.1,17703.51
edge:declared:db.MeetingDocumentGenerationItem:meeting_document	21087,26338.12 16678.94,25858.53
edge:declared:db.MeetingDocumentGenerationItem:meeting_document_generation	21214.98,26315.75 20306.96,21161.79
edge:declared:db.MeetingDocumentManualModification:meeting_document	18428.54,27029.57 16678.94,25949.09
edge:declared:db.MeetingDraft:company	17290.94,20405.34 16973.54,12683.51
edge:declared:db.MeetingDraftAgendaDirectorChange:meeting_draft	16996.98,19714.92 17244.84,20405.34
edge:declared:db.MeetingDraftAgendaDirectorChange:stakeholder	16834.2,19665.63 12852.68,19338.19
edge:declared:db.MeetingDraftAgendaDirectorCompensation:meeting_draft	15156.39,19892.72 17136.9,20501.18
edge:declared:db.MeetingDraftAgendaDirectorCompensationItem:director_compensation	14867.87,20032.57 15000.79,19892.72
edge:declared:db.MeetingDraftAgendaDirectorCompensationItem:stakeholder	14726.12,20032.57 12852.68,19382.17
edge:declared:db.MeetingDraftRegistrationAssistance:meeting_draft	17389.42,21015.5 17325.74,20695.34
edge:declared:db.MeetingDraftSchedule:meeting_draft	16984.52,20378.74 17136.9,20462.45
edge:declared:db.MembershipContentAccessLog:membership_content	4155.29,4545.81 4572.84,5002.71
edge:declared:db.MembershipContentAuthorRelation:author	25366.27,25502.69 25239.58,25321
edge:declared:db.MiraeassetAccount:relation	10626.35,11983.35 10945.07,12352.54
edge:declared:db.MnaBuyer:company	15042.85,8118 16868.72,12249.51
edge:declared:db.MnaBuyerAttachment:mna_buyer	14702.82,9296.65 15016.65,8118
edge:declared:db.ModusignApiLog:modusign_account	21467.12,20066.02 21441.19,20414.37
edge:declared:db.ModusignAuthentication:modusign_account	21305.19,20187.44 21414.04,20414.37
edge:declared:db.ModusignCompanyUserConnection:company	23679.08,9488.01 17154.62,12382.23
edge:declared:db.ModusignDocument:_option_grant_contract	22389.94,20553.46 20477.45,19049.34
edge:declared:db.ModusignDocument:audit_trail_file	22407.91,20553.46 20428.87,18667.99
edge:declared:db.ModusignDocumentActionHistory:modusign_document	22767.67,20536.73 22628.93,20586.08
edge:declared:db.ModusignDocumentActionHistory:modusign_document_participant	22854.17,20462.73 22737.91,20217.13
edge:declared:db.ModusignDocumentModusignAccountRelation:modusign_account	21681.09,20336.33 21531.48,20414.37
edge:declared:db.ModusignDocumentModusignAccountRelation:modusign_document	21833.82,20336.33 22356.93,20572.94
edge:declared:db.ModusignDocumentModusignApiKeyRelation:modusign_api_key	22007.62,20853.06 21883.68,21022.47
edge:declared:db.ModusignDocumentModusignApiKeyRelation:modusign_document	22128.05,20779.06 22356.93,20688.36
edge:declared:db.ModusignDocumentParticipant:modusign_document	22701.88,20217.13 22533.48,20553.46
edge:declared:db.ModusignEmbeddedDraft:modusign_account	21937.15,21859.75 21455.08,20512.37
edge:declared:db.ModusignEmbeddedDraft:modusign_api_key	21949.93,21859.75 21860.92,21096.47
edge:declared:db.ModusignEmbeddedDraft:modusign_document	21978.37,21859.75 22458.91,20715.46
edge:declared:db.ModusignExceededSignings:company	22540.42,9604.01 17154.62,12368.97
edge:declared:db.ModusignIaUserConnection:investment_association	27737.85,15850.23 27429.97,16504.46
edge:declared:db.NaverWorkplaceEmployee:naver_workplace_company	24788.93,14953.88 24902.06,15026.81
edge:declared:db.NcpSignupChannel:naver_workplace_company	24750.85,15044.07 24841.45,15052.64
edge:declared:db.NewIssueNoticeEmail:new_issue	14221.69,22231.66 16920.03,22261.03
edge:declared:db.NewIssueNoticeEmailRecipient:bulk_email_recipient	14597.94,21286.75 19525.61,18852.57
edge:declared:db.NewIssueNoticeEmailRecipient:email	14495.99,21368.75 14116.64,22189.31
edge:declared:db.NewIssueNoticeEmailRecipient:shareholder	14476.62,21368.75 13263.97,22666.06
edge:declared:db.NewIssueSkipNoticeDocument:new_issue_agenda	18481.52,23916.73 17129.28,22347.52
edge:declared:db.NewIssueSkipNoticeDocument:shareholder	18353.85,23920.1 13333.21,22761.07
edge:declared:db.NewIssueStockAcceptanceDocument:new_issue_item	18703.1,25308.5 18873.84,25327.36
edge:declared:db.NewIssueStockAllocationDocument:bonus_issue_agenda	18080.03,24040.73 17948.87,19955.96
edge:declared:db.NewIssueStockAllocationDocument:new_issue_agenda	18058.24,24040.73 17103.94,22347.52
edge:declared:db.NewIssueStockAllocationRecordDateNoticeDocument:bonus_issue_agenda	18363.74,24901.96 17952.59,19955.96
edge:declared:db.NewIssueStockSubscriptionDocument:new_issue_item	18273.6,25392.44 18873.84,25350.75
edge:declared:db.NewIssueStockUnissuedConfirmationDocument:new_issue_item	18725.6,25378.76 18873.84,25359.03
edge:declared:db.NonUnifiedShareCreateRequest:stock_unissued_confirmation_file	27810.89,28126.38 27970.87,29156.25
edge:declared:db.NonUnifiedShareEtcFile:create_request	27606.33,27333.33 27792.02,28036.38
edge:declared:db.NonUnifiedShareEtcFile:management_history	27564.43,27259.33 27186.31,26823.87
edge:declared:db.NonUnifiedShareManagement:non_unified_share_company	28041.99,25525.04 28428.12,25185.96
edge:declared:db.NonUnifiedShareManagementHistory:create_request	27167.13,26823.87 27781.11,28036.38
edge:declared:db.NonUnifiedShareManagementHistory:management	27177.83,26717.87 27958.88,25615.04
edge:declared:db.NonUnifiedShareManagementHistory:renew_request	27104.15,26717.87 26144.52,25310.38
edge:declared:db.NonUnifiedShareManagementHistory:stock_unissued_confirmation_file	27158.56,26823.87 27962.35,29156.25
edge:declared:db.NonUnifiedShareManagementSalesIntent:non_unified_share_management	28842.83,24818.1 28041.74,25525.04
edge:declared:db.NonUnifiedShareSucPoaDocument:modusign_document	23911.03,21549.76 23377.36,21064.3
edge:declared:db.NonUnifiedShareSucPoaDocument:request	23980.18,21631.76 26087.42,25220.38
edge:declared:db.NonUnifiedShareSucPoaDocument:user_address	23936.92,21549.76 22776.22,19068.25
edge:declared:db.NonUnifiedShareSucRenewRequest:management	26265.34,25289.97 27864.75,25549.59
edge:declared:db.NonUnifiedShareSucRenewRequest:renew_stock_unissued_confirmation_file	26135.15,25310.38 27956.55,29156.25
edge:declared:db.NotarizationPoA:meeting	16532.89,22943.93 16727.12,22777.48
edge:declared:db.NotarizationPoaDirectorSigner:director	16248.29,22679.6 15914.71,22408.19
edge:declared:db.NotarizationPoaDirectorSigner:notarization_poa	16320.15,22753.6 16455.82,22943.93
edge:declared:db.NotarizationPoaShareholderSigner:notarization_poa	17005.19,23032.99 16609.05,22996.39
edge:declared:db.NotarizationPoaShareholderSigner:shareholder	17296.19,23082.07 17476.87,23126.31
edge:declared:db.Notification:company	15402.29,8118 16886.66,12249.51
edge:declared:db.NotificationInbox:notification	16193.14,9317.91 15413.05,8118
edge:declared:db.Option:company	16859.84,15884.48 16957.97,12683.51
edge:declared:db.Option:grantee	16839.64,15974.48 15526.77,19113.35
edge:declared:db.Option:sealed_contract_file	16917.94,15974.48 20048.87,18343.22
edge:declared:db.Option:source_meeting	16886.32,15974.48 17811.78,17469.51
edge:declared:db.OptionAdjustment:event	16517.18,13260.18 16667.71,16783.34
edge:declared:db.OptionContractTemplatePermission:company	22868.68,9604.01 17154.62,12374.39
edge:declared:db.OptionExerciseClaim:company	13694.79,17744.55 16830.19,12683.51
edge:declared:db.OptionExerciseClaim:financial_account	13658.6,17744.55 13708.81,16944.15
edge:declared:db.OptionExerciseClaimAttachment:attachment_setting_item	14650.32,17500.22 14629.97,17440.09
edge:declared:db.OptionExerciseClaimAttachment:option_exercise_claim	14523.7,17578.56 13784.52,17775
edge:declared:db.OptionExerciseClaimCandidate:option_exercise_claim	14046.01,17616.18 13784.52,17745.34
edge:declared:db.OptionExerciseClaimCandidate:option_exercise_management	14166.44,17526.18 15070.02,16139.59
edge:declared:db.OptionExerciseClaimCandidate:option_grantee	14175.55,17616.18 15454.25,19113.35
edge:declared:db.OptionExerciseClaimCandidate:stock_subscription_file	14274.12,17591.74 20048.87,18458.45
edge:declared:db.OptionExerciseClaimDocumentSetting:management	15021.68,16674.74 15102.56,16139.59
edge:declared:db.OptionExerciseClaimEventRelation:_deprecated_payment	13674.56,18238.64 13825.41,18174.25
edge:declared:db.OptionExerciseClaimEventRelation:claim	13585.13,18238.64 13644.01,17874.55
edge:declared:db.OptionExerciseClaimEventRelation:event	13577.89,18320.64 13577.26,18362.66
edge:declared:db.OptionExerciseClaimMeetingDocument:exercise_claim	14951.43,21439.53 14604.78,20857.07
edge:declared:db.OptionExerciseClaimMeetingDocument:grantee	15138.83,21483.4 15252.84,21485.41
edge:declared:db.OptionExerciseClaimOption:option_exercise_claim	13868.18,17824.18 13784.52,17818.45
edge:declared:db.OptionExerciseClaimOptionTaxation:_deprecated_claim	13995.4,17937.62 13784.52,17858.39
edge:declared:db.OptionExerciseClaimOptionTaxation:claim_option	14066.38,17937.62 14015.68,17869.4
edge:declared:db.OptionExerciseClaimPayment:option_exercise_claim	13883.02,18100.25 13705.61,17874.55
edge:declared:db.OptionExerciseManagement:company	15145.75,16009.59 16853.22,12683.51
edge:declared:db.OptionExerciseManagement:excluded_institution_set	14982.38,16125.09 13835.84,16570.45
edge:declared:db.OptionExerciseManagementAttachmentSetting:management	14614.11,17188.75 15083.31,16139.59
edge:declared:db.OptionExerciseManagementAttachmentSettingItem:setting	14613.3,17366.09 14601.71,17262.75
edge:declared:db.OptionExerciseManagementCommonSetting:management	15484.48,16370.71 15194.06,16139.59
edge:declared:db.OptionExerciseManagementEmail:option_exercise_management	15338.89,16518.42 15145.55,16139.59
edge:declared:db.OptionExerciseManagementPaymentBankSetting:company	15925.34,12738.26 16774.62,12516.19
edge:declared:db.OptionExerciseManagementReminderSetting:management	15364.42,16000.3 15242.38,16036.27
edge:declared:db.OptionExerciseManagementTaxation:management	14921.24,16036.84 14982.38,16048.92
edge:declared:db.OptionExerciseManagementTaxationDefaultSetting:company	23263.08,9604.01 17154.62,12380.16
edge:declared:db.OptionGrantContract:_deprecated_template	20384.78,18935.34 19426.44,16229.84
edge:declared:db.OptionGrantContract:_grantee	20274.97,18997.33 16003.62,19161.28
edge:declared:db.OptionGrantContract:contract_file	20386.24,18935.34 20310.19,18703.97
edge:declared:db.OptionGrantContract:template_revision	20396.7,18935.34 20081.05,16759.28
edge:declared:db.OptionGrantContractModusignDocument:option_grant_contract	21021.73,19520.4 20471.54,19049.34
edge:declared:db.OptionGrantContractModusignEmbeddedDraft:option_grant_contract	21263.92,20917.71 20430.4,19049.34
edge:declared:db.OptionGrantContractStakeholder:company	19500.75,15701.39 17134.75,12683.51
edge:declared:db.OptionGrantContractTemplate:_deprecated_stakeholder	19424.56,16123.84 19525.41,15807.39
edge:declared:db.OptionGrantContractTemplate:company	19372.77,16123.84 17107.5,12683.51
edge:declared:db.OptionGrantContractTemplateDraft:company	18466.9,16079.53 17054.85,12683.51
edge:declared:db.OptionGrantContractTemplateDraft:stakeholder_set	18590.58,16079.53 19397.8,15803.76
edge:declared:db.OptionGrantContractTemplateRevision:stakeholder_set	20049.57,16669.28 19571.69,15807.39
edge:declared:db.OptionGrantContractTemplateRevision:template	20018.68,16669.28 19473.43,16229.84
edge:declared:db.OptionGrantEvent:_deprecated_grantee	16171.25,18599.5 15569.66,19113.35
edge:declared:db.OptionGrantEvent:share_class	16264.04,18501.5 16304.83,18445.08
edge:declared:db.OptionManagement:agenda_option_grant	16014.16,19402.87 16490.04,19592.56
edge:declared:db.OptionManagementStakeholderSeat:option_management	15219.48,19083.75 15829.29,19328.87
edge:declared:db.OptionManagementStakeholderSeat:stakeholder_seat	14985.43,19061.11 11726.59,19390.71
edge:declared:db.OptionResumeEvent:pause_event	30177.09,4403.05 30081.98,4503.89
edge:declared:db.OptionTag:category	15650.11,14261.57 15681.32,14215.6
edge:declared:db.OptionTag:company	15652.04,14261.57 16805.95,12683.51
edge:declared:db.OptionTagCategory:company	15733.63,14141.6 16805.15,12683.51
edge:declared:db.OptionTaxCalculatorSetting:company	23675.74,9604.01 17154.62,12385.47
edge:declared:db.OptionValueChange:company	16584.12,10239.69 16927.54,12249.51
edge:declared:db.OptionValueChange:investment_round	16694.38,10239.69 16826.85,10281.73
edge:declared:db.OptionVesting:_deprecated_grant_event	16019.17,18447.59 16128.89,18501.5
edge:declared:db.Order:seal_card	6684.15,8304.73 5310.99,8386.44
edge:declared:db.OrderPromotionRelation:order	7703.23,9590.58 6842.06,8346.35
edge:declared:db.OrderPromotionRelation:promotion	7753.6,9590.58 8146.02,9004.12
edge:declared:db.OrderStaffInChargeRelation:order	6656.86,6785.83 6803.25,8248.35
edge:declared:db.OrderStaffInChargeRelation:staff_in_charge	6526.16,6758.42 5898.24,6805.86
edge:declared:db.OrderStatusHistory:order	5934.79,9962.89 6782.46,8346.35
edge:declared:db.OrganizationChart:company	14354.71,13372.85 16774.62,12532.49
edge:declared:db.OtherDocumentArchive:company	19454.25,16348.89 17103.78,12683.51
edge:declared:db.OtherDocumentArchiveAttachment:other_document_archive	19890.46,17080.04 19499.97,16422.89
edge:declared:db.OwnerRole:company	12490.78,11148.36 16774.62,12410.53
edge:declared:db.OwnerRolePermissionRelation:owner_permission	11854.93,10680.02 11639.39,10594.96
edge:declared:db.OwnerRolePermissionRelation:owner_role	11987.87,10754.02 12314.89,11062.83
edge:declared:db.Payment:_company	20421.17,13435.05 17154.62,12519.75
edge:declared:db.Payment:app_card	20649.68,13528.48 20738.83,13580.06
edge:declared:db.Payment:charge	20423.71,13528.48 20259.61,13601.87
edge:declared:db.Payment:credit_card	20681.17,13466.98 22822.84,13392.91
edge:declared:db.Payment:purchase	20681.17,13504.83 21750.88,13779.21
edge:declared:db.PaymentLink:payment_store	23415.92,13282.38 22859.87,14203.96
edge:declared:db.PaymentLink:question_threads	23319.07,13213.07 20615.29,12683
edge:declared:db.PaymentRefund:payment	20821.74,13387.89 20681.17,13431.32
edge:declared:db.PaymentRefund:payment_status_history	20901.02,13314.44 20857.05,13272.42
edge:declared:db.PaymentStatusHistory:payment	20776.46,13272.42 20615.68,13414.48
edge:declared:db.PaymentStore:legal_partner	22762.66,14293.96 21771.74,14930.4
edge:declared:db.Payroll:company	8957.74,4901.83 16774.62,12287
edge:declared:db.Payroll:setting	8892.57,4901.83 8823.74,11882.91
edge:declared:db.PayrollAnnualSalaryInfo:employee	11273.2,14692.35 11537.32,14944.87
edge:declared:db.PayrollAnnualSalaryItem:item_setting_relation	10890.8,13894.79 9425.62,12176.13
edge:declared:db.PayrollAnnualSalaryItem:payroll_annual_salary_info	10938.31,13968.79 11218.54,14618.35
edge:declared:db.PayrollDocumentSealStampSetting:_deprecated_ceo	16922.61,15742.91 17358.42,16389.95
edge:declared:db.PayrollDocumentSealStampSetting:company	16895.87,15660.91 16959.95,12683.51
edge:declared:db.PayrollDocumentSealStampSetting:seal_stamp	17046.49,15691.41 17188.98,15681.54
edge:declared:db.PayrollEmployeeMonthlyWage:hrm_emp	8535.93,18527.56 8739.72,18277.71
edge:declared:db.PayrollLedger:company	13676.56,15054.79 16774.62,12616.07
edge:declared:db.PayrollLedgerAttachment:payroll_ldeger	13251.07,14766.85 13553.55,15054.79
edge:declared:db.PayrollLedgerFile:payroll_ledger	13542.84,14759.97 13599.11,15054.79
edge:declared:db.PayrollLedgerFileModificationRequest:payroll_ledger_file	13837.94,14581.58 13614.85,14685.97
edge:declared:db.PayrollLedgerItemSettingRelation:ledger_item	9231.76,12114.15 8913.75,12079.4
edge:declared:db.PayrollLedgerItemSettingRelation:setting	9264.8,12086.13 8934.91,11964.91
edge:declared:db.PayrollManagementRelation:payroll	10948.83,7173.09 8946.94,4901.83
edge:declared:db.PayrollSetting:ledger_item_set	8815.41,11964.91 8802.91,12029.51
edge:declared:db.PayrollSettlement:company_question_thread_set	13673.61,9636.67 18984.81,14210.59
edge:declared:db.PayrollSettlement:payroll	13585.19,9554.67 8953.89,4901.83
edge:declared:db.PayrollSettlementAutoCreation:payroll	10028.84,6909.68 8926.66,4901.83
edge:declared:db.PayrollSettlementAutoCreation:payroll_question_help_template	10074.02,6983.68 11483.12,9080.21
edge:declared:db.PayrollSettlementProgressLog:payroll_settlement	13174.33,9723.51 13502,9630.77
edge:declared:db.PayrollSocialInsuranceSetting:hrm	5194.09,15729.55 5297.79,15974.84
edge:declared:db.PayrollStaffUserRelation:payroll	8718.58,5093.83 8851.08,4901.83
edge:declared:db.PayrollStatement:_deprecated_employee	11804.38,15727.15 11666.89,15146.87
edge:declared:db.PayrollStatement:hrm_emp	11741.47,15849.15 9052.82,17969.09
edge:declared:db.PayrollStatement:payroll_ledger	11948.83,15738.75 13485.23,15154.92
edge:declared:db.PayrollStatementAttendance:payroll_statement	11766.9,16124.25 11809.4,15849.15
edge:declared:db.PayrollStatementDocument:payroll_statement	13100.71,15457.31 11948.83,15754.6
edge:declared:db.PayrollStatementEmail:payroll_ledger	13104.7,17159.89 13596.2,15160.79
edge:declared:db.PayrollStatementEmailRecipient:email	12758.06,18452.35 13081.53,17249.89
edge:declared:db.PayrollStatementEmailRecipient:payroll_statement	12732.96,18452.35 11839.76,15849.15
edge:declared:db.PayrollStatementItem:ledger_item_setting_relation	10803.54,13247.51 9444.35,12176.13
edge:declared:db.PayrollStatementItem:payroll_statement	10864.79,13321.51 11795.24,15727.15
edge:declared:db.PayrollStatementPayrollInformation:payroll_statement	12172.22,15732.51 11948.83,15760.01
edge:declared:db.PayrollStatementScheduledEmail:payroll_statement_email	12785.98,17193.07 12969.63,17200.13
edge:declared:db.PayrollStatementScheduledEmailPeriodicTaskRelation:payroll_statement_scheduled_email	12626.6,17325.14 12641.86,17224.74
edge:declared:db.PeriodicOptionVestingItem:periodic_option_vesting	15607.28,18470.59 15612.92,18526.22
edge:declared:db.PhantomStock:company	11804.84,17105.48 16774.62,12637.33
edge:declared:db.PhantomStock:grantee	11770.69,17203.48 12156.37,18132.18
edge:declared:db.PhantomStockGrantContract:phantom_stock	11647.01,17063.46 11694.71,17105.48
edge:declared:db.PhantomStockResumeEvent:pause_event	16414.63,16279.34 16310.15,16262.37
edge:declared:db.PhantomStockVesting:phantom_stock	11684.27,17645.49 11743.75,17203.48
edge:declared:db.PhantomStockVestingItem:phantom_stock_vesting	11632.55,17934.66 11672.43,17719.49
edge:declared:db.PhantomStockVestingTraceable:phantom_stock	11683.37,17761.49 11744.93,17203.48
edge:declared:db.PhantomStockVestingTraceable:source_vesting_item	11667.94,17835.49 11637.53,17934.66
edge:declared:db.PhoneVerification:phone	9582.71,14002.28 8068.3,12573.25
edge:declared:db.PingpongDelivery:dropoff_address	20267.97,12508.58 22332.92,14217.22
edge:declared:db.PitchingDayHall:assigned_irs	30658.43,8690.01 27472.95,7635.18
edge:declared:db.PitchingDayHallAccessLog:pitching_day_hall	30912.53,8954.36 30808.65,8776.07
edge:declared:db.PitchingDayHallAccessLog:venture_capital	30951.26,9028.36 32446.34,12250.52
edge:declared:db.PitchingDayHallAssignedIrs:investor_relations	29117.86,8001.39 27472.95,7619.9
edge:declared:db.PitchingDayHallAssignedIrs:pitching_day_hall	29326.1,8067.84 30683.62,8686.07
edge:declared:db.PortalMenuVisibilitySetting:company	22537.42,9720.01 17154.62,12372.87
edge:declared:db.PortalSetting:company	22865.5,9720.01 17154.62,12378.08
edge:declared:db.PortfolioCompany:company	27275.26,14283.47 17154.62,12499.99
edge:declared:db.PortfolioCompany:venture_capital	27535.26,14259.53 32357.46,12521.83
edge:declared:db.PortfolioCompanyFund:fund	28840.45,13912.35 30004.95,13789.32
edge:declared:db.PortfolioCompanyFund:portfolio_company	28604.45,13959 27535.26,14268.72
edge:declared:db.PortfolioCompanyManager:portfolio_company	27233.97,15743.54 27397.51,14371.38
edge:declared:db.PortfolioCompanyUserRelation:portfolio_company	27537.52,14413.4 27485.59,14371.38
edge:declared:db.PrivacyPolicyLog:privacy_policy	5715.39,29969.49 5725.03,29876.3
edge:declared:db.PromotionAddress:promotion	8103.98,7240.24 8169.35,8930.12
edge:declared:db.PromotionCodeUsageHistory:promotion_code	24309.32,12617.97 24206.78,12411.41
edge:declared:db.PromotionCodeUsageHistory:service_fee_item	24288.08,12691.97 24001.24,12959.94
edge:declared:db.Purchase:_corporate_registration_paid_issue	21773.71,13922.18 19329.97,15972.11
edge:declared:db.Purchase:_credit	21750.88,13820.22 20539.86,13845.11
edge:declared:db.Purchase:_deprecated_payment_store	22046.88,13885.61 22735.4,14203.96
edge:declared:db.Purchase:_incorporation_request	21860.8,13922.18 21154.35,15869.89
edge:declared:db.Purchase:_invitation_seat_request	21750.88,13776.68 12765.99,11318.31
edge:declared:db.Purchase:_meeting	21787.04,13922.18 18008.82,17469.51
edge:declared:db.Purchase:_payment_store_legal_partner	21874.53,13922.18 21646.73,14904.31
edge:declared:db.Purchase:_subscription_payment_request	21853.02,13712.18 21021.55,11808.35
edge:declared:db.Purchase:basket	22006.4,13712.18 22123.56,13597.75
edge:declared:db.Purchase:company	21750.88,13776.66 17154.62,12518.52
edge:declared:db.Purchase:investment_association	22046.88,13893.5 27213.38,16558.04
edge:declared:db.Purchase:service_fee	22046.88,13760.01 22465.99,13598.12
edge:declared:db.Purchase:venture_capital	22046.88,13798.24 32357.46,12479.06
edge:declared:db.PurchaseItem:payment_store	22780.48,14141.7 22810.8,14203.96
edge:declared:db.PurchaseItem:purchase	22651.33,14067.7 22046.88,13866.45
edge:declared:db.PurchaseStatusHistory:purchase	21554.79,13885.74 21750.88,13846.67
edge:declared:db.Purpose:articles_of_incorporation	17841.62,14937.91 17784.04,15305.01
edge:declared:db.Purpose:industrial_code	17844.35,14863.91 17837.47,14781.14
edge:declared:db.QrReplyPasswordReset:request	23399.7,16373.08 23368.1,16647.2
edge:declared:db.QrReplyPasswordResetRequest:reply	23343.91,16721.2 23125.21,17127.35
edge:declared:db.QuarterlyReportRequest:quarterly_report	26128.7,16712.9 26631.88,16049.32
edge:declared:db.QuarterlyReportRequestAttachment:quarterly_report_request	24886.67,17200.51 25971.77,16802.9
edge:declared:db.QuarterlyReportRequestRecipient:email_activity_recipient	27332.96,17402.19 23713.82,23056.19
edge:declared:db.QuarterlyReportRequestRecipient:portfolio_company	27362.4,17312.19 27404.33,14371.38
edge:declared:db.QuarterlyReportRequestRecipient:portfolio_company_manager	27357.99,17312.19 27232.66,15817.54
edge:declared:db.QuarterlyReportRequestRecipient:quarterly_report_request	27266.61,17312.19 26189.73,16802.9
edge:declared:db.QuarterlyReportRequestReportItem:quarterly_report_item	25366.92,16729.89 25268.39,16715.03
edge:declared:db.QuarterlyReportRequestReportItem:quarterly_report_request	25665.92,16753.84 25924.58,16756.29
edge:declared:db.QuarterlyReportSettings:quarterly_report	26450.89,15960.16 26528.6,15971.3
edge:declared:db.QuarterlyReportSignupChannel:portfolio_company	25634.77,14889.09 27275.26,14349.17
edge:declared:db.QuarterlyReportSignupChannel:quarterly_report	25555.16,14971.09 26612.59,15935.32
edge:declared:db.QuestionMessageAttachment:message	21147.82,18375.99 22630.01,11590.75
edge:declared:db.QuestionMessageScheduled:question_thread_message	23034.35,10941.49 22695.16,11444.75
edge:declared:db.QuestionThread:_company	20355.29,12650.46 17154.62,12476.82
edge:declared:db.QuestionThreadAssignment:question_thread	20249.52,13179.73 20454.13,12726.51
edge:declared:db.QuestionThreadMessage:question_thread	22509.96,11589.49 20615.29,12588.94
edge:declared:db.QuestionThreadMessageAccessLog:message	23237.68,11540.3 22781.96,11522.93
edge:declared:db.QuestionThreadMessageCategory:question_thread_message	23600.18,11542.26 22781.96,11521.24
edge:declared:db.QuestionThreadMessagePeriodicTaskRelation:question_message_scheduled	22940.91,10786.67 23022.12,10867.49
edge:declared:db.QuestionThreadMessageProfile:message	23248.68,11636.01 22781.96,11544.43
edge:declared:db.QuestionThreadMessageReminder:message	23600.18,11643.93 22781.96,11535.73
edge:declared:db.QuestionThreadMessageReview:message	23275.25,11740.71 22781.96,11565.94
edge:declared:db.QuestionThreadMessageReviewRequest:message	23579.72,11740.71 22781.96,11550.22
edge:declared:db.QuestionThreadTag:question_thread_set	20525.46,12899.32 20496.75,12726.51
edge:declared:db.RebootProductContactRequest:company	23259.68,9720.01 17154.62,12383.61
edge:declared:db.RegisteredMail:order_status_history	5652.54,10053.28 5789.29,10027.38
edge:declared:db.RegisteredMail:seal_card_return_status_history	5528.13,10038.63 5495.48,9850.15
edge:declared:db.Registration:meeting	15165.84,20172.78 17761.23,17703.51
edge:declared:db.RegistrationAgenda:agenda_ceo_address_change	14818.17,21863.05 14699.45,21838.01
edge:declared:db.RegistrationAgenda:agenda_director_change	14987.43,21934.2 15075.31,22021.57
edge:declared:db.RegistrationAgenda:agenda_option_exercise	14818.17,21907.68 14699.45,21925.38
edge:declared:db.RegistrationAgenda:registration	14947.02,21844.2 15118.33,20254.78
edge:declared:db.RegistrationAssistance:legal_partner	21193.8,16626.79 21584.57,15154.31
edge:declared:db.RegistrationAssistance:meeting	21058.92,16702.33 18032.2,17545.3
edge:declared:db.RegistrationAssistanceReceipt:registration_assistance	21018.34,16931.58 21157.34,16708.79
edge:declared:db.RegistrationCaseReport:company	15043.3,8234 16866.11,12249.51
edge:declared:db.RegistrationCaseReport:jurisdiction	15025.59,8234 14984.73,9887
edge:declared:db.RegistrationCaseReportUpdateLog:company	23672.13,9720.01 17154.62,12388.71
edge:declared:db.RegistrationDirector:registration	15475.38,20347.95 15230.51,20254.78
edge:declared:db.RegistrationFormCaptable:agenda	18506.35,23191.97 17936.33,21522.88
edge:declared:db.RegistrationFormCaptableDocument:captable	19331.45,24056.45 18560.73,23273.97
edge:declared:db.RegistrationFormCaptableNotarizationRequestor:registration_form_captable	18208.48,23021.73 18459.82,23191.97
edge:declared:db.RegistrationFormCaptableNotarizationRequestor:shareholder	18057.26,23021.73 17844.5,23103.23
edge:declared:db.RegistrationFormHeadOfficeInsideRelocationDocument:head_office_relocation_agenda	20107.47,23265.23 18753.31,21735.46
edge:declared:db.RegistrationFormHeadOfficeOutsideRelocationDocument:head_office_relocation_agenda	20109.66,23381.23 18750.18,21735.46
edge:declared:db.RegistrationHelp:company_question_thread	18869.59,14351.36 18946.16,14333.22
edge:declared:db.RegistrationHelp:meeting	18741.58,14416.31 17915.85,17469.51
edge:declared:db.ResignationLetterDocument:director_change_agenda	13951.76,22557.75 15004.62,22125.48
edge:declared:db.RightToConsentOrConsult:company	15737.42,16666.59 16901.22,12683.51
edge:inheritance:db.RsuAdjustEvent->db.Event	17117.42,13376.18 16686.17,16783.34
edge:declared:db.RsuExerciseClaim:company	15133.11,15385.35 16828.46,12683.51
edge:declared:db.RsuExerciseClaim:financial_account	15049.35,15491.35 13758.56,16846.15
edge:declared:db.RsuExerciseClaimAttachment:attachment_setting_item	14717.66,15565.37 14579.33,15675.42
edge:declared:db.RsuExerciseClaimAttachment:rsu_exercise_claim	14887.66,15495.25 14975.85,15471.6
edge:declared:db.RsuExerciseClaimCandidate:hrm_emp	13970.78,16498.2 9052.82,18050.42
edge:declared:db.RsuExerciseClaimCandidate:rsu_exercise_claim	14144.96,16409.43 15047.73,15491.35
edge:declared:db.RsuExerciseClaimCandidate:rsu_exercise_management	14073.31,16409.43 13941.08,16133.29
edge:declared:db.RsuExerciseClaimCandidate:rsu_grantee	14121,16507.43 14266.7,16802.21
edge:declared:db.RsuExerciseClaimCandidateEmailRecipient:candidate	14358.25,16604.12 14184.72,16507.43
edge:declared:db.RsuExerciseClaimEventRelation:claim	15471.19,15601.03 15220.83,15491.35
edge:declared:db.RsuExerciseClaimEventRelation:event	15582.01,15675.03 16121.03,16431.55
edge:declared:db.RsuExerciseClaimRsu:rsu	15635.39,15246.44 15952.45,15103.99
edge:declared:db.RsuExerciseClaimRsu:rsu_exercise_claim	15444.79,15320.44 15223.85,15395.96
edge:declared:db.RsuExerciseManagement:company	13958.88,16035.29 16781.86,12683.51
edge:declared:db.RsuExerciseManagement:excluded_institution_set	13899.38,16133.29 13736.73,16570.45
edge:declared:db.RsuExerciseManagementAttachmentSetting:management	14179.09,15987.03 14041.61,16038.17
edge:declared:db.RsuExerciseManagementAttachmentSettingItem:setting	14493.24,15749.42 14318.16,15913.03
edge:declared:db.RsuExerciseManagementEmail:rsu_exercise_management	14411.45,16346.43 14009.92,16133.29
edge:declared:db.RsuExtraAttachment:rsu	16321.73,14882.8 16194.83,14969.89
edge:declared:db.RsuGrantContract:rsu	16629.05,14852.18 16224.45,14994.91
edge:declared:db.RsuGrantContract:template	16746.14,14763.44 16639.94,14071.63
edge:declared:db.RsuGrantContractModusignDocument:rsu_grant_contract	20972.38,19235.27 16795.94,14853.44
edge:declared:db.RsuGrantContractTemplate:company	16642.33,13989.63 16918.7,12683.51
edge:declared:db.RsuGrantContractTemplate:stakeholder_set	16623.57,13989.63 16600.42,13895.45
edge:declared:db.RsuGrantContractTemplateStakeholder:company	16601.25,13821.45 16906.43,12683.51
edge:declared:db.RsuMeeting:company	16574.54,15191.61 16933.56,12683.51
edge:declared:db.RsuMeeting:meeting	16593.3,15281.61 17818.68,17469.51
edge:declared:db.RsuMeetingAttachment:meeting	16431.39,15400.31 16530.52,15281.61
edge:declared:db.RsuPerformanceCondition:company	16119.7,14064.73 16849.9,12683.51
edge:declared:db.RsuResumeEvent:pause_event	16246.68,17356.34 16140.43,17233.26
edge:declared:db.RsuRsa:company	16113.28,14969.89 16890.82,12683.51
edge:declared:db.RsuRsa:grantee	16015.4,15115.89 14327.99,16802.21
edge:declared:db.RsuRsa:grantee_hrm_emp	15952.45,15100.66 9052.82,18031.64
edge:declared:db.RsuRsa:source_meeting	16224.45,15097.82 16456.68,15191.61
edge:declared:db.RsuRsaSealedContractFile:company	16474.61,14545.6 16913.48,12683.51
edge:declared:db.RsuRsaSealedContractFile:grant_contract	16512.94,14619.6 16695.83,14763.44
edge:declared:db.RsuTag:category	16296.77,14309.18 16251.58,14267.16
edge:declared:db.RsuTag:company	16354.43,14309.18 16892.76,12683.51
edge:declared:db.RsuTag:rsu_set	16325.91,14391.18 16115.05,14969.89
edge:declared:db.RsuTagCategory:company	16227.59,14193.16 16871.99,12683.51
edge:declared:db.RsuVesting:rsu	15316.63,14571.33 15968.97,14969.89
edge:declared:db.RsuVestingItem:performance_condition	15499.29,14818.69 16069.13,14138.73
edge:declared:db.RsuVestingItem:rsu_vesting	15433.5,14818.69 15279.16,14571.33
edge:declared:db.RsuVestingTraceable:rsu	15334.52,14687.33 15952.45,14978.75
edge:declared:db.RsuVestingTraceable:source_vesting_item	15291.71,14687.33 15418.24,14818.69
edge:declared:db.RtccConsentSummary:company	15162.07,10753.36 16774.62,12285.93
edge:declared:db.RtccConsentSummary:source_result	15127.24,10679.36 15252.66,9548.36
edge:declared:db.RtccEmail:right_to_consent_or_consult	15605.13,16927.84 15703.04,16748.59
edge:declared:db.RtccEmailAuthentication:rtcc_investor	16125.92,17629.54 16025.28,17706.55
edge:declared:db.RtccInvestor:right_to_consent_or_consult	15956.08,17706.55 15734.91,16748.59
edge:declared:db.RtccInvestor:stakeholder	15872.64,17796.55 12852.68,19244.93
edge:declared:db.RtccInvestorFile:investor	18243.35,18384.11 16121.97,17794.75
edge:declared:db.RtccSummaryAnalysisRequest:company	15318.28,9194.65 16855.43,12249.51
edge:declared:db.RtccSummaryAnalysisRequestDocument:document	15709.97,10263.6 18592.58,15317.32
edge:declared:db.RtccSummaryAnalysisRequestDocument:request	15675.38,10189.6 15312.6,9194.65
edge:declared:db.RtccSummaryAnalysisResult:request	15261.9,9466.36 15292.96,9194.65
edge:declared:db.RtccSummaryAnalysisResultDocument:document	15594.07,10455.35 18590.33,15317.32
edge:declared:db.RtccSummaryAnalysisResultDocument:result	15558.51,10381.35 15271.34,9548.36
edge:declared:db.Safe:company	14002.79,15568.59 16774.62,12665.51
edge:declared:db.Safe:holder	13881.1,15642.59 13775.33,15687.91
edge:declared:db.SafeCreateEvent:contract_file	17466.13,17538.71 20048.87,18421.99
edge:declared:db.SalesMetric:legal_partner	22167.57,15582.88 21741.9,15154.31
edge:declared:db.SdContactRequest:secondary_deal	32589.63,8593.53 33306.65,6275.29
edge:declared:db.SdContactRequest:venture_capital	32577.83,8667.53 32543.43,12250.52
edge:declared:db.SealCardReturnRequest:seal_card	4690.12,8469.95 5062.99,8412.82
edge:declared:db.SealCardReturnStatusHistory:seal_card_return_request	5459.74,9768.15 4594.76,8529.95
edge:declared:db.SealCertificateDelivery:company	19316.38,12402.86 17154.62,12461.37
edge:declared:db.SealCertificateDelivery:seal_card_pickup_delivery	19564.38,12409.2 20084.75,12449.88
edge:declared:db.SealCertificateIssueRequest:delivery	19547.99,12490.52 19498.31,12448.5
edge:declared:db.SealStamp:attachment	17368.09,15725.95 20048.87,18304.23
edge:declared:db.SealStamp:company	17307.22,15619.95 16988.2,12683.51
edge:declared:db.SealStamp:director	17319.33,15725.95 17398.85,16389.95
edge:declared:db.SealStampCardContinuedUseApplicationFormDocument:stakeholder	11667.6,23013.64 12643.31,19481.54
edge:declared:db.SealStampDeclarationDocument:stakeholder	11667.29,23129.64 12644.62,19481.54
edge:declared:db.SealStampImage:seal_stamp	19125.54,17077.8 17381.36,15725.95
edge:declared:db.SealStampUsageHistory:employee	12874.14,15272.06 11784.96,15071.96
edge:declared:db.SealStampUsageHistory:payroll_statement_document	13086.69,15347.84 13156.89,15389.86
edge:declared:db.SealStampUsageHistory:seal_stamp	13122.14,15305.71 17188.98,15662.08
edge:declared:db.SealStampUsageHistory:wht_book	12874.14,15300.49 12384.65,15322.82
edge:declared:db.SealStampUsageHistory:wht_certificate	13092.28,15241.84 13219.82,15170.04
edge:declared:db.SealStampUsageHistory:wht_receipt	12943.58,15241.84 12899.85,15199.37
edge:declared:db.SecondaryDeal:assigned_investors	33328.66,6275.29 32567.57,12250.52
edge:declared:db.SecondaryDeal:business_line	33190.07,6134.56 32755.93,6078.92
edge:declared:db.SecondaryDeal:corporate_registration	33190.07,6050.45 33042.96,5951.26
edge:declared:db.SecondaryDeal:operating_profit	33190.07,6098.53 32772.43,5947.31
edge:declared:db.SelfRegistration:meeting	18202.19,17562.71 18032.2,17575.44
edge:declared:db.ServiceFee:basket	22448.14,13558.22 22279.45,13559.71
edge:declared:db.ServiceFeeItem:product	23912.02,12959.94 23189.5,12306.37
edge:declared:db.ServiceFeeItem:service_fee	23855.24,13041.94 22674.25,13516.12
edge:declared:db.ShareClass:company	16348.7,18339.08 16941.86,12683.51
edge:declared:db.ShareholderInstitutionMember:institution	12864.64,21971.14 13174.25,22666.06
edge:declared:db.ShareholderInstitutionMember:manager	12832.14,21889.14 12746.39,21641.98
edge:declared:db.ShareholderInstitutionMemberCeo:member	12811.76,22574.59 12844.17,21971.14
edge:declared:db.ShareholderVote:agenda	17755.15,22042 17861.48,21522.88
edge:declared:db.ShareholderVote:attended_shareholder	17744.76,22116 17669.62,23103.23
edge:declared:db.ShareholderVotingRightsPerAgenda:agenda	17754.07,22158 17865.5,21522.88
edge:declared:db.ShareholderVotingRightsPerAgenda:shareholder	17744.42,22232 17670.24,23103.23
edge:declared:db.ShareholdersAgreementStakeholder:stakeholder	11968.03,19095.99 12520.68,19271.75
edge:declared:db.ShareholdersMeeting:chairperson	16677.63,22660.84 15988.19,22408.19
edge:declared:db.ShareholdersMeeting:meeting	16822.13,22639.48 17859.61,17703.51
edge:declared:db.ShareholdersMeeting:sealed_meeting_minutes_file	16863.71,22639.48 20062.5,18703.97
edge:declared:db.ShareholdersMeetingAgenda:agenda_authorized_shares_change	17729.54,21489.23 17413.9,21693.11
edge:declared:db.ShareholdersMeetingAgenda:agenda_bonus_issue	17894.73,21248.88 17943.75,19955.96
edge:declared:db.ShareholdersMeetingAgenda:agenda_branch_change	17941.52,21248.88 18357.39,20152.72
edge:declared:db.ShareholdersMeetingAgenda:agenda_change_of_articles_of_incorporation	18049.54,21282.9 19076.78,20621.81
edge:declared:db.ShareholdersMeetingAgenda:agenda_co_ceo_system_change	17729.54,21438.14 14731.59,22417.44
edge:declared:db.ShareholdersMeetingAgenda:agenda_company_name_change	17989.62,21522.88 19012.11,22922.63
edge:declared:db.ShareholdersMeetingAgenda:agenda_custom	17729.54,21443.73 15037.98,22416.95
edge:declared:db.ShareholdersMeetingAgenda:agenda_director_change	17729.54,21425.79 15252.62,22043.64
edge:declared:db.ShareholdersMeetingAgenda:agenda_director_compensation_decision	17729.54,21404.46 16649.71,21529.88
edge:declared:db.ShareholdersMeetingAgenda:agenda_director_compensation_rule	18020.82,21522.88 19362.18,22922.63
edge:declared:db.ShareholdersMeetingAgenda:agenda_financial_statements	17923.54,21248.88 18250.36,19931.96
edge:declared:db.ShareholdersMeetingAgenda:agenda_head_office_relocation	18049.54,21443.97 18576.9,21635.44
edge:declared:db.ShareholdersMeetingAgenda:agenda_head_office_relocation_aoi_change	17982.75,21522.88 19013.97,23038.63
edge:declared:db.ShareholdersMeetingAgenda:agenda_method_of_giving_public_notice_change	17847.12,21248.88 17496.28,20115.64
edge:declared:db.ShareholdersMeetingAgenda:agenda_new_issue	17759.28,21522.88 17136.85,22177.52
edge:declared:db.ShareholdersMeetingAgenda:agenda_new_options_rule	18011.81,21522.88 19364.62,23038.63
edge:declared:db.ShareholdersMeetingAgenda:agenda_new_or_change_rsu_rule	17976.56,21522.88 19015.64,23158.63
edge:declared:db.ShareholdersMeetingAgenda:agenda_option_cancel	17729.54,21343.89 16270.24,20960.96
edge:declared:db.ShareholdersMeetingAgenda:agenda_option_grant	17788.72,21248.88 16636.05,19682.56
edge:declared:db.ShareholdersMeetingAgenda:agenda_purpose_change	18003.7,21522.88 19363.47,23154.63
edge:declared:db.ShareholdersMeetingAgenda:agenda_rsu_grant	17729.54,21444.38 14730.66,22540.95
edge:declared:db.ShareholdersMeetingAgenda:agenda_subsidiary_establishment	17729.54,21450.64 15025.89,22544.95
edge:declared:db.ShareholdersMeetingAgenda:meeting	17777.47,21522.88 16864.07,22639.48
edge:declared:db.ShareholdersMeetingConvocationNoticeEmail:shareholders_meeting	18378.66,20754.92 16863.12,22639.48
edge:declared:db.ShareholdersMeetingConvocationNoticeEmailAttachment:convocation_notice_email	19602.89,20459.28 18606.57,20666.68
edge:declared:db.ShareholdersMeetingConvocationNoticeEmailNewIssueAttachment:email	17839.28,22690.07 18454.74,20754.92
edge:declared:db.ShareholdersMeetingConvocationNoticeEmailNewIssueAttachment:new_issue	17615.01,22690.07 17167.16,22347.52
edge:declared:db.ShareholdersMeetingConvocationNoticeEmailRecipient:email_activity_recipient	19676.83,18968.57 23635,23056.19
edge:declared:db.ShareholdersMeetingConvocationNoticeRecipient:bulk_email_recipient	19203.98,21329 19631.17,18852.57
edge:declared:db.ShareholdersMeetingConvocationNoticeRecipient:convocation_notice_email	19143.81,21329 18475.14,20754.92
edge:declared:db.ShareholdersMeetingConvocationNoticeRecipient:shareholder	19157.89,21419 17723.15,23103.23
edge:declared:db.ShareholdersMeetingDirectorAttendance:stakeholder	15803.33,22310.19 12850.57,19481.54
edge:declared:db.ShareholdersMeetingPowerOfAttorneyIndividualDocument:shareholder	17330.4,23408.6 17566.88,23241.23
edge:declared:db.ShareholdersMeetingShareholderAttendance:meeting	17536.9,23103.23 16935.1,22777.48
edge:declared:db.ShareholdersMeetingShareholderAttendance:original_shareholder	17476.87,23153.69 13333.21,22743.91
edge:declared:db.ShareholdersMeetingShortenPeriodIndividualDocument:shareholder	17314.82,23524.6 17595.92,23241.23
edge:declared:db.ShareholdersMeetingWrittenDecisionIndividualDocument:shareholder	17306.4,23640.6 17611.63,23241.23
edge:declared:db.Stakeholder:company	12784.62,19167.54 16829.26,12683.51
edge:declared:db.Stakeholder:standardized_address	12852.68,19318.23 22563.75,18949.1
edge:declared:db.StakeholderAccount:account	13157.67,18206.73 13691.18,16944.15
edge:declared:db.StakeholderAccount:stakeholder	13126.45,18280.73 12752.83,19167.54
edge:declared:db.StakeholderCustodian:stakeholder	12252.38,19467.17 12520.68,19379.06
edge:declared:db.StakeholderSeat:stakeholder	11726.59,19394.25 12520.68,19336.59
edge:declared:db.StarredQuestionThread:question_thread	19997.31,12727.71 20355.29,12676.22
edge:declared:db.Stock:company	15597.57,18056.9 16911.56,12683.51
edge:declared:db.Stock:share_class	15692.85,18138.9 16219.14,18343.8
edge:declared:db.Stock:shareholder	15566.44,18138.9 13236.67,22666.06
edge:declared:db.StockDocumentAnalysis:document_ai_process_request	25820.92,27607.59 26369.23,27351.41
edge:declared:db.StockDocumentAnalysis:stock_reregistration_event	25769.97,27681.59 25875.47,27819.83
edge:declared:db.StockTransferAgreement:company	17724.09,18574.15 16991.6,12683.51
edge:declared:db.StockTransferAgreement:purchaser	17597.66,18669.29 12852.68,19302.39
edge:declared:db.StockTransferAgreement:sealed_agreement_file	17869.66,18642.23 20048.87,18499.42
edge:declared:db.StockTransferAgreement:seller	17648.16,18728.15 13275.39,22666.06
edge:declared:db.StockTransferAgreement:stock_transfer_event	17612.27,18574.15 17439.64,18464.65
edge:declared:db.StockTransferAgreementClauses:stock_transfer_agreement	17976.14,18583.86 17869.66,18613.41
edge:declared:db.StockTransferAgreementItem:agreement	17285.47,18571.8 17597.66,18627.07
edge:declared:db.StockTransferAgreementItem:share_class	17038.47,18526.13 16467.14,18415.99
edge:declared:db.StockTransferAgreementManagement:company	16988.25,13944.32 16968.09,12683.51
edge:declared:db.StockTransferAgreementManagement:related_tax_advices	17107.1,13944.32 20355.29,12707.03
edge:declared:db.StockTransferAgreementManagement:stock_transfer_agreement	16996.16,14034.32 17721.36,18574.15
edge:declared:db.StockTransferAgreementManagementStakeholderSeat:stakeholder_seat	9775.2,8380.31 11595.79,19362.25
edge:declared:db.StockTransferAgreementManagementStakeholderSeat:stock_transfer_agreement_management	9816.38,8380.31 16931.42,13944.32
edge:declared:db.StockTransferAgreementModusignDocument:stock_transfer_agreement	20006.31,20160.13 17849.63,18728.15
edge:declared:db.StockTransferAgreementModusignEmbeddedDraft:stock_transfer_agreement	20247.62,20554.96 17835.34,18728.15
edge:declared:db.StockTransferAgreementPurchaserInstitution:agreement	18303.81,18817.86 17869.66,18690.91
edge:declared:db.StockTransferAgreementSellerInstitution:agreement	18146.57,18692.83 17869.66,18664.87
edge:declared:db.StockTransferAgreementSurvey:company	22534.15,9836.01 17154.62,12376.77
edge:declared:db.StockTransferPrice:share_class	17220.72,18300.54 16467.14,18379.15
edge:declared:db.StockTransferPrice:stock_transfer_event	17350.02,18325.23 17370.01,18390.65
edge:declared:db.StockUnissuedConfirmationRequest:company	18252.87,15457.32 17058.09,12683.51
edge:declared:db.StockUnissuedConfirmationRequest:stock_unissued_confirmation_file	18297.53,15539.32 20095.96,18269.97
edge:declared:db.StripeCard:customer	6254.03,7287.11 6300.14,7658.11
edge:declared:db.StripePayment:card	5456.35,7938.15 6206.78,7287.11
edge:declared:db.StripePayment:order	5533.09,8007.35 6684.15,8269.15
edge:declared:db.StripePayment:seal_card_return_request	5341.3,8020.15 4633.91,8447.95
edge:declared:db.Subscription:company	20744.39,11264.33 17154.62,12406.08
edge:declared:db.Subscription:subscription_contract	20744.39,11264.6 19607.41,11628.51
edge:declared:db.Subscription:subscription_package	20744.39,11276.29 19876.93,11628.51
edge:declared:db.Subscription:subscription_plan	20822.87,11302.07 20316.3,12015.42
edge:declared:db.Subscription:subscription_policy	20744.39,11290.7 19858.07,11744.51
edge:declared:db.Subscription:subscription_promotion	20744.39,11287.32 19567.76,11860.51
edge:declared:db.SubscriptionBonus:subscription	21487.45,11281.73 21016.39,11234.66
edge:declared:db.SubscriptionContract:company	19375.07,11702.51 17154.62,12406.29
edge:declared:db.SubscriptionModusignDocumentUsageHistory:subscription	23692.37,13376.79 20986.05,11302.07
edge:declared:db.SubscriptionPackage:company	19667.81,11699.01 17154.62,12412.56
edge:declared:db.SubscriptionPaymentRequest:company	20877.64,11789.16 17154.62,12433.62
edge:declared:db.SubscriptionPaymentRequest:subscription	20994.39,11726.35 20898.66,11302.07
edge:declared:db.SubscriptionPenaltyPayment:company	19371.81,11814.04 17154.62,12415.01
edge:declared:db.SubscriptionPenaltyPayment:subscription	19583.48,11744.51 20744.39,11275.96
edge:declared:db.SubscriptionPeriod:subscription	21795.48,10889.5 21016.39,11171.79
edge:declared:db.SubscriptionPerk:subscription	21365.17,10952.83 21016.39,11145.82
edge:declared:db.SubscriptionPlan:permissions	20145.82,12063.16 19951.48,12049.32
edge:declared:db.SubscriptionPlanOffering:subscription_plan	20593.69,12035.12 20405.82,12057.16
edge:declared:db.SubscriptionPlanPerk:subscription_plan	20596.96,11942.25 20405.82,12019.73
edge:declared:db.SubscriptionPolicy:company	19667.81,11810.16 17154.62,12420.38
edge:declared:db.SubscriptionPromotion:company	19373.81,11924.08 17154.62,12423.73
edge:declared:db.SubscriptionReservation:company	19124.6,12165.99 17154.62,12440.08
edge:declared:db.SubscriptionReservation:subscription_plan	19360.6,12140.76 20145.82,12082.13
edge:declared:db.SubscriptionSuspensionHistory:subscription	20944.11,11064.02 20913.25,11140.07
edge:declared:db.TalingCoupon:_company	22862.04,9836.01 17154.62,12381.76
edge:declared:db.TaxBookkeepingServiceRequest:company	20335.59,14002.91 17154.62,12553.11
edge:declared:db.TaxBookkeepingServiceRequest:incorporation_request	20440.21,14084.91 21078.71,15869.89
edge:declared:db.TaxPartnerTbkContract:legal_partner	22529.94,14564.78 21771.74,14950.89
edge:declared:db.TaxPartnerTbkContractItem:tax_partner_tbk_contract	22658.97,14606.8 22628.99,14564.78
edge:declared:db.TaxPartnerTbkSettings:legal_partner	21826.77,15698.88 21656.76,15154.31
edge:declared:db.TbkConsulting:tax_bookkeeping_service_request	20665.39,14112.81 20562.54,14083.26
edge:declared:db.TbkConsulting:tbk_question_thread	20665.39,14159.45 19230.16,14286.97
edge:declared:db.TbkConsultingMemo:tbk_consulting	21214.43,14052.03 20913.39,14120.31
edge:declared:db.TbkConsultingRefusal:incorporation_request	20810.46,15540.71 21042.31,15869.89
edge:declared:db.TbkConsultingStatusLog:tbk_consulting	20832.53,13987.41 20802.51,14099.43
edge:declared:db.TbkContract:tbk_consulting	22059.86,15052.51 20858.25,14197.43
edge:declared:db.TbkContractBenefit:tbk_contract	22200.92,15176.53 22158.68,15134.51
edge:declared:db.TbkContractSettlement:tbk_contract	22165.93,15010.49 22141.41,15052.51
edge:declared:db.ThirdPartyArticleProviderUserRelation:article_provider	20124.45,19992.72 20121.04,19945
edge:declared:db.UserApiKeyCompanyAccess:api_key	17822.83,8189.07 18159.8,7547.8
edge:declared:db.UserApiKeyCompanyAccess:selected_companies	17793.18,8271.07 17007.48,12249.51
edge:declared:db.UserApiKeyCompanyRelation:company	18301.08,7690.44 17025.34,12249.51
edge:declared:db.UserApiKeyCompanyRelation:company_access	18278.7,7690.44 17837.55,8189.07
edge:declared:db.UserApiKeyRevocation:api_key	17878.2,7490 18057.35,7499.93
edge:declared:db.UserInvitation:company	12077.72,12278.24 16774.62,12459.19
edge:declared:db.UserInvitation:company_user_relation	11829.72,12289.89 11111.37,12385.11
edge:declared:db.UserInvitationInvitee:invitation	11132.86,12497.37 11829.72,12307.28
edge:declared:db.UserInvitationInvitee:stakeholder	11023.96,12566.56 12648.05,19167.54
edge:declared:db.UserInvitationOwnerRoleRelation:owner_role	12291.44,11299.76 12347.14,11160.83
edge:declared:db.UserInvitationOwnerRoleRelation:user_invitation	12263.86,11373.76 11969.23,12228.46
edge:declared:db.UserProfileImageMapping:profile_image	21103.23,18789.49 20991.26,18747.65
edge:declared:db.UserSealCardRelation:seal_card	4982.38,8539.63 5129.46,8434.82
edge:declared:db.ValuationHistory:company	23256,9836.01 17154.62,12387.07
edge:declared:db.ValuationServiceRequest:company	18659.8,13438.34 17154.62,12575.44
edge:declared:db.ValuationServiceRequest:company_question_thread	18740.67,13512.34 19048.88,14210.59
edge:declared:db.VcIrRecommendationRequest:venture_capital	31103.25,9777.84 32431.35,12250.52
edge:declared:db.VcIrRecommendationRequestResult:investor_relations	29744.96,8798.41 27472.95,7661.26
edge:declared:db.VcIrRecommendationRequestResult:request	29870.56,8872.41 31031.71,9703.84
edge:declared:db.VcLpReport:venture_capital	32212.35,12996.54 32416.75,12660.52
edge:declared:db.VcLpReportRequest:alimtalk_activity	32656.78,13375.27 31509.89,14070.82
edge:declared:db.VcLpReportRequest:vc_lp_report	32651.51,13293.27 32255.61,13070.54
edge:declared:db.VcLpReportRequestRecipient:alimtalk_activity_recipient	31160.01,13937.63 30763.77,14331.59
edge:declared:db.VcLpReportRequestRecipient:fund_partner	31228.26,13855.63 31312.18,13728.25
edge:declared:db.VcLpReportRequestRecipient:vc_lp_report_request	31312.3,13855.63 32613.34,13375.27
edge:declared:db.VcNameAlias:venture_capital	33261.26,12104.13 32725.46,12365.7
edge:declared:db.VcSearchLog:company	25057.92,5714.77 17154.62,12308
edge:declared:db.VcSearchLog:investor_relations	25154.54,5714.77 27169.59,7455.18
edge:declared:db.VcSearchLog:venture_capital	25152.02,5714.77 32357.46,12287.67
edge:declared:db.VcUserRole:venture_capital	28111.6,9285.75 32357.46,12323.86
edge:declared:db.VentureBusinessCertification:attachment	18633.36,15539.32 20120.68,18269.97
edge:declared:db.VentureBusinessCertification:company	18588.77,15457.32 17082.46,12683.51
edge:declared:db.VentureBusinessCertificationExpirationNotificationLog:venture_business_certification	18479.73,15619.4 18566.57,15539.32
edge:declared:db.VentureCapitalEmailTemplates:venture_capital	32877.51,12563.15 32725.46,12514.45
edge:declared:db.VentureCapitalPaymentLink:venture_capital	28658.8,12611.56 32357.46,12462.91
edge:declared:db.VentureCapitalQuarterlyReport:content_template	26693.75,15935.32 27018.95,14941.31
edge:declared:db.VentureCapitalQuarterlyReport:venture_capital	26769.64,15935.32 32357.46,12566.45
edge:declared:db.VentureCapitalQuarterlyReportContentTemplate:venture_capital	27114.31,14867.31 32357.46,12537.29
edge:declared:db.VentureCapitalQuarterlyReportItem:quarterly_report	25201.26,16650.05 26547.37,16049.32
edge:declared:db.VentureCapitalQuarterlyReportItemReply:file_attachment	23456.77,17391.76 20428.87,18422.3
edge:declared:db.VentureCapitalQuarterlyReportItemReply:item	23672.45,17309.76 25014.17,16732.05
edge:declared:db.VentureCapitalQuarterlyReportItemReply:reply	23451.18,17309.76 23259.21,17247.32
edge:declared:db.VentureCapitalQuarterlyReportReply:_deprecated_captable	22947.05,17257.35 20428.87,18400.7
edge:declared:db.VentureCapitalQuarterlyReportReply:company_create_request	22943.76,17127.35 22155.48,16777.49
edge:declared:db.VentureCapitalQuarterlyReportReply:portfolio_company	23187.4,17127.35 27308.07,14371.38
edge:declared:db.VentureCapitalQuarterlyReportReply:quarterly_report	23259.21,17135.78 26528.6,16041.36
edge:declared:db.VentureCapitalSubscription:subscription_plan	33151.49,11067.98 33270.23,11252.78
edge:declared:db.VentureCapitalSubscription:venture_capital	33112.48,11067.98 32625.82,12250.52
edge:declared:db.VentureCapitalSubscriptionPlanPermission:subscription_plan	34225.67,11247.92 33441.08,11286.65
edge:declared:db.VentureCapitalSubscriptionPlanPrice:subscription_plan	33226.51,11911.54 33291.93,11334.78
edge:declared:db.VentureCapitalUserRelation:roles	29265.14,10482.06 28096.05,9285.75
edge:declared:db.VentureCapitalUserRelation:venture_capital	29384.55,10572.06 32357.46,12345.74
edge:declared:db.VentureComplex:address	23527.43,18512.16 22871.75,18861.26
edge:declared:db.VideoCollection:video_contents	18894.86,9480.09 19358.26,8888.25
edge:declared:db.VideoCollectionFeedback:company	18785.67,10080.77 17130.26,12249.51
edge:declared:db.VideoCollectionFeedback:video_collection	18817.17,10006.77 18855.66,9570.09
edge:declared:db.VideoCollectionPermission:company	18784.25,10196.77 17138.59,12249.51
edge:declared:db.VideoCollectionPermission:video_collection	18816.58,10122.77 18856.39,9570.09
edge:declared:db.VideoContentHistory:company	19086.95,9936.84 17146.68,12249.51
edge:declared:db.VideoContentHistory:video_collection	19092.41,9854.84 18891.4,9570.09
edge:declared:db.VideoContentHistory:video_content	19131.87,9854.84 19379.84,8888.25
edge:declared:db.VideoContentSpeecher:video_content	19145.48,8794.6 19266.36,8820.59
edge:declared:db.WhitepaperPreviewFile:whitepaper	5849.24,6322.44 5824.47,6437.36
edge:declared:db.WhitepaperWatermarkFile:whitepaper	6724.35,5947.75 5885.85,6437.36
edge:declared:db.WhtBook:employee	12171.03,15287.47 11784.96,15110.84
edge:declared:db.WhtBook:wht_book_without_date	12210.88,15369.47 12088.98,15469.9
edge:declared:db.WhtBookWithoutDate:employee	12011.88,15469.9 11730.83,15146.87
edge:declared:db.WhtCertificate:employee	13167.54,15096.04 11784.96,15052.17
edge:declared:db.WhtReceipt:employee	12743.76,15151.09 11784.96,15059.44
edge:declared:db.YearEndTaxSettlement:payroll	10871.35,18075.82 8902.29,4901.83
edge:declared:db.YearEndTaxSettlementConfirmationSchedule:year_end_tax_settlement	10519.83,18001.66 10754.08,18079.58
edge:declared:db.YetsAssistance:employee	15432.4,30618.81 10002.77,30427.18
edge:declared:db.YetsAssistanceCreatorYetsEmployee:yets_employee	10828.26,30186.95 10002.77,30386.58
edge:declared:db.YetsAssistanceMessage:assistance	18257.82,30460 15680.4,30615.7
edge:declared:db.YetsAssistanceMessage:creator	18257.82,30442.51 14336.11,30126.15
edge:declared:db.YetsAssistanceMessageFile:message	22158.34,30015.05 18505.82,30438.15
edge:declared:db.YetsAssistanceStaffAccessLog:assistance	14964.17,30746.63 15432.4,30649.03
edge:declared:db.YetsAssistanceStaffFavoriteRelation:assistance	16046.51,30446.39 15680.4,30578.46
edge:declared:db.YetsEmail:year_end_tax_settlement	11685.37,19988.52 10897.53,18165.82
edge:declared:db.YetsEmailAuthentication:yets_employee	9383.75,30936.81 9796.61,30487.01
edge:declared:db.YetsEmployee:employee	9863.82,30357.01 11631.22,15146.87
edge:declared:db.YetsEmployee:year_end_tax_settlement	9861.67,30357.01 10874.34,18165.82
edge:declared:db.YetsEmployeeFile:employee	22592.94,31528.15 10002.77,30434.73
edge:declared:db.YetsEmployeeResult:yets_employee	11132.11,28866.74 9909.59,30357.01
edge:declared:db.YetsEmployeeResultAssistanceMessageRelation:assistance_message	14721.48,29730.99 18257.82,30428.07
edge:declared:db.YetsEmployeeResultAssistanceMessageRelation:result	14391.05,29656.99 11293.02,28853.88
edge:declared:db.YetsEmployeeResultStatusLog:result	11215.41,28930.42 11188.23,28866.74
edge:declared:db.YetsEmployeeResultWhtReceipt:result	21526.93,27736.7 11293.02,28808.75
edge:declared:db.YetsEmployeeSubmissionLog:yets_employee	9936.35,30611.15 9883.79,30487.01
edge:declared:db.YetsEmployeeUploadForm:yets_employee	11442.19,30796.03 10002.77,30456.56
edge:declared:db.YetsEmployeeUploadFormStatusLog:yets_employee_upload_form	11201.4,31511.65 11540.89,30860.86
edge:declared:db.ZuzuTaxPhoneToken:phone	8313.29,12382.39 8097.43,12499.25
edge:declared:document_ai.DocumentAiProcessResult:request	25924.52,29760.47 26440.5,27351.41
edge:declared:fi_sta.FiStaCompanyCeo:fi_sta_company	31002.89,30339.64 30296.38,32704.35
edge:declared:fi_sta.FiStaCompanySearchResult:fi_sta_company	30336.27,31501.21 30285.85,32704.35
edge:declared:fi_sta.FiStaContractDocument:participant	28616.92,33259.03 29025.14,33632.44
edge:declared:fi_sta.FiStaContractDocument:stock_transfer_agreement_document	28443.72,33243.42 26714.66,33653.23
edge:declared:fi_sta.FiStaContractDocument:stock_transfer_notice_poa_document	28582.18,33259.03 28655.86,33488.29
edge:declared:fi_sta.FiStaContractDocument:stock_unissued_confirmation_poa_document	28566.64,33169.03 28497.6,30285.88
edge:declared:fi_sta.FiStaManagement:fi_sta_company	31987.46,35037.47 30314.6,32786.35
edge:declared:fi_sta.FiStaParticipant:fi_sta_user	29192.06,33730.44 30759.02,34407.84
edge:declared:fi_sta.FiStaStockTransferAgreementDocument:starter	26714.66,33692.71 28954.71,33682.03
edge:declared:fi_sta.FiStaStockTransferNoticePoaDocument:signer	28765.13,33562.29 28954.71,33634.32
edge:declared:fi_sta.FiStaStockUnissuedConfirmationPoaDocument:signer	28502.98,30285.88 29070.4,33632.44
edge:declared:fi_sta.FiStaTransferStock:stock_transfer_agreement_document	28098.34,33904.52 26714.66,33716.61
edge:declared:fi_sta.FiStaUser:fi_sta_management	30913.39,34481.84 31946.18,35037.47
edge:declared:vertex_ai.VertexAiPredictionResult:request	33823.32,17455.89 33767.2,17538.45
edge:inheritance:db.AgendaBonusIssueNewIssueBalanceCertificateFile->db.FileAttachment	19352.68,18658.47 20048.87,18523.74
edge:inheritance:db.AgendaBonusIssueNewIssueMinutesFile->db.FileAttachment	18745.25,17594.1 20048.87,18373.39
edge:inheritance:db.Announcement->db.QuestionThread	20757.73,12219.13 20528.17,12588.51
edge:inheritance:db.AppointedDirectorCertificateOfSealDocument->db.MeetingDocument	18350.07,26333.57 16678.94,25886.75
edge:inheritance:db.AppointedDirectorResidentRegistrationDocument->db.MeetingDocument	18770.6,26333.57 16678.94,25877.93
edge:inheritance:db.ArticlesOfIncorporationAfterChangeDocument->db.MeetingDocument	19194.45,26334.18 16678.94,25871.87
edge:inheritance:db.ArticlesOfIncorporationBeforeChangeDocument->db.MeetingDocument	19646.45,26339.1 16678.94,25867.45
edge:inheritance:db.ArticlesOfIncorporationDocument->db.MeetingDocument	18374.86,26449.57 16678.94,25897.14
edge:inheritance:db.AuditReportDocument->db.MeetingDocument	18816.95,26453.79 16678.94,25886.4
edge:inheritance:db.BalanceCertificateDocument->db.MeetingDocument	18049.04,23874.73 16656.19,25642.16
edge:inheritance:db.BeforeunloadPdfEvent->db.PdfEvent	29281.42,11182.08 29775.47,11404.17
edge:inheritance:db.BigNumberValueWithVisibility->db.ValueWithVisibility	32479.43,5898.38 32105.27,5908.89
edge:inheritance:db.BranchAbolitionEvent->db.Event	17331.81,17670.85 16764.7,17001.34
edge:inheritance:db.BranchChangeEvent->db.Event	18871.86,17948.67 16820.37,16963.42
edge:inheritance:db.BranchInstallationEvent->db.Event	18785.06,18222.72 16820.37,16985.54
edge:inheritance:db.BulkEmailCommonAttachment->db.FileAttachment	19438.93,18216.11 20048.87,18422.64
edge:inheritance:db.BulkEmailRecipientAttachment->db.FileAttachment	19220.25,18881.54 20048.87,18560.57
edge:inheritance:db.CapitalChangeEvent->db.Event	16517.13,13144.18 16667.86,16783.34
edge:inheritance:db.CaptableAfterNewIssueDocument->db.MeetingDocument	19227.2,26449.57 16678.94,25879.01
edge:inheritance:db.CaptableAtRecordDateDocument->db.MeetingDocument	19680.45,26454.81 16678.94,25873.63
edge:inheritance:db.CaptableBeforeNewIssueDocument->db.MeetingDocument	18392.12,26565.57 16678.94,25907.53
edge:inheritance:db.CeoAddressChangeEvent->db.Event	16167.64,15868.57 16618.63,16783.34
edge:inheritance:db.CeoConfirmationDocument->db.MeetingDocument	18822.21,26565.57 16678.94,25894.86
edge:inheritance:db.CeoTypeChangedCeoResidentRegistrationDocument->db.MeetingDocument	19252.31,26565.57 16678.94,25886.16
edge:inheritance:db.CertificateOfCorporateSealDocument->db.MeetingDocument	19682.4,26565.57 16678.94,25879.8
edge:inheritance:db.CertificateOfSealNotarizationPoaDocument->db.MeetingDocument	18404.83,26681.57 16678.94,25917.92
edge:inheritance:db.CmeBulkEmail->db.BulkEmail	18058.86,16576.33 15392.91,17219.59
edge:inheritance:db.CmeBulkEmailRecipient->db.BulkEmailRecipient	17636.03,16887.4 19581.11,18738.57
edge:inheritance:db.CmeBulkEmailTemplate->db.BulkEmailTemplate	19763.55,15114.22 19368.55,15132.58
edge:inheritance:db.CoCeoSystemChangeEvent->db.Event	16808.26,13144.18 16676.32,16783.34
edge:inheritance:db.CompanyAddressChangeEvent->db.Event	18887.78,18072.67 16820.37,16971.19
edge:inheritance:db.CompanyBulkEmailTemplate->db.BulkEmailTemplate	18921.7,15192.69 19120.55,15159.21
edge:inheritance:db.CompanyDocumentDelivery->db.DocumentDelivery	18565.24,12619.79 19426.77,12644.05
edge:inheritance:db.CompanyEndorsementFeed->db.CompanyFeed	24771.11,5438.42 26228.03,4458.76
edge:inheritance:db.CompanyFeed->db.Feed	26301.97,4458.76 26091.19,6748.96
edge:inheritance:db.CompanyIrClosingFeed->db.CompanyFeed	26361.5,6229.24 26308.44,4458.76
edge:inheritance:db.CompanyIrNewCommitFeed->db.CompanyFeed	26767.46,6088.31 26321.36,4458.76
edge:inheritance:db.CompanyIrOpenFeed->db.CompanyFeed	26888.52,5564.31 26333.46,4458.76
edge:inheritance:db.CompanyNewsFeed->db.CompanyFeed	18979.73,8616.21 26214.62,4458.76
edge:inheritance:db.CompanyOwnerAuditLog->db.AuditLog	11821.63,8082.6 17904.55,7199.93
edge:inheritance:db.CompanyPaymentLink->db.PaymentLink	21835.15,12265.61 23368.61,13192.38
edge:inheritance:db.CompanyQuestionThread->db.QuestionThread	19163.88,14210.59 20426.58,12726.51
edge:inheritance:db.CompanyTanTableView->db.TanTableView	14998.42,8002 14130.55,9145.38
edge:inheritance:db.ConsentFormModusignDocument->db.ModusignDocument	23364.09,26424.54 22505.12,20715.46
edge:inheritance:db.ConsentFormModusignEmbeddedDraft->db.ModusignEmbeddedDraft	21688.56,23014.5 21943.24,21965.75
edge:inheritance:db.ConsentFormOptionItem->db.ConsentFormItem	22336.29,24297.48 22851.63,26793.93
edge:inheritance:db.CorporateRegistrationDocument->db.MeetingDocument	18837.81,26681.57 16678.94,25903.33
edge:inheritance:db.CustomOptionGrantContractTemplate->db.OptionGrantContractTemplate	19748.85,16145.57 19540.67,16164.65
edge:inheritance:db.CustomOptionGrantContractTemplateRevision->db.OptionGrantContractTemplateRevision	20650.92,16236.67 20128.83,16669.28
edge:inheritance:db.DebtConfirmationAndOffsetContractDocument->db.MeetingDocument	17984.13,25326.12 16678.94,25777.59
edge:inheritance:db.Director->db.Stakeholder	17287.16,16535.95 12852.68,19223.92
edge:inheritance:db.DirectorAppointmentEvent->db.Event	16500.32,15872.57 16653.98,16783.34
edge:inheritance:db.DirectorCompensationDecisionEvent->db.Event	16169.97,15988.57 16611.78,16783.34
edge:inheritance:db.DirectorCompensationLimitEvent->db.Event	16500.44,15988.57 16651.63,16783.34
edge:inheritance:db.DirectorDecisionDocument->db.MeetingDocument	19270.79,26681.57 16678.94,25893.3
edge:inheritance:db.DirectorResidentRegistrationWithAddressChangeHistoryDocument->db.MeetingDocument	19703.78,26681.57 16678.94,25885.98
edge:inheritance:db.DirectorTermEndEvent->db.Event	16175.53,16112.57 16602.92,16783.34
edge:inheritance:db.DirectorsMeetingMinutesDocument->db.MeetingDocument	18414.57,26797.57 16678.94,25928.31
edge:inheritance:db.DirectorsMeetingNoticeDocument->db.MeetingDocument	18849.77,26797.57 16678.94,25911.79
edge:inheritance:db.DirectorsMeetingNoticeEmail->db.BulkEmail	16627.97,19119.35 15313.32,17319.96
edge:inheritance:db.DirectorsMeetingNoticeEmailRecipient->db.BulkEmailRecipient	16628.65,19995.46 19511,18847.35
edge:inheritance:db.DirectorsMeetingSkipNoticeDocument->db.MeetingDocument	19284.97,26797.57 16678.94,25900.44
edge:inheritance:db.DocumentLoadedPdfEvent->db.PdfEvent	29693.67,11268.67 29826.49,11404.17
edge:inheritance:db.ESOPParticipant->db.Employee	12023.53,15950.01 11690.99,15146.87
edge:inheritance:db.ElectronicCertificateApplicationFormDocument->db.MeetingDocument	19720.17,26797.57 16678.94,25892.15
edge:inheritance:db.ElectronicCertificateCaseReportDocument->db.MeetingDocument	18422.28,26913.57 16678.94,25938.7
edge:inheritance:db.Employee->db.Stakeholder	11667.6,15146.87 12648.38,19167.54
edge:inheritance:db.EmployeeOptionExerciseEvent->db.Event	17117.7,13144.18 16685.32,16783.34
edge:inheritance:db.EmployeeOptionExerciseManagementEmail->db.BulkEmail	15033.58,15253.63 15254.98,17181.96
edge:inheritance:db.EmployeeOptionGrantee->db.Employee	12115.1,13881.67 11683.92,14944.87
edge:inheritance:db.EmployeeStockGuideEmail->db.BulkEmail	14219.01,17046.77 15132.91,17225.53
edge:inheritance:db.ExpertClientSignupChannel->db.SignupChannel	22870,14867.06 23272.12,14720.45
edge:inheritance:db.FeeReceiptDocument->db.MeetingDocument	18859.24,26913.57 16678.94,25920.25
edge:inheritance:db.FileValueWithVisibility->db.ValueWithVisibility	32828.43,5896.66 32105.27,5910.02
edge:inheritance:db.FinancialStatementsDocument->db.MeetingDocument	19296.19,26913.57 16678.94,25907.58
edge:inheritance:db.FinancialStatementsForNewIssueFromConversionDocument->db.MeetingDocument	18479.66,23870.73 16678.94,25662.09
edge:inheritance:db.HrmAlpUsagePlan->db.HrmApprovable	9228.81,18328.19 7694.63,17871.3
edge:inheritance:db.HrmAnnualLeave->db.HrmLeaveBase	8312.3,21689.28 7933.31,21037.87
edge:inheritance:db.HrmAnnualLeaveFiscalBasedConfig->db.HrmAnnualLeaveConfigBase	8543.67,24949.68 8323.84,22601.42
edge:inheritance:db.HrmAnnualLeaveHireBasedConfig->db.HrmAnnualLeaveConfigBase	8257.24,24137.47 8318.89,22601.42
edge:inheritance:db.HrmAttendance->db.HrmApprovable	7896.69,17810.01 7694.63,17825.1
edge:inheritance:db.HrmAttendanceLocation->db.HrmApprovable	9360.16,17282.61 7694.63,17796.14
edge:inheritance:db.HrmCertificateIssue->db.HrmApprovable	9687.59,16333.63 7639.75,17785.37
edge:inheritance:db.HrmCompensatoryLeave->db.HrmLeaveBase	7047.41,20744.9 7754.84,20929.4
edge:inheritance:db.HrmCustomLeave->db.HrmLeaveBase	7381.57,20751.13 7754.84,20907.79
edge:inheritance:db.HrmDeptAbolishedEvent->db.HrmDeptStatusEventBase	5632.28,22514.08 5584.41,21408.54
edge:inheritance:db.HrmDeptCreatedEvent->db.HrmDeptStatusEventBase	5505.23,20734.4 5577.62,21326.54
edge:inheritance:db.HrmDeptNameChangedEvent->db.HrmDeptNameEventBase	4831.37,19817.27 4595.69,20045.4
edge:inheritance:db.HrmDeptNameEventBase->db.HrmDeptEventBase	4596.05,20119.4 4771.09,20287.23
edge:inheritance:db.HrmDeptParentChangedEvent->db.HrmDeptParentEventBase	5065.12,19984.29 5340.53,19998.02
edge:inheritance:db.HrmDeptParentEventBase->db.HrmDeptEventBase	5383.58,20040.9 4884.63,20287.23
edge:inheritance:db.HrmDeptStatusEventBase->db.HrmDeptEventBase	5552.25,21326.54 4837.09,20361.23
edge:inheritance:db.HrmDocument->db.HrmApprovable	6164.19,16731.6 7508.14,17785.37
edge:inheritance:db.HrmEmpAbsenceEvent->db.HrmEmpStatusEventBase	9055.41,15757 9266.27,15847.4
edge:inheritance:db.HrmEmpAffiliationChangedEvent->db.HrmEmpAffiliationEventBase	7795.04,16887.76 7865.35,16929.78
edge:inheritance:db.HrmEmpAffiliationEventBase->db.HrmEmpEventBase	8054.26,16988.62 8354.94,17040.32
edge:inheritance:db.HrmEmpContractModusignDocument->db.ModusignDocument	25834.82,37860 22508.64,20715.46
edge:inheritance:db.HrmEmpDepartedEvent->db.HrmEmpStatusEventBase	9635.83,15873.62 9513.9,15886.9
edge:inheritance:db.HrmEmpEmploymentTypeChangedEvent->db.HrmEmpEmploymentTypeEventBase	8858.11,17070.75 8481.18,17249.26
edge:inheritance:db.HrmEmpEmploymentTypeEventBase->db.HrmEmpEventBase	8414.52,17249.26 8461.48,17097.61
edge:inheritance:db.HrmEmpJobChangedEvent->db.HrmEmpJobEventBase	8116.28,16311.1 8087.6,16505.21
edge:inheritance:db.HrmEmpJobEventBase->db.HrmEmpEventBase	8110.03,16579.21 8445.05,17023.61
edge:inheritance:db.HrmEmpJoinedEvent->db.HrmEmpStatusEventBase	9180.92,16454.04 9369.89,15953.4
edge:inheritance:db.HrmEmpReturnToWorkEvent->db.HrmEmpStatusEventBase	9302.62,15757 9357.64,15847.4
edge:inheritance:db.HrmEmpStatusEventBase->db.HrmEmpEventBase	9348.01,15953.4 8502.18,17023.61
edge:inheritance:db.HrmFamilyCareLeave->db.HrmLeaveBase	7047.41,20846.67 7754.84,20945.81
edge:inheritance:db.HrmFixedWork->db.HrmWorkBase	6929.57,18794.21 6903.68,18894.18
edge:inheritance:db.HrmGrantableLeave->db.HrmLeaveBase	8098.94,20243.05 7911.89,20891.87
edge:inheritance:db.HrmInfertilityTreatmentLeave->db.HrmLeaveBase	7424.41,20859.67 7754.84,20934.2
edge:inheritance:db.HrmLeaveUsage->db.HrmApprovable	10256.84,18399.23 7694.63,17860.45
edge:inheritance:db.HrmMaternityLeave->db.HrmLeaveBase	7047.41,21050.19 7754.84,20978.63
edge:inheritance:db.HrmMenstrualLeave->db.HrmLeaveBase	7411.41,21042.92 7754.84,20987.01
edge:inheritance:db.HrmMiscarriageLeave->db.HrmLeaveBase	7047.41,21151.96 7754.84,20995.04
edge:inheritance:db.HrmPaternityLeave->db.HrmLeaveBase	7397.06,21141.13 7754.84,21013.42
edge:inheritance:db.HrmPersonalLocation->db.HrmApprovable	9832.36,16861.49 7684.54,17785.37
edge:inheritance:db.HrmReserveTrainingLeave->db.HrmLeaveBase	7037.45,21257.13 7754.84,21011.45
edge:inheritance:db.HrmSelectiveWork->db.HrmWorkBase	6939.68,19146.18 6904.42,19016.18
edge:inheritance:db.HrmSelectiveWorkPlan->db.HrmApprovable	7634.82,17637.83 7586.63,17785.37
edge:inheritance:db.HrmStaggeredWork->db.HrmWorkBase	6157.25,19507.01 6807.12,19016.18
edge:inheritance:db.IBKSignupChannel->db.SignupChannel	23950.27,14617.09 23508.58,14665.78
edge:inheritance:db.IaCertificateOfInvestmentDocument->db.InvestmentAssociationDocument	31746.38,18592.43 31104.34,19283.62
edge:inheritance:db.IaConsentFormDocument->db.InvestmentAssociationDocument	32171.18,18596.43 31139.28,19283.62
edge:inheritance:db.IaConsentFormOrMeetingElectronicSignatureRequestModusignDocument->db.ModusignDocument	25519.93,21081.96 22628.93,20654.57
edge:inheritance:db.IaConsentFormOrMeetingElectronicSignatureRequestModusignEmbeddedDraft->db.ModusignEmbeddedDraft	26308.91,21428.75 22080.11,21898.96
edge:inheritance:db.IaConsentFormOrMeetingElectronicSignatureRequiredDocument->db.InvestmentAssociationDocument	29665.19,19889.96 30904.68,19401.03
edge:inheritance:db.IaExpertPartnerBulkEmailTemplate->db.BulkEmailTemplate	20490.42,15348.31 19368.55,15159.24
edge:inheritance:db.IaExplanationFormForElectronicSignatureDocument->db.InvestmentAssociationDocument	31587.12,19527.39 31190.68,19393.07
edge:inheritance:db.IaGpAppointmentEvent->db.InvestmentAssociationEvent	30785.61,17871.25 29428.48,17670.84
edge:inheritance:db.IaGpTerminationEvent->db.InvestmentAssociationEvent	31022.78,18158.75 29428.48,17688.51
edge:inheritance:db.IaMeetingAgendaCustom->db.IaMeetingAgenda	31145.39,20827.77 30919.5,20566.87
edge:inheritance:db.IaMeetingMinutesDocument->db.InvestmentAssociationDocument	30606.74,19988.33 31005.9,19405.62
edge:inheritance:db.IaMeetingNoticeDocument->db.InvestmentAssociationDocument	30407.36,19872.31 30973.66,19405.62
edge:inheritance:db.IaMeetingSealedNoticeDocumentFile->db.FileAttachment	28162.26,19712.07 20428.87,18516.35
edge:inheritance:db.IaMeetingShortenPeriodDocument->db.InvestmentAssociationDocument	31735.57,18720.43 31114.9,19283.62
edge:inheritance:db.IaModusignDocumentUsageHistory->db.BaseModusignDocumentUsageHistory	24512.23,14364.49 23529.19,14202.13
edge:inheritance:db.IaOwnerAuditLog->db.AuditLog	22957.5,4905.57 18102.73,7145.81
edge:inheritance:db.IaPartnerListDocument->db.InvestmentAssociationDocument	31065.71,19011.82 31050.99,19283.62
edge:inheritance:db.IaPaymentLink->db.PaymentLink	25190.05,13435.43 23567.07,13251.44
edge:inheritance:db.IaPfCompanyInvestmentSalesIntent->db.SalesIntent	29816.9,22226.75 30853.77,23044.03
edge:inheritance:db.IaQuestionThread->db.QuestionThread	21392.91,13213.68 20597.89,12726.51
edge:inheritance:db.IaRuleDocument->db.InvestmentAssociationDocument	28584.28,19323.23 30904.68,19343.38
edge:inheritance:db.IaSealStampImage->db.FileAttachment	21115.88,18541.68 20428.87,18498.82
edge:inheritance:db.IaWrittenResolutionDocument->db.InvestmentAssociationDocument	32159.71,18720.43 31156.35,19283.62
edge:inheritance:db.ImAcVcBroker->db.ImZuzuBroker	26538.27,12334.43 28243.63,12230.49
edge:inheritance:db.ImIndividualGpBroker->db.ImZuzuBroker	28107.36,12375.35 28299.75,12260.3
edge:inheritance:db.ImInvestorBroker->db.ImBroker	30495.1,12316.24 28954.52,12208.99
edge:inheritance:db.ImIrPartnerBroker->db.ImBroker	27867.2,12093.3 28706.52,12186.58
edge:inheritance:db.ImPitchingDay->db.ImDay	28851.91,10871.16 29354.4,10988.18
edge:inheritance:db.ImPitchingDayParticipation->db.ImDayParticipation	27726.78,9637.82 29165.61,10713.86
edge:inheritance:db.ImZuzuBroker->db.ImBroker	28479.63,12217.53 28706.52,12206.43
edge:inheritance:db.InauguralConsentDocument->db.MeetingDocument	13890.7,22515.75 16346.21,25642.16
edge:inheritance:db.IncorporationRequestAssistanceReceipt->db.FileAttachment	21169.46,17121.6 20386.77,18269.97
edge:inheritance:db.IndividualStakeholder->db.Stakeholder	13107.23,20459.57 12744.85,19481.54
edge:inheritance:db.IndividualStockOptionCancelEvent->db.IndividualInvestorEvent	32901.09,28652.32 31990.47,28038.39
edge:inheritance:db.IndividualStockOptionExerciseEvent->db.IndividualInvestorEvent	33206.59,29717.13 31957.21,28038.39
edge:inheritance:db.IndividualStockOptionGrantEvent->db.IndividualInvestorEvent	32029.29,26310.48 31926.54,27948.39
edge:inheritance:db.IndividualStockOptionPauseEvent->db.IndividualInvestorEvent	28910.64,27308.34 31799.72,27965.2
edge:inheritance:db.IndividualStockOptionResumeEvent->db.IndividualInvestorEvent	29414.66,29352.56 31840.65,28038.39
edge:inheritance:db.IndividualStockOptionSalesIntent->db.SalesIntent	29810.75,23095.46 30782.71,23082.59
edge:inheritance:db.InputSignupChannel->db.SignupChannel	24036.84,15040.74 23458.6,14720.45
edge:inheritance:db.InstitutionStakeholder->db.Stakeholder	12752.37,21124.17 12692.41,19481.54
edge:inheritance:db.InvestmentAssociationAssociationPartner->db.InvestmentAssociationOrganizationPartner	31527.38,15931.91 32580.91,16786.57
edge:inheritance:db.InvestmentAssociationCorporationPartner->db.InvestmentAssociationOrganizationPartner	33439.88,15978.35 32686.96,16786.57
edge:inheritance:db.InvestmentAssociationIndividualPartner->db.InvestmentAssociationPartner	31631.64,17132.57 33524.98,18179.62
edge:inheritance:db.InvestmentAssociationOrganizationPartner->db.InvestmentAssociationPartner	32676.95,16884.57 33602.7,18157.44
edge:inheritance:db.InvestmentAssociationOrganizationPartnerCorporationSigner->db.InvestmentAssociationOrganizationPartnerSigner	32993.2,14920.73 32677.68,15064.75
edge:inheritance:db.InvestmentAssociationOrganizationPartnerIndividualSigner->db.InvestmentAssociationOrganizationPartnerSigner	32463.43,14978.9 32539.32,15064.75
edge:inheritance:db.InvestmentAssociationPartnerSalesIntent->db.SalesIntent	31897.68,21858.4 30930.88,23044.03
edge:inheritance:db.InvestmentContractHolder->db.Stakeholder	13678.66,15761.91 12730.4,19167.54
edge:inheritance:db.InvestorRelations->db.InvestorMatching	27258.43,7713.18 25783.03,10857.81
edge:inheritance:db.IrClosingComplete->db.IrClosing	28314.92,5185.98 29089.27,6665.18
edge:inheritance:db.IrClosingExpired->db.IrClosing	29101.22,7228.66 29109.98,6747.18
edge:inheritance:db.IrClosingIncomplete->db.IrClosing	29845.06,6737.09 29234.73,6711.4
edge:inheritance:db.IrConsultingRequest->db.ImConsultingRequest	25398.1,9929.2 24830.27,9357.14
edge:inheritance:db.IrFeed->db.Feed	26619.3,7706.49 26109.14,6822.96
edge:inheritance:db.IrosOtpIssueMeetingDocument->db.MeetingDocument	11719.08,22971.64 16322.94,25732.42
edge:inheritance:db.LawtalkSignupAttachment->db.FileAttachment	18419.33,15002.08 20125.57,18269.97
edge:inheritance:db.LedgerByCustomerDocument->db.MeetingDocument	18050.27,23994.73 16666.42,25642.16
edge:inheritance:db.LegalPartnerSignupChannel->db.SignupChannel	22791.07,14767.46 23260.58,14697.84
edge:inheritance:db.ManualOptionVesting->db.OptionVesting	15918.27,18553.34 15937.24,18447.59
edge:inheritance:db.ManualProduct->db.Product	23002.66,12165.63 23096.55,12232.37
edge:inheritance:db.MeetingAttachment->db.FileAttachment	18735.82,17721.01 20048.87,18390.15
edge:inheritance:db.Mna->db.InvestorMatching	25452.63,10755.8 25602.64,10857.81
edge:inheritance:db.MnaConsultingRequest->db.ImConsultingRequest	24456.44,9346.79 24665.57,9327.55
edge:inheritance:db.NcpSignupChannel->db.SignupChannel	24514.85,14999.49 23508.58,14714.56
edge:inheritance:db.NewCeoCertificateOfSealDocument->db.MeetingDocument	18866.91,27029.57 16678.94,25928.72
edge:inheritance:db.NewCeoResidentRegistrationDocument->db.MeetingDocument	19305.29,27029.57 16678.94,25914.72
edge:inheritance:db.NewIssueNoticeEmail->db.BulkEmail	14107.28,22189.31 15246.76,17319.96
edge:inheritance:db.NewIssueSkipNoticeDocument->db.MeetingDocument	18472.92,23998.73 16678.94,25673.03
edge:inheritance:db.NewIssueStockAcceptanceDocument->db.MeetingDocument	18391.27,25326.12 16678.94,25790.85
edge:inheritance:db.NewIssueStockAllocationDocument->db.MeetingDocument	18044.48,24122.73 16678.1,25642.16
edge:inheritance:db.NewIssueStockAllocationRecordDateNoticeDocument->db.MeetingDocument	18290.13,24975.96 16678.94,25753.28
edge:inheritance:db.NewIssueStockSubscriptionDocument->db.MeetingDocument	17955.55,25442.12 16678.94,25790.57
edge:inheritance:db.NewIssueStockUnissuedConfirmationDocument->db.MeetingDocument	18354.84,25442.12 16678.94,25801.04
edge:inheritance:db.NonUnifiedShareManagementSalesIntent->db.SalesIntent	28928.63,24744.1 30856.84,23118.03
edge:inheritance:db.NonUnifiedShareSucPoaModusignDocument->db.ModusignDocument	23257.22,20990.3 22628.93,20697.78
edge:inheritance:db.NotarizationPoaDocument->db.MeetingDocument	19743.66,27029.57 16678.94,25904.5
edge:inheritance:db.OptionExerciseClaimAttachment->db.FileAttachment	14804.7,17565.06 20048.87,18454.74
edge:inheritance:db.OptionExerciseClaimMeetingDocument->db.MeetingDocument	14990.18,21521.53 16432.01,25642.16
edge:inheritance:db.OptionExerciseManagementEmail->db.BulkEmail	15352.72,16592.42 15272.32,17181.96
edge:inheritance:db.OptionGrantContractCeo->db.OptionGrantContractStakeholder	19654.05,15472.25 19563.29,15701.39
edge:inheritance:db.OptionGrantContractFirstRefusalRightHolder->db.OptionGrantContractStakeholder	19902.34,15356.23 19619.5,15701.39
edge:inheritance:db.OptionGrantContractModusignDocument->db.ModusignDocument	21114.01,19594.4 22385.54,20553.46
edge:inheritance:db.OptionGrantContractModusignEmbeddedDraft->db.ModusignEmbeddedDraft	21306.52,20991.71 21918.73,21859.75
edge:inheritance:db.OptionGrantEvent->db.Event	16241.73,18501.5 16643.2,17001.34
edge:inheritance:db.OptionGrantee->db.Stakeholder	15372.93,19177.47 12852.68,19315.45
edge:inheritance:db.OptionWithdrawEvent->db.Event	16808.22,13260.18 16676.45,16783.34
edge:inheritance:db.OtherDocumentArchiveAttachment->db.FileAttachment	19924.55,17162.04 20187.39,18269.97
edge:inheritance:db.PageNumberUpdatedPdfEvent->db.PdfEvent	30137.7,11492.65 29990.68,11466.89
edge:inheritance:db.PayrollStatementEmail->db.BulkEmail	13217.63,17207.53 15132.91,17248.2
edge:inheritance:db.PayrollStatementEmailRecipient->db.BulkEmailRecipient	12891.53,18499.68 19511,18789.87
edge:inheritance:db.PerformanceRsuVestingItem->db.RsuVestingItem	15880.64,14833.98 15585.58,14854.9
edge:inheritance:db.PeriodPhantomStockVestingItem->db.PhantomStockVestingItem	11795.67,18299.51 11646.56,18016.66
edge:inheritance:db.PeriodRsuVestingItem->db.RsuVestingItem	15849,14742.25 15585.58,14824.82
edge:inheritance:db.PeriodicOptionVesting->db.OptionVesting	15695.98,18526.22 15864.55,18447.59
edge:inheritance:db.PhantomStockCancelEvent->db.Event	17117.56,13260.18 16685.73,16783.34
edge:inheritance:db.PhantomStockExerciseEvent->db.Event	16517.23,13376.18 16667.56,16783.34
edge:inheritance:db.PhantomStockGrantEvent->db.Event	16808.17,13376.18 16676.58,16783.34
edge:inheritance:db.PhantomStockGrantee->db.Stakeholder	12188.23,18206.18 12616.71,19167.54
edge:inheritance:db.PhantomStockPauseEvent->db.Event	16219.52,16280.19 16591.74,16783.34
edge:inheritance:db.PhantomStockResumeEvent->db.Event	16541.34,16335.52 16646.72,16783.34
edge:inheritance:db.PingpongDeliveryAddress->db.Address	22390.48,14307.22 22708.93,18818.25
edge:inheritance:db.Playbook->db.MembershipContent	4432.37,4545.81 4597.68,5002.71
edge:inheritance:db.Post->db.MembershipContent	4164.57,4661.81 4561.56,5002.71
edge:inheritance:db.ProofOfEmploymentDocument->db.MeetingDocument	18433.71,27145.57 16678.94,25959.47
edge:inheritance:db.QuarterlyReportRequestAttachment->db.FileAttachment	24651.05,17274.51 20428.87,18434.76
edge:inheritance:db.QuarterlyReportSignupChannel->db.SignupChannel	25373.2,14913.94 23508.58,14694.07
edge:inheritance:db.QuestionMessageAttachment->db.FileAttachment	21021.74,18422.68 20428.87,18471.37
edge:inheritance:db.RegistrationAssistanceReceipt->db.FileAttachment	20976.83,17005.58 20346.97,18269.97
edge:inheritance:db.RegistrationFormAllInOneDocument->db.MeetingDocument	18873.26,27145.57 16678.94,25937.18
edge:inheritance:db.RegistrationFormAoiChangeDocument->db.MeetingDocument	19312.81,27145.57 16678.94,25921.86
edge:inheritance:db.RegistrationFormBranchChangeDocument->db.MeetingDocument	19752.36,27145.57 16678.94,25910.68
edge:inheritance:db.RegistrationFormCaptableDocument->db.MeetingDocument	19307.13,24130.45 16678.94,25730.77
edge:inheritance:db.RegistrationFormCeoAddressChangeDocument->db.MeetingDocument	18438.06,27261.57 16678.94,25969.86
edge:inheritance:db.RegistrationFormDirectorChangeDocument->db.MeetingDocument	18878.6,27261.57 16678.94,25945.65
edge:inheritance:db.RegistrationFormHeadOfficeInsideRelocationDocument->db.MeetingDocument	20087.14,23339.23 16678.94,25715.08
edge:inheritance:db.RegistrationFormHeadOfficeOutsideRelocationDocument->db.MeetingDocument	20084.6,23455.23 16678.94,25720.75
edge:inheritance:db.RegistrationFormNewIssueDocument->db.MeetingDocument	19319.14,27261.57 16678.94,25929
edge:inheritance:db.RegistrationFormNewOptionsRuleDocument->db.MeetingDocument	19759.68,27261.57 16678.94,25916.86
edge:inheritance:db.RegistrationPoaDocument->db.MeetingDocument	18441.77,27377.57 16678.94,25980.25
edge:inheritance:db.RegularProduct->db.Product	23037.95,12400.11 23117.29,12306.37
edge:inheritance:db.ResignationLetterDocument->db.MeetingDocument	13891.74,22631.75 16340.68,25642.16
edge:inheritance:db.ResignedDirectorCertificateOfSealDocument->db.MeetingDocument	18883.16,27377.57 16678.94,25954.11
edge:inheritance:db.RsaForfeitEvent->db.Event	16361.43,16877.68 16524.37,16885.36
edge:inheritance:db.RsaVestConfirmEvent->db.Event	16911.37,16605.91 16763.32,16783.34
edge:inheritance:db.RsuCancelEvent->db.Event	16517.29,13492.18 16667.4,16783.34
edge:inheritance:db.RsuExerciseClaimCandidateEmailRecipient->db.BulkEmailRecipient	14514.24,16678.12 19511,18741.88
edge:inheritance:db.RsuExerciseEvent->db.Event	16193.22,16505.55 16537.34,16783.34
edge:inheritance:db.RsuExerciseManagementEmail->db.BulkEmail	14514.49,16420.43 15200.73,17181.96
edge:inheritance:db.RsuGrantContractModusignDocument->db.ModusignDocument	21047.99,19309.27 22404.61,20553.46
edge:inheritance:db.RsuGrantEvent->db.Event	16808.12,13492.18 16676.72,16783.34
edge:inheritance:db.RsuGrantee->db.Stakeholder	14260.52,16884.21 12787.93,19167.54
edge:inheritance:db.RsuPauseEvent->db.Event	16177.14,17159.26 16524.37,16972.11
edge:inheritance:db.RsuPerformanceAchievementEvent->db.Event	17117.26,13492.18 16686.63,16783.34
edge:inheritance:db.RsuResumeEvent->db.Event	16307.7,17356.34 16586.7,17001.34
edge:inheritance:db.RtccEmail->db.BulkEmail	15543.28,17001.84 15340.56,17181.96
edge:inheritance:db.RtccInvestorFile->db.FileAttachment	18544.53,18427.05 20048.87,18480.25
edge:inheritance:db.SafeCreateEvent->db.Event	17316.31,17464.71 16795,17001.34
edge:inheritance:db.SalesReportDocument->db.MeetingDocument	19324.54,27377.57 16678.94,25936.14
edge:inheritance:db.SealStampCardContinuedUseApplicationFormDocument->db.MeetingDocument	11721.65,23087.64 16322.94,25736.68
edge:inheritance:db.SealStampDeclarationDocument->db.MeetingDocument	11724.44,23203.64 16322.94,25740.95
edge:inheritance:db.SealStampImage->db.FileAttachment	19202.01,17151.8 20070.36,18269.97
edge:inheritance:db.SealedOptionGrantContractDocument->db.MeetingDocument	19765.92,27377.57 16678.94,25923.03
edge:inheritance:db.SealedOptionGrantShareholdersMeetingResolutionDocument->db.MeetingDocument	18444.97,27493.57 16678.94,25990.64
edge:inheritance:db.Shareholder->db.Stakeholder	13193.36,22666.06 12710.49,19481.54
edge:inheritance:db.ShareholdersAgreementModusignDocument->db.ModusignDocument	21849.29,20600.8 22356.93,20627.35
edge:inheritance:db.ShareholdersAgreementModusignEmbeddedDraft->db.ModusignEmbeddedDraft	21603.37,21988.07 21832.11,21939.23
edge:inheritance:db.ShareholdersCertificateOfSealDocument->db.MeetingDocument	18887.09,27493.57 16678.94,25962.57
edge:inheritance:db.ShareholdersMeetingAuditReportDocument->db.MeetingDocument	19329.2,27493.57 16678.94,25943.28
edge:inheritance:db.ShareholdersMeetingConvocationNoticeEmail->db.BulkEmail	18373.32,20656.92 15325.92,17319.96
edge:inheritance:db.ShareholdersMeetingConvocationNoticeEmailAttachment->db.FileAttachment	19789.39,20385.28 20187.49,18703.97
edge:inheritance:db.ShareholdersMeetingConvocationNoticeEmailRecipient->db.ShareholdersMeetingConvocationNoticeRecipient	19634.26,18968.57 19204.41,21329
edge:inheritance:db.ShareholdersMeetingConvocationNoticeWrittenRecipient->db.ShareholdersMeetingConvocationNoticeRecipient	19315.46,21683.89 19213.54,21419
edge:inheritance:db.ShareholdersMeetingMinutesDocument->db.MeetingDocument	19771.31,27493.57 16678.94,25929.21
edge:inheritance:db.ShareholdersMeetingNoticeDocument->db.MeetingDocument	18447.76,27609.57 16678.94,26001.03
edge:inheritance:db.ShareholdersMeetingPowerOfAttorneyDocument->db.MeetingDocument	18890.51,27609.57 16678.94,25971.04
edge:inheritance:db.ShareholdersMeetingPowerOfAttorneyIndividualDocument->db.MeetingDocument	17266.11,23482.6 16564.9,25642.16
edge:inheritance:db.ShareholdersMeetingShortenPeriodDocument->db.MeetingDocument	19333.26,27609.57 16678.94,25950.42
edge:inheritance:db.ShareholdersMeetingShortenPeriodIndividualDocument->db.MeetingDocument	17265.49,23598.6 16568.16,25642.16
edge:inheritance:db.ShareholdersMeetingSkipNoticeDocument->db.MeetingDocument	19776,27609.57 16678.94,25935.38
edge:inheritance:db.ShareholdersMeetingWrittenDecisionDocument->db.MeetingDocument	18450.22,27725.57 16678.94,26011.42
edge:inheritance:db.ShareholdersMeetingWrittenDecisionIndividualDocument->db.MeetingDocument	17264.82,23714.6 16571.77,25642.16
edge:inheritance:db.ShareholdersWrittenResolutionDocument->db.MeetingDocument	18893.52,27725.57 16678.94,25979.5
edge:inheritance:db.StockTransferAgreementModusignDocument->db.ModusignDocument	20233.53,20227.98 22356.93,20609.99
edge:inheritance:db.StockTransferAgreementModusignEmbeddedDraft->db.ModusignEmbeddedDraft	20342.97,20628.96 21889.51,21859.75
edge:inheritance:db.SubscriptionModusignDocumentUsageHistory->db.BaseModusignDocumentUsageHistory	23722.83,13450.79 23393.42,14135.45
edge:inheritance:db.TaxReceiptDocument->db.MeetingDocument	19336.83,27725.57 16678.94,25957.56
edge:inheritance:db.Template->db.MembershipContent	4436.04,4661.81 4593.21,5002.71
edge:inheritance:db.TextValueWithVisibility->db.ValueWithVisibility	32495.93,6031.72 32105.27,5939.93
edge:inheritance:db.UserProfileImage->db.FileAttachment	20761.59,18665.65 20428.87,18551.92
edge:inheritance:db.VentureCapitalPaymentLink->db.PaymentLink	28418.8,12631 23567.07,13222.27
edge:inheritance:db.Webinar->db.MembershipContent	4180.85,4777.81 4541.75,5002.71
edge:inheritance:db.Whitepaper->db.MembershipContent	5781.19,6437.36 4651.76,5092.71
edge:inheritance:db.WrittenStatementDocument->db.MeetingDocument	19780.13,27725.57 16678.94,25941.56
edge:inheritance:db.YetsAssistanceCreatorUser->db.YetsAssistanceCreator	13957.16,30303.78 14166.52,30153.63
edge:inheritance:db.YetsAssistanceCreatorYetsEmployee->db.YetsAssistanceCreator	11105.26,30151.89 14100.11,30117.97
edge:inheritance:db.YetsAssistanceMessageFile->db.FileAttachment	22271.78,29964.15 20277.31,18703.97
edge:inheritance:db.YetsEmail->db.BulkEmail	11748.85,19988.52 15174.34,17319.96
edge:inheritance:db.YetsEmployeeFile->db.FileAttachment	22705.93,31501.57 20280.01,18703.97
edge:inheritance:db.YetsEmployeeResultWhtReceipt->db.FileAttachment	21655.73,27685.61 20272.3,18703.97
edge:inheritance:db.ZuzuOptionGrantContractTemplate->db.OptionGrantContractTemplate	19780.39,15969.57 19502.98,16123.84
edge:inheritance:db.ZuzuOptionGrantContractTemplateRevision->db.OptionGrantContractTemplateRevision	20173.13,16333.5 20086.17,16669.28
