edge:declared:db.AgendaBonusIssue:certificate_of_payment_for_the_share_file	17552.88,20215.43 20161.18,18330.81
edge:declared:db.AgendaBonusIssue:meeting_draft	17552.88,20283.28 17229.6,20513.16
edge:declared:db.AgendaBonusIssueNewIssueBalanceCertificateFile:agenda_bonus_issue	19343.9,18336.87 17552.88,20202.09
edge:declared:db.AgendaBonusIssueNewIssueMinutesFile:agenda_bonus_issue	18644.13,17023.77 17552.88,20137.28
edge:declared:db.AgendaBonusIssueSharesToIssue:agenda_bonus_issue	17065.16,18531.2 17552.88,20137.28
edge:declared:db.AgendaBonusIssueSharesToIssue:share_class	16852.05,18457.2 16016.49,18137.04
edge:declared:db.AgendaBorrowCapital:meeting_draft	17407.01,20756.37 17229.6,20720.83
edge:declared:db.AgendaBranchChange:address	18220.08,20308.43 23072.2,18757.84
edge:declared:db.AgendaBranchChange:installation_event	18220.08,20308.43 18937.46,17920.03
edge:declared:db.AgendaBranchChange:meeting_draft	17972.08,20308.43 17229.6,20683.31
edge:declared:db.AgendaCashDividends:meeting_draft	16521.67,20614.7 16909.6,20661.33
edge:declared:db.AgendaCeoAddressChange:meeting_draft	13258.12,22131 16909.6,20738.39
edge:declared:db.AgendaCeoAddressChangeItem:agenda_ceo_address_change	12644.81,22124.41 13052.36,22169.59
edge:declared:db.AgendaCeoAddressChangeItem:stakeholder	12509.24,22084.94 11859.98,19282.45
edge:declared:db.AgendaChangeOfAoiClassStock:aoi	19114.43,20340.51 19099.32,20739.52
edge:declared:db.AgendaChangeOfAoiCustom:aoi	19545.8,20324.15 19179.14,20739.52
edge:declared:db.AgendaChangeOfAoiCustom:changed_part	19620.11,20242.15 20276.57,18330.81
edge:declared:db.AgendaChangeOfAoiDirectorCompensationRule:aoi	19574.74,20759.91 19267.18,20834.31
edge:declared:db.AgendaChangeOfAoiNumberOfDirectors:aoi	19524.99,20629.95 19267.18,20788.7
edge:declared:db.AgendaChangeOfAoiThirdPartyAllocation:aoi	19202.91,21003.2 19102.34,20869.52
edge:declared:db.AgendaChangeOfArticlesOfIncorporation:_deprecated_changed_part	19117.14,20739.52 20239.48,18330.81
edge:declared:db.AgendaChangeOfArticlesOfIncorporation:meeting_draft	18900.18,20869.52 17229.6,20707.57
edge:declared:db.AgendaCoCeoSystemChange:meeting_draft	14457.31,22714.76 16909.6,20803.16
edge:declared:db.AgendaCompanyNameChange:meeting_draft	18071.26,22120.91 17167.1,20803.16
edge:declared:db.AgendaCustom:meeting_draft	14774.31,22738.42 16909.6,20803.16
edge:declared:db.AgendaDirectorChange:stakeholder	14611.47,22438.8 11953.72,19282.45
edge:declared:db.AgendaDirectorCompensationItem:director_compensation	15805.88,21880.68 15997.87,21832.29
edge:declared:db.AgendaDirectorCompensationItem:stakeholder	15689.37,21880.68 11989.61,19266.51
edge:declared:db.AgendaDirectorCompensationRule:meeting_draft	18422.89,22120.91 17194.04,20803.16
edge:declared:db.AgendaFinancialStatements:audit_report	17818.44,20161.28 20161.18,18330.81
edge:declared:db.AgendaFinancialStatements:meeting_draft	17856.88,20259.28 17229.6,20513.16
edge:declared:db.AgendaHeadOfficeRelocation:address	18662.34,21993.38 23072.2,18764.5
edge:declared:db.AgendaHeadOfficeRelocation:meeting_draft	18662.34,21887.38 17229.6,20803.16
edge:declared:db.AgendaHeadOfficeRelocationAoiChange:meeting_draft	18072.67,22236.91 17161.57,20803.16
edge:declared:db.AgendaMethodOfGivingPublicNoticeChange:daily_newspaper	17251.33,19982.33 17617.56,14700.24
edge:declared:db.AgendaMethodOfGivingPublicNoticeChange:meeting_draft	17233.41,20064.33 17122.71,20513.16
edge:declared:db.AgendaNewIssue:financial_statements	16798.18,22685.95 20180.45,18330.81
edge:declared:db.AgendaNewIssue:meeting_draft	16721.68,22685.95 17092.07,20803.16
edge:declared:db.AgendaNewIssueItem:new_issue	18961.03,26445.64 16867.3,22855.95
edge:declared:db.AgendaNewIssueItemFromConversion:new_issue_item	19383.28,26929.39 19061.3,26575.64
edge:declared:db.AgendaNewIssueItemFromPayment:new_issue_item	18920.75,26660.65 18993.86,26575.64
edge:declared:db.AgendaNewIssueItemInstitutionMember:institution	20942.01,27146.93 19714.93,25947.97
edge:declared:db.AgendaNewIssueItemInstitutionMemberCeo:member	19971.3,26671.76 20907.02,27146.93
edge:declared:db.AgendaNewIssueItemShareClass:item	18964.88,26113.41 19014.29,26445.64
edge:declared:db.AgendaNewIssueItemShareholder:item	19619.42,25947.97 19110.25,26445.64
edge:declared:db.AgendaNewIssueNewShareClass:new_issue	17055.27,22843.12 16867.3,22823.43
edge:declared:db.AgendaNewOptionsRule:meeting_draft	18424.69,22236.91 17186.98,20803.16
edge:declared:db.AgendaNewOrChangeRsuRule:meeting_draft	18073.97,22356.91 17156.48,20803.16
edge:declared:db.AgendaOptionCancel:meeting_draft	15915.63,21090.63 16909.6,20690.35
edge:declared:db.AgendaOptionCancelGrantee:option_cancel	15427.74,21145.46 15667.63,21083.43
edge:declared:db.AgendaOptionCancelGrantee:option_grantee	15175.74,21106.61 14975.32,18996.81
edge:declared:db.AgendaOptionCancelOption:_deprecated_grantee	15214.31,21233.67 15306.75,21183.73
edge:declared:db.AgendaOptionCancelOption:option_cancel	15312.4,21233.67 15680.38,21135.12
edge:declared:db.AgendaOptionCancelOptionDistribution:option	15476.97,21374.28 15246.8,21315.67
edge:declared:db.AgendaOptionExercise:meeting_draft	13266.37,22255 16909.6,20745.27
edge:declared:db.AgendaOptionExerciseClaim:option_exercise	13807.25,21663.94 13194.21,22255
edge:declared:db.AgendaOptionExerciseClaim:option_exercise_claim	13948.19,21581.94 12901.45,17400.54
edge:declared:db.AgendaOptionExerciseGrantee:option_exercise	14869.65,21741.81 13266.44,22255
edge:declared:db.AgendaOptionExerciseGrantee:option_grantee	15085.38,21651.81 14972.16,18996.81
edge:declared:db.AgendaOptionExerciseGranteeOption:grantee	14841.14,21840.13 14922.07,21741.81
edge:declared:db.AgendaOptionGrant:meeting_draft	16678.27,20210.98 16956.27,20513.16
edge:declared:db.AgendaOptionGrantGrantee:_deprecated_option_grant_event	15788,18884.9 15785.46,18435.43
edge:declared:db.AgendaOptionGrantGrantee:option_grant	15916.37,18982.9 16767.1,20120.98
edge:declared:db.AgendaOptionGrantGrantee:option_grantee	15668.37,18938.44 15111.06,18935.05
edge:declared:db.AgendaOptionGrantGrantee:stakeholder	15668.37,18939.13 11989.61,19118.45
edge:declared:db.AgendaPurposeChange:meeting_draft	18423.29,22352.91 17180.48,20803.16
edge:declared:db.AgendaPurposeChangeItem:agenda_purpose_change	17951.23,25369.03 18443.02,22434.91
edge:declared:db.AgendaRsuGrant:meeting_draft	14457.31,22901.17 16909.6,20803.16
edge:declared:db.AgendaRsuGrantGrantee:rsu	15284.07,14088.03 15484.46,14144.36
edge:declared:db.AgendaRsuGrantGrantee:rsu_grant	15284.07,14151 14457.31,22811.17
edge:declared:db.AgendaRsuGrantGrantee:stakeholder	15133.09,14151 11926.91,18968.45
edge:declared:db.AgendaSubsidiaryEstablishment:meeting_draft	14787.31,22897.17 16909.6,20803.16
edge:declared:db.AgendaTemplate:company	23055.11,6482.45 16860.15,10697.71
edge:declared:db.AiPayrollLedger:payroll	6357.24,2209.68 7471.67,1919.99
edge:declared:db.AlimtalkActivityRecipient:activity	32297.01,13092.34 32917.59,12849.95
edge:declared:db.AlimtalkActivityRecipientStatusHistory:recipient	32147.88,13249.54 32176.46,13174.34
edge:declared:db.AllocatedSeat:stakeholder	10568.62,13605.01 11787.92,18968.45
edge:declared:db.Announcement:company_set	20843.25,10487.99 16860.15,10811.31
edge:declared:db.Announcement:subscription_plan_set	20843.25,10450.27 20524.26,10379.05
edge:declared:db.AnnualSalary:employee	11724.28,13865.63 10784.81,13940.06
edge:declared:db.AnnualSalary:ledger	11960.28,13875.8 12852.79,14007.67
edge:declared:db.Article:third_party_provider	20206.06,19202.82 20207.38,19729.18
edge:declared:db.Article:thumbnail_image	20333.58,19120.82 20300.94,18330.81
edge:declared:db.ArticlePublishHistory:article	20223.92,19258.84 20251.57,19202.82
edge:declared:db.ArticlesOfIncorporation:_deprecated_daily_newspaper	17578.84,14387.59 17614.18,14618.24
edge:declared:db.ArticlesOfIncorporation:articles_of_incorporation_file	17612.05,14387.59 20191.51,17896.81
edge:declared:db.ArticlesOfIncorporation:company	17555.22,14273.59 16726.84,11043.68
edge:declared:db.ArticlesOfIncorporation:source_meeting	17572.65,14387.59 17857.41,16891.86
edge:declared:db.ArticlesOfIncorporationAnalyzationRequest:company	14500.15,5308.19 16585.43,10609.68
edge:declared:db.ArticlesOfIncorporationAnalyzationResult:request	11624.92,5488.76 14303.2,5282.18
edge:declared:db.AuditLog:actor_api_key	19285.09,3625.93 18065.44,4784.42
edge:declared:db.AvailableModusignRequest:company	21348.8,20695.17 16778.82,11043.68
edge:declared:db.AvailableModusignRequest:modusign_account	21389.7,20695.17 21830,20608.69
edge:declared:db.BalanceCertificateDocument:new_issue_agenda	17993.35,24859.89 16867.3,22855.95
edge:declared:db.BalanceCertificateDocument:option_exercise_agenda	17993.35,24859.89 13300.36,22353
edge:declared:db.BaseModusignDocumentUsageHistory:modusign_document	24223.93,12941.94 22877.27,20710.06
edge:declared:db.BaseModusignDocumentUsageHistory:purchase	24039.95,12863.67 22186.6,12511
edge:declared:db.BranchAbolitionEvent:installation_event	17265.25,17430.56 18690.74,17822.03
edge:declared:db.BranchChangeEvent:address	19031.53,17554.22 23072.2,18598.29
edge:declared:db.BranchChangeEvent:installation_event	18894.25,17561.88 18830.61,17822.03
edge:declared:db.BranchInstallationEvent:address	18938.74,17907.5 23072.2,18618.75
edge:declared:db.BulkEmail:sender_mail_integration	14628.8,16753.57 14592.13,16926.66
edge:declared:db.BulkEmail:template_revision	14806.91,16615.57 17116.18,15926.17
edge:declared:db.BulkEmailCommonAttachment:bulk_email	19205.73,17710.08 14806.91,16716.36
edge:declared:db.BulkEmailRecipient:bulk_email	19764.13,18493.84 14806.91,16733.08
edge:declared:db.BulkEmailRecipient:email_activity_recipient	19942.17,18599.35 24200.15,23651.23
edge:declared:db.BulkEmailRecipientAttachment:recipient	18986.8,18698.71 19764.13,18564.75
edge:declared:db.BulkEmailTemplateRevision:template	17356.18,15933.21 18996.2,14561.43
edge:declared:db.BusinessPlan:company	15057.53,10225.51 16480.15,10755.15
edge:declared:db.BusinessPlanAiAnalysis:business_plan_ai_review	13455.57,9242.37 14807.91,9973.15
edge:declared:db.BusinessPlanAiAnalysisItem:ai_analysis_feedback	12053.22,8503.85 11727.55,8319.94
edge:declared:db.BusinessPlanAiAnalysisItem:business_plan_ai_analysis	12204.11,8585.85 13316.45,9168.37
edge:declared:db.BusinessPlanAiAnalysisItemImprovement:ai_analysis_feedback	11674.13,8027.6 11745.98,8245.94
edge:declared:db.BusinessPlanAiAnalysisItemImprovement:business_plan_ai_analysis_item	11770.43,8027.6 12112.13,8503.85
edge:declared:db.BusinessPlanAiReview:business_plan	14901.53,10055.15 14943.23,10151.51
edge:declared:db.BusinessPlanAiReview:company	14973.12,10055.15 16480.15,10739.49
edge:declared:db.BusinessRegistrationCertificate:company	23384.8,6482.45 16860.15,10704.03
edge:declared:db.CaptableRequest:captable_file	18188.07,14382.43 20223.83,17896.81
edge:declared:db.CaptableRequest:company	18146.65,14300.43 16762.05,11043.68
edge:declared:db.CashIncentive:category	12589.2,12510.21 14081.07,11897.34
edge:declared:db.CashIncentive:employee	12435.26,12592.21 10776.18,13849.9
edge:declared:db.CashIncentiveCategory:company	14260.06,11823.34 16480.15,10905.74
edge:declared:db.CashIncentiveItem:cash_incentive	12148.68,12594.13 12365.4,12566.83
edge:declared:db.CashPayment:purchase	22246.14,12633.07 22112.48,12580.53
edge:declared:db.CeoAddressChangeEvent:director	15920.37,14987.28 17056.68,15591.3
edge:declared:db.Charge:credit	20294.13,12277.71 20501.57,12453.16
edge:declared:db.Charge:meeting	20225.9,12277.71 17925.1,16891.86
edge:declared:db.CmeBulkEmail:cme	17179.39,15999.08 19932.5,13272.45
edge:declared:db.CmeBulkEmailRecipient:_deprecated_cme_bulk_email	16976.46,16290.86 17110.98,16081.08
edge:declared:db.CmeBulkEmailRecipient:cme_company	16969.75,16290.86 19166.33,12845.68
edge:declared:db.CmeBulkEmailTemplate:cme	20345.84,14460.77 20019.6,13272.45
edge:declared:db.CmeCompany:company	19123.83,12731.68 16860.15,10972.56
edge:declared:db.CmeCompany:company_managing_entity	19328.07,12845.68 19864.13,13142.45
edge:declared:db.CmeCompany:contact_set	19328.07,12833.86 20391.93,13393.37
edge:declared:db.CmeCompanyContact:cme_company	19594.03,12880.05 19328.07,12817.9
edge:declared:db.CmeCompanyContactNotificationSettings:cme_company_contact	19687.04,12802.36 19703.16,12869.57
edge:declared:db.CmeCompanyDirectorTermManagement:cme_company	19597.82,12625.81 19325.08,12731.68
edge:declared:db.CmeCompanyNote:cme_company	19201.67,12551.7 19194,12731.68
edge:declared:db.CmeCompanyRegistration:cme_contact	20349.26,13588.19 20424.75,13483.37
edge:declared:db.CmeCompanyRegistration:company_managing_entity	20279.22,13588.19 20046.57,13272.45
edge:declared:db.CmeCompanyRegistrationFile:cme_company_registration	20428.12,13730.8 20360.74,13670.19
edge:declared:db.CmeContact:company_managing_entity	20364.4,13393.37 20124.13,13265.42
edge:declared:db.CmeMemberRelation:company_managing_entity	20361.43,13104.12 20121.67,13142.45
edge:declared:db.Company:sso_configuration	16480.15,10833.82 16263.84,10841.58
edge:declared:db.CompanyAddressChangeEvent:address	19027.53,17669.75 23072.2,18602.64
edge:declared:db.CompanyAppointedTransferAgentChange:company	23780.93,6482.45 16860.15,10710.85
edge:declared:db.CompanyAuthorizedSharesChange:company	24195.4,6482.45 16860.15,10717.21
edge:declared:db.CompanyBenefit:company	23053.63,6598.45 16860.15,10701.13
edge:declared:db.CompanyBulkEmailTemplate:company	18731.27,14141.29 16805.78,11043.68
edge:declared:db.CompanyCreateAssignmentReadiness:company	23383.24,6598.45 16860.15,10707.28
edge:declared:db.CompanyCreateProgress:company_create_request	22636.29,15854.42 22620.38,16056.87
edge:declared:db.CompanyCreateRequest:address	22620.38,16119.58 23223.45,18514.69
edge:declared:db.CompanyCreateRequest:articles_of_incorporation_attachment	22428.33,16134.27 20541.18,17914.78
edge:declared:db.CompanyCreateRequest:company	22419.5,16004.27 16860.15,11000.93
edge:declared:db.CompanyDepartment:department_code	11701.29,12792.87 11659.87,12610.42
edge:declared:db.CompanyDepartmentCode:organization_chart	11772.75,12523.48 13469.05,12004.47
edge:declared:db.CompanyDocumentAIAnalysis:company	18760.21,15509.64 16767.71,11043.68
edge:declared:db.CompanyDocumentAIAnalysis:file	18803.83,15591.64 20217.84,17896.81
edge:declared:db.CompanyDocumentDelivery:company	18211.19,10995.58 16860.15,10847.27
edge:declared:db.CompanyEndorsement:company	23436.47,3555.74 16860.15,10622.97
edge:declared:db.CompanyEndorsementFeed:company_endorsement	25346.51,2404.31 23533.25,3481.74
edge:declared:db.CompanyExpertClientRelation:company	20823.47,13218.63 16860.15,10935.52
edge:declared:db.CompanyExpertClientRelation:expert_client	20975.73,13292.63 21385.41,13578.71
edge:declared:db.CompanyFeed:company	27147.94,1125.97 16860.15,10651.02
edge:declared:db.CompanyFeedAccessLog:company_feeds	36774.63,576.65 27329.27,1066.54
edge:declared:db.CompanyFeedAccessLog:venture_capital	36883.07,607.53 34299.17,10608.59
edge:declared:db.CompanyFeedRating:company_feed	27826.67,190.08 27242.57,1019.97
edge:declared:db.CompanyGuideState:company	23779.28,6598.45 16860.15,10713.91
edge:declared:db.CompanyInvestmentContractInfo:company	24193.65,6598.45 16860.15,10720.11
edge:declared:db.CompanyInvestorInterest:company	28230.61,5907.61 16860.15,10745.94
edge:declared:db.CompanyInvestorInterest:venture_capital	28362.06,5907.61 34062.21,10660.18
edge:declared:db.CompanyInvitation:invitee	23052.06,6714.45 16860.15,10704.54
edge:declared:db.CompanyIrClosingFeed:investor_relations	27293.32,3361.26 28260.91,4790.03
edge:declared:db.CompanyIrNewCommitFeed:investor_relations	27749.71,3190.72 28303.59,4790.03
edge:declared:db.CompanyIrOpenFeed:investor_relations	27890.33,2556.67 28323.26,4790.03
edge:declared:db.CompanyIrSetting:company	23381.6,6714.45 16860.15,10710.52
edge:declared:db.CompanyLegalPartnerRelation:company	21683.59,13160.84 16860.15,10914.86
edge:declared:db.CompanyLegalPartnerRelation:legal_partner	21770.73,13234.84 21775.65,13902.2
edge:declared:db.CompanyManagementAssignment:company	23777.54,6714.45 16860.15,10716.98
edge:declared:db.CompanyManagingEntity:expert_client	20124.13,13210.8 21377.52,13578.71
edge:declared:db.CompanyManagingEntity:expert_partner	20124.13,13252.25 21646.71,13974.12
edge:declared:db.CompanyManagingEntity:holding_company	20003.5,13142.45 19983.4,13069.23
edge:declared:db.CompanyMethodOfGivingPublicNoticeChange:company	17328.24,13374.16 16727.52,11043.68
edge:declared:db.CompanyMethodOfGivingPublicNoticeChange:daily_newspaper	17346.39,13448.16 17611.18,14618.24
edge:declared:db.CompanyMnaSetting:company	24191.81,6714.45 16860.15,10723.01
edge:declared:db.CompanyNameChange:company	23050.41,6830.45 16860.15,10707.95
edge:declared:db.CompanyNews:company	18363.46,5953.94 16746.24,10609.68
edge:declared:db.CompanyNewsFeed:company_news	18798.55,6175.61 18443.51,5953.94
edge:declared:db.CompanyNewsLink:company_news	18724.43,5133.58 18396.07,5871.94
edge:declared:db.CompanyNotificationSetting:company	15959.67,9842.57 16516.9,10609.68
edge:declared:db.CompanyNotificationTrigger:notification_setting	15530.49,9087.89 15912.76,9768.57
edge:declared:db.CompanyOptionRule:company	23379.86,6830.45 16860.15,10713.77
edge:declared:db.CompanyOverview:company	23775.69,6830.45 16860.15,10720.05
edge:declared:db.CompanyOwnerAddRequest:company	24189.86,6830.45 16860.15,10725.91
edge:declared:db.CompanyOwnerAuditLog:company	10635.82,5855.26 16480.15,10656.66
edge:declared:db.CompanyOwnerAuditLogOwnerRoleRelation:company_owner_audit_log	11623.18,7763.79 10623.99,5855.26
edge:declared:db.CompanyOwnerAuditLogOwnerRoleRelation:owner_role	11272.18,7763.79 11225.91,8976.41
edge:declared:db.CompanyOwnerNotificationTrigger:trigger	15433.55,9267.69 15496.71,9087.89
edge:declared:db.CompanyParValueChange:_deprecated_articles_of_incorporation	17417.63,14030.16 17541.18,14273.59
edge:declared:db.CompanyParValueChange:company	17390.16,13956.16 16721.14,11043.68
edge:declared:db.CompanyPaymentLink:company	21968.11,10545.29 16860.15,10816.61
edge:declared:db.CompanyPolicyFile:company	23048.65,6946.45 16860.15,10711.37
edge:declared:db.CompanyProfileAccessLog:company	28228.53,6023.61 16860.15,10747.83
edge:declared:db.CompanyProfileAccessLog:venture_capital	28363.12,6023.61 34062.21,10663.78
edge:declared:db.CompanyPromotionWinLog:company	14861.53,5312.19 16599.59,10609.68
edge:declared:db.CompanyPromotionWinLog:prize_type	14972.2,5298.34 16153.25,5556.94
edge:declared:db.CompanyPromotionWinLog:promotion	14893.47,5312.19 15832.09,6162.33
edge:declared:db.CompanyPurposeChange:company	17296.19,12845.38 16739.1,11043.68
edge:declared:db.CompanyPurposeChangeItem:company_purpose_change	17496.6,13173.78 17331.9,12919.38
edge:declared:db.CompanyPurposeChangeItem:industrial_code	17532.14,13247.78 17625.49,13545.95
edge:declared:db.CompanyQuestionThread:company	18916.26,12929.39 16860.15,11002.42
edge:declared:db.CompanyQuestionThread:expert_partner	19154.48,13062.28 21646.71,13979.6
edge:declared:db.CompanyRegistrationAssignment:company	23378.01,6946.45 16860.15,10717.02
edge:declared:db.CompanyRegistrationAssignmentLog:company	23773.74,6946.45 16860.15,10723.11
edge:declared:db.CompanyRsuRule:_deprecate_articles_of_incorporation	17427.47,14146.16 17526.02,14273.59
edge:declared:db.CompanyRsuRule:company	17390.46,14072.16 16719.34,11043.68
edge:declared:db.CompanySsoEmailDomain:configuration	15480.38,10855.83 16015.84,10848.04
edge:declared:db.CompanySsoIdentity:configuration	15467.48,11025.98 16015.84,10879.39
edge:declared:db.CompanyStockTransferRestrictedChange:company	24187.79,6946.45 16860.15,10728.81
edge:declared:db.CompanyStockValue:company	23046.79,7062.45 16860.15,10714.78
edge:declared:db.CompanyTag:company_set	23376.06,7062.45 16860.15,10720.26
edge:declared:db.CompanyTanTableView:company	14500.46,5428.19 16583.56,10609.68
edge:declared:db.CompanyTodo:company	23771.67,7062.45 16860.15,10726.18
edge:declared:db.CompanyUpdateRequest:change_detection	18083.82,12432.93 18183.53,13195.99
edge:declared:db.CompanyUpdateRequest:company	18041.16,12350.93 16860.15,11035.55
edge:declared:db.CompanyUpdateRequest:company_question_thread	18139.64,12432.93 18879.67,12929.39
edge:declared:db.CompanyUserRelation:company	10028.54,10749.74 16480.15,10824.47
edge:declared:db.CompanyUserRelation:stakeholder	9915.77,10797.3 11787.64,18968.45
edge:declared:db.CompanyUserRelationOwnerRoleRelation:company_user_relation	10717.99,9756.25 9944.72,10699.3
edge:declared:db.CompanyUserRelationOwnerRoleRelation:owner_role	10795.91,9682.25 11051.97,9074.41
edge:declared:db.ConsentForm:investor	23149.6,36390.03 12512.13,23467.47
edge:declared:db.ConsentForm:item	23271.96,36292.03 23313.06,28245.56
edge:declared:db.ConsentForm:uploaded_consent_form_file	23264.78,36292.03 20390.22,18330.81
edge:declared:db.ConsentFormModusignDocument:consent_form	23590.11,33434.75 23296.64,36292.03
edge:declared:db.ConsentFormModusignEmbeddedDraft:consent_form	21984.31,23672.27 23267.29,36292.03
edge:declared:db.CorporateRegistration:attachment	18989.67,14839.78 20259.24,17896.81
edge:declared:db.CorporateRegistration:company	18940.47,14741.78 16796.1,11043.68
edge:declared:db.CorporateRegistrationChangeConfirmation:change_detection	18564.78,13014.87 18269.75,13195.99
edge:declared:db.CorporateRegistrationChangeConfirmation:staff_review_required_question_thread	18796.55,13004.78 18870.48,12996.11
edge:declared:db.CorporateRegistrationChangeDetection:company	18158.82,13195.99 16807.91,11043.68
edge:declared:db.CorporateRegistrationChangeDetection:xml_file	18211.7,13293.99 20254.76,17896.81
edge:declared:db.CorporateRegistrationChangeDetectionParseResult:change_detection	18395.88,12874.48 18217.17,13195.99
edge:declared:db.CorporateRegistrationExtractionLog:corporate_registration_issue_log	20415.91,15166.82 20459.35,14889.11
edge:declared:db.CorporateRegistrationIssueCoupon:company	18799.09,12624.02 16860.15,10980.54
edge:declared:db.CorporateRegistrationIssueCouponIssueLog:coupon	19058.95,12364.47 18904.27,12624.02
edge:declared:db.CorporateRegistrationIssueCouponUseRequest:coupon	19224.5,14746.74 19001.22,12706.02
edge:declared:db.CorporateRegistrationIssueCouponUseResult:corporate_registration	19879.67,14875.58 19092.91,14823.13
edge:declared:db.CorporateRegistrationIssueCouponUseResult:log	20229.34,14941.18 20349.44,14822.15
edge:declared:db.CorporateRegistrationIssueCouponUseResult:request	20032.73,14875.58 19418.21,14820.74
edge:declared:db.CorporateRegistrationIssueLog:_deprecated_staff_review_required_question_thread	20630.44,14791.11 19154.48,13107.39
edge:declared:db.CorporateRegistrationIssueLog:pdf_file	20487.33,14889.11 20362.75,17896.81
edge:declared:db.CorporateRegistrationIssueMaintenance:third_party_api_notice	30772.55,14898 30144.02,14874.81
edge:declared:db.CorporateRegistrationIssueRequest:delivery	19179,10863.71 19337.84,10794.79
edge:declared:db.CorporateRegistrationPaidIssue:company	19192.76,14979.04 16802.79,11043.68
edge:declared:db.CorporateRegistrationPaidIssue:corporate_registration	19175.93,14979.04 19018.97,14839.78
edge:declared:db.CorporationPostRegistrationEmail:company	14535.41,5082.13 16590.09,10609.68
edge:declared:db.CorporationPostRegistrationScheduledEmail:corporation_post_registration_email	15845.83,5098.13 14667.26,5050.95
edge:declared:db.CorporationPostRegistrationScheduledEmailPeriodicTaskRelation:corporation_post_registration_scheduled_email	15698.44,4962.56 15942.9,5068.43
edge:declared:db.Credit:company	20447.48,12453.16 16860.15,10908.15
edge:declared:db.CreditCard:company	22804.29,11920.14 16860.15,10860.65
edge:declared:db.CreditCard:investment_association	23001.16,11991.31 28248.97,15770.41
edge:declared:db.CreditCard:legal_partner	22915.86,11991.31 21832.42,13902.2
edge:declared:db.CreditCard:venture_capital	23052.29,11931.32 34062.21,10829.89
edge:declared:db.CreditUse:credit	21397.3,12380.71 20676.42,12480.92
edge:declared:db.CreditUse:purchase	21633.3,12389.15 21890.6,12444.38
edge:declared:db.CsAgentResponse:inquiry_thread_message	24035.08,9537.71 23050.05,9517.88
edge:declared:db.CsAgentResponseFeedBack:cs_agent_response	24520.93,9458.12 24283.08,9504.9
edge:declared:db.DebtConfirmationAndOffsetContractDocument:new_issue_item	18165.69,26469.57 18878.99,26507.07
edge:declared:db.DepartmentStaffUserRelation:department	18215.9,34235.83 16028.2,34776.66
edge:declared:db.DirectorAppointmentEvent:director	16270.37,14909.28 17114.34,15581.47
edge:declared:db.DirectorCompensationDecisionEvent:director	15951.87,15107.28 17056.68,15603.32
edge:declared:db.DirectorCompensationLimitEvent:director	16284.87,15047.32 17094.45,15581.47
edge:declared:db.DirectorTermEndEvent:appointment_event	15926.37,15149.28 16022.37,14989.62
edge:declared:db.DirectorTermEndEvent:director	15926.37,15226.06 17056.68,15609.48
edge:declared:db.DirectorVote:agenda	15723.52,20815.97 16054.03,21078.66
edge:declared:db.DirectorVote:attended_director	15675.74,20741.97 15621.78,20668.25
edge:declared:db.DirectorVotingRightsPerAgenda:agenda	15733.8,20931.97 16028.19,21078.66
edge:declared:db.DirectorVotingRightsPerAgenda:director	15681.93,20857.97 15612.25,20668.25
edge:declared:db.DirectorsMeeting:chairperson	15888.47,20565.42 15756.93,20563.37
edge:declared:db.DirectorsMeeting:meeting	16048.56,20466.7 17804.9,17125.86
edge:declared:db.DirectorsMeeting:sealed_meeting_minutes_file	16134.85,20466.7 20161.18,18213.4
edge:declared:db.DirectorsMeetingAgenda:agenda_bonus_issue	16267.4,21092.5 17552.88,20283.28
edge:declared:db.DirectorsMeetingAgenda:agenda_branch_change	16267.4,21136.03 17972.08,20308.43
edge:declared:db.DirectorsMeetingAgenda:agenda_co_ceo_system_change	15983.4,21135.37 14451.19,22687.17
edge:declared:db.DirectorsMeetingAgenda:agenda_custom	16057.4,21264.66 14532.56,22687.17
edge:declared:db.DirectorsMeetingAgenda:agenda_director_change	16016.07,21264.66 14717.7,22438.8
edge:declared:db.DirectorsMeetingAgenda:agenda_director_compensation_decision	16133.52,21264.66 16082.69,21742.29
edge:declared:db.DirectorsMeetingAgenda:agenda_financial_statements	16267.4,21114.01 17856.88,20259.28
edge:declared:db.DirectorsMeetingAgenda:agenda_head_office_relocation	16267.4,21264.66 18403.34,21892.13
edge:declared:db.DirectorsMeetingAgenda:agenda_new_issue	16242.88,21264.66 16595.3,22685.95
edge:declared:db.DirectorsMeetingAgenda:agenda_option_cancel	15983.4,21134.11 15915.63,21118.91
edge:declared:db.DirectorsMeetingAgenda:agenda_rsu_grant	16115.95,21264.66 14457.31,22811.17
edge:declared:db.DirectorsMeetingAgenda:agenda_shareholders_meeting_convocation	16252.88,21264.66 16469.66,21439.58
edge:declared:db.DirectorsMeetingAgenda:agenda_subsidiary_establishment	16124.68,21264.66 14735.24,22815.17
edge:declared:db.DirectorsMeetingAgenda:meeting	16267.4,21078.66 16148.47,20588.7
edge:declared:db.DirectorsMeetingDirectorAttendance:stakeholder	15432.01,20554.25 11989.61,19184.62
edge:declared:db.DirectorsMeetingNoticeEmail:directors_meeting	15170.56,20040.98 15888.47,20473.37
edge:declared:db.DirectorsMeetingNoticeEmailRecipient:director	16017.95,20332.07 15756.93,20554.25
edge:declared:db.DirectorsMeetingNoticeEmailRecipient:email	15874.87,20250.07 15170.56,20040.98
edge:declared:db.DocumentDelivery:delivery	19690.5,11004.95 20017.87,10835.63
edge:declared:db.DocumentDeliveryQuestionThreadRelation:document_delivery	19904.45,10974.87 19699.44,11041.1
edge:declared:db.DocumentDeliveryQuestionThreadRelation:question_thread	20247.45,11001.07 20359.17,11019.89
edge:declared:db.DocumentParseResult:attachment	20010.4,16158.43 19990.49,16418.1
edge:declared:db.DormantUserEmail:user	3285.5,32258.65 1997.83,33452.87
edge:declared:db.DormantUserPhone:user	2608.6,31576.36 1967.62,33452.87
edge:declared:db.DormantUserReactivationToken:user	3439.5,32419.58 2010.33,33452.87
edge:declared:db.ESOP:company	11505.03,16017.04 16480.15,11008.4
edge:declared:db.ESOP:shareholder	11423.13,16131.04 12369.83,23337.47
edge:declared:db.ESOPParticipant:esop	11139.52,15198.98 11427.71,16017.04
edge:declared:db.EditableCompanyOwnerAuditLog:company	24185.6,7062.45 16860.15,10731.7
edge:declared:db.ElectronicCertificate:company	17058.33,13093.63 16699.03,11043.68
edge:declared:db.ElectronicCertificate:director	17067.96,13183.63 17186.77,15581.47
edge:declared:db.ElectronicCertificateApplicationFormDocument:stakeholder	19834.26,28270.88 11961.01,19282.45
edge:declared:db.ElectronicCertificateCaseReportDocument:stakeholder	18484.09,28386.88 11936.28,19282.45
edge:declared:db.ElectronicCertificateFileDownloadHistory:file_uploaded	18466.58,16614.14 18457.73,16546.95
edge:declared:db.ElectronicCertificateFileUploadRequest:electronic_certificate	18278.05,16332.57 17082.74,13183.63
edge:declared:db.ElectronicCertificateFileUploaded:file_upload_request	18410.78,16472.95 18335.28,16406.57
edge:declared:db.ElectronicCertificateReturnRequest:electronic_certificate	24592.35,19824.55 17115.48,13183.63
edge:declared:db.ElectronicCertificateReturnRequest:recipient_address	24588.61,19824.55 23380.2,18764.09
edge:declared:db.EmailActivityRecipient:email_activity	24244.46,23749.23 24429.99,26773.08
edge:declared:db.EmailActivityRecipientStatusHistory:recipient	24665.93,25505.42 24252.97,23749.23
edge:declared:db.EmailVerification:email	24067.45,1532.4 23560.22,1244.49
edge:declared:db.Employee:department_code_set	10715.93,13849.9 11613.28,12610.42
edge:declared:db.Employee:group_set	10784.81,13867.61 13036.14,12545.45
edge:declared:db.EmployeeDepartmentCodeRelation:department_code	11371.5,12706.75 11555.27,12610.42
edge:declared:db.EmployeeDepartmentCodeRelation:employee	11280.76,12780.75 10697.83,13849.9
edge:declared:db.EmployeeGroup:company	13177.45,12471.45 16480.15,10916.54
edge:declared:db.EmployeeNumber:company	13172.41,12587.45 16480.15,10922.74
edge:declared:db.EmployeeNumber:employee	13030.61,12661.45 10784.81,13874.32
edge:declared:db.EmployeeOption:company	12212.83,11220.49 16480.15,10843.52
edge:declared:db.EmployeeOption:grantee	12051.33,11284.48 11221.24,12457.53
edge:declared:db.EmployeeOptionExerciseCandidate:management	12786.81,11642.09 14450.59,11663.43
edge:declared:db.EmployeeOptionExerciseCandidate:option	12578.26,11595.19 12160.15,11284.48
edge:declared:db.EmployeeOptionExerciseCandidate:option_exercise_claim	12786.81,11628.28 13983.62,11532
edge:declared:db.EmployeeOptionExerciseCandidateFile:candidate	12623.97,11319.35 12636.73,11595.19
edge:declared:db.EmployeeOptionExerciseClaim:company	14249.62,11484.91 16480.15,10878.66
edge:declared:db.EmployeeOptionExerciseClaimOption:option	13055.96,11209.97 12212.83,11228.72
edge:declared:db.EmployeeOptionExerciseClaimOption:option_exercise_claim	13315.67,11243.57 13998.38,11480.3
edge:declared:db.EmployeeOptionExerciseManagement:company	14702.46,11624.37 16480.15,10904.29
edge:declared:db.EmployeeOptionExerciseManagementEmail:management	14356.97,13461.7 14600.75,11706.37
edge:declared:db.EmployeeOptionVesting:employee_option	11328.19,11470.42 11964.83,11270.43
edge:declared:db.EmployeeOptionVestingItem:option_vesting	11144.98,11737.41 11199.87,11544.42
edge:declared:db.EmployeeOptionVestingTraceable:option	12079.39,11636.93 12087.6,11284.48
edge:declared:db.EmployeeStock:participant	11872.04,15334.9 11249.53,15133.07
edge:declared:db.EmployeeStockGuide:esop	12110.41,15936.58 11549.48,16017.04
edge:declared:db.EmployeeStockGuideAudience:employee_stock_guide	12532.11,15524.53 12237.95,15854.58
edge:declared:db.EmployeeStockGuideAudience:participant	12456.17,15524.53 11249.53,15194.99
edge:declared:db.EmployeeStockGuideEmail:employee_stock_guide	13028.44,16817.31 12309.25,15936.58
edge:declared:db.EmployeeStockTag:category	11571.66,15713.09 11460.56,15320.59
edge:declared:db.EmployeeStockTag:employee_stock_set	11819.66,15670.31 11872.04,15352
edge:declared:db.EmployeeStockTag:esop	11669.98,15723.76 11481.13,16017.04
edge:declared:db.EmployeeStockTagCategory:esop	11340.23,15386.45 11449.02,16017.04
edge:declared:db.EmployeeStockWithdrawRequest:account	12406.83,16516.52 12612.46,16559.88
edge:declared:db.EmployeeStockWithdrawRequest:esop	12211.98,16442.52 11543.79,16131.04
edge:declared:db.EmploymentCertificateDocumentRequest:company	14379.44,12168.46 16480.15,10938.71
edge:declared:db.EmploymentCertificateDocumentRequest:history	14244.58,12242.46 12645.65,13105.34
edge:declared:db.EmploymentStatusHistory:connected_hrm_status_event	12557.12,13195.34 7567.02,15165.19
edge:declared:db.EmploymentStatusHistory:employee	12444.77,13195.34 10784.81,13894.44
edge:declared:db.EmploymentStatusHistory:related_events	12681.95,13165.26 16178.35,16101.06
edge:declared:db.Event:company	16333.07,16101.06 16656.78,11043.68
edge:declared:db.EventAttachment:company	16846,16159.95 16677.93,11043.68
edge:declared:db.EventAttachment:event	16729.33,16193.66 16474.35,16214.19
edge:declared:db.ExpertClientIncorporationSupport:contact_set	20887.88,13829.48 20544.19,13483.37
edge:declared:db.ExpertClientIncorporationSupport:expert_client	21111.24,13841.39 21377.52,13651.52
edge:declared:db.ExpertClientIncorporationSupport:incorporation_request	20972.24,13911.48 21317.07,15034.72
edge:declared:db.ExpertClientSignupChannel:expert_client	23450.85,13836.11 21625.52,13676.71
edge:declared:db.ExpertClientTaxServiceSettings:expert_client	21247.75,13955.73 21417.19,13676.71
edge:declared:db.ExpertClientTaxServiceSettings:legal_partner	21326.07,14000.28 21646.71,14019.01
edge:declared:db.ExpressDelivery1:order_status_history	3864.5,7817.05 4050.22,7835.01
edge:declared:db.ExpressDelivery1:seal_card_return_status_history	3736.57,7768.64 3705.36,7652.35
edge:declared:db.ExternalStockInfo:company	23044.82,7178.45 16860.15,10718.2
edge:declared:db.FABContent:thumbnail_image	21227.68,17457.06 20541.18,17989.83
edge:declared:db.FinancialAccount:institution	12741.07,16462.07 13012.85,15929.61
edge:declared:db.FinancialStatementsForNewIssueFromConversionDocument:new_issue	18471.35,24863.89 16867.3,22855.95
edge:declared:db.Fund:fund_partners	31645.68,12401.94 32764.45,12313.83
edge:declared:db.Fund:portfolio_company_set	31397.68,12437.57 28266.37,13010.04
edge:declared:db.Fund:venture_capital	31598.4,12366.71 34062.21,10921.52
edge:declared:db.FundPartner:venture_capital	32925.8,12263.06 34062.21,11015.57
edge:declared:db.FundingNewsDistributionServiceRequest:company	18658.15,13953.44 16809.19,11043.68
edge:declared:db.FundingNewsDistributionServiceRequest:company_question_thread	18704.26,13953.44 18978.31,13107.39
edge:declared:db.FundingNewsDistributionServiceRequest:logo	18705.2,14043.44 20263.32,17896.81
edge:declared:db.HelpTemplate:partners_to_share	10342.65,6824.31 21646.71,13930.7
edge:declared:db.Hrm:company	3874.02,15333.52 16480.15,10890.69
edge:declared:db.HrmAlpConfig:hrm	2157.94,14929.23 3554.02,15351.29
edge:declared:db.HrmAlpConfigIndivApprovalTemplateRel:alp_config	2394.06,14632.97 2088.54,14865.59
edge:declared:db.HrmAlpExcludedEmp:emp	8293.7,17491.49 7673.32,17621.4
edge:declared:db.HrmAlpLaborReceiptRefusal:emp	7896.1,18547.8 7571.27,17829.76
edge:declared:db.HrmAlpTarget:emp	7882.68,18188.3 7632.37,17829.76
edge:declared:db.HrmAlpUsageDesignation:target	8169.19,18230.72 8037.74,18257.28
edge:declared:db.HrmAlpUsageDesignationDate:leave_usage	8770.32,18180.17 8869.13,18150.67
edge:declared:db.HrmAlpUsageDesignationDate:usage_designation	8576.86,18215.44 8353.65,18220.35
edge:declared:db.HrmAlpUsagePlan:target	8108.06,18072.13 7982.63,18188.3
edge:declared:db.HrmAlpUsagePlanDate:usage_plan	8522.65,17779.99 8226.93,17990.13
edge:declared:db.HrmAnnualLeaveAdjustment:emp	8057.64,17615.21 7673.32,17645.71
edge:declared:db.HrmAnnualLeaveConfigBase:annual_leave	6893.18,23008.88 6907.27,22068.7
edge:declared:db.HrmApproval:approvable	6522.52,17611.2 5991.85,17336.34
edge:declared:db.HrmApproval:requestor	6713.92,17655.3 7329.32,17658.01
edge:declared:db.HrmApprovalLine:actual_approver	6834.57,17786.5 7329.32,17690.88
edge:declared:db.HrmApprovalLine:approval	6678.64,17770.1 6624.97,17701.2
edge:declared:db.HrmApprovalLine:approver	6634.24,17852.1 6133.36,18121.16
edge:declared:db.HrmApprovalReview:approval	6343.92,17859.49 6535.47,17701.2
edge:declared:db.HrmApprovalReview:approver	6263.91,17933.49 6085.17,18121.16
edge:declared:db.HrmApprovalTemplate:hrm	4978.31,17528.68 3819.91,15528.42
edge:declared:db.HrmApprovalTemplateLine:approver	5889.83,17989.82 5993.04,18121.16
edge:declared:db.HrmApprovalTemplateLine:template	5819.7,17915.82 5054.59,17610.68
edge:declared:db.HrmApprovalTemplateReview:approver	5595.62,17947.54 5932,18121.16
edge:declared:db.HrmApprovalTemplateReview:template	5497.45,17873.54 5038.45,17610.68
edge:declared:db.HrmApprover:dept	5910.69,18136.2 3456.94,17836.83
edge:declared:db.HrmApprover:emp	6158.69,18130.51 7329.32,17717.3
edge:declared:db.HrmAttendance:emp	6662.46,17322.59 7329.32,17591.63
edge:declared:db.HrmAttendanceItem:attendance	7949.59,17138.35 6678.18,17268.86
edge:declared:db.HrmAttendanceItem:emp	8030.69,17166.62 7673.32,17492.37
edge:declared:db.HrmAttendanceLocation:attendance_item	8086.76,16788.75 8088.09,17084.62
edge:declared:db.HrmAttendanceLocation:ongoing_attendance	8228.09,16735.6 8687.96,16778.56
edge:declared:db.HrmAttendanceLocation:personal_location	8145.04,16690.75 8393.22,16492.99
edge:declared:db.HrmAttendanceLocation:work_location	7980.09,16767.01 6850.3,14448.76
edge:declared:db.HrmCertificateConfig:hrm	3068.78,15305.4 3554.02,15408.4
edge:declared:db.HrmCertificateConfigIndividualApprovalTemplateRelation:certificate_config	2395.56,15854.04 2912.25,15357.87
edge:declared:db.HrmCertificateIssue:connected_status_event	8391.02,15465.8 7566.33,15271.19
edge:declared:db.HrmCertificateIssue:emp	8468.05,15547.8 7578.79,17483.76
edge:declared:db.HrmCommonLocation:work_location_config	7932.94,14586.39 8536.91,14554.13
edge:declared:db.HrmConciergeRequest:company	23373.98,7178.45 16860.15,10723.51
edge:declared:db.HrmDailyLeaveUsageItem:usage	8120.51,20726.6 8975.45,18209.44
edge:declared:db.HrmDept:hrm	3317.9,17736.03 3734.92,15528.42
edge:declared:db.HrmDeptName:dept	2824.03,19381.68 3292.31,17858.03
edge:declared:db.HrmDeptName:event	2793.54,19455.68 2652.55,20005.51
edge:declared:db.HrmDeptParent:dept	3503.28,19372.03 3314.45,17858.03
edge:declared:db.HrmDeptParent:event	3507.6,19454.03 3649.18,19910.51
edge:declared:db.HrmDeptReorg:hrm	3038.82,14383.02 3630.77,15246.42
edge:declared:db.HrmDeptStatus:dept	3980.35,19643.71 3329.72,17858.03
edge:declared:db.HrmDeptStatus:event	3978.54,19717.71 3804.69,21556.59
edge:declared:db.HrmDocument:emp	4825.05,16406.62 7329.32,17558.82
edge:declared:db.HrmDocument:form	4728.34,16308.62 3263.87,13858.23
edge:declared:db.HrmDocument:hrm	4678.09,16308.62 3874.02,15516.12
edge:declared:db.HrmDocumentDraft:emp	4766.32,14867.69 7373.09,17483.76
edge:declared:db.HrmDocumentDraft:form	4611.93,14785.69 3377.21,13804.52
edge:declared:db.HrmDocumentDraftFieldAttachment:field_value	4348.62,9514.45 3494.19,11348.41
edge:declared:db.HrmDocumentDraftFieldMultiSelectValue:field_value	3312.65,11815.54 3456.1,11438.41
edge:declared:db.HrmDocumentDraftFieldMultiSelectValue:selected_option	3257.96,11889.54 3094.68,12038.27
edge:declared:db.HrmDocumentDraftFieldValue:draft	3490.47,11438.41 4720.21,14785.69
edge:declared:db.HrmDocumentDraftFieldValue:field_definition	3419.96,11438.41 2025.72,12616.44
edge:declared:db.HrmDocumentFieldAttachment:field_value	3113.73,13378.78 3342.52,13431.98
edge:declared:db.HrmDocumentFieldMultiSelectValue:field_value	3647.87,12520.61 3442.57,13354.74
edge:declared:db.HrmDocumentFieldMultiSelectValue:selected_option	3575.24,12446.61 3108.33,12120.27
edge:declared:db.HrmDocumentFieldValue:document	3590.52,13444.74 4732.24,16308.62
edge:declared:db.HrmDocumentFieldValue:field_definition	3342.52,13385.75 2120.46,12678.14
edge:declared:db.HrmDocumentForm:hrm	3250.71,13858.23 3721.21,15246.42
edge:declared:db.HrmDocumentFormFieldDefinition:form	2073.96,12706.44 3142.69,13760.23
edge:declared:db.HrmDocumentFormFieldSelectOption:field_definition	2973.81,12120.27 2055.73,12616.44
edge:declared:db.HrmDocumentFormIndividualApprovalTemplateRelation:document_form	3095.42,13942.83 3129.21,13847.23
edge:declared:db.HrmEmp:connected_employee	7647.12,17483.76 10557.69,14051.9
edge:declared:db.HrmEmp:hrm	7329.32,17552.73 3874.02,15484.19
edge:declared:db.HrmEmpAffiliation:emp	5845.54,17043.99 7329.32,17603.34
edge:declared:db.HrmEmpAffiliation:event	5764.73,16964.48 6711.21,16446.11
edge:declared:db.HrmEmpAffiliationDept:affiliation	5171.49,17440.64 5597.54,16964.48
edge:declared:db.HrmEmpAffiliationDept:dept	5027.6,17440.64 3456.94,17736.03
edge:declared:db.HrmEmpContract:emp	7429.95,34563.06 7500.34,17829.76
edge:declared:db.HrmEmpContract:mgmt	7420.07,34563.06 4924.85,23956.72
edge:declared:db.HrmEmpContractCommonVar:hrm	3334.59,14383.02 3679.28,15246.42
edge:declared:db.HrmEmpContractMgmt:hrm	4908.73,23874.72 3736.27,15528.42
edge:declared:db.HrmEmpContractMgmt:template_revision	4851.76,23874.72 3195.68,22804.43
edge:declared:db.HrmEmpContractModusignDocument:hrm_emp_contract	23748.92,37236.48 7553.72,34641.15
edge:declared:db.HrmEmpContractTemplate:hrm	2247.47,19632.66 3672.3,15528.42
edge:declared:db.HrmEmpContractTemplateRevision:template	3120.37,22722.43 2247.23,19706.66
edge:declared:db.HrmEmpContractTemplateRevisionSigner:revision	2456.24,23367.53 3086.36,22804.43
edge:declared:db.HrmEmpEmploymentType:emp	6748.52,16862.76 7330.44,17483.76
edge:declared:db.HrmEmpEmploymentType:event	6772.78,16788.76 6925.2,16696.03
edge:declared:db.HrmEmpJob:emp	5889.8,16020.03 7329.32,17485.43
edge:declared:db.HrmEmpJob:event	5960.59,15934.2 6505.57,15789.94
edge:declared:db.HrmEmpJob:level	5712.59,15925.65 4940.19,15655.57
edge:declared:db.HrmEmpJob:position	5735.11,15914.03 5192.16,15655.57
edge:declared:db.HrmEmpJob:role	5712.59,15943.43 4947.32,15757.03
edge:declared:db.HrmEmpJob:title	5712.59,15930.1 5239.32,15769.72
edge:declared:db.HrmEmpJobLevel:hrm	4711.32,15582.38 3874.02,15436.49
edge:declared:db.HrmEmpJobPosition:hrm	5003.32,15588.34 3874.02,15428.41
edge:declared:db.HrmEmpJobRole:hrm	4733.22,15697.57 3874.02,15449.02
edge:declared:db.HrmEmpJobTitle:hrm	5006.28,15697.57 3874.02,15438.88
edge:declared:db.HrmEmpMov:hrm	3042.06,14499.02 3618.4,15246.42
edge:declared:db.HrmEmpReturnToWorkEvent:absence_event	7856.45,14763.77 7741.94,14900.4
edge:declared:db.HrmEmpSalaryAccount:emp	13120.73,14520.33 7673.32,17577.5
edge:declared:db.HrmEmpSalaryAccount:institution	13211.37,14520.33 13004.49,15839.61
edge:declared:db.HrmEmpStatus:emp	8468.88,15663.8 7583.3,17483.76
edge:declared:db.HrmEmpStatus:event	8423.1,15589.8 7533.7,15271.19
edge:declared:db.HrmEmpUserInvitation:emp	5608.67,17510.77 7329.32,17632.62
edge:declared:db.HrmEmpUserInvitation:hrm	5444.73,17452.37 3851.39,15528.42
edge:declared:db.HrmEmpUserInvitationInvitee:invitation	5870.49,17725.87 5513.22,17534.37
edge:declared:db.HrmEmpWorkAssignment:emp	6496.62,18521.06 7329.32,17802.47
edge:declared:db.HrmEmpWorkAssignment:work	6334.94,18570.13 5404.87,18665.23
edge:declared:db.HrmEmpWorkLocationAssignment:work_location	7069.04,15240.33 6745.07,14458.96
edge:declared:db.HrmEmpWorkLocationAssignment:work_location_config	7079.3,15314.33 7045.39,15870.43
edge:declared:db.HrmEmpWorkLocationConfig:emp	7052.48,15952.43 7453.09,17483.76
edge:declared:db.HrmEmpWorkLocationConfig:work_location_set	7032.96,15870.43 6735.97,14458.96
edge:declared:db.HrmFixedWorkSchedule:fixed_work	5397.52,18335.56 5355.93,18401.94
edge:declared:db.HrmGoogleCalendarIntegration:hrm	3335.94,14499.02 3674.11,15246.42
edge:declared:db.HrmLeaveBase:hrm	6371.91,21037.35 3782.77,15528.42
edge:declared:db.HrmLeaveCommonConfig:leave	5467.95,21101.02 6271.51,21109
edge:declared:db.HrmLeaveGrant:emp	6974.99,18967.35 7429.05,17829.76
edge:declared:db.HrmLeaveGrant:grantable_leave	6950.03,19041.35 6664.09,20155.12
edge:declared:db.HrmLeaveIndividualApprovalTemplateRelation:leave	5903.95,21102.73 6271.51,21108.29
edge:declared:db.HrmLeaveUsage:emp	8869.13,18119.23 7673.32,17700.7
edge:declared:db.HrmLeaveUsage:leave	8946.21,18209.44 6475.28,21037.35
edge:declared:db.HrmLeaveUsageAttachment:usage	9475.26,19150.75 9013.41,18209.44
edge:declared:db.HrmLeaveUsageItem:emp	7668.42,18812.67 7522.57,17829.76
edge:declared:db.HrmLeaveUsageItem:leave	7650.46,18894.67 6448.46,21037.35
edge:declared:db.HrmLeaveUsageItem:usage	7755.58,18812.67 8884.97,18209.44
edge:declared:db.HrmOngoingAttendance:emp	8751.68,16815.41 7673.32,17539.77
edge:declared:db.HrmOngoingAttendanceClockedSchedule:ongoing_attendance	9284.54,16480.31 8877.84,16733.41
edge:declared:db.HrmPersonalLocation:hrm_emp	8394.52,16492.99 7640.9,17483.76
edge:declared:db.HrmPersonalLocation:work_location_config	8554.83,16484.16 8776.04,14554.13
edge:declared:db.HrmRequestor:dept	4663.1,18916.02 3360.9,17858.03
edge:declared:db.HrmRequestor:emp	4764.36,18916.02 7329.32,17735.66
edge:declared:db.HrmSelectiveWorkPlan:emp	6156.61,17050.87 7329.32,17580.82
edge:declared:db.HrmSelectiveWorkPlanConfig:selective_work	5280.94,19367.55 5339.77,19009.09
edge:declared:db.HrmSelectiveWorkPlanItem:emp	6273.14,16925.6 7329.32,17557.36
edge:declared:db.HrmSelectiveWorkPlanItem:plan	6190,16925.6 6084.93,16968.87
edge:declared:db.HrmSelectiveWorkSchedule:selective_work	5521.23,19144.74 5390.51,19009.09
edge:declared:db.HrmSelectiveWorkSettlementConfig:selective_work	4825.76,19367.55 5289,19009.09
edge:declared:db.HrmSigner:hrm	3046.44,14615.02 3601.71,15246.42
edge:declared:db.HrmSlackChannelConfig:integration	3127.91,15639.37 3123.58,15895.34
edge:declared:db.HrmSlackIntegration:hrm	3145.67,15895.34 3627.43,15528.42
edge:declared:db.HrmStaffNote:hrm	3337.77,14615.02 3667.15,15246.42
edge:declared:db.HrmStaggeredWorkSchedule:staggered_work	4937,20464.92 4413.1,19428.04
edge:declared:db.HrmStandardWork:hrm	3033.23,16181.48 3636.93,15528.42
edge:declared:db.HrmStandardWorkSchedule:standard_work	2625.03,17106.49 2996.83,16255.48
edge:declared:db.HrmTag:hrm_set	3052.67,14731.02 3577.97,15246.42
edge:declared:db.HrmWorkAutoClockOutConfig:work	4839.52,18667.73 5144.87,18675.3
edge:declared:db.HrmWorkBase:emp_set	5404.87,18619.08 7329.32,17735.41
edge:declared:db.HrmWorkBase:hrm	5244.18,18617.52 3784.95,15528.42
edge:declared:db.HrmWorkIndividualApprovalTemplateRelation:work	6135.68,19323.08 5356.34,18739.52
edge:declared:db.HrmWorkLocation:hrm	6602.3,14444.35 3874.02,15343.05
edge:declared:db.HrmWorkLocationGpsConfig:work_location	8524.04,14513.11 6850.3,14409.98
edge:declared:db.HrmWorkOvertime:work	4905.27,18561.19 5144.87,18637.25
edge:declared:db.IBKSignupChannel:ibk_user_login_token	24685.04,13378.01 24637.38,13324.2
edge:declared:db.IBKUserLoginToken:ibk_user	24639.27,13250.2 24663.91,13160.81
edge:declared:db.IaAccountInfo:investment_association	31311.16,17761.22 28556.97,15973.91
edge:declared:db.IaCertificateOfInvestmentDocument:partner	33868.44,18162.13 35301.81,17892.21
edge:declared:db.IaCertificateOfInvestmentDocumentRecipient:certificate_of_investment_document_email	1840.93,20019.35 1815.4,20128.66
edge:declared:db.IaConfirmationRequest:investment_association	22550.04,18024.95 28248.97,15930.53
edge:declared:db.IaConfirmationRequest:partner_list_file	22246.02,18073.78 20541.18,18109.8
edge:declared:db.IaConsentForm:consent_form_or_meeting	32753.74,18271.79 30725.7,19015.23
edge:declared:db.IaConsentFormDocument:consent_form	33982.44,18191.55 33003.67,18230.91
edge:declared:db.IaConsentFormDocument:partner	34352.44,18148.56 35301.81,17899.38
edge:declared:db.IaConsentFormOrMeeting:investment_association	30541.3,19015.23 28490.33,16006.97
edge:declared:db.IaConsentFormOrMeetingDocumentGeneration:consent_form_or_meeting	31088.51,18958.71 30768.61,19041.16
edge:declared:db.IaConsentFormOrMeetingDocumentGenerationItem:document	32057.32,18960.44 32733.74,19018.54
edge:declared:db.IaConsentFormOrMeetingDocumentGenerationItem:generation	31777.84,18935.62 31431.51,18923.6
edge:declared:db.IaConsentFormOrMeetingElectronicSignatureRequest:document	29510.49,21239.87 31432.97,19878.31
edge:declared:db.IaConsentFormOrMeetingElectronicSignatureRequestModusignDocument:electronic_signature_request	27672.7,20002.52 29114.49,21223.31
edge:declared:db.IaConsentFormOrMeetingElectronicSignatureRequestModusignEmbeddedDraft:electronic_signature_request	25471.88,23203.98 29169.53,21315.44
edge:declared:db.IaConsentFormOrMeetingElectronicSignatureRequestStatusHistory:electronic_signature_request	29500.82,21721.39 29323.24,21315.44
edge:declared:db.IaConsentFormOrMeetingElectronicSignatureRequestUploadedModusignDocument:electronic_signature_request	27278.86,21329.36 29165.81,21315.44
edge:declared:db.IaConsentFormOrMeetingElectronicSignatureRequiredDocument:consent_form_or_meeting	31212.29,19772.31 30598.79,19121.23
edge:declared:db.IaConsentFormOrMeetingElectronicSignatureRequiredDocument:edited_file	31036.97,19792.07 20541.18,18145.71
edge:declared:db.IaConsentFormOrMeetingElectronicSignatureRequiredDocument:partner	31432.97,19772.31 35301.81,17976.09
edge:declared:db.IaConsentFormOrMeetingEsigRequiredDocumentPageRange:esig_required_document	31706.4,19242.47 31307.18,19772.31
edge:declared:db.IaConsentFormOrMeetingEsigRequiredDocumentPageRange:page_range_document	31954.81,19195.92 32733.74,19084.57
edge:declared:db.IaConsentFormOrMeetingGuideEmail:consent_form_or_meeting	30987.85,18632.14 30634.97,19015.23
edge:declared:db.IaConsentFormOrMeetingGuideEmailRecipient:consent_form_or_meeting_guide_email	30994.97,18374.18 31023.25,18558.14
edge:declared:db.IaDocumentArchive:investment_association	29962.49,13930.85 28509.71,15740.97
edge:declared:db.IaDocumentArchiveAttachment:ia_document_archive	29688.16,14020.11 29903.09,13930.85
edge:declared:db.IaExpertPartnerBulkEmailTemplate:legal_partner	20899.71,14947.26 21685.56,14152.2
edge:declared:db.IaFoundingProgressStatus:investment_association	29566.39,17033.31 28536.44,16006.97
edge:declared:db.IaGpAppointmentEvent:partner	32527.31,17409.11 35301.81,17841.71
edge:declared:db.IaGpTerminationEvent:appointment_event	32641.48,17718.03 32432.99,17430.06
edge:declared:db.IaGpTerminationEvent:partner	32795.16,17764.51 35301.81,17860.15
edge:declared:db.IaInvestmentCertificateRegistrationRequest:partner	35584.71,19690.41 35466.79,17976.09
edge:declared:db.IaLegalPartnerRelation:investment_association	25487.14,14448.15 28248.97,15798.67
edge:declared:db.IaLegalPartnerRelation:legal_partner	25293.47,14394.87 21954.71,14048.45
edge:declared:db.IaMeeting:consent_form_or_meeting	30711.3,21288.73 30590.59,19121.23
edge:declared:db.IaMeetingAgenda:meeting	32301.51,20620.12 30803.94,21288.73
edge:declared:db.IaMeetingAgendaVote:agenda	32144.17,23003.25 32370.49,20620.12
edge:declared:db.IaMeetingAgendaVote:electronic_signature	32104.12,23003.25 29359.23,21315.44
edge:declared:db.IaMeetingAgendaVote:partner	32166.59,23003.25 35388.88,17976.09
edge:declared:db.IaMeetingConvocationNoticeEmail:ia_meeting	31974.01,22457.05 30723.37,21410.73
edge:declared:db.IaMeetingConvocationNoticeRecipient:convocation_notice_email	31273.61,21633.45 31985.49,22457.05
edge:declared:db.IaMeetingMinutesDocument:meeting	32011.79,20010.45 30729.91,21288.73
edge:declared:db.IaMeetingNoticeDocument:meeting	31693.63,19824.29 30714.7,21288.73
edge:declared:db.IaMeetingSealedNoticeDocumentFile:ia_meeting	27151.02,19245.1 30701.41,21288.73
edge:declared:db.IaMeetingShortenPeriodDocument:meeting	33685.64,18351.61 30739.86,21288.73
edge:declared:db.IaMeetingShortenPeriodDocument:partner	33901.02,18269.61 35301.81,17901.78
edge:declared:db.IaModusignDocumentUsageHistory:investment_association	25380.59,13188.94 28253.26,15740.97
edge:declared:db.IaOperation:_deprecated_investment_association	31650.73,15617.86 28556.97,15861.83
edge:declared:db.IaOperation:ia_operation_management	31742.45,15645.56 31607.67,15835.27
edge:declared:db.IaOperationManagement:investment_association	31463.39,15872.33 28556.97,15873.89
edge:declared:db.IaOwner:investment_association	31370.95,16769.81 28556.97,15920.45
edge:declared:db.IaOwner:partner	31622.95,16842.06 35301.81,17824.45
edge:declared:db.IaOwnerAuditLog:investment_association	23526.01,1670 28357.3,15740.97
edge:declared:db.IaPartnerDataCollection:investment_association	25535.92,17163.79 28248.97,15943.25
edge:declared:db.IaPartnerDataCollectionItem:address	24170.72,17463.99 23332.19,18514.69
edge:declared:db.IaPartnerDataCollectionItem:ia_partner_data_collection	24342.49,17398.75 25320.78,17226.73
edge:declared:db.IaPartnerDataCollectionItemReply:address	24166.86,17587.99 23343.97,18514.69
edge:declared:db.IaPartnerDataCollectionItemReply:ia_partner_data_collection	24353.61,17505.99 25320.78,17239.11
edge:declared:db.IaPartnerDataCollectionItemReply:ia_partner_data_collection_item	24205.49,17505.99 24205.49,17463.99
edge:declared:db.IaPartnerInvestmentConfirmation:partner	32281.37,16463.22 35301.81,17796.84
edge:declared:db.IaPartnerInvestmentConfirmationEmailRecipient:ia_partner_investment_confirmation_email	13408.97,2612.72 13333.54,2679.58
edge:declared:db.IaPartnerWithdrawalEvent:partner	35526.65,17519.1 35481.13,17758.09
edge:declared:db.IaPaymentLink:investment_association	26099.62,12052.53 28322.81,15740.97
edge:declared:db.IaPfCompany:investment_association	28650.94,16557.8 28451.2,16006.97
edge:declared:db.IaPfCompanyInvestment:ia_pf_company	29227.1,22265.55 28668.03,16631.8
edge:declared:db.IaPfCompanyInvestmentSalesIntent:ia_pf_company_investment	30963.27,22569.3 29355.17,22325.36
edge:declared:db.IaPfCompanyInvestmentStock:ia_pf_company_investment	28768.55,22624.78 29171.57,22347.55
edge:declared:db.IaQuestionThread:investment_association	21784.31,11812.78 28248.97,15779.48
edge:declared:db.IaRule:address	24407.19,18797.51 23380.2,18661.07
edge:declared:db.IaRule:file	24407.19,18793.6 20541.18,18145.91
edge:declared:db.IaRule:investment_association	24587.85,18754.56 28292.51,16006.97
edge:declared:db.IaRuleCompensation:rule	26394.37,19250.81 24667.19,18862.63
edge:declared:db.IaRuleDocument:rule	31151.36,19137.82 24667.19,18833.02
edge:declared:db.IaRuleInvestment:rule	26605.56,18552.98 24642.62,18754.56
edge:declared:db.IaRuleMeeting:rule	25327.19,19438.6 24469.36,18876.56
edge:declared:db.IaRulePartner:rule	25978.03,19282.69 24584.27,18876.56
edge:declared:db.IaSealStamp:image_file	22303.52,18192.93 20541.18,18121.51
edge:declared:db.IaSealStamp:investment_association	22533,18156.95 28248.97,15933.83
edge:declared:db.IaSealStampImage:seal_stamp	21594.22,18188.18 22303.52,18196.77
edge:declared:db.IaUserInvitation:ia_owner	31170.21,16131.7 31477.14,16766.84
edge:declared:db.IaUserInvitation:investment_association	31026.4,16080.92 28556.97,15886.12
edge:declared:db.IaUserInvitationInvitee:_deprecated_individual_partner	33642.39,15918.53 33175.23,16394.65
edge:declared:db.IaUserInvitationInvitee:invitation	33566.47,15880.33 31274.4,16079.9
edge:declared:db.IaUserInvitationInvitee:legal_representative	33691.06,15918.53 33695.84,16316.31
edge:declared:db.IaUserInvitationInvitee:manager	33650.8,15918.53 33164.95,16518.65
edge:declared:db.IaUserInvitationInvitee:partner	33733.37,15918.53 35363.38,17758.09
edge:declared:db.IaWrittenResolutionDocument:meeting	34131.05,18351.61 30749.67,21288.73
edge:declared:db.IaWrittenResolutionDocument:partner	34311.82,18269.61 35301.81,17911.67
edge:declared:db.ImAccessLog:investor_matching	28018,9700.18 26706.44,9061.91
edge:declared:db.ImAccessLog:venture_capital	28212.03,9757.83 34062.21,10781.4
edge:declared:db.ImAttachment:investor_matching	30339.9,9667.04 26706.44,9018.17
edge:declared:db.ImAttachmentDownloadLog:attachment	32243.41,10405.79 30565.71,9730.18
edge:declared:db.ImAttachmentDownloadLog:venture_capital	32453.29,10465.69 34062.21,10777.89
edge:declared:db.ImAttachmentPdfEvent:attachment	31734.04,9881.83 30587.9,9707.99
edge:declared:db.ImAttachmentPdfEvent:pdf_event	31774.27,9859.64 31309.26,9632.03
edge:declared:db.ImAttachmentPdfEvent:venture_capital	31965.29,9941.64 34062.21,10743.25
edge:declared:db.ImBrokerAssignment:_deprecated_assigned_companies	27285.85,9914.57 16860.15,10810.38
edge:declared:db.ImBrokerAssignment:assigned_investors	27533.85,9920.43 34062.21,10789.11
edge:declared:db.ImBrokerAssignment:im_broker	27533.85,9932.1 29931.33,10476.68
edge:declared:db.ImBrokerAssignment:investor_matching	27364.38,9854.93 26650.73,9085.81
edge:declared:db.ImBrokerAssignmentInvitedUser:broker_assignment	29336.61,10077.56 27533.85,9915.1
edge:declared:db.ImBrokerAssignmentInvitedUser:venture_capital	29613.61,10111.04 34062.21,10785.69
edge:declared:db.ImConsultingRequest:company	25396.73,7055.79 16860.15,10744.72
edge:declared:db.ImConsultingRequest:investor_matching	25514,7055.79 26514.01,8899.81
edge:declared:db.ImContactRequest:investor_matching	28291.37,9696.18 26706.44,9050.65
edge:declared:db.ImContactRequest:venture_capital	28516.03,9759.98 34062.21,10779.76
edge:declared:db.ImContactRequestIntention:im_contact_request	28144.26,9500.98 28349.02,9696.18
edge:declared:db.ImDay:recipients	30771.19,9023.97 30610.33,8525.07
edge:declared:db.ImDay:venture_capitals	30884.37,9121.97 34062.21,10721
edge:declared:db.ImDayParticipation:im_day	30552.24,8814.4 30742.5,9023.97
edge:declared:db.ImDayParticipation:investor_matching	30383.75,8772.55 26706.44,8984.62
edge:declared:db.ImDayParticipation:venture_capital	30597.19,8814.4 34062.21,10712.78
edge:declared:db.ImDayParticipationAttachment:participation	30037.11,8176.02 30468.62,8716.4
edge:declared:db.ImDaySurvey:im_day	28773.32,8946.22 30662.99,9065.16
edge:declared:db.ImDaySurvey:investor_matching	28537.32,8941.84 26706.44,8989.14
edge:declared:db.ImDisclosing:investor_matching	27362.15,7577.42 26616.85,8899.81
edge:declared:db.ImInvestorBroker:venture_capital	32186.45,10663.59 34062.21,10800.19
edge:declared:db.ImInvestorMemo:investor_matching	28028.55,9820.18 26706.44,9073.05
edge:declared:db.ImInvestorMemo:venture_capital	28212.03,9875.52 34062.21,10784.99
edge:declared:db.ImIrPartnerBrokerOwnerRelation:im_ir_partner_broker	28513.14,10467.26 28724.02,10396.42
edge:declared:db.ImNote:investor_matching	27104.52,8341.48 26641.56,8899.81
edge:declared:db.ImTag:investor_matching_set	28342.95,8374.3 26706.44,8943.43
edge:declared:db.ImWatching:_deprecated_investor_matching	27376.62,9994.93 26639.81,9085.81
edge:declared:db.ImWatching:company	27285.85,10045.05 16860.15,10812.71
edge:declared:db.ImWatching:venture_capital	27533.85,10050.04 34062.21,10792.66
edge:declared:db.InauguralConsentDocument:director_change_agenda	13883.47,22748.52 14531.39,22534.92
edge:declared:db.IncorporationBenefitRequest:incorporation_request	21681.82,15016.37 21497.09,15086.17
edge:declared:db.IncorporationBenefitRequest:tax_partner	21787.9,14942.37 21787.79,14152.2
edge:declared:db.IncorporationRequest:address	21497.09,15244.72 23197.19,18514.69
edge:declared:db.IncorporationRequest:balance_certificate_account_file	21312.89,15244.72 20426,17896.81
edge:declared:db.IncorporationRequest:balance_certificate_account_holder	21358.68,15244.72 21389.44,17668.33
edge:declared:db.IncorporationRequest:company	21235.24,15034.72 16860.15,11001.91
edge:declared:db.IncorporationRequest:company_question_thread	21286.52,15034.72 19154.48,13107.39
edge:declared:db.IncorporationRequestAoiFile:incorporation_request	21613.28,14863.95 21433.28,15034.72
edge:declared:db.IncorporationRequestAssistance:incorporation_request	21643.58,15111.09 21497.09,15127.37
edge:declared:db.IncorporationRequestAssistance:legal_partner	21787.9,15058.37 21789.07,14152.2
edge:declared:db.IncorporationRequestAssistanceReceipt:incorporation_request_assistance	21442.53,16378.01 21772.37,15140.37
edge:declared:db.IncorporationRequestDirector:address	21425.57,17626.33 23119.23,18514.69
edge:declared:db.IncorporationRequestDirector:incorporation_request	21390.26,17552.33 21359.45,15244.72
edge:declared:db.IncorporationRequestPromoter:address	21438.87,17766.33 23111.51,18514.69
edge:declared:db.IncorporationRequestPromoterCustodian:address	22646.3,17949.6 23140.76,18514.69
edge:declared:db.IncorporationRequestPromoterCustodian:promoter	22535.69,17875.6 21506.9,17766.33
edge:declared:db.IncorporationRequestPromoterInstitutionCeo:promoter	22414.41,15754.67 21432.44,17668.33
edge:declared:db.IncorporationRequestPurpose:incorporation_request	20962.49,15196.38 21201.09,15148.63
edge:declared:db.IndividualInvestorCompanyCeo:company_info	25859.93,22363.18 24876.26,22815.37
edge:declared:db.IndividualInvestorCompanyInfo:address	24819.57,22815.37 23304.81,18764.69
edge:declared:db.IndividualInvestorCompanyInfo:company	24892.59,22897.37 29609.59,26074.41
edge:declared:db.IndividualInvestorCompanyName:non_unified_share_company	31682.89,26167.94 29814.47,26141.27
edge:declared:db.IndividualInvestorCompanyParValue:non_unified_share_company	29009.36,26182.17 29554.47,26147.64
edge:declared:db.IndividualInvestorCompanyShareClass:non_unified_share_company	29560.55,28679.4 29681.3,26204.41
edge:declared:db.IndividualInvestorCompanyShareStock:_deprecated_non_unified_stock_create_request	29103.71,26581.12 28898.92,29676.67
edge:declared:db.IndividualInvestorCompanyShareStock:_deprecated_stock_unissued_confirmation_file	29106.79,26581.12 29092.52,31031.78
edge:declared:db.IndividualInvestorCompanyShareStock:management_history	29077.61,26581.12 28140.41,28514.97
edge:declared:db.IndividualInvestorCompanyShareStock:non_unified_share_company	29179.01,26483.12 29588.88,26204.41
edge:declared:db.IndividualInvestorCompanyShareStock:share_class	29117.09,26581.12 29551.09,28679.4
edge:declared:db.IndividualInvestorEvent:company	33498.53,29570.19 29756.73,26204.41
edge:declared:db.IndividualInvestorStakeholder:address	24820.35,22939.37 23302.44,18764.69
edge:declared:db.IndividualInvestorStakeholder:company	24894.33,23021.37 29606.84,26074.41
edge:declared:db.IndividualInvestorUser:address	24412.53,20214.68 23327.82,18764.69
edge:declared:db.IndividualStockOption:company	28169.63,23843.45 29641.58,26074.41
edge:declared:db.IndividualStockOption:create_request	28262.02,23757.55 28933.84,23608.19
edge:declared:db.IndividualStockOption:grantee	28117.45,23729.45 27808.68,22521.32
edge:declared:db.IndividualStockOptionCreateRequestEtcFile:create_request	29891.61,23541.45 29247.84,23567.05
edge:declared:db.IndividualStockOptionGrantContract:individual_stock_option	27821.66,23427.74 28082.7,23729.45
edge:declared:db.IndividualStockOptionGrantee:stakeholder	27668.22,22501.33 24982.36,22962.58
edge:declared:db.IndividualStockOptionResumeEvent:pause_event	30628.4,31267.65 29990.99,28783.23
edge:declared:db.IndividualStockOptionSalesIntent:individual_stock_option	30844,23695.84 28262.02,23782.11
edge:declared:db.IndividualStockOptionVesting:individual_stock_option	28734.39,24237.01 28208.23,23843.45
edge:declared:db.IndividualStockOptionVestingItem:individual_stock_option_vesting	28873.68,24055.51 28799.07,24237.01
edge:declared:db.IndividualStockOptionVestingTraceable:individual_stock_option	28469.07,23372.29 28178.41,23729.45
edge:declared:db.InputSignupChannel:input_channel	24784.04,14023.62 25153.55,14227.92
edge:declared:db.InstitutionStakeholderManager:institution_stakeholder	11878.12,21847.92 11897.75,21384.87
edge:declared:db.InternetRegistryOfficeOtp:company	17661.88,15495.7 16707.92,11043.68
edge:declared:db.InternetRegistryOfficeOtp:director	17638.71,15577.7 17246.64,15581.47
edge:declared:db.InternetRegistryOfficeOtpReturnRequest:internet_registry_office_otp	22159.68,19832.37 17795.02,15577.7
edge:declared:db.InternetRegistryOfficeOtpReturnRequest:recipient_address	22228.15,19832.37 23173.72,18764.69
edge:declared:db.InvestmentAgreement:document	16690.88,16967.08 18480.05,14382.43
edge:declared:db.InvestmentAgreement:stakeholder	16580.79,17041.08 11989.61,19052.72
edge:declared:db.InvestmentAgreementDocument:company	18488.35,14284.43 16783.79,11043.68
edge:declared:db.InvestmentAgreementDocument:pdf_file	18538.14,14382.43 20244.32,17896.81
edge:declared:db.InvestmentAssociation:venture_capital	28556.55,15740.97 34062.21,10972.94
edge:declared:db.InvestmentAssociationDocument:investment_association	32799.8,19016.67 28556.97,15996.06
edge:declared:db.InvestmentAssociationEvent:investment_association	30529.11,17065.97 28556.97,15960.31
edge:declared:db.InvestmentAssociationIndividualPartnerLegalRepresentative:ward	33498.28,16382.36 33309,16410.12
edge:declared:db.InvestmentAssociationOrganizationPartnerCeo:organization_partner	35003.74,16088.88 34540.47,16106.71
edge:declared:db.InvestmentAssociationOrganizationPartnerCorporationSignerCeo:corporation	34984.53,13869.91 34890.74,13788.86
edge:declared:db.InvestmentAssociationOrganizationPartnerManager:organization_partner	31964.28,14481.88 34287.06,16064.7
edge:declared:db.InvestmentAssociationOrganizationPartnerSigner:_deprecated_manager	34090.7,14060.28 32107.98,14409.96
edge:declared:db.InvestmentAssociationOrganizationPartnerSigner:organization_partner	34290.21,14070.36 34357.32,16064.7
edge:declared:db.InvestmentAssociationPartner:address	35301.81,17888.39 23380.2,18625.69
edge:declared:db.InvestmentAssociationPartner:investment_association	35301.81,17822.37 28556.97,15917.84
edge:declared:db.InvestmentAssociationPartnerManager:partner	33199.65,16592.65 35301.81,17777.23
edge:declared:db.InvestmentAssociationPartnerResume:partner	36751.69,16003.7 35534.21,17758.09
edge:declared:db.InvestmentAssociationPartnerResume:signer	36727.33,15921.7 34346.57,14070.36
edge:declared:db.InvestmentAssociationPartnerResumeItem:resume	36906.16,15559.93 36792.89,15921.7
edge:declared:db.InvestmentAssociationPartnerSalesIntent:partner	33569.73,22109.78 35410.27,17976.09
edge:declared:db.InvestmentAssociationShare:investment_association	31388.32,16890.84 28556.97,15926.43
edge:declared:db.InvestmentAssociationShare:partner	31616.95,16956.79 35301.81,17829.22
edge:declared:db.InvestmentRound:company	16639.53,8271.83 16668.85,10609.68
edge:declared:db.InvestmentRoundNewIssueEvent:investment_round	16840.58,7844.75 16660.66,8189.83
edge:declared:db.InvestmentRoundNewIssueEvent:new_issue_event	16871.83,7770.75 16899.38,7685.47
edge:declared:db.InvestmentSimulation:company	16375.09,4096.13 16661.13,10609.68
edge:declared:db.InvestmentSimulationInitialOption:option_grantee	12918.68,3822.59 13329.68,3951.26
edge:declared:db.InvestmentSimulationInitialOptionGrantee:simulation	13626.87,3992.11 16249.22,4048.47
edge:declared:db.InvestmentSimulationInitialShareholder:simulation	11876.59,3015.32 16249.22,4022.57
edge:declared:db.InvestmentSimulationInitialStock:shareholder	10174.17,590.03 11692.08,2941.32
edge:declared:db.InvestmentSimulationInvestor:simulation_round	18355.99,562.29 15240.11,3420.57
edge:declared:db.InvestmentSimulationNewIssueInvestment:investor	18012.35,2481 18391.08,562.29
edge:declared:db.InvestmentSimulationPurchaseInvestment:investor	20816.75,2453.13 18449.62,562.29
edge:declared:db.InvestmentSimulationPurchaseSellStock:seller	21183.08,2066.33 20880.69,2453.13
edge:declared:db.InvestmentSimulationRound:simulation	15272.93,3494.57 16284.26,4006.13
edge:declared:db.InvestorInterest:venture_capital	35495.72,12109.71 34430.21,11004.45
edge:declared:db.InvestorMatching:_deprecated_excluded_companies	26422.44,9019.09 16860.15,10791.51
edge:declared:db.InvestorMatching:excluded_investors	26706.44,9026.47 34062.21,10769.98
edge:declared:db.InvestorRelations:previous_investors	28477.34,5048.03 34062.21,10629.7
edge:declared:db.InvestorRelationsSurvey:_deprecated_preferred_investors	31702.52,7855.4 34069.93,10608.59
edge:declared:db.InvestorRelationsSurvey:investor_relations	31628.3,7781.4 28496.09,5048.03
edge:declared:db.InvitationSeat:allocated_seat	10635,12164.01 10562.18,13531.01
edge:declared:db.InvitationSeat:invitation_seat_request	10652.37,12090.01 11756.09,9437.45
edge:declared:db.InvitationSeatRequest:company	11897.15,9432.78 16480.15,10771.01
edge:declared:db.IrAiAnalysis:investor_relations	28959.99,4393.93 28498.55,4790.03
edge:declared:db.IrAiAnalysisLike:ai_analysis	29397,3869.4 29032.99,4319.93
edge:declared:db.IrAiSummary:investor_relations	29631.92,4755.23 28502.27,4899.38
edge:declared:db.IrAlert:ir_set	31926.38,7777.4 28502.27,5042.05
edge:declared:db.IrAlert:venture_capital	32008.75,7859.4 34090.95,10608.59
edge:declared:db.IrAlertInvestorRelations:investor_relations	31087.67,6872.06 28502.27,5028.82
edge:declared:db.IrAlertInvestorRelations:ir_alert	31173.67,6946.06 31939.91,7777.4
edge:declared:db.IrApproval:investor_relations	28436.25,4314.05 28367.03,4790.03
edge:declared:db.IrApprovalNotificationDismiss:ir_approval	28532.39,3906.14 28450.68,4240.05
edge:declared:db.IrBrokerActivity:investor_relations	28783.55,6733.1 28379.22,5048.03
edge:declared:db.IrBrokerActivity:vc_user_relations	28831.45,6807.1 30548.36,8435.07
edge:declared:db.IrClosing:investor_relations	30293.69,3897.6 28502.27,4838.17
edge:declared:db.IrCommittedInvestmentAmount:investor_relations	31629.99,7901.4 28490.22,5048.03
edge:declared:db.IrCommittedInvestmentAmount:venture_capital	31703.84,7975.4 34062.58,10608.59
edge:declared:db.IrCompanyCreate:company	23769.47,7178.45 16860.15,10729.25
edge:declared:db.IrFeed:investor_relations	27711.47,5088.49 28194.27,4960.01
edge:declared:db.IrFeedAccessLog:ir_feeds	27883.36,5243.64 27696.48,5166.49
edge:declared:db.IrFeedAccessLog:venture_capital	28014.94,5317.64 34062.21,10651.3
edge:declared:db.IrFeedRating:ir_feed	27676.96,4916.27 27607.09,5076.49
edge:declared:db.IrFundRaising:investor_relations	32734.16,4914.02 28502.27,4918.85
edge:declared:db.IrFundRaising:venture_capital	32868.75,4958.88 34197.98,10608.59
edge:declared:db.IrFundRaisingMemo:fund_raising	32178.55,5205.15 32753.16,4958.88
edge:declared:db.IrFundRaisingStageLog:fund_raising	32336.86,2136.87 32849.71,4868.88
edge:declared:db.IrInsightClub:pitching_day_hall	32594.25,6408.06 32383.69,6344.36
edge:declared:db.IrInsightClub:venture_capitals	32732.59,6486.58 34174.5,10608.59
edge:declared:db.IrInsightClubParticipation:investor_relations	31932.02,5493.54 28502.27,4943.72
edge:declared:db.IrInsightClubParticipation:ir_insight_club	32093.25,5559.3 32689.34,6404.58
edge:declared:db.IrInsightClubParticipationAttendee:ir_insight_club_participation	31735.21,5119.24 32024.35,5469.3
edge:declared:db.IrInsightClubSurvey:ir_insight_club_participation	32380.76,5582.43 32191.02,5541.94
edge:declared:db.IrInvestorFeedback:venture_capital	34359.47,11162.82 34312.69,11018.59
edge:declared:db.IrNote:investor_relations	29923.92,4752.63 28502.27,4902.77
edge:declared:db.IrSearchMetadata:investor_relations	29631.92,4861.46 28502.27,4912.12
edge:declared:db.IrSubscription:company	14860.5,5428.19 16598.03,10609.68
edge:declared:db.IrSubscriptionMarketingRequest:ir_subscription	13462.86,5448.56 14730.2,5396.08
edge:declared:db.IrTeamMember:investor_relations	29923.92,4860.55 28502.27,4913.31
edge:declared:db.IrTranscript:investor_relations	29631.92,4967.7 28502.27,4924.87
edge:declared:db.IrosOtpIssueMeetingDocument:stakeholder	10718.21,23527.4 11782.06,19282.45
edge:declared:db.LawtalkSignup:company	19186.68,15530.76 16794.29,11043.68
edge:declared:db.LawtalkSignupAttachment:lawtalk_signup	19306.99,16028.94 19221.8,15604.76
edge:declared:db.LedgerByCustomerDocument:new_issue	17983.35,24987.89 16867.3,22855.95
edge:declared:db.LegalPartner:address_for_express_delivery	21920.95,13902.2 22663.12,12920.17
edge:declared:db.LegalPartner:logo	21754.19,14152.2 20431.94,17896.81
edge:declared:db.LegalPartnerEmail:legal_partner	22157.3,14361.46 21872.11,14152.2
edge:declared:db.LegalPartnerPaypleSettings:legal_partner	22494.51,14361.46 21954.71,14141.34
edge:declared:db.LegalPartnerRegistrationAssistanceSettings:legal_partner	22161.48,14477.46 21857.99,14152.2
edge:declared:db.LegalPartnerSignupChannel:legal_partner	22897.12,13637.65 21954.71,13988.97
edge:declared:db.LegalPartnerSlackChannels:legal_partner	22504.38,14477.46 21936,14152.2
edge:declared:db.LegalPartnerUserRelation:legal_partner	22164.28,14593.46 21848.53,14152.2
edge:declared:db.ManualOptionVestingItem:manual_option_vesting	15323.25,18394.13 15462.31,18284.06
edge:declared:db.Meeting:company	17843.2,16891.86 16706.16,11043.68
edge:declared:db.Meeting:electronic_signature_selected_ceo	17818.61,16891.86 17220.14,15727.47
edge:declared:db.Meeting:employee_attorney	18010.62,16918.53 18093.96,16835.98
edge:declared:db.Meeting:meeting_draft	17840.65,17125.86 17096.83,20513.16
edge:declared:db.Meeting:new_articles_of_incorporation_file	18010.62,17066.23 20161.18,18040.16
edge:declared:db.Meeting:new_corporate_registration	17923.55,16891.86 18943.39,14839.78
edge:declared:db.MeetingAttachment:meeting	18455.09,17132.38 18010.62,17018.85
edge:declared:db.MeetingDirectorContact:meeting	16612.57,17271.78 17714.62,17035.01
edge:declared:db.MeetingDirectorContact:stakeholder	16400.28,17329.63 11989.61,19060.31
edge:declared:db.MeetingDocument:directors_meeting	16066.5,26888.37 16148.47,20588.7
edge:declared:db.MeetingDocument:meeting	16238.1,26888.37 17844.68,17125.86
edge:declared:db.MeetingDocument:shareholders_meeting	16230.76,26888.37 16564.36,23290.99
edge:declared:db.MeetingDocumentCache:meeting_document	19765.98,28386.88 16385.9,27150.8
edge:declared:db.MeetingDocumentGeneration:meeting	20328.71,21099.75 17938.24,17125.86
edge:declared:db.MeetingDocumentGenerationItem:meeting_document	21327.74,27614.85 16385.9,27105.37
edge:declared:db.MeetingDocumentGenerationItem:meeting_document_generation	21456.16,27592.96 20358.7,21173.75
edge:declared:db.MeetingDocumentManualModification:meeting_document	18452.38,28502.88 16385.9,27198.42
edge:declared:db.MeetingDraft:company	17064.04,20513.16 16678.47,11043.68
edge:declared:db.MeetingDraftAgendaDirectorChange:meeting_draft	16675.46,19509.25 17021.02,20513.16
edge:declared:db.MeetingDraftAgendaDirectorChange:stakeholder	16513.56,19459.08 11989.61,19140.08
edge:declared:db.MeetingDraftAgendaDirectorCompensation:meeting_draft	15066.09,20191.99 16909.6,20606.32
edge:declared:db.MeetingDraftAgendaDirectorCompensationItem:director_compensation	14718.91,20467.58 14874.22,20191.99
edge:declared:db.MeetingDraftAgendaDirectorCompensationItem:stakeholder	14429.44,20393.58 11989.61,19187.2
edge:declared:db.MeetingDraftRegistrationAssistance:meeting_draft	17176.88,21278.05 17096.52,20803.16
edge:declared:db.MeetingDraftSchedule:meeting_draft	16507.71,20332.53 16909.6,20563.99
edge:declared:db.MembershipContentAccessLog:membership_content	2201.23,1259.04 2668.33,1804.78
edge:declared:db.MembershipContentAuthorRelation:author	26148.1,26609.1 25994.93,26373.7
edge:declared:db.MiraeassetAccount:relation	9764.6,10358.87 9886.93,10699.3
edge:declared:db.MnaBuyer:company	14500.79,5544.19 16581.67,10609.68
edge:declared:db.MnaBuyerAttachment:mna_buyer	14098.95,6998.98 14476.11,5544.19
edge:declared:db.ModusignApiLog:modusign_account	21683.39,19966.96 21863.03,20510.69
edge:declared:db.ModusignAuthentication:modusign_account	21553.28,20161.85 21837.7,20510.69
edge:declared:db.ModusignCompanyUserConnection:company	24183.27,7178.45 16860.15,10734.6
edge:declared:db.ModusignDocument:_option_grant_contract	22809.84,20718.97 20671.32,18886.65
edge:declared:db.ModusignDocument:audit_trail_file	22867.15,20710.06 20541.18,18309.38
edge:declared:db.ModusignDocumentActionHistory:modusign_document	23239.42,20584.5 23081.84,20732.83
edge:declared:db.ModusignDocumentActionHistory:modusign_document_participant	23309.49,20510.5 23171.33,20197.77
edge:declared:db.ModusignDocumentModusignAccountRelation:modusign_account	21995.16,20342.02 21947.31,20510.69
edge:declared:db.ModusignDocumentModusignAccountRelation:modusign_document	22133.94,20342.02 22809.84,20721.72
edge:declared:db.ModusignDocumentModusignApiKeyRelation:modusign_api_key	22355.33,20967.28 22204.74,21187.82
edge:declared:db.ModusignDocumentModusignApiKeyRelation:modusign_document	22476.52,20893.28 22809.84,20843.51
edge:declared:db.ModusignDocumentParticipant:modusign_document	23138.25,20197.77 22982.48,20710.06
edge:declared:db.ModusignEmbeddedDraft:modusign_account	21831.17,22906.78 21870.12,20608.69
edge:declared:db.ModusignEmbeddedDraft:modusign_api_key	21849.24,22906.78 22174.78,21261.82
edge:declared:db.ModusignEmbeddedDraft:modusign_document	21873.53,22906.78 22898.43,20872.06
edge:declared:db.ModusignExceededSignings:company	23042.71,7294.45 16860.15,10721.61
edge:declared:db.ModusignIaUserConnection:investment_association	28824.77,14913.6 28461.38,15740.97
edge:declared:db.NaverWorkplaceEmployee:naver_workplace_company	25479.79,13828.97 25630.04,13932.76
edge:declared:db.NcpSignupChannel:naver_workplace_company	25432.78,13944.33 25565.61,13957.8
edge:declared:db.NewIssueNoticeEmail:new_issue	12713.13,23256.08 16595.3,22713.67
edge:declared:db.NewIssueNoticeEmailRecipient:bulk_email_recipient	12962.89,22661.7 19780.06,18599.35
edge:declared:db.NewIssueNoticeEmailRecipient:email	13021.34,22743.7 12561.32,23174.08
edge:declared:db.NewIssueNoticeEmailRecipient:shareholder	13021.34,22743.7 12448.12,23337.47
edge:declared:db.NewIssueSkipNoticeDocument:new_issue_agenda	18436.35,24983.89 16867.3,22855.95
edge:declared:db.NewIssueSkipNoticeDocument:shareholder	18436.33,24983.89 12512.13,23467.47
edge:declared:db.NewIssueStockAcceptanceDocument:new_issue_item	18609.69,26473.6 18878.99,26504.23
edge:declared:db.NewIssueStockAllocationDocument:bonus_issue_agenda	18019.35,25107.89 17552.88,20283.28
edge:declared:db.NewIssueStockAllocationDocument:new_issue_agenda	18004.52,25107.89 16867.3,22855.95
edge:declared:db.NewIssueStockAllocationRecordDateNoticeDocument:bonus_issue_agenda	18436.35,25882.19 17552.88,20283.28
edge:declared:db.NewIssueStockSubscriptionDocument:new_issue_item	18180.19,26564.51 18878.99,26522.35
edge:declared:db.NewIssueStockUnissuedConfirmationDocument:new_issue_item	18632.19,26548.97 18878.99,26531.64
edge:declared:db.NonUnifiedShareCreateRequest:stock_unissued_confirmation_file	28902.46,29766.67 29085.86,31031.78
edge:declared:db.NonUnifiedShareEtcFile:create_request	28670.89,28808.72 28884.85,29676.67
edge:declared:db.NonUnifiedShareEtcFile:management_history	28631.78,28734.72 28151.62,28620.97
edge:declared:db.NonUnifiedShareManagement:non_unified_share_company	29156.1,26623.12 29613.47,26204.41
edge:declared:db.NonUnifiedShareManagementHistory:create_request	28133.72,28620.97 28874.67,29676.67
edge:declared:db.NonUnifiedShareManagementHistory:management	28143.35,28514.97 29077.5,26713.12
edge:declared:db.NonUnifiedShareManagementHistory:renew_request	28034.51,28514.97 27870.06,28459.95
edge:declared:db.NonUnifiedShareManagementHistory:stock_unissued_confirmation_file	28125.72,28620.97 29077.91,31031.78
edge:declared:db.NonUnifiedShareManagementSalesIntent:non_unified_share_management	30076.85,25765.17 29155.29,26623.12
edge:declared:db.NonUnifiedShareSucPoaDocument:modusign_document	24131.16,22482.71 23499.72,22266.28
edge:declared:db.NonUnifiedShareSucPoaDocument:request	24357.77,22564.71 27854.56,28369.95
edge:declared:db.NonUnifiedShareSucPoaDocument:user_address	24148.8,22482.71 23300.92,18764.69
edge:declared:db.NonUnifiedShareSucRenewRequest:management	27860.55,28369.95 29053.49,26713.12
edge:declared:db.NonUnifiedShareSucRenewRequest:renew_stock_unissued_confirmation_file	27826.09,28459.95 29073.38,31031.78
edge:declared:db.NotarizationPoA:meeting	16420.1,23829.88 16447.5,23290.99
edge:declared:db.NotarizationPoaDirectorSigner:director	16366.92,23428.11 16091.3,23349.7
edge:declared:db.NotarizationPoaDirectorSigner:notarization_poa	16409.9,23502.11 16352.02,23829.88
edge:declared:db.NotarizationPoaShareholderSigner:notarization_poa	16741.28,23833.78 16529.99,23911.88
edge:declared:db.NotarizationPoaShareholderSigner:shareholder	16995.22,23833.78 17332.31,23946.78
edge:declared:db.Notification:company	14860.77,5544.19 16596.45,10609.68
edge:declared:db.NotificationInbox:notification	15787.82,7024.7 14871.11,5544.19
edge:declared:db.Option:company	16536.23,14972.26 16663.94,11043.68
edge:declared:db.Option:grantee	16517.36,15062.26 15003.32,18882.81
edge:declared:db.Option:sealed_contract_file	16590.45,15062.26 20161.18,17959.79
edge:declared:db.Option:source_meeting	16560.18,15062.26 17796.98,16891.86
edge:declared:db.OptionAdjustment:event	16194.27,12383.1 16324.09,16101.06
edge:declared:db.OptionContractTemplatePermission:company	23371.76,7294.45 16860.15,10726.76
edge:declared:db.OptionExerciseClaim:company	12935.42,17270.54 16544.07,11043.68
edge:declared:db.OptionExerciseClaim:financial_account	12928.54,17270.54 12799.97,16560.07
edge:declared:db.OptionExerciseClaimAttachment:attachment_setting_item	13728.7,17123.33 14056.96,16965.83
edge:declared:db.OptionExerciseClaimAttachment:option_exercise_claim	13447.7,17174.77 13027.65,17270.54
edge:declared:db.OptionExerciseClaimCandidate:option_exercise_claim	13176.05,17161.48 13002.45,17270.54
edge:declared:db.OptionExerciseClaimCandidate:option_exercise_management	13385.6,17092.03 14549.06,15405.66
edge:declared:db.OptionExerciseClaimCandidate:option_grantee	13381.02,17161.48 14851.06,18882.81
edge:declared:db.OptionExerciseClaimCandidate:stock_subscription_file	13385.6,17139.48 20161.18,18081.91
edge:declared:db.OptionExerciseClaimDocumentSetting:management	14460.07,15926.85 14550.82,15405.66
edge:declared:db.OptionExerciseClaimEventRelation:_deprecated_payment	13001.83,17703.15 13095.52,17650.45
edge:declared:db.OptionExerciseClaimEventRelation:claim	12952.53,17703.15 12891.48,17400.54
edge:declared:db.OptionExerciseClaimEventRelation:event	12948.07,17785.15 12816.61,17915.88
edge:declared:db.OptionExerciseClaimMeetingDocument:exercise_claim	14423.91,21782.78 13948.19,21663.94
edge:declared:db.OptionExerciseClaimMeetingDocument:grantee	14490.89,21782.78 14823.84,21741.81
edge:declared:db.OptionExerciseClaimOption:option_exercise_claim	13129.06,17303.63 13027.65,17335.38
edge:declared:db.OptionExerciseClaimOptionTaxation:_deprecated_claim	13298.35,17454.98 13027.65,17377.57
edge:declared:db.OptionExerciseClaimOptionTaxation:claim_option	13387.14,17454.98 13274.72,17340.48
edge:declared:db.OptionExerciseClaimPayment:option_exercise_claim	13130.27,17576.45 12920.94,17400.54
edge:declared:db.OptionExerciseManagement:company	14591.98,15275.66 16566.64,11043.68
edge:declared:db.OptionExerciseManagement:excluded_institution_set	14430.98,15405.66 13141.08,15839.61
edge:declared:db.OptionExerciseManagementAttachmentSetting:management	13935.63,16557.12 14549.61,15405.66
edge:declared:db.OptionExerciseManagementAttachmentSettingItem:setting	14056.96,16891.83 14166.41,16631.12
edge:declared:db.OptionExerciseManagementCommonSetting:management	14994.37,15558.94 14633.69,15405.66
edge:declared:db.OptionExerciseManagementEmail:option_exercise_management	14865.46,15841.22 14590.09,15405.66
edge:declared:db.OptionExerciseManagementPaymentBankSetting:company	15453.39,11163.48 16480.15,10879.91
edge:declared:db.OptionExerciseManagementReminderSetting:management	15175.53,15273.81 14690.98,15300.79
edge:declared:db.OptionExerciseManagementTaxation:management	14321.92,15147.93 14430.98,15316.67
edge:declared:db.OptionExerciseManagementTaxationDefaultSetting:company	23767.12,7294.45 16860.15,10732.31
edge:declared:db.OptionGrantContract:_deprecated_template	20556.22,18772.65 19475.26,15462.53
edge:declared:db.OptionGrantContract:_grantee	20411.32,18886.65 15916.37,18982.41
edge:declared:db.OptionGrantContract:contract_file	20525.75,18772.65 20410.46,18330.81
edge:declared:db.OptionGrantContract:template_revision	20557.16,18772.65 20212.99,16041.19
edge:declared:db.OptionGrantContractModusignDocument:option_grant_contract	21624.43,19706.33 20671.32,18886.65
edge:declared:db.OptionGrantContractModusignEmbeddedDraft:option_grant_contract	21006.78,20915.89 20666.09,18886.65
edge:declared:db.OptionGrantContractStakeholder:company	19607.68,15204.94 16821.81,11043.68
edge:declared:db.OptionGrantContractTemplate:_deprecated_stakeholder	19517.52,15356.53 19611.65,15310.94
edge:declared:db.OptionGrantContractTemplate:company	19452,15356.53 16803.03,11043.68
edge:declared:db.OptionGrantContractTemplateDraft:company	18320.2,15512.14 16752.43,11043.68
edge:declared:db.OptionGrantContractTemplateDraft:stakeholder_set	18469.32,15512.14 19500.22,15297.52
edge:declared:db.OptionGrantContractTemplateRevision:stakeholder_set	20116.91,15951.19 19789.22,15310.94
edge:declared:db.OptionGrantContractTemplateRevision:template	20105.83,15951.19 19557.27,15462.53
edge:declared:db.OptionGrantEvent:_deprecated_grantee	15722.33,18435.43 15049.41,18882.81
edge:declared:db.OptionGrantEvent:share_class	15798.77,18337.43 15895.51,18137.04
edge:declared:db.OptionManagement:agenda_option_grant	16351.08,19668.89 16767.1,20120.98
edge:declared:db.OptionManagementStakeholderSeat:option_management	14656.99,18794.96 16115.08,19612.92
edge:declared:db.OptionManagementStakeholderSeat:stakeholder_seat	14396.17,18794.96 10324.84,19327.18
edge:declared:db.OptionResumeEvent:pause_event	31582.9,1061.93 31461.8,1199.5
edge:declared:db.OptionTag:category	15165.37,13006.78 15210.48,12935.6
edge:declared:db.OptionTag:company	15167.18,13006.78 16522.06,11043.68
edge:declared:db.OptionTagCategory:company	15259.3,12861.6 16521.32,11043.68
edge:declared:db.OptionTaxCalculatorSetting:company	24180.79,7294.45 16860.15,10737.5
edge:declared:db.OptionValueChange:company	16223.88,8124.57 16635.54,10609.68
edge:declared:db.OptionValueChange:investment_round	16326.79,8124.57 16518.71,8189.83
edge:declared:db.OptionVesting:_deprecated_grant_event	15588.55,18107.64 15708.75,18337.43
edge:declared:db.Order:seal_card	5060.83,5789.92 3477.99,5890.84
edge:declared:db.OrderPromotionRelation:order	6200.68,7354.65 5216.48,5831.01
edge:declared:db.OrderPromotionRelation:promotion	6247.69,7354.65 6700.57,6629.47
edge:declared:db.OrderStaffInChargeRelation:order	5013.24,3945.21 5180.25,5733.01
edge:declared:db.OrderStaffInChargeRelation:staff_in_charge	4882.78,3918.49 4141.96,3978.48
edge:declared:db.OrderStatusHistory:order	4194.29,7806 5160.85,5831.01
edge:declared:db.OrganizationChart:company	13686.49,11931.37 16480.15,10897.38
edge:declared:db.OtherDocumentArchive:company	19782.51,15966.95 16801.41,11043.68
edge:declared:db.OtherDocumentArchiveAttachment:other_document_archive	19966.32,16418.1 19823.15,16040.95
edge:declared:db.OwnerRole:company	11238.98,9066.39 16480.15,10763.89
edge:declared:db.OwnerRolePermissionRelation:owner_permission	10739.76,8770.61 10622.49,8554.45
edge:declared:db.OwnerRolePermissionRelation:owner_role	10873.44,8844.61 11053.82,8976.41
edge:declared:db.Payment:_company	20384.38,12016.09 16860.15,10887.17
edge:declared:db.Payment:app_card	20644.38,12102.76 20883.13,12182.12
edge:declared:db.Payment:charge	20413.14,12114.48 20320.62,12195.71
edge:declared:db.Payment:credit_card	20644.38,12088.11 22804.29,11968.86
edge:declared:db.Payment:purchase	20644.38,12092.45 21890.6,12435.72
edge:declared:db.PaymentLink:payment_store	24979.31,12243.54 23347.41,12938.74
edge:declared:db.PaymentLink:question_threads	24920.88,12158.69 20619.17,11086.62
edge:declared:db.PaymentRefund:payment	21027.64,11934.72 20644.38,12016.16
edge:declared:db.PaymentRefund:payment_status_history	21107.9,11860.72 21043.06,11794.32
edge:declared:db.PaymentStatusHistory:payment	20957.56,11794.32 20590.43,12000.48
edge:declared:db.PaymentStore:legal_partner	23216.45,13028.74 21954.71,13921.22
edge:declared:db.Payroll:company	7662.19,1926.9 16480.15,10635.18
edge:declared:db.Payroll:setting	7600.71,1926.9 7461.28,10129.33
edge:declared:db.PayrollAnnualSalaryInfo:employee	10219.74,13512.51 10544.21,13849.9
edge:declared:db.PayrollAnnualSalaryItem:item_setting_relation	9801.66,12562.95 8133.28,10466.09
edge:declared:db.PayrollAnnualSalaryItem:payroll_annual_salary_info	9846,12636.95 10168.72,13438.51
edge:declared:db.PayrollDocumentSealStampSetting:_deprecated_ceo	16578.73,14790.52 17146.89,15581.47
edge:declared:db.PayrollDocumentSealStampSetting:company	16553.83,14708.52 16665.79,11043.68
edge:declared:db.PayrollDocumentSealStampSetting:seal_stamp	16704.51,14738.28 16799.51,14721.74
edge:declared:db.PayrollEmployeeMonthlyWage:hrm_emp	7130.14,18168.84 7369.62,17829.76
edge:declared:db.PayrollLedger:company	13039.63,13974.83 16480.15,10986.93
edge:declared:db.PayrollLedgerAttachment:payroll_ldeger	12453.38,13602.68 12924.82,13974.83
edge:declared:db.PayrollLedgerFile:payroll_ledger	12854.13,13324.44 12967.35,13974.83
edge:declared:db.PayrollLedgerFileModificationRequest:payroll_ledger_file	13470.82,13028.57 12902.71,13250.44
edge:declared:db.PayrollLedgerItemSettingRelation:ledger_item	7941.98,10402.88 7547.47,10356.7
edge:declared:db.PayrollLedgerItemSettingRelation:setting	7983.19,10376.09 7564.76,10211.33
edge:declared:db.PayrollManagementRelation:payroll	9867.09,4429.36 7652.37,1926.9
edge:declared:db.PayrollSetting:ledger_item_set	7453.23,10211.33 7436.15,10305.88
edge:declared:db.PayrollSettlement:company_question_thread_set	13002.04,7443.03 18885,12929.39
edge:declared:db.PayrollSettlement:payroll	12896.47,7361.14 7654.63,1926.9
edge:declared:db.PayrollSettlementAutoCreation:payroll	8826.12,4110.63 7632.78,1926.9
edge:declared:db.PayrollSettlementAutoCreation:payroll_question_help_template	8868.2,4184.63 10260.39,6750.31
edge:declared:db.PayrollSettlementProgressLog:payroll_settlement	12120.98,7664.95 12754.04,7415.2
edge:declared:db.PayrollSocialInsuranceSetting:hrm	3340.37,14731.02 3657.24,15246.42
edge:declared:db.PayrollStaffUserRelation:payroll	7363.33,2067.42 7534.59,1926.9
edge:declared:db.PayrollStatement:_deprecated_employee	10846.07,14939.3 10665.14,14051.9
edge:declared:db.PayrollStatement:hrm_emp	10787.36,15061.3 7673.32,17511.45
edge:declared:db.PayrollStatement:payroll_ledger	10989.56,15061.3 12852.79,14080.83
edge:declared:db.PayrollStatementAttendance:payroll_statement	10783.75,15260.72 10850.76,15061.3
edge:declared:db.PayrollStatementDocument:payroll_statement	11676.4,14884.64 10989.56,15061.3
edge:declared:db.PayrollStatementEmail:payroll_ledger	12365.2,17051 13100.79,14080.83
edge:declared:db.PayrollStatementEmailRecipient:email	11783.48,17224.15 12229.81,17065.84
edge:declared:db.PayrollStatementEmailRecipient:payroll_statement	11628.61,17224.15 10880.16,15061.3
edge:declared:db.PayrollStatementItem:ledger_item_setting_relation	9706.14,11779.74 8150.76,10466.09
edge:declared:db.PayrollStatementItem:payroll_statement	9763.31,11853.74 10837.54,14939.3
edge:declared:db.PayrollStatementPayrollInformation:payroll_statement	11322.95,15065.63 10989.56,15061.3
edge:declared:db.PayrollStatementScheduledEmail:payroll_statement_email	11875.18,16619.26 12157.43,16975.84
edge:declared:db.PayrollStatementScheduledEmailPeriodicTaskRelation:payroll_statement_scheduled_email	11731.97,16738 11801.05,16619.26
edge:declared:db.PeriodicOptionVestingItem:periodic_option_vesting	15121.21,18084.37 15129.04,18167.23
edge:declared:db.PhantomStock:company	10916.73,16741.32 16480.15,11009.71
edge:declared:db.PhantomStock:grantee	10884.85,16839.32 11232.06,18168.7
edge:declared:db.PhantomStockGrantContract:phantom_stock	10641.23,16381.67 10813.94,16741.32
edge:declared:db.PhantomStockResumeEvent:pause_event	16040.3,15559 16037.56,15401.78
edge:declared:db.PhantomStockVesting:phantom_stock	10690.51,17113.68 10859.82,16839.32
edge:declared:db.PhantomStockVestingItem:phantom_stock_vesting	10631.92,17452.25 10679.32,17187.68
edge:declared:db.PhantomStockVestingTraceable:phantom_stock	10689.82,17229.68 10860.74,16839.32
edge:declared:db.PhantomStockVestingTraceable:source_vesting_item	10675.93,17303.68 10635.68,17452.25
edge:declared:db.PhoneVerification:phone	8325.9,12693.04 6600.25,10948.29
edge:declared:db.PingpongDelivery:dropoff_address	20201.25,10840.44 22674.54,12830.17
edge:declared:db.PitchingDayHall:assigned_irs	32135.69,6262.84 28502.27,4973.67
edge:declared:db.PitchingDayHallAccessLog:pitching_day_hall	32410.84,6584.78 32284.16,6351.84
edge:declared:db.PitchingDayHallAccessLog:venture_capital	32446.98,6658.78 34157.44,10608.59
edge:declared:db.PitchingDayHallAssignedIrs:investor_relations	30396.26,5427.95 28502.27,4957.3
edge:declared:db.PitchingDayHallAssignedIrs:pitching_day_hall	30599.08,5496.51 32167.47,6261.84
edge:declared:db.PortalMenuVisibilitySetting:company	23040.46,7410.45 16860.15,10725.03
edge:declared:db.PortalSetting:company	23369.4,7410.45 16860.15,10730.01
edge:declared:db.PortfolioCompany:company	28006.37,13012.6 16860.15,10862.56
edge:declared:db.PortfolioCompany:venture_capital	28266.37,12986.96 34062.21,10884.64
edge:declared:db.PortfolioCompanyFund:fund	30051.28,12578.17 31397.68,12425.75
edge:declared:db.PortfolioCompanyFund:portfolio_company	29815.28,12628.16 28266.37,12996.8
edge:declared:db.PortfolioCompanyManager:portfolio_company	28251.43,14800.03 28129.14,13102.15
edge:declared:db.PortfolioCompanyUserRelation:portfolio_company	28251.96,13195.43 28211.34,13102.15
edge:declared:db.PrivacyPolicyLog:privacy_policy	3949.99,32014.16 3962.36,31885.84
edge:declared:db.PromotionAddress:promotion	6647.96,4495.08 6722.34,6555.47
edge:declared:db.PromotionCodeUsageHistory:promotion_code	24953.01,11017.95 24830,10752.45
edge:declared:db.PromotionCodeUsageHistory:service_fee_item	24933.19,11091.95 24592.89,11432.6
edge:declared:db.Purchase:_corporate_registration_paid_issue	21917.4,12580.53 19265.14,14979.04
edge:declared:db.Purchase:_credit	21890.6,12475.89 20676.42,12497.86
edge:declared:db.Purchase:_deprecated_payment_store	22186.6,12538.58 23176.21,12938.74
edge:declared:db.Purchase:_incorporation_request	22008.53,12580.53 21379.16,15034.72
edge:declared:db.Purchase:_invitation_seat_request	21890.6,12431.27 11897.15,9433.53
edge:declared:db.Purchase:_meeting	21936.94,12580.53 17975.89,16891.86
edge:declared:db.Purchase:_payment_store_legal_partner	22022.24,12580.53 21820.19,13902.2
edge:declared:db.Purchase:_subscription_payment_request	22000.3,12370.53 21231.16,10021.88
edge:declared:db.Purchase:basket	22158.05,12370.53 22481.66,12187.98
edge:declared:db.Purchase:company	21890.6,12430.48 16860.15,10884.51
edge:declared:db.Purchase:investment_association	22186.6,12555.31 28248.97,15790.96
edge:declared:db.Purchase:service_fee	22186.6,12415.3 22814.04,12152.83
edge:declared:db.Purchase:venture_capital	22186.6,12454.99 34062.21,10839.12
edge:declared:db.PurchaseItem:payment_store	23219.3,12846.18 23261.38,12938.74
edge:declared:db.PurchaseItem:purchase	23084.48,12774.44 22186.6,12519.1
edge:declared:db.PurchaseStatusHistory:purchase	21823.38,12551.09 21890.6,12502.64
edge:declared:db.Purpose:articles_of_incorporation	17646.36,13809.65 17578.45,14273.59
edge:declared:db.Purpose:industrial_code	17648.91,13735.65 17639.95,13619.95
edge:declared:db.QrReplyPasswordReset:request	23922.99,15546.28 24049.08,15626.65
edge:declared:db.QrReplyPasswordResetRequest:reply	24031.81,15700.65 24272.23,15762.93
edge:declared:db.QuarterlyReportRequest:quarterly_report	27037,15974.7 27354.9,15660.52
edge:declared:db.QuarterlyReportRequestAttachment:quarterly_report_request	24516.43,16683.25 26814.99,16064.7
edge:declared:db.QuarterlyReportRequestRecipient:email_activity_recipient	28369.73,16789.87 24270.72,23651.23
edge:declared:db.QuarterlyReportRequestRecipient:portfolio_company	28397.21,16699.87 28135.51,13102.15
edge:declared:db.QuarterlyReportRequestRecipient:portfolio_company_manager	28393.09,16699.87 28250.21,14874.03
edge:declared:db.QuarterlyReportRequestRecipient:quarterly_report_request	28307.81,16699.87 27054.35,16064.7
edge:declared:db.QuarterlyReportRequestReportItem:quarterly_report_item	26163.12,15988.93 26011.95,15964.5
edge:declared:db.QuarterlyReportRequestReportItem:quarterly_report_request	26462.12,16014.6 26795.55,16017.98
edge:declared:db.QuarterlyReportSettings:quarterly_report	27242.03,15138.49 27326.98,15546.52
edge:declared:db.QuarterlyReportSignupChannel:portfolio_company	27425.06,13522.01 28007.62,13102.15
edge:declared:db.QuarterlyReportSignupChannel:quarterly_report	27480.85,13604.01 27393.08,15546.52
edge:declared:db.QuestionMessageAttachment:message	21374.52,17985.44 22904.94,9600.13
edge:declared:db.QuestionMessageScheduled:question_thread_message	23479.26,8973.77 23029.35,9454.13
edge:declared:db.QuestionThread:_company	20359.17,11035.31 16860.15,10840.61
edge:declared:db.QuestionThreadAssignment:question_thread	20362.26,11697.71 20458.27,11113.84
edge:declared:db.QuestionThreadMessage:question_thread	22778.05,9600.13 20557.89,10975.84
edge:declared:db.QuestionThreadMessageAccessLog:message	24207.61,9792.08 23050.05,9535.16
edge:declared:db.QuestionThreadMessageCategory:question_thread_message	24570.11,9794.04 23050.05,9533.63
edge:declared:db.QuestionThreadMessagePeriodicTaskRelation:question_message_scheduled	23396.74,8786.45 23503,8899.77
edge:declared:db.QuestionThreadMessageProfile:message	24218.61,9898.66 23050.05,9545.62
edge:declared:db.QuestionThreadMessageReminder:message	24570.11,9901.67 23050.05,9542.1
edge:declared:db.QuestionThreadMessageReview:message	24222.61,10005.44 23050.05,9556.07
edge:declared:db.QuestionThreadMessageReviewRequest:message	24547.61,10005.42 23050.05,9550.56
edge:declared:db.QuestionThreadTag:question_thread_set	20674.97,11358.38 20504.34,11113.84
edge:declared:db.RebootProductContactRequest:company	23764.62,7410.45 16860.15,10735.38
edge:declared:db.RegisteredMail:order_status_history	3864.5,7901.05 4050.22,7868.64
edge:declared:db.RegisteredMail:seal_card_return_status_history	3740.28,7884.64 3701.25,7652.35
edge:declared:db.Registration:meeting	14045.86,20463.76 17751.7,17125.86
edge:declared:db.RegistrationAgenda:agenda_ceo_address_change	13400.26,22234.29 13300.36,22209.06
edge:declared:db.RegistrationAgenda:agenda_director_change	13571.97,22316.35 14599.2,22438.8
edge:declared:db.RegistrationAgenda:agenda_option_exercise	13400.26,22271.16 13300.36,22304.19
edge:declared:db.RegistrationAgenda:registration	13402.6,22226.35 14019.4,20545.76
edge:declared:db.RegistrationAssistance:legal_partner	21428.83,15869.66 21769.75,14152.2
edge:declared:db.RegistrationAssistance:meeting	21294.68,15949.61 18010.62,16962.38
edge:declared:db.RegistrationAssistanceReceipt:registration_assistance	21228.29,16237.63 21394.81,15951.66
edge:declared:db.RegistrationCaseReport:company	14501.12,5660.19 16579.7,10609.68
edge:declared:db.RegistrationCaseReport:jurisdiction	14484.52,5660.19 14419.01,7713.33
edge:declared:db.RegistrationCaseReportUpdateLog:company	24178.14,7410.45 16860.15,10740.4
edge:declared:db.RegistrationDirector:registration	14779.15,20645.84 14022.15,20545.76
edge:declared:db.RegistrationFormCaptable:agenda	19350.87,24862.07 17778.25,21756.78
edge:declared:db.RegistrationFormCaptableDocument:captable	18661.48,25242.16 19350.87,24944.07
edge:declared:db.RegistrationFormCaptableNotarizationRequestor:registration_form_captable	18213.81,23849.23 19200.81,24862.07
edge:declared:db.RegistrationFormCaptableNotarizationRequestor:shareholder	18126.55,23849.23 17638.68,23941.76
edge:declared:db.RegistrationFormHeadOfficeInsideRelocationDocument:head_office_relocation_agenda	19881.2,24381.95 18662.34,21993.38
edge:declared:db.RegistrationFormHeadOfficeOutsideRelocationDocument:head_office_relocation_agenda	19881.2,24497.95 18662.34,21993.38
edge:declared:db.RegistrationHelp:company_question_thread	18790.9,13111.54 18870.48,13054.43
edge:declared:db.RegistrationHelp:meeting	18663.69,13178.49 17891.73,16891.86
edge:declared:db.ResignationLetterDocument:director_change_agenda	13863,22864.52 14532.3,22544.8
edge:declared:db.RightToConsentOrConsult:company	15128.42,16034.58 16611.01,11043.68
edge:inheritance:db.RsuAdjustEvent->db.Event	16766.3,12500.19 16407.75,16101.06
edge:declared:db.RsuExerciseClaim:company	14493.34,14524.82 16541.82,11043.68
edge:declared:db.RsuExerciseClaim:financial_account	14355.28,14630.82 12858.89,16462.07
edge:declared:db.RsuExerciseClaimAttachment:attachment_setting_item	14093.14,14696.74 14026.21,14751.84
edge:declared:db.RsuExerciseClaimAttachment:rsu_exercise_claim	14277.48,14627.88 14338,14609.81
edge:declared:db.RsuExerciseClaimCandidate:hrm_emp	13297.34,15779.05 7673.32,17599.79
edge:declared:db.RsuExerciseClaimCandidate:rsu_exercise_claim	13549.34,15694.8 14356.29,14630.82
edge:declared:db.RsuExerciseClaimCandidate:rsu_exercise_management	13414.8,15688.32 13314.83,15353.54
edge:declared:db.RsuExerciseClaimCandidate:rsu_grantee	13455.58,15786.32 13453.41,16382.68
edge:declared:db.RsuExerciseClaimCandidateEmailRecipient:candidate	13664.57,15917.84 13495.17,15786.32
edge:declared:db.RsuExerciseClaimEventRelation:claim	15433.05,14924.69 14586,14626.82
edge:declared:db.RsuExerciseClaimEventRelation:event	15317.19,14998.69 15740.92,15489.85
edge:declared:db.RsuExerciseClaimRsu:rsu	15070.49,14465.5 15484.46,14186.79
edge:declared:db.RsuExerciseClaimRsu:rsu_exercise_claim	15112.85,14539.5 14586,14626.56
edge:declared:db.RsuExerciseManagement:company	13343.55,15255.54 16505.14,11043.68
edge:declared:db.RsuExerciseManagement:excluded_institution_set	13285.64,15353.54 13036.04,15839.61
edge:declared:db.RsuExerciseManagementAttachmentSetting:management	13539.47,15050.15 13382.15,15255.54
edge:declared:db.RsuExerciseManagementAttachmentSettingItem:setting	13953.79,14825.84 13608.34,14976.15
edge:declared:db.RsuExerciseManagementEmail:rsu_exercise_management	14647.07,16363.58 13430.29,15353.54
edge:declared:db.RsuExtraAttachment:rsu	15915.6,13742.35 15720.94,14047.26
edge:declared:db.RsuGrantContract:rsu	16208.15,13829.38 15756.46,14086.38
edge:declared:db.RsuGrantContract:template	16326.48,13753.49 16214.69,13288.64
edge:declared:db.RsuGrantContractModusignDocument:rsu_grant_contract	20879.91,18650.13 16456.15,13843.27
edge:declared:db.RsuGrantContractTemplate:company	16217.63,13206.64 16627.3,11043.68
edge:declared:db.RsuGrantContractTemplate:stakeholder_set	16200.13,13206.64 16178.57,12764.82
edge:declared:db.RsuGrantContractTemplateStakeholder:company	16179.34,12690.82 16615.84,11043.68
edge:declared:db.RsuMeeting:company	16140.65,14191.68 16641.16,11043.68
edge:declared:db.RsuMeeting:meeting	16157.68,14281.68 17802.73,16891.86
edge:declared:db.RsuMeetingAttachment:meeting	16046.57,14384.71 16099.56,14281.68
edge:declared:db.RsuPerformanceCondition:company	15696.78,12768.6 16563.08,11043.68
edge:declared:db.RsuResumeEvent:pause_event	15943.06,16851.11 15802.27,16802.16
edge:declared:db.RsuRsa:company	15643.51,14047.26 16601.63,11043.68
edge:declared:db.RsuRsa:grantee	15630.57,14193.26 13604.39,16456.92
edge:declared:db.RsuRsa:grantee_hrm_emp	15484.46,14182.25 7673.32,17578.37
edge:declared:db.RsuRsa:source_meeting	15756.46,14182.14 16035.74,14191.68
edge:declared:db.RsuRsaSealedContractFile:company	16147.06,13528.74 16622.42,11043.68
edge:declared:db.RsuRsaSealedContractFile:grant_contract	16171.34,13602.74 16292.72,13753.49
edge:declared:db.RsuTag:category	15909.23,13065.23 15841.78,12998.02
edge:declared:db.RsuTag:company	15963.05,13065.23 16603.09,11043.68
edge:declared:db.RsuTag:rsu_set	15936.68,13147.23 15644.85,14047.26
edge:declared:db.RsuTagCategory:company	15819.38,12924.02 16583.7,11043.68
edge:declared:db.RsuVesting:rsu	14816.78,13381.63 15504.11,14047.26
edge:declared:db.RsuVestingItem:performance_condition	14992.59,13682.6 15649.58,12842.6
edge:declared:db.RsuVestingItem:rsu_vesting	14930.36,13682.6 14780.04,13381.63
edge:declared:db.RsuVestingTraceable:rsu	14831.07,13497.63 15484.46,14051.58
edge:declared:db.RsuVestingTraceable:source_vesting_item	14789.57,13497.63 14918.76,13682.6
edge:declared:db.RtccConsentSummary:company	14611.5,8746.13 16480.15,10633.2
edge:declared:db.RtccConsentSummary:source_result	14579,8672.13 14722.35,7287.19
edge:declared:db.RtccEmail:right_to_consent_or_consult	15117.72,16233.1 15093.94,16116.58
edge:declared:db.RtccEmailAuthentication:rtcc_investor	15717.14,17066.65 15642.6,17393.14
edge:declared:db.RtccInvestor:right_to_consent_or_consult	15639.42,17393.14 15241.25,16116.58
edge:declared:db.RtccInvestor:stakeholder	15500.14,17483.14 11989.61,19040.15
edge:declared:db.RtccInvestorFile:investor	19394.97,18087.95 15743.21,17481.53
edge:declared:db.RtccSummaryAnalysisRequest:company	14791.52,6859.17 16568.24,10609.68
edge:declared:db.RtccSummaryAnalysisRequestDocument:document	15233.57,8153.49 18488.18,14284.43
edge:declared:db.RtccSummaryAnalysisRequestDocument:request	15201.48,8079.49 14786.22,6859.17
edge:declared:db.RtccSummaryAnalysisResult:request	14730.97,7205.19 14767.89,6859.17
edge:declared:db.RtccSummaryAnalysisResultDocument:document	15102.33,8385.52 18486.1,14284.43
edge:declared:db.RtccSummaryAnalysisResultDocument:result	15069.36,8311.52 14739.78,7287.19
edge:declared:db.Safe:company	11767.88,17355.68 16480.15,11039.9
edge:declared:db.Safe:holder	11700.89,17429.68 12173.05,18081.28
edge:declared:db.SafeCreateEvent:contract_file	17199.98,16956.75 20161.18,18044.19
edge:declared:db.SalesMetric:legal_partner	22511,14593.46 21913.66,14152.2
edge:declared:db.SdContactRequest:secondary_deal	34298.36,6148.17 35117.67,3309.8
edge:declared:db.SdContactRequest:venture_capital	34287.35,6222.17 34248.05,10608.59
edge:declared:db.SealCardReturnRequest:seal_card	2776.83,5993.49 3229.99,5919.11
edge:declared:db.SealCardReturnStatusHistory:seal_card_return_request	3667.63,7570.35 2679.56,6054.85
edge:declared:db.SealCertificateDelivery:company	19326.78,10749.39 16860.15,10821.17
edge:declared:db.SealCertificateDelivery:seal_card_pickup_delivery	19574.78,10757.54 20017.87,10779.69
edge:declared:db.SealCertificateIssueRequest:delivery	19580.88,10863.71 19504.84,10794.79
edge:declared:db.SealStamp:attachment	16974.94,14765.54 20161.18,17918.01
edge:declared:db.SealStamp:company	16918.14,14659.54 16692.15,11043.68
edge:declared:db.SealStamp:director	16929.96,14765.54 17183.8,15581.47
edge:declared:db.SealStampCardContinuedUseApplicationFormDocument:stakeholder	10717.96,23643.4 11783.13,19282.45
edge:declared:db.SealStampDeclarationDocument:stakeholder	10717.72,23759.4 11784.15,19282.45
edge:declared:db.SealStampImage:seal_stamp	19281.63,16428.73 17047.51,14755.27
edge:declared:db.SealStampUsageHistory:employee	12387.07,14232.37 10784.81,13978.85
edge:declared:db.SealStampUsageHistory:payroll_statement_document	12593.72,14309.78 11736.7,14815.24
edge:declared:db.SealStampUsageHistory:seal_stamp	12635.07,14309.78 16799.51,14660.04
edge:declared:db.SealStampUsageHistory:wht_book	12387.07,14262.84 11466.49,14283.95
edge:declared:db.SealStampUsageHistory:wht_certificate	12598.93,14203.78 12424.79,14060.65
edge:declared:db.SealStampUsageHistory:wht_receipt	12460.15,14203.78 12056.89,14126.02
edge:declared:db.SecondaryDeal:assigned_investors	35138.22,3309.8 34270.58,10608.59
edge:declared:db.SecondaryDeal:business_line	34998.6,3163.91 34492.03,3082.06
edge:declared:db.SecondaryDeal:corporate_registration	34998.6,3089.37 34782.81,2950.05
edge:declared:db.SecondaryDeal:operating_profit	34998.6,3131.19 34508.53,2947.86
edge:declared:db.SelfRegistration:meeting	18067.72,17006.34 18010.62,16979.44
edge:declared:db.ServiceFee:basket	22790.78,12113 22641.75,12149.87
edge:declared:db.ServiceFeeItem:product	24509.63,11432.6 23676.76,10625.36
edge:declared:db.ServiceFeeItem:service_fee	24456.63,11514.6 23010.08,12070.83
edge:declared:db.ShareClass:company	15919.82,18031.04 16648.91,11043.68
edge:declared:db.ShareholderInstitutionMember:institution	12018.41,22319.38 12359.2,23337.47
edge:declared:db.ShareholderInstitutionMember:manager	11990.67,22237.38 11888.53,21921.92
edge:declared:db.ShareholderInstitutionMemberCeo:member	11964.48,23065.95 12001.9,22319.38
edge:declared:db.ShareholderVote:agenda	17621.71,22116.08 17673.54,21756.78
edge:declared:db.ShareholderVote:attended_shareholder	17611.12,22190.08 17526.56,23941.76
edge:declared:db.ShareholderVotingRightsPerAgenda:agenda	17620.88,22232.08 17676.64,21756.78
edge:declared:db.ShareholderVotingRightsPerAgenda:shareholder	17610.8,22306.08 17527.15,23941.76
edge:declared:db.ShareholdersAgreementStakeholder:stakeholder	10977.45,18826.06 11657.61,19068.88
edge:declared:db.ShareholdersMeeting:chairperson	16341.25,23290.99 16091.3,23349.7
edge:declared:db.ShareholdersMeeting:meeting	16484.91,23152.99 17839.46,17125.86
edge:declared:db.ShareholdersMeeting:sealed_meeting_minutes_file	16523.59,23152.99 20186.57,18330.81
edge:declared:db.ShareholdersMeetingAgenda:agenda_authorized_shares_change	17539.36,21730.51 17150.97,21999.31
edge:declared:db.ShareholdersMeetingAgenda:agenda_bonus_issue	17836.42,21482.78 17552.88,20283.28
edge:declared:db.ShareholdersMeetingAgenda:agenda_branch_change	17859.36,21514.52 18220.08,20308.43
edge:declared:db.ShareholdersMeetingAgenda:agenda_change_of_articles_of_incorporation	17859.36,21591.35 18946.91,20869.52
edge:declared:db.ShareholdersMeetingAgenda:agenda_co_ceo_system_change	17539.36,21715.78 14457.31,22717.29
edge:declared:db.ShareholdersMeetingAgenda:agenda_company_name_change	17793.06,21756.78 18070.83,22120.91
edge:declared:db.ShareholdersMeetingAgenda:agenda_custom	17539.36,21726.72 14774.31,22759.78
edge:declared:db.ShareholdersMeetingAgenda:agenda_director_change	17539.36,21699.38 14779.39,22544.8
edge:declared:db.ShareholdersMeetingAgenda:agenda_director_compensation_decision	17539.36,21688.39 16212.62,21826.35
edge:declared:db.ShareholdersMeetingAgenda:agenda_director_compensation_rule	17846.51,21756.78 18414.9,22120.91
edge:declared:db.ShareholdersMeetingAgenda:agenda_financial_statements	17840.34,21482.78 17856.88,20259.28
edge:declared:db.ShareholdersMeetingAgenda:agenda_head_office_relocation	17859.36,21682.03 18403.34,21890
edge:declared:db.ShareholdersMeetingAgenda:agenda_head_office_relocation_aoi_change	17782.56,21756.78 18073.67,22236.91
edge:declared:db.ShareholdersMeetingAgenda:agenda_method_of_giving_public_notice_change	17659.77,21482.78 17260.28,20064.33
edge:declared:db.ShareholdersMeetingAgenda:agenda_new_issue	17602.57,21756.78 16857.98,22685.95
edge:declared:db.ShareholdersMeetingAgenda:agenda_new_options_rule	17830.01,21756.78 18419.35,22236.91
edge:declared:db.ShareholdersMeetingAgenda:agenda_new_or_change_rsu_rule	17773.91,21756.78 18076.01,22356.91
edge:declared:db.ShareholdersMeetingAgenda:agenda_option_cancel	17539.36,21637.72 15915.63,21135.12
edge:declared:db.ShareholdersMeetingAgenda:agenda_option_grant	17657.2,21482.78 16657.68,20210.98
edge:declared:db.ShareholdersMeetingAgenda:agenda_purpose_change	17816.44,21756.78 18419.6,22352.91
edge:declared:db.ShareholdersMeetingAgenda:agenda_rsu_grant	17539.36,21728.07 14457.31,22901.17
edge:declared:db.ShareholdersMeetingAgenda:agenda_subsidiary_establishment	17539.36,21729.97 14787.31,22897.17
edge:declared:db.ShareholdersMeetingAgenda:meeting	17673.03,21756.78 16601.25,23152.99
edge:declared:db.ShareholdersMeetingConvocationNoticeEmail:shareholders_meeting	18394.74,20846 16549.49,23152.99
edge:declared:db.ShareholdersMeetingConvocationNoticeEmailAttachment:convocation_notice_email	19550.7,19511.37 18484.75,20828.49
edge:declared:db.ShareholdersMeetingConvocationNoticeEmailNewIssueAttachment:email	19514.3,24241.49 18484.75,20846
edge:declared:db.ShareholdersMeetingConvocationNoticeEmailNewIssueAttachment:new_issue	19514.3,24241.49 16867.3,22855.95
edge:declared:db.ShareholdersMeetingConvocationNoticeEmailRecipient:email_activity_recipient	19926.16,18715.35 24199.03,23651.23
edge:declared:db.ShareholdersMeetingConvocationNoticeRecipient:bulk_email_recipient	19297.07,22682.17 19874.6,18599.35
edge:declared:db.ShareholdersMeetingConvocationNoticeRecipient:convocation_notice_email	19262.66,22682.17 18484.75,20846
edge:declared:db.ShareholdersMeetingConvocationNoticeRecipient:shareholder	19300.22,22772.17 17578.25,23941.76
edge:declared:db.ShareholdersMeetingDirectorAttendance:stakeholder	15874.49,23251.7 11973.58,19282.45
edge:declared:db.ShareholdersMeetingPowerOfAttorneyIndividualDocument:shareholder	17354.86,24497.19 17404.99,24079.76
edge:declared:db.ShareholdersMeetingShareholderAttendance:meeting	17426.56,23941.76 16564.5,23290.99
edge:declared:db.ShareholdersMeetingShareholderAttendance:original_shareholder	17332.31,24064.57 12512.13,23467.47
edge:declared:db.ShareholdersMeetingShortenPeriodIndividualDocument:shareholder	17334.48,24613.19 17442.99,24079.76
edge:declared:db.ShareholdersMeetingWrittenDecisionIndividualDocument:shareholder	17324.24,24729.19 17462.1,24079.76
edge:declared:db.Stakeholder:company	11915.01,18968.45 16543.82,11043.68
edge:declared:db.Stakeholder:standardized_address	11989.61,19118.69 23072.2,18645.96
edge:declared:db.StakeholderAccount:account	12672.17,16668.33 12721.87,16560.07
edge:declared:db.StakeholderAccount:stakeholder	12643.05,16742.33 11900.43,18968.45
edge:declared:db.StakeholderCustodian:stakeholder	11311.07,19305.81 11657.61,19183.86
edge:declared:db.StakeholderSeat:stakeholder	10324.84,19280.23 11657.61,19133.42
edge:declared:db.StarredQuestionThread:question_thread	20063.74,11155.99 20359.17,11053.76
edge:declared:db.Stock:company	15163.72,17442.26 16619.61,11043.68
edge:declared:db.Stock:share_class	15278.17,17521.4 15790.63,18045.9
edge:declared:db.Stock:shareholder	15030.81,17524.26 12413.72,23337.47
edge:declared:db.StockDocumentAnalysis:document_ai_process_request	26640.98,29156.13 27291.24,28830.61
edge:declared:db.StockDocumentAnalysis:stock_reregistration_event	26593.42,29230.13 26723.65,29412.98
edge:declared:db.StockTransferAgreement:company	17657.73,18308.19 16695.33,11043.68
edge:declared:db.StockTransferAgreement:purchaser	17530.67,18404.63 11989.61,19101.72
edge:declared:db.StockTransferAgreement:sealed_agreement_file	17802.67,18375.64 20161.18,18127.15
edge:declared:db.StockTransferAgreement:seller	17530.67,18419.44 12470.16,23337.47
edge:declared:db.StockTransferAgreement:stock_transfer_event	17553.38,18308.19 17179.84,18077.17
edge:declared:db.StockTransferAgreementClauses:stock_transfer_agreement	17823.31,18221.42 17802.67,18344.75
edge:declared:db.StockTransferAgreementItem:agreement	17001.17,18211.58 17530.67,18359.39
edge:declared:db.StockTransferAgreementItem:share_class	16754.17,18161.64 16038.63,18110.66
edge:declared:db.StockTransferAgreementManagement:company	16709.61,12692.43 16673.39,11043.68
edge:declared:db.StockTransferAgreementManagement:related_tax_advices	16861.78,12782.43 20359.17,11113.84
edge:declared:db.StockTransferAgreementManagement:stock_transfer_agreement	16861.78,12782.43 17577.41,18308.19
edge:declared:db.StockTransferAgreementManagementStakeholderSeat:stakeholder_seat	8897.91,7032.54 10249.33,19245.18
edge:declared:db.StockTransferAgreementManagementStakeholderSeat:stock_transfer_agreement_management	8897.91,7032.54 16558.78,12692.43
edge:declared:db.StockTransferAgreementModusignDocument:stock_transfer_agreement	20078.44,20054.58 17802.67,18462.19
edge:declared:db.StockTransferAgreementModusignEmbeddedDraft:stock_transfer_agreement	21368.28,21504.15 17802.67,18462.19
edge:declared:db.StockTransferAgreementPurchaserInstitution:agreement	18192.01,18520.12 17802.67,18427.8
edge:declared:db.StockTransferAgreementSellerInstitution:agreement	18012.32,18363.52 17802.67,18399.9
edge:declared:db.StockTransferAgreementSurvey:company	23038.06,7526.45 16860.15,10728.44
edge:declared:db.StockTransferPrice:share_class	16800.38,17791.18 16038.63,18070.98
edge:declared:db.StockTransferPrice:stock_transfer_event	16928.93,17815.75 17114.85,18003.17
edge:declared:db.StockUnissuedConfirmationRequest:company	18147.24,14424.43 16758.93,11043.68
edge:declared:db.StockUnissuedConfirmationRequest:stock_unissued_confirmation_file	18188.89,14506.43 20219.48,17896.81
edge:declared:db.StripeCard:customer	4558.13,4551.79 4612.01,5016.26
edge:declared:db.StripePayment:card	3648.93,5355.97 4514.04,4551.79
edge:declared:db.StripePayment:order	3728.82,5427.19 5060.83,5751.79
edge:declared:db.StripePayment:seal_card_return_request	3541.55,5437.97 2716.1,5972.85
edge:declared:db.Subscription:company	21061.02,9363.52 16860.15,10761.33
edge:declared:db.Subscription:subscription_contract	21061.02,9367.26 19627.36,9845.01
edge:declared:db.Subscription:subscription_package	21061.02,9378.89 19902.72,9845.01
edge:declared:db.Subscription:subscription_plan	21142.72,9397.75 20432.47,10293.03
edge:declared:db.Subscription:subscription_policy	21061.02,9391.23 19889.3,9961.01
edge:declared:db.Subscription:subscription_promotion	21061.02,9387.34 19599.03,10077.01
edge:declared:db.SubscriptionBonus:subscription	22299.95,9186.52 21333.02,9335.4
edge:declared:db.SubscriptionContract:company	19415.24,9919.01 16860.15,10764.19
edge:declared:db.SubscriptionModusignDocumentUsageHistory:subscription	28070.97,11445.88 21333.02,9397.75
edge:declared:db.SubscriptionPackage:company	19703.74,9917.22 16860.15,10769.99
edge:declared:db.SubscriptionPaymentRequest:company	21090.2,10004.25 16860.15,10791.44
edge:declared:db.SubscriptionPaymentRequest:subscription	21209.18,9939.88 21210.89,9397.75
edge:declared:db.SubscriptionPenaltyPayment:company	19407.74,10032.63 16860.15,10771.86
edge:declared:db.SubscriptionPenaltyPayment:subscription	19610.85,9961.01 21061.02,9377.3
edge:declared:db.SubscriptionPeriod:subscription	22127.58,8910.86 21333.02,9265.51
edge:declared:db.SubscriptionPerk:subscription	21636.11,8987.5 21333.02,9238
edge:declared:db.SubscriptionPlan:permissions	20264.26,10340.11 20012.45,10320.9
edge:declared:db.SubscriptionPlanOffering:subscription_plan	20768.49,10302.98 20524.26,10333.69
edge:declared:db.SubscriptionPlanPerk:subscription_plan	20774.82,10184.76 20524.26,10293.57
edge:declared:db.SubscriptionPolicy:company	19703.74,10028.89 16860.15,10776.95
edge:declared:db.SubscriptionPromotion:company	19409.74,10143.29 16860.15,10779.53
edge:declared:db.SubscriptionReservation:company	19109.42,10460.98 16860.15,10798.36
edge:declared:db.SubscriptionReservation:subscription_plan	19345.42,10433.95 20264.26,10360.43
edge:declared:db.SubscriptionSuspensionHistory:subscription	21116.79,9174.37 21222.31,9235.75
edge:declared:db.TalingCoupon:_company	23366.87,7526.45 16860.15,10733.25
edge:declared:db.TaxBookkeepingServiceRequest:company	20500.84,12688.59 16860.15,10927.1
edge:declared:db.TaxBookkeepingServiceRequest:incorporation_request	20571.31,12770.59 21295.28,15034.72
edge:declared:db.TaxPartnerTbkContract:legal_partner	22954.15,13358.14 21954.71,13943.17
edge:declared:db.TaxPartnerTbkContractItem:tax_partner_tbk_contract	23090.8,13424.53 23046.59,13358.14
edge:declared:db.TaxPartnerTbkSettings:legal_partner	22166.28,14709.46 21841.75,14152.2
edge:declared:db.TbkConsulting:tax_bookkeeping_service_request	20965.58,12932.89 20715.42,12743.84
edge:declared:db.TbkConsulting:tbk_question_thread	20965.58,12980.33 19154.48,12969.39
edge:declared:db.TbkConsultingMemo:tbk_consulting	21533.07,12750.08 21161.68,12896.78
edge:declared:db.TbkConsultingRefusal:incorporation_request	20990.58,14539.05 21286.78,15034.72
edge:declared:db.TbkConsultingStatusLog:tbk_consulting	20934.39,12574.26 21066.78,12896.78
edge:declared:db.TbkContract:tbk_consulting	22174.04,14037.86 21213.58,12993.85
edge:declared:db.TbkContractBenefit:tbk_contract	22279.03,14176.12 22196.03,14119.86
edge:declared:db.TbkContractSettlement:tbk_contract	22533.04,13897.47 22179.91,14037.86
edge:declared:db.ThirdPartyArticleProviderUserRelation:article_provider	20207.59,19896.31 20206.67,19803.18
edge:declared:db.UserApiKeyCompanyAccess:api_key	17619.8,5659.59 18008.79,4866.42
edge:declared:db.UserApiKeyCompanyAccess:selected_companies	17592.13,5741.59 16710.15,10609.68
edge:declared:db.UserApiKeyCompanyRelation:company	18166.15,5039.84 16726.82,10609.68
edge:declared:db.UserApiKeyCompanyRelation:company_access	18145.26,5039.84 17633.54,5659.59
edge:declared:db.UserApiKeyRevocation:api_key	17671.3,4804.18 17904.9,4818.05
edge:declared:db.UserInvitation:company	11119.85,10598.42 16480.15,10818.84
edge:declared:db.UserInvitation:company_user_relation	10871.85,10610.91 10028.54,10730.69
edge:declared:db.UserInvitationInvitee:invitation	10053.58,10868.71 10871.85,10629.54
edge:declared:db.UserInvitationInvitee:stakeholder	9944.08,10940.2 11787.56,18968.45
edge:declared:db.UserInvitationOwnerRoleRelation:owner_role	11405.66,9317.05 11092.94,9074.41
edge:declared:db.UserInvitationOwnerRoleRelation:user_invitation	11377.12,9391.05 11010.33,10548.3
edge:declared:db.UserProfileImageMapping:profile_image	21348.08,18485.8 21180.71,18418.79
edge:declared:db.UserSealCardRelation:seal_card	3112.75,6082.94 3300.29,5939.75
edge:declared:db.ValuationHistory:company	23761.94,7526.45 16860.15,10738.45
edge:declared:db.ValuationServiceRequest:company	18531.97,12270.02 16860.15,10962.2
edge:declared:db.ValuationServiceRequest:company_question_thread	18701.84,12344.02 19007.12,12929.39
edge:declared:db.VcIrRecommendationRequest:venture_capital	32618.11,7565.68 34143.45,10608.59
edge:declared:db.VcIrRecommendationRequestResult:investor_relations	31102.54,6396.08 28502.27,5001.62
edge:declared:db.VcIrRecommendationRequestResult:request	31219.76,6470.08 32551.33,7491.68
edge:declared:db.VcLpReport:venture_capital	33870.1,11476.04 34129.82,11018.59
edge:declared:db.VcLpReportRequest:alimtalk_activity	34389.7,11917.93 33069.26,12775.95
edge:declared:db.VcLpReportRequest:vc_lp_report	34384.78,11835.93 33910.47,11550.04
edge:declared:db.VcLpReportRequestRecipient:alimtalk_activity_recipient	32694.18,12598.42 32230.53,13092.34
edge:declared:db.VcLpReportRequestRecipient:fund_partner	32757.88,12516.42 32863.24,12345.06
edge:declared:db.VcLpReportRequestRecipient:vc_lp_report_request	32836.31,12516.42 34349.16,11917.93
edge:declared:db.VcNameAlias:venture_capital	35073.94,10380.63 34430.21,10717.35
edge:declared:db.VcSearchLog:company	25804.46,2648.34 16860.15,10656.85
edge:declared:db.VcSearchLog:investor_relations	25894.63,2648.34 28208.88,4790.03
edge:declared:db.VcSearchLog:venture_capital	25892.28,2648.34 34062.21,10633.75
edge:declared:db.VcUserRole:venture_capital	29233.3,6970.25 34062.21,10672.52
edge:declared:db.VentureBusinessCertification:attachment	18525.54,14506.43 20239.86,17896.81
edge:declared:db.VentureBusinessCertification:company	18483.92,14424.43 16779.12,11043.68
edge:declared:db.VentureBusinessCertificationExpirationNotificationLog:venture_business_certification	18352.23,14649.83 18469.43,14506.43
edge:declared:db.VentureCapitalEmailTemplates:venture_capital	34648.39,10951.62 34430.21,10876.74
edge:declared:db.VentureCapitalPaymentLink:venture_capital	27344.16,11292.22 34062.21,10821.51
edge:declared:db.VentureCapitalQuarterlyReport:content_template	27447.3,15546.52 27900.9,13807.19
edge:declared:db.VentureCapitalQuarterlyReport:venture_capital	27523.62,15546.52 34062.21,10947.67
edge:declared:db.VentureCapitalQuarterlyReportContentTemplate:venture_capital	27979.85,13733.19 34062.21,10901.2
edge:declared:db.VentureCapitalQuarterlyReportItem:quarterly_report	26010.34,15897.81 27298.9,15641.68
edge:declared:db.VentureCapitalQuarterlyReportItemReply:file_attachment	23895.71,16750.56 20541.18,18044.52
edge:declared:db.VentureCapitalQuarterlyReportItemReply:item	24097.01,16668.56 25764.08,15979.81
edge:declared:db.VentureCapitalQuarterlyReportItemReply:reply	23982.62,16668.56 24289.34,15892.93
edge:declared:db.VentureCapitalQuarterlyReportReply:_deprecated_captable	24132.37,15892.93 20541.18,18007.81
edge:declared:db.VentureCapitalQuarterlyReportReply:company_create_request	24079.88,15762.93 22620.38,16076.42
edge:declared:db.VentureCapitalQuarterlyReportReply:portfolio_company	24417.88,15762.93 28008.17,13102.15
edge:declared:db.VentureCapitalQuarterlyReportReply:quarterly_report	24417.88,15795.25 27298.9,15631.85
edge:declared:db.VentureCapitalSubscription:subscription_plan	34930.46,9126.85 35074.39,9366.84
edge:declared:db.VentureCapitalSubscription:venture_capital	34894.06,9126.85 34324.95,10608.59
edge:declared:db.VentureCapitalSubscriptionPlanPermission:subscription_plan	36171.38,9351.12 35243.48,9400.2
edge:declared:db.VentureCapitalSubscriptionPlanPrice:subscription_plan	35019.02,10163.13 35094.64,9448.84
edge:declared:db.VentureCapitalUserRelation:roles	30554.78,8435.07 29218.79,6970.25
edge:declared:db.VentureCapitalUserRelation:venture_capital	30666.21,8525.07 34062.21,10695.97
edge:declared:db.VentureComplex:address	24216.47,18157.39 23380.2,18551.83
edge:declared:db.VideoCollection:video_contents	18827.79,7222.64 19364.32,6488.41
edge:declared:db.VideoCollectionFeedback:company	18716.81,7944.43 16825.38,10609.68
edge:declared:db.VideoCollectionFeedback:video_collection	18746.27,7870.43 18791.28,7312.64
edge:declared:db.VideoCollectionPermission:company	18715.72,8060.43 16831.81,10609.68
edge:declared:db.VideoCollectionPermission:video_collection	18745.81,7986.43 18791.84,7312.64
edge:declared:db.VideoContentHistory:company	19058.37,7757.26 16840.06,10609.68
edge:declared:db.VideoContentHistory:video_collection	19063.46,7675.26 18824.56,7312.64
edge:declared:db.VideoContentHistory:video_content	19100.29,7675.26 19384.46,6488.41
edge:declared:db.VideoContentSpeecher:video_content	19102.47,6380.18 19270.28,6418.84
edge:declared:db.WhitepaperPreviewFile:whitepaper	4103.46,3384.49 4072.18,3539.93
edge:declared:db.WhitepaperWatermarkFile:whitepaper	5102.6,2931.09 4129.46,3539.93
edge:declared:db.WhtBook:employee	11258.85,14249.01 10784.81,14020.51
edge:declared:db.WhtBook:wht_book_without_date	11296.05,14331.01 11139.82,14468.92
edge:declared:db.WhtBookWithoutDate:employee	11067.87,14468.92 10724.82,14051.9
edge:declared:db.WhtCertificate:employee	12368.12,14016.94 10784.81,13958.97
edge:declared:db.WhtReceipt:employee	11903.34,14076.93 10784.81,13965.44
edge:declared:db.YearEndTaxSettlement:payroll	9846.51,18362.43 7632.06,1926.9
edge:declared:db.YearEndTaxSettlementConfirmationSchedule:year_end_tax_settlement	9264.1,17516.92 9706.45,18362.43
edge:declared:db.YetsAssistance:employee	14832.77,32896.32 8250.97,32190.09
edge:declared:db.YetsAssistanceCreatorYetsEmployee:yets_employee	9742.77,32263.32 8250.97,32147.72
edge:declared:db.YetsAssistanceMessage:assistance	15753.64,32661.26 15080.77,32895.68
edge:declared:db.YetsAssistanceMessage:creator	15753.64,32640.37 13671.11,32198.81
edge:declared:db.YetsAssistanceMessageFile:message	22505.4,34449.8 16001.64,32700.48
edge:declared:db.YetsAssistanceStaffAccessLog:assistance	14378.25,32950.65 14832.77,32929.15
edge:declared:db.YetsAssistanceStaffFavoriteRelation:assistance	14752.77,32783.69 15073.2,32856.46
edge:declared:db.YetsEmail:year_end_tax_settlement	10015.3,20646.13 9846.51,18362.43
edge:declared:db.YetsEmailAuthentication:yets_employee	8087.54,33184.67 8047.6,32249.02
edge:declared:db.YetsEmployee:employee	8142.47,32119.02 10635.45,14051.9
edge:declared:db.YetsEmployee:year_end_tax_settlement	8111.34,32119.02 9717.75,18452.43
edge:declared:db.YetsEmployeeFile:employee	22682,34929.01 8250.97,32219.76
edge:declared:db.YetsEmployeeResult:yets_employee	9547.15,30870.51 8143.64,32119.02
edge:declared:db.YetsEmployeeResultAssistanceMessageRelation:assistance_message	14045.72,31710.01 15753.64,32621.78
edge:declared:db.YetsEmployeeResultAssistanceMessageRelation:result	13820.78,31636.01 9682.27,30870.51
edge:declared:db.YetsEmployeeResultStatusLog:result	9877.8,31230.66 9577.74,30870.51
edge:declared:db.YetsEmployeeResultWhtReceipt:result	22144.58,32999.87 9698.26,30870.51
edge:declared:db.YetsEmployeeSubmissionLog:yets_employee	8573.32,32834.87 8121.33,32249.02
edge:declared:db.YetsEmployeeUploadForm:yets_employee	10433.44,33008.53 8250.97,32223.36
edge:declared:db.YetsEmployeeUploadFormStatusLog:yets_employee_upload_form	10142.45,33880.25 10533.43,33077.22
edge:declared:db.ZuzuTaxPhoneToken:phone	6898,10717.33 6627.44,10874.29
edge:declared:document_ai.DocumentAiProcessResult:request	26771.96,31761.21 27357.75,28830.61
edge:declared:fi_sta.FiStaCompanyCeo:fi_sta_company	32510.81,32446.51 31708.36,35324.31
edge:declared:fi_sta.FiStaCompanySearchResult:fi_sta_company	31756.12,33852.07 31698.53,35324.31
edge:declared:fi_sta.FiStaContractDocument:participant	29804.47,35977.43 30285.64,36449.03
edge:declared:fi_sta.FiStaContractDocument:stock_transfer_agreement_document	29634.56,35963.92 27635.28,36471.65
edge:declared:fi_sta.FiStaContractDocument:stock_transfer_notice_poa_document	29772.05,35977.43 29860.41,36272.09
edge:declared:fi_sta.FiStaContractDocument:stock_unissued_confirmation_poa_document	29757.55,35887.43 29679.18,32381.46
edge:declared:fi_sta.FiStaManagement:fi_sta_company	33625.96,38146.67 31725.37,35406.31
edge:declared:fi_sta.FiStaParticipant:fi_sta_user	30441.42,36547.03 32250.03,37384.77
edge:declared:fi_sta.FiStaStockTransferAgreementDocument:starter	27643.84,36511.78 30211.63,36498.66
edge:declared:fi_sta.FiStaStockTransferNoticePoaDocument:signer	29962.39,36346.09 30215.26,36449.03
edge:declared:fi_sta.FiStaStockUnissuedConfirmationPoaDocument:signer	29684.21,32381.46 30327.88,36449.03
edge:declared:fi_sta.FiStaTransferStock:stock_transfer_agreement_document	29243.72,36770.18 27643.84,36537.39
edge:declared:fi_sta.FiStaUser:fi_sta_management	32394.1,37458.77 33587.43,38146.67
edge:declared:vertex_ai.VertexAiPredictionResult:request	35698.79,16856.53 35625.52,16971.97
edge:inheritance:db.AgendaBonusIssueNewIssueBalanceCertificateFile->db.FileAttachment	19324.34,18262.87 20161.18,18153.21
edge:inheritance:db.AgendaBonusIssueNewIssueMinutesFile->db.FileAttachment	18653.6,17023.77 20161.18,17992.11
edge:inheritance:db.Announcement->db.QuestionThread	20945.13,10518.96 20526.4,10975.84
edge:inheritance:db.AppointedDirectorCertificateOfSealDocument->db.MeetingDocument	18399.22,27806.88 16385.9,27144.48
edge:inheritance:db.AppointedDirectorResidentRegistrationDocument->db.MeetingDocument	18829.29,27806.88 16385.9,27134.76
edge:inheritance:db.ArticlesOfIncorporationAfterChangeDocument->db.MeetingDocument	19259.37,27806.88 16385.9,27127.79
edge:inheritance:db.ArticlesOfIncorporationBeforeChangeDocument->db.MeetingDocument	19689.44,27806.88 16385.9,27122.54
edge:inheritance:db.ArticlesOfIncorporationDocument->db.MeetingDocument	18413.93,27922.88 16385.9,27153.47
edge:inheritance:db.AuditReportDocument->db.MeetingDocument	18846.9,27922.88 16385.9,27142.27
edge:inheritance:db.BalanceCertificateDocument->db.MeetingDocument	17993.35,24941.89 16385.9,26888.37
edge:inheritance:db.BeforeunloadPdfEvent->db.PdfEvent	30548.42,9264.91 31140.37,9550.03
edge:inheritance:db.BigNumberValueWithVisibility->db.ValueWithVisibility	34215.53,2893.6 33738.35,2895.4
edge:inheritance:db.BranchAbolitionEvent->db.Event	17118.84,17427.67 16410.06,16319.06
edge:inheritance:db.BranchChangeEvent->db.Event	18828.58,17479.88 16474.35,16286.92
edge:inheritance:db.BranchInstallationEvent->db.Event	18690.74,17822.03 16474.35,16319.06
edge:inheritance:db.BulkEmailCommonAttachment->db.FileAttachment	19427.71,17776.42 20161.18,18044.88
edge:inheritance:db.BulkEmailRecipientAttachment->db.FileAttachment	18946.69,18684.29 20161.18,18191.16
edge:inheritance:db.CapitalChangeEvent->db.Event	16194.27,12264.19 16329.52,16101.06
edge:inheritance:db.CaptableAfterNewIssueDocument->db.MeetingDocument	19279.86,27922.88 16385.9,27134.24
edge:inheritance:db.CaptableAtRecordDateDocument->db.MeetingDocument	19712.83,27922.88 16385.9,27128.19
edge:inheritance:db.CaptableBeforeNewIssueDocument->db.MeetingDocument	18425.21,28038.88 16385.9,27162.46
edge:inheritance:db.CeoAddressChangeEvent->db.Event	15920.37,14987.28 16292.62,16101.06
edge:inheritance:db.CeoConfirmationDocument->db.MeetingDocument	18860.4,28038.88 16385.9,27149.78
edge:inheritance:db.CeoTypeChangedCeoResidentRegistrationDocument->db.MeetingDocument	19295.58,28038.88 16385.9,27140.69
edge:inheritance:db.CertificateOfCorporateSealDocument->db.MeetingDocument	19730.77,28038.88 16385.9,27133.84
edge:inheritance:db.CertificateOfSealNotarizationPoaDocument->db.MeetingDocument	18434.13,28154.88 16385.9,27171.45
edge:inheritance:db.CmeBulkEmail->db.BulkEmail	17016.52,16071.01 14806.91,16641.77
edge:inheritance:db.CmeBulkEmailRecipient->db.BulkEmailRecipient	16989.86,16372.86 19834.44,18485.35
edge:inheritance:db.CmeBulkEmailTemplate->db.BulkEmailTemplate	20114.51,14534.77 19244.2,14479.43
edge:inheritance:db.CoCeoSystemChangeEvent->db.Event	16488.27,12268.19 16332.01,16101.06
edge:inheritance:db.CompanyAddressChangeEvent->db.Event	18842.14,17603.88 16474.35,16293.8
edge:inheritance:db.CompanyBulkEmailTemplate->db.BulkEmailTemplate	18872.4,14172.1 18996.2,14526.93
edge:inheritance:db.CompanyDocumentDelivery->db.DocumentDelivery	18447.19,11011.93 19451.44,11042.21
edge:inheritance:db.CompanyEndorsementFeed->db.CompanyFeed	25460.13,2330.31 27131.71,1125.97
edge:inheritance:db.CompanyFeed->db.Feed	27200.72,1125.97 26961.04,3916.15
edge:inheritance:db.CompanyIrClosingFeed->db.CompanyFeed	27267.22,3287.26 27206.75,1125.97
edge:inheritance:db.CompanyIrNewCommitFeed->db.CompanyFeed	27727.45,3116.72 27218.81,1125.97
edge:inheritance:db.CompanyIrOpenFeed->db.CompanyFeed	27865.82,2482.67 27230.1,1125.97
edge:inheritance:db.CompanyNewsFeed->db.CompanyFeed	18917.9,6175.61 27119.19,1125.97
edge:inheritance:db.CompanyOwnerAuditLog->db.AuditLog	10714,5855.26 19200.06,3625.93
edge:inheritance:db.CompanyPaymentLink->db.PaymentLink	22132.45,10576.04 24988.52,12153.54
edge:inheritance:db.CompanyQuestionThread->db.QuestionThread	19154.48,12964.4 20359.17,11113.84
edge:inheritance:db.CompanyTanTableView->db.TanTableView	14458.79,5428.19 13449.42,6815.93
edge:inheritance:db.ConsentFormModusignDocument->db.ModusignDocument	23734.51,33360.75 23077.84,20872.06
edge:inheritance:db.ConsentFormModusignEmbeddedDraft->db.ModusignEmbeddedDraft	21981.59,23598.27 21839.59,23012.78
edge:inheritance:db.ConsentFormOptionItem->db.ConsentFormItem	22719.72,25135.19 23304.69,28171.56
edge:inheritance:db.CorporateRegistrationDocument->db.MeetingDocument	18871.07,28154.88 16385.9,27157.3
edge:inheritance:db.CustomOptionGrantContractTemplate->db.OptionGrantContractTemplate	19947.65,15654.83 19617.45,15456.17
edge:inheritance:db.CustomOptionGrantContractTemplateRevision->db.OptionGrantContractTemplateRevision	20832.59,15381.21 20211.07,15951.19
edge:inheritance:db.DebtConfirmationAndOffsetContractDocument->db.MeetingDocument	17900.31,26501.95 16385.9,27017.74
edge:inheritance:db.Director->db.Stakeholder	17087.77,15727.47 11989.61,19024.39
edge:inheritance:db.DirectorAppointmentEvent->db.Event	16270.37,14987.31 16306.57,16101.06
edge:inheritance:db.DirectorCompensationDecisionEvent->db.Event	15951.87,15107.28 16285.03,16101.06
edge:inheritance:db.DirectorCompensationLimitEvent->db.Event	16284.87,15105.83 16310.59,16101.06
edge:inheritance:db.DirectorDecisionDocument->db.MeetingDocument	19308.02,28154.88 16385.9,27147.14
edge:inheritance:db.DirectorResidentRegistrationWithAddressChangeHistoryDocument->db.MeetingDocument	19744.96,28154.88 16385.9,27139.5
edge:inheritance:db.DirectorTermEndEvent->db.Event	15830.41,15231.28 16223.51,16101.06
edge:inheritance:db.DirectorsMeetingMinutesDocument->db.MeetingDocument	18441.37,28270.88 16385.9,27180.44
edge:inheritance:db.DirectorsMeetingNoticeDocument->db.MeetingDocument	18879.73,28270.88 16385.9,27164.81
edge:inheritance:db.DirectorsMeetingNoticeEmail->db.BulkEmail	15170.56,20036.38 14806.91,16753.57
edge:inheritance:db.DirectorsMeetingNoticeEmailRecipient->db.BulkEmailRecipient	16092.36,20250.07 19764.13,18594.87
edge:inheritance:db.DirectorsMeetingSkipNoticeDocument->db.MeetingDocument	19318.1,28270.88 16385.9,27153.59
edge:inheritance:db.DocumentLoadedPdfEvent->db.PdfEvent	31023,9369.67 31187.98,9550.03
edge:inheritance:db.ESOPParticipant->db.Employee	11070.1,15108.98 10723.8,14051.9
edge:inheritance:db.ElectronicCertificateApplicationFormDocument->db.MeetingDocument	19756.47,28270.88 16385.9,27145.15
edge:inheritance:db.ElectronicCertificateCaseReportDocument->db.MeetingDocument	18447.35,28386.88 16385.9,27189.43
edge:inheritance:db.Employee->db.Stakeholder	10642.47,14051.9 11769.22,18968.45
edge:inheritance:db.EmployeeOptionExerciseEvent->db.Event	16809.77,12268.19 16409.89,16101.06
edge:inheritance:db.EmployeeOptionExerciseManagementEmail->db.BulkEmail	14442.89,13535.7 14677.17,16615.57
edge:inheritance:db.EmployeeOptionGrantee->db.Employee	11181.06,12531.53 10681.04,13849.9
edge:inheritance:db.EmployeeStockGuideEmail->db.BulkEmail	13264.44,16889.51 14546.91,16747.16
edge:inheritance:db.ExpertClientSignupChannel->db.SignupChannel	23636.05,13775.13 24114.36,13538.73
edge:inheritance:db.FeeReceiptDocument->db.MeetingDocument	18886.9,28386.88 16385.9,27172.32
edge:inheritance:db.FileValueWithVisibility->db.ValueWithVisibility	34564.53,2893.39 33738.35,2895.54
edge:inheritance:db.FinancialStatementsDocument->db.MeetingDocument	19326.44,28386.88 16385.9,27160.04
edge:inheritance:db.FinancialStatementsForNewIssueFromConversionDocument->db.MeetingDocument	18471.35,24937.89 16385.9,26888.37
edge:inheritance:db.HrmAlpUsagePlan->db.HrmApprovable	8199.17,17990.13 6042.46,17336.34
edge:inheritance:db.HrmAnnualLeave->db.HrmLeaveBase	6887.73,21994.7 6447.15,21183.35
edge:inheritance:db.HrmAnnualLeaveFiscalBasedConfig->db.HrmAnnualLeaveConfigBase	7145.48,25939.93 6895.86,23082.88
edge:inheritance:db.HrmAnnualLeaveHireBasedConfig->db.HrmAnnualLeaveConfigBase	6821.01,24957.11 6891.24,23082.88
edge:inheritance:db.HrmAttendance->db.HrmApprovable	6430.18,17284.9 6042.46,17284.03
edge:inheritance:db.HrmAttendanceLocation->db.HrmApprovable	7980.09,16768.7 6042.46,17258.39
edge:inheritance:db.HrmCertificateIssue->db.HrmApprovable	8431.34,15547.8 5984.28,17238.34
edge:inheritance:db.HrmCompensatoryLeave->db.HrmLeaveBase	5467.95,20894.91 6271.51,21079.17
edge:inheritance:db.HrmCustomLeave->db.HrmLeaveBase	5819.77,20904.85 6271.51,21062.8
edge:inheritance:db.HrmDeptAbolishedEvent->db.HrmDeptStatusEventBase	3857.18,22992.74 3802.47,21638.59
edge:inheritance:db.HrmDeptCreatedEvent->db.HrmDeptStatusEventBase	3712.5,20823.68 3796.13,21556.59
edge:inheritance:db.HrmDeptNameChangedEvent->db.HrmDeptNameEventBase	2959.88,19713.93 2678.74,20005.51
edge:inheritance:db.HrmDeptNameEventBase->db.HrmDeptEventBase	2679.07,20079.51 2891.87,20298.13
edge:inheritance:db.HrmDeptParentChangedEvent->db.HrmDeptParentEventBase	3200.38,19922.93 3542.66,19941.21
edge:inheritance:db.HrmDeptParentEventBase->db.HrmDeptEventBase	3590.71,19984.51 2997.83,20298.13
edge:inheritance:db.HrmDeptStatusEventBase->db.HrmDeptEventBase	3772.46,21556.59 2953.46,20372.13
edge:inheritance:db.HrmDocument->db.HrmApprovable	4817.63,16406.62 5794.46,17278.11
edge:inheritance:db.HrmEmpAbsenceEvent->db.HrmEmpStatusEventBase	7633.98,14937.4 7428.64,15165.19
edge:inheritance:db.HrmEmpAffiliationChangedEvent->db.HrmEmpAffiliationEventBase	6246.05,16169.06 6733.57,16372.11
edge:inheritance:db.HrmEmpAffiliationEventBase->db.HrmEmpEventBase	6877.19,16376.81 6973.55,16511.95
edge:inheritance:db.HrmEmpContractModusignDocument->db.ModusignDocument	24014.61,37236.68 23081.84,20869.69
edge:inheritance:db.HrmEmpDepartedEvent->db.HrmEmpStatusEventBase	8391.28,14951.64 7567.02,15186.42
edge:inheritance:db.HrmEmpEmploymentTypeChangedEvent->db.HrmEmpEmploymentTypeEventBase	7372.57,16451.93 7058.92,16622.03
edge:inheritance:db.HrmEmpEmploymentTypeEventBase->db.HrmEmpEventBase	6998.74,16622.03 7078.82,16518.94
edge:inheritance:db.HrmEmpJobChangedEvent->db.HrmEmpJobEventBase	6663.19,15471.27 6628.67,15721.7
edge:inheritance:db.HrmEmpJobEventBase->db.HrmEmpEventBase	6654.74,15795.7 7060.38,16444.94
edge:inheritance:db.HrmEmpJoinedEvent->db.HrmEmpStatusEventBase	7840.6,15659.77 7454.6,15271.19
edge:inheritance:db.HrmEmpReturnToWorkEvent->db.HrmEmpStatusEventBase	7951.52,14800.77 7478.73,15165.19
edge:inheritance:db.HrmEmpStatusEventBase->db.HrmEmpEventBase	7438.21,15271.19 7209.55,16492.18
edge:inheritance:db.HrmFamilyCareLeave->db.HrmLeaveBase	5467.95,20997.96 6271.51,21094.08
edge:inheritance:db.HrmFixedWork->db.HrmWorkBase	5323.81,18475.94 5289.61,18617.52
edge:inheritance:db.HrmGrantableLeave->db.HrmLeaveBase	6644.63,20229.12 6427.15,21037.35
edge:inheritance:db.HrmInfertilityTreatmentLeave->db.HrmLeaveBase	5844.95,21007.74 6271.51,21085.54
edge:inheritance:db.HrmLeaveUsage->db.HrmApprovable	8869.13,18129.57 6042.46,17336.34
edge:inheritance:db.HrmMaternityLeave->db.HrmLeaveBase	5467.95,21204.08 6271.51,21123.92
edge:inheritance:db.HrmMenstrualLeave->db.HrmLeaveBase	5831.95,21197.9 6271.51,21131.04
edge:inheritance:db.HrmMiscarriageLeave->db.HrmLeaveBase	5467.95,21307.14 6271.51,21138.83
edge:inheritance:db.HrmPaternityLeave->db.HrmLeaveBase	5829.8,21294.85 6271.51,21153.78
edge:inheritance:db.HrmPersonalLocation->db.HrmApprovable	8306.83,16492.99 6042.46,17250.18
edge:inheritance:db.HrmReserveTrainingLeave->db.HrmLeaveBase	5465.89,21410.85 6271.51,21153.75
edge:inheritance:db.HrmSelectiveWork->db.HrmWorkBase	5335.76,18919.09 5290.31,18739.52
edge:inheritance:db.HrmSelectiveWorkPlan->db.HrmApprovable	6050.43,17050.87 5934.37,17238.34
edge:inheritance:db.HrmStaggeredWork->db.HrmWorkBase	4440.13,19354.04 5199.49,18739.52
edge:inheritance:db.IBKSignupChannel->db.SignupChannel	24582,13441.76 24310.61,13469.62
edge:inheritance:db.IaCertificateOfInvestmentDocument->db.InvestmentAssociationDocument	33682.27,18223.61 32931.42,19016.67
edge:inheritance:db.IaConsentFormDocument->db.InvestmentAssociationDocument	34111.36,18227.61 32960.17,19016.67
edge:inheritance:db.IaConsentFormOrMeetingElectronicSignatureRequestModusignDocument->db.ModusignDocument	27287.46,19928.52 23081.84,20848.53
edge:inheritance:db.IaConsentFormOrMeetingElectronicSignatureRequestModusignEmbeddedDraft->db.ModusignEmbeddedDraft	25365.68,23277.98 21966.51,22982.98
edge:inheritance:db.IaConsentFormOrMeetingElectronicSignatureRequiredDocument->db.InvestmentAssociationDocument	31363.21,19772.31 32733.74,19136.77
edge:inheritance:db.IaExpertPartnerBulkEmailTemplate->db.BulkEmailTemplate	20892.09,14947.26 19244.2,14561.43
edge:inheritance:db.IaExplanationFormForElectronicSignatureDocument->db.InvestmentAssociationDocument	33167.01,19303.31 33019.74,19126.07
edge:inheritance:db.IaGpAppointmentEvent->db.InvestmentAssociationEvent	32279.31,17369.44 30715.11,17121.96
edge:inheritance:db.IaGpTerminationEvent->db.InvestmentAssociationEvent	32547.16,17719.84 30712.19,17139.97
edge:inheritance:db.IaMeetingAgendaCustom->db.IaMeetingAgenda	32675.88,20952.2 32407.51,20620.12
edge:inheritance:db.IaMeetingMinutesDocument->db.InvestmentAssociationDocument	32056.69,19936.45 32837.11,19138.67
edge:inheritance:db.IaMeetingNoticeDocument->db.InvestmentAssociationDocument	31748.09,19750.29 32806.12,19138.67
edge:inheritance:db.IaMeetingSealedNoticeDocumentFile->db.FileAttachment	26837.02,19181.54 20541.18,18179.31
edge:inheritance:db.IaMeetingShortenPeriodDocument->db.InvestmentAssociationDocument	33673.23,18351.61 32939.54,19016.67
edge:inheritance:db.IaModusignDocumentUsageHistory->db.BaseModusignDocumentUsageHistory	25196.94,13128.11 24350.95,12927.03
edge:inheritance:db.IaOwnerAuditLog->db.AuditLog	23431.91,1670 19399.46,3551.93
edge:inheritance:db.IaPartnerListDocument->db.InvestmentAssociationDocument	32579.87,18739.29 32880.06,19016.67
edge:inheritance:db.IaPaymentLink->db.PaymentLink	25959.32,12033.94 25168.88,12179.2
edge:inheritance:db.IaPfCompanyInvestmentSalesIntent->db.SalesIntent	31160.08,22629.51 32349.45,23634
edge:inheritance:db.IaQuestionThread->db.QuestionThread	21662.05,11738.78 20604.71,11113.84
edge:inheritance:db.IaRuleDocument->db.InvestmentAssociationDocument	31387.36,19107.59 32733.74,19069.46
edge:inheritance:db.IaSealStampImage->db.FileAttachment	21358.22,18179.17 20541.18,18126.51
edge:inheritance:db.IaWrittenResolutionDocument->db.InvestmentAssociationDocument	34103.04,18351.61 32972.56,19016.67
edge:inheritance:db.ImAcVcBroker->db.ImZuzuBroker	27451.36,10668.06 29407.8,10540.31
edge:inheritance:db.ImIndividualGpBroker->db.ImZuzuBroker	29226.5,10724.37 29468.05,10569.6
edge:inheritance:db.ImInvestorBroker->db.ImBroker	31950.45,10646.2 30179.33,10514.1
edge:inheritance:db.ImIrPartnerBroker->db.ImBroker	28952.16,10373.47 29931.33,10490.08
edge:inheritance:db.ImPitchingDay->db.ImDay	30064.23,8892.62 30662.99,9042.03
edge:inheritance:db.ImPitchingDayParticipation->db.ImDayParticipation	28799.15,7396.27 30446.6,8716.4
edge:inheritance:db.ImZuzuBroker->db.ImBroker	29643.8,10526.42 29931.33,10511.35
edge:inheritance:db.InauguralConsentDocument->db.MeetingDocument	13804.05,22822.52 16064.24,26888.37
edge:inheritance:db.IncorporationRequestAssistanceReceipt->db.FileAttachment	21408.42,16452.01 20489.21,17896.81
edge:inheritance:db.IndividualStakeholder->db.Stakeholder	12301.25,20506.67 11877.9,19282.45
edge:inheritance:db.IndividualStockOptionCancelEvent->db.IndividualInvestorEvent	34663.1,30420.32 33610.85,29660.19
edge:inheritance:db.IndividualStockOptionExerciseEvent->db.IndividualInvestorEvent	35002.75,31708.8 33579.82,29660.19
edge:inheritance:db.IndividualStockOptionGrantEvent->db.IndividualInvestorEvent	33668.25,27571.02 33551.19,29570.19
edge:inheritance:db.IndividualStockOptionPauseEvent->db.IndividualInvestorEvent	30127,28781.67 33424.56,29584.98
edge:inheritance:db.IndividualStockOptionResumeEvent->db.IndividualInvestorEvent	30701.64,31267.65 33471.03,29660.19
edge:inheritance:db.IndividualStockOptionSalesIntent->db.SalesIntent	31143,23688.72 32275.26,23672.67
edge:inheritance:db.InputSignupChannel->db.SignupChannel	24631.77,13949.62 24281.18,13538.73
edge:inheritance:db.InstitutionStakeholder->db.Stakeholder	11898.06,21310.87 11828.96,19282.45
edge:inheritance:db.InvestmentAssociationAssociationPartner->db.InvestmentAssociationOrganizationPartner	33092.03,15012.45 34302.6,16064.7
edge:inheritance:db.InvestmentAssociationCorporationPartner->db.InvestmentAssociationOrganizationPartner	35267.56,15068.63 34401.57,16064.7
edge:inheritance:db.InvestmentAssociationIndividualPartner->db.InvestmentAssociationPartner	33200.69,16476.65 35301.81,17769.1
edge:inheritance:db.InvestmentAssociationOrganizationPartner->db.InvestmentAssociationPartner	34389.27,16162.7 35391.41,17758.09
edge:inheritance:db.InvestmentAssociationOrganizationPartnerCorporationSigner->db.InvestmentAssociationOrganizationPartnerSigner	34772.27,13788.86 34380.71,13980.36
edge:inheritance:db.InvestmentAssociationOrganizationPartnerIndividualSigner->db.InvestmentAssociationOrganizationPartnerSigner	34151.67,13859.24 34251.58,13980.36
edge:inheritance:db.InvestmentAssociationPartnerSalesIntent->db.SalesIntent	33525.09,22183.78 32421.42,23634
edge:inheritance:db.InvestmentContractHolder->db.Stakeholder	12129.01,18155.28 11866.12,18968.45
edge:inheritance:db.InvestorRelations->db.InvestorMatching	28291.78,5048.03 26605.16,8899.81
edge:inheritance:db.IrClosingComplete->db.IrClosing	29469.25,2009.32 30351.75,3815.6
edge:inheritance:db.IrClosingExpired->db.IrClosing	30360.92,4496.62 30371.08,3897.6
edge:inheritance:db.IrClosingIncomplete->db.IrClosing	31216.34,3894.7 30495.78,3862.19
edge:inheritance:db.IrConsultingRequest->db.ImConsultingRequest	26186.21,7764.41 25529.75,7055.79
edge:inheritance:db.IrFeed->db.Feed	27563.22,5076.49 26977.8,3990.15
edge:inheritance:db.IrosOtpIssueMeetingDocument->db.MeetingDocument	10766.34,23601.4 16029.9,26971.67
edge:inheritance:db.LawtalkSignupAttachment->db.FileAttachment	19339.27,16102.94 20243.65,17896.81
edge:inheritance:db.LedgerByCustomerDocument->db.MeetingDocument	17983.35,25061.89 16385.9,26888.37
edge:inheritance:db.LegalPartnerSignupChannel->db.SignupChannel	23137.12,13603.24 24062.61,13502.51
edge:inheritance:db.ManualOptionVesting->db.OptionVesting	15496.3,18210.06 15527.73,18107.64
edge:inheritance:db.ManualProduct->db.Product	23463.55,10455.05 23590.01,10551.36
edge:inheritance:db.MeetingAttachment->db.FileAttachment	18640.85,17177.34 20161.18,18010.07
edge:inheritance:db.Mna->db.InvestorMatching	26229.92,8749.08 26436.8,8899.81
edge:inheritance:db.MnaConsultingRequest->db.ImConsultingRequest	25100.3,7053.38 25367.77,7027.01
edge:inheritance:db.NcpSignupChannel->db.SignupChannel	25196.78,13906.21 24310.61,13525.22
edge:inheritance:db.NewCeoCertificateOfSealDocument->db.MeetingDocument	18892.92,28502.88 16385.9,27179.83
edge:inheritance:db.NewCeoResidentRegistrationDocument->db.MeetingDocument	19333.45,28502.88 16385.9,27166.49
edge:inheritance:db.NewIssueNoticeEmail->db.BulkEmail	12465.13,23174.08 14806.91,16753.57
edge:inheritance:db.NewIssueSkipNoticeDocument->db.MeetingDocument	18436.35,25065.89 16385.9,26888.37
edge:inheritance:db.NewIssueStockAcceptanceDocument->db.MeetingDocument	18313.06,26501.95 16385.9,27031
edge:inheritance:db.NewIssueStockAllocationDocument->db.MeetingDocument	18019.35,25189.89 16385.9,26888.37
edge:inheritance:db.NewIssueStockAllocationRecordDateNoticeDocument->db.MeetingDocument	18169.66,25956.19 16385.9,26989.49
edge:inheritance:db.NewIssueStockSubscriptionDocument->db.MeetingDocument	17880.28,26617.95 16385.9,27029.27
edge:inheritance:db.NewIssueStockUnissuedConfirmationDocument->db.MeetingDocument	18288.14,26617.95 16385.9,27040.27
edge:inheritance:db.NonUnifiedShareManagementSalesIntent->db.SalesIntent	30157.54,25691.17 32352.31,23708
edge:inheritance:db.NonUnifiedShareSucPoaModusignDocument->db.ModusignDocument	23351.16,22192.28 23081.84,20855.9
edge:inheritance:db.NotarizationPoaDocument->db.MeetingDocument	19773.99,28502.88 16385.9,27156.45
edge:inheritance:db.OptionExerciseClaimAttachment->db.FileAttachment	13728.7,17175.99 20161.18,18057.37
edge:inheritance:db.OptionExerciseClaimMeetingDocument->db.MeetingDocument	14465.47,21864.78 16066.18,26888.37
edge:inheritance:db.OptionExerciseManagementEmail->db.BulkEmail	14877.32,15915.22 14685.69,16615.57
edge:inheritance:db.OptionGrantContractCeo->db.OptionGrantContractStakeholder	19650.32,15116.74 19673.38,15204.94
edge:inheritance:db.OptionGrantContractFirstRefusalRightHolder->db.OptionGrantContractStakeholder	19997.33,15123.24 19752.8,15204.94
edge:inheritance:db.OptionGrantContractModusignDocument->db.ModusignDocument	21751.91,19780.33 22809.84,20718.33
edge:inheritance:db.OptionGrantContractModusignEmbeddedDraft->db.ModusignEmbeddedDraft	21208.92,20917 21814.38,22906.78
edge:inheritance:db.OptionGrantEvent->db.Event	15905.09,18434.12 16404.26,16319.06
edge:inheritance:db.OptionGrantee->db.Stakeholder	14851.06,18996.81 11989.61,19139.74
edge:inheritance:db.OptionWithdrawEvent->db.Event	16488.27,12384.19 16332.64,16101.06
edge:inheritance:db.OtherDocumentArchiveAttachment->db.FileAttachment	19995.64,16500.1 20303.13,17896.81
edge:inheritance:db.PageNumberUpdatedPdfEvent->db.PdfEvent	31547.55,9651.48 31349.49,9614.3
edge:inheritance:db.PayrollStatementEmail->db.BulkEmail	12365.2,17065.17 14546.91,16750.41
edge:inheritance:db.PayrollStatementEmailRecipient->db.BulkEmailRecipient	11917.61,17272.78 19764.13,18535.48
edge:inheritance:db.PerformanceRsuVestingItem->db.RsuVestingItem	15446.18,13690.47 15081.39,13718.18
edge:inheritance:db.PeriodPhantomStockVestingItem->db.PhantomStockVestingItem	10821.19,17892.89 10644.74,17534.25
edge:inheritance:db.PeriodRsuVestingItem->db.RsuVestingItem	15418.02,13572.9 15081.39,13685.96
edge:inheritance:db.PeriodicOptionVesting->db.OptionVesting	15206.56,18167.23 15459.89,18107.64
edge:inheritance:db.PhantomStockCancelEvent->db.Event	16800.77,12384.19 16410.22,16101.06
edge:inheritance:db.PhantomStockExerciseEvent->db.Event	16196.27,12500.19 16322.97,16101.06
edge:inheritance:db.PhantomStockGrantEvent->db.Event	16386.14,12500.19 16331.29,16101.06
edge:inheritance:db.PhantomStockGrantee->db.Stakeholder	11261.79,18242.7 11758.3,18968.45
edge:inheritance:db.PhantomStockPauseEvent->db.Event	15944.07,15432.34 16254.13,16101.06
edge:inheritance:db.PhantomStockResumeEvent->db.Event	16166.43,15602.44 16302.41,16101.06
edge:inheritance:db.PingpongDeliveryAddress->db.Address	22830.41,12920.17 23239.2,18514.69
edge:inheritance:db.Playbook->db.MembershipContent	2481.19,1259.04 2689.66,1804.78
edge:inheritance:db.Post->db.MembershipContent	2208.41,1375.04 2659.6,1804.78
edge:inheritance:db.ProofOfEmploymentDocument->db.MeetingDocument	18456.68,28618.88 16385.9,27207.41
edge:inheritance:db.QuarterlyReportRequestAttachment->db.FileAttachment	24536.98,16757.25 20541.18,18061.76
edge:inheritance:db.QuarterlyReportSignupChannel->db.SignupChannel	27206.85,13561.71 24310.61,13498.91
edge:inheritance:db.QuestionMessageAttachment->db.FileAttachment	21251.9,18032.82 20541.18,18097.09
edge:inheritance:db.RegistrationAssistanceReceipt->db.FileAttachment	21189.54,16311.63 20452.07,17896.81
edge:inheritance:db.RegistrationFormAllInOneDocument->db.MeetingDocument	18898.06,28618.88 16385.9,27187.34
edge:inheritance:db.RegistrationFormAoiChangeDocument->db.MeetingDocument	19339.43,28618.88 16385.9,27172.94
edge:inheritance:db.RegistrationFormBranchChangeDocument->db.MeetingDocument	19780.81,28618.88 16385.9,27162.11
edge:inheritance:db.RegistrationFormCaptableDocument->db.MeetingDocument	18676.05,25316.16 16385.9,26943.31
edge:inheritance:db.RegistrationFormCeoAddressChangeDocument->db.MeetingDocument	18460.38,28734.88 16385.9,27216.4
edge:inheritance:db.RegistrationFormDirectorChangeDocument->db.MeetingDocument	18902.49,28734.88 16385.9,27194.86
edge:inheritance:db.RegistrationFormHeadOfficeInsideRelocationDocument->db.MeetingDocument	19881.2,24455.95 16385.9,26929.23
edge:inheritance:db.RegistrationFormHeadOfficeOutsideRelocationDocument->db.MeetingDocument	19881.2,24571.95 16385.9,26963.45
edge:inheritance:db.RegistrationFormNewIssueDocument->db.MeetingDocument	19344.59,28734.88 16385.9,27179.39
edge:inheritance:db.RegistrationFormNewOptionsRuleDocument->db.MeetingDocument	19786.7,28734.88 16385.9,27167.76
edge:inheritance:db.RegistrationPoaDocument->db.MeetingDocument	18463.61,28850.88 16385.9,27225.39
edge:inheritance:db.RegularProduct->db.Product	23507.48,10754.32 23609.36,10625.36
edge:inheritance:db.ResignationLetterDocument->db.MeetingDocument	13804.84,22938.52 16060.05,26888.37
edge:inheritance:db.ResignedDirectorCertificateOfSealDocument->db.MeetingDocument	18906.35,28850.88 16385.9,27202.37
edge:inheritance:db.RsaForfeitEvent->db.Event	15989.92,16207.29 16178.35,16202.58
edge:inheritance:db.RsaVestConfirmEvent->db.Event	16600.73,15828.01 16411.24,16101.06
edge:inheritance:db.RsuCancelEvent->db.Event	16194.27,12582.15 16305.02,16101.06
edge:inheritance:db.RsuExerciseClaimCandidateEmailRecipient->db.BulkEmailRecipient	13806.14,15991.84 19764.13,18487.27
edge:inheritance:db.RsuExerciseEvent->db.Event	15806.34,15563.85 16200.33,16101.06
edge:inheritance:db.RsuExerciseManagementEmail->db.BulkEmail	14596.18,16437.58 14630.99,16615.57
edge:inheritance:db.RsuGrantContractModusignDocument->db.ModusignDocument	20833.23,18724.13 22809.84,20710.06
edge:inheritance:db.RsuGrantEvent->db.Event	16377.44,12616.19 16330.76,16101.06
edge:inheritance:db.RsuGrantee->db.Stakeholder	13470.73,16464.68 11918.24,18968.45
edge:inheritance:db.RsuPauseEvent->db.Event	15852.09,16728.16 16178.35,16316.92
edge:inheritance:db.RsuPerformanceAchievementEvent->db.Event	16821.27,12616.19 16410.35,16101.06
edge:inheritance:db.RsuResumeEvent->db.Event	15964.43,16851.11 16267.62,16319.06
edge:inheritance:db.RtccEmail->db.BulkEmail	15057.82,16307.1 14749.39,16615.57
edge:inheritance:db.RtccInvestorFile->db.FileAttachment	19394.97,18139.47 20161.18,18119.91
edge:inheritance:db.SafeCreateEvent->db.Event	17060.16,16882.75 16440.8,16319.06
edge:inheritance:db.SalesReportDocument->db.MeetingDocument	19349.09,28850.88 16385.9,27185.85
edge:inheritance:db.SealStampCardContinuedUseApplicationFormDocument->db.MeetingDocument	10768.32,23717.4 16029.9,26975.42
edge:inheritance:db.SealStampDeclarationDocument->db.MeetingDocument	10770.43,23833.4 16029.9,26979.17
edge:inheritance:db.SealStampImage->db.FileAttachment	19190.68,16502.73 20192.52,17896.81
edge:inheritance:db.SealedOptionGrantContractDocument->db.MeetingDocument	19791.84,28850.88 16385.9,27173.41
edge:inheritance:db.SealedOptionGrantShareholdersMeetingResolutionDocument->db.MeetingDocument	18466.44,28966.88 16385.9,27234.39
edge:inheritance:db.Shareholder->db.Stakeholder	12373.43,23337.47 11844.63,19282.45
edge:inheritance:db.ShareholdersAgreementModusignDocument->db.ModusignDocument	22224.44,20708.16 22809.84,20780.36
edge:inheritance:db.ShareholdersAgreementModusignEmbeddedDraft->db.ModusignEmbeddedDraft	21632.48,23153.17 21760.1,23012.78
edge:inheritance:db.ShareholdersCertificateOfSealDocument->db.MeetingDocument	18909.74,28966.88 16385.9,27209.88
edge:inheritance:db.ShareholdersMeetingAuditReportDocument->db.MeetingDocument	19353.05,28966.88 16385.9,27192.3
edge:inheritance:db.ShareholdersMeetingConvocationNoticeEmail->db.BulkEmail	18107.75,20748 14806.91,16753.57
edge:inheritance:db.ShareholdersMeetingConvocationNoticeEmailAttachment->db.FileAttachment	19946.7,19511.37 20299.41,18330.81
edge:inheritance:db.ShareholdersMeetingConvocationNoticeEmailRecipient->db.ShareholdersMeetingConvocationNoticeRecipient	19880.77,18715.35 19297.9,22682.17
edge:inheritance:db.ShareholdersMeetingConvocationNoticeWrittenRecipient->db.ShareholdersMeetingConvocationNoticeRecipient	20357.15,23743.04 19347.33,22772.17
edge:inheritance:db.ShareholdersMeetingMinutesDocument->db.MeetingDocument	19796.35,28966.88 16385.9,27179.07
edge:inheritance:db.ShareholdersMeetingNoticeDocument->db.MeetingDocument	18468.96,29082.88 16385.9,27243.38
edge:inheritance:db.ShareholdersMeetingPowerOfAttorneyDocument->db.MeetingDocument	18912.75,29082.88 16385.9,27217.39
edge:inheritance:db.ShareholdersMeetingPowerOfAttorneyIndividualDocument->db.MeetingDocument	17282.54,24571.19 16265.14,26888.37
edge:inheritance:db.ShareholdersMeetingShortenPeriodDocument->db.MeetingDocument	19356.55,29082.88 16385.9,27198.75
edge:inheritance:db.ShareholdersMeetingShortenPeriodIndividualDocument->db.MeetingDocument	17282.09,24687.19 16267.52,26888.37
edge:inheritance:db.ShareholdersMeetingSkipNoticeDocument->db.MeetingDocument	19800.35,29082.88 16385.9,27184.72
edge:inheritance:db.ShareholdersMeetingWrittenDecisionDocument->db.MeetingDocument	18471.2,29198.88 16385.9,27252.37
edge:inheritance:db.ShareholdersMeetingWrittenDecisionIndividualDocument->db.MeetingDocument	17281.6,24803.19 16270.12,26888.37
edge:inheritance:db.ShareholdersWrittenResolutionDocument->db.MeetingDocument	18915.44,29198.88 16385.9,27224.9
edge:inheritance:db.StockTransferAgreementModusignDocument->db.ModusignDocument	20169.98,20124.88 22809.84,20755.05
edge:inheritance:db.StockTransferAgreementModusignEmbeddedDraft->db.ModusignEmbeddedDraft	21214.79,21578.15 21784.48,22906.78
edge:inheritance:db.SubscriptionModusignDocumentUsageHistory->db.BaseModusignDocumentUsageHistory	27712.97,11501.27 24350.95,12884.96
edge:inheritance:db.TaxReceiptDocument->db.MeetingDocument	19359.68,29198.88 16385.9,27205.2
edge:inheritance:db.Template->db.MembershipContent	2484.4,1375.04 2685.76,1804.78
edge:inheritance:db.TextValueWithVisibility->db.ValueWithVisibility	34232.03,3032.09 33738.35,2922.13
edge:inheritance:db.UserProfileImage->db.FileAttachment	20966.36,18336.79 20541.18,18183.4
edge:inheritance:db.VentureCapitalPaymentLink->db.PaymentLink	27104.16,11334.39 25168.88,12155.22
edge:inheritance:db.Webinar->db.MembershipContent	2219.79,1491.04 2645.75,1804.78
edge:inheritance:db.Whitepaper->db.MembershipContent	4031.79,3539.93 2742.13,1894.78
edge:inheritance:db.WrittenStatementDocument->db.MeetingDocument	19803.92,29198.88 16385.9,27190.37
edge:inheritance:db.YetsAssistanceCreatorUser->db.YetsAssistanceCreator	13248.3,32418.67 13504.96,32221.43
edge:inheritance:db.YetsAssistanceCreatorYetsEmployee->db.YetsAssistanceCreator	10019.77,32227.32 13435.11,32185.86
edge:inheritance:db.YetsAssistanceMessageFile->db.FileAttachment	22742.37,34377.73 20359.05,18330.81
edge:inheritance:db.YetsEmail->db.BulkEmail	10015.3,20645.97 14588.94,16753.57
edge:inheritance:db.YetsEmployeeFile->db.FileAttachment	22922,34855.02 20366.53,18330.81
edge:inheritance:db.YetsEmployeeResultWhtReceipt->db.FileAttachment	22413.58,32925.87 20356.09,18330.81
edge:inheritance:db.ZuzuOptionGrantContractTemplate->db.OptionGrantContractTemplate	20556.02,15358.27 19617.45,15358.78
edge:inheritance:db.ZuzuOptionGrantContractTemplateRevision->db.OptionGrantContractTemplateRevision	20286.24,15482.4 20170.3,15951.19
