edge:declared:db.AgendaBonusIssue:certificate_of_payment_for_the_share_file	17530.12,20247.38 20161.18,18330.81
edge:declared:db.AgendaBonusIssue:meeting_draft	17530.12,20315.23 17223.83,20565.56
edge:declared:db.AgendaBonusIssueNewIssueBalanceCertificateFile:agenda_bonus_issue	19353.64,18334.92 17530.12,20234.04
edge:declared:db.AgendaBonusIssueNewIssueMinutesFile:agenda_bonus_issue	18644.13,17023.77 17530.12,20169.23
edge:declared:db.AgendaBonusIssueSharesToIssue:agenda_bonus_issue	17065.16,18531.20 17530.12,20169.23
edge:declared:db.AgendaBonusIssueSharesToIssue:share_class	16852.05,18457.20 16021.97,18169.01
edge:declared:db.AgendaBorrowCapital:meeting_draft	17401.24,20808.77 17223.83,20773.23
edge:declared:db.AgendaBranchChange:address	18220.08,20308.43 23072.20,18757.84
edge:declared:db.AgendaBranchChange:installation_event	18220.08,20308.43 18937.46,17920.03
edge:declared:db.AgendaBranchChange:meeting_draft	17972.08,20308.43 17223.83,20735.71
edge:declared:db.AgendaCashDividends:meeting_draft	16521.67,20614.70 16903.83,20713.73
edge:declared:db.AgendaCeoAddressChange:meeting_draft	13209.63,22183.80 16903.83,20790.79
edge:declared:db.AgendaCeoAddressChangeItem:agenda_ceo_address_change	12644.81,22124.41 13003.87,22222.39
edge:declared:db.AgendaCeoAddressChangeItem:stakeholder	12509.24,22084.94 11859.98,19282.45
edge:declared:db.AgendaChangeOfAoiClassStock:aoi	19114.43,20340.51 19014.71,20716.49
edge:declared:db.AgendaChangeOfAoiCustom:aoi	19545.80,20324.15 19094.53,20716.49
edge:declared:db.AgendaChangeOfAoiCustom:changed_part	19620.11,20242.15 20276.57,18330.81
edge:declared:db.AgendaChangeOfAoiDirectorCompensationRule:aoi	19574.74,20759.91 19182.57,20811.28
edge:declared:db.AgendaChangeOfAoiNumberOfDirectors:aoi	19524.99,20629.95 19182.57,20765.67
edge:declared:db.AgendaChangeOfAoiThirdPartyAllocation:aoi	19118.30,20980.17 19017.73,20846.49
edge:declared:db.AgendaChangeOfArticlesOfIncorporation:_deprecated_changed_part	19032.53,20716.49 20239.48,18330.81
edge:declared:db.AgendaChangeOfArticlesOfIncorporation:meeting_draft	18815.57,20846.49 17223.83,20759.97
edge:declared:db.AgendaCoCeoSystemChange:meeting_draft	14457.31,22714.76 16903.83,20855.56
edge:declared:db.AgendaCompanyNameChange:meeting_draft	18071.26,22120.91 17161.33,20855.56
edge:declared:db.AgendaCustom:meeting_draft	14774.31,22738.42 16903.83,20855.56
edge:declared:db.AgendaDirectorChange:stakeholder	14611.47,22438.80 11953.72,19282.45
edge:declared:db.AgendaDirectorCompensationItem:director_compensation	15805.09,22024.49 15997.08,21976.10
edge:declared:db.AgendaDirectorCompensationItem:stakeholder	15688.58,22024.49 11989.61,19266.51
edge:declared:db.AgendaDirectorCompensationRule:meeting_draft	18422.89,22120.91 17188.27,20855.56
edge:declared:db.AgendaFinancialStatements:audit_report	17795.68,20193.23 20161.18,18330.81
edge:declared:db.AgendaFinancialStatements:meeting_draft	17834.12,20291.23 17223.83,20565.56
edge:declared:db.AgendaHeadOfficeRelocation:address	18662.34,21993.38 23072.20,18764.50
edge:declared:db.AgendaHeadOfficeRelocation:meeting_draft	18662.34,21887.38 17223.83,20855.56
edge:declared:db.AgendaHeadOfficeRelocationAoiChange:meeting_draft	18072.67,22236.91 17155.80,20855.56
edge:declared:db.AgendaMethodOfGivingPublicNoticeChange:daily_newspaper	17228.57,20014.28 17617.56,14700.24
edge:declared:db.AgendaMethodOfGivingPublicNoticeChange:meeting_draft	17210.65,20096.28 17116.94,20565.56
edge:declared:db.AgendaNewIssue:financial_statements	16798.18,22685.95 20180.45,18330.81
edge:declared:db.AgendaNewIssue:meeting_draft	16721.68,22685.95 17086.30,20855.56
edge:declared:db.AgendaNewIssueItem:new_issue	18922.54,26446.83 16867.30,22855.95
edge:declared:db.AgendaNewIssueItemFromConversion:new_issue_item	19383.28,26929.39 19022.81,26576.83
edge:declared:db.AgendaNewIssueItemFromPayment:new_issue_item	18882.26,26661.84 18955.37,26576.83
edge:declared:db.AgendaNewIssueItemInstitutionMember:institution	20942.01,27146.93 19714.93,25947.97
edge:declared:db.AgendaNewIssueItemInstitutionMemberCeo:member	19971.30,26671.76 20907.02,27146.93
edge:declared:db.AgendaNewIssueItemShareClass:item	18964.88,26113.41 18975.80,26446.83
edge:declared:db.AgendaNewIssueItemShareholder:item	19619.42,25947.97 19071.76,26446.83
edge:declared:db.AgendaNewIssueNewShareClass:new_issue	17055.27,22843.12 16867.30,22823.43
edge:declared:db.AgendaNewOptionsRule:meeting_draft	18424.69,22236.91 17181.21,20855.56
edge:declared:db.AgendaNewOrChangeRsuRule:meeting_draft	18073.97,22356.91 17150.71,20855.56
edge:declared:db.AgendaOptionCancel:meeting_draft	15887.88,21084.45 16903.83,20742.75
edge:declared:db.AgendaOptionCancelGrantee:option_cancel	15436.97,21104.92 15639.88,21077.25
edge:declared:db.AgendaOptionCancelGrantee:option_grantee	15184.97,21066.07 14975.32,18996.81
edge:declared:db.AgendaOptionCancelOption:_deprecated_grantee	15223.54,21193.13 15315.98,21143.19
edge:declared:db.AgendaOptionCancelOption:option_cancel	15321.63,21193.13 15652.63,21128.94
edge:declared:db.AgendaOptionCancelOptionDistribution:option	15476.97,21374.28 15256.03,21275.13
edge:declared:db.AgendaOptionExercise:meeting_draft	13217.88,22307.80 16903.83,20797.67
edge:declared:db.AgendaOptionExerciseClaim:option_exercise	13740.61,21562.81 13145.72,22307.80
edge:declared:db.AgendaOptionExerciseClaim:option_exercise_claim	13881.55,21480.81 12890.59,17419.16
edge:declared:db.AgendaOptionExerciseGrantee:option_exercise	14794.33,21668.69 13217.95,22307.80
edge:declared:db.AgendaOptionExerciseGrantee:option_grantee	15010.06,21578.69 14972.16,18996.81
edge:declared:db.AgendaOptionExerciseGranteeOption:grantee	14779.72,21844.11 14846.75,21668.69
edge:declared:db.AgendaOptionGrant:meeting_draft	16689.23,20227.71 16950.50,20565.56
edge:declared:db.AgendaOptionGrantGrantee:_deprecated_option_grant_event	15788.00,18884.90 15780.16,18416.62
edge:declared:db.AgendaOptionGrantGrantee:option_grant	15916.37,18982.90 16778.06,20137.71
edge:declared:db.AgendaOptionGrantGrantee:option_grantee	15668.37,18938.44 15111.06,18935.05
edge:declared:db.AgendaOptionGrantGrantee:stakeholder	15668.37,18939.13 11989.61,19118.45
edge:declared:db.AgendaPurposeChange:meeting_draft	18423.29,22352.91 17174.71,20855.56
edge:declared:db.AgendaPurposeChangeItem:agenda_purpose_change	17951.23,25369.03 18443.02,22434.91
edge:declared:db.AgendaRsuGrant:meeting_draft	14457.31,22901.17 16903.83,20855.56
edge:declared:db.AgendaRsuGrantGrantee:rsu	15271.22,14054.89 15471.61,14111.22
edge:declared:db.AgendaRsuGrantGrantee:rsu_grant	15271.22,14117.86 14457.31,22811.17
edge:declared:db.AgendaRsuGrantGrantee:stakeholder	15120.24,14117.86 11926.91,18968.45
edge:declared:db.AgendaSubsidiaryEstablishment:meeting_draft	14787.31,22897.17 16903.83,20855.56
edge:declared:db.AgendaTemplate:company	23055.11,6482.45 16860.15,10697.71
edge:declared:db.AiPayrollLedger:payroll	6357.24,2209.68 7803.68,2178.56
edge:declared:db.AlimtalkActivityRecipient:activity	32297.01,13092.34 32917.59,12849.95
edge:declared:db.AlimtalkActivityRecipientStatusHistory:recipient	32147.88,13249.54 32176.46,13174.34
edge:declared:db.AllocatedSeat:stakeholder	10568.62,13605.01 11787.92,18968.45
edge:declared:db.Announcement:company_set	20843.25,10487.99 16860.15,10811.31
edge:declared:db.Announcement:subscription_plan_set	20843.25,10450.27 20524.26,10379.05
edge:declared:db.AnnualSalary:employee	11724.28,13865.63 10784.81,13940.06
edge:declared:db.AnnualSalary:ledger	11960.28,13875.80 12852.79,14007.67
edge:declared:db.Article:third_party_provider	20252.29,19026.46 20207.38,19729.18
edge:declared:db.Article:thumbnail_image	20379.81,18944.46 20300.94,18330.81
edge:declared:db.ArticlePublishHistory:article	20270.15,19082.48 20297.80,19026.46
edge:declared:db.ArticlesOfIncorporation:_deprecated_daily_newspaper	17578.84,14387.59 17614.18,14618.24
edge:declared:db.ArticlesOfIncorporation:articles_of_incorporation_file	17612.05,14387.59 20191.51,17896.81
edge:declared:db.ArticlesOfIncorporation:company	17555.22,14273.59 16726.84,11043.68
edge:declared:db.ArticlesOfIncorporation:source_meeting	17572.65,14387.59 17857.41,16891.86
edge:declared:db.ArticlesOfIncorporationAnalyzationRequest:company	14500.15,5308.19 16585.43,10609.68
edge:declared:db.ArticlesOfIncorporationAnalyzationResult:request	11649.12,5539.41 14303.20,5282.18
edge:declared:db.AuditLog:actor_api_key	18377.56,3559.80 17841.29,4601.76
edge:declared:db.AvailableModusignRequest:company	21336.94,20692.96 16778.82,11043.68
edge:declared:db.AvailableModusignRequest:modusign_account	21377.84,20692.96 21844.00,20605.84
edge:declared:db.BalanceCertificateDocument:new_issue_agenda	18049.89,24813.76 16867.30,22855.95
edge:declared:db.BalanceCertificateDocument:option_exercise_agenda	18049.89,24813.76 13251.87,22405.80
edge:declared:db.BaseModusignDocumentUsageHistory:modusign_document	24223.93,12941.94 22877.27,20710.06
edge:declared:db.BaseModusignDocumentUsageHistory:purchase	24039.95,12863.67 22176.25,12505.81
edge:declared:db.BranchAbolitionEvent:installation_event	17321.81,17522.92 18690.74,17822.03
edge:declared:db.BranchChangeEvent:address	19031.53,17554.22 23072.20,18598.29
edge:declared:db.BranchChangeEvent:installation_event	18894.25,17561.88 18830.61,17822.03
edge:declared:db.BranchInstallationEvent:address	18938.74,17907.50 23072.20,18618.75
edge:declared:db.BulkEmail:sender_mail_integration	14628.80,16753.57 14592.13,16926.66
edge:declared:db.BulkEmail:template_revision	14806.91,16615.57 17116.18,15926.17
edge:declared:db.BulkEmailCommonAttachment:bulk_email	19205.73,17710.08 14806.91,16716.36
edge:declared:db.BulkEmailRecipient:bulk_email	19764.13,18493.84 14806.91,16733.08
edge:declared:db.BulkEmailRecipient:email_activity_recipient	19942.17,18599.35 24200.15,23651.23
edge:declared:db.BulkEmailRecipientAttachment:recipient	18986.80,18698.71 19764.13,18564.75
edge:declared:db.BulkEmailTemplateRevision:template	17356.18,15933.21 18996.20,14561.43
edge:declared:db.BusinessPlan:company	15057.53,10225.51 16480.15,10755.15
edge:declared:db.BusinessPlanAiAnalysis:business_plan_ai_review	13455.57,9242.37 14807.91,9973.15
edge:declared:db.BusinessPlanAiAnalysisItem:ai_analysis_feedback	12053.22,8503.85 11727.55,8319.94
edge:declared:db.BusinessPlanAiAnalysisItem:business_plan_ai_analysis	12204.11,8585.85 13316.45,9168.37
edge:declared:db.BusinessPlanAiAnalysisItemImprovement:ai_analysis_feedback	11716.24,7860.51 11745.98,8245.94
edge:declared:db.BusinessPlanAiAnalysisItemImprovement:business_plan_ai_analysis_item	11812.54,7860.51 12112.13,8503.85
edge:declared:db.BusinessPlanAiReview:business_plan	14901.53,10055.15 14943.23,10151.51
edge:declared:db.BusinessPlanAiReview:company	14973.12,10055.15 16480.15,10739.49
edge:declared:db.BusinessRegistrationCertificate:company	23384.80,6482.45 16860.15,10704.03
edge:declared:db.CaptableRequest:captable_file	18188.07,14382.43 20223.83,17896.81
edge:declared:db.CaptableRequest:company	18146.65,14300.43 16762.05,11043.68
edge:declared:db.CashIncentive:category	12589.20,12510.21 14081.07,11897.34
edge:declared:db.CashIncentive:employee	12435.26,12592.21 10776.18,13849.90
edge:declared:db.CashIncentiveCategory:company	14260.06,11823.34 16480.15,10905.74
edge:declared:db.CashIncentiveItem:cash_incentive	12148.68,12594.13 12365.40,12566.83
edge:declared:db.CashPayment:purchase	22235.79,12627.88 22102.13,12575.34
edge:declared:db.CeoAddressChangeEvent:director	15920.37,14987.28 17056.68,15591.30
edge:declared:db.Charge:credit	20294.13,12277.71 20434.64,12396.16
edge:declared:db.Charge:meeting	20225.90,12277.71 17925.10,16891.86
edge:declared:db.CmeBulkEmail:cme	17179.39,15999.08 19916.53,13264.35
edge:declared:db.CmeBulkEmailRecipient:_deprecated_cme_bulk_email	16976.46,16290.86 17110.98,16081.08
edge:declared:db.CmeBulkEmailRecipient:cme_company	16969.75,16290.86 19158.26,12842.24
edge:declared:db.CmeBulkEmailTemplate:cme	20307.55,14467.59 20003.63,13264.35
edge:declared:db.CmeCompany:company	19115.76,12728.24 16860.15,10972.56
edge:declared:db.CmeCompany:company_managing_entity	19320.00,12842.24 19848.16,13134.35
edge:declared:db.CmeCompany:contact_set	19320.00,12830.42 20333.76,13341.40
edge:declared:db.CmeCompanyContact:cme_company	19594.03,12880.05 19320.00,12814.46
edge:declared:db.CmeCompanyContactNotificationSettings:cme_company_contact	19687.04,12802.36 19703.16,12869.57
edge:declared:db.CmeCompanyDirectorTermManagement:cme_company	19597.82,12625.81 19317.01,12728.24
edge:declared:db.CmeCompanyNote:cme_company	19201.67,12551.70 19185.93,12728.24
edge:declared:db.CmeCompanyRegistration:cme_contact	20291.09,13536.22 20366.58,13431.40
edge:declared:db.CmeCompanyRegistration:company_managing_entity	20221.05,13536.22 20030.60,13264.35
edge:declared:db.CmeCompanyRegistrationFile:cme_company_registration	20428.12,13730.80 20302.57,13618.22
edge:declared:db.CmeContact:company_managing_entity	20306.23,13341.40 20108.16,13257.32
edge:declared:db.CmeMemberRelation:company_managing_entity	20361.43,13104.12 20105.70,13134.35
edge:declared:db.Company:sso_configuration	16480.15,10833.82 16263.84,10841.58
edge:declared:db.CompanyAddressChangeEvent:address	19027.53,17669.75 23072.20,18602.64
edge:declared:db.CompanyAppointedTransferAgentChange:company	23780.93,6482.45 16860.15,10710.85
edge:declared:db.CompanyAuthorizedSharesChange:company	24195.40,6482.45 16860.15,10717.21
edge:declared:db.CompanyBenefit:company	23053.63,6598.45 16860.15,10701.13
edge:declared:db.CompanyBulkEmailTemplate:company	18731.27,14141.29 16805.78,11043.68
edge:declared:db.CompanyCreateAssignmentReadiness:company	23383.24,6598.45 16860.15,10707.28
edge:declared:db.CompanyCreateProgress:company_create_request	22647.70,15874.94 22631.79,16077.39
edge:declared:db.CompanyCreateRequest:address	22631.79,16140.10 23223.45,18514.69
edge:declared:db.CompanyCreateRequest:articles_of_incorporation_attachment	22439.74,16154.79 20541.18,17914.78
edge:declared:db.CompanyCreateRequest:company	22430.91,16024.79 16860.15,11000.93
edge:declared:db.CompanyDepartment:department_code	11701.29,12792.87 11659.87,12610.42
edge:declared:db.CompanyDepartmentCode:organization_chart	11772.75,12523.48 13469.05,12004.47
edge:declared:db.CompanyDocumentAIAnalysis:company	18760.21,15509.64 16767.71,11043.68
edge:declared:db.CompanyDocumentAIAnalysis:file	18803.83,15591.64 20217.84,17896.81
edge:declared:db.CompanyDocumentDelivery:company	18211.19,10995.58 16860.15,10847.27
edge:declared:db.CompanyEndorsement:company	23436.47,3555.74 16860.15,10622.97
edge:declared:db.CompanyEndorsementFeed:company_endorsement	25346.51,2404.31 23533.25,3481.74
edge:declared:db.CompanyExpertClientRelation:company	20811.82,13213.07 16860.15,10935.52
edge:declared:db.CompanyExpertClientRelation:expert_client	20964.08,13287.07 21390.29,13495.57
edge:declared:db.CompanyFeed:company	27147.94,1125.97 16860.15,10651.02
edge:declared:db.CompanyFeedAccessLog:company_feeds	36774.63,576.65 27329.27,1066.54
edge:declared:db.CompanyFeedAccessLog:venture_capital	36883.07,607.53 34299.17,10608.59
edge:declared:db.CompanyFeedRating:company_feed	27826.67,190.08 27242.57,1019.97
edge:declared:db.CompanyGuideState:company	23779.28,6598.45 16860.15,10713.91
edge:declared:db.CompanyInvestmentContractInfo:company	24193.65,6598.45 16860.15,10720.11
edge:declared:db.CompanyInvestorInterest:company	28230.61,5907.61 16860.15,10745.94
edge:declared:db.CompanyInvestorInterest:venture_capital	28362.06,5907.61 34062.21,10660.18
edge:declared:db.CompanyInvitation:invitee	23052.06,6714.45 16860.15,10704.54
edge:declared:db.CompanyIrClosingFeed:investor_relations	27293.32,3361.26 28260.91,4790.03
edge:declared:db.CompanyIrNewCommitFeed:investor_relations	27749.71,3190.72 28303.59,4790.03
edge:declared:db.CompanyIrOpenFeed:investor_relations	27890.33,2556.67 28323.26,4790.03
edge:declared:db.CompanyIrSetting:company	23381.60,6714.45 16860.15,10710.52
edge:declared:db.CompanyLegalPartnerRelation:company	21683.59,13160.84 16860.15,10914.86
edge:declared:db.CompanyLegalPartnerRelation:legal_partner	21770.73,13234.84 21780.53,13819.06
edge:declared:db.CompanyManagementAssignment:company	23777.54,6714.45 16860.15,10716.98
edge:declared:db.CompanyManagingEntity:expert_client	20108.16,13202.70 21382.40,13495.57
edge:declared:db.CompanyManagingEntity:expert_partner	20108.16,13244.15 21651.59,13890.98
edge:declared:db.CompanyManagingEntity:holding_company	19987.53,13134.35 19967.43,13061.13
edge:declared:db.CompanyMethodOfGivingPublicNoticeChange:company	17328.24,13374.16 16727.52,11043.68
edge:declared:db.CompanyMethodOfGivingPublicNoticeChange:daily_newspaper	17346.39,13448.16 17611.18,14618.24
edge:declared:db.CompanyMnaSetting:company	24191.81,6714.45 16860.15,10723.01
edge:declared:db.CompanyNameChange:company	23050.41,6830.45 16860.15,10707.95
edge:declared:db.CompanyNews:company	18363.46,5953.94 16746.24,10609.68
edge:declared:db.CompanyNewsFeed:company_news	18798.55,6175.61 18443.51,5953.94
edge:declared:db.CompanyNewsLink:company_news	18474.37,5083.75 18396.07,5871.94
edge:declared:db.CompanyNotificationSetting:company	15959.67,9842.57 16516.90,10609.68
edge:declared:db.CompanyNotificationTrigger:notification_setting	15530.49,9087.89 15912.76,9768.57
edge:declared:db.CompanyOptionRule:company	23379.86,6830.45 16860.15,10713.77
edge:declared:db.CompanyOverview:company	23775.69,6830.45 16860.15,10720.05
edge:declared:db.CompanyOwnerAddRequest:company	24189.86,6830.45 16860.15,10725.91
edge:declared:db.CompanyOwnerAuditLog:company	10660.02,5905.91 16480.15,10656.66
edge:declared:db.CompanyOwnerAuditLogOwnerRoleRelation:company_owner_audit_log	11665.29,7596.70 10648.19,5905.91
edge:declared:db.CompanyOwnerAuditLogOwnerRoleRelation:owner_role	11314.29,7596.70 11200.07,8959.42
edge:declared:db.CompanyOwnerNotificationTrigger:trigger	15433.55,9267.69 15496.71,9087.89
edge:declared:db.CompanyParValueChange:_deprecated_articles_of_incorporation	17417.63,14030.16 17541.18,14273.59
edge:declared:db.CompanyParValueChange:company	17390.16,13956.16 16721.14,11043.68
edge:declared:db.CompanyPaymentLink:company	21968.11,10545.29 16860.15,10816.61
edge:declared:db.CompanyPolicyFile:company	23048.65,6946.45 16860.15,10711.37
edge:declared:db.CompanyProfileAccessLog:company	28228.53,6023.61 16860.15,10747.83
edge:declared:db.CompanyProfileAccessLog:venture_capital	28363.12,6023.61 34062.21,10663.78
edge:declared:db.CompanyPromotionWinLog:company	14861.53,5312.19 16599.59,10609.68
edge:declared:db.CompanyPromotionWinLog:prize_type	14972.20,5298.34 16153.25,5556.94
edge:declared:db.CompanyPromotionWinLog:promotion	14893.47,5312.19 15832.09,6162.33
edge:declared:db.CompanyPurposeChange:company	17296.19,12845.38 16739.10,11043.68
edge:declared:db.CompanyPurposeChangeItem:company_purpose_change	17496.60,13173.78 17331.90,12919.38
edge:declared:db.CompanyPurposeChangeItem:industrial_code	17532.14,13247.78 17625.49,13545.95
edge:declared:db.CompanyQuestionThread:company	18916.26,12929.39 16860.15,11002.42
edge:declared:db.CompanyQuestionThread:expert_partner	19154.48,13062.28 21651.59,13896.46
edge:declared:db.CompanyRegistrationAssignment:company	23378.01,6946.45 16860.15,10717.02
edge:declared:db.CompanyRegistrationAssignmentLog:company	23773.74,6946.45 16860.15,10723.11
edge:declared:db.CompanyRsuRule:_deprecate_articles_of_incorporation	17427.47,14146.16 17526.02,14273.59
edge:declared:db.CompanyRsuRule:company	17390.46,14072.16 16719.34,11043.68
edge:declared:db.CompanySsoEmailDomain:configuration	15480.38,10855.83 16015.84,10848.04
edge:declared:db.CompanySsoIdentity:configuration	15467.48,11025.98 16015.84,10879.39
edge:declared:db.CompanyStockTransferRestrictedChange:company	24187.79,6946.45 16860.15,10728.81
edge:declared:db.CompanyStockValue:company	23046.79,7062.45 16860.15,10714.78
edge:declared:db.CompanyTag:company_set	23376.06,7062.45 16860.15,10720.26
edge:declared:db.CompanyTanTableView:company	14500.46,5428.19 16583.56,10609.68
edge:declared:db.CompanyTodo:company	23771.67,7062.45 16860.15,10726.18
edge:declared:db.CompanyUpdateRequest:change_detection	18083.82,12432.93 18183.53,13195.99
edge:declared:db.CompanyUpdateRequest:company	18041.16,12350.93 16860.15,11035.55
edge:declared:db.CompanyUpdateRequest:company_question_thread	18139.64,12432.93 18879.67,12929.39
edge:declared:db.CompanyUserRelation:company	10028.54,10749.74 16480.15,10824.47
edge:declared:db.CompanyUserRelation:stakeholder	9915.77,10797.30 11787.64,18968.45
edge:declared:db.CompanyUserRelationOwnerRoleRelation:company_user_relation	10717.99,9756.25 9944.72,10699.30
edge:declared:db.CompanyUserRelationOwnerRoleRelation:owner_role	10795.91,9682.25 11026.13,9057.42
edge:declared:db.ConsentForm:investor	23001.17,35059.29 12512.13,23467.47
edge:declared:db.ConsentForm:item	23123.53,34961.29 23313.06,28245.56
edge:declared:db.ConsentForm:uploaded_consent_form_file	23116.35,34961.29 20390.22,18330.81
edge:declared:db.ConsentFormModusignDocument:consent_form	23553.04,33314.79 23148.21,34961.29
edge:declared:db.ConsentFormModusignEmbeddedDraft:consent_form	21984.31,23672.27 23118.86,34961.29
edge:declared:db.CorporateRegistration:attachment	18989.67,14839.78 20259.24,17896.81
edge:declared:db.CorporateRegistration:company	18940.47,14741.78 16796.10,11043.68
edge:declared:db.CorporateRegistrationChangeConfirmation:change_detection	18564.78,13014.87 18269.75,13195.99
edge:declared:db.CorporateRegistrationChangeConfirmation:staff_review_required_question_thread	18796.55,13004.78 18870.48,12996.11
edge:declared:db.CorporateRegistrationChangeDetection:company	18158.82,13195.99 16807.91,11043.68
edge:declared:db.CorporateRegistrationChangeDetection:xml_file	18211.70,13293.99 20254.76,17896.81
edge:declared:db.CorporateRegistrationChangeDetectionParseResult:change_detection	18395.88,12874.48 18217.17,13195.99
edge:declared:db.CorporateRegistrationExtractionLog:corporate_registration_issue_log	20415.91,15166.82 20533.19,14958.67
edge:declared:db.CorporateRegistrationIssueCoupon:company	18791.02,12620.58 16860.15,10980.54
edge:declared:db.CorporateRegistrationIssueCouponIssueLog:coupon	19038.99,12350.12 18896.20,12620.58
edge:declared:db.CorporateRegistrationIssueCouponUseRequest:coupon	19224.50,14746.74 18993.15,12702.58
edge:declared:db.CorporateRegistrationIssueCouponUseResult:corporate_registration	19841.38,14882.40 19092.91,14823.13
edge:declared:db.CorporateRegistrationIssueCouponUseResult:log	20191.05,14948.00 20423.28,14891.71
edge:declared:db.CorporateRegistrationIssueCouponUseResult:request	19994.44,14882.40 19418.21,14820.74
edge:declared:db.CorporateRegistrationIssueLog:_deprecated_staff_review_required_question_thread	20704.28,14860.67 19154.48,13107.39
edge:declared:db.CorporateRegistrationIssueLog:pdf_file	20561.17,14958.67 20362.75,17896.81
edge:declared:db.CorporateRegistrationIssueMaintenance:third_party_api_notice	30772.55,14898.00 30144.02,14874.81
edge:declared:db.CorporateRegistrationIssueRequest:delivery	19179.00,10863.71 19337.84,10794.79
edge:declared:db.CorporateRegistrationPaidIssue:company	19192.76,14979.04 16802.79,11043.68
edge:declared:db.CorporateRegistrationPaidIssue:corporate_registration	19175.93,14979.04 19018.97,14839.78
edge:declared:db.CorporationPostRegistrationEmail:company	14535.41,5082.13 16590.09,10609.68
edge:declared:db.CorporationPostRegistrationScheduledEmail:corporation_post_registration_email	15845.83,5098.13 14667.26,5050.95
edge:declared:db.CorporationPostRegistrationScheduledEmailPeriodicTaskRelation:corporation_post_registration_scheduled_email	15698.44,4962.56 15942.90,5068.43
edge:declared:db.Credit:company	20380.55,12396.16 16860.15,10908.15
edge:declared:db.CreditCard:company	22940.14,11836.36 16860.15,10860.65
edge:declared:db.CreditCard:investment_association	23137.01,11907.53 28248.97,15770.41
edge:declared:db.CreditCard:legal_partner	23051.71,11907.53 21837.30,13819.06
edge:declared:db.CreditCard:venture_capital	23188.14,11847.54 34062.21,10829.89
edge:declared:db.CreditUse:credit	21397.30,12380.71 20609.49,12423.92
edge:declared:db.CreditUse:purchase	21633.30,12389.15 21880.25,12439.19
edge:declared:db.CsAgentResponse:inquiry_thread_message	24035.08,9537.71 23140.82,9764.32
edge:declared:db.CsAgentResponseFeedBack:cs_agent_response	24520.93,9458.12 24283.08,9504.90
edge:declared:db.DebtConfirmationAndOffsetContractDocument:new_issue_item	18169.17,26460.31 18840.50,26508.26
edge:declared:db.DepartmentStaffUserRelation:department	18215.90,34235.83 16028.20,34776.66
edge:declared:db.DirectorAppointmentEvent:director	16270.37,14909.28 17114.34,15581.47
edge:declared:db.DirectorCompensationDecisionEvent:director	15951.87,15107.28 17056.68,15603.32
edge:declared:db.DirectorCompensationLimitEvent:director	16284.87,15047.32 17094.45,15581.47
edge:declared:db.DirectorTermEndEvent:appointment_event	15926.37,15149.28 16022.37,14989.62
edge:declared:db.DirectorTermEndEvent:director	15926.37,15226.06 17056.68,15609.48
edge:declared:db.DirectorVote:agenda	15679.23,20832.99 16054.03,21078.66
edge:declared:db.DirectorVote:attended_director	15631.45,20758.99 15610.26,20692.97
edge:declared:db.DirectorVotingRightsPerAgenda:agenda	15689.51,20948.99 16028.19,21078.66
edge:declared:db.DirectorVotingRightsPerAgenda:director	15637.64,20874.99 15600.73,20692.97
edge:declared:db.DirectorsMeeting:chairperson	15882.29,20662.21 15745.41,20588.09
edge:declared:db.DirectorsMeeting:meeting	16042.38,20563.49 17804.90,17125.86
edge:declared:db.DirectorsMeeting:sealed_meeting_minutes_file	16128.67,20563.49 20161.18,18213.40
edge:declared:db.DirectorsMeetingAgenda:agenda_bonus_issue	16267.40,21092.50 17530.12,20315.23
edge:declared:db.DirectorsMeetingAgenda:agenda_branch_change	16267.40,21136.03 17972.08,20308.43
edge:declared:db.DirectorsMeetingAgenda:agenda_co_ceo_system_change	15983.40,21135.37 14451.19,22687.17
edge:declared:db.DirectorsMeetingAgenda:agenda_custom	16057.40,21264.66 14532.56,22687.17
edge:declared:db.DirectorsMeetingAgenda:agenda_director_change	16016.07,21264.66 14717.70,22438.80
edge:declared:db.DirectorsMeetingAgenda:agenda_director_compensation_decision	16133.52,21264.66 16081.90,21886.10
edge:declared:db.DirectorsMeetingAgenda:agenda_financial_statements	16267.40,21114.01 17834.12,20291.23
edge:declared:db.DirectorsMeetingAgenda:agenda_head_office_relocation	16267.40,21264.66 18403.34,21892.13
edge:declared:db.DirectorsMeetingAgenda:agenda_new_issue	16242.88,21264.66 16595.30,22685.95
edge:declared:db.DirectorsMeetingAgenda:agenda_option_cancel	15983.40,21134.11 15887.88,21112.73
edge:declared:db.DirectorsMeetingAgenda:agenda_rsu_grant	16115.95,21264.66 14457.31,22811.17
edge:declared:db.DirectorsMeetingAgenda:agenda_shareholders_meeting_convocation	16252.88,21264.66 16469.66,21439.58
edge:declared:db.DirectorsMeetingAgenda:agenda_subsidiary_establishment	16124.68,21264.66 14735.24,22815.17
edge:declared:db.DirectorsMeetingAgenda:meeting	16267.40,21078.66 16142.29,20685.49
edge:declared:db.DirectorsMeetingDirectorAttendance:stakeholder	15420.49,20578.97 11989.61,19184.62
edge:declared:db.DirectorsMeetingNoticeEmail:directors_meeting	15164.91,20031.34 15882.29,20570.16
edge:declared:db.DirectorsMeetingNoticeEmailRecipient:director	16016.79,20430.38 15745.41,20578.97
edge:declared:db.DirectorsMeetingNoticeEmailRecipient:email	15873.71,20348.38 15164.91,20031.34
edge:declared:db.DocumentDelivery:delivery	19690.50,11004.95 20032.79,10861.32
edge:declared:db.DocumentDeliveryQuestionThreadRelation:document_delivery	19919.37,11000.56 19699.44,11041.10
edge:declared:db.DocumentDeliveryQuestionThreadRelation:question_thread	20262.37,11026.76 20359.17,11019.89
edge:declared:db.DocumentParseResult:attachment	20011.11,16161.56 19990.49,16418.10
edge:declared:db.DormantUserEmail:user	3285.50,32258.65 1997.83,33452.87
edge:declared:db.DormantUserPhone:user	2608.60,31576.36 1967.62,33452.87
edge:declared:db.DormantUserReactivationToken:user	3439.50,32419.58 2010.33,33452.87
edge:declared:db.ESOP:company	11497.74,16035.05 16480.15,11008.40
edge:declared:db.ESOP:shareholder	11415.84,16149.05 12369.83,23337.47
edge:declared:db.ESOPParticipant:esop	11139.52,15198.98 11420.42,16035.05
edge:declared:db.EditableCompanyOwnerAuditLog:company	24185.60,7062.45 16860.15,10731.70
edge:declared:db.ElectronicCertificate:company	17058.33,13093.63 16699.03,11043.68
edge:declared:db.ElectronicCertificate:director	17067.96,13183.63 17186.77,15581.47
edge:declared:db.ElectronicCertificateApplicationFormDocument:stakeholder	19834.26,28270.88 11961.01,19282.45
edge:declared:db.ElectronicCertificateCaseReportDocument:stakeholder	18484.09,28386.88 11936.28,19282.45
edge:declared:db.ElectronicCertificateFileDownloadHistory:file_uploaded	18466.58,16614.14 18457.73,16546.95
edge:declared:db.ElectronicCertificateFileUploadRequest:electronic_certificate	18278.05,16332.57 17082.74,13183.63
edge:declared:db.ElectronicCertificateFileUploaded:file_upload_request	18410.78,16472.95 18335.28,16406.57
edge:declared:db.ElectronicCertificateReturnRequest:electronic_certificate	24592.35,19824.55 17115.48,13183.63
edge:declared:db.ElectronicCertificateReturnRequest:recipient_address	24588.61,19824.55 23380.20,18764.09
edge:declared:db.EmailActivityRecipient:email_activity	24244.46,23749.23 24429.99,26773.08
edge:declared:db.EmailActivityRecipientStatusHistory:recipient	24665.93,25505.42 24252.97,23749.23
edge:declared:db.EmailVerification:email	24067.45,1532.40 23560.22,1244.49
edge:declared:db.Employee:department_code_set	10715.93,13849.90 11613.28,12610.42
edge:declared:db.Employee:group_set	10784.81,13867.61 13036.14,12545.45
edge:declared:db.EmployeeDepartmentCodeRelation:department_code	11371.50,12706.75 11555.27,12610.42
edge:declared:db.EmployeeDepartmentCodeRelation:employee	11280.76,12780.75 10697.83,13849.90
edge:declared:db.EmployeeGroup:company	13177.45,12471.45 16480.15,10916.54
edge:declared:db.EmployeeNumber:company	13172.41,12587.45 16480.15,10922.74
edge:declared:db.EmployeeNumber:employee	13030.61,12661.45 10784.81,13874.32
edge:declared:db.EmployeeOption:company	12212.83,11220.49 16480.15,10843.52
edge:declared:db.EmployeeOption:grantee	12051.33,11284.48 11221.24,12457.53
edge:declared:db.EmployeeOptionExerciseCandidate:management	12786.81,11642.09 14450.59,11663.43
edge:declared:db.EmployeeOptionExerciseCandidate:option	12578.26,11595.19 12160.15,11284.48
edge:declared:db.EmployeeOptionExerciseCandidate:option_exercise_claim	12786.81,11628.28 13983.62,11532.00
edge:declared:db.EmployeeOptionExerciseCandidateFile:candidate	12623.97,11319.35 12636.73,11595.19
edge:declared:db.EmployeeOptionExerciseClaim:company	14249.62,11484.91 16480.15,10878.66
edge:declared:db.EmployeeOptionExerciseClaimOption:option	13055.96,11209.97 12212.83,11228.72
edge:declared:db.EmployeeOptionExerciseClaimOption:option_exercise_claim	13315.67,11243.57 13998.38,11480.30
edge:declared:db.EmployeeOptionExerciseManagement:company	14702.46,11624.37 16480.15,10904.29
edge:declared:db.EmployeeOptionExerciseManagementEmail:management	14356.33,13475.33 14600.75,11706.37
edge:declared:db.EmployeeOptionVesting:employee_option	11328.19,11470.42 11964.83,11270.43
edge:declared:db.EmployeeOptionVestingItem:option_vesting	11144.98,11737.41 11199.87,11544.42
edge:declared:db.EmployeeOptionVestingTraceable:option	12079.39,11636.93 12087.60,11284.48
edge:declared:db.EmployeeStock:participant	11838.60,15337.35 11249.53,15133.07
edge:declared:db.EmployeeStockGuide:esop	12034.98,15940.72 11542.19,16035.05
edge:declared:db.EmployeeStockGuideAudience:employee_stock_guide	12522.40,15558.77 12162.52,15858.72
edge:declared:db.EmployeeStockGuideAudience:participant	12446.46,15558.77 11249.53,15194.99
edge:declared:db.EmployeeStockGuideEmail:employee_stock_guide	13028.44,16817.31 12233.82,15940.72
edge:declared:db.EmployeeStockTag:category	11479.87,15673.39 11474.47,15289.20
edge:declared:db.EmployeeStockTag:employee_stock_set	11727.87,15630.61 11838.60,15354.45
edge:declared:db.EmployeeStockTag:esop	11578.19,15684.06 11473.84,16035.05
edge:declared:db.EmployeeStockTagCategory:esop	11354.14,15355.06 11441.73,16035.05
edge:declared:db.EmployeeStockWithdrawRequest:account	12342.34,16655.73 12617.67,16571.01
edge:declared:db.EmployeeStockWithdrawRequest:esop	12147.49,16581.73 11536.50,16149.05
edge:declared:db.EmploymentCertificateDocumentRequest:company	14379.44,12168.46 16480.15,10938.71
edge:declared:db.EmploymentCertificateDocumentRequest:history	14244.58,12242.46 12645.65,13105.34
edge:declared:db.EmploymentStatusHistory:connected_hrm_status_event	12557.12,13195.34 7567.02,15165.19
edge:declared:db.EmploymentStatusHistory:employee	12444.77,13195.34 10784.81,13894.44
edge:declared:db.EmploymentStatusHistory:related_events	12681.95,13165.26 16178.35,16101.06
edge:declared:db.Event:company	16333.07,16101.06 16656.78,11043.68
edge:declared:db.EventAttachment:company	16846.00,16159.95 16677.93,11043.68
edge:declared:db.EventAttachment:event	16729.33,16193.66 16474.35,16214.19
edge:declared:db.ExpertClientIncorporationSupport:contact_set	20827.65,13824.26 20486.02,13431.40
edge:declared:db.ExpertClientIncorporationSupport:expert_client	21051.01,13836.17 21382.40,13568.38
edge:declared:db.ExpertClientIncorporationSupport:incorporation_request	20912.01,13906.26 21317.07,15034.72
edge:declared:db.ExpertClientSignupChannel:expert_client	23611.72,13882.95 21630.40,13593.57
edge:declared:db.ExpertClientTaxServiceSettings:expert_client	21187.52,13950.51 21422.07,13593.57
edge:declared:db.ExpertClientTaxServiceSettings:legal_partner	21265.84,13995.06 21651.59,13935.87
edge:declared:db.ExpressDelivery1:order_status_history	3864.50,7817.05 4050.22,7835.01
edge:declared:db.ExpressDelivery1:seal_card_return_status_history	3736.57,7768.64 3705.36,7652.35
edge:declared:db.ExternalStockInfo:company	23044.82,7178.45 16860.15,10718.20
edge:declared:db.FABContent:thumbnail_image	21230.63,17357.46 20541.18,17989.83
edge:declared:db.FinancialAccount:institution	12746.28,16473.20 13009.04,15944.98
edge:declared:db.FinancialStatementsForNewIssueFromConversionDocument:new_issue	18527.89,24817.76 16867.30,22855.95
edge:declared:db.Fund:fund_partners	31645.68,12401.94 32764.45,12313.83
edge:declared:db.Fund:portfolio_company_set	31397.68,12437.57 28382.46,13112.35
edge:declared:db.Fund:venture_capital	31598.40,12366.71 34062.21,10921.52
edge:declared:db.FundPartner:venture_capital	32925.80,12263.06 34062.21,11015.57
edge:declared:db.FundingNewsDistributionServiceRequest:company	18658.15,13953.44 16809.19,11043.68
edge:declared:db.FundingNewsDistributionServiceRequest:company_question_thread	18704.26,13953.44 18978.31,13107.39
edge:declared:db.FundingNewsDistributionServiceRequest:logo	18705.20,14043.44 20263.32,17896.81
edge:declared:db.HelpTemplate:partners_to_share	10174.31,6824.45 21651.59,13847.56
edge:declared:db.Hrm:company	3874.02,15333.52 16480.15,10890.69
edge:declared:db.HrmAlpConfig:hrm	2157.94,14929.23 3554.02,15351.29
edge:declared:db.HrmAlpConfigIndivApprovalTemplateRel:alp_config	2394.06,14632.97 2088.54,14865.59
edge:declared:db.HrmAlpExcludedEmp:emp	8293.70,17491.49 7673.32,17621.40
edge:declared:db.HrmAlpLaborReceiptRefusal:emp	7896.10,18547.80 7571.27,17829.76
edge:declared:db.HrmAlpTarget:emp	7917.44,18231.95 7632.37,17829.76
edge:declared:db.HrmAlpUsageDesignation:target	8161.29,18244.55 8072.50,18300.93
edge:declared:db.HrmAlpUsageDesignationDate:leave_usage	8712.22,18162.85 8857.94,18158.27
edge:declared:db.HrmAlpUsageDesignationDate:usage_designation	8518.76,18198.12 8345.75,18234.18
edge:declared:db.HrmAlpUsagePlan:target	8134.92,18129.61 8017.39,18231.95
edge:declared:db.HrmAlpUsagePlanDate:usage_plan	8522.65,17779.99 8253.79,18047.61
edge:declared:db.HrmAnnualLeaveAdjustment:emp	8057.64,17615.21 7673.32,17645.71
edge:declared:db.HrmAnnualLeaveConfigBase:annual_leave	6893.18,23008.88 6907.27,22068.70
edge:declared:db.HrmApproval:approvable	6522.52,17611.20 5957.32,17298.71
edge:declared:db.HrmApproval:requestor	6713.92,17655.30 7329.32,17658.01
edge:declared:db.HrmApprovalLine:actual_approver	6834.57,17786.50 7329.32,17690.88
edge:declared:db.HrmApprovalLine:approval	6678.64,17770.10 6624.97,17701.20
edge:declared:db.HrmApprovalLine:approver	6634.24,17852.10 6133.36,18121.16
edge:declared:db.HrmApprovalReview:approval	6343.92,17859.49 6535.47,17701.20
edge:declared:db.HrmApprovalReview:approver	6263.91,17933.49 6085.17,18121.16
edge:declared:db.HrmApprovalTemplate:hrm	5021.73,17530.26 3819.91,15528.42
edge:declared:db.HrmApprovalTemplateLine:approver	5889.83,17989.82 5993.04,18121.16
edge:declared:db.HrmApprovalTemplateLine:template	5819.70,17915.82 5098.01,17612.26
edge:declared:db.HrmApprovalTemplateReview:approver	5595.62,17947.54 5932.00,18121.16
edge:declared:db.HrmApprovalTemplateReview:template	5497.45,17873.54 5081.87,17612.26
edge:declared:db.HrmApprover:dept	5910.69,18136.20 3456.94,17836.83
edge:declared:db.HrmApprover:emp	6158.69,18130.51 7329.32,17717.30
edge:declared:db.HrmAttendance:emp	6662.46,17322.59 7329.32,17591.63
edge:declared:db.HrmAttendanceItem:attendance	7949.59,17138.35 6678.18,17268.86
edge:declared:db.HrmAttendanceItem:emp	8030.69,17166.62 7673.32,17492.37
edge:declared:db.HrmAttendanceLocation:attendance_item	8190.79,16644.83 8088.09,17084.62
edge:declared:db.HrmAttendanceLocation:ongoing_attendance	8332.12,16591.68 8687.96,16778.56
edge:declared:db.HrmAttendanceLocation:personal_location	8249.07,16546.83 8497.25,16349.07
edge:declared:db.HrmAttendanceLocation:work_location	8084.12,16623.09 6809.58,14453.49
edge:declared:db.HrmCertificateConfig:hrm	3068.78,15305.40 3554.02,15408.40
edge:declared:db.HrmCertificateConfigIndividualApprovalTemplateRelation:certificate_config	2395.56,15854.04 2912.25,15357.87
edge:declared:db.HrmCertificateIssue:connected_status_event	8391.02,15465.80 7566.33,15271.19
edge:declared:db.HrmCertificateIssue:emp	8468.05,15547.80 7578.79,17483.76
edge:declared:db.HrmCommonLocation:work_location_config	7932.94,14586.39 8527.91,14535.14
edge:declared:db.HrmConciergeRequest:company	23373.98,7178.45 16860.15,10723.51
edge:declared:db.HrmDailyLeaveUsageItem:usage	8120.51,20726.60 8964.26,18217.04
edge:declared:db.HrmDept:hrm	3317.90,17736.03 3734.92,15528.42
edge:declared:db.HrmDeptName:dept	2824.03,19381.68 3292.31,17858.03
edge:declared:db.HrmDeptName:event	2793.54,19455.68 2652.55,20005.51
edge:declared:db.HrmDeptParent:dept	3503.28,19372.03 3314.45,17858.03
edge:declared:db.HrmDeptParent:event	3507.60,19454.03 3649.18,19910.51
edge:declared:db.HrmDeptReorg:hrm	3038.82,14383.02 3630.77,15246.42
edge:declared:db.HrmDeptStatus:dept	3980.35,19643.71 3329.72,17858.03
edge:declared:db.HrmDeptStatus:event	3978.54,19717.71 3804.69,21556.59
edge:declared:db.HrmDocument:emp	4730.23,16451.98 7329.32,17558.82
edge:declared:db.HrmDocument:form	4633.52,16353.98 3271.55,13836.54
edge:declared:db.HrmDocument:hrm	4583.27,16353.98 3874.02,15516.12
edge:declared:db.HrmDocumentDraft:emp	4712.00,14808.93 7373.09,17483.76
edge:declared:db.HrmDocumentDraft:form	4557.61,14726.93 3384.89,13782.83
edge:declared:db.HrmDocumentDraftFieldAttachment:field_value	4348.62,9514.45 3494.19,11348.41
edge:declared:db.HrmDocumentDraftFieldMultiSelectValue:field_value	3312.65,11815.54 3456.10,11438.41
edge:declared:db.HrmDocumentDraftFieldMultiSelectValue:selected_option	3257.96,11889.54 3094.68,12038.27
edge:declared:db.HrmDocumentDraftFieldValue:draft	3490.47,11438.41 4665.89,14726.93
edge:declared:db.HrmDocumentDraftFieldValue:field_definition	3419.96,11438.41 2025.72,12616.44
edge:declared:db.HrmDocumentFieldAttachment:field_value	2963.05,13223.51 3191.84,13276.71
edge:declared:db.HrmDocumentFieldMultiSelectValue:field_value	3647.87,12520.61 3291.89,13199.47
edge:declared:db.HrmDocumentFieldMultiSelectValue:selected_option	3575.24,12446.61 3108.33,12120.27
edge:declared:db.HrmDocumentFieldValue:document	3439.84,13289.47 4637.42,16353.98
edge:declared:db.HrmDocumentFieldValue:field_definition	3191.84,13230.48 2120.46,12678.14
edge:declared:db.HrmDocumentForm:hrm	3258.39,13836.54 3721.21,15246.42
edge:declared:db.HrmDocumentFormFieldDefinition:form	2073.96,12706.44 3150.37,13738.54
edge:declared:db.HrmDocumentFormFieldSelectOption:field_definition	2973.81,12120.27 2055.73,12616.44
edge:declared:db.HrmDocumentFormIndividualApprovalTemplateRelation:document_form	3103.10,13921.14 3136.89,13825.54
edge:declared:db.HrmEmp:connected_employee	7647.12,17483.76 10557.69,14051.90
edge:declared:db.HrmEmp:hrm	7329.32,17552.73 3874.02,15484.19
edge:declared:db.HrmEmpAffiliation:emp	5832.59,17058.92 7329.32,17603.34
edge:declared:db.HrmEmpAffiliation:event	5751.78,16979.41 6711.21,16446.11
edge:declared:db.HrmEmpAffiliationDept:affiliation	5214.91,17442.22 5584.59,16979.41
edge:declared:db.HrmEmpAffiliationDept:dept	5071.02,17442.22 3456.94,17736.03
edge:declared:db.HrmEmpContract:emp	7429.95,34563.06 7500.34,17829.76
edge:declared:db.HrmEmpContract:mgmt	7420.07,34563.06 4924.85,23956.72
edge:declared:db.HrmEmpContractCommonVar:hrm	3334.59,14383.02 3679.28,15246.42
edge:declared:db.HrmEmpContractMgmt:hrm	4908.73,23874.72 3736.27,15528.42
edge:declared:db.HrmEmpContractMgmt:template_revision	4851.76,23874.72 3195.68,22804.43
edge:declared:db.HrmEmpContractModusignDocument:hrm_emp_contract	23600.49,35905.74 7553.72,34641.15
edge:declared:db.HrmEmpContractTemplate:hrm	2247.47,19632.66 3672.30,15528.42
edge:declared:db.HrmEmpContractTemplateRevision:template	3120.37,22722.43 2247.23,19706.66
edge:declared:db.HrmEmpContractTemplateRevisionSigner:revision	2456.24,23367.53 3086.36,22804.43
edge:declared:db.HrmEmpEmploymentType:emp	6748.52,16862.76 7330.44,17483.76
edge:declared:db.HrmEmpEmploymentType:event	6772.78,16788.76 6925.20,16696.03
edge:declared:db.HrmEmpJob:emp	5889.80,16020.03 7329.32,17485.43
edge:declared:db.HrmEmpJob:event	5960.59,15934.20 6505.57,15789.94
edge:declared:db.HrmEmpJob:level	5712.59,15925.65 4791.05,15642.17
edge:declared:db.HrmEmpJob:position	5735.11,15914.03 5043.02,15642.17
edge:declared:db.HrmEmpJob:role	5712.59,15943.43 4798.18,15743.63
edge:declared:db.HrmEmpJob:title	5712.59,15930.10 5090.18,15756.32
edge:declared:db.HrmEmpJobLevel:hrm	4562.18,15568.98 3874.02,15436.49
edge:declared:db.HrmEmpJobPosition:hrm	4854.18,15574.94 3874.02,15428.41
edge:declared:db.HrmEmpJobRole:hrm	4584.08,15684.17 3874.02,15449.02
edge:declared:db.HrmEmpJobTitle:hrm	4857.14,15684.17 3874.02,15438.88
edge:declared:db.HrmEmpMov:hrm	3042.06,14499.02 3618.40,15246.42
edge:declared:db.HrmEmpReturnToWorkEvent:absence_event	7856.45,14763.77 7701.22,14905.13
edge:declared:db.HrmEmpSalaryAccount:emp	13120.73,14520.33 7673.32,17577.50
edge:declared:db.HrmEmpSalaryAccount:institution	13211.37,14520.33 13000.68,15854.98
edge:declared:db.HrmEmpStatus:emp	8468.88,15663.80 7583.30,17483.76
edge:declared:db.HrmEmpStatus:event	8423.10,15589.80 7533.70,15271.19
edge:declared:db.HrmEmpUserInvitation:emp	5608.67,17510.77 7329.32,17632.62
edge:declared:db.HrmEmpUserInvitation:hrm	5444.73,17452.37 3851.39,15528.42
edge:declared:db.HrmEmpUserInvitationInvitee:invitation	5870.49,17725.87 5513.22,17534.37
edge:declared:db.HrmEmpWorkAssignment:emp	6496.62,18521.06 7329.32,17802.47
edge:declared:db.HrmEmpWorkAssignment:work	6334.94,18570.13 5404.87,18665.23
edge:declared:db.HrmEmpWorkLocationAssignment:work_location	7069.04,15240.33 6704.35,14463.69
edge:declared:db.HrmEmpWorkLocationAssignment:work_location_config	7079.30,15314.33 7045.39,15870.43
edge:declared:db.HrmEmpWorkLocationConfig:emp	7052.48,15952.43 7453.09,17483.76
edge:declared:db.HrmEmpWorkLocationConfig:work_location_set	7032.96,15870.43 6695.25,14463.69
edge:declared:db.HrmFixedWorkSchedule:fixed_work	5397.52,18335.56 5355.93,18401.94
edge:declared:db.HrmGoogleCalendarIntegration:hrm	3335.94,14499.02 3674.11,15246.42
edge:declared:db.HrmLeaveBase:hrm	6371.91,21037.35 3782.77,15528.42
edge:declared:db.HrmLeaveCommonConfig:leave	5467.95,21101.02 6271.51,21109.00
edge:declared:db.HrmLeaveGrant:emp	6974.99,18967.35 7429.05,17829.76
edge:declared:db.HrmLeaveGrant:grantable_leave	6950.03,19041.35 6664.09,20155.12
edge:declared:db.HrmLeaveIndividualApprovalTemplateRelation:leave	5903.95,21102.73 6271.51,21108.29
edge:declared:db.HrmLeaveUsage:emp	8857.94,18126.83 7673.32,17700.70
edge:declared:db.HrmLeaveUsage:leave	8935.02,18217.04 6475.28,21037.35
edge:declared:db.HrmLeaveUsageAttachment:usage	9478.93,19194.15 9002.22,18217.04
edge:declared:db.HrmLeaveUsageItem:emp	7668.42,18812.67 7522.57,17829.76
edge:declared:db.HrmLeaveUsageItem:leave	7650.46,18894.67 6448.46,21037.35
edge:declared:db.HrmLeaveUsageItem:usage	7755.58,18812.67 8873.78,18217.04
edge:declared:db.HrmOngoingAttendance:emp	8751.68,16815.41 7673.32,17539.77
edge:declared:db.HrmOngoingAttendanceClockedSchedule:ongoing_attendance	9284.54,16480.31 8877.84,16733.41
edge:declared:db.HrmPersonalLocation:hrm_emp	8498.55,16349.07 7640.90,17483.76
edge:declared:db.HrmPersonalLocation:work_location_config	8658.86,16340.24 8767.04,14535.14
edge:declared:db.HrmRequestor:dept	4663.10,18916.02 3360.90,17858.03
edge:declared:db.HrmRequestor:emp	4764.36,18916.02 7329.32,17735.66
edge:declared:db.HrmSelectiveWorkPlan:emp	6144.99,17060.73 7329.32,17580.82
edge:declared:db.HrmSelectiveWorkPlanConfig:selective_work	5280.94,19367.55 5339.77,19009.09
edge:declared:db.HrmSelectiveWorkPlanItem:emp	6273.14,16925.60 7329.32,17557.36
edge:declared:db.HrmSelectiveWorkPlanItem:plan	6190.00,16925.60 6073.31,16978.73
edge:declared:db.HrmSelectiveWorkSchedule:selective_work	5521.23,19144.74 5390.51,19009.09
edge:declared:db.HrmSelectiveWorkSettlementConfig:selective_work	4825.76,19367.55 5289.00,19009.09
edge:declared:db.HrmSigner:hrm	3046.44,14615.02 3601.71,15246.42
edge:declared:db.HrmSlackChannelConfig:integration	3127.91,15639.37 3123.58,15895.34
edge:declared:db.HrmSlackIntegration:hrm	3145.67,15895.34 3627.43,15528.42
edge:declared:db.HrmStaffNote:hrm	3337.77,14615.02 3667.15,15246.42
edge:declared:db.HrmStaggeredWorkSchedule:staggered_work	4937.00,20464.92 4413.10,19428.04
edge:declared:db.HrmStandardWork:hrm	3033.23,16181.48 3636.93,15528.42
edge:declared:db.HrmStandardWorkSchedule:standard_work	2625.03,17106.49 2996.83,16255.48
edge:declared:db.HrmTag:hrm_set	3052.67,14731.02 3577.97,15246.42
edge:declared:db.HrmWorkAutoClockOutConfig:work	4839.52,18667.73 5144.87,18675.30
edge:declared:db.HrmWorkBase:emp_set	5404.87,18619.08 7329.32,17735.41
edge:declared:db.HrmWorkBase:hrm	5244.18,18617.52 3784.95,15528.42
edge:declared:db.HrmWorkIndividualApprovalTemplateRelation:work	6135.68,19323.08 5356.34,18739.52
edge:declared:db.HrmWorkLocation:hrm	6561.58,14449.08 3874.02,15343.05
edge:declared:db.HrmWorkLocationGpsConfig:work_location	8515.04,14494.12 6809.58,14414.71
edge:declared:db.HrmWorkOvertime:work	4905.27,18561.19 5144.87,18637.25
edge:declared:db.IBKSignupChannel:ibk_user_login_token	24685.04,13378.01 24657.37,13317.61
edge:declared:db.IBKUserLoginToken:ibk_user	24659.26,13243.61 24663.91,13160.81
edge:declared:db.IaAccountInfo:investment_association	31311.16,17761.22 28556.97,15973.91
edge:declared:db.IaCertificateOfInvestmentDocument:partner	33868.44,18162.13 35301.81,17892.21
edge:declared:db.IaCertificateOfInvestmentDocumentRecipient:certificate_of_investment_document_email	1840.93,20019.35 1815.40,20128.66
edge:declared:db.IaConfirmationRequest:investment_association	22499.77,18050.23 28248.97,15930.53
edge:declared:db.IaConfirmationRequest:partner_list_file	22195.75,18099.06 20541.18,18109.80
edge:declared:db.IaConsentForm:consent_form_or_meeting	32753.74,18271.79 30729.46,19017.94
edge:declared:db.IaConsentFormDocument:consent_form	33982.44,18191.55 33003.67,18230.91
edge:declared:db.IaConsentFormDocument:partner	34352.44,18148.56 35301.81,17899.38
edge:declared:db.IaConsentFormOrMeeting:investment_association	30545.06,19017.94 28490.33,16006.97
edge:declared:db.IaConsentFormOrMeetingDocumentGeneration:consent_form_or_meeting	31092.27,18961.42 30772.37,19043.87
edge:declared:db.IaConsentFormOrMeetingDocumentGenerationItem:document	32057.32,18960.44 32639.24,19063.37
edge:declared:db.IaConsentFormOrMeetingDocumentGenerationItem:generation	31777.84,18935.62 31435.27,18926.31
edge:declared:db.IaConsentFormOrMeetingElectronicSignatureRequest:document	29193.16,21129.39 31392.67,19866.09
edge:declared:db.IaConsentFormOrMeetingElectronicSignatureRequestModusignDocument:electronic_signature_request	27672.70,20002.52 28797.16,21112.83
edge:declared:db.IaConsentFormOrMeetingElectronicSignatureRequestModusignEmbeddedDraft:electronic_signature_request	25768.17,23599.54 28852.20,21204.96
edge:declared:db.IaConsentFormOrMeetingElectronicSignatureRequestStatusHistory:electronic_signature_request	29183.49,21610.91 29005.91,21204.96
edge:declared:db.IaConsentFormOrMeetingElectronicSignatureRequestUploadedModusignDocument:electronic_signature_request	27278.86,21329.36 28848.48,21204.96
edge:declared:db.IaConsentFormOrMeetingElectronicSignatureRequiredDocument:consent_form_or_meeting	31171.99,19760.09 30602.55,19123.94
edge:declared:db.IaConsentFormOrMeetingElectronicSignatureRequiredDocument:edited_file	30996.67,19779.85 20541.18,18145.71
edge:declared:db.IaConsentFormOrMeetingElectronicSignatureRequiredDocument:partner	31392.67,19760.09 35301.81,17976.09
edge:declared:db.IaConsentFormOrMeetingEsigRequiredDocumentPageRange:esig_required_document	31706.40,19242.47 31266.88,19760.09
edge:declared:db.IaConsentFormOrMeetingEsigRequiredDocumentPageRange:page_range_document	31954.81,19195.92 32639.24,19129.40
edge:declared:db.IaConsentFormOrMeetingGuideEmail:consent_form_or_meeting	30987.85,18632.14 30638.73,19017.94
edge:declared:db.IaConsentFormOrMeetingGuideEmailRecipient:consent_form_or_meeting_guide_email	30994.97,18374.18 31023.25,18558.14
edge:declared:db.IaDocumentArchive:investment_association	29962.49,13930.85 28509.71,15740.97
edge:declared:db.IaDocumentArchiveAttachment:ia_document_archive	29688.16,14020.11 29903.09,13930.85
edge:declared:db.IaExpertPartnerBulkEmailTemplate:legal_partner	20959.31,14977.97 21690.44,14069.06
edge:declared:db.IaFoundingProgressStatus:investment_association	29566.39,17033.31 28536.44,16006.97
edge:declared:db.IaGpAppointmentEvent:partner	32527.31,17409.11 35301.81,17841.71
edge:declared:db.IaGpTerminationEvent:appointment_event	32641.48,17718.03 32432.99,17430.06
edge:declared:db.IaGpTerminationEvent:partner	32795.16,17764.51 35301.81,17860.15
edge:declared:db.IaInvestmentCertificateRegistrationRequest:partner	35584.71,19690.41 35466.79,17976.09
edge:declared:db.IaLegalPartnerRelation:investment_association	25487.14,14448.15 28248.97,15798.67
edge:declared:db.IaLegalPartnerRelation:legal_partner	25293.47,14394.87 21959.59,13965.31
edge:declared:db.IaMeeting:consent_form_or_meeting	30817.03,21601.02 30594.35,19123.94
edge:declared:db.IaMeetingAgenda:meeting	32301.51,20620.12 30909.67,21601.02
edge:declared:db.IaMeetingAgendaVote:agenda	32144.17,23003.25 32370.49,20620.12
edge:declared:db.IaMeetingAgendaVote:electronic_signature	32104.12,23003.25 29041.90,21204.96
edge:declared:db.IaMeetingAgendaVote:partner	32166.59,23003.25 35388.88,17976.09
edge:declared:db.IaMeetingConvocationNoticeEmail:ia_meeting	31974.01,22457.05 30829.10,21723.02
edge:declared:db.IaMeetingConvocationNoticeRecipient:convocation_notice_email	31379.34,21945.74 31985.49,22457.05
edge:declared:db.IaMeetingMinutesDocument:meeting	32011.79,20010.45 30835.64,21601.02
edge:declared:db.IaMeetingNoticeDocument:meeting	31653.33,19812.07 30820.43,21601.02
edge:declared:db.IaMeetingSealedNoticeDocumentFile:ia_meeting	27151.02,19245.10 30807.14,21601.02
edge:declared:db.IaMeetingShortenPeriodDocument:meeting	33685.64,18351.61 30845.59,21601.02
edge:declared:db.IaMeetingShortenPeriodDocument:partner	33901.02,18269.61 35301.81,17901.78
edge:declared:db.IaModusignDocumentUsageHistory:investment_association	25380.59,13188.94 28253.26,15740.97
edge:declared:db.IaOperation:_deprecated_investment_association	31650.73,15617.86 28556.97,15861.83
edge:declared:db.IaOperation:ia_operation_management	31742.45,15645.56 31607.67,15835.27
edge:declared:db.IaOperationManagement:investment_association	31463.39,15872.33 28556.97,15873.89
edge:declared:db.IaOwner:investment_association	31370.95,16769.81 28556.97,15920.45
edge:declared:db.IaOwner:partner	31622.95,16842.06 35301.81,17824.45
edge:declared:db.IaOwnerAuditLog:investment_association	23526.01,1670.00 28357.30,15740.97
edge:declared:db.IaPartnerDataCollection:investment_association	25535.92,17163.79 28248.97,15943.25
edge:declared:db.IaPartnerDataCollectionItem:address	24170.72,17463.99 23332.19,18514.69
edge:declared:db.IaPartnerDataCollectionItem:ia_partner_data_collection	24342.49,17398.75 25320.78,17226.73
edge:declared:db.IaPartnerDataCollectionItemReply:address	24166.86,17587.99 23343.97,18514.69
edge:declared:db.IaPartnerDataCollectionItemReply:ia_partner_data_collection	24353.61,17505.99 25320.78,17239.11
edge:declared:db.IaPartnerDataCollectionItemReply:ia_partner_data_collection_item	24205.49,17505.99 24205.49,17463.99
edge:declared:db.IaPartnerInvestmentConfirmation:partner	32281.37,16463.22 35301.81,17796.84
edge:declared:db.IaPartnerInvestmentConfirmationEmailRecipient:ia_partner_investment_confirmation_email	13408.97,2612.72 13333.54,2679.58
edge:declared:db.IaPartnerWithdrawalEvent:partner	35526.65,17519.10 35481.13,17758.09
edge:declared:db.IaPaymentLink:investment_association	26099.62,12052.53 28322.81,15740.97
edge:declared:db.IaPfCompany:investment_association	28650.94,16557.80 28451.20,16006.97
edge:declared:db.IaPfCompanyInvestment:ia_pf_company	29227.10,22265.55 28668.03,16631.80
edge:declared:db.IaPfCompanyInvestmentSalesIntent:ia_pf_company_investment	30963.27,22569.30 29355.17,22325.36
edge:declared:db.IaPfCompanyInvestmentStock:ia_pf_company_investment	28768.55,22624.78 29171.57,22347.55
edge:declared:db.IaQuestionThread:investment_association	21784.31,11812.78 28248.97,15779.48
edge:declared:db.IaRule:address	24407.19,18797.51 23380.20,18661.07
edge:declared:db.IaRule:file	24407.19,18793.60 20541.18,18145.91
edge:declared:db.IaRule:investment_association	24587.85,18754.56 28292.51,16006.97
edge:declared:db.IaRuleCompensation:rule	26394.37,19250.81 24667.19,18862.63
edge:declared:db.IaRuleDocument:rule	31151.36,19137.82 24667.19,18833.02
edge:declared:db.IaRuleInvestment:rule	26605.56,18552.98 24642.62,18754.56
edge:declared:db.IaRuleMeeting:rule	25327.19,19438.60 24469.36,18876.56
edge:declared:db.IaRulePartner:rule	25978.03,19282.69 24584.27,18876.56
edge:declared:db.IaSealStamp:image_file	22253.25,18218.21 20541.18,18121.51
edge:declared:db.IaSealStamp:investment_association	22482.73,18182.23 28248.97,15933.83
edge:declared:db.IaSealStampImage:seal_stamp	21594.22,18188.18 22253.25,18222.05
edge:declared:db.IaUserInvitation:ia_owner	31170.21,16131.70 31477.14,16766.84
edge:declared:db.IaUserInvitation:investment_association	31026.40,16080.92 28556.97,15886.12
edge:declared:db.IaUserInvitationInvitee:_deprecated_individual_partner	33642.39,15918.53 33175.23,16394.65
edge:declared:db.IaUserInvitationInvitee:invitation	33566.47,15880.33 31274.40,16079.90
edge:declared:db.IaUserInvitationInvitee:legal_representative	33691.06,15918.53 33695.84,16316.31
edge:declared:db.IaUserInvitationInvitee:manager	33650.80,15918.53 33164.95,16518.65
edge:declared:db.IaUserInvitationInvitee:partner	33733.37,15918.53 35363.38,17758.09
edge:declared:db.IaWrittenResolutionDocument:meeting	34131.05,18351.61 30855.40,21601.02
edge:declared:db.IaWrittenResolutionDocument:partner	34311.82,18269.61 35301.81,17911.67
edge:declared:db.ImAccessLog:investor_matching	28018.00,9700.18 26706.44,9061.91
edge:declared:db.ImAccessLog:venture_capital	28212.03,9757.83 34062.21,10781.40
edge:declared:db.ImAttachment:investor_matching	30339.90,9667.04 26706.44,9018.17
edge:declared:db.ImAttachmentDownloadLog:attachment	32243.41,10405.79 30565.71,9730.18
edge:declared:db.ImAttachmentDownloadLog:venture_capital	32453.29,10465.69 34062.21,10777.89
edge:declared:db.ImAttachmentPdfEvent:attachment	31734.04,9881.83 30587.90,9707.99
edge:declared:db.ImAttachmentPdfEvent:pdf_event	31774.27,9859.64 31309.26,9632.03
edge:declared:db.ImAttachmentPdfEvent:venture_capital	31965.29,9941.64 34062.21,10743.25
edge:declared:db.ImBrokerAssignment:_deprecated_assigned_companies	27285.85,9914.57 16860.15,10810.38
edge:declared:db.ImBrokerAssignment:assigned_investors	27533.85,9920.43 34062.21,10789.11
edge:declared:db.ImBrokerAssignment:im_broker	27533.85,9932.10 29931.33,10476.68
edge:declared:db.ImBrokerAssignment:investor_matching	27364.38,9854.93 26650.73,9085.81
edge:declared:db.ImBrokerAssignmentInvitedUser:broker_assignment	29336.61,10077.56 27533.85,9915.10
edge:declared:db.ImBrokerAssignmentInvitedUser:venture_capital	29613.61,10111.04 34062.21,10785.69
edge:declared:db.ImConsultingRequest:company	25396.73,7055.79 16860.15,10744.72
edge:declared:db.ImConsultingRequest:investor_matching	25514.00,7055.79 26514.01,8899.81
edge:declared:db.ImContactRequest:investor_matching	28291.37,9696.18 26706.44,9050.65
edge:declared:db.ImContactRequest:venture_capital	28516.03,9759.98 34062.21,10779.76
edge:declared:db.ImContactRequestIntention:im_contact_request	28144.26,9500.98 28349.02,9696.18
edge:declared:db.ImDay:recipients	30771.19,9023.97 30610.33,8525.07
edge:declared:db.ImDay:venture_capitals	30884.37,9121.97 34062.21,10721.00
edge:declared:db.ImDayParticipation:im_day	30552.24,8814.40 30742.50,9023.97
edge:declared:db.ImDayParticipation:investor_matching	30383.75,8772.55 26706.44,8984.62
edge:declared:db.ImDayParticipation:venture_capital	30597.19,8814.40 34062.21,10712.78
edge:declared:db.ImDayParticipationAttachment:participation	30037.11,8176.02 30468.62,8716.40
edge:declared:db.ImDaySurvey:im_day	28773.32,8946.22 30662.99,9065.16
edge:declared:db.ImDaySurvey:investor_matching	28537.32,8941.84 26706.44,8989.14
edge:declared:db.ImDisclosing:investor_matching	27362.15,7577.42 26616.85,8899.81
edge:declared:db.ImInvestorBroker:venture_capital	32186.45,10663.59 34062.21,10800.19
edge:declared:db.ImInvestorMemo:investor_matching	28028.55,9820.18 26706.44,9073.05
edge:declared:db.ImInvestorMemo:venture_capital	28212.03,9875.52 34062.21,10784.99
edge:declared:db.ImIrPartnerBrokerOwnerRelation:im_ir_partner_broker	28513.14,10467.26 28724.02,10396.42
edge:declared:db.ImNote:investor_matching	27104.52,8341.48 26641.56,8899.81
edge:declared:db.ImTag:investor_matching_set	28342.95,8374.30 26706.44,8943.43
edge:declared:db.ImWatching:_deprecated_investor_matching	27376.62,9994.93 26639.81,9085.81
edge:declared:db.ImWatching:company	27285.85,10045.05 16860.15,10812.71
edge:declared:db.ImWatching:venture_capital	27533.85,10050.04 34062.21,10792.66
edge:declared:db.InauguralConsentDocument:director_change_agenda	13883.47,22748.52 14531.39,22534.92
edge:declared:db.IncorporationBenefitRequest:incorporation_request	21681.82,15016.37 21497.09,15086.17
edge:declared:db.IncorporationBenefitRequest:tax_partner	21787.90,14942.37 21792.67,14069.06
edge:declared:db.IncorporationRequest:address	21497.09,15244.72 23197.19,18514.69
edge:declared:db.IncorporationRequest:balance_certificate_account_file	21312.89,15244.72 20426.00,17896.81
edge:declared:db.IncorporationRequest:balance_certificate_account_holder	21358.68,15244.72 21392.39,17568.73
edge:declared:db.IncorporationRequest:company	21235.24,15034.72 16860.15,11001.91
edge:declared:db.IncorporationRequest:company_question_thread	21286.52,15034.72 19154.48,13107.39
edge:declared:db.IncorporationRequestAoiFile:incorporation_request	21613.28,14863.95 21433.28,15034.72
edge:declared:db.IncorporationRequestAssistance:incorporation_request	21643.58,15111.09 21497.09,15127.37
edge:declared:db.IncorporationRequestAssistance:legal_partner	21787.90,15058.37 21793.95,14069.06
edge:declared:db.IncorporationRequestAssistanceReceipt:incorporation_request_assistance	21442.53,16378.01 21772.37,15140.37
edge:declared:db.IncorporationRequestDirector:address	21428.52,17526.73 23119.23,18514.69
edge:declared:db.IncorporationRequestDirector:incorporation_request	21393.21,17452.73 21359.45,15244.72
edge:declared:db.IncorporationRequestPromoter:address	21441.82,17666.73 23111.51,18514.69
edge:declared:db.IncorporationRequestPromoterCustodian:address	22596.03,17974.88 23140.76,18514.69
edge:declared:db.IncorporationRequestPromoterCustodian:promoter	22485.42,17900.88 21509.85,17666.73
edge:declared:db.IncorporationRequestPromoterInstitutionCeo:promoter	22414.41,15754.67 21435.39,17568.73
edge:declared:db.IncorporationRequestPurpose:incorporation_request	20948.25,15157.53 21201.09,15148.63
edge:declared:db.IndividualInvestorCompanyCeo:company_info	25859.93,22363.18 24958.60,23298.94
edge:declared:db.IndividualInvestorCompanyInfo:address	24901.91,23298.94 23304.81,18764.69
edge:declared:db.IndividualInvestorCompanyInfo:company	24974.93,23380.94 29609.59,26074.41
edge:declared:db.IndividualInvestorCompanyName:non_unified_share_company	31682.89,26167.94 29814.47,26141.27
edge:declared:db.IndividualInvestorCompanyParValue:non_unified_share_company	29009.36,26182.17 29554.47,26147.64
edge:declared:db.IndividualInvestorCompanyShareClass:non_unified_share_company	29560.55,28679.40 29681.30,26204.41
edge:declared:db.IndividualInvestorCompanyShareStock:_deprecated_non_unified_stock_create_request	29103.71,26581.12 28898.92,29676.67
edge:declared:db.IndividualInvestorCompanyShareStock:_deprecated_stock_unissued_confirmation_file	29106.79,26581.12 29092.52,31031.78
edge:declared:db.IndividualInvestorCompanyShareStock:management_history	29077.61,26581.12 28177.20,28608.22
edge:declared:db.IndividualInvestorCompanyShareStock:non_unified_share_company	29179.01,26483.12 29588.88,26204.41
edge:declared:db.IndividualInvestorCompanyShareStock:share_class	29117.09,26581.12 29551.09,28679.40
edge:declared:db.IndividualInvestorEvent:company	33498.53,29570.19 29756.73,26204.41
edge:declared:db.IndividualInvestorStakeholder:address	24902.69,23422.94 23302.44,18764.69
edge:declared:db.IndividualInvestorStakeholder:company	24976.67,23504.94 29606.84,26074.41
edge:declared:db.IndividualInvestorUser:address	24412.53,20214.68 23327.82,18764.69
edge:declared:db.IndividualStockOption:company	28169.63,23843.45 29641.58,26074.41
edge:declared:db.IndividualStockOption:create_request	28262.02,23757.55 28933.84,23608.19
edge:declared:db.IndividualStockOption:grantee	28117.45,23729.45 27808.68,22521.32
edge:declared:db.IndividualStockOptionCreateRequestEtcFile:create_request	29891.61,23541.45 29247.84,23567.05
edge:declared:db.IndividualStockOptionGrantContract:individual_stock_option	27821.66,23427.74 28082.70,23729.45
edge:declared:db.IndividualStockOptionGrantee:stakeholder	27668.22,22501.33 25064.70,23446.15
edge:declared:db.IndividualStockOptionResumeEvent:pause_event	30628.40,31267.65 29990.99,28783.23
edge:declared:db.IndividualStockOptionSalesIntent:individual_stock_option	30844.00,23695.84 28262.02,23782.11
edge:declared:db.IndividualStockOptionVesting:individual_stock_option	28734.39,24237.01 28208.23,23843.45
edge:declared:db.IndividualStockOptionVestingItem:individual_stock_option_vesting	28873.68,24055.51 28799.07,24237.01
edge:declared:db.IndividualStockOptionVestingTraceable:individual_stock_option	28469.07,23372.29 28178.41,23729.45
edge:declared:db.InputSignupChannel:input_channel	24784.04,14023.62 25153.55,14227.92
edge:declared:db.InstitutionStakeholderManager:institution_stakeholder	11878.12,21847.92 11897.75,21384.87
edge:declared:db.InternetRegistryOfficeOtp:company	17661.88,15495.70 16707.92,11043.68
edge:declared:db.InternetRegistryOfficeOtp:director	17638.71,15577.70 17246.64,15581.47
edge:declared:db.InternetRegistryOfficeOtpReturnRequest:internet_registry_office_otp	22322.13,19976.16 17795.02,15577.70
edge:declared:db.InternetRegistryOfficeOtpReturnRequest:recipient_address	22390.60,19976.16 23173.72,18764.69
edge:declared:db.InvestmentAgreement:document	16690.88,16967.08 18480.05,14382.43
edge:declared:db.InvestmentAgreement:stakeholder	16580.79,17041.08 11989.61,19052.72
edge:declared:db.InvestmentAgreementDocument:company	18488.35,14284.43 16783.79,11043.68
edge:declared:db.InvestmentAgreementDocument:pdf_file	18538.14,14382.43 20244.32,17896.81
edge:declared:db.InvestmentAssociation:venture_capital	28556.55,15740.97 34062.21,10972.94
edge:declared:db.InvestmentAssociationDocument:investment_association	32705.30,19061.50 28556.97,15996.06
edge:declared:db.InvestmentAssociationEvent:investment_association	30529.11,17065.97 28556.97,15960.31
edge:declared:db.InvestmentAssociationIndividualPartnerLegalRepresentative:ward	33498.28,16382.36 33309.00,16410.12
edge:declared:db.InvestmentAssociationOrganizationPartnerCeo:organization_partner	35003.74,16088.88 34540.47,16106.71
edge:declared:db.InvestmentAssociationOrganizationPartnerCorporationSignerCeo:corporation	34984.53,13869.91 34890.74,13788.86
edge:declared:db.InvestmentAssociationOrganizationPartnerManager:organization_partner	31964.28,14481.88 34287.06,16064.70
edge:declared:db.InvestmentAssociationOrganizationPartnerSigner:_deprecated_manager	34090.70,14060.28 32107.98,14409.96
edge:declared:db.InvestmentAssociationOrganizationPartnerSigner:organization_partner	34290.21,14070.36 34357.32,16064.70
edge:declared:db.InvestmentAssociationPartner:address	35301.81,17888.39 23380.20,18625.69
edge:declared:db.InvestmentAssociationPartner:investment_association	35301.81,17822.37 28556.97,15917.84
edge:declared:db.InvestmentAssociationPartnerManager:partner	33199.65,16592.65 35301.81,17777.23
edge:declared:db.InvestmentAssociationPartnerResume:partner	36751.69,16003.70 35534.21,17758.09
edge:declared:db.InvestmentAssociationPartnerResume:signer	36727.33,15921.70 34346.57,14070.36
edge:declared:db.InvestmentAssociationPartnerResumeItem:resume	36906.16,15559.93 36792.89,15921.70
edge:declared:db.InvestmentAssociationPartnerSalesIntent:partner	33569.73,22109.78 35410.27,17976.09
edge:declared:db.InvestmentAssociationShare:investment_association	31388.32,16890.84 28556.97,15926.43
edge:declared:db.InvestmentAssociationShare:partner	31616.95,16956.79 35301.81,17829.22
edge:declared:db.InvestmentRound:company	16639.53,8271.83 16668.85,10609.68
edge:declared:db.InvestmentRoundNewIssueEvent:investment_round	16840.58,7844.75 16660.66,8189.83
edge:declared:db.InvestmentRoundNewIssueEvent:new_issue_event	16871.83,7770.75 16899.38,7685.47
edge:declared:db.InvestmentSimulation:company	16375.09,4096.13 16661.13,10609.68
edge:declared:db.InvestmentSimulationInitialOption:option_grantee	12918.68,3822.59 13329.68,3951.26
edge:declared:db.InvestmentSimulationInitialOptionGrantee:simulation	13626.87,3992.11 16249.22,4048.47
edge:declared:db.InvestmentSimulationInitialShareholder:simulation	11876.59,3015.32 16249.22,4022.57
edge:declared:db.InvestmentSimulationInitialStock:shareholder	10174.17,590.03 11692.08,2941.32
edge:declared:db.InvestmentSimulationInvestor:simulation_round	18355.99,562.29 15240.11,3420.57
edge:declared:db.InvestmentSimulationNewIssueInvestment:investor	17579.03,2647.36 18391.08,562.29
edge:declared:db.InvestmentSimulationPurchaseInvestment:investor	20816.75,2453.13 18449.62,562.29
edge:declared:db.InvestmentSimulationPurchaseSellStock:seller	21183.08,2066.33 20880.69,2453.13
edge:declared:db.InvestmentSimulationRound:simulation	15272.93,3494.57 16284.26,4006.13
edge:declared:db.InvestorInterest:venture_capital	35495.72,12109.71 34430.21,11004.45
edge:declared:db.InvestorMatching:_deprecated_excluded_companies	26422.44,9019.09 16860.15,10791.51
edge:declared:db.InvestorMatching:excluded_investors	26706.44,9026.47 34062.21,10769.98
edge:declared:db.InvestorRelations:previous_investors	28477.34,5048.03 34062.21,10629.70
edge:declared:db.InvestorRelationsSurvey:_deprecated_preferred_investors	31702.52,7855.40 34069.93,10608.59
edge:declared:db.InvestorRelationsSurvey:investor_relations	31628.30,7781.40 28496.09,5048.03
edge:declared:db.InvitationSeat:allocated_seat	10635.00,12164.01 10562.18,13531.01
edge:declared:db.InvitationSeat:invitation_seat_request	10652.37,12090.01 11756.09,9437.45
edge:declared:db.InvitationSeatRequest:company	11897.15,9432.78 16480.15,10771.01
edge:declared:db.IrAiAnalysis:investor_relations	28959.99,4393.93 28498.55,4790.03
edge:declared:db.IrAiAnalysisLike:ai_analysis	29397.00,3869.40 29032.99,4319.93
edge:declared:db.IrAiSummary:investor_relations	29631.92,4755.23 28502.27,4899.38
edge:declared:db.IrAlert:ir_set	31926.38,7777.40 28502.27,5042.05
edge:declared:db.IrAlert:venture_capital	32008.75,7859.40 34090.95,10608.59
edge:declared:db.IrAlertInvestorRelations:investor_relations	31087.67,6872.06 28502.27,5028.82
edge:declared:db.IrAlertInvestorRelations:ir_alert	31173.67,6946.06 31939.91,7777.40
edge:declared:db.IrApproval:investor_relations	28436.25,4314.05 28367.03,4790.03
edge:declared:db.IrApprovalNotificationDismiss:ir_approval	28532.39,3906.14 28450.68,4240.05
edge:declared:db.IrBrokerActivity:investor_relations	28783.55,6733.10 28379.22,5048.03
edge:declared:db.IrBrokerActivity:vc_user_relations	28831.45,6807.10 30548.36,8435.07
edge:declared:db.IrClosing:investor_relations	30293.69,3897.60 28502.27,4838.17
edge:declared:db.IrCommittedInvestmentAmount:investor_relations	31629.99,7901.40 28490.22,5048.03
edge:declared:db.IrCommittedInvestmentAmount:venture_capital	31703.84,7975.40 34062.58,10608.59
edge:declared:db.IrCompanyCreate:company	23769.47,7178.45 16860.15,10729.25
edge:declared:db.IrFeed:investor_relations	27711.47,5088.49 28194.27,4960.01
edge:declared:db.IrFeedAccessLog:ir_feeds	27883.36,5243.64 27696.48,5166.49
edge:declared:db.IrFeedAccessLog:venture_capital	28014.94,5317.64 34062.21,10651.30
edge:declared:db.IrFeedRating:ir_feed	27676.96,4916.27 27607.09,5076.49
edge:declared:db.IrFundRaising:investor_relations	32734.16,4914.02 28502.27,4918.85
edge:declared:db.IrFundRaising:venture_capital	32868.75,4958.88 34197.98,10608.59
edge:declared:db.IrFundRaisingMemo:fund_raising	32178.55,5205.15 32753.16,4958.88
edge:declared:db.IrFundRaisingStageLog:fund_raising	32336.86,2136.87 32849.71,4868.88
edge:declared:db.IrInsightClub:pitching_day_hall	32594.25,6408.06 32383.69,6344.36
edge:declared:db.IrInsightClub:venture_capitals	32732.59,6486.58 34174.50,10608.59
edge:declared:db.IrInsightClubParticipation:investor_relations	31932.02,5493.54 28502.27,4943.72
edge:declared:db.IrInsightClubParticipation:ir_insight_club	32093.25,5559.30 32689.34,6404.58
edge:declared:db.IrInsightClubParticipationAttendee:ir_insight_club_participation	31735.21,5119.24 32024.35,5469.30
edge:declared:db.IrInsightClubSurvey:ir_insight_club_participation	32380.76,5582.43 32191.02,5541.94
edge:declared:db.IrInvestorFeedback:venture_capital	34359.47,11162.82 34312.69,11018.59
edge:declared:db.IrNote:investor_relations	29923.92,4752.63 28502.27,4902.77
edge:declared:db.IrSearchMetadata:investor_relations	29631.92,4861.46 28502.27,4912.12
edge:declared:db.IrSubscription:company	14860.50,5428.19 16598.03,10609.68
edge:declared:db.IrSubscriptionMarketingRequest:ir_subscription	13462.86,5448.56 14730.20,5396.08
edge:declared:db.IrTeamMember:investor_relations	29923.92,4860.55 28502.27,4913.31
edge:declared:db.IrTranscript:investor_relations	29631.92,4967.70 28502.27,4924.87
edge:declared:db.IrosOtpIssueMeetingDocument:stakeholder	10718.21,23527.40 11782.06,19282.45
edge:declared:db.LawtalkSignup:company	19186.68,15530.76 16794.29,11043.68
edge:declared:db.LawtalkSignupAttachment:lawtalk_signup	19306.99,16028.94 19221.80,15604.76
edge:declared:db.LedgerByCustomerDocument:new_issue	18039.89,24941.76 16867.30,22855.95
edge:declared:db.LegalPartner:address_for_express_delivery	21925.83,13819.06 22663.12,12920.17
edge:declared:db.LegalPartner:logo	21759.07,14069.06 20431.94,17896.81
edge:declared:db.LegalPartnerEmail:legal_partner	22157.30,14361.46 21876.99,14069.06
edge:declared:db.LegalPartnerPaypleSettings:legal_partner	22494.51,14361.46 21959.59,14058.20
edge:declared:db.LegalPartnerRegistrationAssistanceSettings:legal_partner	22161.48,14477.46 21862.87,14069.06
edge:declared:db.LegalPartnerSignupChannel:legal_partner	23074.67,13714.70 21959.59,13905.83
edge:declared:db.LegalPartnerSlackChannels:legal_partner	22504.38,14477.46 21940.88,14069.06
edge:declared:db.LegalPartnerUserRelation:legal_partner	22164.28,14593.46 21853.41,14069.06
edge:declared:db.ManualOptionVestingItem:manual_option_vesting	15323.25,18394.13 15457.01,18265.25
edge:declared:db.Meeting:company	17843.20,16891.86 16706.16,11043.68
edge:declared:db.Meeting:electronic_signature_selected_ceo	17818.61,16891.86 17220.14,15727.47
edge:declared:db.Meeting:employee_attorney	18010.62,16918.53 18093.96,16835.98
edge:declared:db.Meeting:meeting_draft	17840.65,17125.86 17091.06,20565.56
edge:declared:db.Meeting:new_articles_of_incorporation_file	18010.62,17066.23 20161.18,18040.16
edge:declared:db.Meeting:new_corporate_registration	17923.55,16891.86 18943.39,14839.78
edge:declared:db.MeetingAttachment:meeting	18455.09,17132.38 18010.62,17018.85
edge:declared:db.MeetingDirectorContact:meeting	16612.57,17271.78 17714.62,17035.01
edge:declared:db.MeetingDirectorContact:stakeholder	16400.28,17329.63 11989.61,19060.31
edge:declared:db.MeetingDocument:directors_meeting	16069.98,26879.11 16142.29,20685.49
edge:declared:db.MeetingDocument:meeting	16241.58,26879.11 17844.68,17125.86
edge:declared:db.MeetingDocument:shareholders_meeting	16234.24,26879.11 16563.86,23297.44
edge:declared:db.MeetingDocumentCache:meeting_document	19765.98,28386.88 16389.38,27141.54
edge:declared:db.MeetingDocumentGeneration:meeting	20328.71,21099.75 17938.24,17125.86
edge:declared:db.MeetingDocumentGenerationItem:meeting_document	21327.74,27614.85 16389.38,27096.11
edge:declared:db.MeetingDocumentGenerationItem:meeting_document_generation	21456.16,27592.96 20358.70,21173.75
edge:declared:db.MeetingDocumentManualModification:meeting_document	18452.38,28502.88 16389.38,27189.16
edge:declared:db.MeetingDraft:company	17058.27,20565.56 16678.47,11043.68
edge:declared:db.MeetingDraftAgendaDirectorChange:meeting_draft	16676.46,19502.05 17015.25,20565.56
edge:declared:db.MeetingDraftAgendaDirectorChange:stakeholder	16514.56,19451.88 11989.61,19140.08
edge:declared:db.MeetingDraftAgendaDirectorCompensation:meeting_draft	15060.44,20182.35 16903.83,20658.72
edge:declared:db.MeetingDraftAgendaDirectorCompensationItem:director_compensation	14599.15,20391.48 14868.57,20182.35
edge:declared:db.MeetingDraftAgendaDirectorCompensationItem:stakeholder	14309.68,20317.48 11989.61,19187.20
edge:declared:db.MeetingDraftRegistrationAssistance:meeting_draft	17176.88,21278.05 17090.75,20855.56
edge:declared:db.MeetingDraftSchedule:meeting_draft	16518.67,20349.26 16903.83,20616.39
edge:declared:db.MembershipContentAccessLog:membership_content	2201.23,1259.04 2668.33,1804.78
edge:declared:db.MembershipContentAuthorRelation:author	26148.10,26609.10 25994.93,26373.70
edge:declared:db.MiraeassetAccount:relation	9764.60,10358.87 9886.93,10699.30
edge:declared:db.MnaBuyer:company	14500.79,5544.19 16581.67,10609.68
edge:declared:db.MnaBuyerAttachment:mna_buyer	14098.95,6998.98 14476.11,5544.19
edge:declared:db.ModusignApiLog:modusign_account	21854.78,20106.81 21877.03,20507.84
edge:declared:db.ModusignAuthentication:modusign_account	21553.28,20161.85 21851.70,20507.84
edge:declared:db.ModusignCompanyUserConnection:company	24183.27,7178.45 16860.15,10734.60
edge:declared:db.ModusignDocument:_option_grant_contract	22809.84,20718.97 20671.32,18886.65
edge:declared:db.ModusignDocument:audit_trail_file	22867.15,20710.06 20541.18,18309.38
edge:declared:db.ModusignDocumentActionHistory:modusign_document	23239.42,20584.50 23081.84,20732.83
edge:declared:db.ModusignDocumentActionHistory:modusign_document_participant	23309.49,20510.50 23171.33,20197.77
edge:declared:db.ModusignDocumentModusignAccountRelation:modusign_account	21995.16,20342.02 21961.31,20507.84
edge:declared:db.ModusignDocumentModusignAccountRelation:modusign_document	22133.94,20342.02 22809.84,20721.72
edge:declared:db.ModusignDocumentModusignApiKeyRelation:modusign_api_key	22355.33,20967.28 22204.74,21187.82
edge:declared:db.ModusignDocumentModusignApiKeyRelation:modusign_document	22476.52,20893.28 22809.84,20843.51
edge:declared:db.ModusignDocumentParticipant:modusign_document	23138.25,20197.77 22982.48,20710.06
edge:declared:db.ModusignEmbeddedDraft:modusign_account	21862.56,23105.43 21884.12,20605.84
edge:declared:db.ModusignEmbeddedDraft:modusign_api_key	21880.63,23105.43 22174.78,21261.82
edge:declared:db.ModusignEmbeddedDraft:modusign_document	21904.92,23105.43 22898.43,20872.06
edge:declared:db.ModusignExceededSignings:company	23042.71,7294.45 16860.15,10721.61
edge:declared:db.ModusignIaUserConnection:investment_association	28824.77,14913.60 28461.38,15740.97
edge:declared:db.NaverWorkplaceEmployee:naver_workplace_company	25479.79,13828.97 25630.04,13932.76
edge:declared:db.NcpSignupChannel:naver_workplace_company	25432.78,13944.33 25565.61,13957.80
edge:declared:db.NewIssueNoticeEmail:new_issue	12713.13,23256.08 16595.30,22713.67
edge:declared:db.NewIssueNoticeEmailRecipient:bulk_email_recipient	12930.82,22723.02 19780.06,18599.35
edge:declared:db.NewIssueNoticeEmailRecipient:email	12989.27,22805.02 12561.32,23174.08
edge:declared:db.NewIssueNoticeEmailRecipient:shareholder	12989.27,22805.02 12448.12,23337.47
edge:declared:db.NewIssueSkipNoticeDocument:new_issue_agenda	18492.89,24937.76 16867.30,22855.95
edge:declared:db.NewIssueSkipNoticeDocument:shareholder	18492.87,24937.76 12512.13,23467.47
edge:declared:db.NewIssueStockAcceptanceDocument:new_issue_item	18613.17,26464.34 18840.50,26505.42
edge:declared:db.NewIssueStockAllocationDocument:bonus_issue_agenda	18075.89,25061.76 17530.12,20315.23
edge:declared:db.NewIssueStockAllocationDocument:new_issue_agenda	18061.06,25061.76 16867.30,22855.95
edge:declared:db.NewIssueStockAllocationRecordDateNoticeDocument:bonus_issue_agenda	18436.35,25882.19 17530.12,20315.23
edge:declared:db.NewIssueStockSubscriptionDocument:new_issue_item	18183.67,26555.25 18840.50,26523.54
edge:declared:db.NewIssueStockUnissuedConfirmationDocument:new_issue_item	18635.67,26539.71 18840.50,26532.83
edge:declared:db.NonUnifiedShareCreateRequest:stock_unissued_confirmation_file	28902.46,29766.67 29085.86,31031.78
edge:declared:db.NonUnifiedShareEtcFile:create_request	28670.89,28808.72 28884.85,29676.67
edge:declared:db.NonUnifiedShareEtcFile:management_history	28631.78,28734.72 28188.41,28714.22
edge:declared:db.NonUnifiedShareManagement:non_unified_share_company	29156.10,26623.12 29613.47,26204.41
edge:declared:db.NonUnifiedShareManagementHistory:create_request	28170.51,28714.22 28874.67,29676.67
edge:declared:db.NonUnifiedShareManagementHistory:management	28180.14,28608.22 29077.50,26713.12
edge:declared:db.NonUnifiedShareManagementHistory:renew_request	28071.30,28608.22 27906.85,28553.20
edge:declared:db.NonUnifiedShareManagementHistory:stock_unissued_confirmation_file	28162.51,28714.22 29077.91,31031.78
edge:declared:db.NonUnifiedShareManagementSalesIntent:non_unified_share_management	30076.85,25765.17 29155.29,26623.12
edge:declared:db.NonUnifiedShareSucPoaDocument:modusign_document	23851.41,22552.74 23433.92,22248.30
edge:declared:db.NonUnifiedShareSucPoaDocument:request	24078.02,22634.74 27891.35,28463.20
edge:declared:db.NonUnifiedShareSucPoaDocument:user_address	23869.05,22552.74 23300.92,18764.69
edge:declared:db.NonUnifiedShareSucRenewRequest:management	27897.34,28463.20 29053.49,26713.12
edge:declared:db.NonUnifiedShareSucRenewRequest:renew_stock_unissued_confirmation_file	27862.88,28553.20 29073.38,31031.78
edge:declared:db.NotarizationPoA:meeting	16381.62,23787.32 16447.00,23297.44
edge:declared:db.NotarizationPoaDirectorSigner:director	16352.60,23515.41 16077.48,23430.55
edge:declared:db.NotarizationPoaDirectorSigner:notarization_poa	16395.58,23589.41 16313.54,23787.32
edge:declared:db.NotarizationPoaShareholderSigner:notarization_poa	16702.80,23791.22 16491.51,23869.32
edge:declared:db.NotarizationPoaShareholderSigner:shareholder	16956.74,23791.22 17332.31,23946.78
edge:declared:db.Notification:company	14860.77,5544.19 16596.45,10609.68
edge:declared:db.NotificationInbox:notification	15787.82,7024.70 14871.11,5544.19
edge:declared:db.Option:company	16536.23,14972.26 16663.94,11043.68
edge:declared:db.Option:grantee	16517.36,15062.26 15003.32,18882.81
edge:declared:db.Option:sealed_contract_file	16590.45,15062.26 20161.18,17959.79
edge:declared:db.Option:source_meeting	16560.18,15062.26 17796.98,16891.86
edge:declared:db.OptionAdjustment:event	16178.23,12146.92 16324.09,16101.06
edge:declared:db.OptionContractTemplatePermission:company	23371.76,7294.45 16860.15,10726.76
edge:declared:db.OptionExerciseClaim:company	12924.56,17289.16 16544.07,11043.68
edge:declared:db.OptionExerciseClaim:financial_account	12917.68,17289.16 12805.18,16571.20
edge:declared:db.OptionExerciseClaimAttachment:attachment_setting_item	13715.77,17123.05 14051.24,16967.32
edge:declared:db.OptionExerciseClaimAttachment:option_exercise_claim	13434.77,17174.49 13016.79,17289.16
edge:declared:db.OptionExerciseClaimCandidate:option_exercise_claim	13168.84,17159.71 12991.59,17289.16
edge:declared:db.OptionExerciseClaimCandidate:option_exercise_management	13378.39,17090.26 14548.75,15401.90
edge:declared:db.OptionExerciseClaimCandidate:option_grantee	13373.81,17159.71 14851.06,18882.81
edge:declared:db.OptionExerciseClaimCandidate:stock_subscription_file	13378.39,17137.71 20161.18,18081.91
edge:declared:db.OptionExerciseClaimDocumentSetting:management	14460.07,15926.85 14550.51,15401.90
edge:declared:db.OptionExerciseClaimEventRelation:_deprecated_payment	13000.32,17744.56 13096.76,17692.66
edge:declared:db.OptionExerciseClaimEventRelation:claim	12951.02,17744.56 12880.62,17419.16
edge:declared:db.OptionExerciseClaimEventRelation:event	12946.56,17826.56 12813.86,17915.08
edge:declared:db.OptionExerciseClaimMeetingDocument:exercise_claim	14371.17,21758.75 13881.55,21562.81
edge:declared:db.OptionExerciseClaimMeetingDocument:grantee	14438.15,21758.75 14748.52,21668.69
edge:declared:db.OptionExerciseClaimOption:option_exercise_claim	13118.20,17322.25 13016.79,17354.00
edge:declared:db.OptionExerciseClaimOptionTaxation:_deprecated_claim	13298.35,17454.98 13016.79,17396.19
edge:declared:db.OptionExerciseClaimOptionTaxation:claim_option	13387.14,17454.98 13263.86,17359.10
edge:declared:db.OptionExerciseClaimPayment:option_exercise_claim	13131.51,17618.66 12910.08,17419.16
edge:declared:db.OptionExerciseManagement:company	14591.67,15271.90 16566.64,11043.68
edge:declared:db.OptionExerciseManagement:excluded_institution_set	14430.67,15401.90 13137.27,15854.98
edge:declared:db.OptionExerciseManagementAttachmentSetting:management	13942.14,16528.17 14549.30,15401.90
edge:declared:db.OptionExerciseManagementAttachmentSettingItem:setting	14051.24,16893.32 14172.92,16602.17
edge:declared:db.OptionExerciseManagementCommonSetting:management	14994.37,15558.94 14633.38,15401.90
edge:declared:db.OptionExerciseManagementEmail:option_exercise_management	14806.35,15752.94 14589.78,15401.90
edge:declared:db.OptionExerciseManagementPaymentBankSetting:company	15453.39,11163.48 16480.15,10879.91
edge:declared:db.OptionExerciseManagementReminderSetting:management	15175.53,15273.81 14690.67,15297.03
edge:declared:db.OptionExerciseManagementTaxation:management	14321.61,15144.17 14430.67,15312.91
edge:declared:db.OptionExerciseManagementTaxationDefaultSetting:company	23767.12,7294.45 16860.15,10732.31
edge:declared:db.OptionGrantContract:_deprecated_template	20556.22,18772.65 19465.46,15464.31
edge:declared:db.OptionGrantContract:_grantee	20411.32,18886.65 15916.37,18982.41
edge:declared:db.OptionGrantContract:contract_file	20525.75,18772.65 20410.46,18330.81
edge:declared:db.OptionGrantContract:template_revision	20557.16,18772.65 20213.70,16044.32
edge:declared:db.OptionGrantContractModusignDocument:option_grant_contract	21633.37,19702.39 20671.32,18886.65
edge:declared:db.OptionGrantContractModusignEmbeddedDraft:option_grant_contract	20929.42,20986.43 20666.09,18886.65
edge:declared:db.OptionGrantContractStakeholder:company	19597.88,15206.72 16821.81,11043.68
edge:declared:db.OptionGrantContractTemplate:_deprecated_stakeholder	19507.72,15358.31 19601.85,15312.72
edge:declared:db.OptionGrantContractTemplate:company	19442.20,15358.31 16803.03,11043.68
edge:declared:db.OptionGrantContractTemplateDraft:company	18320.20,15512.14 16752.43,11043.68
edge:declared:db.OptionGrantContractTemplateDraft:stakeholder_set	18469.32,15512.14 19490.42,15299.30
edge:declared:db.OptionGrantContractTemplateRevision:stakeholder_set	20117.62,15954.32 19779.42,15312.72
edge:declared:db.OptionGrantContractTemplateRevision:template	20106.54,15954.32 19547.47,15464.31
edge:declared:db.OptionGrantEvent:_deprecated_grantee	15717.03,18416.62 15049.41,18882.81
edge:declared:db.OptionGrantEvent:share_class	15793.47,18318.62 15900.99,18169.01
edge:declared:db.OptionManagement:agenda_option_grant	16352.08,19661.69 16778.06,20137.71
edge:declared:db.OptionManagementStakeholderSeat:option_management	14656.99,18794.96 16116.08,19605.72
edge:declared:db.OptionManagementStakeholderSeat:stakeholder_seat	14396.17,18794.96 10295.37,19346.08
edge:declared:db.OptionResumeEvent:pause_event	31582.90,1061.93 31461.80,1199.50
edge:declared:db.OptionTag:category	15165.37,13006.78 15210.48,12935.60
edge:declared:db.OptionTag:company	15167.18,13006.78 16522.06,11043.68
edge:declared:db.OptionTagCategory:company	15259.30,12861.60 16521.32,11043.68
edge:declared:db.OptionTaxCalculatorSetting:company	24180.79,7294.45 16860.15,10737.50
edge:declared:db.OptionValueChange:company	16223.88,8124.57 16635.54,10609.68
edge:declared:db.OptionValueChange:investment_round	16326.79,8124.57 16518.71,8189.83
edge:declared:db.OptionVesting:_deprecated_grant_event	15594.03,18139.61 15703.45,18318.62
edge:declared:db.Order:seal_card	5060.83,5789.92 3477.99,5890.84
edge:declared:db.OrderPromotionRelation:order	6200.68,7354.65 5216.48,5831.01
edge:declared:db.OrderPromotionRelation:promotion	6247.69,7354.65 6700.57,6629.47
edge:declared:db.OrderStaffInChargeRelation:order	5013.24,3945.21 5180.25,5733.01
edge:declared:db.OrderStaffInChargeRelation:staff_in_charge	4882.78,3918.49 4141.96,3978.48
edge:declared:db.OrderStatusHistory:order	4194.29,7806.00 5160.85,5831.01
edge:declared:db.OrganizationChart:company	13686.49,11931.37 16480.15,10897.38
edge:declared:db.OtherDocumentArchive:company	19782.51,15966.95 16801.41,11043.68
edge:declared:db.OtherDocumentArchiveAttachment:other_document_archive	19966.32,16418.10 19823.15,16040.95
edge:declared:db.OwnerRole:company	11213.14,9049.40 16480.15,10763.89
edge:declared:db.OwnerRolePermissionRelation:owner_permission	10713.92,8753.62 10622.49,8554.45
edge:declared:db.OwnerRolePermissionRelation:owner_role	10847.60,8827.62 11027.98,8959.42
edge:declared:db.Payment:_company	20384.38,12016.09 16860.15,10887.17
edge:declared:db.Payment:app_card	20644.38,12102.76 20883.13,12182.12
edge:declared:db.Payment:charge	20413.14,12114.48 20320.62,12195.71
edge:declared:db.Payment:credit_card	20644.38,12088.11 22940.14,11885.08
edge:declared:db.Payment:purchase	20644.38,12092.45 21880.25,12430.53
edge:declared:db.PaymentLink:payment_store	24979.31,12243.54 23347.41,12938.74
edge:declared:db.PaymentLink:question_threads	24920.88,12158.69 20619.17,11086.62
edge:declared:db.PaymentRefund:payment	21027.64,11934.72 20644.38,12016.16
edge:declared:db.PaymentRefund:payment_status_history	21107.90,11860.72 21043.06,11794.32
edge:declared:db.PaymentStatusHistory:payment	20957.56,11794.32 20590.43,12000.48
edge:declared:db.PaymentStore:legal_partner	23216.45,13028.74 21959.59,13838.08
edge:declared:db.Payroll:company	7994.20,2185.47 16480.15,10635.18
edge:declared:db.Payroll:setting	7932.72,2185.47 7461.28,10129.33
edge:declared:db.PayrollAnnualSalaryInfo:employee	10219.74,13512.51 10544.21,13849.90
edge:declared:db.PayrollAnnualSalaryItem:item_setting_relation	9801.66,12562.95 8133.28,10466.09
edge:declared:db.PayrollAnnualSalaryItem:payroll_annual_salary_info	9846.00,12636.95 10168.72,13438.51
edge:declared:db.PayrollDocumentSealStampSetting:_deprecated_ceo	16578.73,14790.52 17146.89,15581.47
edge:declared:db.PayrollDocumentSealStampSetting:company	16553.83,14708.52 16665.79,11043.68
edge:declared:db.PayrollDocumentSealStampSetting:seal_stamp	16704.51,14738.28 16799.51,14721.74
edge:declared:db.PayrollEmployeeMonthlyWage:hrm_emp	7130.14,18168.84 7369.62,17829.76
edge:declared:db.PayrollLedger:company	13039.63,13974.83 16480.15,10986.93
edge:declared:db.PayrollLedgerAttachment:payroll_ldeger	12453.38,13602.68 12924.82,13974.83
edge:declared:db.PayrollLedgerFile:payroll_ledger	12854.13,13324.44 12967.35,13974.83
edge:declared:db.PayrollLedgerFileModificationRequest:payroll_ledger_file	13470.82,13028.57 12902.71,13250.44
edge:declared:db.PayrollLedgerItemSettingRelation:ledger_item	7941.98,10402.88 7547.47,10356.70
edge:declared:db.PayrollLedgerItemSettingRelation:setting	7983.19,10376.09 7564.76,10211.33
edge:declared:db.PayrollManagementRelation:payroll	9867.09,4429.36 7984.38,2185.47
edge:declared:db.PayrollSetting:ledger_item_set	7453.23,10211.33 7436.15,10305.88
edge:declared:db.PayrollSettlement:company_question_thread_set	12816.85,7262.81 18885.00,12929.39
edge:declared:db.PayrollSettlement:payroll	12711.28,7180.92 7986.64,2185.47
edge:declared:db.PayrollSettlementAutoCreation:payroll	8826.12,4110.63 7964.79,2185.47
edge:declared:db.PayrollSettlementAutoCreation:payroll_question_help_template	8868.20,4184.63 10092.05,6750.45
edge:declared:db.PayrollSettlementProgressLog:payroll_settlement	12120.98,7664.95 12568.85,7234.98
edge:declared:db.PayrollSocialInsuranceSetting:hrm	3340.37,14731.02 3657.24,15246.42
edge:declared:db.PayrollStaffUserRelation:payroll	7695.34,2325.99 7866.60,2185.47
edge:declared:db.PayrollStatement:_deprecated_employee	10846.07,14939.30 10665.14,14051.90
edge:declared:db.PayrollStatement:hrm_emp	10787.36,15061.30 7673.32,17511.45
edge:declared:db.PayrollStatement:payroll_ledger	10989.56,15061.30 12852.79,14080.83
edge:declared:db.PayrollStatementAttendance:payroll_statement	10783.75,15260.72 10850.76,15061.30
edge:declared:db.PayrollStatementDocument:payroll_statement	11664.29,14885.97 10989.56,15061.30
edge:declared:db.PayrollStatementEmail:payroll_ledger	12312.76,17036.67 13100.79,14080.83
edge:declared:db.PayrollStatementEmailRecipient:email	11783.48,17224.15 12177.37,17051.51
edge:declared:db.PayrollStatementEmailRecipient:payroll_statement	11628.61,17224.15 10880.16,15061.30
edge:declared:db.PayrollStatementItem:ledger_item_setting_relation	9706.14,11779.74 8150.76,10466.09
edge:declared:db.PayrollStatementItem:payroll_statement	9763.31,11853.74 10837.54,14939.30
edge:declared:db.PayrollStatementPayrollInformation:payroll_statement	11310.84,15066.96 10989.56,15061.30
edge:declared:db.PayrollStatementScheduledEmail:payroll_statement_email	11898.02,16646.85 12104.99,16961.51
edge:declared:db.PayrollStatementScheduledEmailPeriodicTaskRelation:payroll_statement_scheduled_email	11735.99,16725.78 11823.89,16646.85
edge:declared:db.PeriodicOptionVestingItem:periodic_option_vesting	15121.21,18084.37 15129.04,18167.23
edge:declared:db.PhantomStock:company	10916.73,16741.32 16480.15,11009.71
edge:declared:db.PhantomStock:grantee	10884.85,16839.32 11232.06,18168.70
edge:declared:db.PhantomStockGrantContract:phantom_stock	10641.23,16381.67 10813.94,16741.32
edge:declared:db.PhantomStockResumeEvent:pause_event	16040.30,15559.00 16037.56,15401.78
edge:declared:db.PhantomStockVesting:phantom_stock	10690.51,17113.68 10859.82,16839.32
edge:declared:db.PhantomStockVestingItem:phantom_stock_vesting	10631.92,17452.25 10679.32,17187.68
edge:declared:db.PhantomStockVestingTraceable:phantom_stock	10689.82,17229.68 10860.74,16839.32
edge:declared:db.PhantomStockVestingTraceable:source_vesting_item	10675.93,17303.68 10635.68,17452.25
edge:declared:db.PhoneVerification:phone	8325.90,12693.04 6600.25,10948.29
edge:declared:db.PingpongDelivery:dropoff_address	20216.17,10866.13 22674.54,12830.17
edge:declared:db.PitchingDayHall:assigned_irs	32135.69,6262.84 28502.27,4973.67
edge:declared:db.PitchingDayHallAccessLog:pitching_day_hall	32410.84,6584.78 32284.16,6351.84
edge:declared:db.PitchingDayHallAccessLog:venture_capital	32446.98,6658.78 34157.44,10608.59
edge:declared:db.PitchingDayHallAssignedIrs:investor_relations	30396.26,5427.95 28502.27,4957.30
edge:declared:db.PitchingDayHallAssignedIrs:pitching_day_hall	30599.08,5496.51 32167.47,6261.84
edge:declared:db.PortalMenuVisibilitySetting:company	23040.46,7410.45 16860.15,10725.03
edge:declared:db.PortalSetting:company	23369.40,7410.45 16860.15,10730.01
edge:declared:db.PortfolioCompany:company	28122.46,13114.91 16860.15,10862.56
edge:declared:db.PortfolioCompany:venture_capital	28382.46,13089.27 34062.21,10884.64
edge:declared:db.PortfolioCompanyFund:fund	30051.28,12578.17 31397.68,12425.75
edge:declared:db.PortfolioCompanyFund:portfolio_company	29815.28,12628.16 28382.46,13099.11
edge:declared:db.PortfolioCompanyManager:portfolio_company	28251.43,14800.03 28245.23,13204.46
edge:declared:db.PortfolioCompanyUserRelation:portfolio_company	28368.05,13297.74 28327.43,13204.46
edge:declared:db.PrivacyPolicyLog:privacy_policy	3949.99,32014.16 3962.36,31885.84
edge:declared:db.PromotionAddress:promotion	6647.96,4495.08 6722.34,6555.47
edge:declared:db.PromotionCodeUsageHistory:promotion_code	24953.01,11017.95 24830.00,10752.45
edge:declared:db.PromotionCodeUsageHistory:service_fee_item	24933.19,11091.95 24592.89,11432.60
edge:declared:db.Purchase:_corporate_registration_paid_issue	21907.05,12575.34 19265.14,14979.04
edge:declared:db.Purchase:_credit	21880.25,12470.70 20609.49,12440.86
edge:declared:db.Purchase:_deprecated_payment_store	22176.25,12533.39 23176.21,12938.74
edge:declared:db.Purchase:_incorporation_request	21998.18,12575.34 21379.16,15034.72
edge:declared:db.Purchase:_invitation_seat_request	21880.25,12426.08 11897.15,9433.53
edge:declared:db.Purchase:_meeting	21926.59,12575.34 17975.89,16891.86
edge:declared:db.Purchase:_payment_store_legal_partner	22011.89,12575.34 21825.07,13819.06
edge:declared:db.Purchase:_subscription_payment_request	21989.95,12365.34 21231.16,10021.88
edge:declared:db.Purchase:basket	22147.70,12365.34 22481.66,12187.98
edge:declared:db.Purchase:company	21880.25,12425.29 16860.15,10884.51
edge:declared:db.Purchase:investment_association	22176.25,12550.12 28248.97,15790.96
edge:declared:db.Purchase:service_fee	22176.25,12410.11 22949.89,12069.05
edge:declared:db.Purchase:venture_capital	22176.25,12449.80 34062.21,10839.12
edge:declared:db.PurchaseItem:payment_store	23219.30,12846.18 23261.38,12938.74
edge:declared:db.PurchaseItem:purchase	23084.48,12774.44 22176.25,12513.91
edge:declared:db.PurchaseStatusHistory:purchase	21823.38,12551.09 21880.25,12497.45
edge:declared:db.Purpose:articles_of_incorporation	17646.36,13809.65 17578.45,14273.59
edge:declared:db.Purpose:industrial_code	17648.91,13735.65 17639.95,13619.95
edge:declared:db.QrReplyPasswordReset:request	23922.99,15546.28 24838.63,15669.15
edge:declared:db.QrReplyPasswordResetRequest:reply	24821.36,15743.15 25061.78,15805.43
edge:declared:db.QuarterlyReportRequest:quarterly_report	26968.69,16015.12 27286.59,15700.94
edge:declared:db.QuarterlyReportRequestAttachment:quarterly_report_request	24942.15,17042.03 26746.68,16105.12
edge:declared:db.QuarterlyReportRequestRecipient:email_activity_recipient	28369.73,16789.87 24270.72,23651.23
edge:declared:db.QuarterlyReportRequestRecipient:portfolio_company	28397.21,16699.87 28251.60,13204.46
edge:declared:db.QuarterlyReportRequestRecipient:portfolio_company_manager	28393.09,16699.87 28250.21,14874.03
edge:declared:db.QuarterlyReportRequestRecipient:quarterly_report_request	28307.81,16699.87 26986.04,16105.12
edge:declared:db.QuarterlyReportRequestReportItem:quarterly_report_item	26163.12,15988.93 26011.95,15964.50
edge:declared:db.QuarterlyReportRequestReportItem:quarterly_report_request	26462.12,16014.60 26727.24,16058.40
edge:declared:db.QuarterlyReportSettings:quarterly_report	27242.03,15138.49 27258.67,15586.94
edge:declared:db.QuarterlyReportSignupChannel:portfolio_company	27267.14,13697.94 28123.71,13204.46
edge:declared:db.QuarterlyReportSignupChannel:quarterly_report	27322.93,13779.94 27324.77,15586.94
edge:declared:db.QuestionMessageAttachment:message	21374.52,17985.44 22995.71,9846.57
edge:declared:db.QuestionMessageScheduled:question_thread_message	23479.26,8973.77 23120.12,9700.57
edge:declared:db.QuestionThread:_company	20359.17,11035.31 16860.15,10840.61
edge:declared:db.QuestionThreadAssignment:question_thread	20362.26,11697.71 20458.27,11113.84
edge:declared:db.QuestionThreadMessage:question_thread	22868.82,9846.57 20557.89,10975.84
edge:declared:db.QuestionThreadMessageAccessLog:message	24207.61,9792.08 23140.82,9781.60
edge:declared:db.QuestionThreadMessageCategory:question_thread_message	24570.11,9794.04 23140.82,9780.07
edge:declared:db.QuestionThreadMessagePeriodicTaskRelation:question_message_scheduled	23396.74,8786.45 23503.00,8899.77
edge:declared:db.QuestionThreadMessageProfile:message	24218.61,9898.66 23140.82,9792.06
edge:declared:db.QuestionThreadMessageReminder:message	24570.11,9901.67 23140.82,9788.54
edge:declared:db.QuestionThreadMessageReview:message	24222.61,10005.44 23140.82,9802.51
edge:declared:db.QuestionThreadMessageReviewRequest:message	24547.61,10005.42 23140.82,9797.00
edge:declared:db.QuestionThreadTag:question_thread_set	20674.97,11358.38 20504.34,11113.84
edge:declared:db.RebootProductContactRequest:company	23764.62,7410.45 16860.15,10735.38
edge:declared:db.RegisteredMail:order_status_history	3864.50,7901.05 4050.22,7868.64
edge:declared:db.RegisteredMail:seal_card_return_status_history	3740.28,7884.64 3701.25,7652.35
edge:declared:db.Registration:meeting	13926.10,20387.66 17751.70,17125.86
edge:declared:db.RegistrationAgenda:agenda_ceo_address_change	13383.84,22225.77 13251.87,22261.86
edge:declared:db.RegistrationAgenda:agenda_director_change	13555.55,22307.83 14599.20,22438.80
edge:declared:db.RegistrationAgenda:agenda_option_exercise	13383.84,22262.64 13251.87,22356.99
edge:declared:db.RegistrationAgenda:registration	13386.18,22217.83 13899.64,20469.66
edge:declared:db.RegistrationAssistance:legal_partner	21428.83,15869.66 21774.63,14069.06
edge:declared:db.RegistrationAssistance:meeting	21294.68,15949.61 18010.62,16962.38
edge:declared:db.RegistrationAssistanceReceipt:registration_assistance	21228.29,16237.63 21394.81,15951.66
edge:declared:db.RegistrationCaseReport:company	14501.12,5660.19 16579.70,10609.68
edge:declared:db.RegistrationCaseReport:jurisdiction	14484.52,5660.19 14419.01,7713.33
edge:declared:db.RegistrationCaseReportUpdateLog:company	24178.14,7410.45 16860.15,10740.40
edge:declared:db.RegistrationDirector:registration	14779.15,20645.84 13902.39,20469.66
edge:declared:db.RegistrationFormCaptable:agenda	19350.87,24862.07 17778.25,21756.78
edge:declared:db.RegistrationFormCaptableDocument:captable	18718.02,25196.03 19350.87,24944.07
edge:declared:db.RegistrationFormCaptableNotarizationRequestor:registration_form_captable	18213.81,23849.23 19200.81,24862.07
edge:declared:db.RegistrationFormCaptableNotarizationRequestor:shareholder	18126.55,23849.23 17638.68,23941.76
edge:declared:db.RegistrationFormHeadOfficeInsideRelocationDocument:head_office_relocation_agenda	19881.20,24381.95 18662.34,21993.38
edge:declared:db.RegistrationFormHeadOfficeOutsideRelocationDocument:head_office_relocation_agenda	19881.20,24497.95 18662.34,21993.38
edge:declared:db.RegistrationHelp:company_question_thread	18790.90,13111.54 18870.48,13054.43
edge:declared:db.RegistrationHelp:meeting	18663.69,13178.49 17891.73,16891.86
edge:declared:db.ResignationLetterDocument:director_change_agenda	13863.00,22864.52 14532.30,22544.80
edge:declared:db.RightToConsentOrConsult:company	15070.42,15923.61 16611.01,11043.68
edge:inheritance:db.RsuAdjustEvent->db.Event	16750.26,12264.01 16407.75,16101.06
edge:declared:db.RsuExerciseClaim:company	14479.32,14512.84 16541.82,11043.68
edge:declared:db.RsuExerciseClaim:financial_account	14341.26,14618.84 12864.10,16473.20
edge:declared:db.RsuExerciseClaimAttachment:attachment_setting_item	14082.49,14687.37 14026.21,14751.84
edge:declared:db.RsuExerciseClaimAttachment:rsu_exercise_claim	14266.83,14618.51 14323.98,14597.83
edge:declared:db.RsuExerciseClaimCandidate:hrm_emp	13292.78,15793.09 7673.32,17599.79
edge:declared:db.RsuExerciseClaimCandidate:rsu_exercise_claim	13544.78,15708.84 14342.27,14618.84
edge:declared:db.RsuExerciseClaimCandidate:rsu_exercise_management	13410.24,15702.36 13302.41,15360.92
edge:declared:db.RsuExerciseClaimCandidate:rsu_grantee	13451.02,15800.36 13459.92,16353.73
edge:declared:db.RsuExerciseClaimCandidateEmailRecipient:candidate	13664.57,15917.84 13490.61,15800.36
edge:declared:db.RsuExerciseClaimEventRelation:claim	15433.05,14924.69 14571.98,14614.84
edge:declared:db.RsuExerciseClaimEventRelation:event	15317.19,14998.69 15740.92,15489.85
edge:declared:db.RsuExerciseClaimRsu:rsu	15067.12,14462.89 15471.61,14153.65
edge:declared:db.RsuExerciseClaimRsu:rsu_exercise_claim	15109.48,14536.89 14571.98,14614.58
edge:declared:db.RsuExerciseManagement:company	13331.13,15262.92 16505.14,11043.68
edge:declared:db.RsuExerciseManagement:excluded_institution_set	13273.22,15360.92 13032.23,15854.98
edge:declared:db.RsuExerciseManagementAttachmentSetting:management	13527.05,15057.53 13369.73,15262.92
edge:declared:db.RsuExerciseManagementAttachmentSettingItem:setting	13953.79,14825.84 13595.92,14983.53
edge:declared:db.RsuExerciseManagementEmail:rsu_exercise_management	14647.07,16363.58 13417.87,15360.92
edge:declared:db.RsuExtraAttachment:rsu	15914.31,13740.99 15708.09,14014.12
edge:declared:db.RsuGrantContract:rsu	16206.86,13828.02 15743.61,14053.24
edge:declared:db.RsuGrantContract:template	16325.19,13752.13 16214.69,13288.64
edge:declared:db.RsuGrantContractModusignDocument:rsu_grant_contract	20879.91,18650.13 16454.86,13841.91
edge:declared:db.RsuGrantContractTemplate:company	16217.63,13206.64 16627.30,11043.68
edge:declared:db.RsuGrantContractTemplate:stakeholder_set	16200.13,13206.64 16171.66,12731.00
edge:declared:db.RsuGrantContractTemplateStakeholder:company	16172.43,12657.00 16615.84,11043.68
edge:declared:db.RsuMeeting:company	16140.65,14191.68 16641.16,11043.68
edge:declared:db.RsuMeeting:meeting	16157.68,14281.68 17802.73,16891.86
edge:declared:db.RsuMeetingAttachment:meeting	16046.57,14384.71 16099.56,14281.68
edge:declared:db.RsuPerformanceCondition:company	15696.78,12768.60 16563.08,11043.68
edge:declared:db.RsuResumeEvent:pause_event	15943.06,16851.11 15802.27,16802.16
edge:declared:db.RsuRsa:company	15630.66,14014.12 16601.63,11043.68
edge:declared:db.RsuRsa:grantee	15617.72,14160.12 13610.90,16427.97
edge:declared:db.RsuRsa:grantee_hrm_emp	15471.61,14149.11 7673.32,17578.37
edge:declared:db.RsuRsa:source_meeting	15743.61,14149.00 16035.74,14191.68
edge:declared:db.RsuRsaSealedContractFile:company	16147.06,13528.74 16622.42,11043.68
edge:declared:db.RsuRsaSealedContractFile:grant_contract	16171.34,13602.74 16291.43,13752.13
edge:declared:db.RsuTag:category	15909.23,13065.23 15841.78,12998.02
edge:declared:db.RsuTag:company	15963.05,13065.23 16603.09,11043.68
edge:declared:db.RsuTag:rsu_set	15936.68,13147.23 15632.00,14014.12
edge:declared:db.RsuTagCategory:company	15819.38,12924.02 16583.70,11043.68
edge:declared:db.RsuVesting:rsu	14816.14,13395.26 15491.26,14014.12
edge:declared:db.RsuVestingItem:performance_condition	14992.59,13682.60 15649.58,12842.60
edge:declared:db.RsuVestingItem:rsu_vesting	14930.36,13682.60 14779.40,13395.26
edge:declared:db.RsuVestingTraceable:rsu	14830.43,13511.26 15471.61,14018.44
edge:declared:db.RsuVestingTraceable:source_vesting_item	14788.93,13511.26 14918.76,13682.60
edge:declared:db.RtccConsentSummary:company	14611.50,8746.13 16480.15,10633.20
edge:declared:db.RtccConsentSummary:source_result	14579.00,8672.13 14722.35,7287.19
edge:declared:db.RtccEmail:right_to_consent_or_consult	15118.83,16210.41 15035.94,16005.61
edge:declared:db.RtccEmailAuthentication:rtcc_investor	15717.14,17066.65 15642.60,17393.14
edge:declared:db.RtccInvestor:right_to_consent_or_consult	15639.42,17393.14 15183.25,16005.61
edge:declared:db.RtccInvestor:stakeholder	15500.14,17483.14 11989.61,19040.15
edge:declared:db.RtccInvestorFile:investor	19404.71,18086.00 15743.21,17481.53
edge:declared:db.RtccSummaryAnalysisRequest:company	14791.52,6859.17 16568.24,10609.68
edge:declared:db.RtccSummaryAnalysisRequestDocument:document	15233.57,8153.49 18488.18,14284.43
edge:declared:db.RtccSummaryAnalysisRequestDocument:request	15201.48,8079.49 14786.22,6859.17
edge:declared:db.RtccSummaryAnalysisResult:request	14730.97,7205.19 14767.89,6859.17
edge:declared:db.RtccSummaryAnalysisResultDocument:document	15102.33,8385.52 18486.10,14284.43
edge:declared:db.RtccSummaryAnalysisResultDocument:result	15069.36,8311.52 14739.78,7287.19
edge:declared:db.Safe:company	11767.88,17355.68 16480.15,11039.90
edge:declared:db.Safe:holder	11700.89,17429.68 12173.05,18081.28
edge:declared:db.SafeCreateEvent:contract_file	17199.98,16956.75 20161.18,18044.19
edge:declared:db.SalesMetric:legal_partner	22511.00,14593.46 21918.54,14069.06
edge:declared:db.SdContactRequest:secondary_deal	34298.36,6148.17 35117.67,3309.80
edge:declared:db.SdContactRequest:venture_capital	34287.35,6222.17 34248.05,10608.59
edge:declared:db.SealCardReturnRequest:seal_card	2776.83,5993.49 3229.99,5919.11
edge:declared:db.SealCardReturnStatusHistory:seal_card_return_request	3667.63,7570.35 2679.56,6054.85
edge:declared:db.SealCertificateDelivery:company	19326.78,10749.39 16860.15,10821.17
edge:declared:db.SealCertificateDelivery:seal_card_pickup_delivery	19574.78,10757.54 20032.79,10805.38
edge:declared:db.SealCertificateIssueRequest:delivery	19580.88,10863.71 19504.84,10794.79
edge:declared:db.SealStamp:attachment	16974.94,14765.54 20161.18,17918.01
edge:declared:db.SealStamp:company	16918.14,14659.54 16692.15,11043.68
edge:declared:db.SealStamp:director	16929.96,14765.54 17183.80,15581.47
edge:declared:db.SealStampCardContinuedUseApplicationFormDocument:stakeholder	10717.96,23643.40 11783.13,19282.45
edge:declared:db.SealStampDeclarationDocument:stakeholder	10717.72,23759.40 11784.15,19282.45
edge:declared:db.SealStampImage:seal_stamp	19281.63,16428.73 17047.51,14755.27
edge:declared:db.SealStampUsageHistory:employee	12387.07,14232.37 10784.81,13978.85
edge:declared:db.SealStampUsageHistory:payroll_statement_document	12593.72,14309.78 11724.59,14816.57
edge:declared:db.SealStampUsageHistory:seal_stamp	12635.07,14309.78 16799.51,14660.04
edge:declared:db.SealStampUsageHistory:wht_book	12387.07,14262.84 11466.49,14283.95
edge:declared:db.SealStampUsageHistory:wht_certificate	12598.93,14203.78 12424.79,14060.65
edge:declared:db.SealStampUsageHistory:wht_receipt	12460.15,14203.78 12056.89,14126.02
edge:declared:db.SecondaryDeal:assigned_investors	35138.22,3309.80 34270.58,10608.59
edge:declared:db.SecondaryDeal:business_line	34998.60,3163.91 34492.03,3082.06
edge:declared:db.SecondaryDeal:corporate_registration	34998.60,3089.37 34782.81,2950.05
edge:declared:db.SecondaryDeal:operating_profit	34998.60,3131.19 34508.53,2947.86
edge:declared:db.SelfRegistration:meeting	18067.72,17006.34 18010.62,16979.44
edge:declared:db.ServiceFee:basket	22926.63,12029.22 22641.75,12149.87
edge:declared:db.ServiceFeeItem:product	24509.63,11432.60 23676.76,10625.36
edge:declared:db.ServiceFeeItem:service_fee	24456.63,11514.60 23145.93,11987.05
edge:declared:db.ShareClass:company	15925.30,18063.01 16648.91,11043.68
edge:declared:db.ShareholderInstitutionMember:institution	12018.41,22319.38 12359.20,23337.47
edge:declared:db.ShareholderInstitutionMember:manager	11990.67,22237.38 11888.53,21921.92
edge:declared:db.ShareholderInstitutionMemberCeo:member	11964.48,23065.95 12001.90,22319.38
edge:declared:db.ShareholderVote:agenda	17621.71,22116.08 17673.54,21756.78
edge:declared:db.ShareholderVote:attended_shareholder	17611.12,22190.08 17526.56,23941.76
edge:declared:db.ShareholderVotingRightsPerAgenda:agenda	17620.88,22232.08 17676.64,21756.78
edge:declared:db.ShareholderVotingRightsPerAgenda:shareholder	17610.80,22306.08 17527.15,23941.76
edge:declared:db.ShareholdersAgreementStakeholder:stakeholder	10977.45,18826.06 11657.61,19068.88
edge:declared:db.ShareholdersMeeting:chairperson	16340.75,23297.44 16077.48,23430.55
edge:declared:db.ShareholdersMeeting:meeting	16484.41,23159.44 17839.46,17125.86
edge:declared:db.ShareholdersMeeting:sealed_meeting_minutes_file	16523.09,23159.44 20186.57,18330.81
edge:declared:db.ShareholdersMeetingAgenda:agenda_authorized_shares_change	17539.36,21730.51 17150.97,21999.31
edge:declared:db.ShareholdersMeetingAgenda:agenda_bonus_issue	17836.42,21482.78 17530.12,20315.23
edge:declared:db.ShareholdersMeetingAgenda:agenda_branch_change	17859.36,21514.52 18220.08,20308.43
edge:declared:db.ShareholdersMeetingAgenda:agenda_change_of_articles_of_incorporation	17859.36,21591.35 18862.30,20846.49
edge:declared:db.ShareholdersMeetingAgenda:agenda_co_ceo_system_change	17539.36,21715.78 14457.31,22717.29
edge:declared:db.ShareholdersMeetingAgenda:agenda_company_name_change	17793.06,21756.78 18070.83,22120.91
edge:declared:db.ShareholdersMeetingAgenda:agenda_custom	17539.36,21726.72 14774.31,22759.78
edge:declared:db.ShareholdersMeetingAgenda:agenda_director_change	17539.36,21699.38 14779.39,22544.80
edge:declared:db.ShareholdersMeetingAgenda:agenda_director_compensation_decision	17539.36,21688.39 16211.83,21970.16
edge:declared:db.ShareholdersMeetingAgenda:agenda_director_compensation_rule	17846.51,21756.78 18414.90,22120.91
edge:declared:db.ShareholdersMeetingAgenda:agenda_financial_statements	17840.34,21482.78 17834.12,20291.23
edge:declared:db.ShareholdersMeetingAgenda:agenda_head_office_relocation	17859.36,21682.03 18403.34,21890.00
edge:declared:db.ShareholdersMeetingAgenda:agenda_head_office_relocation_aoi_change	17782.56,21756.78 18073.67,22236.91
edge:declared:db.ShareholdersMeetingAgenda:agenda_method_of_giving_public_notice_change	17659.77,21482.78 17237.52,20096.28
edge:declared:db.ShareholdersMeetingAgenda:agenda_new_issue	17602.57,21756.78 16857.98,22685.95
edge:declared:db.ShareholdersMeetingAgenda:agenda_new_options_rule	17830.01,21756.78 18419.35,22236.91
edge:declared:db.ShareholdersMeetingAgenda:agenda_new_or_change_rsu_rule	17773.91,21756.78 18076.01,22356.91
edge:declared:db.ShareholdersMeetingAgenda:agenda_option_cancel	17539.36,21637.72 15887.88,21128.94
edge:declared:db.ShareholdersMeetingAgenda:agenda_option_grant	17657.20,21482.78 16668.64,20227.71
edge:declared:db.ShareholdersMeetingAgenda:agenda_purpose_change	17816.44,21756.78 18419.60,22352.91
edge:declared:db.ShareholdersMeetingAgenda:agenda_rsu_grant	17539.36,21728.07 14457.31,22901.17
edge:declared:db.ShareholdersMeetingAgenda:agenda_subsidiary_establishment	17539.36,21729.97 14787.31,22897.17
edge:declared:db.ShareholdersMeetingAgenda:meeting	17673.03,21756.78 16600.75,23159.44
edge:declared:db.ShareholdersMeetingConvocationNoticeEmail:shareholders_meeting	18394.74,20846.00 16548.99,23159.44
edge:declared:db.ShareholdersMeetingConvocationNoticeEmailAttachment:convocation_notice_email	19550.70,19511.37 18484.75,20828.49
edge:declared:db.ShareholdersMeetingConvocationNoticeEmailNewIssueAttachment:email	19514.30,24241.49 18484.75,20846.00
edge:declared:db.ShareholdersMeetingConvocationNoticeEmailNewIssueAttachment:new_issue	19514.30,24241.49 16867.30,22855.95
edge:declared:db.ShareholdersMeetingConvocationNoticeEmailRecipient:email_activity_recipient	19926.16,18715.35 24199.03,23651.23
edge:declared:db.ShareholdersMeetingConvocationNoticeRecipient:bulk_email_recipient	19297.07,22682.17 19874.60,18599.35
edge:declared:db.ShareholdersMeetingConvocationNoticeRecipient:convocation_notice_email	19262.66,22682.17 18484.75,20846.00
edge:declared:db.ShareholdersMeetingConvocationNoticeRecipient:shareholder	19300.22,22772.17 17578.25,23941.76
edge:declared:db.ShareholdersMeetingDirectorAttendance:stakeholder	15860.67,23332.55 11973.58,19282.45
edge:declared:db.ShareholdersMeetingPowerOfAttorneyIndividualDocument:shareholder	17354.86,24497.19 17404.99,24079.76
edge:declared:db.ShareholdersMeetingShareholderAttendance:meeting	17426.56,23941.76 16564.00,23297.44
edge:declared:db.ShareholdersMeetingShareholderAttendance:original_shareholder	17332.31,24064.57 12512.13,23467.47
edge:declared:db.ShareholdersMeetingShortenPeriodIndividualDocument:shareholder	17334.48,24613.19 17442.99,24079.76
edge:declared:db.ShareholdersMeetingWrittenDecisionIndividualDocument:shareholder	17324.24,24729.19 17462.10,24079.76
edge:declared:db.Stakeholder:company	11915.01,18968.45 16543.82,11043.68
edge:declared:db.Stakeholder:standardized_address	11989.61,19118.69 23072.20,18645.96
edge:declared:db.StakeholderAccount:account	12533.59,16788.97 12727.08,16571.20
edge:declared:db.StakeholderAccount:stakeholder	12504.47,16862.97 11900.43,18968.45
edge:declared:db.StakeholderCustodian:stakeholder	11311.07,19305.81 11657.61,19183.86
edge:declared:db.StakeholderSeat:stakeholder	10295.37,19299.13 11657.61,19133.42
edge:declared:db.StarredQuestionThread:question_thread	20063.74,11155.99 20359.17,11053.76
edge:declared:db.Stock:company	15163.72,17442.26 16619.61,11043.68
edge:declared:db.Stock:share_class	15278.17,17521.40 15796.11,18077.87
edge:declared:db.Stock:shareholder	15030.81,17524.26 12413.72,23337.47
edge:declared:db.StockDocumentAnalysis:document_ai_process_request	26640.98,29156.13 27291.24,28830.61
edge:declared:db.StockDocumentAnalysis:stock_reregistration_event	26593.42,29230.13 26723.65,29412.98
edge:declared:db.StockTransferAgreement:company	17639.91,18288.34 16695.33,11043.68
edge:declared:db.StockTransferAgreement:purchaser	17512.85,18384.78 11989.61,19101.72
edge:declared:db.StockTransferAgreement:sealed_agreement_file	17784.85,18355.79 20161.18,18127.15
edge:declared:db.StockTransferAgreement:seller	17512.85,18399.59 12470.16,23337.47
edge:declared:db.StockTransferAgreement:stock_transfer_event	17535.56,18288.34 17179.84,18077.17
edge:declared:db.StockTransferAgreementClauses:stock_transfer_agreement	17805.49,18201.57 17784.85,18324.90
edge:declared:db.StockTransferAgreementItem:agreement	17001.17,18211.58 17512.85,18339.54
edge:declared:db.StockTransferAgreementItem:share_class	16754.17,18161.64 16044.11,18142.63
edge:declared:db.StockTransferAgreementManagement:company	16700.48,12490.07 16673.39,11043.68
edge:declared:db.StockTransferAgreementManagement:related_tax_advices	16852.65,12580.07 20359.17,11113.84
edge:declared:db.StockTransferAgreementManagement:stock_transfer_agreement	16852.65,12580.07 17559.59,18288.34
edge:declared:db.StockTransferAgreementManagementStakeholderSeat:stakeholder_seat	8729.57,7032.68 10219.86,19264.08
edge:declared:db.StockTransferAgreementManagementStakeholderSeat:stock_transfer_agreement_management	8729.57,7032.68 16549.65,12490.07
edge:declared:db.StockTransferAgreementModusignDocument:stock_transfer_agreement	20062.19,20009.50 17784.85,18442.34
edge:declared:db.StockTransferAgreementModusignEmbeddedDraft:stock_transfer_agreement	21302.78,21576.90 17784.85,18442.34
edge:declared:db.StockTransferAgreementPurchaserInstitution:agreement	18192.01,18520.12 17784.85,18407.95
edge:declared:db.StockTransferAgreementSellerInstitution:agreement	18012.32,18363.52 17784.85,18380.05
edge:declared:db.StockTransferAgreementSurvey:company	23038.06,7526.45 16860.15,10728.44
edge:declared:db.StockTransferPrice:share_class	16856.94,17883.54 16044.11,18102.95
edge:declared:db.StockTransferPrice:stock_transfer_event	16985.49,17908.11 17114.85,18003.17
edge:declared:db.StockUnissuedConfirmationRequest:company	18147.24,14424.43 16758.93,11043.68
edge:declared:db.StockUnissuedConfirmationRequest:stock_unissued_confirmation_file	18188.89,14506.43 20219.48,17896.81
edge:declared:db.StripeCard:customer	4558.13,4551.79 4612.01,5016.26
edge:declared:db.StripePayment:card	3648.93,5355.97 4514.04,4551.79
edge:declared:db.StripePayment:order	3728.82,5427.19 5060.83,5751.79
edge:declared:db.StripePayment:seal_card_return_request	3541.55,5437.97 2716.10,5972.85
edge:declared:db.Subscription:company	20817.49,9314.46 16860.15,10761.33
edge:declared:db.Subscription:subscription_contract	20817.49,9318.20 19627.36,9845.01
edge:declared:db.Subscription:subscription_package	20817.49,9329.83 19902.72,9845.01
edge:declared:db.Subscription:subscription_plan	20899.19,9348.69 20432.47,10293.03
edge:declared:db.Subscription:subscription_policy	20817.49,9342.17 19889.30,9961.01
edge:declared:db.Subscription:subscription_promotion	20817.49,9338.28 19599.03,10077.01
edge:declared:db.SubscriptionBonus:subscription	22390.72,9432.96 21089.49,9286.34
edge:declared:db.SubscriptionContract:company	19415.24,9919.01 16860.15,10764.19
edge:declared:db.SubscriptionModusignDocumentUsageHistory:subscription	27573.82,11564.99 21089.49,9348.69
edge:declared:db.SubscriptionPackage:company	19703.74,9917.22 16860.15,10769.99
edge:declared:db.SubscriptionPaymentRequest:company	21090.20,10004.25 16860.15,10791.44
edge:declared:db.SubscriptionPaymentRequest:subscription	21209.18,9939.88 20967.36,9348.69
edge:declared:db.SubscriptionPenaltyPayment:company	19407.74,10032.63 16860.15,10771.86
edge:declared:db.SubscriptionPenaltyPayment:subscription	19610.85,9961.01 20817.49,9328.24
edge:declared:db.SubscriptionPeriod:subscription	22127.58,8910.86 21089.49,9216.45
edge:declared:db.SubscriptionPerk:subscription	21636.11,8987.50 21089.49,9188.94
edge:declared:db.SubscriptionPlan:permissions	20264.26,10340.11 20012.45,10320.90
edge:declared:db.SubscriptionPlanOffering:subscription_plan	20768.49,10302.98 20524.26,10333.69
edge:declared:db.SubscriptionPlanPerk:subscription_plan	20774.82,10184.76 20524.26,10293.57
edge:declared:db.SubscriptionPolicy:company	19703.74,10028.89 16860.15,10776.95
edge:declared:db.SubscriptionPromotion:company	19409.74,10143.29 16860.15,10779.53
edge:declared:db.SubscriptionReservation:company	19109.42,10460.98 16860.15,10798.36
edge:declared:db.SubscriptionReservation:subscription_plan	19345.42,10433.95 20264.26,10360.43
edge:declared:db.SubscriptionSuspensionHistory:subscription	20873.26,9125.31 20978.78,9186.69
edge:declared:db.TalingCoupon:_company	23366.87,7526.45 16860.15,10733.25
edge:declared:db.TaxBookkeepingServiceRequest:company	20426.11,12609.50 16860.15,10927.10
edge:declared:db.TaxBookkeepingServiceRequest:incorporation_request	20496.58,12691.50 21295.28,15034.72
edge:declared:db.TaxPartnerTbkContract:legal_partner	22954.15,13358.14 21959.59,13860.03
edge:declared:db.TaxPartnerTbkContractItem:tax_partner_tbk_contract	23090.80,13424.53 23046.59,13358.14
edge:declared:db.TaxPartnerTbkSettings:legal_partner	22166.28,14709.46 21846.63,14069.06
edge:declared:db.TbkConsulting:tax_bookkeeping_service_request	20953.93,12927.33 20640.69,12664.75
edge:declared:db.TbkConsulting:tbk_question_thread	20953.93,12974.77 19154.48,12969.39
edge:declared:db.TbkConsultingMemo:tbk_consulting	21533.07,12750.08 21150.03,12891.22
edge:declared:db.TbkConsultingRefusal:incorporation_request	20990.58,14539.05 21286.78,15034.72
edge:declared:db.TbkConsultingStatusLog:tbk_consulting	20926.59,12552.17 21055.13,12891.22
edge:declared:db.TbkContract:tbk_consulting	22209.65,13911.98 21201.93,12988.29
edge:declared:db.TbkContractBenefit:tbk_contract	22314.64,14050.24 22231.64,13993.98
edge:declared:db.TbkContractSettlement:tbk_contract	22533.04,13897.47 22215.52,13911.98
edge:declared:db.ThirdPartyArticleProviderUserRelation:article_provider	20191.34,19851.23 20206.67,19803.18
edge:declared:db.UserApiKeyCompanyAccess:api_key	17619.80,5659.59 17784.64,4683.76
edge:declared:db.UserApiKeyCompanyAccess:selected_companies	17592.13,5741.59 16710.15,10609.68
edge:declared:db.UserApiKeyCompanyRelation:company	18166.15,5039.84 16726.82,10609.68
edge:declared:db.UserApiKeyCompanyRelation:company_access	18145.26,5039.84 17633.54,5659.59
edge:declared:db.UserApiKeyRevocation:api_key	17671.30,4804.18 17680.75,4635.39
edge:declared:db.UserInvitation:company	11119.85,10598.42 16480.15,10818.84
edge:declared:db.UserInvitation:company_user_relation	10871.85,10610.91 10028.54,10730.69
edge:declared:db.UserInvitationInvitee:invitation	10053.58,10868.71 10871.85,10629.54
edge:declared:db.UserInvitationInvitee:stakeholder	9944.08,10940.20 11787.56,18968.45
edge:declared:db.UserInvitationOwnerRoleRelation:owner_role	11405.66,9317.05 11067.10,9057.42
edge:declared:db.UserInvitationOwnerRoleRelation:user_invitation	11377.12,9391.05 11010.33,10548.30
edge:declared:db.UserProfileImageMapping:profile_image	21348.08,18485.80 21180.71,18418.79
edge:declared:db.UserSealCardRelation:seal_card	3112.75,6082.94 3300.29,5939.75
edge:declared:db.ValuationHistory:company	23761.94,7526.45 16860.15,10738.45
edge:declared:db.ValuationServiceRequest:company	18512.01,12255.67 16860.15,10962.20
edge:declared:db.ValuationServiceRequest:company_question_thread	18681.88,12329.67 19007.12,12929.39
edge:declared:db.VcIrRecommendationRequest:venture_capital	32618.11,7565.68 34143.45,10608.59
edge:declared:db.VcIrRecommendationRequestResult:investor_relations	31102.54,6396.08 28502.27,5001.62
edge:declared:db.VcIrRecommendationRequestResult:request	31219.76,6470.08 32551.33,7491.68
edge:declared:db.VcLpReport:venture_capital	33870.10,11476.04 34129.82,11018.59
edge:declared:db.VcLpReportRequest:alimtalk_activity	34389.70,11917.93 33069.26,12775.95
edge:declared:db.VcLpReportRequest:vc_lp_report	34384.78,11835.93 33910.47,11550.04
edge:declared:db.VcLpReportRequestRecipient:alimtalk_activity_recipient	32694.18,12598.42 32230.53,13092.34
edge:declared:db.VcLpReportRequestRecipient:fund_partner	32757.88,12516.42 32863.24,12345.06
edge:declared:db.VcLpReportRequestRecipient:vc_lp_report_request	32836.31,12516.42 34349.16,11917.93
edge:declared:db.VcNameAlias:venture_capital	35073.94,10380.63 34430.21,10717.35
edge:declared:db.VcSearchLog:company	25804.46,2648.34 16860.15,10656.85
edge:declared:db.VcSearchLog:investor_relations	25894.63,2648.34 28208.88,4790.03
edge:declared:db.VcSearchLog:venture_capital	25892.28,2648.34 34062.21,10633.75
edge:declared:db.VcUserRole:venture_capital	29233.30,6970.25 34062.21,10672.52
edge:declared:db.VentureBusinessCertification:attachment	18525.54,14506.43 20239.86,17896.81
edge:declared:db.VentureBusinessCertification:company	18483.92,14424.43 16779.12,11043.68
edge:declared:db.VentureBusinessCertificationExpirationNotificationLog:venture_business_certification	18352.23,14649.83 18469.43,14506.43
edge:declared:db.VentureCapitalEmailTemplates:venture_capital	34648.39,10951.62 34430.21,10876.74
edge:declared:db.VentureCapitalPaymentLink:venture_capital	26847.01,11411.33 34062.21,10821.51
edge:declared:db.VentureCapitalQuarterlyReport:content_template	27378.99,15586.94 27742.98,13983.12
edge:declared:db.VentureCapitalQuarterlyReport:venture_capital	27455.31,15586.94 34062.21,10947.67
edge:declared:db.VentureCapitalQuarterlyReportContentTemplate:venture_capital	27821.93,13909.12 34062.21,10901.20
edge:declared:db.VentureCapitalQuarterlyReportItem:quarterly_report	26010.34,15897.81 27230.59,15682.10
edge:declared:db.VentureCapitalQuarterlyReportItemReply:file_attachment	24321.43,17109.34 20541.18,18044.52
edge:declared:db.VentureCapitalQuarterlyReportItemReply:item	24522.73,17027.34 25764.08,15979.81
edge:declared:db.VentureCapitalQuarterlyReportItemReply:reply	24408.34,17027.34 25078.89,15935.43
edge:declared:db.VentureCapitalQuarterlyReportReply:_deprecated_captable	24921.92,15935.43 20541.18,18007.81
edge:declared:db.VentureCapitalQuarterlyReportReply:company_create_request	24869.43,15805.43 22631.79,16096.94
edge:declared:db.VentureCapitalQuarterlyReportReply:portfolio_company	25207.43,15805.43 28124.26,13204.46
edge:declared:db.VentureCapitalQuarterlyReportReply:quarterly_report	25207.43,15837.75 27230.59,15672.27
edge:declared:db.VentureCapitalSubscription:subscription_plan	34930.46,9126.85 35074.39,9366.84
edge:declared:db.VentureCapitalSubscription:venture_capital	34894.06,9126.85 34324.95,10608.59
edge:declared:db.VentureCapitalSubscriptionPlanPermission:subscription_plan	36171.38,9351.12 35243.48,9400.20
edge:declared:db.VentureCapitalSubscriptionPlanPrice:subscription_plan	35019.02,10163.13 35094.64,9448.84
edge:declared:db.VentureCapitalUserRelation:roles	30554.78,8435.07 29218.79,6970.25
edge:declared:db.VentureCapitalUserRelation:venture_capital	30666.21,8525.07 34062.21,10695.97
edge:declared:db.VentureComplex:address	24216.47,18157.39 23380.20,18551.83
edge:declared:db.VideoCollection:video_contents	18827.79,7222.64 19364.32,6488.41
edge:declared:db.VideoCollectionFeedback:company	18716.81,7944.43 16825.38,10609.68
edge:declared:db.VideoCollectionFeedback:video_collection	18746.27,7870.43 18791.28,7312.64
edge:declared:db.VideoCollectionPermission:company	18715.72,8060.43 16831.81,10609.68
edge:declared:db.VideoCollectionPermission:video_collection	18745.81,7986.43 18791.84,7312.64
edge:declared:db.VideoContentHistory:company	19058.37,7757.26 16840.06,10609.68
edge:declared:db.VideoContentHistory:video_collection	19063.46,7675.26 18824.56,7312.64
edge:declared:db.VideoContentHistory:video_content	19100.29,7675.26 19384.46,6488.41
edge:declared:db.VideoContentSpeecher:video_content	19102.47,6380.18 19270.28,6418.84
edge:declared:db.WhitepaperPreviewFile:whitepaper	4103.46,3384.49 4072.18,3539.93
edge:declared:db.WhitepaperWatermarkFile:whitepaper	5102.60,2931.09 4129.46,3539.93
edge:declared:db.WhtBook:employee	11258.85,14249.01 10784.81,14020.51
edge:declared:db.WhtBook:wht_book_without_date	11296.05,14331.01 11139.82,14468.92
edge:declared:db.WhtBookWithoutDate:employee	11067.87,14468.92 10724.82,14051.90
edge:declared:db.WhtCertificate:employee	12368.12,14016.94 10784.81,13958.97
edge:declared:db.WhtReceipt:employee	11903.34,14076.93 10784.81,13965.44
edge:declared:db.YearEndTaxSettlement:payroll	9893.42,18387.35 7964.07,2185.47
edge:declared:db.YearEndTaxSettlementConfirmationSchedule:year_end_tax_settlement	9264.10,17516.92 9753.36,18387.35
edge:declared:db.YetsAssistance:employee	14860.51,32899.64 8124.19,32120.93
edge:declared:db.YetsAssistanceCreatorYetsEmployee:yets_employee	9742.77,32263.32 8124.19,32078.56
edge:declared:db.YetsAssistanceMessage:assistance	15781.38,32664.58 15108.51,32899.00
edge:declared:db.YetsAssistanceMessage:creator	15781.38,32643.69 13671.11,32198.81
edge:declared:db.YetsAssistanceMessageFile:message	22292.31,33793.31 16029.38,32703.80
edge:declared:db.YetsAssistanceStaffAccessLog:assistance	14378.25,32950.65 14860.51,32932.47
edge:declared:db.YetsAssistanceStaffFavoriteRelation:assistance	14752.77,32783.69 15100.94,32859.78
edge:declared:db.YetsEmail:year_end_tax_settlement	9982.16,20621.63 9893.42,18387.35
edge:declared:db.YetsEmailAuthentication:yets_employee	8087.54,33184.67 7920.82,32179.86
edge:declared:db.YetsEmployee:employee	8015.69,32049.86 10635.45,14051.90
edge:declared:db.YetsEmployee:year_end_tax_settlement	7984.56,32049.86 9764.66,18477.35
edge:declared:db.YetsEmployeeFile:employee	22468.91,34272.52 8124.19,32150.60
edge:declared:db.YetsEmployeeResult:yets_employee	9591.31,30910.72 8016.86,32049.86
edge:declared:db.YetsEmployeeResultAssistanceMessageRelation:assistance_message	14045.72,31710.01 15781.38,32625.10
edge:declared:db.YetsEmployeeResultAssistanceMessageRelation:result	13820.78,31636.01 9726.43,30910.72
edge:declared:db.YetsEmployeeResultStatusLog:result	9921.96,31270.87 9621.90,30910.72
edge:declared:db.YetsEmployeeResultWhtReceipt:result	22107.51,32879.91 9742.42,30910.72
edge:declared:db.YetsEmployeeSubmissionLog:yets_employee	8446.54,32765.71 7994.55,32179.86
edge:declared:db.YetsEmployeeUploadForm:yets_employee	10433.44,33008.53 8124.19,32154.20
edge:declared:db.YetsEmployeeUploadFormStatusLog:yets_employee_upload_form	10142.45,33880.25 10533.43,33077.22
edge:declared:db.ZuzuTaxPhoneToken:phone	6898.00,10717.33 6627.44,10874.29
edge:declared:document_ai.DocumentAiProcessResult:request	26771.96,31761.21 27357.75,28830.61
edge:declared:fi_sta.FiStaCompanyCeo:fi_sta_company	32510.81,32446.51 31708.36,35324.31
edge:declared:fi_sta.FiStaCompanySearchResult:fi_sta_company	31756.12,33852.07 31698.53,35324.31
edge:declared:fi_sta.FiStaContractDocument:participant	29804.47,35977.43 30285.64,36449.03
edge:declared:fi_sta.FiStaContractDocument:stock_transfer_agreement_document	29634.56,35963.92 27635.28,36471.65
edge:declared:fi_sta.FiStaContractDocument:stock_transfer_notice_poa_document	29772.05,35977.43 29860.41,36272.09
edge:declared:fi_sta.FiStaContractDocument:stock_unissued_confirmation_poa_document	29757.55,35887.43 29679.18,32381.46
edge:declared:fi_sta.FiStaManagement:fi_sta_company	33625.96,38146.67 31725.37,35406.31
edge:declared:fi_sta.FiStaParticipant:fi_sta_user	30441.42,36547.03 32250.03,37384.77
edge:declared:fi_sta.FiStaStockTransferAgreementDocument:starter	27643.84,36511.78 30211.63,36498.66
edge:declared:fi_sta.FiStaStockTransferNoticePoaDocument:signer	29962.39,36346.09 30215.26,36449.03
edge:declared:fi_sta.FiStaStockUnissuedConfirmationPoaDocument:signer	29684.21,32381.46 30327.88,36449.03
edge:declared:fi_sta.FiStaTransferStock:stock_transfer_agreement_document	29243.72,36770.18 27643.84,36537.39
edge:declared:fi_sta.FiStaUser:fi_sta_management	32394.10,37458.77 33587.43,38146.67
edge:declared:vertex_ai.VertexAiPredictionResult:request	35698.79,16856.53 35625.52,16971.97
edge:inheritance:db.AgendaBonusIssueNewIssueBalanceCertificateFile->db.FileAttachment	19334.08,18260.92 20161.18,18153.21
edge:inheritance:db.AgendaBonusIssueNewIssueMinutesFile->db.FileAttachment	18653.60,17023.77 20161.18,17992.11
edge:inheritance:db.Announcement->db.QuestionThread	20945.13,10518.96 20526.40,10975.84
edge:inheritance:db.AppointedDirectorCertificateOfSealDocument->db.MeetingDocument	18399.22,27806.88 16389.38,27135.22
edge:inheritance:db.AppointedDirectorResidentRegistrationDocument->db.MeetingDocument	18829.29,27806.88 16389.38,27125.50
edge:inheritance:db.ArticlesOfIncorporationAfterChangeDocument->db.MeetingDocument	19259.37,27806.88 16389.38,27118.53
edge:inheritance:db.ArticlesOfIncorporationBeforeChangeDocument->db.MeetingDocument	19689.44,27806.88 16389.38,27113.28
edge:inheritance:db.ArticlesOfIncorporationDocument->db.MeetingDocument	18413.93,27922.88 16389.38,27144.21
edge:inheritance:db.AuditReportDocument->db.MeetingDocument	18846.90,27922.88 16389.38,27133.01
edge:inheritance:db.BalanceCertificateDocument->db.MeetingDocument	18049.89,24895.76 16389.38,26879.11
edge:inheritance:db.BeforeunloadPdfEvent->db.PdfEvent	30548.42,9264.91 31140.37,9550.03
edge:inheritance:db.BigNumberValueWithVisibility->db.ValueWithVisibility	34215.53,2893.60 33738.35,2895.40
edge:inheritance:db.BranchAbolitionEvent->db.Event	17175.40,17520.03 16410.06,16319.06
edge:inheritance:db.BranchChangeEvent->db.Event	18828.58,17479.88 16474.35,16286.92
edge:inheritance:db.BranchInstallationEvent->db.Event	18690.74,17822.03 16474.35,16319.06
edge:inheritance:db.BulkEmailCommonAttachment->db.FileAttachment	19427.71,17776.42 20161.18,18044.88
edge:inheritance:db.BulkEmailRecipientAttachment->db.FileAttachment	18946.69,18684.29 20161.18,18191.16
edge:inheritance:db.CapitalChangeEvent->db.Event	16178.23,12028.01 16329.52,16101.06
edge:inheritance:db.CaptableAfterNewIssueDocument->db.MeetingDocument	19279.86,27922.88 16389.38,27124.98
edge:inheritance:db.CaptableAtRecordDateDocument->db.MeetingDocument	19712.83,27922.88 16389.38,27118.93
edge:inheritance:db.CaptableBeforeNewIssueDocument->db.MeetingDocument	18425.21,28038.88 16389.38,27153.20
edge:inheritance:db.CeoAddressChangeEvent->db.Event	15920.37,14987.28 16292.62,16101.06
edge:inheritance:db.CeoConfirmationDocument->db.MeetingDocument	18860.40,28038.88 16389.38,27140.52
edge:inheritance:db.CeoTypeChangedCeoResidentRegistrationDocument->db.MeetingDocument	19295.58,28038.88 16389.38,27131.43
edge:inheritance:db.CertificateOfCorporateSealDocument->db.MeetingDocument	19730.77,28038.88 16389.38,27124.58
edge:inheritance:db.CertificateOfSealNotarizationPoaDocument->db.MeetingDocument	18434.13,28154.88 16389.38,27162.19
edge:inheritance:db.CmeBulkEmail->db.BulkEmail	17016.52,16071.01 14806.91,16641.77
edge:inheritance:db.CmeBulkEmailRecipient->db.BulkEmailRecipient	16989.86,16372.86 19834.44,18485.35
edge:inheritance:db.CmeBulkEmailTemplate->db.BulkEmailTemplate	20076.22,14541.59 19244.20,14479.43
edge:inheritance:db.CoCeoSystemChangeEvent->db.Event	16472.23,12032.01 16332.01,16101.06
edge:inheritance:db.CompanyAddressChangeEvent->db.Event	18842.14,17603.88 16474.35,16293.80
edge:inheritance:db.CompanyBulkEmailTemplate->db.BulkEmailTemplate	18872.40,14172.10 18996.20,14526.93
edge:inheritance:db.CompanyDocumentDelivery->db.DocumentDelivery	18447.19,11011.93 19451.44,11042.21
edge:inheritance:db.CompanyEndorsementFeed->db.CompanyFeed	25460.13,2330.31 27131.71,1125.97
edge:inheritance:db.CompanyFeed->db.Feed	27200.72,1125.97 26961.04,3916.15
edge:inheritance:db.CompanyIrClosingFeed->db.CompanyFeed	27267.22,3287.26 27206.75,1125.97
edge:inheritance:db.CompanyIrNewCommitFeed->db.CompanyFeed	27727.45,3116.72 27218.81,1125.97
edge:inheritance:db.CompanyIrOpenFeed->db.CompanyFeed	27865.82,2482.67 27230.10,1125.97
edge:inheritance:db.CompanyNewsFeed->db.CompanyFeed	18917.90,6175.61 27119.19,1125.97
edge:inheritance:db.CompanyOwnerAuditLog->db.AuditLog	10738.20,5905.91 18292.53,3559.80
edge:inheritance:db.CompanyPaymentLink->db.PaymentLink	22132.45,10576.04 24988.52,12153.54
edge:inheritance:db.CompanyQuestionThread->db.QuestionThread	19154.48,12964.40 20359.17,11113.84
edge:inheritance:db.CompanyTanTableView->db.TanTableView	14458.79,5428.19 13264.23,6635.71
edge:inheritance:db.ConsentFormModusignDocument->db.ModusignDocument	23697.44,33240.79 23077.84,20872.06
edge:inheritance:db.ConsentFormModusignEmbeddedDraft->db.ModusignEmbeddedDraft	21981.59,23598.27 21870.98,23211.43
edge:inheritance:db.ConsentFormOptionItem->db.ConsentFormItem	22719.72,25135.19 23304.69,28171.56
edge:inheritance:db.CorporateRegistrationDocument->db.MeetingDocument	18871.07,28154.88 16389.38,27148.04
edge:inheritance:db.CustomOptionGrantContractTemplate->db.OptionGrantContractTemplate	19947.65,15654.83 19607.65,15457.95
edge:inheritance:db.CustomOptionGrantContractTemplateRevision->db.OptionGrantContractTemplateRevision	20832.59,15381.21 20211.78,15954.32
edge:inheritance:db.DebtConfirmationAndOffsetContractDocument->db.MeetingDocument	17903.79,26492.69 16389.38,27008.48
edge:inheritance:db.Director->db.Stakeholder	17087.77,15727.47 11989.61,19024.39
edge:inheritance:db.DirectorAppointmentEvent->db.Event	16270.37,14987.31 16306.57,16101.06
edge:inheritance:db.DirectorCompensationDecisionEvent->db.Event	15951.87,15107.28 16285.03,16101.06
edge:inheritance:db.DirectorCompensationLimitEvent->db.Event	16284.87,15105.83 16310.59,16101.06
edge:inheritance:db.DirectorDecisionDocument->db.MeetingDocument	19308.02,28154.88 16389.38,27137.88
edge:inheritance:db.DirectorResidentRegistrationWithAddressChangeHistoryDocument->db.MeetingDocument	19744.96,28154.88 16389.38,27130.24
edge:inheritance:db.DirectorTermEndEvent->db.Event	15830.41,15231.28 16223.51,16101.06
edge:inheritance:db.DirectorsMeetingMinutesDocument->db.MeetingDocument	18441.37,28270.88 16389.38,27171.18
edge:inheritance:db.DirectorsMeetingNoticeDocument->db.MeetingDocument	18879.73,28270.88 16389.38,27155.55
edge:inheritance:db.DirectorsMeetingNoticeEmail->db.BulkEmail	15164.91,20026.74 14806.91,16753.57
edge:inheritance:db.DirectorsMeetingNoticeEmailRecipient->db.BulkEmailRecipient	16091.20,20348.38 19764.13,18594.87
edge:inheritance:db.DirectorsMeetingSkipNoticeDocument->db.MeetingDocument	19318.10,28270.88 16389.38,27144.33
edge:inheritance:db.DocumentLoadedPdfEvent->db.PdfEvent	31023.00,9369.67 31187.98,9550.03
edge:inheritance:db.ESOPParticipant->db.Employee	11070.10,15108.98 10723.80,14051.90
edge:inheritance:db.ElectronicCertificateApplicationFormDocument->db.MeetingDocument	19756.47,28270.88 16389.38,27135.89
edge:inheritance:db.ElectronicCertificateCaseReportDocument->db.MeetingDocument	18447.35,28386.88 16389.38,27180.17
edge:inheritance:db.Employee->db.Stakeholder	10642.47,14051.90 11769.22,18968.45
edge:inheritance:db.EmployeeOptionExerciseEvent->db.Event	16793.73,12032.01 16409.89,16101.06
edge:inheritance:db.EmployeeOptionExerciseManagementEmail->db.BulkEmail	14442.25,13549.33 14677.17,16615.57
edge:inheritance:db.EmployeeOptionGrantee->db.Employee	11181.06,12531.53 10681.04,13849.90
edge:inheritance:db.EmployeeStockGuideEmail->db.BulkEmail	13264.44,16889.51 14546.91,16747.16
edge:inheritance:db.ExpertClientSignupChannel->db.SignupChannel	23796.92,13821.97 24117.67,13501.93
edge:inheritance:db.FeeReceiptDocument->db.MeetingDocument	18886.90,28386.88 16389.38,27163.06
edge:inheritance:db.FileValueWithVisibility->db.ValueWithVisibility	34564.53,2893.39 33738.35,2895.54
edge:inheritance:db.FinancialStatementsDocument->db.MeetingDocument	19326.44,28386.88 16389.38,27150.78
edge:inheritance:db.FinancialStatementsForNewIssueFromConversionDocument->db.MeetingDocument	18527.89,24891.76 16389.38,26879.11
edge:inheritance:db.HrmAlpUsagePlan->db.HrmApprovable	8226.03,18047.61 6007.93,17298.71
edge:inheritance:db.HrmAnnualLeave->db.HrmLeaveBase	6887.73,21994.70 6447.15,21183.35
edge:inheritance:db.HrmAnnualLeaveFiscalBasedConfig->db.HrmAnnualLeaveConfigBase	7145.48,25939.93 6895.86,23082.88
edge:inheritance:db.HrmAnnualLeaveHireBasedConfig->db.HrmAnnualLeaveConfigBase	6821.01,24957.11 6891.24,23082.88
edge:inheritance:db.HrmAttendance->db.HrmApprovable	6430.18,17284.90 6007.93,17246.40
edge:inheritance:db.HrmAttendanceLocation->db.HrmApprovable	8084.12,16624.78 6007.93,17220.76
edge:inheritance:db.HrmCertificateIssue->db.HrmApprovable	8431.34,15547.80 5949.75,17200.71
edge:inheritance:db.HrmCompensatoryLeave->db.HrmLeaveBase	5467.95,20894.91 6271.51,21079.17
edge:inheritance:db.HrmCustomLeave->db.HrmLeaveBase	5819.77,20904.85 6271.51,21062.80
edge:inheritance:db.HrmDeptAbolishedEvent->db.HrmDeptStatusEventBase	3857.18,22992.74 3802.47,21638.59
edge:inheritance:db.HrmDeptCreatedEvent->db.HrmDeptStatusEventBase	3712.50,20823.68 3796.13,21556.59
edge:inheritance:db.HrmDeptNameChangedEvent->db.HrmDeptNameEventBase	2959.88,19713.93 2678.74,20005.51
edge:inheritance:db.HrmDeptNameEventBase->db.HrmDeptEventBase	2679.07,20079.51 2891.87,20298.13
edge:inheritance:db.HrmDeptParentChangedEvent->db.HrmDeptParentEventBase	3200.38,19922.93 3542.66,19941.21
edge:inheritance:db.HrmDeptParentEventBase->db.HrmDeptEventBase	3590.71,19984.51 2997.83,20298.13
edge:inheritance:db.HrmDeptStatusEventBase->db.HrmDeptEventBase	3772.46,21556.59 2953.46,20372.13
edge:inheritance:db.HrmDocument->db.HrmApprovable	4722.81,16451.98 5759.93,17240.48
edge:inheritance:db.HrmEmpAbsenceEvent->db.HrmEmpStatusEventBase	7593.26,14942.13 7428.64,15165.19
edge:inheritance:db.HrmEmpAffiliationChangedEvent->db.HrmEmpAffiliationEventBase	6246.05,16169.06 6733.57,16372.11
edge:inheritance:db.HrmEmpAffiliationEventBase->db.HrmEmpEventBase	6877.19,16376.81 6941.65,16536.30
edge:inheritance:db.HrmEmpContractModusignDocument->db.ModusignDocument	23866.18,35905.94 23081.84,20869.69
edge:inheritance:db.HrmEmpDepartedEvent->db.HrmEmpStatusEventBase	8382.28,14932.65 7567.02,15186.42
edge:inheritance:db.HrmEmpEmploymentTypeChangedEvent->db.HrmEmpEmploymentTypeEventBase	7340.67,16476.28 7058.92,16622.03
edge:inheritance:db.HrmEmpEmploymentTypeEventBase->db.HrmEmpEventBase	6998.74,16622.03 7046.92,16543.29
edge:inheritance:db.HrmEmpJobChangedEvent->db.HrmEmpJobEventBase	6663.19,15471.27 6628.67,15721.70
edge:inheritance:db.HrmEmpJobEventBase->db.HrmEmpEventBase	6654.74,15795.70 7028.48,16469.29
edge:inheritance:db.HrmEmpJoinedEvent->db.HrmEmpStatusEventBase	7840.60,15659.77 7454.60,15271.19
edge:inheritance:db.HrmEmpReturnToWorkEvent->db.HrmEmpStatusEventBase	7951.52,14800.77 7478.73,15165.19
edge:inheritance:db.HrmEmpStatusEventBase->db.HrmEmpEventBase	7438.21,15271.19 7177.65,16516.53
edge:inheritance:db.HrmFamilyCareLeave->db.HrmLeaveBase	5467.95,20997.96 6271.51,21094.08
edge:inheritance:db.HrmFixedWork->db.HrmWorkBase	5323.81,18475.94 5289.61,18617.52
edge:inheritance:db.HrmGrantableLeave->db.HrmLeaveBase	6644.63,20229.12 6427.15,21037.35
edge:inheritance:db.HrmInfertilityTreatmentLeave->db.HrmLeaveBase	5844.95,21007.74 6271.51,21085.54
edge:inheritance:db.HrmLeaveUsage->db.HrmApprovable	8857.94,18137.17 6007.93,17298.71
edge:inheritance:db.HrmMaternityLeave->db.HrmLeaveBase	5467.95,21204.08 6271.51,21123.92
edge:inheritance:db.HrmMenstrualLeave->db.HrmLeaveBase	5831.95,21197.90 6271.51,21131.04
edge:inheritance:db.HrmMiscarriageLeave->db.HrmLeaveBase	5467.95,21307.14 6271.51,21138.83
edge:inheritance:db.HrmPaternityLeave->db.HrmLeaveBase	5829.80,21294.85 6271.51,21153.78
edge:inheritance:db.HrmPersonalLocation->db.HrmApprovable	8410.86,16349.07 6007.93,17212.55
edge:inheritance:db.HrmReserveTrainingLeave->db.HrmLeaveBase	5465.89,21410.85 6271.51,21153.75
edge:inheritance:db.HrmSelectiveWork->db.HrmWorkBase	5335.76,18919.09 5290.31,18739.52
edge:inheritance:db.HrmSelectiveWorkPlan->db.HrmApprovable	6038.81,17060.73 5899.84,17200.71
edge:inheritance:db.HrmStaggeredWork->db.HrmWorkBase	4440.13,19354.04 5199.49,18739.52
edge:inheritance:db.IBKSignupChannel->db.SignupChannel	24582.00,13441.76 24313.92,13432.82
edge:inheritance:db.IaCertificateOfInvestmentDocument->db.InvestmentAssociationDocument	33682.27,18223.61 32836.92,19061.50
edge:inheritance:db.IaConsentFormDocument->db.InvestmentAssociationDocument	34111.36,18227.61 32865.67,19061.50
edge:inheritance:db.IaConsentFormOrMeetingElectronicSignatureRequestModusignDocument->db.ModusignDocument	27287.46,19928.52 23081.84,20848.53
edge:inheritance:db.IaConsentFormOrMeetingElectronicSignatureRequestModusignEmbeddedDraft->db.ModusignEmbeddedDraft	25661.97,23673.54 21997.90,23181.63
edge:inheritance:db.IaConsentFormOrMeetingElectronicSignatureRequiredDocument->db.InvestmentAssociationDocument	31322.91,19760.09 32639.24,19181.60
edge:inheritance:db.IaExpertPartnerBulkEmailTemplate->db.BulkEmailTemplate	20951.69,14977.97 19244.20,14561.43
edge:inheritance:db.IaExplanationFormForElectronicSignatureDocument->db.InvestmentAssociationDocument	33072.51,19348.14 32925.24,19170.90
edge:inheritance:db.IaGpAppointmentEvent->db.InvestmentAssociationEvent	32279.31,17369.44 30715.11,17121.96
edge:inheritance:db.IaGpTerminationEvent->db.InvestmentAssociationEvent	32547.16,17719.84 30712.19,17139.97
edge:inheritance:db.IaMeetingAgendaCustom->db.IaMeetingAgenda	32675.88,20952.20 32407.51,20620.12
edge:inheritance:db.IaMeetingMinutesDocument->db.InvestmentAssociationDocument	32056.69,19936.45 32742.61,19183.50
edge:inheritance:db.IaMeetingNoticeDocument->db.InvestmentAssociationDocument	31707.79,19738.07 32711.62,19183.50
edge:inheritance:db.IaMeetingSealedNoticeDocumentFile->db.FileAttachment	26837.02,19181.54 20541.18,18179.31
edge:inheritance:db.IaMeetingShortenPeriodDocument->db.InvestmentAssociationDocument	33673.23,18351.61 32845.04,19061.50
edge:inheritance:db.IaModusignDocumentUsageHistory->db.BaseModusignDocumentUsageHistory	25196.94,13128.11 24350.95,12927.03
edge:inheritance:db.IaOwnerAuditLog->db.AuditLog	23431.91,1670.00 18491.93,3485.80
edge:inheritance:db.IaPartnerListDocument->db.InvestmentAssociationDocument	32579.87,18739.29 32785.56,19061.50
edge:inheritance:db.IaPaymentLink->db.PaymentLink	25959.32,12033.94 25168.88,12179.20
edge:inheritance:db.IaPfCompanyInvestmentSalesIntent->db.SalesIntent	31160.08,22629.51 32349.45,23634.00
edge:inheritance:db.IaQuestionThread->db.QuestionThread	21662.05,11738.78 20604.71,11113.84
edge:inheritance:db.IaRuleDocument->db.InvestmentAssociationDocument	31387.36,19107.59 32639.24,19114.29
edge:inheritance:db.IaSealStampImage->db.FileAttachment	21358.22,18179.17 20541.18,18126.51
edge:inheritance:db.IaWrittenResolutionDocument->db.InvestmentAssociationDocument	34103.04,18351.61 32878.06,19061.50
edge:inheritance:db.ImAcVcBroker->db.ImZuzuBroker	27451.36,10668.06 29407.80,10540.31
edge:inheritance:db.ImIndividualGpBroker->db.ImZuzuBroker	29226.50,10724.37 29468.05,10569.60
edge:inheritance:db.ImInvestorBroker->db.ImBroker	31950.45,10646.20 30179.33,10514.10
edge:inheritance:db.ImIrPartnerBroker->db.ImBroker	28952.16,10373.47 29931.33,10490.08
edge:inheritance:db.ImPitchingDay->db.ImDay	30064.23,8892.62 30662.99,9042.03
edge:inheritance:db.ImPitchingDayParticipation->db.ImDayParticipation	28799.15,7396.27 30446.60,8716.40
edge:inheritance:db.ImZuzuBroker->db.ImBroker	29643.80,10526.42 29931.33,10511.35
edge:inheritance:db.InauguralConsentDocument->db.MeetingDocument	13804.05,22822.52 16067.72,26879.11
edge:inheritance:db.IncorporationRequestAssistanceReceipt->db.FileAttachment	21408.42,16452.01 20489.21,17896.81
edge:inheritance:db.IndividualStakeholder->db.Stakeholder	12301.25,20506.67 11877.90,19282.45
edge:inheritance:db.IndividualStockOptionCancelEvent->db.IndividualInvestorEvent	34663.10,30420.32 33610.85,29660.19
edge:inheritance:db.IndividualStockOptionExerciseEvent->db.IndividualInvestorEvent	35002.75,31708.80 33579.82,29660.19
edge:inheritance:db.IndividualStockOptionGrantEvent->db.IndividualInvestorEvent	33668.25,27571.02 33551.19,29570.19
edge:inheritance:db.IndividualStockOptionPauseEvent->db.IndividualInvestorEvent	30127.00,28781.67 33424.56,29584.98
edge:inheritance:db.IndividualStockOptionResumeEvent->db.IndividualInvestorEvent	30701.64,31267.65 33471.03,29660.19
edge:inheritance:db.IndividualStockOptionSalesIntent->db.SalesIntent	31143.00,23688.72 32275.26,23672.67
edge:inheritance:db.InputSignupChannel->db.SignupChannel	24631.77,13949.62 24284.49,13501.93
edge:inheritance:db.InstitutionStakeholder->db.Stakeholder	11898.06,21310.87 11828.96,19282.45
edge:inheritance:db.InvestmentAssociationAssociationPartner->db.InvestmentAssociationOrganizationPartner	33092.03,15012.45 34302.60,16064.70
edge:inheritance:db.InvestmentAssociationCorporationPartner->db.InvestmentAssociationOrganizationPartner	35267.56,15068.63 34401.57,16064.70
edge:inheritance:db.InvestmentAssociationIndividualPartner->db.InvestmentAssociationPartner	33200.69,16476.65 35301.81,17769.10
edge:inheritance:db.InvestmentAssociationOrganizationPartner->db.InvestmentAssociationPartner	34389.27,16162.70 35391.41,17758.09
edge:inheritance:db.InvestmentAssociationOrganizationPartnerCorporationSigner->db.InvestmentAssociationOrganizationPartnerSigner	34772.27,13788.86 34380.71,13980.36
edge:inheritance:db.InvestmentAssociationOrganizationPartnerIndividualSigner->db.InvestmentAssociationOrganizationPartnerSigner	34151.67,13859.24 34251.58,13980.36
edge:inheritance:db.InvestmentAssociationPartnerSalesIntent->db.SalesIntent	33525.09,22183.78 32421.42,23634.00
edge:inheritance:db.InvestmentContractHolder->db.Stakeholder	12129.01,18155.28 11866.12,18968.45
edge:inheritance:db.InvestorRelations->db.InvestorMatching	28291.78,5048.03 26605.16,8899.81
edge:inheritance:db.IrClosingComplete->db.IrClosing	29469.25,2009.32 30351.75,3815.60
edge:inheritance:db.IrClosingExpired->db.IrClosing	30360.92,4496.62 30371.08,3897.60
edge:inheritance:db.IrClosingIncomplete->db.IrClosing	31216.34,3894.70 30495.78,3862.19
edge:inheritance:db.IrConsultingRequest->db.ImConsultingRequest	26186.21,7764.41 25529.75,7055.79
edge:inheritance:db.IrFeed->db.Feed	27563.22,5076.49 26977.80,3990.15
edge:inheritance:db.IrosOtpIssueMeetingDocument->db.MeetingDocument	10766.34,23601.40 16033.38,26962.41
edge:inheritance:db.LawtalkSignupAttachment->db.FileAttachment	19339.27,16102.94 20243.65,17896.81
edge:inheritance:db.LedgerByCustomerDocument->db.MeetingDocument	18039.89,25015.76 16389.38,26879.11
edge:inheritance:db.LegalPartnerSignupChannel->db.SignupChannel	23314.67,13680.29 24065.92,13465.71
edge:inheritance:db.ManualOptionVesting->db.OptionVesting	15491.00,18191.25 15533.21,18139.61
edge:inheritance:db.ManualProduct->db.Product	23463.55,10455.05 23590.01,10551.36
edge:inheritance:db.MeetingAttachment->db.FileAttachment	18640.85,17177.34 20161.18,18010.07
edge:inheritance:db.Mna->db.InvestorMatching	26229.92,8749.08 26436.80,8899.81
edge:inheritance:db.MnaConsultingRequest->db.ImConsultingRequest	25100.30,7053.38 25367.77,7027.01
edge:inheritance:db.NcpSignupChannel->db.SignupChannel	25196.78,13906.21 24313.92,13488.42
edge:inheritance:db.NewCeoCertificateOfSealDocument->db.MeetingDocument	18892.92,28502.88 16389.38,27170.57
edge:inheritance:db.NewCeoResidentRegistrationDocument->db.MeetingDocument	19333.45,28502.88 16389.38,27157.23
edge:inheritance:db.NewIssueNoticeEmail->db.BulkEmail	12465.13,23174.08 14806.91,16753.57
edge:inheritance:db.NewIssueSkipNoticeDocument->db.MeetingDocument	18492.89,25019.76 16389.38,26879.11
edge:inheritance:db.NewIssueStockAcceptanceDocument->db.MeetingDocument	18316.54,26492.69 16389.38,27021.74
edge:inheritance:db.NewIssueStockAllocationDocument->db.MeetingDocument	18075.89,25143.76 16389.38,26879.11
edge:inheritance:db.NewIssueStockAllocationRecordDateNoticeDocument->db.MeetingDocument	18169.66,25956.19 16389.38,26980.23
edge:inheritance:db.NewIssueStockSubscriptionDocument->db.MeetingDocument	17883.76,26608.69 16389.38,27020.01
edge:inheritance:db.NewIssueStockUnissuedConfirmationDocument->db.MeetingDocument	18291.62,26608.69 16389.38,27031.01
edge:inheritance:db.NonUnifiedShareManagementSalesIntent->db.SalesIntent	30157.54,25691.17 32352.31,23708.00
edge:inheritance:db.NonUnifiedShareSucPoaModusignDocument->db.ModusignDocument	23285.36,22174.30 23081.84,20855.90
edge:inheritance:db.NotarizationPoaDocument->db.MeetingDocument	19773.99,28502.88 16389.38,27147.19
edge:inheritance:db.OptionExerciseClaimAttachment->db.FileAttachment	13715.77,17175.71 20161.18,18057.37
edge:inheritance:db.OptionExerciseClaimMeetingDocument->db.MeetingDocument	14412.73,21840.75 16069.66,26879.11
edge:inheritance:db.OptionExerciseManagementEmail->db.BulkEmail	14818.21,15826.94 14685.69,16615.57
edge:inheritance:db.OptionGrantContractCeo->db.OptionGrantContractStakeholder	19650.32,15116.74 19663.58,15206.72
edge:inheritance:db.OptionGrantContractFirstRefusalRightHolder->db.OptionGrantContractStakeholder	19997.33,15123.24 19743.00,15206.72
edge:inheritance:db.OptionGrantContractModusignDocument->db.ModusignDocument	21760.85,19776.39 22809.84,20718.33
edge:inheritance:db.OptionGrantContractModusignEmbeddedDraft->db.ModusignEmbeddedDraft	21131.56,20987.54 21845.77,23105.43
edge:inheritance:db.OptionGrantEvent->db.Event	15899.79,18415.31 16404.26,16319.06
edge:inheritance:db.OptionGrantee->db.Stakeholder	14851.06,18996.81 11989.61,19139.74
edge:inheritance:db.OptionWithdrawEvent->db.Event	16472.23,12148.01 16332.64,16101.06
edge:inheritance:db.OtherDocumentArchiveAttachment->db.FileAttachment	19995.64,16500.10 20303.13,17896.81
edge:inheritance:db.PageNumberUpdatedPdfEvent->db.PdfEvent	31547.55,9651.48 31349.49,9614.30
edge:inheritance:db.PayrollStatementEmail->db.BulkEmail	12312.76,17050.84 14546.91,16750.41
edge:inheritance:db.PayrollStatementEmailRecipient->db.BulkEmailRecipient	11917.61,17272.78 19764.13,18535.48
edge:inheritance:db.PerformanceRsuVestingItem->db.RsuVestingItem	15446.18,13690.47 15081.39,13718.18
edge:inheritance:db.PeriodPhantomStockVestingItem->db.PhantomStockVestingItem	10821.19,17892.89 10644.74,17534.25
edge:inheritance:db.PeriodRsuVestingItem->db.RsuVestingItem	15418.02,13572.90 15081.39,13685.96
edge:inheritance:db.PeriodicOptionVesting->db.OptionVesting	15206.56,18167.23 15465.37,18139.61
edge:inheritance:db.PhantomStockCancelEvent->db.Event	16784.73,12148.01 16410.22,16101.06
edge:inheritance:db.PhantomStockExerciseEvent->db.Event	16180.23,12264.01 16322.97,16101.06
edge:inheritance:db.PhantomStockGrantEvent->db.Event	16370.10,12264.01 16331.29,16101.06
edge:inheritance:db.PhantomStockGrantee->db.Stakeholder	11261.79,18242.70 11758.30,18968.45
edge:inheritance:db.PhantomStockPauseEvent->db.Event	15944.07,15432.34 16254.13,16101.06
edge:inheritance:db.PhantomStockResumeEvent->db.Event	16166.43,15602.44 16302.41,16101.06
edge:inheritance:db.PingpongDeliveryAddress->db.Address	22830.41,12920.17 23239.20,18514.69
edge:inheritance:db.Playbook->db.MembershipContent	2481.19,1259.04 2689.66,1804.78
edge:inheritance:db.Post->db.MembershipContent	2208.41,1375.04 2659.60,1804.78
edge:inheritance:db.ProofOfEmploymentDocument->db.MeetingDocument	18456.68,28618.88 16389.38,27198.15
edge:inheritance:db.QuarterlyReportRequestAttachment->db.FileAttachment	24962.70,17116.03 20541.18,18061.76
edge:inheritance:db.QuarterlyReportSignupChannel->db.SignupChannel	27048.93,13737.64 24313.92,13462.11
edge:inheritance:db.QuestionMessageAttachment->db.FileAttachment	21251.90,18032.82 20541.18,18097.09
edge:inheritance:db.RegistrationAssistanceReceipt->db.FileAttachment	21189.54,16311.63 20452.07,17896.81
edge:inheritance:db.RegistrationFormAllInOneDocument->db.MeetingDocument	18898.06,28618.88 16389.38,27178.08
edge:inheritance:db.RegistrationFormAoiChangeDocument->db.MeetingDocument	19339.43,28618.88 16389.38,27163.68
edge:inheritance:db.RegistrationFormBranchChangeDocument->db.MeetingDocument	19780.81,28618.88 16389.38,27152.85
edge:inheritance:db.RegistrationFormCaptableDocument->db.MeetingDocument	18732.59,25270.03 16389.38,26934.05
edge:inheritance:db.RegistrationFormCeoAddressChangeDocument->db.MeetingDocument	18460.38,28734.88 16389.38,27207.14
edge:inheritance:db.RegistrationFormDirectorChangeDocument->db.MeetingDocument	18902.49,28734.88 16389.38,27185.60
edge:inheritance:db.RegistrationFormHeadOfficeInsideRelocationDocument->db.MeetingDocument	19881.20,24455.95 16389.38,26919.97
edge:inheritance:db.RegistrationFormHeadOfficeOutsideRelocationDocument->db.MeetingDocument	19881.20,24571.95 16389.38,26954.19
edge:inheritance:db.RegistrationFormNewIssueDocument->db.MeetingDocument	19344.59,28734.88 16389.38,27170.13
edge:inheritance:db.RegistrationFormNewOptionsRuleDocument->db.MeetingDocument	19786.70,28734.88 16389.38,27158.50
edge:inheritance:db.RegistrationPoaDocument->db.MeetingDocument	18463.61,28850.88 16389.38,27216.13
edge:inheritance:db.RegularProduct->db.Product	23507.48,10754.32 23609.36,10625.36
edge:inheritance:db.ResignationLetterDocument->db.MeetingDocument	13804.84,22938.52 16063.53,26879.11
edge:inheritance:db.ResignedDirectorCertificateOfSealDocument->db.MeetingDocument	18906.35,28850.88 16389.38,27193.11
edge:inheritance:db.RsaForfeitEvent->db.Event	15989.92,16207.29 16178.35,16202.58
edge:inheritance:db.RsaVestConfirmEvent->db.Event	16600.73,15828.01 16411.24,16101.06
edge:inheritance:db.RsuCancelEvent->db.Event	16178.23,12345.97 16305.02,16101.06
edge:inheritance:db.RsuExerciseClaimCandidateEmailRecipient->db.BulkEmailRecipient	13806.14,15991.84 19764.13,18487.27
edge:inheritance:db.RsuExerciseEvent->db.Event	15806.34,15563.85 16200.33,16101.06
edge:inheritance:db.RsuExerciseManagementEmail->db.BulkEmail	14596.18,16437.58 14630.99,16615.57
edge:inheritance:db.RsuGrantContractModusignDocument->db.ModusignDocument	20833.23,18724.13 22809.84,20710.06
edge:inheritance:db.RsuGrantEvent->db.Event	16361.40,12380.01 16330.76,16101.06
edge:inheritance:db.RsuGrantee->db.Stakeholder	13477.24,16435.73 11918.24,18968.45
edge:inheritance:db.RsuPauseEvent->db.Event	15852.09,16728.16 16178.35,16316.92
edge:inheritance:db.RsuPerformanceAchievementEvent->db.Event	16805.23,12380.01 16410.35,16101.06
edge:inheritance:db.RsuResumeEvent->db.Event	15964.43,16851.11 16267.62,16319.06
edge:inheritance:db.RtccEmail->db.BulkEmail	15058.93,16284.41 14749.39,16615.57
edge:inheritance:db.RtccInvestorFile->db.FileAttachment	19404.71,18137.52 20161.18,18119.91
edge:inheritance:db.SafeCreateEvent->db.Event	17060.16,16882.75 16440.80,16319.06
edge:inheritance:db.SalesReportDocument->db.MeetingDocument	19349.09,28850.88 16389.38,27176.59
edge:inheritance:db.SealStampCardContinuedUseApplicationFormDocument->db.MeetingDocument	10768.32,23717.40 16033.38,26966.16
edge:inheritance:db.SealStampDeclarationDocument->db.MeetingDocument	10770.43,23833.40 16033.38,26969.91
edge:inheritance:db.SealStampImage->db.FileAttachment	19190.68,16502.73 20192.52,17896.81
edge:inheritance:db.SealedOptionGrantContractDocument->db.MeetingDocument	19791.84,28850.88 16389.38,27164.15
edge:inheritance:db.SealedOptionGrantShareholdersMeetingResolutionDocument->db.MeetingDocument	18466.44,28966.88 16389.38,27225.13
edge:inheritance:db.Shareholder->db.Stakeholder	12373.43,23337.47 11844.63,19282.45
edge:inheritance:db.ShareholdersAgreementModusignDocument->db.ModusignDocument	22238.44,20705.31 22809.84,20780.36
edge:inheritance:db.ShareholdersAgreementModusignEmbeddedDraft->db.ModusignEmbeddedDraft	21663.87,23351.82 21791.49,23211.43
edge:inheritance:db.ShareholdersCertificateOfSealDocument->db.MeetingDocument	18909.74,28966.88 16389.38,27200.62
edge:inheritance:db.ShareholdersMeetingAuditReportDocument->db.MeetingDocument	19353.05,28966.88 16389.38,27183.04
edge:inheritance:db.ShareholdersMeetingConvocationNoticeEmail->db.BulkEmail	18107.75,20748.00 14806.91,16753.57
edge:inheritance:db.ShareholdersMeetingConvocationNoticeEmailAttachment->db.FileAttachment	19946.70,19511.37 20299.41,18330.81
edge:inheritance:db.ShareholdersMeetingConvocationNoticeEmailRecipient->db.ShareholdersMeetingConvocationNoticeRecipient	19880.77,18715.35 19297.90,22682.17
edge:inheritance:db.ShareholdersMeetingConvocationNoticeWrittenRecipient->db.ShareholdersMeetingConvocationNoticeRecipient	20357.15,23743.04 19347.33,22772.17
edge:inheritance:db.ShareholdersMeetingMinutesDocument->db.MeetingDocument	19796.35,28966.88 16389.38,27169.81
edge:inheritance:db.ShareholdersMeetingNoticeDocument->db.MeetingDocument	18468.96,29082.88 16389.38,27234.12
edge:inheritance:db.ShareholdersMeetingPowerOfAttorneyDocument->db.MeetingDocument	18912.75,29082.88 16389.38,27208.13
edge:inheritance:db.ShareholdersMeetingPowerOfAttorneyIndividualDocument->db.MeetingDocument	17282.54,24571.19 16268.62,26879.11
edge:inheritance:db.ShareholdersMeetingShortenPeriodDocument->db.MeetingDocument	19356.55,29082.88 16389.38,27189.49
edge:inheritance:db.ShareholdersMeetingShortenPeriodIndividualDocument->db.MeetingDocument	17282.09,24687.19 16271.00,26879.11
edge:inheritance:db.ShareholdersMeetingSkipNoticeDocument->db.MeetingDocument	19800.35,29082.88 16389.38,27175.46
edge:inheritance:db.ShareholdersMeetingWrittenDecisionDocument->db.MeetingDocument	18471.20,29198.88 16389.38,27243.11
edge:inheritance:db.ShareholdersMeetingWrittenDecisionIndividualDocument->db.MeetingDocument	17281.60,24803.19 16273.60,26879.11
edge:inheritance:db.ShareholdersWrittenResolutionDocument->db.MeetingDocument	18915.44,29198.88 16389.38,27215.64
edge:inheritance:db.StockTransferAgreementModusignDocument->db.ModusignDocument	20153.73,20079.80 22809.84,20755.05
edge:inheritance:db.StockTransferAgreementModusignEmbeddedDraft->db.ModusignEmbeddedDraft	21149.29,21650.90 21815.87,23105.43
edge:inheritance:db.SubscriptionModusignDocumentUsageHistory->db.BaseModusignDocumentUsageHistory	27215.82,11620.38 24350.95,12884.96
edge:inheritance:db.TaxReceiptDocument->db.MeetingDocument	19359.68,29198.88 16389.38,27195.94
edge:inheritance:db.Template->db.MembershipContent	2484.40,1375.04 2685.76,1804.78
edge:inheritance:db.TextValueWithVisibility->db.ValueWithVisibility	34232.03,3032.09 33738.35,2922.13
edge:inheritance:db.UserProfileImage->db.FileAttachment	20966.36,18336.79 20541.18,18183.40
edge:inheritance:db.VentureCapitalPaymentLink->db.PaymentLink	26607.01,11453.50 25168.88,12155.22
edge:inheritance:db.Webinar->db.MembershipContent	2219.79,1491.04 2645.75,1804.78
edge:inheritance:db.Whitepaper->db.MembershipContent	4031.79,3539.93 2742.13,1894.78
edge:inheritance:db.WrittenStatementDocument->db.MeetingDocument	19803.92,29198.88 16389.38,27181.11
edge:inheritance:db.YetsAssistanceCreatorUser->db.YetsAssistanceCreator	13248.30,32418.67 13504.96,32221.43
edge:inheritance:db.YetsAssistanceCreatorYetsEmployee->db.YetsAssistanceCreator	10019.77,32227.32 13435.11,32185.86
edge:inheritance:db.YetsAssistanceMessageFile->db.FileAttachment	22529.28,33721.24 20359.05,18330.81
edge:inheritance:db.YetsEmail->db.BulkEmail	9982.16,20621.47 14588.94,16753.57
edge:inheritance:db.YetsEmployeeFile->db.FileAttachment	22708.91,34198.53 20366.53,18330.81
edge:inheritance:db.YetsEmployeeResultWhtReceipt->db.FileAttachment	22376.51,32805.91 20356.09,18330.81
edge:inheritance:db.ZuzuOptionGrantContractTemplate->db.OptionGrantContractTemplate	20556.02,15358.27 19607.65,15360.56
edge:inheritance:db.ZuzuOptionGrantContractTemplateRevision->db.OptionGrantContractTemplateRevision	20286.24,15482.40 20171.01,15954.32
