edge:declared:db.AgendaBonusIssue:certificate_of_payment_for_the_share_file	18190.68,20110.29 20465.18,18734.70
edge:declared:db.AgendaBonusIssue:meeting_draft	17918.68,20203.09 16600.15,20626.80
edge:declared:db.AgendaBonusIssueNewIssueBalanceCertificateFile:agenda_bonus_issue	18967.10,19709.23 18190.68,20120.24
edge:declared:db.AgendaBonusIssueNewIssueMinutesFile:agenda_bonus_issue	18513.76,20081.28 18190.68,20135.05
edge:declared:db.AgendaBonusIssueSharesToIssue:agenda_bonus_issue	16086.78,18815.72 18103.80,20057.21
edge:declared:db.AgendaBonusIssueSharesToIssue:share_class	15991.66,18741.72 15547.56,18272.31
edge:declared:db.AgendaBorrowCapital:meeting_draft	16731.72,20150.02 16539.90,20423.38
edge:declared:db.AgendaBranchChange:address	17796.88,20042.47 23920.17,19003.03
edge:declared:db.AgendaBranchChange:installation_event	17717.18,20014.52 19180.23,18396.12
edge:declared:db.AgendaBranchChange:meeting_draft	17576.22,20112.52 16600.15,20607.31
edge:declared:db.AgendaCashDividends:meeting_draft	15758.30,20612.96 16280.15,20568.40
edge:declared:db.AgendaCeoAddressChange:meeting_draft	13033.02,21913.16 16280.15,20679.84
edge:declared:db.AgendaCeoAddressChangeItem:agenda_ceo_address_change	12801.36,22480.02 12915.42,21995.16
edge:declared:db.AgendaCeoAddressChangeItem:stakeholder	12761.22,22480.02 10128.96,19507.16
edge:declared:db.AgendaChangeOfAoiClassStock:aoi	19572.78,20601.18 19223.86,20600.68
edge:declared:db.AgendaChangeOfAoiCustom:aoi	19668.38,19791.56 19021.40,20535.41
edge:declared:db.AgendaChangeOfAoiCustom:changed_part	19714.97,19709.56 20677.12,18734.70
edge:declared:db.AgendaChangeOfAoiDirectorCompensationRule:aoi	19741.92,20704.04 19223.86,20627.52
edge:declared:db.AgendaChangeOfAoiNumberOfDirectors:aoi	19307.56,20450.08 19166.78,20535.41
edge:declared:db.AgendaChangeOfAoiThirdPartyAllocation:aoi	19380.95,20818.55 19141.85,20665.41
edge:declared:db.AgendaChangeOfArticlesOfIncorporation:_deprecated_changed_part	19136.32,20535.41 20697.72,18734.70
edge:declared:db.AgendaChangeOfArticlesOfIncorporation:meeting_draft	18856.86,20626.05 16600.15,20629.71
edge:declared:db.AgendaCoCeoSystemChange:meeting_draft	16081.34,21080.30 16360.45,20713.38
edge:declared:db.AgendaCompanyNameChange:meeting_draft	17060.65,20934.24 16600.15,20657.72
edge:declared:db.AgendaCustom:meeting_draft	16117.57,20950.89 16296.70,20713.38
edge:declared:db.AgendaDirectorChange:stakeholder	12604.67,22775.83 10076.82,19507.16
edge:declared:db.AgendaDirectorCompensationItem:director_compensation	11608.19,20388.34 15045.68,21636.51
edge:declared:db.AgendaDirectorCompensationItem:stakeholder	11445.92,20314.34 10128.96,19507.16
edge:declared:db.AgendaDirectorCompensationRule:meeting_draft	16591.73,20930.74 16489.64,20713.38
edge:declared:db.AgendaFinancialStatements:audit_report	17463.48,20204.07 20465.18,18734.70
edge:declared:db.AgendaFinancialStatements:meeting_draft	17217.02,20258.28 16600.15,20504.39
edge:declared:db.AgendaHeadOfficeRelocation:address	18562.77,21624.87 23920.17,19086.04
edge:declared:db.AgendaHeadOfficeRelocation:meeting_draft	18355.03,21624.87 16600.15,20655.03
edge:declared:db.AgendaHeadOfficeRelocationAoiChange:meeting_draft	16956.27,20689.74 16600.15,20630.51
edge:declared:db.AgendaMethodOfGivingPublicNoticeChange:daily_newspaper	17425.23,20000.77 17125.12,15319.52
edge:declared:db.AgendaMethodOfGivingPublicNoticeChange:meeting_draft	17177.73,20082.77 16600.15,20463.42
edge:declared:db.AgendaNewIssue:financial_statements	16220.43,22253.78 20579.31,18734.70
edge:declared:db.AgendaNewIssue:meeting_draft	16194.24,22253.78 16465.38,20713.38
edge:declared:db.AgendaNewIssueItem:new_issue	19374.76,25283.58 16281.37,22423.78
edge:declared:db.AgendaNewIssueItemFromConversion:new_issue_item	19229.50,25878.25 19419.07,25413.58
edge:declared:db.AgendaNewIssueItemFromPayment:new_issue_item	18663.50,25620.09 19315.07,25393.87
edge:declared:db.AgendaNewIssueItemInstitutionMember:institution	21151.34,26077.40 19662.13,25086.94
edge:declared:db.AgendaNewIssueItemInstitutionMemberCeo:member	19943.87,25685.08 21098.10,26077.40
edge:declared:db.AgendaNewIssueItemShareClass:item	18736.94,25288.40 19315.07,25338.05
edge:declared:db.AgendaNewIssueItemShareholder:item	19590.18,25086.94 19479.93,25283.58
edge:declared:db.AgendaNewIssueNewShareClass:new_issue	16577.45,22409.24 16281.37,22361.03
edge:declared:db.AgendaNewOptionsRule:meeting_draft	16924.40,21069.94 16600.15,20713.38
edge:declared:db.AgendaNewOrChangeRsuRule:meeting_draft	17093.01,21115.11 16600.15,20702.22
edge:declared:db.AgendaOptionCancel:meeting_draft	15042.19,21018.82 16280.15,20601.33
edge:declared:db.AgendaOptionCancelGrantee:option_cancel	14054.66,21003.15 14794.19,20988.29
edge:declared:db.AgendaOptionCancelGrantee:option_grantee	13933.40,20964.68 14129.68,19268.61
edge:declared:db.AgendaOptionCancelOption:_deprecated_grantee	14278.51,21036.17 14054.66,21016.66
edge:declared:db.AgendaOptionCancelOption:option_cancel	14504.98,21065.32 14794.19,21039.03
edge:declared:db.AgendaOptionCancelOptionDistribution:option	14265.53,21188.44 14338.73,21118.17
edge:declared:db.AgendaOptionExercise:meeting_draft	13400.43,21754.41 16280.15,20673.91
edge:declared:db.AgendaOptionExerciseClaim:option_exercise	13016.99,21616.91 13207.35,21751.94
edge:declared:db.AgendaOptionExerciseClaim:option_exercise_claim	12939.49,21534.91 11341.77,17915.16
edge:declared:db.AgendaOptionExerciseGrantee:option_exercise	13363.25,21619.39 13299.86,21751.94
edge:declared:db.AgendaOptionExerciseGrantee:option_grantee	13398.37,21529.39 14129.68,19268.61
edge:declared:db.AgendaOptionExerciseGranteeOption:grantee	13250.64,21417.98 13345.50,21529.39
edge:declared:db.AgendaOptionGrant:meeting_draft	15719.28,19843.46 16280.78,20423.38
edge:declared:db.AgendaOptionGrantGrantee:_deprecated_option_grant_event	14767.12,19187.73 14915.27,18343.94
edge:declared:db.AgendaOptionGrantGrantee:option_grant	14832.39,19285.73 15473.52,19753.46
edge:declared:db.AgendaOptionGrantGrantee:option_grantee	14586.17,19230.27 14129.68,19206.50
edge:declared:db.AgendaOptionGrantGrantee:stakeholder	14586.17,19247.22 10128.96,19378.43
edge:declared:db.AgendaPurposeChange:meeting_draft	17763.83,21799.37 16600.15,20713.38
edge:declared:db.AgendaPurposeChangeItem:agenda_purpose_change	17894.01,21960.89 17837.10,21881.37
edge:declared:db.AgendaRsuGrant:meeting_draft	15798.68,20853.11 16280.15,20639.46
edge:declared:db.AgendaRsuGrantGrantee:rsu	13223.10,18206.27 14549.94,15331.15
edge:declared:db.AgendaRsuGrantGrantee:rsu_grant	13223.10,18206.27 15573.33,20881.25
edge:declared:db.AgendaRsuGrantGrantee:stakeholder	13223.10,18206.27 10128.96,19307.95
edge:declared:db.AgendaSubsidiaryEstablishment:meeting_draft	15844.55,21409.22 16309.98,20713.38
edge:declared:db.AgendaTemplate:company	24780.07,8399.87 16194.99,12370.47
edge:declared:db.AiPayrollLedger:payroll	2658.95,5006.15 4263.84,4598.18
edge:declared:db.AlimtalkActivityRecipient:activity	35507.60,14348.77 36294.92,14156.77
edge:declared:db.AlimtalkActivityRecipientStatusHistory:recipient	35333.84,14474.22 35361.99,14420.00
edge:declared:db.AllocatedSeat:stakeholder	8179.83,13978.51 9879.15,19193.16
edge:declared:db.Announcement:company_set	20772.72,12239.19 16194.99,12450.33
edge:declared:db.Announcement:subscription_plan_set	20947.22,12192.47 21244.03,11953.60
edge:declared:db.AnnualSalary:employee	10142.82,14974.95 8613.36,15007.50
edge:declared:db.AnnualSalary:ledger	10378.82,14991.14 11206.25,15118.61
edge:declared:db.Article:third_party_provider	20628.21,19740.32 20455.54,19771.98
edge:declared:db.Article:thumbnail_image	20750.56,19676.58 20712.60,18734.70
edge:declared:db.ArticlePublishHistory:article	20785.38,19889.54 20760.12,19758.58
edge:declared:db.ArticlesOfIncorporation:_deprecated_daily_newspaper	17169.37,15366.85 17203.10,15319.52
edge:declared:db.ArticlesOfIncorporation:articles_of_incorporation_file	17213.85,15480.85 20465.18,18307.16
edge:declared:db.ArticlesOfIncorporation:company	17056.09,15366.85 16094.15,12675.32
edge:declared:db.ArticlesOfIncorporation:source_meeting	17213.85,15480.85 17249.81,17446.73
edge:declared:db.ArticlesOfIncorporationAnalyzationRequest:company	13155.30,7659.22 15876.16,12241.32
edge:declared:db.ArticlesOfIncorporationAnalyzationResult:request	10746.72,7940.94 12950.92,7646.61
edge:declared:db.AuditLog:actor_api_key	17341.15,7245.37 17713.75,7441.03
edge:declared:db.AvailableModusignRequest:company	21292.33,19377.97 16185.77,12675.32
edge:declared:db.AvailableModusignRequest:modusign_account	21359.87,19451.97 22105.35,20236.99
edge:declared:db.BalanceCertificateDocument:new_issue_agenda	14419.99,22683.63 16009.37,22423.78
edge:declared:db.BalanceCertificateDocument:option_exercise_agenda	14219.99,22668.05 13329.75,21849.94
edge:declared:db.BaseModusignDocumentUsageHistory:modusign_document	25566.34,13635.75 23681.06,20555.49
edge:declared:db.BaseModusignDocumentUsageHistory:purchase	25255.34,13634.30 23095.61,13782.76
edge:declared:db.BranchAbolitionEvent:installation_event	18579.21,18240.16 18969.84,18320.53
edge:declared:db.BranchChangeEvent:address	19670.00,18552.30 23920.17,18958.06
edge:declared:db.BranchChangeEvent:installation_event	19457.20,18499.46 19217.84,18388.94
edge:declared:db.BranchInstallationEvent:address	19217.84,18372.95 23920.17,18929.80
edge:declared:db.BulkEmail:sender_mail_integration	13467.44,17219.60 13104.12,17113.94
edge:declared:db.BulkEmail:template_revision	13727.44,17234.25 17342.72,16569.05
edge:declared:db.BulkEmailCommonAttachment:bulk_email	15920.59,17854.92 13727.44,17304.35
edge:declared:db.BulkEmailRecipient:bulk_email	17211.80,19074.01 13727.44,17325.95
edge:declared:db.BulkEmailRecipient:email_activity_recipient	17392.34,19188.01 25682.80,23085.19
edge:declared:db.BulkEmailRecipientAttachment:recipient	17726.86,19027.48 17392.34,19157.42
edge:declared:db.BulkEmailTemplateRevision:template	17582.72,16545.03 19319.47,15056.35
edge:declared:db.BusinessPlan:company	13984.22,11958.60 15814.99,12411.21
edge:declared:db.BusinessPlanAiAnalysis:business_plan_ai_review	11993.05,11144.49 13667.79,11747.97
edge:declared:db.BusinessPlanAiAnalysisItem:ai_analysis_feedback	10225.55,10519.05 9840.08,10365.31
edge:declared:db.BusinessPlanAiAnalysisItem:business_plan_ai_analysis	10445.83,10601.05 11785.14,11070.49
edge:declared:db.BusinessPlanAiAnalysisItemImprovement:ai_analysis_feedback	9775.62,10480.91 9753.97,10365.31
edge:declared:db.BusinessPlanAiAnalysisItemImprovement:business_plan_ai_analysis_item	9954.56,10531.71 10196.32,10549.64
edge:declared:db.BusinessPlanAiReview:business_plan	13806.83,11829.97 13843.16,11892.33
edge:declared:db.BusinessPlanAiReview:company	13905.68,11826.31 15814.99,12401.18
edge:declared:db.BusinessRegistrationCertificate:company	19514.90,9826.14 16194.99,12315.74
edge:declared:db.CaptableRequest:captable_file	18649.67,16494.84 20465.18,18300.70
edge:declared:db.CaptableRequest:company	18582.16,16412.84 16185.18,12675.32
edge:declared:db.CashIncentive:category	11234.16,13994.27 11329.71,13813.24
edge:declared:db.CashIncentive:employee	11039.35,14076.27 8613.36,14956.22
edge:declared:db.CashIncentiveCategory:company	11467.24,13742.92 15814.99,12515.31
edge:declared:db.CashIncentiveItem:cash_incentive	10349.40,14015.32 11028.39,14032.10
edge:declared:db.CashPayment:purchase	23097.50,14077.54 23009.46,13924.22
edge:declared:db.CeoAddressChangeEvent:director	16108.16,16590.06 16500.26,16513.95
edge:declared:db.Charge:credit	20720.59,13717.36 20857.11,13820.05
edge:declared:db.Charge:meeting	20630.21,13717.36 17367.52,17446.73
edge:declared:db.CmeBulkEmail:cme	17983.36,16458.58 20066.63,14540.69
edge:declared:db.CmeBulkEmailRecipient:_deprecated_cme_bulk_email	18125.97,16434.17 17983.36,16459.01
edge:declared:db.CmeBulkEmailRecipient:cme_company	18300.95,16371.57 19185.12,14142.12
edge:declared:db.CmeBulkEmailTemplate:cme	20079.64,14900.19 20135.42,14540.69
edge:declared:db.CmeCompany:company	19106.79,14113.32 16194.99,12565.95
edge:declared:db.CmeCompany:company_managing_entity	19366.79,14142.12 20007.23,14419.41
edge:declared:db.CmeCompany:contact_set	19366.79,14142.12 20717.29,14684.08
edge:declared:db.CmeCompanyContact:cme_company	19659.35,14179.63 19366.79,14113.34
edge:declared:db.CmeCompanyContactNotificationSettings:cme_company_contact	19697.43,14102.50 19746.96,14168.15
edge:declared:db.CmeCompanyDirectorTermManagement:cme_company	19567.41,13978.18 19366.79,14041.85
edge:declared:db.CmeCompanyNote:cme_company	19184.81,13897.08 19220.02,14028.12
edge:declared:db.CmeCompanyRegistration:cme_contact	20627.78,14771.73 20705.42,14755.31
edge:declared:db.CmeCompanyRegistration:company_managing_entity	20452.11,14730.29 20217.62,14540.69
edge:declared:db.CmeCompanyRegistrationFile:cme_company_registration	20700.33,14867.50 20586.36,14812.29
edge:declared:db.CmeContact:company_managing_entity	20706.11,14684.08 20267.23,14523.92
edge:declared:db.CmeMemberRelation:company_managing_entity	20661.41,14448.47 20267.23,14468.37
edge:declared:db.Company:sso_configuration	15814.99,12478.04 14992.58,12566.60
edge:declared:db.CompanyAddressChangeEvent:address	19636.79,18422.60 23920.17,18954.06
edge:declared:db.CompanyAppointedTransferAgentChange:company	20908.87,9855.81 16194.99,12357.48
edge:declared:db.CompanyAuthorizedSharesChange:company	23565.78,9464.41 16194.99,12383.11
edge:declared:db.CompanyBenefit:company	18914.64,10676.93 16194.99,12341.92
edge:declared:db.CompanyBulkEmailTemplate:company	18826.78,13901.61 16194.99,12542.41
edge:declared:db.CompanyCreateAssignmentReadiness:company	17041.55,8639.58 16026.33,12241.32
edge:declared:db.CompanyCreateProgress:company_create_request	23757.07,16872.23 23954.34,17183.20
edge:declared:db.CompanyCreateRequest:address	24002.43,17313.20 24140.36,18836.04
edge:declared:db.CompanyCreateRequest:articles_of_incorporation_attachment	23866.54,17294.51 20845.18,18370.84
edge:declared:db.CompanyCreateRequest:company	23887.88,17183.20 16194.99,12581.45
edge:declared:db.CompanyDepartment:department_code	9792.58,14091.60 9766.83,14043.07
edge:declared:db.CompanyDepartmentCode:organization_chart	9859.35,13964.00 10387.57,13828.36
edge:declared:db.CompanyDocumentAIAnalysis:company	18144.86,16028.15 16171.19,12675.32
edge:declared:db.CompanyDocumentAIAnalysis:file	18211.18,16110.15 20465.18,18300.70
edge:declared:db.CompanyDocumentDelivery:company	18290.48,12641.35 16194.99,12472.57
edge:declared:db.CompanyEndorsement:company	24092.25,8583.96 16194.99,12367.37
edge:declared:db.CompanyEndorsementFeed:company_endorsement	27514.95,6483.12 24238.78,8509.96
edge:declared:db.CompanyExpertClientRelation:company	20193.80,13951.59 16194.99,12515.07
edge:declared:db.CompanyExpertClientRelation:expert_client	20372.35,14025.59 21604.77,14629.15
edge:declared:db.CompanyFeed:company	28352.07,5467.89 16194.99,12348.77
edge:declared:db.CompanyFeedAccessLog:company_feeds	41116.19,3977.10 28569.71,5400.82
edge:declared:db.CompanyFeedAccessLog:venture_capital	41220.02,4001.87 38065.67,12270.07
edge:declared:db.CompanyFeedRating:company_feed	29497.12,3812.57 28480.49,5361.89
edge:declared:db.CompanyGuideState:company	17601.41,12514.23 16194.99,12465.39
edge:declared:db.CompanyInvestmentContractInfo:company	19280.36,12923.46 16194.99,12485.22
edge:declared:db.CompanyInvestorInterest:company	28924.29,8501.84 16194.99,12398.35
edge:declared:db.CompanyInvestorInterest:venture_capital	29124.85,8502.72 37803.46,12392.24
edge:declared:db.CompanyInvitation:invitee	17121.36,9739.12 16076.58,12241.32
edge:declared:db.CompanyIrClosingFeed:investor_relations	29216.53,6278.36 30469.17,7439.94
edge:declared:db.CompanyIrNewCommitFeed:investor_relations	29810.39,6136.75 30536.41,7439.94
edge:declared:db.CompanyIrOpenFeed:investor_relations	29981.32,5598.90 30567.23,7439.94
edge:declared:db.CompanyIrSetting:company	21489.31,8065.11 16194.99,12306.09
edge:declared:db.CompanyLegalPartnerRelation:company	21944.75,14344.16 16194.99,12507.95
edge:declared:db.CompanyLegalPartnerRelation:legal_partner	22104.27,14418.16 22372.95,14645.84
edge:declared:db.CompanyManagementAssignment:company	15502.61,9316.11 15956.61,12241.32
edge:declared:db.CompanyManagingEntity:expert_client	20267.23,14490.40 21604.77,14641.77
edge:declared:db.CompanyManagingEntity:expert_partner	20267.23,14494.33 22332.50,14790.48
edge:declared:db.CompanyManagingEntity:holding_company	20267.23,14432.69 20368.42,14409.33
edge:declared:db.CompanyMethodOfGivingPublicNoticeChange:company	17001.29,14918.26 16095.10,12675.32
edge:declared:db.CompanyMethodOfGivingPublicNoticeChange:daily_newspaper	17040.55,14992.26 17201.70,15237.52
edge:declared:db.CompanyMnaSetting:company	18985.14,12153.68 16194.99,12438.82
edge:declared:db.CompanyNameChange:company	12888.83,10896.41 15814.99,12363.00
edge:declared:db.CompanyNews:company	18990.99,8116.51 16154.70,12241.32
edge:declared:db.CompanyNewsFeed:company_news	19193.39,8227.93 19143.18,8075.43
edge:declared:db.CompanyNewsLink:company_news	18723.51,7436.70 19000.23,8034.51
edge:declared:db.CompanyNotificationSetting:company	14924.77,11464.63 15814.99,12270.87
edge:declared:db.CompanyNotificationTrigger:notification_setting	14649.42,11249.34 14835.25,11390.63
edge:declared:db.CompanyOptionRule:company	18967.38,12949.69 16194.99,12489.75
edge:declared:db.CompanyOverview:company	15866.85,10616.70 15958.54,12241.32
edge:declared:db.CompanyOwnerAddRequest:company	17019.86,10379.64 16102.54,12241.32
edge:declared:db.CompanyOwnerAuditLog:company	8813.75,7786.10 15814.99,12334.85
edge:declared:db.CompanyOwnerAuditLogOwnerRoleRelation:company_owner_audit_log	9252.82,8801.18 8774.78,7786.10
edge:declared:db.CompanyOwnerAuditLogOwnerRoleRelation:owner_role	9266.91,8875.18 9103.03,10971.08
edge:declared:db.CompanyOwnerNotificationTrigger:trigger	14452.88,11109.55 14534.30,11175.34
edge:declared:db.CompanyParValueChange:_deprecated_articles_of_incorporation	16968.52,15651.67 17052.52,15480.85
edge:declared:db.CompanyParValueChange:company	16939.51,15651.67 16069.46,12675.32
edge:declared:db.CompanyPaymentLink:company	22959.02,12167.26 16194.99,12451.24
edge:declared:db.CompanyPolicyFile:company	16593.10,9713.92 16025.89,12241.32
edge:declared:db.CompanyProfileAccessLog:company	28871.47,8717.17 16194.99,12399.41
edge:declared:db.CompanyProfileAccessLog:venture_capital	29077.26,8719.89 37803.46,12397.53
edge:declared:db.CompanyPromotionWinLog:company	14366.00,8665.26 15911.47,12241.32
edge:declared:db.CompanyPromotionWinLog:prize_type	14472.50,8604.23 14985.95,8518.90
edge:declared:db.CompanyPromotionWinLog:promotion	14472.50,8623.59 14890.98,8618.74
edge:declared:db.CompanyPurposeChange:company	16867.02,14138.88 16116.41,12675.32
edge:declared:db.CompanyPurposeChangeItem:company_purpose_change	16994.60,14357.03 16908.86,14212.88
edge:declared:db.CompanyPurposeChangeItem:industrial_code	17038.23,14431.03 17191.39,14698.80
edge:declared:db.CompanyQuestionThread:company	18872.96,14222.84 16194.99,12584.79
edge:declared:db.CompanyQuestionThread:expert_partner	19156.96,14330.86 22332.50,14725.78
edge:declared:db.CompanyRegistrationAssignment:company	21830.33,10272.76 16194.99,12387.03
edge:declared:db.CompanyRegistrationAssignmentLog:company	20344.59,11837.53 16194.99,12431.09
edge:declared:db.CompanyRsuRule:_deprecate_articles_of_incorporation	16882.31,15216.48 17038.02,15366.85
edge:declared:db.CompanyRsuRule:company	16832.56,15142.48 16070.74,12675.32
edge:declared:db.CompanySsoEmailDomain:configuration	14013.78,12577.12 14744.58,12579.48
edge:declared:db.CompanySsoIdentity:configuration	14484.02,12635.32 14744.58,12597.29
edge:declared:db.CompanyStockTransferRestrictedChange:company	15910.10,10774.44 15972.87,12241.32
edge:declared:db.CompanyStockValue:company	19735.56,9305.64 16194.99,12297.67
edge:declared:db.CompanyTag:company_set	20826.41,10037.79 16194.99,12362.91
edge:declared:db.CompanyTanTableView:company	10546.43,10036.81 15814.99,12373.92
edge:declared:db.CompanyTodo:company	22462.06,10309.95 16194.99,12395.09
edge:declared:db.CompanyUpdateRequest:change_detection	18128.15,14153.12 18191.26,14386.74
edge:declared:db.CompanyUpdateRequest:company	18064.09,14071.12 16194.99,12624.65
edge:declared:db.CompanyUpdateRequest:company_question_thread	18241.07,14145.85 18872.96,14317.71
edge:declared:db.CompanyUserRelation:company	7555.20,11807.99 15814.99,12447.25
edge:declared:db.CompanyUserRelation:stakeholder	7447.34,11847.39 9867.47,19193.16
edge:declared:db.CompanyUserRelationOwnerRoleRelation:company_user_relation	8512.95,11585.93 7555.20,11774.04
edge:declared:db.CompanyUserRelationOwnerRoleRelation:owner_role	8693.77,11511.93 9058.81,11069.08
edge:declared:db.ConsentForm:investor	27232.77,36239.94 10780.47,22780.23
edge:declared:db.ConsentForm:item	27275.35,36239.94 23910.08,26716.37
edge:declared:db.ConsentForm:uploaded_consent_form_file	27274.51,36239.94 20791.06,18734.70
edge:declared:db.ConsentFormModusignDocument:consent_form	30575.46,28018.58 27312.83,36239.94
edge:declared:db.ConsentFormModusignEmbeddedDraft:consent_form	27214.08,35425.02 27290.93,36239.94
edge:declared:db.CorporateRegistration:attachment	18949.56,15656.97 20478.88,18300.70
edge:declared:db.CorporateRegistration:company	18882.54,15558.97 16194.99,12675.32
edge:declared:db.CorporateRegistrationChangeConfirmation:change_detection	18424.75,14386.82 18365.07,14400.86
edge:declared:db.CorporateRegistrationChangeConfirmation:staff_review_required_question_thread	18767.75,14333.44 18872.96,14319.24
edge:declared:db.CorporateRegistrationChangeDetection:company	18148.02,14386.74 16194.99,12672.70
edge:declared:db.CorporateRegistrationChangeDetection:xml_file	18269.51,14484.74 20493.20,18300.70
edge:declared:db.CorporateRegistrationChangeDetectionParseResult:change_detection	18349.44,14271.13 18245.63,14386.74
edge:declared:db.CorporateRegistrationExtractionLog:corporate_registration_issue_log	20635.30,16159.30 20751.36,15985.36
edge:declared:db.CorporateRegistrationIssueCoupon:company	18836.00,13507.69 16194.99,12520.64
edge:declared:db.CorporateRegistrationIssueCouponIssueLog:coupon	18990.02,13703.10 18767.59,13589.69
edge:declared:db.CorporateRegistrationIssueCouponUseRequest:coupon	19279.21,14721.74 18685.51,13589.69
edge:declared:db.CorporateRegistrationIssueCouponUseResult:corporate_registration	19609.37,15616.21 19029.52,15656.97
edge:declared:db.CorporateRegistrationIssueCouponUseResult:log	19923.09,15643.68 20643.55,15887.36
edge:declared:db.CorporateRegistrationIssueCouponUseResult:request	19777.58,15561.68 19323.85,14795.74
edge:declared:db.CorporateRegistrationIssueLog:_deprecated_staff_review_required_question_thread	20877.79,15887.36 19156.96,14393.67
edge:declared:db.CorporateRegistrationIssueLog:pdf_file	20924.55,15985.36 20738.37,18300.70
edge:declared:db.CorporateRegistrationIssueMaintenance:third_party_api_notice	33627.98,15829.60 32791.06,15825.95
edge:declared:db.CorporateRegistrationIssueRequest:delivery	19155.29,12468.51 19363.05,12423.31
edge:declared:db.CorporateRegistrationPaidIssue:company	20274.13,13803.26 16194.99,12507.52
edge:declared:db.CorporateRegistrationPaidIssue:corporate_registration	20368.59,13885.26 18955.59,15558.97
edge:declared:db.CorporationPostRegistrationEmail:company	15319.75,9446.57 15955.64,12241.32
edge:declared:db.CorporationPostRegistrationScheduledEmail:corporation_post_registration_email	15389.94,7968.51 15313.58,9372.57
edge:declared:db.CorporationPostRegistrationScheduledEmailPeriodicTaskRelation:corporation_post_registration_scheduled_email	14724.43,7578.83 15322.75,7894.51
edge:declared:db.Credit:company	20800.20,13829.34 16194.99,12503.26
edge:declared:db.CreditCard:company	24407.35,13394.30 16194.99,12474.37
edge:declared:db.CreditCard:investment_association	24655.35,13456.58 30510.49,16550.10
edge:declared:db.CreditCard:legal_partner	24655.35,13456.58 22640.50,14645.84
edge:declared:db.CreditCard:venture_capital	24655.35,13421.31 37803.46,12488.13
edge:declared:db.CreditUse:credit	22160.36,13906.90 21048.20,13869.25
edge:declared:db.CreditUse:purchase	22396.36,13894.90 22799.61,13840.01
edge:declared:db.CsAgentResponse:inquiry_thread_message	25138.61,11436.07 24382.59,11463.60
edge:declared:db.CsAgentResponseFeedBack:cs_agent_response	25753.24,11360.68 25386.61,11414.12
edge:declared:db.DebtConfirmationAndOffsetContractDocument:new_issue_item	17578.95,25572.29 19315.07,25364.16
edge:declared:db.DepartmentStaffUserRelation:department	18020.01,31850.15 15195.10,32310.21
edge:declared:db.DirectorAppointmentEvent:director	16220.41,16201.01 16510.56,16367.95
edge:declared:db.DirectorCompensationDecisionEvent:director	16677.66,16815.25 16611.12,16513.95
edge:declared:db.DirectorCompensationLimitEvent:director	16495.21,16616.35 16582.99,16513.95
edge:declared:db.DirectorTermEndEvent:appointment_event	16178.44,16323.67 16155.13,16201.01
edge:declared:db.DirectorTermEndEvent:director	16310.23,16395.91 16500.26,16443.78
edge:declared:db.DirectorVote:agenda	14958.34,20833.00 15145.55,20942.62
edge:declared:db.DirectorVote:attended_director	14908.47,20759.00 14778.35,20672.91
edge:declared:db.DirectorVotingRightsPerAgenda:agenda	14720.74,20861.73 15145.55,20969.11
edge:declared:db.DirectorVotingRightsPerAgenda:director	14633.33,20787.73 14672.66,20672.91
edge:declared:db.DirectorsMeeting:chairperson	15318.29,20314.14 14808.79,20558.91
edge:declared:db.DirectorsMeeting:meeting	15484.56,20192.14 17102.08,17680.73
edge:declared:db.DirectorsMeeting:sealed_meeting_minutes_file	15575.27,20212.38 20465.18,18679.26
edge:declared:db.DirectorsMeetingAgenda:agenda_bonus_issue	15429.55,21004.61 17918.68,20167.16
edge:declared:db.DirectorsMeetingAgenda:agenda_branch_change	15429.55,20981.29 17553.11,20112.52
edge:declared:db.DirectorsMeetingAgenda:agenda_co_ceo_system_change	15429.55,21041.65 15926.15,21105.39
edge:declared:db.DirectorsMeetingAgenda:agenda_custom	15429.55,21017.80 15962.65,20996.78
edge:declared:db.DirectorsMeetingAgenda:agenda_director_change	15145.55,21120.54 12723.22,22775.83
edge:declared:db.DirectorsMeetingAgenda:agenda_director_compensation_decision	15179.77,21120.54 15170.51,21636.51
edge:declared:db.DirectorsMeetingAgenda:agenda_financial_statements	15429.55,20983.07 17215.48,20251.42
edge:declared:db.DirectorsMeetingAgenda:agenda_head_office_relocation	15429.55,21109.77 18321.43,21653.52
edge:declared:db.DirectorsMeetingAgenda:agenda_new_issue	15429.55,21120.54 16077.98,22253.78
edge:declared:db.DirectorsMeetingAgenda:agenda_option_cancel	15145.55,21025.98 15042.19,21026.93
edge:declared:db.DirectorsMeetingAgenda:agenda_rsu_grant	15429.55,20983.57 15573.33,20937.25
edge:declared:db.DirectorsMeetingAgenda:agenda_shareholders_meeting_convocation	15429.55,21110.47 15660.85,21216.62
edge:declared:db.DirectorsMeetingAgenda:agenda_subsidiary_establishment	15429.55,21120.54 15768.93,21409.22
edge:declared:db.DirectorsMeetingAgenda:meeting	15429.55,20965.37 15443.92,20314.14
edge:declared:db.DirectorsMeetingDirectorAttendance:stakeholder	14527.19,20575.82 10128.96,19507.16
edge:declared:db.DirectorsMeetingNoticeEmail:directors_meeting	15887.02,19263.17 15477.90,20192.14
edge:declared:db.DirectorsMeetingNoticeEmailRecipient:director	15721.41,19620.98 14751.34,20558.91
edge:declared:db.DirectorsMeetingNoticeEmailRecipient:email	15788.20,19538.98 15889.95,19263.17
edge:declared:db.DocumentDelivery:delivery	20144.46,12440.69 20388.11,12388.53
edge:declared:db.DocumentDeliveryQuestionThreadRelation:document_delivery	20227.60,12566.73 20105.81,12508.23
edge:declared:db.DocumentDeliveryQuestionThreadRelation:question_thread	20570.60,12564.96 20784.99,12614.41
edge:declared:db.DocumentParseResult:attachment	20199.51,16866.21 20175.23,17196.56
edge:declared:db.DormantUserEmail:user	-666.02,30220.42 -2273.73,31226.17
edge:declared:db.DormantUserPhone:user	-1538.92,29641.89 -2319.13,31226.17
edge:declared:db.DormantUserReactivationToken:user	-465.80,30355.39 -2255.04,31226.17
edge:declared:db.ESOP:company	9578.56,16700.09 15814.99,12620.36
edge:declared:db.ESOP:shareholder	9503.02,16814.09 10690.15,22650.23
edge:declared:db.ESOPParticipant:esop	9132.21,15961.48 9466.25,16700.09
edge:declared:db.EditableCompanyOwnerAuditLog:company	16463.89,10057.15 16024.86,12241.32
edge:declared:db.ElectronicCertificate:company	17087.68,16959.43 16066.94,12675.32
edge:declared:db.ElectronicCertificate:director	17037.08,16959.43 16772.26,16513.95
edge:declared:db.ElectronicCertificateApplicationFormDocument:stakeholder	7969.06,25150.62 9909.11,19507.16
edge:declared:db.ElectronicCertificateCaseReportDocument:stakeholder	8824.84,23422.72 9919.21,19507.16
edge:declared:db.ElectronicCertificateFileDownloadHistory:file_uploaded	18233.42,17318.69 18145.75,17266.86
edge:declared:db.ElectronicCertificateFileUploadRequest:electronic_certificate	17440.13,17035.39 17243.77,17049.43
edge:declared:db.ElectronicCertificateFileUploaded:file_upload_request	18007.89,17192.86 17737.86,17060.13
edge:declared:db.ElectronicCertificateReturnRequest:electronic_certificate	22123.06,19146.70 17243.77,17049.43
edge:declared:db.ElectronicCertificateReturnRequest:recipient_address	22362.14,19165.40 23920.17,18979.01
edge:declared:db.EmailActivityRecipient:email_activity	25784.43,23183.19 25654.07,25626.05
edge:declared:db.EmailActivityRecipientStatusHistory:recipient	25901.31,24551.17 25790.99,23183.19
edge:declared:db.EmailVerification:email	25211.26,4732.25 24615.27,4511.33
edge:declared:db.Employee:department_code_set	8597.12,14909.73 9674.66,14043.07
edge:declared:db.Employee:group_set	8613.36,14964.59 11594.54,13988.21
edge:declared:db.EmployeeDepartmentCodeRelation:department_code	9090.25,14297.38 9630.29,14043.07
edge:declared:db.EmployeeDepartmentCodeRelation:employee	8981.35,14371.38 8551.08,14909.73
edge:declared:db.EmployeeGroup:company	11818.88,13914.21 15814.99,12586.56
edge:declared:db.EmployeeNumber:company	11751.70,14056.96 15814.99,12598.37
edge:declared:db.EmployeeNumber:employee	11530.63,14127.97 8613.36,14968.84
edge:declared:db.EmployeeOption:company	10874.37,12535.95 15814.99,12460.89
edge:declared:db.EmployeeOption:grantee	10678.11,12590.83 8472.56,14208.54
edge:declared:db.EmployeeOptionExerciseCandidate:management	11250.04,13569.50 12319.73,13636.69
edge:declared:db.EmployeeOptionExerciseCandidate:option	11086.59,13515.20 10769.19,12590.83
edge:declared:db.EmployeeOptionExerciseCandidate:option_exercise_claim	11250.04,13516.37 12704.06,13085.79
edge:declared:db.EmployeeOptionExerciseCandidateFile:candidate	11193.37,12997.61 11109.35,13515.20
edge:declared:db.EmployeeOptionExerciseClaim:company	12970.06,13021.42 15814.99,12493.48
edge:declared:db.EmployeeOptionExerciseClaimOption:option	11545.53,12747.17 10874.37,12570.48
edge:declared:db.EmployeeOptionExerciseClaimOption:option_exercise_claim	11851.53,12812.23 12704.06,13014.45
edge:declared:db.EmployeeOptionExerciseManagement:company	12593.63,13605.74 15814.99,12526.68
edge:declared:db.EmployeeOptionExerciseManagementEmail:management	13109.47,14089.32 12526.83,13687.74
edge:declared:db.EmployeeOptionVesting:employee_option	9630.16,13005.07 10626.37,12589.56
edge:declared:db.EmployeeOptionVestingItem:option_vesting	9467.33,13215.33 9526.43,13079.07
edge:declared:db.EmployeeOptionVestingTraceable:option	10469.01,13151.95 10726.46,12590.83
edge:declared:db.EmployeeStock:participant	9314.70,15870.19 9235.86,15892.96
edge:declared:db.EmployeeStockGuide:esop	9791.68,16418.74 9536.64,16700.09
edge:declared:db.EmployeeStockGuideAudience:employee_stock_guide	10058.44,15808.42 9844.89,16336.74
edge:declared:db.EmployeeStockGuideAudience:participant	9949.90,15790.06 9235.86,15897.83
edge:declared:db.EmployeeStockGuideEmail:employee_stock_guide	11433.28,17120.53 9917.41,16418.74
edge:declared:db.EmployeeStockTag:category	9607.67,16062.33 9485.24,16066.79
edge:declared:db.EmployeeStockTag:employee_stock_set	9668.63,16016.81 9481.01,15873.11
edge:declared:db.EmployeeStockTag:esop	9716.96,16098.81 9510.96,16700.09
edge:declared:db.EmployeeStockTagCategory:esop	9432.85,16140.79 9486.01,16700.09
edge:declared:db.EmployeeStockWithdrawRequest:account	10345.77,16782.02 10972.14,16918.62
edge:declared:db.EmployeeStockWithdrawRequest:esop	10111.23,16752.17 9621.43,16778.91
edge:declared:db.EmploymentCertificateDocumentRequest:company	12631.74,13990.49 15814.99,12611.91
edge:declared:db.EmploymentCertificateDocumentRequest:history	12385.80,14061.38 11682.12,14200.40
edge:declared:db.EmploymentStatusHistory:connected_hrm_status_event	11434.12,14257.64 5514.96,15820.50
edge:declared:db.EmploymentStatusHistory:employee	11434.12,14256.44 8613.36,14973.99
edge:declared:db.EmploymentStatusHistory:related_events	11624.88,14269.90 15422.72,16829.88
edge:declared:db.Event:company	15594.32,16786.46 15985.79,12675.32
edge:declared:db.EventAttachment:company	15877.22,15608.58 15992.32,12675.32
edge:declared:db.EventAttachment:event	15867.39,15682.58 15617.24,16786.46
edge:declared:db.ExpertClientIncorporationSupport:contact_set	21230.32,14841.92 20953.42,14763.98
edge:declared:db.ExpertClientIncorporationSupport:expert_client	21452.36,14838.82 21644.48,14727.15
edge:declared:db.ExpertClientIncorporationSupport:incorporation_request	21338.27,14920.82 21740.65,15844.76
edge:declared:db.ExpertClientSignupChannel:expert_client	23943.28,14986.96 21852.77,14641.94
edge:declared:db.ExpertClientTaxServiceSettings:expert_client	21641.55,14967.49 21714.26,14727.15
edge:declared:db.ExpertClientTaxServiceSettings:legal_partner	21764.75,14967.49 22332.50,14812.71
edge:declared:db.ExpressDelivery1:order_status_history	318.35,9795.88 391.04,9938.87
edge:declared:db.ExpressDelivery1:seal_card_return_status_history	180.64,9771.95 -53.21,9795.51
edge:declared:db.ExternalStockInfo:company	15272.01,9875.64 15943.23,12241.32
edge:declared:db.FABContent:thumbnail_image	21415.83,18510.12 20845.18,18510.87
edge:declared:db.FinancialAccount:institution	11125.20,16896.66 11374.04,16477.14
edge:declared:db.FinancialStatementsForNewIssueFromConversionDocument:new_issue	15878.86,23420.55 16281.37,22423.78
edge:declared:db.Fund:fund_partners	33565.66,13702.83 36073.46,13712.14
edge:declared:db.Fund:portfolio_company_set	33317.66,13720.50 30912.60,14092.79
edge:declared:db.Fund:venture_capital	33565.66,13668.02 37803.46,12530.15
edge:declared:db.FundPartner:venture_capital	36256.79,13671.60 37803.46,12602.73
edge:declared:db.FundingNewsDistributionServiceRequest:company	18265.22,14537.34 16194.99,12675.32
edge:declared:db.FundingNewsDistributionServiceRequest:company_question_thread	18429.93,14537.34 18872.96,14363.49
edge:declared:db.FundingNewsDistributionServiceRequest:logo	18341.39,14627.34 20475.53,18300.70
edge:declared:db.HelpTemplate:partners_to_share	8524.20,9768.07 22332.50,14719.67
edge:declared:db.Hrm:company	-141.40,16055.79 15814.99,12511.36
edge:declared:db.HrmAlpConfig:hrm	-2145.52,15851.29 -461.40,16069.02
edge:declared:db.HrmAlpConfigIndivApprovalTemplateRel:alp_config	-1850.92,15572.07 -2205.95,15798.13
edge:declared:db.HrmAlpExcludedEmp:emp	5608.74,17980.48 4788.62,18088.66
edge:declared:db.HrmAlpLaborReceiptRefusal:emp	5055.56,18854.61 4718.20,18284.11
edge:declared:db.HrmAlpTarget:emp	4934.36,18321.12 4788.62,18282.59
edge:declared:db.HrmAlpUsageDesignation:target	5540.60,18640.80 5127.28,18394.91
edge:declared:db.HrmAlpUsageDesignationDate:leave_usage	6303.18,18470.71 6535.11,18413.17
edge:declared:db.HrmAlpUsageDesignationDate:usage_designation	6070.70,18513.76 5763.80,18621.20
edge:declared:db.HrmAlpUsagePlan:target	5406.18,18275.30 5182.36,18325.89
edge:declared:db.HrmAlpUsagePlanDate:usage_plan	5745.77,18201.91 5654.18,18218.12
edge:declared:db.HrmAnnualLeaveAdjustment:emp	5315.22,18089.28 4788.62,18106.18
edge:declared:db.HrmAnnualLeaveConfigBase:annual_leave	3896.72,22647.12 3856.64,21875.78
edge:declared:db.HrmApproval:approvable	3669.19,18067.76 2943.29,17841.97
edge:declared:db.HrmApproval:requestor	3752.81,18153.85 4444.62,18134.28
edge:declared:db.HrmApprovalLine:actual_approver	3733.00,18229.18 4444.62,18134.84
edge:declared:db.HrmApprovalLine:approval	3614.72,18204.61 3622.96,18157.76
edge:declared:db.HrmApprovalLine:approver	3488.79,18286.61 2718.99,18534.40
edge:declared:db.HrmApprovalReview:approval	3192.31,18284.79 3508.29,18157.76
edge:declared:db.HrmApprovalReview:approver	3022.01,18358.79 2700.00,18521.32
edge:declared:db.HrmApprovalTemplate:hrm	1513.45,18012.18 -158.61,16230.71
edge:declared:db.HrmApprovalTemplateLine:approver	2576.75,18400.73 2589.42,18521.32
edge:declared:db.HrmApprovalTemplateLine:template	2455.65,18326.73 1675.93,18090.71
edge:declared:db.HrmApprovalTemplateReview:approver	2217.14,18376.61 2493.70,18521.32
edge:declared:db.HrmApprovalTemplateReview:template	2105.86,18307.57 1641.21,18094.18
edge:declared:db.HrmApprover:dept	2470.99,18575.09 388.11,18567.60
edge:declared:db.HrmApprover:emp	2718.99,18545.93 4444.62,18150.77
edge:declared:db.HrmAttendance:emp	4241.19,17946.83 4444.62,18035.00
edge:declared:db.HrmAttendanceItem:attendance	4495.34,17859.29 4270.60,17888.55
edge:declared:db.HrmAttendanceItem:emp	4601.91,17884.15 4578.97,17938.11
edge:declared:db.HrmAttendanceLocation:attendance_item	5264.60,17132.86 4656.59,17802.15
edge:declared:db.HrmAttendanceLocation:ongoing_attendance	5435.29,17127.94 5622.02,17189.60
edge:declared:db.HrmAttendanceLocation:personal_location	5373.72,17034.86 6350.38,16269.52
edge:declared:db.HrmAttendanceLocation:work_location	5267.51,17034.86 3420.52,15415.47
edge:declared:db.HrmCertificateConfig:hrm	-1011.62,16163.98 -461.40,16106.44
edge:declared:db.HrmCertificateConfigIndividualApprovalTemplateRelation:certificate_config	-1815.52,16630.32 -1184.78,16213.20
edge:declared:db.HrmCertificateIssue:connected_status_event	5658.28,16527.25 5410.83,15906.16
edge:declared:db.HrmCertificateIssue:emp	5648.09,16609.25 4788.62,17938.11
edge:declared:db.HrmCommonLocation:work_location_config	5458.91,15431.94 5430.48,15041.53
edge:declared:db.HrmConciergeRequest:company	18073.74,10168.50 16194.62,12241.32
edge:declared:db.HrmDailyLeaveUsageItem:usage	5324.28,20599.21 6630.66,18437.92
edge:declared:db.HrmDept:hrm	244.28,18506.13 -271.79,16230.71
edge:declared:db.HrmDeptName:dept	-1151.79,19843.47 190.73,18628.13
edge:declared:db.HrmDeptName:event	-1231.29,19917.47 -1437.69,20361.03
edge:declared:db.HrmDeptParent:dept	-341.49,19829.19 229.13,18628.13
edge:declared:db.HrmDeptParent:event	-352.48,19911.19 -181.10,20287.52
edge:declared:db.HrmDeptReorg:hrm	-1027.11,15350.22 -439.77,15948.71
edge:declared:db.HrmDeptStatus:dept	249.22,20051.42 257.74,18628.13
edge:declared:db.HrmDeptStatus:event	244.01,20125.42 39.60,21651.75
edge:declared:db.HrmDocument:emp	2205.35,15639.43 4444.62,17938.11
edge:declared:db.HrmDocument:form	1957.35,15566.01 -364.65,15061.17
edge:declared:db.HrmDocument:hrm	1957.35,15616.71 -141.40,16056.20
edge:declared:db.HrmDocumentDraft:emp	251.00,13029.59 4444.62,17938.11
edge:declared:db.HrmDocumentDraft:form	201.85,13029.59 -471.77,14985.21
edge:declared:db.HrmDocumentDraftFieldAttachment:field_value	654.37,11384.94 -415.32,12889.36
edge:declared:db.HrmDocumentDraftFieldMultiSelectValue:field_value	-663.81,13265.63 -475.96,12979.36
edge:declared:db.HrmDocumentDraftFieldMultiSelectValue:selected_option	-743.06,13339.63 -922.51,13459.69
edge:declared:db.HrmDocumentDraftFieldValue:draft	-378.59,12979.36 91.97,12986.67
edge:declared:db.HrmDocumentDraftFieldValue:field_definition	-527.99,12979.36 -2256.84,13938.63
edge:declared:db.HrmDocumentFieldAttachment:field_value	-1077.15,14401.76 -412.64,14330.44
edge:declared:db.HrmDocumentFieldMultiSelectValue:field_value	-175.27,13864.03 -277.38,14272.13
edge:declared:db.HrmDocumentFieldMultiSelectValue:selected_option	-369.57,13790.03 -896.83,13541.69
edge:declared:db.HrmDocumentFieldValue:document	-204.86,14362.13 1990.62,15541.43
edge:declared:db.HrmDocumentFieldValue:field_definition	-412.64,14295.87 -2189.45,13991.19
edge:declared:db.HrmDocumentForm:hrm	-480.09,15083.21 -328.81,15948.71
edge:declared:db.HrmDocumentFormFieldDefinition:form	-2189.45,14013.33 -570.28,14985.21
edge:declared:db.HrmDocumentFormFieldSelectOption:field_definition	-1097.93,13541.69 -2211.97,13938.63
edge:declared:db.HrmDocumentFormIndividualApprovalTemplateRelation:document_form	-1370.81,15172.10 -612.65,15053.59
edge:declared:db.HrmEmp:connected_employee	4788.62,17938.11 8417.26,15111.73
edge:declared:db.HrmEmp:hrm	4444.62,18035.88 -141.40,16189.35
edge:declared:db.HrmEmpAffiliation:emp	2567.74,17782.99 4444.62,18037.35
edge:declared:db.HrmEmpAffiliation:event	2508.25,17725.19 3490.38,17094.21
edge:declared:db.HrmEmpAffiliationDept:affiliation	884.67,18214.03 2323.91,17807.19
edge:declared:db.HrmEmpAffiliationDept:dept	716.28,18284.39 356.96,18506.13
edge:declared:db.HrmEmpContract:emp	4657.55,35276.61 4658.77,18284.11
edge:declared:db.HrmEmpContract:mgmt	4644.91,35276.61 2200.14,27689.85
edge:declared:db.HrmEmpContractCommonVar:hrm	26.73,15663.74 -192.79,15948.71
edge:declared:db.HrmEmpContractMgmt:hrm	2178.30,27607.85 -216.98,16230.71
edge:declared:db.HrmEmpContractMgmt:template_revision	2163.24,27607.85 -848.24,22396.81
edge:declared:db.HrmEmpContractModusignDocument:hrm_emp_contract	28314.89,36457.22 4781.55,35323.57
edge:declared:db.HrmEmpContractTemplate:hrm	-1883.69,20211.65 -355.53,16230.71
edge:declared:db.HrmEmpContractTemplateRevision:template	-893.44,22314.81 -1879.32,20285.65
edge:declared:db.HrmEmpContractTemplateRevisionSigner:revision	-1723.13,22874.88 -940.46,22396.81
edge:declared:db.HrmEmpEmploymentType:emp	4460.57,17539.15 4515.66,17938.11
edge:declared:db.HrmEmpEmploymentType:event	4461.26,17465.15 4522.87,17072.22
edge:declared:db.HrmEmpJob:emp	2453.83,16573.44 4444.62,17938.11
edge:declared:db.HrmEmpJob:event	2500.51,16536.33 3256.69,16569.16
edge:declared:db.HrmEmpJob:level	2256.63,16573.44 1809.02,16771.34
edge:declared:db.HrmEmpJob:position	2252.51,16514.62 2011.51,16503.32
edge:declared:db.HrmEmpJob:role	2252.51,16533.02 1580.07,16601.26
edge:declared:db.HrmEmpJob:title	2283.46,16467.44 1431.49,15982.16
edge:declared:db.HrmEmpJobLevel:hrm	1617.89,16771.34 -141.40,16146.53
edge:declared:db.HrmEmpJobPosition:hrm	1775.51,16475.23 -141.40,16119.41
edge:declared:db.HrmEmpJobRole:hrm	1344.07,16579.97 -141.40,16137.38
edge:declared:db.HrmEmpJobTitle:hrm	1250.73,15956.38 -141.40,16075.97
edge:declared:db.HrmEmpMov:hrm	493.27,15790.38 -141.40,16029.44
edge:declared:db.HrmEmpReturnToWorkEvent:absence_event	5031.57,15709.50 4849.16,15713.59
edge:declared:db.HrmEmpSalaryAccount:emp	10729.48,16464.91 4788.62,18027.13
edge:declared:db.HrmEmpSalaryAccount:institution	10965.48,16432.55 11280.32,16429.01
edge:declared:db.HrmEmpStatus:emp	6721.81,16144.98 4788.62,17938.11
edge:declared:db.HrmEmpStatus:event	6643.70,16086.81 5514.96,15884.26
edge:declared:db.HrmEmpUserInvitation:emp	3006.73,18045.95 4444.62,18105.70
edge:declared:db.HrmEmpUserInvitation:hrm	2814.69,17999.80 -141.40,16218.38
edge:declared:db.HrmEmpUserInvitationInvitee:invitation	2611.14,18165.60 2793.51,18081.80
edge:declared:db.HrmEmpWorkAssignment:emp	3331.75,18847.29 4444.62,18209.67
edge:declared:db.HrmEmpWorkAssignment:work	3148.88,18897.36 1937.49,19013.31
edge:declared:db.HrmEmpWorkLocationAssignment:work_location	4042.03,16146.25 3407.20,15415.47
edge:declared:db.HrmEmpWorkLocationAssignment:work_location_config	4075.02,16220.25 3917.23,16435.20
edge:declared:db.HrmEmpWorkLocationConfig:emp	3902.77,16517.20 4444.62,17938.11
edge:declared:db.HrmEmpWorkLocationConfig:work_location_set	3882.81,16435.20 3388.39,15415.47
edge:declared:db.HrmFixedWorkSchedule:fixed_work	1976.22,18664.89 1930.13,18715.39
edge:declared:db.HrmGoogleCalendarIntegration:hrm	-610.07,15452.97 -369.75,15948.71
edge:declared:db.HrmLeaveBase:hrm	3051.14,20920.97 -168.85,16230.71
edge:declared:db.HrmLeaveCommonConfig:leave	1994.40,21059.59 2965.26,21002.03
edge:declared:db.HrmLeaveGrant:emp	3939.12,19220.51 4510.60,18284.11
edge:declared:db.HrmLeaveGrant:grantable_leave	3901.55,19294.51 3546.42,20191.29
edge:declared:db.HrmLeaveIndividualApprovalTemplateRelation:leave	1507.32,20092.45 2972.19,20920.97
edge:declared:db.HrmLeaveUsage:emp	6535.11,18373.67 4788.62,18276.22
edge:declared:db.HrmLeaveUsage:leave	6587.67,18437.92 3200.83,20920.97
edge:declared:db.HrmLeaveUsageAttachment:usage	7030.79,19281.69 6688.25,18437.92
edge:declared:db.HrmLeaveUsageItem:emp	4663.99,19386.90 4677.58,18284.11
edge:declared:db.HrmLeaveUsageItem:leave	4622.72,19468.90 3178.99,20920.97
edge:declared:db.HrmLeaveUsageItem:usage	4742.33,19386.90 6567.43,18437.92
edge:declared:db.HrmOngoingAttendance:emp	5692.69,17271.55 4788.62,17966.66
edge:declared:db.HrmOngoingAttendanceClockedSchedule:ongoing_attendance	6360.73,16880.58 5818.04,17189.55
edge:declared:db.HrmPersonalLocation:hrm_emp	6365.28,16269.52 4788.62,17938.11
edge:declared:db.HrmPersonalLocation:work_location_config	6364.77,16179.52 5460.08,15041.53
edge:declared:db.HrmRequestor:dept	687.84,19351.76 291.52,18628.13
edge:declared:db.HrmRequestor:emp	825.65,19351.76 4444.62,18208.78
edge:declared:db.HrmSelectiveWorkPlan:emp	4067.85,18080.86 4444.62,18103.34
edge:declared:db.HrmSelectiveWorkPlanConfig:selective_work	1963.41,19530.29 2042.01,19539.55
edge:declared:db.HrmSelectiveWorkPlanItem:emp	3305.16,18167.02 4444.62,18111.30
edge:declared:db.HrmSelectiveWorkPlanItem:plan	3305.16,18157.33 3819.85,18090.61
edge:declared:db.HrmSelectiveWorkSchedule:selective_work	2382.61,19214.33 2194.69,19509.15
edge:declared:db.HrmSelectiveWorkSettlementConfig:selective_work	1663.95,19625.17 2042.01,19571.69
edge:declared:db.HrmSigner:hrm	-851.00,15958.02 -461.40,16051.37
edge:declared:db.HrmSlackChannelConfig:integration	-808.20,16669.26 -774.18,16625.09
edge:declared:db.HrmSlackIntegration:hrm	-718.66,16551.09 -428.92,16230.71
edge:declared:db.HrmStaffNote:hrm	-1294.92,16038.03 -461.40,16081.39
edge:declared:db.HrmStaggeredWorkSchedule:staggered_work	1378.55,20428.46 731.66,19586.00
edge:declared:db.HrmStandardWork:hrm	-1106.82,16719.72 -461.40,16214.86
edge:declared:db.HrmStandardWorkSchedule:standard_work	-1524.92,17678.85 -1165.73,16793.72
edge:declared:db.HrmTag:hrm_set	-1016.44,15697.17 -461.40,16001.87
edge:declared:db.HrmWorkAutoClockOutConfig:work	1209.97,18938.93 1677.49,19006.86
edge:declared:db.HrmWorkBase:emp_set	1937.49,18983.51 4444.62,18168.97
edge:declared:db.HrmWorkBase:hrm	1764.40,18964.75 -167.05,16230.71
edge:declared:db.HrmWorkIndividualApprovalTemplateRelation:work	2392.98,19044.40 1937.49,19029.89
edge:declared:db.HrmWorkLocation:hrm	3240.63,15390.90 -141.40,16057.12
edge:declared:db.HrmWorkLocationGpsConfig:work_location	5301.49,15027.03 3488.63,15344.74
edge:declared:db.HrmWorkOvertime:work	1287.32,18838.74 1677.49,18979.01
edge:declared:db.IBKSignupChannel:ibk_user_login_token	25859.89,14524.16 25819.60,14478.47
edge:declared:db.IBKUserLoginToken:ibk_user	25819.65,14404.47 25863.49,14359.75
edge:declared:db.IaAccountInfo:investment_association	34277.24,18213.54 30818.49,16737.36
edge:declared:db.IaCertificateOfInvestmentDocument:partner	37042.19,18570.81 39497.33,18317.17
edge:declared:db.IaCertificateOfInvestmentDocumentRecipient:certificate_of_investment_document_email	-2495.88,20075.26 -2524.73,20165.58
edge:declared:db.IaConfirmationRequest:investment_association	25843.47,19072.45 30510.49,16804.87
edge:declared:db.IaConfirmationRequest:partner_list_file	25480.47,19072.45 20845.18,18534.02
edge:declared:db.IaConsentForm:consent_form_or_meeting	35396.65,18780.32 33741.77,19219.85
edge:declared:db.IaConsentFormDocument:consent_form	36194.39,18548.60 35663.51,18706.32
edge:declared:db.IaConsentFormDocument:partner	36456.84,18495.79 39497.33,18310.52
edge:declared:db.IaConsentFormOrMeeting:investment_association	33490.58,19217.98 30818.49,16804.87
edge:declared:db.IaConsentFormOrMeetingDocumentGeneration:consent_form_or_meeting	33948.77,19224.85 33741.77,19248.75
edge:declared:db.IaConsentFormOrMeetingDocumentGenerationItem:document	35216.82,19202.59 35654.85,19340.29
edge:declared:db.IaConsentFormOrMeetingDocumentGenerationItem:generation	34879.71,19175.83 34291.77,19207.94
edge:declared:db.IaConsentFormOrMeetingElectronicSignatureRequest:document	33446.68,21198.53 34009.47,19994.64
edge:declared:db.IaConsentFormOrMeetingElectronicSignatureRequestModusignDocument:electronic_signature_request	28333.37,21101.42 33223.90,21245.69
edge:declared:db.IaConsentFormOrMeetingElectronicSignatureRequestModusignEmbeddedDraft:electronic_signature_request	26460.13,21863.58 33223.90,21268.94
edge:declared:db.IaConsentFormOrMeetingElectronicSignatureRequestStatusHistory:electronic_signature_request	33186.38,21824.46 33400.11,21304.53
edge:declared:db.IaConsentFormOrMeetingElectronicSignatureRequestUploadedModusignDocument:electronic_signature_request	29700.06,21514.47 33223.90,21265.52
edge:declared:db.IaConsentFormOrMeetingElectronicSignatureRequiredDocument:consent_form_or_meeting	33797.60,19888.64 33570.58,19323.98
edge:declared:db.IaConsentFormOrMeetingElectronicSignatureRequiredDocument:edited_file	33613.47,19955.17 20845.18,18531.78
edge:declared:db.IaConsentFormOrMeetingElectronicSignatureRequiredDocument:partner	34009.47,19892.31 39497.33,18345.21
edge:declared:db.IaConsentFormOrMeetingEsigRequiredDocumentPageRange:esig_required_document	34542.16,19843.08 34009.47,19914.93
edge:declared:db.IaConsentFormOrMeetingEsigRequiredDocumentPageRange:page_range_document	34834.25,19776.74 35654.85,19443.30
edge:declared:db.IaConsentFormOrMeetingGuideEmail:consent_form_or_meeting	33791.11,18998.53 33596.32,19217.98
edge:declared:db.IaConsentFormOrMeetingGuideEmailRecipient:consent_form_or_meeting_guide_email	33769.10,18766.31 33812.87,18924.53
edge:declared:db.IaDocumentArchive:investment_association	32594.80,15058.35 30818.49,16542.63
edge:declared:db.IaDocumentArchiveAttachment:ia_document_archive	32271.90,15114.98 32520.91,15052.33
edge:declared:db.IaExpertPartnerBulkEmailTemplate:legal_partner	21377.44,15240.73 22332.50,14895.84
edge:declared:db.IaFoundingProgressStatus:investment_association	32100.79,17607.44 30818.49,16772.01
edge:declared:db.IaGpAppointmentEvent:partner	35756.64,17931.12 39497.33,18286.05
edge:declared:db.IaGpTerminationEvent:appointment_event	35929.54,18192.83 35677.47,17960.69
edge:declared:db.IaGpTerminationEvent:partner	36098.23,18235.71 39497.33,18298.07
edge:declared:db.IaInvestmentCertificateRegistrationRequest:partner	39560.28,19850.63 39647.93,18409.95
edge:declared:db.IaLegalPartnerRelation:investment_association	25803.03,15460.02 30510.49,16758.49
edge:declared:db.IaLegalPartnerRelation:legal_partner	25567.03,15403.00 22640.50,14796.15
edge:declared:db.IaMeeting:consent_form_or_meeting	33934.93,20111.95 33573.58,19323.98
edge:declared:db.IaMeetingAgenda:meeting	35465.14,20550.61 34081.87,20207.43
edge:declared:db.IaMeetingAgendaVote:agenda	35324.75,22582.80 35618.28,20595.37
edge:declared:db.IaMeetingAgendaVote:electronic_signature	35261.65,22582.80 33495.14,21304.53
edge:declared:db.IaMeetingAgendaVote:partner	35359.75,22582.80 39545.01,18409.95
edge:declared:db.IaMeetingConvocationNoticeEmail:ia_meeting	35038.06,21950.59 33980.45,20233.95
edge:declared:db.IaMeetingConvocationNoticeRecipient:convocation_notice_email	34834.00,21122.56 35051.14,21950.59
edge:declared:db.IaMeetingMinutesDocument:meeting	35088.28,20086.94 34081.87,20162.51
edge:declared:db.IaMeetingNoticeDocument:meeting	34815.58,19969.01 34081.87,20140.47
edge:declared:db.IaMeetingSealedNoticeDocumentFile:ia_meeting	29659.12,19706.15 33803.87,20157.80
edge:declared:db.IaMeetingShortenPeriodDocument:meeting	36782.82,20419.04 34081.87,20185.77
edge:declared:db.IaMeetingShortenPeriodDocument:partner	37032.47,20395.14 39517.87,18409.95
edge:declared:db.IaModusignDocumentUsageHistory:investment_association	27677.06,14628.84 30510.49,16538.87
edge:declared:db.IaOperation:_deprecated_investment_association	34737.87,16449.83 30818.49,16663.25
edge:declared:db.IaOperation:ia_operation_management	34814.00,16480.13 34654.95,16619.64
edge:declared:db.IaOperationManagement:investment_association	34495.17,16657.39 30818.49,16671.02
edge:declared:db.IaOwner:investment_association	34521.64,17165.37 30818.49,16691.26
edge:declared:db.IaOwner:partner	34773.64,17209.10 39497.33,18265.83
edge:declared:db.IaOwnerAuditLog:investment_association	27002.53,7849.97 30543.66,16538.87
edge:declared:db.IaPartnerDataCollection:investment_association	27303.72,17722.17 30510.49,16782.49
edge:declared:db.IaPartnerDataCollectionItem:address	25375.23,17993.29 24228.17,18846.22
edge:declared:db.IaPartnerDataCollectionItem:ia_partner_data_collection	25567.41,17929.57 27055.72,17771.67
edge:declared:db.IaPartnerDataCollectionItemReply:address	25600.17,18145.73 24228.17,18878.35
edge:declared:db.IaPartnerDataCollectionItemReply:ia_partner_data_collection	25820.08,18063.73 27055.72,17786.35
edge:declared:db.IaPartnerDataCollectionItemReply:ia_partner_data_collection_item	25610.54,18063.73 25497.13,17993.29
edge:declared:db.IaPartnerInvestmentConfirmation:partner	35415.91,17140.34 39497.33,18258.13
edge:declared:db.IaPartnerInvestmentConfirmationEmailRecipient:ia_partner_investment_confirmation_email	11872.76,5633.48 11792.22,5677.65
edge:declared:db.IaPartnerWithdrawalEvent:partner	39509.25,17996.02 39600.67,18191.95
edge:declared:db.IaPaymentLink:investment_association	28583.08,14800.39 30510.49,16538.87
edge:declared:db.IaPfCompany:investment_association	31124.42,18693.28 30818.49,16804.87
edge:declared:db.IaPfCompanyInvestment:ia_pf_company	34328.52,22343.59 31163.16,18767.28
edge:declared:db.IaPfCompanyInvestmentSalesIntent:ia_pf_company_investment	33869.12,22398.37 34280.01,22387.78
edge:declared:db.IaPfCompanyInvestmentStock:ia_pf_company_investment	32933.87,22130.06 34280.01,22363.12
edge:declared:db.IaQuestionThread:investment_association	26930.07,13919.66 30510.49,16538.87
edge:declared:db.IaRule:address	27639.09,19289.66 24228.17,18974.83
edge:declared:db.IaRule:file	27639.09,19282.27 20845.18,18531.68
edge:declared:db.IaRule:investment_association	27833.38,19240.66 30620.80,16804.87
edge:declared:db.IaRuleCompensation:rule	28055.98,19233.80 27899.09,19268.92
edge:declared:db.IaRuleDocument:rule	32369.59,19155.15 27899.09,19315.95
edge:declared:db.IaRuleInvestment:rule	28145.11,19637.35 27899.09,19334.04
edge:declared:db.IaRuleMeeting:rule	28182.04,19077.82 27879.13,19240.66
edge:declared:db.IaRulePartner:rule	28282.85,19411.76 27899.09,19328.73
edge:declared:db.IaSealStamp:image_file	22143.81,18242.15 20845.18,18484.37
edge:declared:db.IaSealStamp:investment_association	22391.81,18197.27 30510.49,16773.30
edge:declared:db.IaSealStampImage:seal_stamp	22456.05,18338.97 22332.15,18260.02
edge:declared:db.IaUserInvitation:ia_owner	34136.84,16881.28 34577.59,17140.13
edge:declared:db.IaUserInvitation:investment_association	33943.06,16834.47 30818.49,16679.13
edge:declared:db.IaUserInvitationInvitee:_deprecated_individual_partner	37179.98,16698.02 36583.45,17065.22
edge:declared:db.IaUserInvitationInvitee:invitation	37135.40,16656.51 34191.06,16832.71
edge:declared:db.IaUserInvitationInvitee:legal_representative	37259.57,16698.02 37259.91,17008.98
edge:declared:db.IaUserInvitationInvitee:manager	37304.04,16698.02 38083.39,17550.92
edge:declared:db.IaUserInvitationInvitee:partner	37330.43,16698.02 39497.33,18192.66
edge:declared:db.IaWrittenResolutionDocument:meeting	36562.19,20117.59 34081.87,20171.51
edge:declared:db.IaWrittenResolutionDocument:partner	36826.22,20072.29 39497.33,18399.28
edge:declared:db.ImAccessLog:investor_matching	30654.86,11223.69 28393.95,10939.24
edge:declared:db.ImAccessLog:venture_capital	30890.86,11258.51 37803.46,12443.53
edge:declared:db.ImAttachment:investor_matching	32534.79,11212.20 28393.95,10931.01
edge:declared:db.ImAttachmentDownloadLog:attachment	34287.33,11733.82 32782.79,11259.66
edge:declared:db.ImAttachmentDownloadLog:venture_capital	34522.78,11793.59 37803.46,12438.88
edge:declared:db.ImAttachmentPdfEvent:attachment	34118.45,11548.52 32782.79,11248.32
edge:declared:db.ImAttachmentPdfEvent:pdf_event	34214.00,11535.23 34183.67,11489.14
edge:declared:db.ImAttachmentPdfEvent:venture_capital	34366.45,11605.75 37803.46,12430.90
edge:declared:db.ImBrokerAssignment:_deprecated_assigned_companies	29143.33,11689.24 16194.99,12445.66
edge:declared:db.ImBrokerAssignment:assigned_investors	29391.33,11693.27 37803.46,12458.34
edge:declared:db.ImBrokerAssignment:im_broker	29391.33,11695.60 33458.52,12141.79
edge:declared:db.ImBrokerAssignment:investor_matching	29201.72,11633.00 28373.40,11014.37
edge:declared:db.ImBrokerAssignmentInvitedUser:broker_assignment	31822.03,11844.64 29391.33,11689.89
edge:declared:db.ImBrokerAssignmentInvitedUser:venture_capital	32099.03,11866.23 37803.46,12456.05
edge:declared:db.ImConsultingRequest:company	26829.66,9530.57 16194.99,12401.40
edge:declared:db.ImConsultingRequest:investor_matching	26991.26,9539.09 28167.13,10828.37
edge:declared:db.ImContactRequest:investor_matching	30503.92,11521.29 28393.95,10959.20
edge:declared:db.ImContactRequest:venture_capital	30751.92,11569.75 37803.46,12452.05
edge:declared:db.ImContactRequestIntention:im_contact_request	30326.73,11354.98 30565.56,11513.54
edge:declared:db.ImDay:recipients	34338.09,11092.27 34750.52,10720.79
edge:declared:db.ImDay:venture_capitals	34407.69,11185.91 37803.46,12408.43
edge:declared:db.ImDayParticipation:im_day	32528.34,10521.14 34159.69,11097.37
edge:declared:db.ImDayParticipation:investor_matching	32280.34,10490.97 28393.95,10918.10
edge:declared:db.ImDayParticipation:venture_capital	32528.34,10521.71 37803.46,12409.20
edge:declared:db.ImDayParticipationAttachment:participation	32029.13,10126.87 32351.88,10428.34
edge:declared:db.ImDaySurvey:im_day	31688.01,10785.58 34159.69,11125.69
edge:declared:db.ImDaySurvey:investor_matching	31452.01,10774.91 28393.95,10919.27
edge:declared:db.ImDisclosing:investor_matching	29356.18,9761.16 28340.46,10828.37
edge:declared:db.ImInvestorBroker:venture_capital	35334.71,12339.79 37803.46,12465.69
edge:declared:db.ImInvestorMemo:investor_matching	29863.32,11519.48 28393.95,10974.08
edge:declared:db.ImInvestorMemo:venture_capital	30080.31,11569.59 37803.46,12454.00
edge:declared:db.ImIrPartnerBrokerOwnerRelation:im_ir_partner_broker	30776.36,12164.77 31047.54,12113.53
edge:declared:db.ImNote:investor_matching	29047.91,10391.78 28391.73,10828.37
edge:declared:db.ImTag:investor_matching_set	30580.14,10410.74 28393.95,10890.23
edge:declared:db.ImWatching:_deprecated_investor_matching	27862.65,9158.92 28235.48,10828.37
edge:declared:db.ImWatching:company	27729.49,9152.84 16194.99,12401.33
edge:declared:db.ImWatching:venture_capital	27977.26,9158.92 37803.46,12414.02
edge:declared:db.InauguralConsentDocument:director_change_agenda	13322.15,23239.31 12733.01,22881.83
edge:declared:db.IncorporationBenefitRequest:incorporation_request	22020.95,15243.11 21850.16,15844.76
edge:declared:db.IncorporationBenefitRequest:tax_partner	22070.30,15169.11 22355.54,14895.84
edge:declared:db.IncorporationRequest:address	21968.48,16054.76 23920.17,18836.04
edge:declared:db.IncorporationRequest:balance_certificate_account_file	21959.43,16054.76 20757.33,18300.70
edge:declared:db.IncorporationRequest:balance_certificate_account_holder	21968.48,16054.76 23362.64,17749.95
edge:declared:db.IncorporationRequest:company	21672.48,15900.29 16194.99,12583.11
edge:declared:db.IncorporationRequest:company_question_thread	21672.48,15977.44 19156.96,14393.67
edge:declared:db.IncorporationRequestAoiFile:incorporation_request	22149.92,15789.59 21968.48,15877.38
edge:declared:db.IncorporationRequestAssistance:incorporation_request	22207.47,15953.18 21968.48,15987.72
edge:declared:db.IncorporationRequestAssistance:legal_partner	22352.94,15891.87 22473.66,14895.84
edge:declared:db.IncorporationRequestAssistanceReceipt:incorporation_request_assistance	22144.31,17586.96 22342.92,15973.87
edge:declared:db.IncorporationRequestDirector:address	21905.19,17109.96 23920.17,18864.46
edge:declared:db.IncorporationRequestDirector:incorporation_request	21866.54,17035.96 21968.48,16054.76
edge:declared:db.IncorporationRequestPromoter:address	23427.38,17847.95 23920.17,18836.04
edge:declared:db.IncorporationRequestPromoterCustodian:address	23767.70,18125.55 24081.51,18836.04
edge:declared:db.IncorporationRequestPromoterCustodian:promoter	23706.19,18051.55 23461.77,17847.95
edge:declared:db.IncorporationRequestPromoterInstitutionCeo:promoter	23527.09,17619.89 23436.91,17749.95
edge:declared:db.IncorporationRequestPurpose:incorporation_request	21349.50,16050.68 21672.48,15977.97
edge:declared:db.IndividualInvestorCompanyCeo:company_info	27777.64,22180.32 30473.23,24864.96
edge:declared:db.IndividualInvestorCompanyInfo:address	30469.79,24864.96 24182.73,19086.04
edge:declared:db.IndividualInvestorCompanyInfo:company	30625.97,24946.96 32981.19,25812.48
edge:declared:db.IndividualInvestorCompanyName:non_unified_share_company	34848.72,25200.97 33241.19,25810.90
edge:declared:db.IndividualInvestorCompanyParValue:non_unified_share_company	31533.03,25444.31 32981.19,25825.97
edge:declared:db.IndividualInvestorCompanyShareClass:non_unified_share_company	32121.22,27276.12 33065.74,25925.23
edge:declared:db.IndividualInvestorCompanyShareStock:_deprecated_non_unified_stock_create_request	31624.79,26607.96 31261.02,28087.64
edge:declared:db.IndividualInvestorCompanyShareStock:_deprecated_stock_unissued_confirmation_file	31634.95,26607.96 31526.74,29224.05
edge:declared:db.IndividualInvestorCompanyShareStock:management_history	31470.54,26590.32 30476.58,26778.56
edge:declared:db.IndividualInvestorCompanyShareStock:non_unified_share_company	31728.19,26509.96 32981.19,25921.30
edge:declared:db.IndividualInvestorCompanyShareStock:share_class	31667.14,26607.96 32078.36,27276.12
edge:declared:db.IndividualInvestorEvent:company	36992.25,27998.86 33229.15,25925.23
edge:declared:db.IndividualInvestorStakeholder:address	28516.55,22038.87 24228.17,19078.36
edge:declared:db.IndividualInvestorStakeholder:company	28625.12,22120.87 33032.76,25795.23
edge:declared:db.IndividualInvestorUser:address	25678.20,20253.04 24228.17,19084.98
edge:declared:db.IndividualStockOption:company	30345.55,23272.55 33041.72,25795.23
edge:declared:db.IndividualStockOption:create_request	30420.74,23194.91 31352.53,23045.86
edge:declared:db.IndividualStockOption:grantee	30269.55,23158.55 29903.51,22153.60
edge:declared:db.IndividualStockOptionCreateRequestEtcFile:create_request	32575.76,23000.10 31666.53,23018.09
edge:declared:db.IndividualStockOptionGrantContract:individual_stock_option	29919.84,22908.39 30220.26,23158.55
edge:declared:db.IndividualStockOptionGrantee:stakeholder	29758.76,22122.81 28712.94,22084.84
edge:declared:db.IndividualStockOptionResumeEvent:pause_event	33414.61,29380.29 32636.91,27330.76
edge:declared:db.IndividualStockOptionSalesIntent:individual_stock_option	33750.31,23141.34 30420.74,23212.75
edge:declared:db.IndividualStockOptionVesting:individual_stock_option	31041.70,23585.27 30406.27,23272.55
edge:declared:db.IndividualStockOptionVestingItem:individual_stock_option_vesting	31238.84,23424.72 31138.91,23585.27
edge:declared:db.IndividualStockOptionVestingTraceable:individual_stock_option	30713.64,22848.87 30356.35,23158.55
edge:declared:db.InputSignupChannel:input_channel	26036.73,15083.37 26454.01,15229.29
edge:declared:db.InstitutionStakeholderManager:institution_stakeholder	10010.53,21587.61 10079.02,21228.07
edge:declared:db.InternetRegistryOfficeOtp:company	16945.27,16234.83 16067.23,12675.32
edge:declared:db.InternetRegistryOfficeOtp:director	16866.66,16316.83 16756.05,16367.95
edge:declared:db.InternetRegistryOfficeOtpReturnRequest:internet_registry_office_otp	22387.28,19550.39 17023.55,16316.83
edge:declared:db.InternetRegistryOfficeOtpReturnRequest:recipient_address	22543.98,19550.39 23920.17,19016.28
edge:declared:db.InvestmentAgreement:document	17611.44,16100.53 18255.15,15423.85
edge:declared:db.InvestmentAgreement:stakeholder	17496.82,16100.53 10128.96,19234.00
edge:declared:db.InvestmentAgreementDocument:company	18328.39,15325.85 16194.99,12675.32
edge:declared:db.InvestmentAgreementDocument:pdf_file	18444.18,15423.85 20473.51,18300.70
edge:declared:db.InvestmentAssociation:venture_capital	30818.49,16549.23 37803.46,12579.64
edge:declared:db.InvestmentAssociationDocument:investment_association	35735.43,19324.77 30818.49,16769.99
edge:declared:db.InvestmentAssociationEvent:investment_association	33264.36,17647.12 30818.49,16729.17
edge:declared:db.InvestmentAssociationIndividualPartnerLegalRepresentative:ward	37062.44,17062.09 36691.26,17091.97
edge:declared:db.InvestmentAssociationOrganizationPartnerCeo:organization_partner	38868.19,16842.59 38319.40,16886.93
edge:declared:db.InvestmentAssociationOrganizationPartnerCorporationSignerCeo:corporation	38732.60,14958.66 38645.90,14904.22
edge:declared:db.InvestmentAssociationOrganizationPartnerManager:organization_partner	34997.24,15486.33 38029.20,16853.49
edge:declared:db.InvestmentAssociationOrganizationPartnerSigner:_deprecated_manager	37712.36,15138.10 35113.38,15427.35
edge:declared:db.InvestmentAssociationOrganizationPartnerSigner:organization_partner	37915.86,15161.11 38131.52,16853.49
edge:declared:db.InvestmentAssociationPartner:address	39497.33,18307.09 24228.17,18904.65
edge:declared:db.InvestmentAssociationPartner:investment_association	39497.33,18272.49 30818.49,16699.14
edge:declared:db.InvestmentAssociationPartnerManager:partner	38197.72,17624.92 39497.33,18228.08
edge:declared:db.InvestmentAssociationPartnerResume:partner	40985.19,16768.47 39748.99,18191.95
edge:declared:db.InvestmentAssociationPartnerResume:signer	40944.50,16686.47 37997.47,15161.11
edge:declared:db.InvestmentAssociationPartnerResumeItem:resume	41166.66,16347.29 41039.10,16686.47
edge:declared:db.InvestmentAssociationPartnerSalesIntent:partner	37132.68,21820.46 39576.23,18409.95
edge:declared:db.InvestmentAssociationShare:investment_association	34372.62,17503.77 30818.49,16706.15
edge:declared:db.InvestmentAssociationShare:partner	34612.62,17547.89 39497.33,18277.50
edge:declared:db.InvestmentRound:company	16065.82,11015.67 15985.26,12241.32
edge:declared:db.InvestmentRoundNewIssueEvent:investment_round	16116.68,10389.43 16071.89,10933.67
edge:declared:db.InvestmentRoundNewIssueEvent:new_issue_event	16116.71,10315.43 16050.35,9920.23
edge:declared:db.InvestmentSimulation:company	13293.25,7501.79 15893.25,12241.32
edge:declared:db.InvestmentSimulationInitialOption:option_grantee	11516.58,7237.63 11994.60,7334.28
edge:declared:db.InvestmentSimulationInitialOptionGrantee:simulation	12352.60,7400.13 13144.56,7449.12
edge:declared:db.InvestmentSimulationInitialShareholder:simulation	10109.71,6580.26 13144.56,7422.38
edge:declared:db.InvestmentSimulationInitialStock:shareholder	8107.71,4548.95 9954.96,6506.26
edge:declared:db.InvestmentSimulationInvestor:simulation_round	18282.18,4538.39 14426.59,6900.47
edge:declared:db.InvestmentSimulationNewIssueInvestment:investor	17826.66,5954.91 18334.10,4538.39
edge:declared:db.InvestmentSimulationPurchaseInvestment:investor	21405.48,6206.56 18422.18,4538.39
edge:declared:db.InvestmentSimulationPurchaseSellStock:seller	21863.29,5778.99 21503.30,6206.56
edge:declared:db.InvestmentSimulationRound:simulation	14295.25,6974.47 13364.35,7411.79
edge:declared:db.InvestorInterest:venture_capital	39571.74,13571.66 38171.46,12602.52
edge:declared:db.InvestorMatching:_deprecated_excluded_companies	28109.95,10964.42 16194.99,12437.88
edge:declared:db.InvestorMatching:excluded_investors	28393.95,10944.04 37803.46,12445.71
edge:declared:db.InvestorRelations:previous_investors	30762.28,7671.61 37803.46,12352.74
edge:declared:db.InvestorRelationsSurvey:_deprecated_preferred_investors	35778.74,10536.60 37803.46,12313.58
edge:declared:db.InvestorRelationsSurvey:investor_relations	35671.86,10462.60 30762.28,7656.95
edge:declared:db.InvitationSeat:allocated_seat	8489.90,12242.47 8174.79,13904.51
edge:declared:db.InvitationSeat:invitation_seat_request	8563.69,12168.47 10007.16,11362.09
edge:declared:db.InvitationSeatRequest:company	10199.49,11344.86 15814.99,12421.28
edge:declared:db.IrAiAnalysis:investor_relations	31307.72,7136.29 30762.28,7473.30
edge:declared:db.IrAiAnalysisLike:ai_analysis	31844.13,6666.67 31407.62,7062.29
edge:declared:db.IrAiSummary:investor_relations	32205.70,7265.98 30762.28,7539.51
edge:declared:db.IrAlert:ir_set	35026.24,9475.99 30762.28,7635.42
edge:declared:db.IrAlert:venture_capital	35161.05,9557.99 37803.46,12285.17
edge:declared:db.IrAlertInvestorRelations:investor_relations	33961.96,9193.72 30762.28,7643.55
edge:declared:db.IrAlertInvestorRelations:ir_alert	34156.93,9261.96 34997.79,9484.26
edge:declared:db.IrApproval:investor_relations	30686.68,7075.92 30628.79,7439.94
edge:declared:db.IrApprovalNotificationDismiss:ir_approval	30822.50,6719.70 30707.20,7001.92
edge:declared:db.IrBrokerActivity:investor_relations	30288.30,8251.51 30547.81,7697.94
edge:declared:db.IrBrokerActivity:vc_user_relations	30342.91,8325.51 34716.60,10630.79
edge:declared:db.IrClosing:investor_relations	32951.55,6727.88 30762.28,7513.31
edge:declared:db.IrCommittedInvestmentAmount:investor_relations	34615.67,10044.32 30762.28,7664.07
edge:declared:db.IrCommittedInvestmentAmount:venture_capital	34726.94,10118.32 37803.46,12342.07
edge:declared:db.IrCompanyCreate:company	17486.29,9843.68 16127.86,12241.32
edge:declared:db.IrFeed:investor_relations	30375.37,7530.61 30454.28,7528.25
edge:declared:db.IrFeedAccessLog:ir_feeds	31034.79,8023.29 30375.37,7579.31
edge:declared:db.IrFeedAccessLog:venture_capital	31147.55,8097.29 37803.46,12357.16
edge:declared:db.IrFeedRating:ir_feed	29846.06,7536.29 30127.37,7534.92
edge:declared:db.IrFundRaising:investor_relations	36062.76,7575.11 30762.28,7569.11
edge:declared:db.IrFundRaising:venture_capital	36202.93,7619.89 37912.11,12270.07
edge:declared:db.IrFundRaisingMemo:fund_raising	35314.43,7794.09 36062.76,7606.32
edge:declared:db.IrFundRaisingStageLog:fund_raising	35567.70,5251.35 36174.70,7529.89
edge:declared:db.IrInsightClub:pitching_day_hall	35880.55,8795.67 35564.93,8752.73
edge:declared:db.IrInsightClub:venture_capitals	36026.17,8853.40 37876.44,12270.07
edge:declared:db.IrInsightClubParticipation:investor_relations	35028.77,8041.87 30762.28,7585.42
edge:declared:db.IrInsightClubParticipation:ir_insight_club	35208.57,8100.34 35958.44,8771.40
edge:declared:db.IrInsightClubParticipationAttendee:ir_insight_club_participation	34799.20,7739.50 35106.67,8010.34
edge:declared:db.IrInsightClubSurvey:ir_insight_club_participation	35628.17,8112.92 35287.77,8071.48
edge:declared:db.IrInvestorFeedback:venture_capital	38108.94,12770.29 38071.78,12680.07
edge:declared:db.IrNote:investor_relations	32598.76,7403.80 30762.28,7555.89
edge:declared:db.IrSearchMetadata:investor_relations	32316.88,8067.09 30762.28,7613.48
edge:declared:db.IrSubscription:company	13752.87,7751.32 15901.14,12241.32
edge:declared:db.IrSubscriptionMarketingRequest:ir_subscription	14189.27,7912.82 13820.76,7751.32
edge:declared:db.IrTeamMember:investor_relations	32603.67,7516.29 30762.28,7564.63
edge:declared:db.IrTranscript:investor_relations	32187.94,7629.50 30762.28,7574.47
edge:declared:db.IrosOtpIssueMeetingDocument:stakeholder	9794.25,22737.88 9955.30,19507.16
edge:declared:db.LawtalkSignup:company	18239.35,15884.91 16174.02,12675.32
edge:declared:db.LawtalkSignupAttachment:lawtalk_signup	18688.11,16214.45 18316.91,15958.91
edge:declared:db.LedgerByCustomerDocument:new_issue	16212.18,23653.22 16281.37,22423.78
edge:declared:db.LegalPartner:address_for_express_delivery	22640.50,14714.76 23609.91,14392.33
edge:declared:db.LegalPartner:logo	22447.12,14895.84 20756.62,18300.70
edge:declared:db.LegalPartnerEmail:legal_partner	22923.21,14279.13 22597.30,14645.84
edge:declared:db.LegalPartnerPaypleSettings:legal_partner	23399.29,15641.85 22617.66,14895.84
edge:declared:db.LegalPartnerRegistrationAssistanceSettings:legal_partner	22751.21,16154.26 22510.58,14895.84
edge:declared:db.LegalPartnerSignupChannel:legal_partner	24061.45,14446.47 22640.50,14734.15
edge:declared:db.LegalPartnerSlackChannels:legal_partner	22940.42,14936.15 22640.50,14826.42
edge:declared:db.LegalPartnerUserRelation:legal_partner	23201.29,15948.38 22562.68,14895.84
edge:declared:db.ManualOptionVestingItem:manual_option_vesting	14290.57,18510.66 14328.14,18457.31
edge:declared:db.Meeting:company	17241.16,17446.73 16067.17,12675.32
edge:declared:db.Meeting:electronic_signature_selected_ceo	17147.45,17446.73 16747.34,16513.95
edge:declared:db.Meeting:employee_attorney	17398.08,17475.28 17594.55,17370.71
edge:declared:db.Meeting:meeting_draft	17192.67,17680.73 16437.86,20423.38
edge:declared:db.Meeting:new_articles_of_incorporation_file	17398.08,17580.10 20465.18,18453.08
edge:declared:db.Meeting:new_corporate_registration	17398.08,17446.73 18936.54,15656.97
edge:declared:db.MeetingAttachment:meeting	18534.48,17748.81 17398.08,17567.04
edge:declared:db.MeetingDirectorContact:meeting	14504.30,17818.74 17102.08,17671.35
edge:declared:db.MeetingDirectorContact:stakeholder	14282.97,17862.44 10128.96,19349.82
edge:declared:db.MeetingDocument:directors_meeting	14814.86,25909.70 15438.47,20314.14
edge:declared:db.MeetingDocument:meeting	14891.30,25909.70 17250.81,17680.73
edge:declared:db.MeetingDocument:shareholders_meeting	14894.16,25909.70 15834.17,22723.96
edge:declared:db.MeetingDocumentCache:meeting_document	19799.85,26861.56 15024.08,26133.65
edge:declared:db.MeetingDocumentGeneration:meeting	19676.76,22019.23 17398.08,17680.73
edge:declared:db.MeetingDocumentGenerationItem:meeting_document	22016.72,26930.39 15024.08,26130.36
edge:declared:db.MeetingDocumentGenerationItem:meeting_document_generation	22132.64,26908.78 19714.83,22093.23
edge:declared:db.MeetingDocumentManualModification:meeting_document	17653.48,26287.95 15024.08,26118.03
edge:declared:db.MeetingDraft:company	16437.43,20423.38 16018.53,12675.32
edge:declared:db.MeetingDraftAgendaDirectorChange:meeting_draft	12671.80,20606.54 16280.15,20556.05
edge:declared:db.MeetingDraftAgendaDirectorChange:stakeholder	12441.90,20571.63 10128.96,19507.16
edge:declared:db.MeetingDraftAgendaDirectorCompensation:meeting_draft	15038.42,20134.16 16280.15,20463.53
edge:declared:db.MeetingDraftAgendaDirectorCompensationItem:director_compensation	13356.70,20041.06 14727.43,20090.92
edge:declared:db.MeetingDraftAgendaDirectorCompensationItem:stakeholder	12976.70,20000.15 10128.96,19507.16
edge:declared:db.MeetingDraftRegistrationAssistance:meeting_draft	16243.46,20170.49 16366.94,20423.38
edge:declared:db.MeetingDraftSchedule:meeting_draft	15753.61,20421.19 16280.15,20534.16
edge:declared:db.MembershipContentAccessLog:membership_content	-2093.50,4490.58 -1514.93,4968.27
edge:declared:db.MembershipContentAuthorRelation:author	27767.42,25540.62 27612.31,25334.38
edge:declared:db.MiraeassetAccount:relation	7075.03,11905.10 7307.20,11835.54
edge:declared:db.MnaBuyer:company	13114.15,7875.17 15868.16,12241.32
edge:declared:db.MnaBuyerAttachment:mna_buyer	12338.57,8355.68 13037.58,7875.17
edge:declared:db.ModusignApiLog:modusign_account	22271.30,20094.61 22182.46,20236.99
edge:declared:db.ModusignAuthentication:modusign_account	22344.51,20216.58 22275.88,20241.31
edge:declared:db.ModusignCompanyUserConnection:company	25453.48,9472.79 16194.99,12398.32
edge:declared:db.ModusignDocument:_option_grant_contract	23547.84,20572.39 21035.28,19087.89
edge:declared:db.ModusignDocument:audit_trail_file	23547.84,20555.49 20845.18,18718.39
edge:declared:db.ModusignDocumentActionHistory:modusign_document	24164.07,20551.72 23819.84,20611.42
edge:declared:db.ModusignDocumentActionHistory:modusign_document_participant	24272.28,20490.06 24079.13,20206.57
edge:declared:db.ModusignDocumentModusignAccountRelation:modusign_account	22632.35,20282.21 22275.88,20285.01
edge:declared:db.ModusignDocumentModusignAccountRelation:modusign_document	22901.97,20330.09 23547.84,20583.47
edge:declared:db.ModusignDocumentModusignApiKeyRelation:modusign_api_key	23072.52,20864.98 22910.05,21045.15
edge:declared:db.ModusignDocumentModusignApiKeyRelation:modusign_document	23218.62,20790.98 23547.84,20681.75
edge:declared:db.ModusignDocumentParticipant:modusign_document	24023.68,20206.57 23747.00,20555.49
edge:declared:db.ModusignEmbeddedDraft:modusign_account	22698.31,21627.16 22171.84,20334.99
edge:declared:db.ModusignEmbeddedDraft:modusign_api_key	22736.01,21627.16 22892.20,21119.15
edge:declared:db.ModusignEmbeddedDraft:modusign_document	22771.37,21627.16 23657.92,20717.49
edge:declared:db.ModusignExceededSignings:company	19283.06,10187.89 16194.99,12326.62
edge:declared:db.ModusignIaUserConnection:investment_association	31192.35,15837.77 30747.96,16538.87
edge:declared:db.NaverWorkplaceEmployee:naver_workplace_company	26841.50,14886.25 27049.30,14985.37
edge:declared:db.NcpSignupChannel:naver_workplace_company	26810.81,15005.54 27008.33,15016.44
edge:declared:db.NewIssueNoticeEmail:new_issue	13070.05,20779.86 16009.37,22253.78
edge:declared:db.NewIssueNoticeEmailRecipient:bulk_email_recipient	13522.69,20561.34 17132.34,19188.01
edge:declared:db.NewIssueNoticeEmailRecipient:email	13293.68,20643.34 13112.29,20704.68
edge:declared:db.NewIssueNoticeEmailRecipient:shareholder	13363.15,20643.34 10828.79,22650.23
edge:declared:db.NewIssueSkipNoticeDocument:new_issue_agenda	15329.77,23047.05 16212.18,22423.78
edge:declared:db.NewIssueSkipNoticeDocument:shareholder	15003.77,23082.92 10828.79,22650.23
edge:declared:db.NewIssueStockAcceptanceDocument:new_issue_item	18048.89,26041.17 19315.07,25413.07
edge:declared:db.NewIssueStockAllocationDocument:bonus_issue_agenda	18760.29,24225.23 18190.68,20203.21
edge:declared:db.NewIssueStockAllocationDocument:new_issue_agenda	18397.29,24257.27 16281.37,22423.78
edge:declared:db.NewIssueStockAllocationRecordDateNoticeDocument:bonus_issue_agenda	21702.17,24082.50 18190.68,20203.21
edge:declared:db.NewIssueStockSubscriptionDocument:new_issue_item	17993.61,25327.57 19315.07,25346.70
edge:declared:db.NewIssueStockUnissuedConfirmationDocument:new_issue_item	18122.68,25639.22 19315.07,25377.15
edge:declared:db.NonUnifiedShareCreateRequest:stock_unissued_confirmation_file	31261.05,28177.64 31514.11,29224.05
edge:declared:db.NonUnifiedShareEtcFile:create_request	30989.03,27372.88 31234.44,28087.64
edge:declared:db.NonUnifiedShareEtcFile:management_history	30930.34,27298.88 30386.49,26860.81
edge:declared:db.NonUnifiedShareManagement:non_unified_share_company	32094.29,26205.74 32981.19,25905.52
edge:declared:db.NonUnifiedShareManagementHistory:create_request	30358.19,26860.81 31218.41,28087.64
edge:declared:db.NonUnifiedShareManagementHistory:management	30463.14,26754.81 31842.29,26290.78
edge:declared:db.NonUnifiedShareManagementHistory:renew_request	30165.58,26810.11 29909.08,26439.89
edge:declared:db.NonUnifiedShareManagementHistory:stock_unissued_confirmation_file	30347.11,26860.81 31502.90,29224.05
edge:declared:db.NonUnifiedShareManagementSalesIntent:non_unified_share_management	35956.72,24586.41 32076.28,26203.39
edge:declared:db.NonUnifiedShareSucPoaDocument:modusign_document	25292.90,21113.06 25031.52,21094.58
edge:declared:db.NonUnifiedShareSucPoaDocument:request	25475.36,21164.53 29840.02,26349.89
edge:declared:db.NonUnifiedShareSucPoaDocument:user_address	25415.34,21082.53 24170.82,19086.04
edge:declared:db.NonUnifiedShareSucRenewRequest:management	30029.40,26384.27 31842.29,26257.16
edge:declared:db.NonUnifiedShareSucRenewRequest:renew_stock_unissued_confirmation_file	29903.56,26439.89 31491.22,29224.05
edge:declared:db.NotarizationPoA:meeting	15648.93,23008.82 15792.54,22723.96
edge:declared:db.NotarizationPoaDirectorSigner:director	13734.67,22812.53 13759.45,22756.44
edge:declared:db.NotarizationPoaDirectorSigner:notarization_poa	13825.61,22863.46 15504.26,23037.25
edge:declared:db.NotarizationPoaShareholderSigner:notarization_poa	15864.93,23000.59 15752.26,23024.03
edge:declared:db.NotarizationPoaShareholderSigner:shareholder	16155.64,22993.50 17010.02,23169.11
edge:declared:db.Notification:company	14971.27,9565.68 15927.39,12241.32
edge:declared:db.NotificationInbox:notification	14943.62,9357.97 14955.58,9491.68
edge:declared:db.Option:company	16807.55,17344.94 16060.52,12675.32
edge:declared:db.Option:grantee	16677.75,17434.94 14129.68,19185.74
edge:declared:db.Option:sealed_contract_file	16925.75,17434.94 20465.18,18452.94
edge:declared:db.Option:source_meeting	16918.33,17434.94 17102.08,17506.71
edge:declared:db.OptionAdjustment:event	15635.87,16170.12 15590.93,16786.46
edge:declared:db.OptionContractTemplatePermission:company	18343.73,13011.61 16194.99,12503.18
edge:declared:db.OptionExerciseClaim:company	11369.24,17785.16 15814.99,12675.32
edge:declared:db.OptionExerciseClaim:financial_account	11296.89,17785.16 11107.86,16994.66
edge:declared:db.OptionExerciseClaimAttachment:attachment_setting_item	12364.87,17588.13 12260.03,17505.00
edge:declared:db.OptionExerciseClaimAttachment:option_exercise_claim	12276.07,17657.34 11442.69,17824.68
edge:declared:db.OptionExerciseClaimCandidate:option_exercise_claim	12137.86,17849.77 11442.69,17849.09
edge:declared:db.OptionExerciseClaimCandidate:option_exercise_management	12304.14,17804.90 13342.82,16208.79
edge:declared:db.OptionExerciseClaimCandidate:option_grantee	12329.82,17894.90 13869.68,19155.61
edge:declared:db.OptionExerciseClaimCandidate:stock_subscription_file	12411.86,17862.35 20465.18,18593.99
edge:declared:db.OptionExerciseClaimDocumentSetting:management	13243.66,16674.69 13350.42,16208.79
edge:declared:db.OptionExerciseClaimEventRelation:_deprecated_payment	11410.43,18168.60 11578.93,18173.48
edge:declared:db.OptionExerciseClaimEventRelation:claim	11268.35,18114.75 11333.69,17915.16
edge:declared:db.OptionExerciseClaimEventRelation:event	11227.11,18196.75 11135.02,18332.46
edge:declared:db.OptionExerciseClaimMeetingDocument:exercise_claim	13213.01,22182.70 12974.85,21616.91
edge:declared:db.OptionExerciseClaimMeetingDocument:grantee	13238.39,22182.70 13373.05,21619.39
edge:declared:db.OptionExerciseClaimOption:option_exercise_claim	11651.79,17899.16 11442.69,17868.95
edge:declared:db.OptionExerciseClaimOptionTaxation:_deprecated_claim	11808.82,18023.60 11442.69,17895.61
edge:declared:db.OptionExerciseClaimOptionTaxation:claim_option	11891.10,18023.60 11812.26,17948.42
edge:declared:db.OptionExerciseClaimPayment:option_exercise_claim	11660.23,18140.06 11403.73,17915.16
edge:declared:db.OptionExerciseManagement:company	13449.07,16078.79 15834.55,12675.32
edge:declared:db.OptionExerciseManagement:excluded_institution_set	13234.64,16084.25 11528.32,16408.57
edge:declared:db.OptionExerciseManagementAttachmentSetting:management	12331.59,17301.60 13300.09,16208.79
edge:declared:db.OptionExerciseManagementAttachmentSettingItem:setting	12190.08,17431.00 12255.26,17375.60
edge:declared:db.OptionExerciseManagementCommonSetting:management	13786.38,16254.80 13494.64,16177.87
edge:declared:db.OptionExerciseManagementEmail:option_exercise_management	13775.65,16460.03 13449.88,16208.79
edge:declared:db.OptionExerciseManagementPaymentBankSetting:company	13069.94,12376.09 15814.99,12452.81
edge:declared:db.OptionExerciseManagementReminderSetting:management	13797.85,16101.22 13494.64,16131.12
edge:declared:db.OptionExerciseManagementTaxation:management	13040.74,16200.26 13234.64,16166.52
edge:declared:db.OptionExerciseManagementTaxationDefaultSetting:company	17471.28,9452.56 16077.61,12241.32
edge:declared:db.OptionGrantContract:_deprecated_template	20867.79,18973.89 19482.52,16239.11
edge:declared:db.OptionGrantContract:_grantee	20775.28,19086.84 14834.17,19248.89
edge:declared:db.OptionGrantContract:contract_file	20878.34,18973.89 20764.16,18734.70
edge:declared:db.OptionGrantContract:template_revision	20892.10,18973.89 20367.99,16720.37
edge:declared:db.OptionGrantContractModusignDocument:option_grant_contract	21666.45,20150.42 21035.28,19087.89
edge:declared:db.OptionGrantContractModusignEmbeddedDraft:option_grant_contract	21618.52,20495.46 21035.28,19087.89
edge:declared:db.OptionGrantContractStakeholder:company	19109.23,15223.80 16194.99,12658.00
edge:declared:db.OptionGrantContractTemplate:_deprecated_stakeholder	19479.59,16133.11 19269.90,15329.80
edge:declared:db.OptionGrantContractTemplate:company	19458.27,16133.11 16194.99,12675.32
edge:declared:db.OptionGrantContractTemplateDraft:company	17745.61,14020.68 16194.99,12626.74
edge:declared:db.OptionGrantContractTemplateDraft:stakeholder_set	17828.80,14094.68 19111.28,15223.80
edge:declared:db.OptionGrantContractTemplateRevision:stakeholder_set	20321.41,16630.37 19277.85,15329.80
edge:declared:db.OptionGrantContractTemplateRevision:template	20283.09,16630.37 19623.02,16231.29
edge:declared:db.OptionGrantEvent:_deprecated_grantee	14878.60,18343.94 14129.68,19154.61
edge:declared:db.OptionGrantEvent:share_class	15047.87,18278.26 15346.43,18238.11
edge:declared:db.OptionManagement:agenda_option_grant	12864.53,19722.76 15471.28,19796.01
edge:declared:db.OptionManagementStakeholderSeat:option_management	12404.14,19708.12 12628.53,19715.54
edge:declared:db.OptionManagementStakeholderSeat:stakeholder_seat	12203.05,19660.59 8229.62,19361.68
edge:declared:db.OptionResumeEvent:pause_event	34618.47,4355.01 34483.02,4493.43
edge:declared:db.OptionTag:category	14442.78,13986.16 14320.33,13943.91
edge:declared:db.OptionTag:company	14477.67,13986.16 15814.99,12648.60
edge:declared:db.OptionTagCategory:company	14259.31,13869.91 15814.99,12624.49
edge:declared:db.OptionTaxCalculatorSetting:company	21630.28,9988.02 16194.99,12374.88
edge:declared:db.OptionValueChange:company	16094.33,11134.74 16020.65,12241.32
edge:declared:db.OptionValueChange:investment_round	16092.40,11060.74 16087.06,11015.67
edge:declared:db.OptionVesting:_deprecated_grant_event	14518.07,18246.33 14799.87,18279.89
edge:declared:db.Order:seal_card	1521.37,8280.36 -523.50,8363.45
edge:declared:db.OrderPromotionRelation:order	2956.78,9592.37 1694.29,8324.16
edge:declared:db.OrderPromotionRelation:promotion	3023.67,9592.37 3519.58,8982.04
edge:declared:db.OrderStaffInChargeRelation:order	1417.01,6751.34 1637.82,8226.16
edge:declared:db.OrderStaffInChargeRelation:staff_in_charge	1284.58,6722.21 307.31,6784.74
edge:declared:db.OrderStatusHistory:order	442.73,9938.87 1610.29,8324.16
edge:declared:db.OrganizationChart:company	10623.57,13769.53 15814.99,12514.42
edge:declared:db.OtherDocumentArchive:company	19802.31,16520.63 16194.99,12675.32
edge:declared:db.OtherDocumentArchiveAttachment:other_document_archive	20152.08,17196.56 19855.26,16594.63
edge:declared:db.OwnerRole:company	9223.20,11045.91 15814.99,12418.82
edge:declared:db.OwnerRolePermissionRelation:owner_permission	8300.11,10586.59 7931.63,10482.40
edge:declared:db.OwnerRolePermissionRelation:owner_role	8483.78,10659.04 9015.68,10971.08
edge:declared:db.Payment:_company	21134.63,13491.14 16194.99,12497.60
edge:declared:db.Payment:app_card	21311.27,13525.79 21360.42,13588.93
edge:declared:db.Payment:charge	21134.63,13494.42 20771.67,13635.36
edge:declared:db.Payment:credit_card	21394.63,13423.52 24407.35,13401.73
edge:declared:db.Payment:purchase	21394.63,13495.89 22799.61,13789.02
edge:declared:db.PaymentLink:payment_store	26013.36,13326.81 24272.63,14153.15
edge:declared:db.PaymentLink:question_threads	25984.16,13266.56 21044.99,12660.35
edge:declared:db.PaymentRefund:payment	21493.20,13386.60 21394.63,13419.50
edge:declared:db.PaymentRefund:payment_status_history	21541.54,13312.60 21476.43,13261.02
edge:declared:db.PaymentStatusHistory:payment	21403.02,13261.02 21301.50,13411.79
edge:declared:db.PaymentStore:legal_partner	24024.63,14243.15 22640.50,14698.76
edge:declared:db.Payroll:company	4483.56,4626.25 15814.99,12330.25
edge:declared:db.Payroll:setting	4400.83,4626.25 5196.35,11563.56
edge:declared:db.PayrollAnnualSalaryInfo:employee	7724.02,14331.88 8329.36,14973.99
edge:declared:db.PayrollAnnualSalaryItem:item_setting_relation	6891.98,13808.85 6152.65,12509.73
edge:declared:db.PayrollAnnualSalaryItem:payroll_annual_salary_info	6979.65,13882.85 7625.43,14257.88
edge:declared:db.PayrollDocumentSealStampSetting:_deprecated_ceo	16191.94,14905.26 16561.91,16367.95
edge:declared:db.PayrollDocumentSealStampSetting:company	16178.58,14823.26 16022.19,12675.32
edge:declared:db.PayrollDocumentSealStampSetting:seal_stamp	16201.32,14905.26 16497.90,15520.96
edge:declared:db.PayrollEmployeeMonthlyWage:hrm_emp	4111.18,18537.17 4444.62,18256.36
edge:declared:db.PayrollLedger:company	11424.61,15084.71 15814.99,12618.77
edge:declared:db.PayrollLedgerAttachment:payroll_ldeger	10674.19,14718.86 11247.23,15084.71
edge:declared:db.PayrollLedgerFile:payroll_ledger	11102.38,14709.20 11302.07,15084.71
edge:declared:db.PayrollLedgerFileModificationRequest:payroll_ledger_file	11510.00,14558.96 11207.30,14640.72
edge:declared:db.PayrollLedgerItemSettingRelation:ledger_item	5970.15,12509.73 4680.51,12902.42
edge:declared:db.PayrollLedgerItemSettingRelation:setting	6070.86,12419.73 5261.07,11645.56
edge:declared:db.PayrollManagementRelation:payroll	7028.76,6848.68 4464.33,4626.25
edge:declared:db.PayrollSetting:ledger_item_set	5181.93,11645.56 4595.39,12902.42
edge:declared:db.PayrollSettlement:company_question_thread_set	11020.30,9431.20 18872.96,14215.67
edge:declared:db.PayrollSettlement:payroll	10956.24,9349.20 4477.52,4626.25
edge:declared:db.PayrollSettlementAutoCreation:payroll	5488.45,6634.55 4426.11,4626.25
edge:declared:db.PayrollSettlementAutoCreation:payroll_question_help_template	5541.88,6708.55 8288.20,9694.07
edge:declared:db.PayrollSettlementProgressLog:payroll_settlement	10345.33,9584.28 10843.73,9428.85
edge:declared:db.PayrollSocialInsuranceSetting:hrm	-428.37,16878.74 -324.09,16230.71
edge:declared:db.PayrollStaffUserRelation:payroll	3914.95,4763.58 4263.84,4620.05
edge:declared:db.PayrollStatement:_deprecated_employee	8725.06,15727.62 8506.63,15111.73
edge:declared:db.PayrollStatement:hrm_emp	8616.50,15849.62 4788.62,18014.05
edge:declared:db.PayrollStatement:payroll_ledger	8876.50,15844.20 11206.25,15173.41
edge:declared:db.PayrollStatementAttendance:payroll_statement	8364.72,15695.11 8656.58,15727.62
edge:declared:db.PayrollStatementDocument:payroll_statement	10278.59,15629.26 8876.50,15849.62
edge:declared:db.PayrollStatementEmail:payroll_ledger	10378.04,18020.21 11312.74,15190.71
edge:declared:db.PayrollStatementEmailRecipient:email	9906.05,18308.95 10278.55,18110.21
edge:declared:db.PayrollStatementEmailRecipient:payroll_statement	9773.55,18308.95 8876.50,15849.62
edge:declared:db.PayrollStatementItem:ledger_item_setting_relation	7689.15,13350.51 6197.75,12509.73
edge:declared:db.PayrollStatementItem:payroll_statement	7814.12,13424.51 8656.76,15727.62
edge:declared:db.PayrollStatementPayrollInformation:payroll_statement	8642.28,15997.92 8718.06,15849.62
edge:declared:db.PayrollStatementScheduledEmail:payroll_statement_email	10075.63,17268.63 10346.66,18020.21
edge:declared:db.PayrollStatementScheduledEmailPeriodicTaskRelation:payroll_statement_scheduled_email	9910.33,17383.01 9932.26,17268.63
edge:declared:db.PeriodicOptionVestingItem:periodic_option_vesting	14023.14,18282.85 13956.77,18365.28
edge:declared:db.PhantomStock:company	8847.17,17223.80 15814.99,12621.41
edge:declared:db.PhantomStock:grantee	8799.10,17321.80 9237.12,18143.80
edge:declared:db.PhantomStockGrantContract:phantom_stock	8355.43,17481.84 8675.11,17321.80
edge:declared:db.PhantomStockResumeEvent:pause_event	15398.76,16430.32 15469.13,16318.83
edge:declared:db.PhantomStockVesting:phantom_stock	8529.74,17639.06 8740.45,17321.80
edge:declared:db.PhantomStockVestingItem:phantom_stock_vesting	8403.83,17954.53 8488.33,17713.06
edge:declared:db.PhantomStockVestingTraceable:phantom_stock	8747.35,17817.70 8770.68,17321.80
edge:declared:db.PhantomStockVestingTraceable:source_vesting_item	8646.65,17891.70 8490.79,17954.53
edge:declared:db.PhoneVerification:phone	5587.05,14006.05 3454.93,12571.87
edge:declared:db.PingpongDelivery:dropoff_address	20593.29,12407.26 23739.21,14306.07
edge:declared:db.PitchingDayHall:assigned_irs	35316.93,8706.54 30762.28,7606.15
edge:declared:db.PitchingDayHallAccessLog:pitching_day_hall	35621.07,8947.63 35479.13,8781.15
edge:declared:db.PitchingDayHallAccessLog:venture_capital	35676.87,9021.63 37850.30,12270.07
edge:declared:db.PitchingDayHallAssignedIrs:investor_relations	33156.85,7999.17 30762.28,7594.94
edge:declared:db.PitchingDayHallAssignedIrs:pitching_day_hall	33395.27,8057.10 35316.93,8695.11
edge:declared:db.PortalMenuVisibilitySetting:company	16802.19,10128.17 16068.27,12241.32
edge:declared:db.PortalSetting:company	18014.40,9301.02 16142.90,12241.32
edge:declared:db.PortfolioCompany:company	30652.60,14090.52 16194.99,12479.46
edge:declared:db.PortfolioCompany:venture_capital	30912.60,14075.60 37803.46,12516.73
edge:declared:db.PortfolioCompanyFund:fund	32188.01,14424.72 33363.68,13746.31
edge:declared:db.PortfolioCompanyFund:portfolio_company	31972.17,14427.52 30912.60,14140.25
edge:declared:db.PortfolioCompanyManager:portfolio_company	30502.33,15406.14 30775.24,14170.01
edge:declared:db.PortfolioCompanyUserRelation:portfolio_company	30920.41,14432.55 30810.64,14170.01
edge:declared:db.PrivacyPolicyLog:privacy_policy	159.61,30015.49 191.41,29907.50
edge:declared:db.PromotionAddress:promotion	3527.31,7212.73 3548.97,8908.04
edge:declared:db.PromotionCodeUsageHistory:promotion_code	26328.14,12579.75 26197.79,12335.30
edge:declared:db.PromotionCodeUsageHistory:service_fee_item	26396.94,12653.75 25765.81,12820.02
edge:declared:db.Purchase:_corporate_registration_paid_issue	22799.61,13820.32 20547.70,13842.82
edge:declared:db.Purchase:_credit	22799.61,13823.50 21048.20,13862.30
edge:declared:db.Purchase:_deprecated_payment_store	23095.61,13890.59 24024.63,14234.01
edge:declared:db.Purchase:_incorporation_request	22926.89,13924.22 21968.48,15844.76
edge:declared:db.Purchase:_invitation_seat_request	22799.61,13755.59 10199.49,11344.81
edge:declared:db.Purchase:_meeting	22799.61,13922.40 17398.08,17520.55
edge:declared:db.Purchase:_payment_store_legal_partner	22896.96,13924.22 22546.44,14645.84
edge:declared:db.Purchase:_subscription_payment_request	23071.37,13714.22 21728.54,11797.99
edge:declared:db.Purchase:basket	23095.61,13718.14 23287.52,13588.55
edge:declared:db.Purchase:company	22799.61,13790.31 16194.99,12496.98
edge:declared:db.Purchase:investment_association	23095.61,13863.56 30510.49,16648.83
edge:declared:db.Purchase:service_fee	23095.61,13773.77 23909.62,13593.04
edge:declared:db.Purchase:venture_capital	23095.61,13861.03 37803.46,12492.19
edge:declared:db.PurchaseItem:payment_store	23669.03,13927.58 24272.63,14153.15
edge:declared:db.PurchaseItem:purchase	23452.02,13883.59 23095.61,13862.49
edge:declared:db.PurchaseStatusHistory:purchase	22154.94,13741.07 22799.61,13805.11
edge:declared:db.Purpose:articles_of_incorporation	17298.03,15180.12 17213.85,15373.69
edge:declared:db.Purpose:industrial_code	17303.97,15106.12 17212.56,14772.80
edge:declared:db.QrReplyPasswordReset:request	25038.45,16414.93 25124.97,16712.37
edge:declared:db.QrReplyPasswordResetRequest:reply	25093.39,16786.37 24854.85,16994.80
edge:declared:db.QuarterlyReportRequest:quarterly_report	29459.34,16823.84 29756.56,16031.18
edge:declared:db.QuarterlyReportRequestAttachment:quarterly_report_request	25447.06,17370.96 29272.47,16891.88
edge:declared:db.QuarterlyReportRequestRecipient:email_activity_recipient	30671.94,17791.22 25831.84,23085.19
edge:declared:db.QuarterlyReportRequestRecipient:portfolio_company	30714.21,17701.22 30781.36,14170.01
edge:declared:db.QuarterlyReportRequestRecipient:portfolio_company_manager	30710.70,17701.22 30497.71,15480.14
edge:declared:db.QuarterlyReportRequestRecipient:quarterly_report_request	30650.52,17701.22 29507.78,16913.84
edge:declared:db.QuarterlyReportRequestReportItem:quarterly_report_item	28126.75,16732.24 28916.05,16728.88
edge:declared:db.QuarterlyReportRequestReportItem:quarterly_report_request	28198.58,16759.89 29272.47,16853.95
edge:declared:db.QuarterlyReportSettings:quarterly_report	29496.31,16086.36 29560.16,15961.77
edge:declared:db.QuarterlyReportSignupChannel:portfolio_company	29357.84,14498.51 30652.60,14165.51
edge:declared:db.QuarterlyReportSignupChannel:quarterly_report	29239.58,14574.75 29853.16,15917.18
edge:declared:db.QuestionMessageAttachment:message	22247.55,15303.67 24208.56,11541.18
edge:declared:db.QuestionMessageScheduled:question_thread_message	24471.37,10986.24 24279.84,11395.18
edge:declared:db.QuestionThread:_company	20784.99,12639.55 16194.99,12468.83
edge:declared:db.QuestionThreadAssignment:question_thread	19792.68,12764.42 20784.99,12658.12
edge:declared:db.QuestionThreadMessage:question_thread	24110.59,11516.20 21044.99,12598.70
edge:declared:db.QuestionThreadMessageAccessLog:message	24371.84,11678.40 24289.13,11541.18
edge:declared:db.QuestionThreadMessageCategory:question_thread_message	25323.05,11571.35 24382.59,11481.41
edge:declared:db.QuestionThreadMessagePeriodicTaskRelation:question_message_scheduled	24306.58,10817.00 24435.98,10912.24
edge:declared:db.QuestionThreadMessageProfile:message	24741.85,11276.46 24382.59,11415.58
edge:declared:db.QuestionThreadMessageReminder:message	25330.05,11678.42 24382.59,11494.75
edge:declared:db.QuestionThreadMessageReview:message	24867.95,11786.89 24382.59,11538.47
edge:declared:db.QuestionThreadMessageReviewRequest:message	25342.56,11791.45 24382.59,11508.54
edge:declared:db.QuestionThreadTag:question_thread_set	20987.57,12906.84 20934.99,12713.39
edge:declared:db.RebootProductContactRequest:company	13103.76,11988.30 15814.99,12427.42
edge:declared:db.RegisteredMail:order_status_history	11.41,10040.60 289.26,9997.94
edge:declared:db.RegisteredMail:seal_card_return_status_history	-119.83,10020.55 -175.68,9851.57
edge:declared:db.Registration:meeting	14859.56,19518.81 17102.08,17680.73
edge:declared:db.RegistrationAgenda:agenda_ceo_address_change	12646.44,21748.17 12869.61,21913.16
edge:declared:db.RegistrationAgenda:agenda_director_change	12591.03,21748.17 12642.98,22775.83
edge:declared:db.RegistrationAgenda:agenda_option_exercise	12711.70,21721.57 13152.43,21783.51
edge:declared:db.RegistrationAgenda:registration	12634.14,21658.17 14767.03,19600.81
edge:declared:db.RegistrationAssistance:legal_partner	20839.45,17490.52 22440.24,14895.84
edge:declared:db.RegistrationAssistance:meeting	20690.15,17532.69 17398.08,17563.84
edge:declared:db.RegistrationAssistanceReceipt:registration_assistance	21358.15,17779.72 20907.55,17572.52
edge:declared:db.RegistrationCaseReport:company	13195.70,8302.68 15858.27,12241.32
edge:declared:db.RegistrationCaseReport:jurisdiction	13170.01,8302.68 13141.93,9872.61
edge:declared:db.RegistrationCaseReportUpdateLog:company	18181.61,9792.94 16166.89,12241.32
edge:declared:db.RegistrationDirector:registration	14913.53,19687.43 14842.95,19600.81
edge:declared:db.RegistrationFormCaptable:agenda	19066.95,24294.54 17453.92,21520.48
edge:declared:db.RegistrationFormCaptableDocument:captable	17358.38,25150.74 19003.90,24376.54
edge:declared:db.RegistrationFormCaptableNotarizationRequestor:registration_form_captable	18255.04,23852.11 19023.77,24294.54
edge:declared:db.RegistrationFormCaptableNotarizationRequestor:shareholder	18136.13,23778.11 17376.24,23263.40
edge:declared:db.RegistrationFormHeadOfficeInsideRelocationDocument:head_office_relocation_agenda	19461.11,24552.95 18470.86,21730.87
edge:declared:db.RegistrationFormHeadOfficeOutsideRelocationDocument:head_office_relocation_agenda	20400.43,24280.79 18490.63,21730.87
edge:declared:db.RegistrationHelp:company_question_thread	18646.60,14706.40 18933.19,14393.67
edge:declared:db.RegistrationHelp:meeting	18588.87,14780.40 17360.05,17446.73
edge:declared:db.ResignationLetterDocument:director_change_agenda	13293.39,24350.38 12668.22,22881.83
edge:declared:db.RightToConsentOrConsult:company	14001.45,16878.26 15940.58,12675.32
edge:inheritance:db.RsuAdjustEvent->db.Event	14596.08,16625.80 15422.72,16854.44
edge:declared:db.RsuExerciseClaim:company	13406.09,15394.23 15814.99,12673.86
edge:declared:db.RsuExerciseClaim:financial_account	13280.53,15500.23 11170.19,16896.66
edge:declared:db.RsuExerciseClaimAttachment:attachment_setting_item	12748.49,15546.65 12587.44,15529.35
edge:declared:db.RsuExerciseClaimAttachment:rsu_exercise_claim	12995.49,15507.27 13235.16,15467.70
edge:declared:db.RsuExerciseClaimCandidate:hrm_emp	11352.01,16695.75 4788.62,18083.80
edge:declared:db.RsuExerciseClaimCandidate:rsu_exercise_claim	11553.45,16620.10 13277.70,15500.23
edge:declared:db.RsuExerciseClaimCandidate:rsu_exercise_management	11503.95,16620.10 11759.90,16124.92
edge:declared:db.RsuExerciseClaimCandidate:rsu_grantee	11528.15,16718.10 11909.22,17090.49
edge:declared:db.RsuExerciseClaimCandidateEmailRecipient:candidate	11961.58,16541.56 11604.01,16635.87
edge:declared:db.RsuExerciseClaimEventRelation:claim	14408.90,15733.01 13483.16,15480.99
edge:declared:db.RsuExerciseClaimEventRelation:event	14605.42,15806.13 15061.99,16099.55
edge:declared:db.RsuExerciseClaimRsu:rsu	13854.86,15359.37 14549.94,15269.39
edge:declared:db.RsuExerciseClaimRsu:rsu_exercise_claim	13618.86,15392.52 13483.16,15413.09
edge:declared:db.RsuExerciseManagement:company	11842.75,16026.92 15814.99,12643.14
edge:declared:db.RsuExerciseManagement:excluded_institution_set	11732.72,16124.92 11451.73,16387.14
edge:declared:db.RsuExerciseManagementAttachmentSetting:management	11938.85,15658.67 11803.27,16026.92
edge:declared:db.RsuExerciseManagementAttachmentSettingItem:setting	12320.36,15545.95 12113.26,15645.37
edge:declared:db.RsuExerciseManagementEmail:rsu_exercise_management	12607.85,16594.71 11862.93,16124.92
edge:declared:db.RsuExtraAttachment:rsu	15154.69,14917.01 14786.00,15185.15
edge:declared:db.RsuGrantContract:rsu	15418.30,14961.88 14821.94,15203.74
edge:declared:db.RsuGrantContract:template	15537.42,14871.88 15573.49,14447.76
edge:declared:db.RsuGrantContractModusignDocument:rsu_grant_contract	21604.55,19227.15 15654.93,14949.63
edge:declared:db.RsuGrantContractTemplate:company	15586.58,14365.76 15982.28,12675.32
edge:declared:db.RsuGrantContractTemplate:stakeholder_set	15551.29,14365.76 15468.91,14234.30
edge:declared:db.RsuGrantContractTemplateStakeholder:company	15448.70,14160.30 15950.91,12675.32
edge:declared:db.RsuMeeting:company	15808.65,15059.59 15988.57,12675.32
edge:declared:db.RsuMeeting:meeting	15929.31,15149.59 17102.08,17446.73
edge:declared:db.RsuMeetingAttachment:meeting	15610.84,15209.00 15722.13,15149.59
edge:declared:db.RsuPerformanceCondition:company	14761.86,14243.38 15854.30,12675.32
edge:declared:db.RsuResumeEvent:pause_event	15077.37,17278.49 15071.68,17330.09
edge:declared:db.RsuRsa:company	14720.46,15185.15 15902.93,12675.32
edge:declared:db.RsuRsa:grantee	14549.94,15331.15 12006.79,17090.49
edge:declared:db.RsuRsa:grantee_hrm_emp	14549.94,15326.91 4788.62,18024.55
edge:declared:db.RsuRsa:source_meeting	14821.94,15240.07 15681.31,15121.70
edge:declared:db.RsuRsaSealedContractFile:company	15309.73,14513.65 15944.97,12675.32
edge:declared:db.RsuRsaSealedContractFile:grant_contract	15321.92,14587.65 15513.83,14871.88
edge:declared:db.RsuTag:category	14936.35,14381.20 14990.65,14170.72
edge:declared:db.RsuTag:company	15034.07,14381.20 15901.81,12675.32
edge:declared:db.RsuTag:rsu_set	14905.12,14463.20 14707.92,15185.15
edge:declared:db.RsuTagCategory:company	15022.47,14096.72 15878.57,12675.32
edge:declared:db.RsuVesting:rsu	14333.09,15244.68 14549.94,15253.20
edge:declared:db.RsuVestingItem:performance_condition	14280.74,14929.14 14710.08,14317.38
edge:declared:db.RsuVestingItem:rsu_vesting	14244.08,15019.14 14223.31,15203.31
edge:declared:db.RsuVestingTraceable:rsu	14514.75,15141.20 14579.98,15185.15
edge:declared:db.RsuVestingTraceable:source_vesting_item	14429.95,15067.20 14336.58,15019.14
edge:declared:db.RtccConsentSummary:company	13365.77,10504.08 15814.99,12319.06
edge:declared:db.RtccConsentSummary:source_result	13433.84,10443.27 13664.46,10396.73
edge:declared:db.RtccEmail:right_to_consent_or_consult	13933.25,17046.79 13966.69,16960.26
edge:declared:db.RtccEmailAuthentication:rtcc_investor	14761.63,17674.27 14455.22,17509.27
edge:declared:db.RtccInvestor:right_to_consent_or_consult	14339.57,17419.27 14012.35,16960.26
edge:declared:db.RtccInvestor:stakeholder	14264.01,17509.27 10128.96,19238.05
edge:declared:db.RtccInvestorFile:investor	16064.18,17369.21 14527.15,17455.36
edge:declared:db.RtccSummaryAnalysisRequest:company	14666.10,10983.51 15814.99,12241.32
edge:declared:db.RtccSummaryAnalysisRequestDocument:document	14527.54,10549.49 18273.23,15325.85
edge:declared:db.RtccSummaryAnalysisRequestDocument:request	14478.69,10549.49 14530.56,10901.51
edge:declared:db.RtccSummaryAnalysisResult:request	13700.72,10396.73 14473.81,10901.51
edge:declared:db.RtccSummaryAnalysisResultDocument:document	13738.70,9545.78 18263.93,15325.85
edge:declared:db.RtccSummaryAnalysisResultDocument:result	13700.12,9545.78 13631.92,10314.73
edge:declared:db.Safe:company	11879.49,15351.26 15814.99,12624.18
edge:declared:db.Safe:holder	11790.20,15425.26 11587.89,15633.84
edge:declared:db.SafeCreateEvent:contract_file	19005.79,18198.40 20465.18,18457.78
edge:declared:db.SalesMetric:legal_partner	23338.97,14709.30 22640.50,14759.50
edge:declared:db.SdContactRequest:secondary_deal	38071.55,8614.30 39059.28,6277.51
edge:declared:db.SdContactRequest:venture_capital	38055.54,8688.30 37991.15,12270.07
edge:declared:db.SealCardReturnRequest:seal_card	-1401.03,8458.58 -771.50,8383.90
edge:declared:db.SealCardReturnStatusHistory:seal_card_return_request	-230.93,9769.57 -1483.99,8514.29
edge:declared:db.SealCertificateDelivery:company	19363.05,12396.14 16194.99,12453.05
edge:declared:db.SealCertificateDelivery:seal_card_pickup_delivery	19611.05,12390.36 20388.11,12362.68
edge:declared:db.SealCertificateIssueRequest:delivery	19624.91,12491.49 19556.88,12444.56
edge:declared:db.SealStamp:attachment	16624.48,15626.96 20465.18,18353.07
edge:declared:db.SealStamp:company	16514.91,15520.96 16038.59,12675.32
edge:declared:db.SealStamp:director	16530.39,15626.96 16622.86,16367.95
edge:declared:db.SealStampCardContinuedUseApplicationFormDocument:stakeholder	9220.48,23221.36 9932.97,19507.16
edge:declared:db.SealStampDeclarationDocument:stakeholder	9530.39,23069.95 9944.83,19507.16
edge:declared:db.SealStampImage:seal_stamp	18732.50,17015.17 16631.45,15626.96
edge:declared:db.SealStampUsageHistory:employee	10550.65,15330.30 8613.36,15034.31
edge:declared:db.SealStampUsageHistory:payroll_statement_document	10617.46,15402.25 10435.79,15573.71
edge:declared:db.SealStampUsageHistory:seal_stamp	10798.65,15354.30 16399.78,15582.42
edge:declared:db.SealStampUsageHistory:wht_book	10550.65,15352.70 9616.39,15378.73
edge:declared:db.SealStampUsageHistory:wht_certificate	10701.67,15296.25 10761.46,15178.95
edge:declared:db.SealStampUsageHistory:wht_receipt	10550.65,15305.73 10283.05,15211.81
edge:declared:db.SecondaryDeal:assigned_investors	39088.91,6277.51 38023.89,12270.07
edge:declared:db.SecondaryDeal:business_line	38956.63,6146.49 38214.76,6101.22
edge:declared:db.SecondaryDeal:corporate_registration	38956.63,6084.96 38701.29,5968.05
edge:declared:db.SecondaryDeal:operating_profit	39078.38,6035.51 38700.19,4634.90
edge:declared:db.SelfRegistration:meeting	17583.91,17481.26 17398.08,17526.98
edge:declared:db.ServiceFee:basket	23909.62,13560.90 23459.31,13544.18
edge:declared:db.ServiceFeeItem:product	25587.27,12811.69 24818.05,12233.42
edge:declared:db.ServiceFeeItem:service_fee	25560.78,12893.69 24157.62,13603.69
edge:declared:db.ShareClass:company	15475.38,18166.31 15988.10,12675.32
edge:declared:db.ShareholderInstitutionMember:institution	10230.09,21987.39 10657.10,22650.23
edge:declared:db.ShareholderInstitutionMember:manager	10178.69,21905.39 10027.04,21661.61
edge:declared:db.ShareholderInstitutionMemberCeo:member	10133.15,22599.24 10199.67,21987.39
edge:declared:db.ShareholderVote:agenda	17412.05,22801.55 17359.25,21520.48
edge:declared:db.ShareholderVote:attended_shareholder	17295.63,22875.55 17217.44,23125.40
edge:declared:db.ShareholderVotingRightsPerAgenda:agenda	17256.87,22364.94 17335.80,21520.48
edge:declared:db.ShareholderVotingRightsPerAgenda:shareholder	17111.84,22438.94 17189.07,23125.40
edge:declared:db.ShareholdersAgreementStakeholder:stakeholder	8902.36,19098.67 9796.96,19310.97
edge:declared:db.ShareholdersMeeting:chairperson	15697.95,22711.83 13951.10,22707.83
edge:declared:db.ShareholdersMeeting:meeting	15834.11,22585.96 17248.56,17680.73
edge:declared:db.ShareholdersMeeting:sealed_meeting_minutes_file	15918.49,22585.96 20584.13,18734.70
edge:declared:db.ShareholdersMeetingAgenda:agenda_authorized_shares_change	17133.92,21456.32 16589.72,21707.55
edge:declared:db.ShareholdersMeetingAgenda:agenda_bonus_issue	17453.92,21257.81 18190.68,20203.21
edge:declared:db.ShareholdersMeetingAgenda:agenda_branch_change	17453.92,21255.90 17663.88,20112.52
edge:declared:db.ShareholdersMeetingAgenda:agenda_change_of_articles_of_incorporation	17453.92,21457.83 18923.43,20665.41
edge:declared:db.ShareholdersMeetingAgenda:agenda_co_ceo_system_change	17133.92,21357.97 16174.15,21148.38
edge:declared:db.ShareholdersMeetingAgenda:agenda_company_name_change	17343.89,21246.48 17237.13,21008.24
edge:declared:db.ShareholdersMeetingAgenda:agenda_custom	17133.92,21349.92 16206.58,21032.89
edge:declared:db.ShareholdersMeetingAgenda:agenda_director_change	17133.92,21453.03 12769.66,22790.82
edge:declared:db.ShareholdersMeetingAgenda:agenda_director_compensation_decision	17133.92,21448.44 15295.70,21666.56
edge:declared:db.ShareholdersMeetingAgenda:agenda_director_compensation_rule	17133.92,21325.02 16663.46,21004.74
edge:declared:db.ShareholdersMeetingAgenda:agenda_financial_statements	17453.92,21248.40 17463.48,20258.28
edge:declared:db.ShareholdersMeetingAgenda:agenda_head_office_relocation	17453.92,21460.77 18321.43,21649.67
edge:declared:db.ShareholdersMeetingAgenda:agenda_head_office_relocation_aoi_change	17453.92,21246.48 17143.59,20754.02
edge:declared:db.ShareholdersMeetingAgenda:agenda_method_of_giving_public_notice_change	17453.92,21246.48 17304.92,20082.77
edge:declared:db.ShareholdersMeetingAgenda:agenda_new_issue	17133.92,21517.09 16248.22,22253.78
edge:declared:db.ShareholdersMeetingAgenda:agenda_new_options_rule	17133.92,21292.06 16871.46,21143.94
edge:declared:db.ShareholdersMeetingAgenda:agenda_new_or_change_rsu_rule	17201.87,21246.48 17162.54,21189.11
edge:declared:db.ShareholdersMeetingAgenda:agenda_option_cancel	17133.92,21358.33 15042.19,21053.08
edge:declared:db.ShareholdersMeetingAgenda:agenda_option_grant	17133.92,21246.90 15719.28,19843.46
edge:declared:db.ShareholdersMeetingAgenda:agenda_purpose_change	17453.92,21519.72 17762.52,21799.37
edge:declared:db.ShareholdersMeetingAgenda:agenda_rsu_grant	17133.92,21349.92 15821.33,20943.11
edge:declared:db.ShareholdersMeetingAgenda:agenda_subsidiary_establishment	17133.92,21443.10 15954.13,21449.48
edge:declared:db.ShareholdersMeetingAgenda:meeting	17133.92,21520.48 15905.80,22585.96
edge:declared:db.ShareholdersMeetingConvocationNoticeEmail:shareholders_meeting	18068.39,20767.75 15911.71,22585.96
edge:declared:db.ShareholdersMeetingConvocationNoticeEmailAttachment:convocation_notice_email	19978.39,20428.97 18293.83,20734.79
edge:declared:db.ShareholdersMeetingConvocationNoticeEmailNewIssueAttachment:email	16594.50,22048.98 18211.46,20767.75
edge:declared:db.ShareholdersMeetingConvocationNoticeEmailNewIssueAttachment:new_issue	16698.40,22122.98 16281.37,22287.28
edge:declared:db.ShareholdersMeetingConvocationNoticeEmailRecipient:email_activity_recipient	24468.40,23672.49 25686.48,23183.19
edge:declared:db.ShareholdersMeetingConvocationNoticeRecipient:bulk_email_recipient	18973.82,21067.94 17392.34,19188.01
edge:declared:db.ShareholdersMeetingConvocationNoticeRecipient:convocation_notice_email	18963.01,21067.94 18293.83,20767.75
edge:declared:db.ShareholdersMeetingConvocationNoticeRecipient:shareholder	18751.09,21157.94 17385.02,23141.28
edge:declared:db.ShareholdersMeetingDirectorAttendance:stakeholder	13725.18,22658.44 10128.96,19507.16
edge:declared:db.ShareholdersMeetingPowerOfAttorneyIndividualDocument:shareholder	16424.97,24601.95 17159.51,23263.40
edge:declared:db.ShareholdersMeetingShareholderAttendance:meeting	17033.95,23125.40 15957.95,22723.96
edge:declared:db.ShareholdersMeetingShareholderAttendance:original_shareholder	17010.02,23263.40 10828.79,22711.23
edge:declared:db.ShareholdersMeetingShortenPeriodIndividualDocument:shareholder	16807.35,23511.22 17095.42,23263.40
edge:declared:db.ShareholdersMeetingWrittenDecisionIndividualDocument:shareholder	16982.42,24367.29 17184.76,23263.40
edge:declared:db.Stakeholder:company	10128.96,19193.16 15814.99,12675.32
edge:declared:db.Stakeholder:standardized_address	10128.96,19375.19 23920.17,18973.31
edge:declared:db.StakeholderAccount:account	10653.05,18263.34 11079.70,16994.66
edge:declared:db.StakeholderAccount:stakeholder	10619.41,18337.34 10128.96,19193.16
edge:declared:db.StakeholderCustodian:stakeholder	9390.76,19301.44 9796.96,19337.10
edge:declared:db.StakeholderSeat:stakeholder	8229.62,19352.35 9796.96,19352.31
edge:declared:db.StarredQuestionThread:question_thread	20538.91,12830.60 20784.99,12708.64
edge:declared:db.Stock:company	15439.13,18424.02 15987.12,12675.32
edge:declared:db.Stock:share_class	15442.51,18424.02 15463.20,18272.31
edge:declared:db.Stock:shareholder	15563.03,18506.02 10828.79,22650.23
edge:declared:db.StockDocumentAnalysis:document_ai_process_request	28449.24,27668.42 29284.81,27399.09
edge:declared:db.StockDocumentAnalysis:stock_reregistration_event	28377.85,27742.42 28536.16,27877.02
edge:declared:db.StockTransferAgreement:company	16983.36,18416.04 16065.80,12675.32
edge:declared:db.StockTransferAgreement:purchaser	16848.00,18570.04 10128.96,19373.83
edge:declared:db.StockTransferAgreement:sealed_agreement_file	17120.00,18570.04 20465.18,18643.36
edge:declared:db.StockTransferAgreement:seller	16848.00,18570.04 10828.79,22650.23
edge:declared:db.StockTransferAgreement:stock_transfer_event	16848.00,18485.38 16655.41,18517.30
edge:declared:db.StockTransferAgreementClauses:stock_transfer_agreement	17205.29,18420.98 17120.00,18434.39
edge:declared:db.StockTransferAgreementItem:agreement	16292.68,18353.53 16848.00,18428.45
edge:declared:db.StockTransferAgreementItem:share_class	16045.68,18315.32 15594.43,18236.56
edge:declared:db.StockTransferAgreementManagement:company	18156.92,13305.11 16194.99,12533.14
edge:declared:db.StockTransferAgreementManagement:related_tax_advices	18423.40,13313.51 20784.99,12679.30
edge:declared:db.StockTransferAgreementManagement:stock_transfer_agreement	18252.63,13395.11 17032.18,18416.04
edge:declared:db.StockTransferAgreementManagementStakeholderSeat:stakeholder_seat	6036.08,8519.10 8097.79,19311.35
edge:declared:db.StockTransferAgreementManagementStakeholderSeat:stock_transfer_agreement_management	6121.86,8519.10 18120.40,13305.11
edge:declared:db.StockTransferAgreementModusignDocument:stock_transfer_agreement	20223.90,20211.13 17120.00,18570.04
edge:declared:db.StockTransferAgreementModusignEmbeddedDraft:stock_transfer_agreement	19462.19,19996.11 17120.00,18570.04
edge:declared:db.StockTransferAgreementPurchaserInstitution:agreement	17146.42,18843.16 17120.00,18570.04
edge:declared:db.StockTransferAgreementSellerInstitution:agreement	17131.58,18726.70 17028.96,18570.04
edge:declared:db.StockTransferAgreementSurvey:company	21064.72,10666.26 16194.99,12391.02
edge:declared:db.StockTransferPrice:share_class	16118.52,18418.83 15594.43,18257.82
edge:declared:db.StockTransferPrice:stock_transfer_event	16354.52,18486.08 16419.41,18503.12
edge:declared:db.StockUnissuedConfirmationRequest:company	18765.16,15735.78 16194.99,12675.32
edge:declared:db.StockUnissuedConfirmationRequest:stock_unissued_confirmation_file	18826.81,15817.78 20475.53,18300.70
edge:declared:db.StripeCard:customer	874.85,7263.47 974.17,7640.69
edge:declared:db.StripePayment:card	-263.34,7916.75 804.27,7263.47
edge:declared:db.StripePayment:order	-206.35,7977.85 1521.37,8255.45
edge:declared:db.StripePayment:seal_card_return_request	-425.14,7998.75 -1430.41,8432.29
edge:declared:db.Subscription:company	21997.49,11135.70 16194.99,12415.19
edge:declared:db.Subscription:subscription_contract	21997.49,11135.71 19738.92,11635.94
edge:declared:db.Subscription:subscription_package	21997.49,11129.45 19932.04,11490.07
edge:declared:db.Subscription:subscription_plan	22047.39,11186.71 21373.68,11839.60
edge:declared:db.Subscription:subscription_policy	21997.49,11149.11 20499.46,11637.71
edge:declared:db.Subscription:subscription_promotion	21997.49,11163.22 20819.83,11661.23
edge:declared:db.SubscriptionBonus:subscription	22512.38,11200.19 22269.49,11139.62
edge:declared:db.SubscriptionContract:company	19502.92,11688.11 16194.99,12417.81
edge:declared:db.SubscriptionModusignDocumentUsageHistory:subscription	23911.50,11928.41 22269.49,11170.09
edge:declared:db.SubscriptionPackage:company	19696.04,11537.73 16194.99,12410.93
edge:declared:db.SubscriptionPaymentRequest:company	21573.81,11772.43 16194.99,12431.69
edge:declared:db.SubscriptionPaymentRequest:subscription	21727.58,11715.99 22079.62,11186.71
edge:declared:db.SubscriptionPenaltyPayment:company	19477.66,11812.84 16194.99,12422.58
edge:declared:db.SubscriptionPenaltyPayment:subscription	19717.66,11758.15 21997.49,11142.69
edge:declared:db.SubscriptionPeriod:subscription	22980.11,10805.04 22269.49,11057.41
edge:declared:db.SubscriptionPerk:subscription	22441.34,11365.16 22229.60,11186.71
edge:declared:db.SubscriptionPlan:permissions	21184.86,11920.56 20524.59,12042.24
edge:declared:db.SubscriptionPlanOffering:subscription_plan	21563.07,12011.73 21437.75,11953.60
edge:declared:db.SubscriptionPlanPerk:subscription_plan	21527.69,11933.94 21444.86,11919.41
edge:declared:db.SubscriptionPolicy:company	20268.02,11695.81 16194.99,12424.23
edge:declared:db.SubscriptionPromotion:company	20611.91,11717.47 16194.99,12427.78
edge:declared:db.SubscriptionReservation:company	20632.76,12095.49 16194.99,12443.46
edge:declared:db.SubscriptionReservation:subscription_plan	20799.73,12048.99 21184.86,11935.06
edge:declared:db.SubscriptionSuspensionHistory:subscription	22419.20,11084.26 22269.49,11095.50
edge:declared:db.TalingCoupon:_company	10581.13,11751.64 15814.99,12433.47
edge:declared:db.TaxBookkeepingServiceRequest:company	21166.66,14128.81 16194.99,12511.52
edge:declared:db.TaxBookkeepingServiceRequest:incorporation_request	20953.56,14210.81 21849.27,15844.76
edge:declared:db.TaxPartnerTbkContract:legal_partner	23866.43,14579.13 22640.50,14747.08
edge:declared:db.TaxPartnerTbkContractItem:tax_partner_tbk_contract	23855.40,14717.93 23953.62,14599.96
edge:declared:db.TaxPartnerTbkSettings:legal_partner	22820.74,15762.66 22528.85,14895.84
edge:declared:db.TbkConsulting:tax_bookkeeping_service_request	21500.62,14248.96 21227.56,14185.63
edge:declared:db.TbkConsulting:tbk_question_thread	21500.62,14326.72 19156.96,14239.45
edge:declared:db.TbkConsultingMemo:tbk_consulting	22045.01,14108.95 21746.67,14228.72
edge:declared:db.TbkConsultingRefusal:incorporation_request	21396.14,15542.06 21711.36,15844.76
edge:declared:db.TbkConsultingStatusLog:tbk_consulting	21498.45,14048.47 21597.65,14228.72
edge:declared:db.TbkContract:tbk_consulting	23124.50,15166.25 21748.62,14326.72
edge:declared:db.TbkContractBenefit:tbk_contract	23386.40,15251.39 23315.69,15235.36
edge:declared:db.TbkContractSettlement:tbk_contract	23370.08,15074.25 23246.68,15166.25
edge:declared:db.ThirdPartyArticleProviderUserRelation:article_provider	20388.09,19894.25 20398.51,19845.98
edge:declared:db.UserApiKeyCompanyAccess:api_key	16991.53,9438.17 17670.71,7523.03
edge:declared:db.UserApiKeyCompanyAccess:selected_companies	16963.06,9520.17 16038.32,12241.32
edge:declared:db.UserApiKeyCompanyRelation:company	16874.11,9266.12 16038.02,12241.32
edge:declared:db.UserApiKeyCompanyRelation:company_access	16898.87,9266.12 16965.64,9438.17
edge:declared:db.UserApiKeyRevocation:api_key	17239.61,7470.52 17561.62,7480.09
edge:declared:db.UserInvitation:company	8579.66,11737.38 15814.99,12435.16
edge:declared:db.UserInvitation:company_user_relation	8331.66,11742.20 7555.20,11790.65
edge:declared:db.UserInvitationInvitee:invitation	7858.92,12895.30 8432.71,11770.42
edge:declared:db.UserInvitationInvitee:stakeholder	7851.10,12969.30 9879.99,19193.16
edge:declared:db.UserInvitationOwnerRoleRelation:owner_role	9420.10,11307.39 9153.93,11069.08
edge:declared:db.UserInvitationOwnerRoleRelation:user_invitation	9356.68,11381.39 8573.52,11680.42
edge:declared:db.UserProfileImageMapping:profile_image	22145.73,18931.62 22286.53,18913.58
edge:declared:db.UserSealCardRelation:seal_card	-900.81,8528.48 -710.25,8409.75
edge:declared:db.ValuationHistory:company	18490.10,12474.06 16194.99,12456.69
edge:declared:db.ValuationServiceRequest:company	17911.95,13777.58 16194.99,12588.19
edge:declared:db.ValuationServiceRequest:company_question_thread	18038.11,13851.58 18872.96,14276.16
edge:declared:db.VcIrRecommendationRequest:venture_capital	35899.32,9774.71 37828.94,12270.07
edge:declared:db.VcIrRecommendationRequestResult:investor_relations	33972.99,8788.48 30762.28,7624.76
edge:declared:db.VcIrRecommendationRequestResult:request	34148.43,8862.48 35798.41,9700.71
edge:declared:db.VcLpReport:venture_capital	37481.76,13000.68 37803.46,12666.31
edge:declared:db.VcLpReportRequest:alimtalk_activity	38093.70,13408.81 36499.45,14091.26
edge:declared:db.VcLpReportRequest:vc_lp_report	38097.92,13326.81 37533.59,13074.68
edge:declared:db.VcLpReportRequestRecipient:alimtalk_activity_recipient	36163.28,13981.38 35464.22,14338.00
edge:declared:db.VcLpReportRequestRecipient:fund_partner	36285.42,13899.38 36216.77,13753.60
edge:declared:db.VcLpReportRequestRecipient:vc_lp_report_request	36376.68,13901.07 38065.25,13404.23
edge:declared:db.VcNameAlias:venture_capital	39052.64,12133.11 38171.46,12415.40
edge:declared:db.VcSearchLog:company	29451.81,6927.37 16194.99,12383.04
edge:declared:db.VcSearchLog:investor_relations	29637.07,6927.37 30454.28,7467.21
edge:declared:db.VcSearchLog:venture_capital	29652.67,6927.37 37803.46,12352.60
edge:declared:db.VcUserRole:venture_capital	35229.32,11053.50 37803.46,12380.23
edge:declared:db.VentureBusinessCertification:attachment	18539.12,15553.28 20475.47,18300.70
edge:declared:db.VentureBusinessCertification:company	18464.76,15497.61 16194.99,12675.32
edge:declared:db.VentureBusinessCertificationExpirationNotificationLog:venture_business_certification	18349.59,15622.01 18361.01,15579.61
edge:declared:db.VentureCapitalEmailTemplates:venture_capital	38514.47,12575.25 38171.46,12510.06
edge:declared:db.VentureCapitalPaymentLink:venture_capital	30349.39,12812.63 37803.46,12483.74
edge:declared:db.VentureCapitalQuarterlyReport:content_template	29853.16,15917.18 30816.41,13891.35
edge:declared:db.VentureCapitalQuarterlyReport:venture_capital	29853.16,15931.74 37803.46,12553.26
edge:declared:db.VentureCapitalQuarterlyReportContentTemplate:venture_capital	31026.00,13817.35 37803.46,12511.28
edge:declared:db.VentureCapitalQuarterlyReportItem:quarterly_report	29115.13,16687.20 29756.46,16031.18
edge:declared:db.VentureCapitalQuarterlyReportItemReply:file_attachment	27888.00,16650.11 20845.18,18399.87
edge:declared:db.VentureCapitalQuarterlyReportItemReply:item	28234.53,16627.26 28916.05,16709.11
edge:declared:db.VentureCapitalQuarterlyReportItemReply:reply	27871.53,16632.14 24914.37,17036.68
edge:declared:db.VentureCapitalQuarterlyReportReply:_deprecated_captable	24576.37,17117.32 20845.18,18387.33
edge:declared:db.VentureCapitalQuarterlyReportReply:company_create_request	24576.37,17100.82 24126.54,17210.02
edge:declared:db.VentureCapitalQuarterlyReportReply:portfolio_company	24878.15,16994.80 30652.60,14168.13
edge:declared:db.VentureCapitalQuarterlyReportReply:quarterly_report	24914.37,17019.69 29560.16,15917.18
edge:declared:db.VentureCapitalSubscription:subscription_plan	38869.27,11082.90 39020.75,11275.17
edge:declared:db.VentureCapitalSubscription:venture_capital	38817.58,11082.90 38108.92,12270.07
edge:declared:db.VentureCapitalSubscriptionPlanPermission:subscription_plan	40480.26,11253.10 39198.58,11309.96
edge:declared:db.VentureCapitalSubscriptionPlanPrice:subscription_plan	38919.08,11937.79 39045.33,11357.17
edge:declared:db.VentureCapitalUserRelation:roles	34848.15,10720.79 35113.62,10979.50
edge:declared:db.VentureCapitalUserRelation:venture_capital	34881.64,10720.79 37803.46,12371.33
edge:declared:db.VentureComplex:address	24735.48,17942.59 24154.72,18836.04
edge:declared:db.VideoCollection:video_contents	18714.80,9473.99 19377.95,8859.34
edge:declared:db.VideoCollectionFeedback:company	18169.52,10315.20 16194.99,12259.52
edge:declared:db.VideoCollectionFeedback:video_collection	18229.35,10241.20 18636.70,9563.99
edge:declared:db.VideoCollectionPermission:company	18560.17,9026.46 16166.41,12241.32
edge:declared:db.VideoCollectionPermission:video_collection	18591.34,9026.46 18659.41,9473.99
edge:declared:db.VideoContentHistory:company	18987.27,9745.02 16194.99,12283.42
edge:declared:db.VideoContentHistory:video_collection	18914.08,9663.02 18743.68,9563.99
edge:declared:db.VideoContentHistory:video_content	19012.44,9663.02 19403.87,8859.34
edge:declared:db.VideoContentSpeecher:video_content	19005.59,8755.19 19299.43,8799.17
edge:declared:db.WhitepaperPreviewFile:whitepaper	287.53,6264.52 260.14,6422.10
edge:declared:db.WhitepaperWatermarkFile:whitepaper	1527.59,5916.59 348.54,6422.10
edge:declared:db.WhtBook:employee	9380.42,15342.80 8613.36,15062.64
edge:declared:db.WhtBook:wht_book_without_date	9368.39,15417.52 9169.82,15473.97
edge:declared:db.WhtBookWithoutDate:employee	9008.25,15469.30 8589.88,15111.73
edge:declared:db.WhtCertificate:employee	10706.09,15135.54 8613.36,15018.54
edge:declared:db.WhtReceipt:employee	10111.02,15163.99 8613.36,15023.83
edge:declared:db.YearEndTaxSettlement:payroll	7730.18,19746.25 4407.25,4626.25
edge:declared:db.YearEndTaxSettlementConfirmationSchedule:year_end_tax_settlement	6724.53,18126.23 7712.34,19746.25
edge:declared:db.YetsAssistance:employee	13887.52,30668.40 6218.99,31104.12
edge:declared:db.YetsAssistanceCreatorYetsEmployee:yets_employee	7392.53,30206.43 6167.19,31047.44
edge:declared:db.YetsAssistanceMessage:assistance	15691.95,30414.27 14135.52,30661.23
edge:declared:db.YetsAssistanceMessage:creator	15691.95,30386.53 12243.55,30162.17
edge:declared:db.YetsAssistanceMessageFile:message	23879.77,32921.63 15939.95,30433.46
edge:declared:db.YetsAssistanceStaffAccessLog:assistance	13139.51,30807.72 13887.52,30693.22
edge:declared:db.YetsAssistanceStaffFavoriteRelation:assistance	14683.03,30495.14 14135.52,30640.51
edge:declared:db.YetsEmail:year_end_tax_settlement	8893.57,19797.24 7864.03,19791.89
edge:declared:db.YetsEmailAuthentication:yets_employee	5006.67,31831.76 5976.18,31177.44
edge:declared:db.YetsEmployee:employee	6082.07,31047.44 8431.09,15111.73
edge:declared:db.YetsEmployee:year_end_tax_settlement	6082.06,31047.44 7733.49,19836.25
edge:declared:db.YetsEmployeeFile:employee	25363.35,35207.74 6218.99,31143.54
edge:declared:db.YetsEmployeeResult:yets_employee	7684.15,27871.15 6104.81,31047.44
edge:declared:db.YetsEmployeeResultAssistanceMessageRelation:assistance_message	12847.98,30066.98 15691.95,30380.91
edge:declared:db.YetsEmployeeResultAssistanceMessageRelation:result	12459.98,30028.02 7804.64,27871.15
edge:declared:db.YetsEmployeeResultStatusLog:result	7523.18,27215.14 7693.93,27781.15
edge:declared:db.YetsEmployeeResultWhtReceipt:result	23103.00,31474.32 7831.51,27855.53
edge:declared:db.YetsEmployeeSubmissionLog:yets_employee	5852.15,31489.05 6034.46,31177.44
edge:declared:db.YetsEmployeeUploadForm:yets_employee	8008.85,31655.51 6218.99,31153.53
edge:declared:db.YetsEmployeeUploadFormStatusLog:yets_employee_upload_form	7630.93,32411.18 8101.76,31723.51
edge:declared:db.ZuzuTaxPhoneToken:phone	3805.79,12371.23 3490.79,12497.87
edge:declared:document_ai.DocumentAiProcessResult:request	28629.13,29825.20 29388.19,27399.09
edge:declared:fi_sta.FiStaCompanyCeo:fi_sta_company	35810.83,30389.30 34829.69,32778.29
edge:declared:fi_sta.FiStaCompanySearchResult:fi_sta_company	34824.59,31544.68 34813.16,32778.29
edge:declared:fi_sta.FiStaContractDocument:participant	32418.01,33325.88 32982.86,33696.86
edge:declared:fi_sta.FiStaContractDocument:stock_transfer_agreement_document	32225.90,33300.98 29647.02,33719.63
edge:declared:fi_sta.FiStaContractDocument:stock_transfer_notice_poa_document	32362.13,33325.88 32420.27,33524.34
edge:declared:fi_sta.FiStaContractDocument:stock_unissued_confirmation_poa_document	32348.88,33235.88 32298.23,30329.41
edge:declared:fi_sta.FiStaManagement:fi_sta_company	37209.58,35122.70 34855.53,32860.29
edge:declared:fi_sta.FiStaParticipant:fi_sta_user	33181.29,33783.90 35433.89,34472.08
edge:declared:fi_sta.FiStaStockTransferAgreementDocument:starter	29647.02,33747.12 32933.29,33745.91
edge:declared:fi_sta.FiStaStockTransferNoticePoaDocument:signer	32555.71,33598.34 32933.29,33709.27
edge:declared:fi_sta.FiStaStockUnissuedConfirmationPoaDocument:signer	32305.57,30329.41 33046.55,33696.86
edge:declared:fi_sta.FiStaTransferStock:stock_transfer_agreement_document	31767.53,33970.83 29647.02,33763.75
edge:declared:fi_sta.FiStaUser:fi_sta_management	35648.20,34545.09 37151.91,35122.70
edge:declared:vertex_ai.VertexAiPredictionResult:request	39782.81,17472.00 39678.78,17567.27
edge:inheritance:db.AgendaBonusIssueNewIssueBalanceCertificateFile->db.FileAttachment	19020.94,19635.23 20465.18,18734.70
edge:inheritance:db.AgendaBonusIssueNewIssueMinutesFile->db.FileAttachment	18734.77,20016.32 20571.10,18734.70
edge:inheritance:db.Announcement->db.QuestionThread	20898.75,12274.47 20913.61,12575.39
edge:inheritance:db.AppointedDirectorCertificateOfSealDocument->db.MeetingDocument	16800.35,29534.89 14958.25,26303.70
edge:inheritance:db.AppointedDirectorResidentRegistrationDocument->db.MeetingDocument	18740.53,26468.55 15024.08,26123.06
edge:inheritance:db.ArticlesOfIncorporationAfterChangeDocument->db.MeetingDocument	21605.80,27789.95 15024.08,26150.87
edge:inheritance:db.ArticlesOfIncorporationBeforeChangeDocument->db.MeetingDocument	17042.22,26040.03 15024.08,26100.20
edge:inheritance:db.ArticlesOfIncorporationDocument->db.MeetingDocument	17780.25,27743.07 15024.08,26206.01
edge:inheritance:db.AuditReportDocument->db.MeetingDocument	18978.71,29137.59 15024.08,26237.22
edge:inheritance:db.BalanceCertificateDocument->db.MeetingDocument	14271.23,22750.05 14790.70,25909.70
edge:inheritance:db.BeforeunloadPdfEvent->db.PdfEvent	33336.57,11174.38 34032.92,11407.14
edge:inheritance:db.BigNumberValueWithVisibility->db.ValueWithVisibility	38620.72,4634.90 37214.16,5895.87
edge:inheritance:db.BranchAbolitionEvent->db.Event	18576.97,18173.39 15718.72,17004.46
edge:inheritance:db.BranchChangeEvent->db.Event	19443.84,18499.46 15718.72,17004.46
edge:inheritance:db.BranchInstallationEvent->db.Event	19179.01,18298.12 15718.72,17004.46
edge:inheritance:db.BulkEmailCommonAttachment->db.FileAttachment	16160.59,17901.59 20465.18,18495.25
edge:inheritance:db.BulkEmailRecipientAttachment->db.FileAttachment	17953.11,18974.79 20465.18,18673.90
edge:inheritance:db.CapitalChangeEvent->db.Event	15240.38,16037.48 15525.95,16786.46
edge:inheritance:db.CaptableAfterNewIssueDocument->db.MeetingDocument	17449.15,29724.33 14987.71,26303.70
edge:inheritance:db.CaptableAtRecordDateDocument->db.MeetingDocument	19430.90,26275.58 15024.08,26113.04
edge:inheritance:db.CaptableBeforeNewIssueDocument->db.MeetingDocument	17644.83,24348.31 15024.08,25994.39
edge:inheritance:db.CeoAddressChangeEvent->db.Event	15934.44,16649.97 15718.72,16793.22
edge:inheritance:db.CeoConfirmationDocument->db.MeetingDocument	18420.07,26139.31 15024.08,26108.14
edge:inheritance:db.CeoTypeChangedCeoResidentRegistrationDocument->db.MeetingDocument	13752.53,24539.00 14706.97,25909.70
edge:inheritance:db.CertificateOfCorporateSealDocument->db.MeetingDocument	17181.68,25859.75 15024.08,26065.81
edge:inheritance:db.CertificateOfSealNotarizationPoaDocument->db.MeetingDocument	14488.81,27288.23 14786.22,26303.70
edge:inheritance:db.CmeBulkEmail->db.BulkEmail	17735.36,16519.74 13727.44,17237.56
edge:inheritance:db.CmeBulkEmailRecipient->db.BulkEmailRecipient	18322.16,16453.57 17392.34,19074.01
edge:inheritance:db.CmeBulkEmailTemplate->db.BulkEmailTemplate	19955.90,14963.17 19534.76,15055.89
edge:inheritance:db.CoCeoSystemChangeEvent->db.Event	16018.92,15872.48 15665.09,16786.46
edge:inheritance:db.CompanyAddressChangeEvent->db.Event	19418.67,18348.60 15718.72,17004.46
edge:inheritance:db.CompanyBulkEmailTemplate->db.BulkEmailTemplate	18826.78,13975.61 19286.76,14974.35
edge:inheritance:db.CompanyDocumentDelivery->db.DocumentDelivery	18526.48,12637.41 19896.46,12481.40
edge:inheritance:db.CompanyEndorsementFeed->db.CompanyFeed	27606.37,6409.12 28410.37,5467.89
edge:inheritance:db.CompanyFeed->db.Feed	28467.86,5467.89 29279.36,7236.26
edge:inheritance:db.CompanyIrClosingFeed->db.CompanyFeed	29168.28,6204.36 28494.22,5467.89
edge:inheritance:db.CompanyIrNewCommitFeed->db.CompanyFeed	29754.93,6062.75 28552.81,5467.89
edge:inheritance:db.CompanyIrOpenFeed->db.CompanyFeed	29865.81,5524.90 28569.71,5424.50
edge:inheritance:db.CompanyNewsFeed->db.CompanyFeed	19323.57,8228.54 28321.71,5453.96
edge:inheritance:db.CompanyOwnerAuditLog->db.AuditLog	8874.64,7719.38 17152.69,7215.55
edge:inheritance:db.CompanyPaymentLink->db.PaymentLink	23177.27,12199.31 25988.31,13236.81
edge:inheritance:db.CompanyQuestionThread->db.QuestionThread	19156.96,14215.67 20837.79,12713.39
edge:inheritance:db.CompanyTanTableView->db.TanTableView	10581.07,9967.55 11030.93,9842.71
edge:inheritance:db.ConsentFormModusignDocument->db.ModusignDocument	30555.66,27944.58 23819.84,20716.86
edge:inheritance:db.ConsentFormModusignEmbeddedDraft->db.ModusignEmbeddedDraft	27198.47,35351.02 22736.87,21733.16
edge:inheritance:db.ConsentFormOptionItem->db.ConsentFormItem	23218.31,24142.05 23887.69,26642.37
edge:inheritance:db.CorporateRegistrationDocument->db.MeetingDocument	16718.55,29019.24 14972.55,26303.70
edge:inheritance:db.CustomOptionGrantContractTemplate->db.OptionGrantContractTemplate	20032.90,15920.10 19623.02,16133.11
edge:inheritance:db.CustomOptionGrantContractTemplateRevision->db.OptionGrantContractTemplateRevision	20539.46,16763.07 20450.88,16720.37
edge:inheritance:db.DebtConfirmationAndOffsetContractDocument->db.MeetingDocument	17242.95,25629.78 15024.08,26063.70
edge:inheritance:db.Director->db.Stakeholder	16500.26,16513.95 10128.96,19222.08
edge:inheritance:db.DirectorAppointmentEvent->db.Event	16118.64,16201.01 15682.99,16786.46
edge:inheritance:db.DirectorCompensationDecisionEvent->db.Event	16378.66,16889.25 15718.72,16913.79
edge:inheritance:db.DirectorCompensationLimitEvent->db.Event	16334.06,16690.35 15718.72,16866.26
edge:inheritance:db.DirectorDecisionDocument->db.MeetingDocument	19039.82,27021.73 15024.08,26145.42
edge:inheritance:db.DirectorResidentRegistrationWithAddressChangeHistoryDocument->db.MeetingDocument	14135.22,23545.36 14790.23,25909.70
edge:inheritance:db.DirectorTermEndEvent->db.Event	16140.79,16405.67 15718.72,16786.46
edge:inheritance:db.DirectorsMeetingMinutesDocument->db.MeetingDocument	15951.45,24983.90 15024.08,25936.05
edge:inheritance:db.DirectorsMeetingNoticeDocument->db.MeetingDocument	16386.91,29196.66 14944.17,26303.70
edge:inheritance:db.DirectorsMeetingNoticeEmail->db.BulkEmail	15857.90,19181.17 13723.09,17325.95
edge:inheritance:db.DirectorsMeetingNoticeEmailRecipient->db.BulkEmailRecipient	15906.97,19538.98 17132.34,19188.01
edge:inheritance:db.DirectorsMeetingSkipNoticeDocument->db.MeetingDocument	15781.31,29498.59 14900.27,26303.70
edge:inheritance:db.DocumentLoadedPdfEvent->db.PdfEvent	33909.09,11255.64 34102.86,11407.14
edge:inheritance:db.ESOPParticipant->db.Employee	9082.20,15871.48 8581.46,15111.73
edge:inheritance:db.ElectronicCertificateApplicationFormDocument->db.MeetingDocument	8154.63,25214.33 14668.08,26083.41
edge:inheritance:db.ElectronicCertificateCaseReportDocument->db.MeetingDocument	8898.77,23496.72 14668.08,26029.15
edge:inheritance:db.Employee->db.Stakeholder	8565.46,15111.73 9883.02,19193.16
edge:inheritance:db.EmployeeOptionExerciseEvent->db.Event	15758.83,17217.83 15634.71,17004.46
edge:inheritance:db.EmployeeOptionExerciseManagementEmail->db.BulkEmail	13168.02,14163.32 13566.14,17187.95
edge:inheritance:db.EmployeeOptionGrantee->db.Employee	8428.96,14282.54 8531.38,14909.73
edge:inheritance:db.EmployeeStockGuideEmail->db.BulkEmail	11632.57,17167.71 13467.44,17325.95
edge:inheritance:db.ExpertClientSignupChannel->db.SignupChannel	24183.28,14972.90 25147.74,14700.70
edge:inheritance:db.FeeReceiptDocument->db.MeetingDocument	16439.42,27652.85 15024.08,26279.75
edge:inheritance:db.FileValueWithVisibility->db.ValueWithVisibility	38447.37,5912.92 37291.20,5930.75
edge:inheritance:db.FinancialStatementsDocument->db.MeetingDocument	19405.11,27381.03 15024.08,26156.31
edge:inheritance:db.FinancialStatementsForNewIssueFromConversionDocument->db.MeetingDocument	15849.68,23494.55 14920.06,25909.70
edge:inheritance:db.HrmAlpUsagePlan->db.HrmApprovable	5406.18,18220.74 2943.29,17837.08
edge:inheritance:db.HrmAnnualLeave->db.HrmLeaveBase	3824.74,21801.78 3166.64,21066.97
edge:inheritance:db.HrmAnnualLeaveFiscalBasedConfig->db.HrmAnnualLeaveConfigBase	4176.71,25083.45 3903.13,22721.12
edge:inheritance:db.HrmAnnualLeaveHireBasedConfig->db.HrmAnnualLeaveConfigBase	3768.72,24264.10 3895.87,22721.12
edge:inheritance:db.HrmAttendance->db.HrmApprovable	4022.60,17898.19 2943.29,17831.70
edge:inheritance:db.HrmAttendanceLocation->db.HrmApprovable	5187.29,17122.91 2943.29,17829.60
edge:inheritance:db.HrmCertificateIssue->db.HrmApprovable	5580.79,16609.25 2943.29,17761.89
edge:inheritance:db.HrmCompensatoryLeave->db.HrmLeaveBase	2001.45,20840.07 2965.26,20974.94
edge:inheritance:db.HrmCustomLeave->db.HrmLeaveBase	2506.23,20846.13 2965.26,20960.18
edge:inheritance:db.HrmDeptAbolishedEvent->db.HrmDeptStatusEventBase	75.85,22841.34 35.85,21733.75
edge:inheritance:db.HrmDeptCreatedEvent->db.HrmDeptStatusEventBase	-91.92,21033.44 26.07,21651.75
edge:inheritance:db.HrmDeptNameChangedEvent->db.HrmDeptNameEventBase	-1057.43,20120.52 -1401.51,20361.03
edge:inheritance:db.HrmDeptNameEventBase->db.HrmDeptEventBase	-1396.24,20435.03 -1123.85,20604.77
edge:inheritance:db.HrmDeptParentChangedEvent->db.HrmDeptParentEventBase	-774.93,20289.24 -281.61,20317.73
edge:inheritance:db.HrmDeptParentEventBase->db.HrmDeptEventBase	-268.75,20361.52 -960.17,20604.77
edge:inheritance:db.HrmDeptStatusEventBase->db.HrmDeptEventBase	-8.82,21651.75 -1026.42,20678.77
edge:inheritance:db.HrmDocument->db.HrmApprovable	2205.35,15639.43 2695.29,17764.51
edge:inheritance:db.HrmEmpAbsenceEvent->db.HrmEmpStatusEventBase	4849.16,15740.58 5266.96,15827.39
edge:inheritance:db.HrmEmpAffiliationChangedEvent->db.HrmEmpAffiliationEventBase	3059.29,16751.94 3488.74,17020.21
edge:inheritance:db.HrmEmpAffiliationEventBase->db.HrmEmpEventBase	3674.97,17025.66 3909.88,16967.31
edge:inheritance:db.HrmEmpContractModusignDocument->db.ModusignDocument	28445.99,36427.06 23819.84,20717.49
edge:inheritance:db.HrmEmpDepartedEvent->db.HrmEmpStatusEventBase	5712.69,15857.49 5514.96,15854.83
edge:inheritance:db.HrmEmpEmploymentTypeChangedEvent->db.HrmEmpEmploymentTypeEventBase	4628.56,17132.92 4567.38,17072.22
edge:inheritance:db.HrmEmpEmploymentTypeEventBase->db.HrmEmpEventBase	4388.09,17005.31 4134.44,16951.88
edge:inheritance:db.HrmEmpJobChangedEvent->db.HrmEmpJobEventBase	3188.69,16034.86 3361.93,16537.28
edge:inheritance:db.HrmEmpJobEventBase->db.HrmEmpEventBase	3439.58,16611.28 3934.16,16893.31
edge:inheritance:db.HrmEmpJoinedEvent->db.HrmEmpStatusEventBase	5010.13,16444.53 5356.83,15906.16
edge:inheritance:db.HrmEmpReturnToWorkEvent->db.HrmEmpStatusEventBase	5206.33,15744.01 5301.31,15800.16
edge:inheritance:db.HrmEmpStatusEventBase->db.HrmEmpEventBase	5319.16,15906.16 4063.50,16893.31
edge:inheritance:db.HrmFamilyCareLeave->db.HrmLeaveBase	1999.16,20950.78 2965.26,20988.64
edge:inheritance:db.HrmFixedWork->db.HrmWorkBase	1889.25,18789.39 1828.59,18964.75
edge:inheritance:db.HrmGrantableLeave->db.HrmLeaveBase	3515.05,20265.29 3142.71,20920.97
edge:inheritance:db.HrmInfertilityTreatmentLeave->db.HrmLeaveBase	3029.50,20430.57 3091.96,20920.97
edge:inheritance:db.HrmLeaveUsage->db.HrmApprovable	6535.11,18361.90 2943.29,17836.45
edge:inheritance:db.HrmMaternityLeave->db.HrmLeaveBase	1992.67,21168.71 2965.26,21015.41
edge:inheritance:db.HrmMenstrualLeave->db.HrmLeaveBase	2519.15,21386.25 2992.93,21066.97
edge:inheritance:db.HrmMiscarriageLeave->db.HrmLeaveBase	1992.47,21278.80 2965.26,21028.91
edge:inheritance:db.HrmPaternityLeave->db.HrmLeaveBase	2502.99,21259.16 2965.26,21054.25
edge:inheritance:db.HrmPersonalLocation->db.HrmApprovable	6306.32,16269.52 2943.29,17760.86
edge:inheritance:db.HrmReserveTrainingLeave->db.HrmLeaveBase	2291.75,21717.69 3019.61,21066.97
edge:inheritance:db.HrmSelectiveWork->db.HrmWorkBase	2135.81,19509.15 1852.33,19086.75
edge:inheritance:db.HrmSelectiveWorkPlan->db.HrmApprovable	3819.85,18044.20 2943.29,17837.35
edge:inheritance:db.HrmStaggeredWork->db.HrmWorkBase	783.27,19512.00 1679.00,19086.75
edge:inheritance:db.IBKSignupChannel->db.SignupChannel	25774.43,14565.53 25395.74,14642.32
edge:inheritance:db.IaCertificateOfInvestmentDocument->db.InvestmentAssociationDocument	36841.34,18624.34 35880.19,19324.77
edge:inheritance:db.IaConsentFormDocument->db.InvestmentAssociationDocument	36253.02,18548.60 35830.06,19324.77
edge:inheritance:db.IaConsentFormOrMeetingElectronicSignatureRequestModusignDocument->db.ModusignDocument	27937.37,21075.77 23819.84,20664.32
edge:inheritance:db.IaConsentFormOrMeetingElectronicSignatureRequestModusignEmbeddedDraft->db.ModusignEmbeddedDraft	26064.13,21873.40 22843.72,21687.32
edge:inheritance:db.IaConsentFormOrMeetingElectronicSignatureRequiredDocument->db.InvestmentAssociationDocument	34000.97,19888.64 35654.85,19426.08
edge:inheritance:db.IaExpertPartnerBulkEmailTemplate->db.BulkEmailTemplate	21121.98,15258.27 19534.76,15056.35
edge:inheritance:db.IaExplanationFormForElectronicSignatureDocument->db.InvestmentAssociationDocument	37648.08,18632.29 35940.85,19326.70
edge:inheritance:db.IaGpAppointmentEvent->db.InvestmentAssociationEvent	35508.64,17906.91 33483.62,17696.43
edge:inheritance:db.IaGpTerminationEvent->db.InvestmentAssociationEvent	35850.23,18207.84 33483.62,17709.24
edge:inheritance:db.IaMeetingAgendaCustom->db.IaMeetingAgenda	35986.83,20861.47 35672.59,20595.37
edge:inheritance:db.IaMeetingMinutesDocument->db.InvestmentAssociationDocument	35208.14,20012.94 35740.16,19446.77
edge:inheritance:db.IaMeetingNoticeDocument->db.InvestmentAssociationDocument	34928.00,19895.01 35692.57,19446.77
edge:inheritance:db.IaMeetingSealedNoticeDocumentFile->db.FileAttachment	29345.12,19635.86 20845.18,18567.19
edge:inheritance:db.IaMeetingShortenPeriodDocument->db.InvestmentAssociationDocument	36931.16,20395.14 35782.41,19446.77
edge:inheritance:db.IaModusignDocumentUsageHistory->db.BaseModusignDocumentUsageHistory	27542.65,14554.84 25566.34,13635.23
edge:inheritance:db.IaOwnerAuditLog->db.AuditLog	26833.35,7848.88 17388.69,7216.27
edge:inheritance:db.IaPartnerListDocument->db.InvestmentAssociationDocument	35681.30,19130.12 35768.75,19324.77
edge:inheritance:db.IaPaymentLink->db.PaymentLink	28481.34,14726.39 26184.41,13326.81
edge:inheritance:db.IaPfCompanyInvestmentSalesIntent->db.SalesIntent	33953.43,22472.37 35556.53,23097.04
edge:inheritance:db.IaQuestionThread->db.QuestionThread	26616.07,13848.85 21044.99,12671.85
edge:inheritance:db.IaRuleDocument->db.InvestmentAssociationDocument	32605.59,19191.09 35654.85,19423.14
edge:inheritance:db.IaSealStampImage->db.FileAttachment	22228.04,18385.92 20845.18,18494.72
edge:inheritance:db.IaWrittenResolutionDocument->db.InvestmentAssociationDocument	36701.31,20072.29 35802.97,19446.77
edge:inheritance:db.ImAcVcBroker->db.ImZuzuBroker	29384.18,12345.51 31917.23,12236.90
edge:inheritance:db.ImIndividualGpBroker->db.ImZuzuBroker	31692.85,12372.75 31947.07,12268.81
edge:inheritance:db.ImInvestorBroker->db.ImBroker	35098.71,12321.83 33706.52,12168.80
edge:inheritance:db.ImIrPartnerBroker->db.ImBroker	31283.54,12093.03 33458.52,12151.71
edge:inheritance:db.ImPitchingDay->db.ImDay	32880.17,10478.54 34179.92,11092.27
edge:inheritance:db.ImPitchingDayParticipation->db.ImDayParticipation	31036.56,9860.77 32295.64,10428.34
edge:inheritance:db.ImZuzuBroker->db.ImBroker	32153.23,12226.06 33458.52,12161.15
edge:inheritance:db.InauguralConsentDocument->db.MeetingDocument	13405.63,23313.31 14743.48,25909.70
edge:inheritance:db.IncorporationRequestAssistanceReceipt->db.FileAttachment	22074.81,17660.96 20845.18,18367.50
edge:inheritance:db.IndividualStakeholder->db.Stakeholder	7720.24,21940.11 9827.27,19507.16
edge:inheritance:db.IndividualStockOptionCancelEvent->db.IndividualInvestorEvent	38442.40,28691.47 37174.53,28088.86
edge:inheritance:db.IndividualStockOptionExerciseEvent->db.IndividualInvestorEvent	38913.22,29765.75 37128.03,28088.86
edge:inheritance:db.IndividualStockOptionGrantEvent->db.IndividualInvestorEvent	37184.77,26328.88 37082.43,27998.86
edge:inheritance:db.IndividualStockOptionPauseEvent->db.IndividualInvestorEvent	32768.29,27318.44 36955.93,28023.13
edge:inheritance:db.IndividualStockOptionResumeEvent->db.IndividualInvestorEvent	33527.29,29380.29 36960.27,28088.86
edge:inheritance:db.IndividualStockOptionSalesIntent->db.SalesIntent	34049.31,23137.62 35513.90,23134.18
edge:inheritance:db.InputSignupChannel->db.SignupChannel	25857.98,15009.37 25342.04,14708.47
edge:inheritance:db.InstitutionStakeholder->db.Stakeholder	10083.03,21154.07 9973.65,19507.16
edge:inheritance:db.InvestmentAssociationAssociationPartner->db.InvestmentAssociationOrganizationPartner	36420.80,15910.51 38053.01,16853.49
edge:inheritance:db.InvestmentAssociationCorporationPartner->db.InvestmentAssociationOrganizationPartner	39141.83,15986.46 38191.29,16853.49
edge:inheritance:db.InvestmentAssociationIndividualPartner->db.InvestmentAssociationPartner	36625.27,17147.22 39497.33,18241.15
edge:inheritance:db.InvestmentAssociationOrganizationPartner->db.InvestmentAssociationPartner	38188.76,16951.49 39535.95,18191.95
edge:inheritance:db.InvestmentAssociationOrganizationPartnerCorporationSigner->db.InvestmentAssociationOrganizationPartnerSigner	38487.29,14904.22 38032.21,15071.11
edge:inheritance:db.InvestmentAssociationOrganizationPartnerIndividualSigner->db.InvestmentAssociationOrganizationPartnerSigner	37745.43,14969.66 37860.04,15071.11
edge:inheritance:db.InvestmentAssociationPartnerSalesIntent->db.SalesIntent	37063.80,21894.46 35674.71,23097.04
edge:inheritance:db.InvestmentContractHolder->db.Stakeholder	11535.61,15707.84 10107.07,19193.16
edge:inheritance:db.InvestorRelations->db.InvestorMatching	30454.28,7634.05 28249.23,10828.37
edge:inheritance:db.IrClosingComplete->db.IrClosing	31950.98,5121.85 33036.01,6645.88
edge:inheritance:db.IrClosingExpired->db.IrClosing	33074.84,7201.64 33066.56,6727.88
edge:inheritance:db.IrClosingIncomplete->db.IrClosing	34135.83,6706.74 33189.61,6689.17
edge:inheritance:db.IrConsultingRequest->db.ImConsultingRequest	27384.49,9623.07 27042.62,9539.09
edge:inheritance:db.IrFeed->db.Feed	30127.37,7516.82 29414.34,7307.84
edge:inheritance:db.IrosOtpIssueMeetingDocument->db.MeetingDocument	9848.79,22811.88 14668.08,25989.99
edge:inheritance:db.LawtalkSignupAttachment->db.FileAttachment	18777.34,16288.45 20465.18,18300.70
edge:inheritance:db.LedgerByCustomerDocument->db.MeetingDocument	16189.04,23727.22 14946.92,25909.70
edge:inheritance:db.LegalPartnerSignupChannel->db.SignupChannel	24301.45,14449.85 25147.74,14644.96
edge:inheritance:db.ManualOptionVesting->db.OptionVesting	14362.72,18383.31 14390.87,18268.79
edge:inheritance:db.ManualProduct->db.Product	24493.74,12100.99 24621.09,12159.42
edge:inheritance:db.MeetingAttachment->db.FileAttachment	18750.58,17804.68 20465.18,18451.40
edge:inheritance:db.Mna->db.InvestorMatching	27946.32,10740.89 28109.95,10837.52
edge:inheritance:db.MnaConsultingRequest->db.ImConsultingRequest	26784.36,9679.37 26915.37,9539.09
edge:inheritance:db.NcpSignupChannel->db.SignupChannel	26574.81,14970.20 25395.74,14696.28
edge:inheritance:db.NewCeoCertificateOfSealDocument->db.MeetingDocument	17116.24,28591.37 15024.08,26301.84
edge:inheritance:db.NewCeoResidentRegistrationDocument->db.MeetingDocument	17457.53,29345.89 15004.71,26303.70
edge:inheritance:db.NewIssueNoticeEmail->db.BulkEmail	12996.69,20697.86 13687.46,17325.95
edge:inheritance:db.NewIssueSkipNoticeDocument->db.MeetingDocument	15162.42,23129.05 14867.17,25909.70
edge:inheritance:db.NewIssueStockAcceptanceDocument->db.MeetingDocument	17797.33,26080.65 15024.08,26104.96
edge:inheritance:db.NewIssueStockAllocationDocument->db.MeetingDocument	18495.74,24307.23 15024.08,26017.77
edge:inheritance:db.NewIssueStockAllocationRecordDateNoticeDocument->db.MeetingDocument	21490.54,24156.50 15024.08,26035.87
edge:inheritance:db.NewIssueStockSubscriptionDocument->db.MeetingDocument	17667.82,25370.94 15024.08,26053.18
edge:inheritance:db.NewIssueStockUnissuedConfirmationDocument->db.MeetingDocument	17777.18,25702.23 15024.08,26063.82
edge:inheritance:db.NonUnifiedShareManagementSalesIntent->db.SalesIntent	36034.92,24512.41 35671.03,23171.04
edge:inheritance:db.NonUnifiedShareSucPoaModusignDocument->db.ModusignDocument	24861.26,21020.58 23819.84,20680.34
edge:inheritance:db.NotarizationPoaDocument->db.MeetingDocument	19947.88,27088.13 15024.08,26140.77
edge:inheritance:db.OptionExerciseClaimAttachment->db.FileAttachment	12557.07,17644.82 20465.18,18527.71
edge:inheritance:db.OptionExerciseClaimMeetingDocument->db.MeetingDocument	13245.89,22264.70 14767.39,25909.70
edge:inheritance:db.OptionExerciseManagementEmail->db.BulkEmail	13804.07,16534.03 13617.38,17187.95
edge:inheritance:db.OptionGrantContractCeo->db.OptionGrantContractStakeholder	19453.40,15401.54 19291.51,15329.80
edge:inheritance:db.OptionGrantContractFirstRefusalRightHolder->db.OptionGrantContractStakeholder	19420.84,15255.82 19309.91,15276.84
edge:inheritance:db.OptionGrantContractModusignDocument->db.ModusignDocument	21847.99,20224.42 23547.84,20618.59
edge:inheritance:db.OptionGrantContractModusignEmbeddedDraft->db.ModusignEmbeddedDraft	21808.96,20569.46 22676.26,21627.16
edge:inheritance:db.OptionGrantEvent->db.Event	14947.73,18245.94 15552.13,17004.46
edge:inheritance:db.OptionGrantee->db.Stakeholder	13869.68,19268.61 10128.96,19498.80
edge:inheritance:db.OptionWithdrawEvent->db.Event	14695.30,16238.93 15422.72,16809.69
edge:inheritance:db.OtherDocumentArchiveAttachment->db.FileAttachment	20193.34,17278.56 20719.96,18300.70
edge:inheritance:db.PageNumberUpdatedPdfEvent->db.PdfEvent	34587.94,11486.37 34279.06,11458.34
edge:inheritance:db.PayrollStatementEmail->db.BulkEmail	10486.89,18035.68 13467.44,17325.95
edge:inheritance:db.PayrollStatementEmailRecipient->db.BulkEmailRecipient	9966.52,18390.95 17132.34,19167.57
edge:inheritance:db.PerformanceRsuVestingItem->db.RsuVestingItem	14512.35,14883.39 14373.16,14931.38
edge:inheritance:db.PeriodPhantomStockVestingItem->db.PhantomStockVestingItem	8644.09,18325.94 8420.97,18036.53
edge:inheritance:db.PeriodRsuVestingItem->db.RsuVestingItem	14652.81,14695.12 14314.26,14929.14
edge:inheritance:db.PeriodicOptionVesting->db.OptionVesting	14030.87,18365.28 14296.03,18268.79
edge:inheritance:db.PhantomStockCancelEvent->db.Event	14730.00,17121.05 15422.72,16934.82
edge:inheritance:db.PhantomStockExerciseEvent->db.Event	15387.80,17283.67 15523.59,17004.46
edge:inheritance:db.PhantomStockGrantEvent->db.Event	14855.12,16946.94 15422.72,16905.50
edge:inheritance:db.PhantomStockGrantee->db.Stakeholder	9269.69,18217.80 9866.74,19193.16
edge:inheritance:db.PhantomStockPauseEvent->db.Event	15500.79,16318.83 15557.49,16786.46
edge:inheritance:db.PhantomStockResumeEvent->db.Event	15392.68,16504.32 15524.36,16786.46
edge:inheritance:db.PingpongDeliveryAddress->db.Address	23727.93,14396.07 24121.43,18836.04
edge:inheritance:db.Playbook->db.MembershipContent	-1680.61,4476.49 -1479.07,4968.27
edge:inheritance:db.Post->db.MembershipContent	-1930.97,4983.03 -1584.20,5005.77
edge:inheritance:db.ProofOfEmploymentDocument->db.MeetingDocument	18671.16,28004.96 15024.08,26194.98
edge:inheritance:db.QuarterlyReportRequestAttachment->db.FileAttachment	25156.06,17422.48 20845.18,18408.99
edge:inheritance:db.QuarterlyReportSignupChannel->db.SignupChannel	29083.84,14539.39 25395.74,14691.19
edge:inheritance:db.QuestionMessageAttachment->db.FileAttachment	22209.88,15377.67 20757.07,18300.70
edge:inheritance:db.RegistrationAssistanceReceipt->db.FileAttachment	21389.51,17853.72 20796.30,18300.70
edge:inheritance:db.RegistrationFormAllInOneDocument->db.MeetingDocument	16205.88,24336.90 15024.08,25923.06
edge:inheritance:db.RegistrationFormAoiChangeDocument->db.MeetingDocument	13598.62,25744.66 14668.08,26056.35
edge:inheritance:db.RegistrationFormBranchChangeDocument->db.MeetingDocument	19561.00,28273.72 15024.08,26188.48
edge:inheritance:db.RegistrationFormCaptableDocument->db.MeetingDocument	17180.40,25224.74 15024.08,26027.92
edge:inheritance:db.RegistrationFormCeoAddressChangeDocument->db.MeetingDocument	16265.56,26010.80 15024.08,26092.70
edge:inheritance:db.RegistrationFormDirectorChangeDocument->db.MeetingDocument	17845.02,28000.96 15024.08,26219.18
edge:inheritance:db.RegistrationFormHeadOfficeInsideRelocationDocument->db.MeetingDocument	19359.79,24626.95 15024.08,26030.50
edge:inheritance:db.RegistrationFormHeadOfficeOutsideRelocationDocument->db.MeetingDocument	20624.70,24354.79 15024.08,26034.03
edge:inheritance:db.RegistrationFormNewIssueDocument->db.MeetingDocument	15329.58,23579.73 14882.78,25909.70
edge:inheritance:db.RegistrationFormNewOptionsRuleDocument->db.MeetingDocument	14732.65,27496.81 14829.56,26303.70
edge:inheritance:db.RegistrationPoaDocument->db.MeetingDocument	16135.41,29645.98 14917.78,26303.70
edge:inheritance:db.RegularProduct->db.Product	24580.27,12325.22 24666.85,12233.42
edge:inheritance:db.ResignationLetterDocument->db.MeetingDocument	13342.19,24424.38 14668.75,25909.70
edge:inheritance:db.ResignedDirectorCertificateOfSealDocument->db.MeetingDocument	14116.35,26243.53 14668.08,26141.28
edge:inheritance:db.RsaForfeitEvent->db.Event	15239.17,16872.43 15422.72,16884.18
edge:inheritance:db.RsaVestConfirmEvent->db.Event	15925.95,16945.29 15718.72,16914.62
edge:inheritance:db.RsuCancelEvent->db.Event	15055.61,16366.25 15497.62,16786.46
edge:inheritance:db.RsuExerciseClaimCandidateEmailRecipient->db.BulkEmailRecipient	12199.56,16541.56 17132.34,19074.74
edge:inheritance:db.RsuExerciseEvent->db.Event	15141.65,16173.55 15507.49,16786.46
edge:inheritance:db.RsuExerciseManagementEmail->db.BulkEmail	12716.52,16668.71 13467.44,17188.57
edge:inheritance:db.RsuGrantContractModusignDocument->db.ModusignDocument	21713.50,19301.15 23662.43,20555.49
edge:inheritance:db.RsuGrantEvent->db.Event	15003.11,16660.98 15422.72,16833.65
edge:inheritance:db.RsuGrantee->db.Stakeholder	11911.35,17172.49 10128.96,19193.16
edge:inheritance:db.RsuPauseEvent->db.Event	15108.73,17330.09 15470.72,17004.46
edge:inheritance:db.RsuPerformanceAchievementEvent->db.Event	15297.85,16688.16 15430.08,16786.46
edge:inheritance:db.RsuResumeEvent->db.Event	15126.09,17204.49 15422.72,16997.28
edge:inheritance:db.RtccEmail->db.BulkEmail	13849.16,17120.79 13726.38,17187.95
edge:inheritance:db.RtccInvestorFile->db.FileAttachment	16374.95,17396.79 20465.18,18456.78
edge:inheritance:db.SafeCreateEvent->db.Event	18787.83,18140.43 15718.72,17004.46
edge:inheritance:db.SalesReportDocument->db.MeetingDocument	14065.90,27539.02 14738.83,26303.70
edge:inheritance:db.SealStampCardContinuedUseApplicationFormDocument->db.MeetingDocument	9286.58,23295.36 14668.08,26017.29
edge:inheritance:db.SealStampDeclarationDocument->db.MeetingDocument	9591.86,23143.95 14668.08,26006.94
edge:inheritance:db.SealStampImage->db.FileAttachment	18952.60,17089.17 20465.18,18352.52
edge:inheritance:db.SealedOptionGrantContractDocument->db.MeetingDocument	20068.95,26234.00 15024.08,26110.85
edge:inheritance:db.SealedOptionGrantShareholdersMeetingResolutionDocument->db.MeetingDocument	13844.30,26586.28 14668.08,26192.65
edge:inheritance:db.Shareholder->db.Stakeholder	10684.21,22650.23 9997.50,19507.16
edge:inheritance:db.ShareholdersAgreementModusignDocument->db.ModusignDocument	22789.59,20617.16 23547.84,20633.49
edge:inheritance:db.ShareholdersAgreementModusignEmbeddedDraft->db.ModusignEmbeddedDraft	22430.86,21924.15 22656.97,21733.16
edge:inheritance:db.ShareholdersCertificateOfSealDocument->db.MeetingDocument	13600.98,27912.64 14710.37,26303.70
edge:inheritance:db.ShareholdersMeetingAuditReportDocument->db.MeetingDocument	16881.13,26808.73 15024.08,26168.16
edge:inheritance:db.ShareholdersMeetingConvocationNoticeEmail->db.BulkEmail	18068.06,20669.75 13725.97,17325.95
edge:inheritance:db.ShareholdersMeetingConvocationNoticeEmailAttachment->db.FileAttachment	19910.97,20354.97 20710.53,18734.70
edge:inheritance:db.ShareholdersMeetingConvocationNoticeEmailRecipient->db.ShareholdersMeetingConvocationNoticeRecipient	24302.24,23672.49 19147.09,21096.73
edge:inheritance:db.ShareholdersMeetingConvocationNoticeWrittenRecipient->db.ShareholdersMeetingConvocationNoticeRecipient	18887.60,21259.79 18851.90,21157.94
edge:inheritance:db.ShareholdersMeetingMinutesDocument->db.MeetingDocument	14311.99,26507.57 14668.08,26240.99
edge:inheritance:db.ShareholdersMeetingNoticeDocument->db.MeetingDocument	21087.91,27164.76 15024.08,26136.69
edge:inheritance:db.ShareholdersMeetingPowerOfAttorneyDocument->db.MeetingDocument	17438.09,24667.13 15024.08,26007.38
edge:inheritance:db.ShareholdersMeetingPowerOfAttorneyIndividualDocument->db.MeetingDocument	16602.46,24675.95 15024.08,25961.30
edge:inheritance:db.ShareholdersMeetingShortenPeriodDocument->db.MeetingDocument	13126.31,26274.68 14668.08,26124.70
edge:inheritance:db.ShareholdersMeetingShortenPeriodIndividualDocument->db.MeetingDocument	16737.02,23585.22 15020.54,25909.70
edge:inheritance:db.ShareholdersMeetingSkipNoticeDocument->db.MeetingDocument	15050.90,28128.93 14865.66,26303.70
edge:inheritance:db.ShareholdersMeetingWrittenDecisionDocument->db.MeetingDocument	13392.88,26613.55 14668.08,26169.42
edge:inheritance:db.ShareholdersMeetingWrittenDecisionIndividualDocument->db.MeetingDocument	16929.57,24441.29 15024.08,25964.12
edge:inheritance:db.ShareholdersWrittenResolutionDocument->db.MeetingDocument	20762.10,28536.76 15024.08,26179.73
edge:inheritance:db.StockTransferAgreementModusignDocument->db.ModusignDocument	20465.38,20268.36 23547.84,20631.91
edge:inheritance:db.StockTransferAgreementModusignEmbeddedDraft->db.ModusignEmbeddedDraft	19594.77,20070.11 22616.52,21627.16
edge:inheritance:db.SubscriptionModusignDocumentUsageHistory->db.BaseModusignDocumentUsageHistory	24021.01,12002.41 25255.34,13556.11
edge:inheritance:db.TaxReceiptDocument->db.MeetingDocument	16265.87,23882.67 14968.24,25909.70
edge:inheritance:db.Template->db.MembershipContent	-1813.24,5168.33 -1563.41,5058.27
edge:inheritance:db.TextValueWithVisibility->db.ValueWithVisibility	37954.76,6070.24 37291.20,5953.63
edge:inheritance:db.UserProfileImage->db.FileAttachment	22286.53,18872.98 20845.18,18585.74
edge:inheritance:db.VentureCapitalPaymentLink->db.PaymentLink	30109.39,12831.45 26232.16,13268.48
edge:inheritance:db.Webinar->db.MembershipContent	-2061.80,4731.68 -1556.13,4968.27
edge:inheritance:db.Whitepaper->db.MembershipContent	204.36,6422.10 -1406.83,5058.27
edge:inheritance:db.WrittenStatementDocument->db.MeetingDocument	14069.87,26086.75 14668.08,26103.68
edge:inheritance:db.YetsAssistanceCreatorUser->db.YetsAssistanceCreator	11721.55,30345.55 12049.10,30191.89
edge:inheritance:db.YetsAssistanceCreatorYetsEmployee->db.YetsAssistanceCreator	7669.53,30190.72 12007.55,30156.00
edge:inheritance:db.YetsAssistanceMessageFile->db.FileAttachment	23989.47,32921.63 20720.58,18734.70
edge:inheritance:db.YetsEmail->db.BulkEmail	9140.57,19763.76 13491.94,17325.95
edge:inheritance:db.YetsEmployeeFile->db.FileAttachment	25472.71,35197.81 20737.55,18734.70
edge:inheritance:db.YetsEmployeeResultWhtReceipt->db.FileAttachment	23230.19,31469.09 20713.46,18734.70
edge:inheritance:db.ZuzuOptionGrantContractTemplate->db.OptionGrantContractTemplate	19804.37,16346.88 19595.93,16239.11
edge:inheritance:db.ZuzuOptionGrantContractTemplateRevision->db.OptionGrantContractTemplateRevision	20513.76,16401.48 20383.19,16630.37
