edge:declared:db.AgendaBonusIssue:certificate_of_payment_for_the_share_file	17876.77,20166.38 20408.00,18598.92
edge:declared:db.AgendaBonusIssue:meeting_draft	17622.89,20271.80 16613.57,20512.41
edge:declared:db.AgendaBonusIssueNewIssueBalanceCertificateFile:agenda_bonus_issue	18294.11,19854.15 17860.31,20166.38
edge:declared:db.AgendaBonusIssueNewIssueMinutesFile:agenda_bonus_issue	18353.77,20009.70 17894.89,20186.87
edge:declared:db.AgendaBonusIssueSharesToIssue:agenda_bonus_issue	16838.09,19310.51 17686.52,20166.38
edge:declared:db.AgendaBonusIssueSharesToIssue:share_class	16753.45,19236.51 15517.19,18282.68
edge:declared:db.AgendaBorrowCapital:meeting_draft	16741.27,20200.91 16572.88,20405.55
edge:declared:db.AgendaBranchChange:address	17637.76,20028.98 23936.01,18964.87
edge:declared:db.AgendaBranchChange:installation_event	17550.26,20000.93 18778.46,18352.30
edge:declared:db.AgendaBranchChange:meeting_draft	17409.99,20098.93 16613.57,20475.00
edge:declared:db.AgendaCashDividends:meeting_draft	15800.65,20559.15 16293.57,20552.66
edge:declared:db.AgendaCeoAddressChange:meeting_draft	12843.37,22047.02 16293.57,20616.87
edge:declared:db.AgendaCeoAddressChangeItem:agenda_ceo_address_change	12087.49,21615.92 12687.40,22047.02
edge:declared:db.AgendaCeoAddressChangeItem:stakeholder	12001.96,21541.92 10103.54,19478.24
edge:declared:db.AgendaChangeOfAoiClassStock:aoi	19511.59,20566.67 19201.45,20550.02
edge:declared:db.AgendaChangeOfAoiCustom:aoi	19925.64,19854.55 19104.00,20475.17
edge:declared:db.AgendaChangeOfAoiCustom:changed_part	19998.94,19772.55 20497.33,18698.26
edge:declared:db.AgendaChangeOfAoiDirectorCompensationRule:aoi	19674.79,20665.23 19201.45,20575.11
edge:declared:db.AgendaChangeOfAoiNumberOfDirectors:aoi	19271.27,20425.84 19161.97,20475.17
edge:declared:db.AgendaChangeOfAoiThirdPartyAllocation:aoi	19068.66,20711.08 19037.24,20605.17
edge:declared:db.AgendaChangeOfArticlesOfIncorporation:_deprecated_changed_part	19067.83,20475.17 20431.47,18698.26
edge:declared:db.AgendaChangeOfArticlesOfIncorporation:meeting_draft	18834.45,20540.91 16613.57,20549.90
edge:declared:db.AgendaCoCeoSystemChange:meeting_draft	16022.73,21067.50 16332.72,20695.55
edge:declared:db.AgendaCompanyNameChange:meeting_draft	17121.05,20954.72 16613.57,20647.43
edge:declared:db.AgendaCustom:meeting_draft	16050.61,20942.66 16304.56,20695.55
edge:declared:db.AgendaDirectorChange:stakeholder	12344.29,22830.53 10065.82,19478.24
edge:declared:db.AgendaDirectorCompensationItem:director_compensation	12343.82,20572.10 14608.57,21600.24
edge:declared:db.AgendaDirectorCompensationItem:stakeholder	12192.12,20498.10 10125.11,19408.73
edge:declared:db.AgendaDirectorCompensationRule:meeting_draft	16589.81,21113.25 16488.68,20695.55
edge:declared:db.AgendaFinancialStatements:audit_report	17406.78,20148.58 20408.00,18580.53
edge:declared:db.AgendaFinancialStatements:meeting_draft	17193.69,20246.58 16613.57,20484.84
edge:declared:db.AgendaHeadOfficeRelocation:address	18550.10,21524.00 23936.01,19010.71
edge:declared:db.AgendaHeadOfficeRelocation:meeting_draft	18334.13,21524.00 16613.57,20633.37
edge:declared:db.AgendaHeadOfficeRelocationAoiChange:meeting_draft	17461.47,20799.23 16613.57,20590.03
edge:declared:db.AgendaMethodOfGivingPublicNoticeChange:daily_newspaper	17076.69,20382.93 17454.72,15497.54
edge:declared:db.AgendaMethodOfGivingPublicNoticeChange:meeting_draft	16888.52,20461.71 16613.57,20517.87
edge:declared:db.AgendaNewIssue:financial_statements	16204.46,22281.38 20408.00,18645.60
edge:declared:db.AgendaNewIssue:meeting_draft	16122.45,22281.38 16425.83,20695.55
edge:declared:db.AgendaNewIssueItem:new_issue	19565.26,25309.40 16206.09,22451.38
edge:declared:db.AgendaNewIssueItemFromConversion:new_issue_item	19443.99,25782.69 19610.19,25439.40
edge:declared:db.AgendaNewIssueItemFromPayment:new_issue_item	18898.47,25515.42 19511.66,25399.07
edge:declared:db.AgendaNewIssueItemInstitutionMember:institution	21323.54,25962.99 19812.40,24981.96
edge:declared:db.AgendaNewIssueItemInstitutionMemberCeo:member	20141.21,25581.83 21270.87,25962.99
edge:declared:db.AgendaNewIssueItemShareClass:item	18949.91,25220.85 19511.66,25345.54
edge:declared:db.AgendaNewIssueItemShareholder:item	19745.61,24981.96 19658.88,25309.40
edge:declared:db.AgendaNewIssueNewShareClass:new_issue	16550.84,22402.99 16242.19,22377.58
edge:declared:db.AgendaNewOptionsRule:meeting_draft	16690.96,20983.34 16533.11,20695.55
edge:declared:db.AgendaNewOrChangeRsuRule:meeting_draft	16996.03,21101.22 16596.41,20695.55
edge:declared:db.AgendaOptionCancel:meeting_draft	15086.73,20991.61 16293.57,20602.18
edge:declared:db.AgendaOptionCancelGrantee:option_cancel	14345.07,20812.17 14838.73,20987.56
edge:declared:db.AgendaOptionCancelGrantee:option_grantee	14223.30,20730.17 13991.27,19237.60
edge:declared:db.AgendaOptionCancelOption:_deprecated_grantee	14366.68,21018.23 14252.41,20812.17
edge:declared:db.AgendaOptionCancelOption:option_cancel	14513.42,21053.26 14838.73,21037.59
edge:declared:db.AgendaOptionCancelOptionDistribution:option	14258.62,21166.97 14339.64,21100.23
edge:declared:db.AgendaOptionExercise:meeting_draft	12938.41,21819.78 16293.57,20608.32
edge:declared:db.AgendaOptionExerciseClaim:option_exercise	12824.89,21683.79 12817.25,21815.55
edge:declared:db.AgendaOptionExerciseClaim:option_exercise_claim	12811.57,21601.79 11368.52,17833.50
edge:declared:db.AgendaOptionExerciseGrantee:option_exercise	13447.00,21467.68 12892.51,21815.55
edge:declared:db.AgendaOptionExerciseGrantee:option_grantee	13528.04,21377.68 13970.62,19237.60
edge:declared:db.AgendaOptionExerciseGranteeOption:grantee	13246.80,21386.42 13385.73,21404.95
edge:declared:db.AgendaOptionGrant:meeting_draft	15636.50,19745.95 16306.32,20405.55
edge:declared:db.AgendaOptionGrantGrantee:_deprecated_option_grant_event	14713.58,19143.14 14963.85,18554.01
edge:declared:db.AgendaOptionGrantGrantee:option_grant	14779.25,19241.14 15511.38,19655.95
edge:declared:db.AgendaOptionGrantGrantee:option_grantee	14568.77,19190.13 14112.41,19182.71
edge:declared:db.AgendaOptionGrantGrantee:stakeholder	14568.77,19195.52 10125.11,19316.71
edge:declared:db.AgendaPurposeChange:meeting_draft	17615.58,21540.73 16613.57,20686.89
edge:declared:db.AgendaPurposeChangeItem:agenda_purpose_change	17823.68,21856.61 17687.56,21622.73
edge:declared:db.AgendaRsuGrant:meeting_draft	15766.92,20838.45 16293.57,20617.63
edge:declared:db.AgendaRsuGrantGrantee:rsu	13130.22,18080.37 14617.92,15319.59
edge:declared:db.AgendaRsuGrantGrantee:rsu_grant	13146.00,18162.37 15618.02,20838.45
edge:declared:db.AgendaRsuGrantGrantee:stakeholder	13000.53,18162.37 10125.11,19257.99
edge:declared:db.AgendaSubsidiaryEstablishment:meeting_draft	15800.88,21362.95 16337.08,20695.55
edge:declared:db.AgendaTemplate:company	24760.43,8381.56 16175.50,12355.54
edge:declared:db.AiPayrollLedger:payroll	3147.47,5300.24 4649.25,4891.62
edge:declared:db.AlimtalkActivityRecipient:activity	35490.47,14322.87 36271.71,14120.15
edge:declared:db.AlimtalkActivityRecipientStatusHistory:recipient	35315.02,14445.01 35343.02,14396.05
edge:declared:db.AllocatedSeat:stakeholder	7913.16,13406.39 9904.80,19164.24
edge:declared:db.Announcement:company_set	20682.23,12250.45 16175.50,12435.68
edge:declared:db.Announcement:subscription_plan_set	20818.44,12204.35 20898.28,11936.31
edge:declared:db.AnnualSalary:employee	10125.34,14957.03 8630.79,15023.92
edge:declared:db.AnnualSalary:ledger	10361.34,14968.51 11121.85,15076.52
edge:declared:db.Article:third_party_provider	20423.93,19673.40 20427.58,19869.37
edge:declared:db.Article:thumbnail_image	20429.40,19591.40 20565.04,18698.26
edge:declared:db.ArticlePublishHistory:article	20607.35,19752.08 20486.27,19673.40
edge:declared:db.ArticlesOfIncorporation:_deprecated_daily_newspaper	17242.28,15391.74 17333.89,15419.27
edge:declared:db.ArticlesOfIncorporation:articles_of_incorporation_file	17175.79,15409.67 20408.00,18310.73
edge:declared:db.ArticlesOfIncorporation:company	17090.20,15295.67 16069.55,12660.49
edge:declared:db.ArticlesOfIncorporation:source_meeting	17115.40,15409.67 17227.45,17455.49
edge:declared:db.ArticlesOfIncorporationAnalyzationRequest:company	13168.23,7639.11 15858.25,12226.49
edge:declared:db.ArticlesOfIncorporationAnalyzationResult:request	10777.71,7922.13 12964.03,7626.76
edge:declared:db.AuditLog:actor_api_key	17493.31,6505.67 17690.77,7428.54
edge:declared:db.AvailableModusignRequest:company	21229.27,19345.89 16150.36,12660.49
edge:declared:db.AvailableModusignRequest:modusign_account	21294.08,19419.89 22168.08,20301.14
edge:declared:db.BalanceCertificateDocument:new_issue_agenda	13810.09,22478.70 15970.19,22373.03
edge:declared:db.BalanceCertificateDocument:option_exercise_agenda	13599.19,22445.31 12880.62,21913.55
edge:declared:db.BaseModusignDocumentUsageHistory:modusign_document	25344.97,13648.35 23732.60,20559.31
edge:declared:db.BaseModusignDocumentUsageHistory:purchase	25199.04,13619.33 23099.76,13781.09
edge:declared:db.BranchAbolitionEvent:installation_event	18340.65,18116.60 18690.96,18254.49
edge:declared:db.BranchChangeEvent:address	19346.26,18500.63 23936.01,18924.62
edge:declared:db.BranchChangeEvent:installation_event	19132.42,18448.17 18922.33,18352.30
edge:declared:db.BranchInstallationEvent:address	18938.96,18318.24 23936.01,18920.30
edge:declared:db.BulkEmail:sender_mail_integration	13452.71,17207.23 13126.07,17120.55
edge:declared:db.BulkEmail:template_revision	13712.71,17217.84 17092.22,16596.88
edge:declared:db.BulkEmailCommonAttachment:bulk_email	16152.57,17428.47 13712.71,17251.18
edge:declared:db.BulkEmailRecipient:bulk_email	17166.23,19060.77 13712.71,17307.72
edge:declared:db.BulkEmailRecipient:email_activity_recipient	17395.65,19174.77 25403.35,23071.77
edge:declared:db.BulkEmailRecipientAttachment:recipient	18429.86,18802.24 17408.52,19082.14
edge:declared:db.BulkEmailTemplateRevision:template	17263.44,16537.83 19320.13,15052.25
edge:declared:db.BusinessPlan:company	13988.47,11943.94 15795.50,12395.96
edge:declared:db.BusinessPlanAiAnalysis:business_plan_ai_review	12012.42,11136.60 13662.13,11728.90
edge:declared:db.BusinessPlanAiAnalysisItem:ai_analysis_feedback	10226.78,10511.16 9856.14,10372.11
edge:declared:db.BusinessPlanAiAnalysisItem:business_plan_ai_analysis	10453.89,10593.16 11803.02,11062.60
edge:declared:db.BusinessPlanAiAnalysisItemImprovement:ai_analysis_feedback	9794.06,10468.34 9767.67,10372.11
edge:declared:db.BusinessPlanAiAnalysisItemImprovement:business_plan_ai_analysis_item	9975.71,10520.44 10203.06,10540.45
edge:declared:db.BusinessPlanAiReview:business_plan	13803.04,11810.90 13846.37,11877.42
edge:declared:db.BusinessPlanAiReview:company	13900.33,11807.71 15795.50,12385.56
edge:declared:db.BusinessRegistrationCertificate:company	19497.88,9816.70 16175.50,12301.40
edge:declared:db.CaptableRequest:captable_file	18036.09,15467.84 20413.51,18264.26
edge:declared:db.CaptableRequest:company	17973.53,15385.84 16132.12,12660.49
edge:declared:db.CashIncentive:category	11002.14,13815.03 12543.92,13427.76
edge:declared:db.CashIncentive:employee	10795.41,13887.18 8630.79,14959.90
edge:declared:db.CashIncentiveCategory:company	12779.92,13364.23 15795.50,12498.06
edge:declared:db.CashIncentiveItem:cash_incentive	10376.62,13932.13 10754.14,13867.43
edge:declared:db.CashPayment:purchase	23088.01,14060.23 23005.19,13897.49
edge:declared:db.CeoAddressChangeEvent:director	16197.83,16511.14 16483.73,16449.24
edge:declared:db.Charge:credit	20634.53,13695.53 20886.81,13773.34
edge:declared:db.Charge:meeting	20476.22,13698.28 17331.78,17455.49
edge:declared:db.CmeBulkEmail:cme	17838.88,16428.52 20077.13,14531.67
edge:declared:db.CmeBulkEmailRecipient:_deprecated_cme_bulk_email	18104.82,16401.09 17914.50,16442.53
edge:declared:db.CmeBulkEmailRecipient:cme_company	18246.07,16333.10 19174.43,14125.99
edge:declared:db.CmeBulkEmailTemplate:cme	20101.13,15041.78 20147.87,14531.67
edge:declared:db.CmeCompany:company	19085.75,14011.99 16175.50,12539.62
edge:declared:db.CmeCompany:company_managing_entity	19328.41,14123.10 20023.83,14412.56
edge:declared:db.CmeCompany:contact_set	19328.41,14118.80 20529.35,14578.97
edge:declared:db.CmeCompanyContact:cme_company	19647.07,14162.76 19328.41,14096.16
edge:declared:db.CmeCompanyContactNotificationSettings:cme_company_contact	19689.02,14089.67 19736.29,14150.42
edge:declared:db.CmeCompanyDirectorTermManagement:cme_company	19542.40,13962.88 19328.41,14028.89
edge:declared:db.CmeCompanyNote:cme_company	19165.53,13879.34 19188.53,14011.99
edge:declared:db.CmeCompanyRegistration:cme_contact	20567.00,14719.51 20609.21,14668.97
edge:declared:db.CmeCompanyRegistration:company_managing_entity	20479.89,14719.51 20237.65,14531.67
edge:declared:db.CmeCompanyRegistrationFile:cme_company_registration	20681.01,14843.89 20605.66,14801.51
edge:declared:db.CmeContact:company_managing_entity	20522.79,14584.40 20283.83,14508.15
edge:declared:db.CmeMemberRelation:company_managing_entity	20646.23,14415.03 20283.83,14453.04
edge:declared:db.Company:sso_configuration	15795.50,12464.12 15025.03,12547.79
edge:declared:db.CompanyAddressChangeEvent:address	19523.89,18377.33 23936.01,18919.91
edge:declared:db.CompanyAppointedTransferAgentChange:company	20899.12,9843.44 16175.50,12342.95
edge:declared:db.CompanyAuthorizedSharesChange:company	23550.36,9445.71 16175.50,12368.20
edge:declared:db.CompanyBenefit:company	18323.19,8753.58 16122.98,12226.49
edge:declared:db.CompanyBulkEmailTemplate:company	18722.07,13964.88 16175.50,12549.12
edge:declared:db.CompanyCreateAssignmentReadiness:company	16853.58,9493.62 16049.36,12226.49
edge:declared:db.CompanyCreateProgress:company_create_request	23617.52,16764.13 23777.16,17051.70
edge:declared:db.CompanyCreateRequest:address	23823.11,17181.70 24071.02,18813.85
edge:declared:db.CompanyCreateRequest:articles_of_incorporation_attachment	23683.24,17171.87 20788.00,18400.62
edge:declared:db.CompanyCreateRequest:company	23704.36,17051.70 16175.50,12556.92
edge:declared:db.CompanyDepartment:department_code	9787.70,14066.54 9752.36,14021.92
edge:declared:db.CompanyDepartmentCode:organization_chart	9837.56,13946.59 11336.78,13628.25
edge:declared:db.CompanyDocumentAIAnalysis:company	18374.64,15150.70 16175.50,12658.79
edge:declared:db.CompanyDocumentAIAnalysis:file	18438.08,15232.70 20453.72,18264.26
edge:declared:db.CompanyDocumentDelivery:company	18255.95,12590.83 16175.50,12455.82
edge:declared:db.CompanyEndorsement:company	24461.08,7675.21 16175.50,12336.60
edge:declared:db.CompanyEndorsementFeed:company_endorsement	25242.39,7334.22 24613.94,7601.21
edge:declared:db.CompanyExpertClientRelation:company	20720.48,14012.34 16175.50,12506.44
edge:declared:db.CompanyExpertClientRelation:expert_client	20889.11,14086.34 21684.80,14603.19
edge:declared:db.CompanyFeed:company	28127.02,5369.65 16175.50,12332.79
edge:declared:db.CompanyFeedAccessLog:company_feeds	41111.96,3955.63 28341.99,5303.56
edge:declared:db.CompanyFeedAccessLog:venture_capital	41215.57,3980.17 38008.55,12227.48
edge:declared:db.CompanyFeedRating:company_feed	29916.31,3634.17 28271.49,5263.65
edge:declared:db.CompanyGuideState:company	17734.04,12496.04 16175.50,12449.20
edge:declared:db.CompanyInvestmentContractInfo:company	18489.03,12756.44 16175.50,12467.24
edge:declared:db.CompanyInvestorInterest:company	29199.90,8404.50 16175.50,12385.42
edge:declared:db.CompanyInvestorInterest:venture_capital	29396.30,8405.43 37744.83,12345.64
edge:declared:db.CompanyInvitation:invitee	19042.56,10366.14 16175.50,12314.38
edge:declared:db.CompanyIrClosingFeed:investor_relations	29262.31,6262.41 30440.32,7418.15
edge:declared:db.CompanyIrNewCommitFeed:investor_relations	29828.48,6121.07 30504.57,7418.15
edge:declared:db.CompanyIrOpenFeed:investor_relations	30002.42,5595.57 30534.17,7418.15
edge:declared:db.CompanyIrSetting:company	21466.14,8054.72 16175.50,12291.34
edge:declared:db.CompanyLegalPartnerRelation:company	22054.23,14324.05 16175.50,12502.37
edge:declared:db.CompanyLegalPartnerRelation:legal_partner	22201.75,14398.05 22369.38,14618.57
edge:declared:db.CompanyManagementAssignment:company	16640.96,9620.75 16035.89,12226.49
edge:declared:db.CompanyManagingEntity:expert_client	20283.83,14481.68 21636.23,14637.87
edge:declared:db.CompanyManagingEntity:expert_partner	20283.83,14482.25 22310.39,14725.11
edge:declared:db.CompanyManagingEntity:holding_company	20182.82,14401.67 20201.75,14359.24
edge:declared:db.CompanyMethodOfGivingPublicNoticeChange:company	16873.81,14614.90 16074.27,12660.49
edge:declared:db.CompanyMethodOfGivingPublicNoticeChange:daily_newspaper	16915.11,14688.90 17428.90,15415.54
edge:declared:db.CompanyMnaSetting:company	17947.49,12278.28 16175.50,12427.49
edge:declared:db.CompanyNameChange:company	12920.83,10881.63 15795.50,12346.66
edge:declared:db.CompanyNews:company	18355.23,8610.03 16119.64,12226.49
edge:declared:db.CompanyNewsFeed:company_news	24905.14,5309.66 18462.65,8528.03
edge:declared:db.CompanyNewsLink:company_news	18578.89,7731.31 18390.29,8528.03
edge:declared:db.CompanyNotificationSetting:company	15024.50,11543.74 15795.50,12265.60
edge:declared:db.CompanyNotificationTrigger:notification_setting	14715.27,11383.63 14903.92,11469.74
edge:declared:db.CompanyOptionRule:company	18899.47,12917.33 16175.50,12474.39
edge:declared:db.CompanyOverview:company	16450.59,9396.47 16018.62,12226.49
edge:declared:db.CompanyOwnerAddRequest:company	17552.03,9164.32 16089.17,12226.49
edge:declared:db.CompanyOwnerAuditLog:company	9361.07,7949.54 15795.50,12314.60
edge:declared:db.CompanyOwnerAuditLogOwnerRoleRelation:company_owner_audit_log	8622.44,9228.29 9279.56,7949.54
edge:declared:db.CompanyOwnerAuditLogOwnerRoleRelation:owner_role	8623.97,9302.29 9584.74,11033.34
edge:declared:db.CompanyOwnerNotificationTrigger:trigger	14592.27,11261.05 14616.08,11309.63
edge:declared:db.CompanyParValueChange:_deprecated_articles_of_incorporation	16977.30,15559.60 17075.10,15409.67
edge:declared:db.CompanyParValueChange:company	16941.81,15559.60 16052.10,12660.49
edge:declared:db.CompanyPaymentLink:company	23138.13,12147.24 16175.50,12435.62
edge:declared:db.CompanyPolicyFile:company	16352.23,10010.25 16018.21,12226.49
edge:declared:db.CompanyProfileAccessLog:company	29190.68,8619.86 16175.50,12388.47
edge:declared:db.CompanyProfileAccessLog:venture_capital	29391.59,8622.69 37744.83,12350.37
edge:declared:db.CompanyPromotionWinLog:company	14370.14,8658.46 15892.89,12226.49
edge:declared:db.CompanyPromotionWinLog:prize_type	14476.64,8595.03 14970.86,8505.63
edge:declared:db.CompanyPromotionWinLog:promotion	14476.64,8615.72 14892.16,8609.89
edge:declared:db.CompanyPurposeChange:company	16859.53,14115.22 16098.95,12660.49
edge:declared:db.CompanyPurposeChangeItem:company_purpose_change	17063.94,14425.02 16903.97,14189.22
edge:declared:db.CompanyPurposeChangeItem:industrial_code	17112.29,14499.02 17231.13,14688.15
edge:declared:db.CompanyQuestionThread:company	18834.96,14194.59 16175.50,12560.25
edge:declared:db.CompanyQuestionThread:expert_partner	19118.96,14300.65 22310.39,14723.18
edge:declared:db.CompanyRegistrationAssignment:company	21816.58,10259.53 16175.50,12372.33
edge:declared:db.CompanyRegistrationAssignmentLog:company	20329.07,11821.79 16175.50,12416.29
edge:declared:db.CompanyRsuRule:_deprecate_articles_of_incorporation	16936.62,14980.48 17085.38,15295.67
edge:declared:db.CompanyRsuRule:company	16905.34,14906.48 16066.54,12660.49
edge:declared:db.CompanySsoEmailDomain:configuration	14021.88,12565.10 14777.03,12561.79
edge:declared:db.CompanySsoIdentity:configuration	14475.24,12618.71 14777.03,12577.99
edge:declared:db.CompanyStockTransferRestrictedChange:company	15815.59,10700.99 15964.34,12226.49
edge:declared:db.CompanyStockValue:company	19721.52,9297.68 16175.50,12283.51
edge:declared:db.CompanyTag:company_set	20817.46,10024.54 16175.50,12348.37
edge:declared:db.CompanyTanTableView:company	10559.73,10025.42 15795.50,12358.81
edge:declared:db.CompanyTodo:company	22441.78,10293.62 16175.50,12380.22
edge:declared:db.CompanyUpdateRequest:change_detection	18069.65,14108.14 18165.53,14351.07
edge:declared:db.CompanyUpdateRequest:company	18001.25,14026.14 16175.50,12592.67
edge:declared:db.CompanyUpdateRequest:company_question_thread	18177.47,14095.97 18834.96,14248.84
edge:declared:db.CompanyUserRelation:company	7559.73,11955.74 15795.50,12432.49
edge:declared:db.CompanyUserRelation:stakeholder	7452.50,11997.56 9905.38,19164.24
edge:declared:db.CompanyUserRelationOwnerRoleRelation:company_user_relation	8514.42,11562.49 7559.73,11904.18
edge:declared:db.CompanyUserRelationOwnerRoleRelation:owner_role	8700.80,11488.49 9502.02,11131.34
edge:declared:db.ConsentForm:investor	28048.81,37055.38 10765.58,22802.54
edge:declared:db.ConsentForm:item	28089.98,37055.38 24303.16,26886.19
edge:declared:db.ConsentForm:uploaded_consent_form_file	28088.47,37055.38 20685.51,18698.26
edge:declared:db.ConsentFormModusignDocument:consent_form	28284.80,36980.82 28178.25,37055.38
edge:declared:db.ConsentFormModusignEmbeddedDraft:consent_form	26538.50,31696.89 28094.01,37055.38
edge:declared:db.CorporateRegistration:attachment	18921.46,15639.76 20469.97,18264.26
edge:declared:db.CorporateRegistration:company	18847.29,15541.76 16175.50,12649.19
edge:declared:db.CorporateRegistrationChangeConfirmation:change_detection	18428.86,14359.61 18351.37,14372.46
edge:declared:db.CorporateRegistrationChangeConfirmation:staff_review_required_question_thread	18771.86,14308.71 18834.96,14300.45
edge:declared:db.CorporateRegistrationChangeDetection:company	18129.79,14351.07 16175.50,12612.52
edge:declared:db.CorporateRegistrationChangeDetection:xml_file	18213.84,14449.07 20469.69,18264.26
edge:declared:db.CorporateRegistrationChangeDetectionParseResult:change_detection	18318.29,14250.08 18228.46,14351.07
edge:declared:db.CorporateRegistrationExtractionLog:corporate_registration_issue_log	20668.58,16034.03 20876.62,15655.82
edge:declared:db.CorporateRegistrationIssueCoupon:company	18589.20,13691.09 16175.50,12534.53
edge:declared:db.CorporateRegistrationIssueCouponIssueLog:coupon	18891.29,13728.77 18826.27,13729.77
edge:declared:db.CorporateRegistrationIssueCouponUseRequest:coupon	19267.01,14647.78 18701.29,13773.09
edge:declared:db.CorporateRegistrationIssueCouponUseResult:corporate_registration	19496.55,15666.21 19016.55,15606.25
edge:declared:db.CorporateRegistrationIssueCouponUseResult:log	19881.55,15677.03 20763.07,15616.47
edge:declared:db.CorporateRegistrationIssueCouponUseResult:request	19672.82,15649.25 19305.59,14721.78
edge:declared:db.CorporateRegistrationIssueLog:_deprecated_staff_review_required_question_thread	20832.32,15557.82 19106.37,14370.85
edge:declared:db.CorporateRegistrationIssueLog:pdf_file	20898.36,15655.82 20621.07,18264.26
edge:declared:db.CorporateRegistrationIssueMaintenance:third_party_api_notice	33636.40,15818.57 32782.61,15797.62
edge:declared:db.CorporateRegistrationIssueRequest:delivery	19156.11,12467.69 19349.13,12412.04
edge:declared:db.CorporateRegistrationPaidIssue:company	20187.44,13790.11 16175.50,12504.38
edge:declared:db.CorporateRegistrationPaidIssue:corporate_registration	20282.22,13872.11 18932.17,15541.76
edge:declared:db.CorporationPostRegistrationEmail:company	15338.54,9432.50 15938.87,12226.49
edge:declared:db.CorporationPostRegistrationScheduledEmail:corporation_post_registration_email	15398.23,7957.93 15332.33,9358.50
edge:declared:db.CorporationPostRegistrationScheduledEmailPeriodicTaskRelation:corporation_post_registration_scheduled_email	14757.68,7589.56 15328.25,7883.93
edge:declared:db.Credit:company	20886.81,13777.83 16175.50,12495.22
edge:declared:db.CreditCard:company	24288.74,13354.65 16175.50,12464.34
edge:declared:db.CreditCard:investment_association	24506.39,13417.26 30486.03,16545.87
edge:declared:db.CreditCard:legal_partner	24343.32,13417.26 22618.39,14634.86
edge:declared:db.CreditCard:venture_capital	24536.74,13359.67 37744.83,12445.22
edge:declared:db.CreditUse:credit	22167.50,13883.09 21134.81,13819.25
edge:declared:db.CreditUse:purchase	22403.50,13873.04 22803.76,13814.23
edge:declared:db.CsAgentResponse:inquiry_thread_message	25222.27,11372.80 24371.68,11405.36
edge:declared:db.CsAgentResponseFeedBack:cs_agent_response	25826.79,11305.26 25470.27,11351.85
edge:declared:db.DebtConfirmationAndOffsetContractDocument:new_issue_item	17395.90,25376.11 19511.66,25374.50
edge:declared:db.DepartmentStaffUserRelation:department	17961.99,31839.71 15174.65,32297.53
edge:declared:db.DirectorAppointmentEvent:director	16113.17,16258.95 16483.73,16376.61
edge:declared:db.DirectorCompensationDecisionEvent:director	16533.18,16802.38 16603.22,16492.79
edge:declared:db.DirectorCompensationLimitEvent:director	16240.70,16633.53 16490.28,16492.79
edge:declared:db.DirectorTermEndEvent:appointment_event	16136.13,16362.77 16031.25,16260.58
edge:declared:db.DirectorTermEndEvent:director	16302.21,16408.27 16483.73,16414.86
edge:declared:db.DirectorVote:agenda	14980.99,20827.96 15144.64,20926.68
edge:declared:db.DirectorVote:attended_director	14917.37,20753.96 14901.16,20492.73
edge:declared:db.DirectorVotingRightsPerAgenda:agenda	14713.63,20837.06 15144.64,20968.90
edge:declared:db.DirectorVotingRightsPerAgenda:director	14623.64,20763.06 14849.92,20492.73
edge:declared:db.DirectorsMeeting:chairperson	15310.93,20235.87 15015.50,20378.73
edge:declared:db.DirectorsMeeting:meeting	15479.20,20113.87 17153.08,17689.49
edge:declared:db.DirectorsMeeting:sealed_meeting_minutes_file	15567.08,20132.21 20408.00,18543.61
edge:declared:db.DirectorsMeetingAgenda:agenda_bonus_issue	15428.64,20967.94 17622.89,20281.90
edge:declared:db.DirectorsMeetingAgenda:agenda_branch_change	15428.64,20950.98 17400.37,20098.93
edge:declared:db.DirectorsMeetingAgenda:agenda_co_ceo_system_change	15428.64,21031.79 15864.56,21091.51
edge:declared:db.DirectorsMeetingAgenda:agenda_custom	15428.64,21006.70 15884.47,20988.59
edge:declared:db.DirectorsMeetingAgenda:agenda_director_change	15144.64,21103.76 12462.63,22830.53
edge:declared:db.DirectorsMeetingAgenda:agenda_director_compensation_decision	15201.57,21105.34 14748.85,21600.24
edge:declared:db.DirectorsMeetingAgenda:agenda_financial_statements	15428.64,20955.24 17191.13,20246.58
edge:declared:db.DirectorsMeetingAgenda:agenda_head_office_relocation	15428.64,21037.80 18307.02,21553.79
edge:declared:db.DirectorsMeetingAgenda:agenda_new_issue	15342.93,21105.34 16054.74,22281.38
edge:declared:db.DirectorsMeetingAgenda:agenda_option_cancel	15144.64,21020.79 15086.73,21024.24
edge:declared:db.DirectorsMeetingAgenda:agenda_rsu_grant	15428.64,20963.27 15535.59,20926.30
edge:declared:db.DirectorsMeetingAgenda:agenda_shareholders_meeting_convocation	15428.64,21099.08 15576.73,21189.53
edge:declared:db.DirectorsMeetingAgenda:agenda_subsidiary_establishment	15400.94,21105.34 15717.55,21362.95
edge:declared:db.DirectorsMeetingAgenda:meeting	15303.35,20919.34 15426.12,20235.87
edge:declared:db.DirectorsMeetingDirectorAttendance:stakeholder	14732.63,20398.49 10125.11,19358.70
edge:declared:db.DirectorsMeetingNoticeEmail:directors_meeting	15649.47,19170.76 15449.98,20113.87
edge:declared:db.DirectorsMeetingNoticeEmailRecipient:director	15935.43,19362.14 14952.73,20378.73
edge:declared:db.DirectorsMeetingNoticeEmailRecipient:email	15907.17,19280.14 15726.03,19170.76
edge:declared:db.DocumentDelivery:delivery	19895.81,12586.73 20378.73,12381.40
edge:declared:db.DocumentDeliveryQuestionThreadRelation:document_delivery	20382.86,12559.31 19923.38,12613.19
edge:declared:db.DocumentDeliveryQuestionThreadRelation:question_thread	20705.20,12576.20 20815.12,12603.16
edge:declared:db.DocumentParseResult:attachment	20186.57,16873.30 20228.26,17158.33
edge:declared:db.DormantUserEmail:user	-701.53,30212.16 -2286.10,31188.58
edge:declared:db.DormantUserPhone:user	-1538.88,29646.70 -2331.56,31188.58
edge:declared:db.DormantUserReactivationToken:user	-512.36,30345.55 -2267.29,31188.58
edge:declared:db.ESOP:company	9611.56,16668.01 15795.50,12569.42
edge:declared:db.ESOP:shareholder	9536.57,16782.01 10674.21,22672.54
edge:declared:db.ESOPParticipant:esop	9242.26,15983.72 9503.78,16668.01
edge:declared:db.EditableCompanyOwnerAuditLog:company	19142.71,10244.06 16175.50,12311.13
edge:declared:db.ElectronicCertificate:company	17090.65,16963.74 16038.55,12660.49
edge:declared:db.ElectronicCertificate:director	17064.83,16963.74 16679.46,16492.79
edge:declared:db.ElectronicCertificateApplicationFormDocument:stakeholder	7994.23,25141.33 9906.11,19478.24
edge:declared:db.ElectronicCertificateCaseReportDocument:stakeholder	8849.44,23414.90 9916.55,19478.24
edge:declared:db.ElectronicCertificateFileDownloadHistory:file_uploaded	18262.10,17261.08 18071.77,17182.22
edge:declared:db.ElectronicCertificateFileUploadRequest:electronic_certificate	17321.74,17030.50 17225.65,17021.00
edge:declared:db.ElectronicCertificateFileUploaded:file_upload_request	17832.97,17115.35 17664.74,17081.73
edge:declared:db.ElectronicCertificateReturnRequest:electronic_certificate	22126.87,19122.94 17208.61,17053.74
edge:declared:db.ElectronicCertificateReturnRequest:recipient_address	22367.82,19141.90 23936.01,18957.01
edge:declared:db.EmailActivityRecipient:email_activity	25507.53,23169.77 25684.38,25653.14
edge:declared:db.EmailActivityRecipientStatusHistory:recipient	25977.50,24602.52 25519.70,23169.77
edge:declared:db.EmailVerification:email	25215.14,4734.02 24616.04,4508.09
edge:declared:db.Employee:department_code_set	8605.78,14929.27 9656.80,14021.92
edge:declared:db.Employee:group_set	8630.79,14975.25 11410.37,13898.23
edge:declared:db.EmployeeDepartmentCodeRelation:department_code	9049.74,14285.87 9609.62,14021.92
edge:declared:db.EmployeeDepartmentCodeRelation:employee	8946.02,14359.87 8557.68,14929.27
edge:declared:db.EmployeeGroup:company	11622.77,13824.23 15795.50,12503.62
edge:declared:db.EmployeeNumber:company	11718.43,13949.56 15795.50,12510.55
edge:declared:db.EmployeeNumber:employee	11502.82,14023.56 8630.79,14982.84
edge:declared:db.EmployeeOption:company	10546.03,12518.83 15795.50,12446.12
edge:declared:db.EmployeeOption:grantee	10345.99,12573.55 9280.90,13315.92
edge:declared:db.EmployeeOptionExerciseCandidate:management	11491.17,13081.34 12960.46,13809.09
edge:declared:db.EmployeeOptionExerciseCandidate:option	11314.97,12991.34 10522.55,12573.55
edge:declared:db.EmployeeOptionExerciseCandidate:option_exercise_claim	11548.32,13034.53 12686.36,13020.63
edge:declared:db.EmployeeOptionExerciseCandidateFile:candidate	11046.95,12878.84 11299.36,12991.34
edge:declared:db.EmployeeOptionExerciseClaim:company	12952.36,12994.83 15795.50,12478.03
edge:declared:db.EmployeeOptionExerciseClaimOption:option	11534.16,12729.42 10546.03,12543.84
edge:declared:db.EmployeeOptionExerciseClaimOption:option_exercise_claim	11840.16,12793.41 12686.36,12988.37
edge:declared:db.EmployeeOptionExerciseManagement:company	13129.00,13809.09 15795.50,12534.32
edge:declared:db.EmployeeOptionExerciseManagementEmail:management	13206.92,13974.57 13097.15,13891.09
edge:declared:db.EmployeeOptionVesting:employee_option	9287.48,12970.51 10298.03,12569.73
edge:declared:db.EmployeeOptionVestingItem:option_vesting	9115.28,13191.78 9178.35,13044.51
edge:declared:db.EmployeeOptionVestingTraceable:option	10153.15,13128.55 10398.59,12573.55
edge:declared:db.EmployeeStock:participant	9299.56,15818.49 9252.94,15893.72
edge:declared:db.EmployeeStockGuide:esop	9842.87,16357.73 9574.80,16668.01
edge:declared:db.EmployeeStockGuideAudience:employee_stock_guide	10093.89,15784.54 9894.90,16275.73
edge:declared:db.EmployeeStockGuideAudience:participant	9985.38,15774.25 9349.06,15911.90
edge:declared:db.EmployeeStockGuideEmail:employee_stock_guide	12254.30,17033.98 10002.29,16354.16
edge:declared:db.EmployeeStockTag:category	9670.14,16078.47 9552.76,16080.88
edge:declared:db.EmployeeStockTag:employee_stock_set	9728.46,16034.93 9381.76,15818.49
edge:declared:db.EmployeeStockTag:esop	9777.17,16116.93 9549.15,16668.01
edge:declared:db.EmployeeStockTagCategory:esop	9440.00,16120.30 9517.49,16668.01
edge:declared:db.EmployeeStockWithdrawRequest:account	10071.45,16893.92 11356.09,16778.26
edge:declared:db.EmployeeStockWithdrawRequest:esop	9855.50,16868.71 9655.56,16781.63
edge:declared:db.EmploymentCertificateDocumentRequest:company	12710.56,14038.40 15795.50,12536.02
edge:declared:db.EmploymentCertificateDocumentRequest:history	12474.09,14088.13 11697.98,14149.69
edge:declared:db.EmploymentStatusHistory:connected_hrm_status_event	11449.98,14193.89 5608.86,15812.90
edge:declared:db.EmploymentStatusHistory:employee	11449.98,14194.52 8630.79,14990.19
edge:declared:db.EmploymentStatusHistory:related_events	11640.53,14204.52 15446.56,16778.06
edge:declared:db.Event:company	15604.17,16769.13 15966.37,12660.49
edge:declared:db.EventAttachment:company	15981.76,14855.41 15985.16,12660.49
edge:declared:db.EventAttachment:event	15974.49,14929.41 15615.81,16769.13
edge:declared:db.ExpertClientIncorporationSupport:contact_set	21241.14,14814.89 20770.79,14663.80
edge:declared:db.ExpertClientIncorporationSupport:expert_client	21447.57,14814.89 21666.07,14701.19
edge:declared:db.ExpertClientIncorporationSupport:incorporation_request	21385.53,14896.89 21764.28,15824.23
edge:declared:db.ExpertClientSignupChannel:expert_client	24030.85,14883.03 21884.23,14664.80
edge:declared:db.ExpertClientTaxServiceSettings:expert_client	21646.35,14944.57 21741.15,14701.19
edge:declared:db.ExpertClientTaxServiceSettings:legal_partner	21761.35,14944.57 22310.39,14787.60
edge:declared:db.ExpressDelivery1:order_status_history	316.91,9788.89 395.05,9932.80
edge:declared:db.ExpressDelivery1:seal_card_return_status_history	178.82,9758.46 -44.26,9770.89
edge:declared:db.ExternalStockInfo:company	15283.56,9875.81 15926.18,12226.49
edge:declared:db.FABContent:thumbnail_image	21408.41,18479.26 20788.00,18480.79
edge:declared:db.FinancialAccount:institution	11474.42,16718.10 11431.57,16347.71
edge:declared:db.FinancialStatementsForNewIssueFromConversionDocument:new_issue	15811.30,23786.60 16088.54,22451.38
edge:declared:db.Fund:fund_partners	35218.34,13418.12 35531.35,13746.27
edge:declared:db.Fund:portfolio_company_set	35051.42,13398.17 30848.69,14247.14
edge:declared:db.Fund:venture_capital	35299.42,13330.76 37744.83,12495.34
edge:declared:db.FundPartner:venture_capital	35641.83,13746.27 37744.83,12538.18
edge:declared:db.FundingNewsDistributionServiceRequest:company	18128.39,14753.45 16175.50,12648.30
edge:declared:db.FundingNewsDistributionServiceRequest:company_question_thread	18240.42,14753.45 18837.96,14370.85
edge:declared:db.FundingNewsDistributionServiceRequest:logo	18199.81,14843.45 20454.94,18264.26
edge:declared:db.HelpTemplate:partners_to_share	6533.81,9076.70 22310.39,14688.79
edge:declared:db.Hrm:company	-205.78,16067.50 15795.50,12486.02
edge:declared:db.HrmAlpConfig:hrm	-2126.96,15839.08 -525.78,16079.31
edge:declared:db.HrmAlpConfigIndivApprovalTemplateRel:alp_config	-1815.75,15604.26 -2171.82,15784.38
edge:declared:db.HrmAlpExcludedEmp:emp	5585.10,17963.04 4769.73,18074.40
edge:declared:db.HrmAlpLaborReceiptRefusal:emp	5043.46,18830.33 4703.01,18270.89
edge:declared:db.HrmAlpTarget:emp	5068.25,18510.57 4769.73,18248.75
edge:declared:db.HrmAlpUsageDesignation:target	5552.78,18617.21 5239.00,18570.16
edge:declared:db.HrmAlpUsageDesignationDate:leave_usage	6293.50,18449.05 6963.64,18435.92
edge:declared:db.HrmAlpUsageDesignationDate:usage_designation	6066.47,18488.54 5770.81,18597.90
edge:declared:db.HrmAlpUsagePlan:target	5534.90,18247.88 5171.69,18510.57
edge:declared:db.HrmAlpUsagePlanDate:usage_plan	5779.76,18187.58 5715.59,18194.16
edge:declared:db.HrmAnnualLeaveAdjustment:emp	5290.65,18068.31 4769.73,18090.55
edge:declared:db.HrmAnnualLeaveConfigBase:annual_leave	3809.06,22533.43 3826.34,21766.88
edge:declared:db.HrmApproval:approvable	3523.02,18055.00 2975.40,17867.69
edge:declared:db.HrmApproval:requestor	3771.02,18097.48 4425.73,18097.80
edge:declared:db.HrmApprovalLine:actual_approver	3731.76,18209.86 4425.73,18120.13
edge:declared:db.HrmApprovalLine:approval	3620.29,18184.89 3633.27,18142.42
edge:declared:db.HrmApprovalLine:approver	3483.76,18264.08 2852.45,18458.49
edge:declared:db.HrmApprovalReview:approval	3172.31,18265.68 3523.02,18141.37
edge:declared:db.HrmApprovalReview:approver	3003.18,18339.68 2821.19,18443.68
edge:declared:db.HrmApprovalTemplate:hrm	2178.94,18075.90 -205.78,16227.34
edge:declared:db.HrmApprovalTemplateLine:approver	2573.18,18386.37 2653.85,18443.68
edge:declared:db.HrmApprovalTemplateLine:template	2475.06,18312.37 2282.85,18157.90
edge:declared:db.HrmApprovalTemplateReview:approver	2220.94,18349.19 2604.45,18460.64
edge:declared:db.HrmApprovalTemplateReview:template	2125.47,18277.32 2204.65,18157.90
edge:declared:db.HrmApprover:dept	2604.45,18507.82 445.32,18701.87
edge:declared:db.HrmApprover:emp	2852.45,18470.23 4425.73,18134.58
edge:declared:db.HrmAttendance:emp	4076.68,17886.66 4425.73,18028.16
edge:declared:db.HrmAttendanceItem:attendance	4194.88,17770.10 4094.56,17804.66
edge:declared:db.HrmAttendanceItem:emp	4345.45,17770.10 4464.58,17924.89
edge:declared:db.HrmAttendanceLocation:attendance_item	5253.62,17121.18 4377.28,17688.10
edge:declared:db.HrmAttendanceLocation:ongoing_attendance	5453.36,17046.24 5550.73,17025.86
edge:declared:db.HrmAttendanceLocation:personal_location	5389.68,17023.18 6396.92,16204.99
edge:declared:db.HrmAttendanceLocation:work_location	5278.83,17023.18 3592.83,15388.18
edge:declared:db.HrmCertificateConfig:hrm	-990.80,16157.77 -525.78,16117.25
edge:declared:db.HrmCertificateConfigIndividualApprovalTemplateRelation:certificate_config	-1791.45,16603.61 -1166.79,16205.05
edge:declared:db.HrmCertificateIssue:connected_status_event	5877.12,16033.52 5596.48,15900.27
edge:declared:db.HrmCertificateIssue:emp	5935.80,16115.52 4714.50,17924.89
edge:declared:db.HrmCommonLocation:work_location_config	5096.55,15593.61 5691.01,15611.84
edge:declared:db.HrmConciergeRequest:company	17266.79,11021.51 16175.50,12232.63
edge:declared:db.HrmDailyLeaveUsageItem:usage	5349.92,20641.89 7048.64,18490.37
edge:declared:db.HrmDept:hrm	299.40,18652.55 -328.99,16244.31
edge:declared:db.HrmDeptName:dept	-1223.15,19527.25 199.99,18774.55
edge:declared:db.HrmDeptName:event	-1307.39,19601.25 -1478.37,20044.28
edge:declared:db.HrmDeptParent:dept	-393.96,19518.56 261.57,18774.55
edge:declared:db.HrmDeptParent:event	-410.94,19600.56 -240.57,19965.55
edge:declared:db.HrmDeptReorg:hrm	-1019.59,15366.81 -490.95,15962.31
edge:declared:db.HrmDeptStatus:dept	182.38,19744.42 307.45,18774.55
edge:declared:db.HrmDeptStatus:event	172.34,19818.42 -42.65,21329.10
edge:declared:db.HrmDocument:emp	2154.96,15636.13 4426.06,17924.89
edge:declared:db.HrmDocument:form	1987.59,15538.13 -200.95,14635.07
edge:declared:db.HrmDocument:hrm	1982.34,15613.02 -205.78,16069.90
edge:declared:db.HrmDocumentDraft:emp	1040.32,14017.21 4446.91,17924.89
edge:declared:db.HrmDocumentDraft:form	915.55,14017.21 -213.30,14537.07
edge:declared:db.HrmDocumentDraftFieldAttachment:field_value	630.43,11362.10 -425.52,12868.03
edge:declared:db.HrmDocumentDraftFieldMultiSelectValue:field_value	-653.75,13256.53 -482.84,12958.03
edge:declared:db.HrmDocumentDraftFieldMultiSelectValue:selected_option	-736.08,13330.53 -917.70,13440.45
edge:declared:db.HrmDocumentDraftFieldValue:draft	-395.20,12958.03 948.21,13935.21
edge:declared:db.HrmDocumentDraftFieldValue:field_definition	-537.23,12958.03 -2248.97,13918.94
edge:declared:db.HrmDocumentFieldAttachment:field_value	-575.80,14198.68 -620.10,13858.98
edge:declared:db.HrmDocumentFieldMultiSelectValue:field_value	-416.80,13815.47 -501.97,13814.86
edge:declared:db.HrmDocumentFieldMultiSelectValue:selected_option	-343.48,13779.56 -897.15,13522.45
edge:declared:db.HrmDocumentFieldValue:document	-556.63,13858.98 2030.83,15538.13
edge:declared:db.HrmDocumentFieldValue:field_definition	-749.97,13824.90 -2181.13,13950.91
edge:declared:db.HrmDocumentForm:hrm	-321.19,14635.07 -361.50,15962.31
edge:declared:db.HrmDocumentFormFieldDefinition:form	-2183.78,14008.94 -443.70,14547.68
edge:declared:db.HrmDocumentFormFieldSelectOption:field_definition	-1099.62,13522.45 -2203.81,13918.94
edge:declared:db.HrmDocumentFormIndividualApprovalTemplateRelation:document_form	-648.12,14656.35 -443.70,14612.61
edge:declared:db.HrmEmp:connected_employee	4769.73,17962.29 8360.68,15131.27
edge:declared:db.HrmEmp:hrm	4425.73,18028.77 -205.78,16167.61
edge:declared:db.HrmEmpAffiliation:emp	2580.39,17810.69 4425.73,18073.40
edge:declared:db.HrmEmpAffiliation:event	2521.31,17752.04 3580.12,17083.34
edge:declared:db.HrmEmpAffiliationDept:affiliation	2028.78,17649.53 2334.22,17752.04
edge:declared:db.HrmEmpAffiliationDept:dept	1864.65,17649.53 404.14,18652.55
edge:declared:db.HrmEmpContract:emp	5044.26,35653.92 4602.13,18270.89
edge:declared:db.HrmEmpContract:mgmt	5033.52,35653.92 1511.27,23398.18
edge:declared:db.HrmEmpContractCommonVar:hrm	16.94,15670.33 -241.15,15962.31
edge:declared:db.HrmEmpContractMgmt:hrm	1488.95,23316.18 -329.52,16244.31
edge:declared:db.HrmEmpContractMgmt:template_revision	1403.82,23316.18 -786.79,22377.34
edge:declared:db.HrmEmpContractModusignDocument:hrm_emp_contract	28529.23,37343.56 5169.30,35703.63
edge:declared:db.HrmEmpContractTemplate:hrm	-1871.70,20202.41 -417.58,16244.31
edge:declared:db.HrmEmpContractTemplateRevision:template	-902.07,22295.34 -1867.60,20276.41
edge:declared:db.HrmEmpContractTemplateRevisionSigner:revision	-1715.01,22830.67 -951.51,22377.34
edge:declared:db.HrmEmpEmploymentType:emp	4631.48,17739.38 4614.01,17924.89
edge:declared:db.HrmEmpEmploymentType:event	4633.34,17665.38 4606.70,17055.57
edge:declared:db.HrmEmpJob:emp	2511.33,16626.73 4425.73,17976.61
edge:declared:db.HrmEmpJob:event	2560.17,16597.46 3583.26,16793.28
edge:declared:db.HrmEmpJob:level	2312.17,16608.33 1821.09,16745.36
edge:declared:db.HrmEmpJob:position	2312.17,16550.97 1987.73,16491.40
edge:declared:db.HrmEmpJob:role	2312.17,16575.29 1576.39,16584.58
edge:declared:db.HrmEmpJob:title	2347.16,16520.73 1412.71,15964.32
edge:declared:db.HrmEmpJobLevel:hrm	1589.68,16741.29 -205.78,16155.51
edge:declared:db.HrmEmpJobPosition:hrm	1751.73,16450.40 -205.78,16129.54
edge:declared:db.HrmEmpJobRole:hrm	1340.39,16554.84 -205.78,16145.65
edge:declared:db.HrmEmpJobTitle:hrm	1232.57,15939.42 -205.78,16086.90
edge:declared:db.HrmEmpMov:hrm	450.36,15790.36 -205.78,16041.96
edge:declared:db.HrmEmpReturnToWorkEvent:absence_event	5040.22,15706.33 4840.09,15706.33
edge:declared:db.HrmEmpSalaryAccount:emp	7538.70,17182.63 4769.73,18044.36
edge:declared:db.HrmEmpSalaryAccount:institution	7774.70,17119.52 11302.36,16330.45
edge:declared:db.HrmEmpStatus:emp	6799.00,16199.61 4769.73,17949.56
edge:declared:db.HrmEmpStatus:event	6723.91,16135.19 5608.86,15876.08
edge:declared:db.HrmEmpUserInvitation:emp	2460.49,17927.39 4425.73,18084.17
edge:declared:db.HrmEmpUserInvitation:hrm	2275.42,17876.50 -205.78,16210.73
edge:declared:db.HrmEmpUserInvitationInvitee:invitation	2534.50,18154.94 2370.68,17958.50
edge:declared:db.HrmEmpWorkAssignment:emp	3325.48,18813.98 4425.73,18194.70
edge:declared:db.HrmEmpWorkAssignment:work	3141.74,18863.17 1995.99,18981.58
edge:declared:db.HrmEmpWorkLocationAssignment:work_location	4047.69,16131.38 3573.56,15388.18
edge:declared:db.HrmEmpWorkLocationAssignment:work_location_config	4077.14,16205.38 4160.86,16734.92
edge:declared:db.HrmEmpWorkLocationConfig:emp	4180.69,16816.92 4541.41,17924.89
edge:declared:db.HrmEmpWorkLocationConfig:work_location_set	4149.50,16734.92 3563.62,15388.18
edge:declared:db.HrmFixedWorkSchedule:fixed_work	1937.30,18672.92 1897.36,18715.28
edge:declared:db.HrmGoogleCalendarIntegration:hrm	-603.67,15483.14 -419.87,15962.31
edge:declared:db.HrmLeaveBase:hrm	3154.96,20809.96 -260.31,16244.31
edge:declared:db.HrmLeaveCommonConfig:leave	1966.75,20941.88 3073.57,20889.41
edge:declared:db.HrmLeaveGrant:emp	3914.93,19183.85 4488.96,18270.89
edge:declared:db.HrmLeaveGrant:grantable_leave	3877.37,19257.85 3525.61,20168.28
edge:declared:db.HrmLeaveIndividualApprovalTemplateRelation:leave	1463.35,19981.92 3073.57,20812.78
edge:declared:db.HrmLeaveUsage:emp	6963.64,18415.90 4769.73,18121.01
edge:declared:db.HrmLeaveUsage:leave	7003.26,18490.37 3325.32,20809.96
edge:declared:db.HrmLeaveUsageAttachment:usage	7054.60,19329.11 7091.16,18490.37
edge:declared:db.HrmLeaveUsageItem:emp	4454.66,19064.37 4572.12,18270.89
edge:declared:db.HrmLeaveUsageItem:leave	4420.01,19146.37 3260.45,20809.96
edge:declared:db.HrmLeaveUsageItem:usage	4572.59,19073.87 6963.64,18466.40
edge:declared:db.HrmOngoingAttendance:emp	5634.51,17040.92 4767.43,17924.89
edge:declared:db.HrmOngoingAttendanceClockedSchedule:ongoing_attendance	6469.69,16774.90 5798.73,16964.82
edge:declared:db.HrmPersonalLocation:hrm_emp	6409.25,16204.99 4763.29,17924.89
edge:declared:db.HrmPersonalLocation:work_location_config	6399.79,16114.99 5864.87,15656.71
edge:declared:db.HrmRequestor:dept	1089.75,19153.71 422.65,18774.55
edge:declared:db.HrmRequestor:emp	1271.42,19153.71 4425.73,18152.49
edge:declared:db.HrmSelectiveWorkPlan:emp	4113.55,18070.95 4425.73,18088.32
edge:declared:db.HrmSelectiveWorkPlanConfig:selective_work	1815.12,19515.53 1985.15,19262.67
edge:declared:db.HrmSelectiveWorkPlanItem:emp	3228.91,18147.57 4425.73,18104.13
edge:declared:db.HrmSelectiveWorkPlanItem:plan	3228.91,18139.96 3865.55,18076.42
edge:declared:db.HrmSelectiveWorkSchedule:selective_work	2292.08,19241.51 2139.41,19228.36
edge:declared:db.HrmSelectiveWorkSettlementConfig:selective_work	1263.79,19515.53 1901.86,19262.67
edge:declared:db.HrmSigner:hrm	-788.39,15981.38 -525.78,16057.15
edge:declared:db.HrmSlackChannelConfig:integration	-795.03,16656.43 -760.19,16605.52
edge:declared:db.HrmSlackIntegration:hrm	-705.51,16531.52 -477.64,16244.31
edge:declared:db.HrmStaffNote:hrm	-1277.83,16033.61 -525.78,16091.08
edge:declared:db.HrmStaggeredWorkSchedule:staggered_work	1363.97,20425.03 720.12,19578.33
edge:declared:db.HrmStandardWork:hrm	-1094.62,16708.30 -525.78,16236.12
edge:declared:db.HrmStandardWorkSchedule:standard_work	-1519.61,17641.60 -1154.89,16782.30
edge:declared:db.HrmTag:hrm_set	-992.59,15715.81 -525.78,16004.40
edge:declared:db.HrmWorkAutoClockOutConfig:work	1215.80,18948.37 1735.99,18985.69
edge:declared:db.HrmWorkBase:emp_set	1995.99,18952.33 4425.73,18154.38
edge:declared:db.HrmWorkBase:hrm	1818.91,18934.02 -256.96,16244.31
edge:declared:db.HrmWorkIndividualApprovalTemplateRelation:work	2342.70,19048.05 1995.99,19009.48
edge:declared:db.HrmWorkLocation:hrm	3418.30,15363.43 -205.78,16072.03
edge:declared:db.HrmWorkLocationGpsConfig:work_location	5691.01,15600.39 3666.30,15354.25
edge:declared:db.HrmWorkOvertime:work	1301.85,18852.68 1735.99,18962.22
edge:declared:db.IBKSignupChannel:ibk_user_login_token	25970.01,14550.21 25939.76,14500.50
edge:declared:db.IBKUserLoginToken:ibk_user	25942.60,14426.50 25971.63,14384.15
edge:declared:db.IaAccountInfo:investment_association	34252.98,18184.22 30794.03,16692.84
edge:declared:db.IaCertificateOfInvestmentDocument:partner	37010.23,18531.82 39437.56,18244.75
edge:declared:db.IaCertificateOfInvestmentDocumentRecipient:certificate_of_investment_document_email	-2495.45,20068.40 -2522.84,20146.33
edge:declared:db.IaConfirmationRequest:investment_association	25304.74,18908.23 30486.03,16692.30
edge:declared:db.IaConfirmationRequest:partner_list_file	25018.02,18934.61 20788.00,18500.75
edge:declared:db.IaConsentForm:consent_form_or_meeting	35706.05,18812.03 33343.66,19140.72
edge:declared:db.IaConsentFormDocument:consent_form	36220.27,18527.41 35903.15,18754.79
edge:declared:db.IaConsentFormDocument:partner	36462.45,18471.90 39437.56,18238.50
edge:declared:db.IaConsentFormOrMeeting:investment_association	33098.78,19114.50 30771.46,16759.44
edge:declared:db.IaConsentFormOrMeetingDocumentGeneration:consent_form_or_meeting	33937.30,19190.44 33343.66,19173.12
edge:declared:db.IaConsentFormOrMeetingDocumentGenerationItem:document	35211.38,19190.80 35643.88,19319.27
edge:declared:db.IaConsentFormOrMeetingDocumentGenerationItem:generation	34896.81,19161.89 34280.30,19188.15
edge:declared:db.IaConsentFormOrMeetingElectronicSignatureRequest:document	32839.02,20754.28 33771.74,19985.19
edge:declared:db.IaConsentFormOrMeetingElectronicSignatureRequestModusignDocument:electronic_signature_request	28808.03,20434.75 32576.74,20788.68
edge:declared:db.IaConsentFormOrMeetingElectronicSignatureRequestModusignEmbeddedDraft:electronic_signature_request	28869.90,20672.56 32576.74,20800.45
edge:declared:db.IaConsentFormOrMeetingElectronicSignatureRequestStatusHistory:electronic_signature_request	32750.86,21475.25 32772.85,20860.28
edge:declared:db.IaConsentFormOrMeetingElectronicSignatureRequestUploadedModusignDocument:electronic_signature_request	29308.10,21158.41 32576.74,20827.33
edge:declared:db.IaConsentFormOrMeetingElectronicSignatureRequiredDocument:consent_form_or_meeting	33788.55,19879.19 33198.63,19220.50
edge:declared:db.IaConsentFormOrMeetingElectronicSignatureRequiredDocument:edited_file	33638.02,19910.49 20788.00,18502.08
edge:declared:db.IaConsentFormOrMeetingElectronicSignatureRequiredDocument:partner	34014.92,19879.19 39437.56,18272.69
edge:declared:db.IaConsentFormOrMeetingEsigRequiredDocumentPageRange:esig_required_document	34527.02,19817.75 34034.02,19899.40
edge:declared:db.IaConsentFormOrMeetingEsigRequiredDocumentPageRange:page_range_document	34817.85,19747.96 35643.88,19418.73
edge:declared:db.IaConsentFormOrMeetingGuideEmail:consent_form_or_meeting	33816.68,18918.72 33292.94,19114.50
edge:declared:db.IaConsentFormOrMeetingGuideEmailRecipient:consent_form_or_meeting_guide_email	33874.73,18704.92 33907.09,18844.72
edge:declared:db.IaDocumentArchive:investment_association	32577.72,15022.37 30794.03,16498.96
edge:declared:db.IaDocumentArchiveAttachment:ia_document_archive	32259.03,15085.62 32504.42,15017.92
edge:declared:db.IaExpertPartnerBulkEmailTemplate:legal_partner	21101.89,15419.88 22310.39,14820.01
edge:declared:db.IaFoundingProgressStatus:investment_association	32081.71,17580.97 30794.03,16728.40
edge:declared:db.IaGpAppointmentEvent:partner	35754.02,17892.89 39437.56,18212.56
edge:declared:db.IaGpTerminationEvent:appointment_event	35919.46,18147.76 35674.70,17923.13
edge:declared:db.IaGpTerminationEvent:partner	36088.14,18190.04 39437.56,18224.56
edge:declared:db.IaInvestmentCertificateRegistrationRequest:partner	39601.68,19783.12 39595.06,18335.18
edge:declared:db.IaLegalPartnerRelation:investment_association	26097.63,15322.51 30486.03,16582.23
edge:declared:db.IaLegalPartnerRelation:legal_partner	25861.63,15270.34 22618.39,14767.45
edge:declared:db.IaMeeting:consent_form_or_meeting	34411.68,20610.01 33197.47,19220.50
edge:declared:db.IaMeetingAgenda:meeting	35434.94,20546.44 34603.98,20653.16
edge:declared:db.IaMeetingAgendaVote:agenda	35307.80,22528.07 35588.08,20567.02
edge:declared:db.IaMeetingAgendaVote:electronic_signature	35243.13,22528.07 32850.77,20860.28
edge:declared:db.IaMeetingAgendaVote:partner	35342.47,22528.07 39486.82,18335.18
edge:declared:db.IaMeetingConvocationNoticeEmail:ia_meeting	35099.70,22077.16 34492.51,20732.01
edge:declared:db.IaMeetingConvocationNoticeRecipient:convocation_notice_email	34933.48,21284.86 35108.24,22077.16
edge:declared:db.IaMeetingMinutesDocument:meeting	35127.48,20061.04 34531.23,20610.01
edge:declared:db.IaMeetingNoticeDocument:meeting	34840.14,19944.68 34496.49,20610.01
edge:declared:db.IaMeetingSealedNoticeDocumentFile:ia_meeting	32815.55,20104.32 34325.98,20623.25
edge:declared:db.IaMeetingShortenPeriodDocument:meeting	37367.63,19311.97 34595.26,20610.01
edge:declared:db.IaMeetingShortenPeriodDocument:partner	37539.15,19229.97 39437.56,18302.85
edge:declared:db.IaModusignDocumentUsageHistory:investment_association	27689.44,14786.43 30486.03,16530.40
edge:declared:db.IaOperation:_deprecated_investment_association	34720.46,16412.65 30794.03,16618.37
edge:declared:db.IaOperation:ia_operation_management	34798.90,16443.47 34644.32,16588.02
edge:declared:db.IaOperationManagement:investment_association	34486.76,16625.06 30794.03,16626.38
edge:declared:db.IaOwner:investment_association	34524.34,17131.07 30794.03,16646.45
edge:declared:db.IaOwner:partner	34776.34,17174.93 39437.56,18191.93
edge:declared:db.IaOwnerAuditLog:investment_association	24324.67,6383.90 30558.02,16493.44
edge:declared:db.IaPartnerDataCollection:investment_association	26383.71,18078.88 30486.03,16678.99
edge:declared:db.IaPartnerDataCollectionItem:address	25354.98,17968.61 24244.01,18820.73
edge:declared:db.IaPartnerDataCollectionItem:ia_partner_data_collection	25545.43,17958.41 26139.56,18092.00
edge:declared:db.IaPartnerDataCollectionItemReply:address	25582.23,18121.51 24244.01,18854.50
edge:declared:db.IaPartnerDataCollectionItemReply:ia_partner_data_collection	25816.08,18090.83 26139.56,18111.83
edge:declared:db.IaPartnerDataCollectionItemReply:ia_partner_data_collection_item	25590.40,18039.51 25475.11,17968.61
edge:declared:db.IaPartnerInvestmentConfirmation:partner	35511.47,17121.15 39437.56,18183.69
edge:declared:db.IaPartnerInvestmentConfirmationEmailRecipient:ia_partner_investment_confirmation_email	11925.88,5642.04 11853.31,5684.77
edge:declared:db.IaPartnerWithdrawalEvent:partner	39543.69,17996.23 39570.44,18117.18
edge:declared:db.IaPaymentLink:investment_association	26953.96,13485.73 30486.03,16495.22
edge:declared:db.IaPfCompany:investment_association	32703.38,19691.03 30729.58,16759.44
edge:declared:db.IaPfCompanyInvestment:ia_pf_company	32581.53,20620.67 32722.21,19765.03
edge:declared:db.IaPfCompanyInvestmentSalesIntent:ia_pf_company_investment	35043.50,22778.95 32622.60,20702.67
edge:declared:db.IaPfCompanyInvestmentStock:ia_pf_company_investment	31491.47,20484.68 32450.79,20641.41
edge:declared:db.IaQuestionThread:investment_association	26857.53,13756.09 30486.03,16509.58
edge:declared:db.IaRule:address	27499.83,19287.47 24244.01,18954.59
edge:declared:db.IaRule:file	27499.83,19285.61 20788.00,18503.40
edge:declared:db.IaRule:investment_association	27698.49,19239.76 30490.33,16759.44
edge:declared:db.IaRuleCompensation:rule	28030.49,19193.94 27759.83,19266.10
edge:declared:db.IaRuleDocument:rule	32602.49,19186.30 27759.83,19297.77
edge:declared:db.IaRuleInvestment:rule	28194.32,19694.15 27717.36,19361.76
edge:declared:db.IaRuleMeeting:rule	28163.24,19001.07 27738.40,19239.76
edge:declared:db.IaRulePartner:rule	28273.32,19407.13 27759.83,19322.25
edge:declared:db.IaSealStamp:image_file	23024.84,18218.17 20788.00,18460.66
edge:declared:db.IaSealStamp:investment_association	23272.84,18178.60 30486.03,16658.89
edge:declared:db.IaSealStampImage:seal_stamp	22280.89,18244.39 23024.84,18210.40
edge:declared:db.IaUserInvitation:ia_owner	34137.22,16847.07 34580.30,17106.44
edge:declared:db.IaUserInvitation:investment_association	33943.18,16799.57 30794.03,16634.51
edge:declared:db.IaUserInvitationInvitee:_deprecated_individual_partner	37161.65,16671.77 36604.60,17040.85
edge:declared:db.IaUserInvitationInvitee:invitation	37111.61,16629.94 34191.18,16798.90
edge:declared:db.IaUserInvitationInvitee:legal_representative	37236.50,16671.77 37242.20,16986.71
edge:declared:db.IaUserInvitationInvitee:manager	37280.81,16671.77 38049.93,17505.62
edge:declared:db.IaUserInvitationInvitee:partner	37307.70,16671.77 39437.56,18119.46
edge:declared:db.IaWrittenResolutionDocument:meeting	35934.51,19711.88 34558.44,20610.01
edge:declared:db.IaWrittenResolutionDocument:partner	36099.42,19629.88 39437.56,18289.23
edge:declared:db.ImAccessLog:investor_matching	30668.91,11203.56 28522.64,10924.82
edge:declared:db.ImAccessLog:venture_capital	30904.91,11238.93 37744.83,12401.21
edge:declared:db.ImAttachment:investor_matching	32564.53,11188.19 28522.64,10915.94
edge:declared:db.ImAttachmentDownloadLog:attachment	34296.56,11701.54 32812.53,11235.48
edge:declared:db.ImAttachmentDownloadLog:venture_capital	34532.38,11761.84 37744.83,12396.15
edge:declared:db.ImAttachmentPdfEvent:attachment	34122.14,11517.25 32812.53,11224.28
edge:declared:db.ImAttachmentPdfEvent:pdf_event	34218.33,11503.99 34188.64,11460.22
edge:declared:db.ImAttachmentPdfEvent:venture_capital	34370.14,11574.87 37744.83,12388.14
edge:declared:db.ImBrokerAssignment:_deprecated_assigned_companies	29277.24,11674.93 16175.50,12432.50
edge:declared:db.ImBrokerAssignment:assigned_investors	29525.24,11678.88 37744.83,12415.98
edge:declared:db.ImBrokerAssignment:im_broker	29525.24,11681.12 33466.56,12105.75
edge:declared:db.ImBrokerAssignment:investor_matching	29335.56,11618.76 28505.30,10999.38
edge:declared:db.ImBrokerAssignmentInvitedUser:broker_assignment	31838.92,11823.93 29525.24,11675.70
edge:declared:db.ImBrokerAssignmentInvitedUser:venture_capital	32115.92,11846.76 37744.83,12413.94
edge:declared:db.ImConsultingRequest:company	26735.38,9530.42 16175.50,12392.00
edge:declared:db.ImConsultingRequest:investor_matching	26903.63,9537.82 28280.27,10813.38
edge:declared:db.ImContactRequest:investor_matching	30525.96,11496.17 28522.64,10945.42
edge:declared:db.ImContactRequest:venture_capital	30773.96,11545.63 37744.83,12409.67
edge:declared:db.ImContactRequestIntention:im_contact_request	30334.07,11350.93 30577.74,11489.26
edge:declared:db.ImDay:recipients	34037.79,10924.64 34267.53,10331.38
edge:declared:db.ImDay:venture_capitals	34142.81,11019.90 37744.83,12363.83
edge:declared:db.ImDayParticipation:im_day	33056.19,10601.74 33894.81,10925.73
edge:declared:db.ImDayParticipation:investor_matching	32808.19,10563.43 28522.64,10895.38
edge:declared:db.ImDayParticipation:venture_capital	33056.19,10600.45 37744.83,12363.30
edge:declared:db.ImDayParticipationAttachment:participation	32672.62,10281.95 32885.41,10504.83
edge:declared:db.ImDaySurvey:im_day	31101.84,10893.93 33894.81,10970.25
edge:declared:db.ImDaySurvey:investor_matching	30865.84,10891.42 28522.64,10905.53
edge:declared:db.ImDisclosing:investor_matching	29336.95,9756.70 28458.00,10813.38
edge:declared:db.ImInvestorBroker:venture_capital	35330.31,12306.74 37744.83,12423.58
edge:declared:db.ImInvestorMemo:investor_matching	29885.93,11499.55 28522.64,10962.34
edge:declared:db.ImInvestorMemo:venture_capital	30097.82,11549.85 37744.83,12411.74
edge:declared:db.ImIrPartnerBrokerOwnerRelation:im_ir_partner_broker	30785.56,12143.64 31059.90,12082.41
edge:declared:db.ImNote:investor_matching	29013.29,10389.95 28494.57,10813.38
edge:declared:db.ImTag:investor_matching_set	30579.87,10406.97 28522.64,10874.13
edge:declared:db.ImWatching:_deprecated_investor_matching	28032.45,9090.63 28362.81,10813.38
edge:declared:db.ImWatching:company	27900.59,9084.59 16175.50,12389.93
edge:declared:db.ImWatching:venture_capital	28144.63,9090.63 37744.83,12369.63
edge:declared:db.InauguralConsentDocument:director_change_agenda	13286.32,23283.01 12500.51,22936.53
edge:declared:db.IncorporationBenefitRequest:incorporation_request	22016.56,15230.97 21838.66,15824.23
edge:declared:db.IncorporationBenefitRequest:tax_partner	22063.54,15156.97 22343.18,14868.57
edge:declared:db.IncorporationRequest:address	21886.81,16034.23 23995.20,18813.85
edge:declared:db.IncorporationRequest:balance_certificate_account_file	21757.42,16034.23 20700.82,18264.26
edge:declared:db.IncorporationRequest:balance_certificate_account_holder	21913.94,16034.23 23173.52,17272.89
edge:declared:db.IncorporationRequest:company	21659.17,15840.61 16175.50,12557.25
edge:declared:db.IncorporationRequest:company_question_thread	21659.17,15843.08 19118.96,14364.50
edge:declared:db.IncorporationRequestAoiFile:incorporation_request	22150.25,15784.32 21955.17,15866.72
edge:declared:db.IncorporationRequestAssistance:incorporation_request	22325.25,16253.19 21955.17,16021.78
edge:declared:db.IncorporationRequestAssistance:legal_partner	22392.77,16253.19 22458.46,14868.57
edge:declared:db.IncorporationRequestAssistanceReceipt:incorporation_request_assistance	21700.37,17232.55 22360.65,16335.19
edge:declared:db.IncorporationRequestDirector:address	22865.32,17552.95 23979.55,18813.85
edge:declared:db.IncorporationRequestDirector:incorporation_request	22808.71,17478.95 21875.03,16034.23
edge:declared:db.IncorporationRequestPromoter:address	23249.61,17370.89 24023.01,18813.85
edge:declared:db.IncorporationRequestPromoterCustodian:address	23647.26,17360.06 24054.96,18813.85
edge:declared:db.IncorporationRequestPromoterCustodian:promoter	23472.88,17322.60 23356.35,17322.27
edge:declared:db.IncorporationRequestPromoterInstitutionCeo:promoter	23303.23,17210.69 23258.55,17272.89
edge:declared:db.IncorporationRequestPurpose:incorporation_request	21328.32,16041.96 21659.17,15964.07
edge:declared:db.IndividualInvestorCompanyCeo:company_info	27536.93,22010.95 29194.00,23798.80
edge:declared:db.IndividualInvestorCompanyInfo:address	29188.98,23798.80 24221.16,19063.85
edge:declared:db.IndividualInvestorCompanyInfo:company	29299.28,23880.80 32078.95,25574.80
edge:declared:db.IndividualInvestorCompanyName:non_unified_share_company	34764.66,25183.34 32315.61,25616.79
edge:declared:db.IndividualInvestorCompanyParValue:non_unified_share_company	31543.37,25454.62 32055.61,25602.32
edge:declared:db.IndividualInvestorCompanyShareClass:non_unified_share_company	32084.09,27233.08 32181.47,25704.80
edge:declared:db.IndividualInvestorCompanyShareStock:_deprecated_non_unified_stock_create_request	31596.86,26586.91 31265.12,28058.24
edge:declared:db.IndividualInvestorCompanyShareStock:_deprecated_stock_unissued_confirmation_file	31605.94,26586.91 31501.83,29181.32
edge:declared:db.IndividualInvestorCompanyShareStock:management_history	31441.41,26570.37 30475.62,26758.65
edge:declared:db.IndividualInvestorCompanyShareStock:non_unified_share_company	31639.43,26488.91 32143.80,25704.80
edge:declared:db.IndividualInvestorCompanyShareStock:share_class	31639.62,26586.91 32057.79,27233.08
edge:declared:db.IndividualInvestorEvent:company	36966.29,27970.00 32315.61,25703.16
edge:declared:db.IndividualInvestorStakeholder:address	28527.15,21983.50 24244.01,19044.52
edge:declared:db.IndividualInvestorStakeholder:company	28627.71,22065.50 32120.91,25574.80
edge:declared:db.IndividualInvestorUser:address	25654.64,20217.63 24242.95,19063.85
edge:declared:db.IndividualStockOption:company	30345.77,23241.19 32135.75,25574.80
edge:declared:db.IndividualStockOption:create_request	30432.05,23164.99 31341.12,23030.72
edge:declared:db.IndividualStockOption:grantee	30280.12,23127.19 29901.15,22142.00
edge:declared:db.IndividualStockOptionCreateRequestEtcFile:create_request	32543.96,22979.89 31655.12,23003.38
edge:declared:db.IndividualStockOptionGrantContract:individual_stock_option	29923.17,22893.26 30227.82,23127.19
edge:declared:db.IndividualStockOptionGrantee:stakeholder	29755.92,22096.89 28723.90,22032.98
edge:declared:db.IndividualStockOptionResumeEvent:pause_event	33413.55,29378.17 32623.36,27331.80
edge:declared:db.IndividualStockOptionSalesIntent:individual_stock_option	33721.94,23108.28 30432.05,23181.30
edge:declared:db.IndividualStockOptionVesting:individual_stock_option	31040.68,23551.27 30416.74,23241.19
edge:declared:db.IndividualStockOptionVestingItem:individual_stock_option_vesting	31223.26,23413.52 31138.02,23551.27
edge:declared:db.IndividualStockOptionVestingTraceable:individual_stock_option	30714.72,22847.28 30371.87,23127.19
edge:declared:db.InputSignupChannel:input_channel	26143.07,15099.23 26569.50,15255.88
edge:declared:db.InstitutionStakeholderManager:institution_stakeholder	10027.48,21571.22 10051.18,21200.14
edge:declared:db.InternetRegistryOfficeOtp:company	16934.28,16225.61 16039.94,12660.49
edge:declared:db.InternetRegistryOfficeOtp:director	16857.62,16307.61 16755.73,16355.66
edge:declared:db.InternetRegistryOfficeOtpReturnRequest:internet_registry_office_otp	22265.18,19441.36 17013.28,16307.61
edge:declared:db.InternetRegistryOfficeOtpReturnRequest:recipient_address	22448.09,19441.36 23936.01,18985.98
edge:declared:db.InvestmentAgreement:document	17524.68,15994.86 18257.76,15400.65
edge:declared:db.InvestmentAgreement:stakeholder	17394.44,16068.86 10125.11,19248.63
edge:declared:db.InvestmentAgreementDocument:company	18278.91,15302.65 16159.56,12660.49
edge:declared:db.InvestmentAgreementDocument:pdf_file	18353.90,15400.65 20439.92,18264.26
edge:declared:db.InvestmentAssociation:venture_capital	30794.03,16537.83 37744.83,12538.35
edge:declared:db.InvestmentAssociationDocument:investment_association	35672.10,19300.74 30794.03,16708.28
edge:declared:db.InvestmentAssociationEvent:investment_association	33275.16,17608.02 30794.03,16683.80
edge:declared:db.InvestmentAssociationIndividualPartnerLegalRepresentative:ward	37044.87,17040.15 36716.72,17067.40
edge:declared:db.InvestmentAssociationOrganizationPartnerCeo:organization_partner	38920.80,16812.59 38384.40,16852.38
edge:declared:db.InvestmentAssociationOrganizationPartnerCorporationSignerCeo:corporation	38838.79,14959.18 38743.84,14904.67
edge:declared:db.InvestmentAssociationOrganizationPartnerManager:organization_partner	35097.49,15479.04 38093.18,16816.84
edge:declared:db.InvestmentAssociationOrganizationPartnerSigner:_deprecated_manager	37783.84,15117.52 35212.64,15418.84
edge:declared:db.InvestmentAssociationOrganizationPartnerSigner:organization_partner	37987.46,15139.32 38196.79,16816.84
edge:declared:db.InvestmentAssociationPartner:address	39437.56,18233.40 24244.01,18931.77
edge:declared:db.InvestmentAssociationPartner:investment_association	39437.56,18198.13 30794.03,16653.95
edge:declared:db.InvestmentAssociationPartnerManager:partner	38165.82,17579.62 39437.56,18155.13
edge:declared:db.InvestmentAssociationPartnerResume:partner	41049.36,16740.98 39701.33,18117.18
edge:declared:db.InvestmentAssociationPartnerResume:signer	41010.17,16658.98 38068.94,15139.32
edge:declared:db.InvestmentAssociationPartnerResumeItem:resume	41243.85,16372.51 41108.84,16658.98
edge:declared:db.InvestmentAssociationPartnerSalesIntent:partner	37090.44,21788.27 39517.93,18335.18
edge:declared:db.InvestmentAssociationShare:investment_association	34379.43,17483.18 30794.03,16661.72
edge:declared:db.InvestmentAssociationShare:partner	34619.43,17527.52 39437.56,18204.13
edge:declared:db.InvestmentRound:company	16018.03,10388.32 15988.93,12226.49
edge:declared:db.InvestmentRoundNewIssueEvent:investment_round	16132.17,10178.33 16046.22,10306.32
edge:declared:db.InvestmentRoundNewIssueEvent:new_issue_event	16149.07,10104.33 16062.30,9700.33
edge:declared:db.InvestmentSimulation:company	12312.67,5241.94 15874.83,12226.49
edge:declared:db.InvestmentSimulationInitialOption:option_grantee	11327.16,6638.87 11807.28,6738.73
edge:declared:db.InvestmentSimulationInitialOptionGrantee:simulation	11992.31,6738.73 12281.04,5241.94
edge:declared:db.InvestmentSimulationInitialShareholder:simulation	9947.79,5901.70 12165.72,5234.26
edge:declared:db.InvestmentSimulationInitialStock:shareholder	7907.73,3965.66 9788.89,5901.70
edge:declared:db.InvestmentSimulationInvestor:simulation_round	18095.99,3943.35 14231.21,6298.89
edge:declared:db.InvestmentSimulationNewIssueInvestment:investor	17653.30,5349.72 18148.81,3943.35
edge:declared:db.InvestmentSimulationPurchaseInvestment:investor	21205.73,5595.79 18236.92,3943.35
edge:declared:db.InvestmentSimulationPurchaseSellStock:seller	21628.93,5189.18 21301.95,5595.79
edge:declared:db.InvestmentSimulationRound:simulation	14109.40,6298.89 12364.03,5241.94
edge:declared:db.InvestorInterest:venture_capital	39478.27,13500.33 38112.83,12559.29
edge:declared:db.InvestorMatching:_deprecated_excluded_companies	28238.64,10923.99 16175.50,12419.93
edge:declared:db.InvestorMatching:excluded_investors	28522.64,10929.08 37744.83,12403.07
edge:declared:db.InvestorRelations:previous_investors	30725.81,7649.41 37744.83,12310.30
edge:declared:db.InvestorRelationsSurvey:_deprecated_preferred_investors	35782.12,10511.05 37744.83,12267.79
edge:declared:db.InvestorRelationsSurvey:investor_relations	35675.44,10437.05 30725.81,7634.35
edge:declared:db.InvitationSeat:allocated_seat	8624.96,12780.01 7945.85,13332.39
edge:declared:db.InvitationSeat:invitation_seat_request	8700.99,12706.01 9862.29,11298.97
edge:declared:db.InvitationSeatRequest:company	10020.13,11282.11 15795.50,12406.50
edge:declared:db.IrAiAnalysis:investor_relations	31323.76,7118.25 30725.81,7459.31
edge:declared:db.IrAiAnalysisLike:ai_analysis	31872.29,6683.56 31433.63,7044.25
edge:declared:db.IrAiSummary:investor_relations	32203.41,7254.13 30725.81,7519.49
edge:declared:db.IrAlert:ir_set	35041.29,9442.46 30725.81,7612.45
edge:declared:db.IrAlert:venture_capital	35176.78,9524.46 37744.83,12238.05
edge:declared:db.IrAlertInvestorRelations:investor_relations	33975.55,9159.45 30725.81,7620.10
edge:declared:db.IrAlertInvestorRelations:ir_alert	34171.66,9227.68 35013.98,9450.64
edge:declared:db.IrApproval:investor_relations	30680.16,7052.06 30600.04,7418.15
edge:declared:db.IrApprovalNotificationDismiss:ir_approval	30799.13,6714.00 30701.89,6978.06
edge:declared:db.IrBrokerActivity:investor_relations	30303.32,8227.00 30520.87,7676.15
edge:declared:db.IrBrokerActivity:vc_user_relations	30361.82,8301.00 34196.04,10241.38
edge:declared:db.IrClosing:investor_relations	32978.38,6707.62 30725.81,7493.43
edge:declared:db.IrCommittedInvestmentAmount:investor_relations	34630.99,10023.33 30725.81,7641.09
edge:declared:db.IrCommittedInvestmentAmount:venture_capital	34742.13,10097.33 37744.83,12297.65
edge:declared:db.IrCompanyCreate:company	17475.59,9781.24 16106.96,12226.49
edge:declared:db.IrFeed:investor_relations	30268.87,7447.49 30417.81,7496.49
edge:declared:db.IrFeedAccessLog:ir_feeds	32306.37,8863.99 30211.62,7451.69
edge:declared:db.IrFeedAccessLog:venture_capital	32419.58,8937.99 37744.83,12315.77
edge:declared:db.IrFeedRating:ir_feed	29872.53,7481.69 30020.87,7440.84
edge:declared:db.IrFundRaising:investor_relations	36073.40,7542.96 30725.81,7547.03
edge:declared:db.IrFundRaising:venture_capital	36213.33,7587.87 37856.24,12227.48
edge:declared:db.IrFundRaisingMemo:fund_raising	35359.95,7781.35 36073.40,7578.18
edge:declared:db.IrFundRaisingStageLog:fund_raising	35548.91,5247.65 36184.69,7497.87
edge:declared:db.IrInsightClub:pitching_day_hall	35898.90,8787.39 35574.86,8722.25
edge:declared:db.IrInsightClub:venture_capitals	36044.49,8853.32 37820.90,12227.48
edge:declared:db.IrInsightClubParticipation:investor_relations	35074.19,8026.71 30725.81,7563.55
edge:declared:db.IrInsightClubParticipation:ir_insight_club	35251.45,8085.50 35979.38,8771.32
edge:declared:db.IrInsightClubParticipationAttendee:ir_insight_club_participation	34804.54,7719.41 35147.75,7995.50
edge:declared:db.IrInsightClubSurvey:ir_insight_club_participation	35631.07,8101.08 35333.19,8058.86
edge:declared:db.IrInvestorFeedback:venture_capital	38067.02,12715.57 38028.90,12637.48
edge:declared:db.IrNote:investor_relations	32590.02,7388.02 30725.81,7535.01
edge:declared:db.IrSearchMetadata:investor_relations	32303.67,8042.58 30725.81,7591.20
edge:declared:db.IrSubscription:company	13753.91,7736.70 15882.62,12226.49
edge:declared:db.IrSubscriptionMarketingRequest:ir_subscription	14207.26,7914.10 13817.63,7736.70
edge:declared:db.IrTeamMember:investor_relations	32590.02,7497.94 30725.81,7543.39
edge:declared:db.IrTranscript:investor_relations	32178.69,7607.00 30725.81,7552.89
edge:declared:db.IrosOtpIssueMeetingDocument:stakeholder	9820.51,22731.56 9952.73,19478.24
edge:declared:db.LawtalkSignup:company	17781.91,15129.76 16130.62,12660.49
edge:declared:db.LawtalkSignupAttachment:lawtalk_signup	19203.33,17091.34 17833.50,15203.76
edge:declared:db.LedgerByCustomerDocument:new_issue	16348.24,23242.57 16129.67,22451.38
edge:declared:db.LegalPartner:address_for_express_delivery	22618.39,14678.90 23579.58,14275.27
edge:declared:db.LegalPartner:logo	22401.97,14868.57 20706.36,18264.26
edge:declared:db.LegalPartnerEmail:legal_partner	22916.31,14259.25 22581.03,14618.57
edge:declared:db.LegalPartnerPaypleSettings:legal_partner	23385.86,15616.78 22596.30,14868.57
edge:declared:db.LegalPartnerRegistrationAssistanceSettings:legal_partner	22734.14,16118.00 22488.92,14868.57
edge:declared:db.LegalPartnerSignupChannel:legal_partner	23908.35,14345.99 22618.39,14701.17
edge:declared:db.LegalPartnerSlackChannels:legal_partner	22942.51,14923.46 22618.39,14801.51
edge:declared:db.LegalPartnerUserRelation:legal_partner	23192.77,15919.36 22541.83,14868.57
edge:declared:db.ManualOptionVestingItem:manual_option_vesting	14389.58,18699.45 14465.78,18621.92
edge:declared:db.Meeting:company	17205.38,17455.49 16038.32,12660.49
edge:declared:db.Meeting:electronic_signature_selected_ceo	17171.53,17455.49 16658.62,16492.79
edge:declared:db.Meeting:employee_attorney	17381.86,17477.77 17566.30,17359.74
edge:declared:db.Meeting:meeting_draft	17203.20,17689.49 16491.56,20405.55
edge:declared:db.Meeting:new_articles_of_incorporation_file	17381.86,17612.47 20408.00,18429.93
edge:declared:db.Meeting:new_corporate_registration	17331.79,17455.49 18851.54,15639.76
edge:declared:db.MeetingAttachment:meeting	18416.22,17743.46 17381.86,17593.89
edge:declared:db.MeetingDirectorContact:meeting	14561.60,17956.84 17085.86,17593.78
edge:declared:db.MeetingDirectorContact:stakeholder	14325.60,18009.26 10125.11,19271.36
edge:declared:db.MeetingDocument:directors_meeting	14811.78,25904.84 15430.42,20235.87
edge:declared:db.MeetingDocument:meeting	14846.72,25904.84 17200.34,17689.49
edge:declared:db.MeetingDocument:shareholders_meeting	14846.63,25904.84 15733.51,22804.23
edge:declared:db.MeetingDocumentCache:meeting_document	19779.53,26853.28 14968.28,26128.65
edge:declared:db.MeetingDocumentGeneration:meeting	19275.24,20935.66 17304.88,17689.49
edge:declared:db.MeetingDocumentGenerationItem:meeting_document	22506.13,27096.02 14968.28,26124.78
edge:declared:db.MeetingDocumentGenerationItem:meeting_document_generation	22620.49,27076.35 19317.84,21009.66
edge:declared:db.MeetingDocumentManualModification:meeting_document	17590.48,26266.90 14968.28,26112.33
edge:declared:db.MeetingDraft:company	16445.20,20405.55 15998.03,12660.49
edge:declared:db.MeetingDraftAgendaDirectorChange:meeting_draft	13318.52,20367.61 16293.57,20541.21
edge:declared:db.MeetingDraftAgendaDirectorChange:stakeholder	13054.56,20321.89 10125.11,19374.90
edge:declared:db.MeetingDraftAgendaDirectorCompensation:meeting_draft	14112.92,19661.38 16293.57,20489.77
edge:declared:db.MeetingDraftAgendaDirectorCompensationItem:director_compensation	12850.22,19760.87 13844.02,19644.47
edge:declared:db.MeetingDraftAgendaDirectorCompensationItem:stakeholder	12470.22,19750.63 10125.11,19349.63
edge:declared:db.MeetingDraftRegistrationAssistance:meeting_draft	16275.59,20178.65 16384.18,20405.55
edge:declared:db.MeetingDraftSchedule:meeting_draft	15773.97,20414.03 16293.57,20518.41
edge:declared:db.MembershipContentAccessLog:membership_content	-2059.33,4499.94 -1470.83,4958.39
edge:declared:db.MembershipContentAuthorRelation:author	27821.14,25517.24 27642.47,25334.81
edge:declared:db.MiraeassetAccount:relation	7129.68,11929.28 7311.73,11940.75
edge:declared:db.MnaBuyer:company	13118.69,7850.99 15850.04,12226.49
edge:declared:db.MnaBuyerAttachment:mna_buyer	12400.79,8335.75 13046.32,7850.99
edge:declared:db.ModusignApiLog:modusign_account	22318.85,20064.74 22234.22,20301.14
edge:declared:db.ModusignAuthentication:modusign_account	22217.41,20198.79 22216.92,20301.14
edge:declared:db.ModusignCompanyUserConnection:company	25444.60,9456.33 16175.50,12383.49
edge:declared:db.ModusignDocument:_option_grant_contract	23577.70,20562.33 20931.40,19045.08
edge:declared:db.ModusignDocument:audit_trail_file	23596.81,20559.31 20788.00,18612.92
edge:declared:db.ModusignDocumentActionHistory:modusign_document	24172.36,20531.66 23849.70,20608.09
edge:declared:db.ModusignDocumentActionHistory:modusign_document_participant	24282.26,20462.80 24118.34,20216.28
edge:declared:db.ModusignDocumentModusignAccountRelation:modusign_account	22554.07,20316.38 22340.68,20337.73
edge:declared:db.ModusignDocumentModusignAccountRelation:modusign_document	22836.20,20335.82 23577.70,20593.12
edge:declared:db.ModusignDocumentModusignApiKeyRelation:modusign_api_key	23089.77,20854.04 22914.95,21024.15
edge:declared:db.ModusignDocumentModusignApiKeyRelation:modusign_document	23250.46,20780.04 23577.70,20681.33
edge:declared:db.ModusignDocumentParticipant:modusign_document	24063.24,20216.28 23780.47,20559.31
edge:declared:db.ModusignEmbeddedDraft:modusign_account	22873.49,21788.19 22239.06,20399.14
edge:declared:db.ModusignEmbeddedDraft:modusign_api_key	22896.29,21788.19 22877.92,21098.15
edge:declared:db.ModusignEmbeddedDraft:modusign_document	22933.71,21788.19 23658.66,20721.31
edge:declared:db.ModusignExceededSignings:company	19845.39,9989.89 16175.50,12322.71
edge:declared:db.ModusignIaUserConnection:investment_association	31161.99,15836.84 30727.95,16493.44
edge:declared:db.NaverWorkplaceEmployee:naver_workplace_company	27007.50,14937.91 27167.34,15011.27
edge:declared:db.NcpSignupChannel:naver_workplace_company	26905.84,15025.21 27129.95,15040.32
edge:declared:db.NewIssueNoticeEmail:new_issue	13187.38,20822.91 15970.19,22294.46
edge:declared:db.NewIssueNoticeEmailRecipient:bulk_email_recipient	13611.13,20438.37 17148.52,19164.58
edge:declared:db.NewIssueNoticeEmailRecipient:email	13444.77,20520.37 13162.35,20740.91
edge:declared:db.NewIssueNoticeEmailRecipient:shareholder	13446.24,20520.37 10767.66,22672.54
edge:declared:db.NewIssueSkipNoticeDocument:new_issue_agenda	15392.03,23142.34 16027.96,22451.38
edge:declared:db.NewIssueSkipNoticeDocument:shareholder	15191.30,23167.77 10816.76,22749.96
edge:declared:db.NewIssueStockAcceptanceDocument:new_issue_item	18023.52,26027.26 19511.66,25426.85
edge:declared:db.NewIssueStockAllocationDocument:bonus_issue_agenda	18099.04,23977.95 17765.53,20312.38
edge:declared:db.NewIssueStockAllocationDocument:new_issue_agenda	18053.24,23977.95 16208.88,22451.38
edge:declared:db.NewIssueStockAllocationRecordDateNoticeDocument:bonus_issue_agenda	20384.69,23873.60 17811.63,20312.38
edge:declared:db.NewIssueStockSubscriptionDocument:new_issue_item	17675.55,25181.03 19511.66,25361.61
edge:declared:db.NewIssueStockUnissuedConfirmationDocument:new_issue_item	18509.35,25449.48 19511.66,25383.02
edge:declared:db.NonUnifiedShareCreateRequest:stock_unissued_confirmation_file	31264.79,28148.24 31490.20,29181.32
edge:declared:db.NonUnifiedShareEtcFile:create_request	30976.59,27352.92 31238.27,28058.24
edge:declared:db.NonUnifiedShareEtcFile:management_history	30917.73,27278.92 30384.76,26841.96
edge:declared:db.NonUnifiedShareManagement:non_unified_share_company	31659.69,26096.28 32110.72,25704.80
edge:declared:db.NonUnifiedShareManagementHistory:create_request	30357.82,26841.96 31222.96,28058.24
edge:declared:db.NonUnifiedShareManagementHistory:management	30425.50,26735.96 31518.38,26186.28
edge:declared:db.NonUnifiedShareManagementHistory:renew_request	30164.62,26767.61 29577.22,26686.94
edge:declared:db.NonUnifiedShareManagementHistory:stock_unissued_confirmation_file	30345.78,26841.96 31478.24,29181.32
edge:declared:db.NonUnifiedShareManagementSalesIntent:non_unified_share_management	33515.28,24502.10 31660.21,26096.28
edge:declared:db.NonUnifiedShareSucPoaDocument:modusign_document	25290.43,21122.16 25092.24,21065.88
edge:declared:db.NonUnifiedShareSucPoaDocument:request	25464.55,21204.16 29393.08,26621.14
edge:declared:db.NonUnifiedShareSucPoaDocument:user_address	25410.03,21122.16 24165.58,19063.85
edge:declared:db.NonUnifiedShareSucRenewRequest:management	29577.22,26629.70 31481.85,26171.59
edge:declared:db.NonUnifiedShareSucRenewRequest:renew_stock_unissued_confirmation_file	29462.18,26711.14 31463.56,29181.32
edge:declared:db.NotarizationPoA:meeting	15560.40,22764.41 15623.25,22754.90
edge:declared:db.NotarizationPoaDirectorSigner:director	15058.01,22898.39 13757.30,22701.33
edge:declared:db.NotarizationPoaDirectorSigner:notarization_poa	15259.06,22881.77 15362.66,22824.17
edge:declared:db.NotarizationPoaShareholderSigner:notarization_poa	15787.15,22876.92 15560.40,22816.31
edge:declared:db.NotarizationPoaShareholderSigner:shareholder	16071.08,22946.20 16889.31,23127.71
edge:declared:db.Notification:company	14981.23,9552.95 15910.11,12226.49
edge:declared:db.NotificationInbox:notification	14939.43,9359.96 14961.51,9478.95
edge:declared:db.Option:company	16779.11,17321.25 16020.81,12660.49
edge:declared:db.Option:grantee	16716.88,17411.25 14070.50,19123.60
edge:declared:db.Option:sealed_contract_file	16910.43,17402.52 20408.00,18425.68
edge:declared:db.Option:source_meeting	16884.06,17411.25 17085.86,17504.27
edge:declared:db.OptionAdjustment:event	15452.52,16110.61 15574.39,16769.13
edge:declared:db.OptionContractTemplatePermission:company	18319.09,12990.86 16175.50,12488.06
edge:declared:db.OptionExerciseClaim:company	11400.29,17703.50 15796.34,12660.49
edge:declared:db.OptionExerciseClaim:financial_account	11352.49,17703.50 11473.41,16816.10
edge:declared:db.OptionExerciseClaimAttachment:attachment_setting_item	12736.16,17541.47 12813.76,17471.31
edge:declared:db.OptionExerciseClaimAttachment:option_exercise_claim	12550.32,17601.87 11473.63,17750.55
edge:declared:db.OptionExerciseClaimCandidate:option_exercise_claim	12177.92,17646.41 11473.63,17749.48
edge:declared:db.OptionExerciseClaimCandidate:option_exercise_management	12348.11,17581.36 13436.02,16106.30
edge:declared:db.OptionExerciseClaimCandidate:option_grantee	12363.20,17671.36 13921.26,19123.60
edge:declared:db.OptionExerciseClaimCandidate:stock_subscription_file	12451.92,17640.50 20408.00,18461.65
edge:declared:db.OptionExerciseClaimDocumentSetting:management	13254.23,16663.92 13459.98,16106.30
edge:declared:db.OptionExerciseClaimEventRelation:_deprecated_payment	11635.15,18117.79 11705.10,18106.24
edge:declared:db.OptionExerciseClaimEventRelation:claim	11464.78,18102.45 11367.21,17833.50
edge:declared:db.OptionExerciseClaimEventRelation:event	11435.95,18184.45 11252.35,18356.70
edge:declared:db.OptionExerciseClaimMeetingDocument:exercise_claim	13029.29,21610.94 12953.27,21622.93
edge:declared:db.OptionExerciseClaimMeetingDocument:grantee	13274.62,21544.25 13428.37,21467.68
edge:declared:db.OptionExerciseClaimOption:option_exercise_claim	11672.53,17809.75 11473.63,17784.80
edge:declared:db.OptionExerciseClaimOptionTaxation:_deprecated_claim	11830.25,17930.43 11473.63,17811.76
edge:declared:db.OptionExerciseClaimOptionTaxation:claim_option	11902.81,17930.43 11831.16,17861.80
edge:declared:db.OptionExerciseClaimPayment:option_exercise_claim	11772.06,18048.86 11442.96,17833.50
edge:declared:db.OptionExerciseManagement:company	13529.15,15976.30 15834.62,12660.49
edge:declared:db.OptionExerciseManagement:excluded_institution_set	13353.96,16057.82 11550.36,16286.96
edge:declared:db.OptionExerciseManagementAttachmentSetting:management	12345.30,17185.48 13419.27,16106.30
edge:declared:db.OptionExerciseManagementAttachmentSettingItem:setting	12759.28,17397.31 12403.88,17259.48
edge:declared:db.OptionExerciseManagementCommonSetting:management	13804.20,16306.42 13562.47,16106.30
edge:declared:db.OptionExerciseManagementEmail:option_exercise_management	13787.43,16442.30 13533.15,16106.30
edge:declared:db.OptionExerciseManagementPaymentBankSetting:company	13106.36,12354.65 15795.50,12437.63
edge:declared:db.OptionExerciseManagementReminderSetting:management	13800.41,16065.90 13613.96,16051.41
edge:declared:db.OptionExerciseManagementTaxation:management	13035.95,16185.52 13353.96,16083.15
edge:declared:db.OptionExerciseManagementTaxationDefaultSetting:company	17829.55,9026.18 16102.60,12226.49
edge:declared:db.OptionGrantContract:_deprecated_template	20803.59,18931.08 19429.81,16173.26
edge:declared:db.OptionGrantContract:_grantee	20701.98,18992.40 14816.77,19188.02
edge:declared:db.OptionGrantContract:contract_file	20805.67,18931.08 20698.18,18698.26
edge:declared:db.OptionGrantContract:template_revision	20819.57,18931.08 20284.37,16473.83
edge:declared:db.OptionGrantContractModusignDocument:option_grant_contract	21573.77,19412.68 20931.56,19045.08
edge:declared:db.OptionGrantContractModusignEmbeddedDraft:option_grant_contract	22248.65,21019.17 20871.74,19045.08
edge:declared:db.OptionGrantContractStakeholder:company	19104.11,15187.60 16175.50,12610.67
edge:declared:db.OptionGrantContractTemplate:_deprecated_stakeholder	19389.01,16067.26 19178.74,15293.60
edge:declared:db.OptionGrantContractTemplate:company	19354.14,16067.26 16175.50,12647.88
edge:declared:db.OptionGrantContractTemplateDraft:company	17435.78,13760.38 16175.50,12616.01
edge:declared:db.OptionGrantContractTemplateDraft:stakeholder_set	17519.80,13834.38 19102.36,15187.60
edge:declared:db.OptionGrantContractTemplateRevision:stakeholder_set	20232.52,16383.83 19213.86,15293.60
edge:declared:db.OptionGrantContractTemplateRevision:template	20147.53,16383.83 19536.41,16167.37
edge:declared:db.OptionGrantEvent:_deprecated_grantee	14911.97,18554.01 14066.97,19123.60
edge:declared:db.OptionGrantEvent:share_class	15067.21,18456.01 15359.21,18282.68
edge:declared:db.OptionManagement:agenda_option_grant	14799.89,19395.35 15474.34,19655.95
edge:declared:db.OptionManagementStakeholderSeat:option_management	14229.28,19330.92 14586.13,19351.53
edge:declared:db.OptionManagementStakeholderSeat:stakeholder_seat	13945.28,19323.67 8649.74,19359.19
edge:declared:db.OptionResumeEvent:pause_event	34598.26,4356.76 34463.98,4458.12
edge:declared:db.OptionTag:category	14410.08,14011.36 14210.35,14254.68
edge:declared:db.OptionTag:company	14477.79,13937.36 15795.50,12631.75
edge:declared:db.OptionTagCategory:company	14216.13,14254.68 15795.50,12637.98
edge:declared:db.OptionTaxCalculatorSetting:company	21617.59,9975.59 16175.50,12360.23
edge:declared:db.OptionValueChange:company	16019.27,10958.05 15990.43,12226.49
edge:declared:db.OptionValueChange:investment_round	16020.02,10884.05 16018.78,10388.32
edge:declared:db.OptionVesting:_deprecated_grant_event	14665.54,18431.75 14860.66,18476.54
edge:declared:db.Order:seal_card	1553.93,8267.61 -481.83,8353.86
edge:declared:db.OrderPromotionRelation:order	2938.95,9559.41 1725.57,8311.36
edge:declared:db.OrderPromotionRelation:promotion	3009.70,9559.41 3562.71,8971.05
edge:declared:db.OrderStaffInChargeRelation:order	1464.78,6746.38 1671.04,8213.36
edge:declared:db.OrderStaffInChargeRelation:staff_in_charge	1332.58,6716.21 347.88,6769.19
edge:declared:db.OrderStatusHistory:order	447.51,9932.80 1641.84,8311.36
edge:declared:db.OrganizationChart:company	11572.78,13572.99 15795.50,12492.12
edge:declared:db.OtherDocumentArchive:company	19891.52,16642.38 16175.50,12647.74
edge:declared:db.OtherDocumentArchiveAttachment:other_document_archive	20209.95,17158.33 19947.88,16716.38
edge:declared:db.OwnerRole:company	9735.94,11108.82 15795.50,12402.91
edge:declared:db.OwnerRolePermissionRelation:owner_permission	8792.49,10653.31 8469.69,10562.62
edge:declared:db.OwnerRolePermissionRelation:owner_role	8984.62,10725.99 9525.68,11033.34
edge:declared:db.Payment:_company	21064.43,13434.33 16175.50,12480.56
edge:declared:db.Payment:app_card	21276.39,13516.69 21339.17,13560.35
edge:declared:db.Payment:charge	21064.43,13497.25 20634.53,13621.45
edge:declared:db.Payment:credit_card	21324.43,13456.00 24288.74,13371.78
edge:declared:db.Payment:purchase	21324.43,13484.31 22803.76,13764.46
edge:declared:db.PaymentLink:payment_store	25089.65,13354.98 24305.21,13886.49
edge:declared:db.PaymentLink:question_threads	25032.06,13290.11 21075.12,12655.89
edge:declared:db.PaymentRefund:payment	21472.97,13367.96 21324.43,13416.88
edge:declared:db.PaymentRefund:payment_status_history	21530.93,13293.96 21468.67,13251.61
edge:declared:db.PaymentStatusHistory:payment	21381.09,13251.61 21245.56,13402.69
edge:declared:db.PaymentStore:legal_partner	24140.47,13976.49 22618.39,14673.09
edge:declared:db.Payroll:company	4869.35,4917.25 15795.50,12314.85
edge:declared:db.Payroll:setting	4783.53,4917.25 5267.62,11822.73
edge:declared:db.PayrollAnnualSalaryInfo:employee	8179.27,14806.74 8348.94,14929.27
edge:declared:db.PayrollAnnualSalaryItem:item_setting_relation	6690.94,12623.15 6370.25,12096.14
edge:declared:db.PayrollAnnualSalaryItem:payroll_annual_salary_info	6738.26,12697.15 8103.23,14732.74
edge:declared:db.PayrollDocumentSealStampSetting:_deprecated_ceo	16167.92,14806.31 16599.29,16346.79
edge:declared:db.PayrollDocumentSealStampSetting:company	16153.42,14724.31 16001.48,12660.49
edge:declared:db.PayrollDocumentSealStampSetting:seal_stamp	16171.13,14806.31 16448.76,15580.97
edge:declared:db.PayrollEmployeeMonthlyWage:hrm_emp	4111.75,18522.07 4425.73,18248.02
edge:declared:db.PayrollLedger:company	11340.62,15041.13 15795.50,12549.75
edge:declared:db.PayrollLedgerAttachment:payroll_ldeger	10752.50,14750.36 11169.79,15041.13
edge:declared:db.PayrollLedgerFile:payroll_ledger	11163.90,14743.46 11233.46,15041.13
edge:declared:db.PayrollLedgerFileModificationRequest:payroll_ledger_file	11581.23,14564.54 11266.31,14669.46
edge:declared:db.PayrollLedgerItemSettingRelation:ledger_item	6227.16,12096.14 5280.99,12464.09
edge:declared:db.PayrollLedgerItemSettingRelation:setting	6187.37,12023.96 5394.49,11885.40
edge:declared:db.PayrollManagementRelation:payroll	7512.50,7134.98 4852.42,4917.25
edge:declared:db.PayrollSetting:ledger_item_set	5265.05,11904.73 5190.76,12464.09
edge:declared:db.PayrollSettlement:company_question_thread_set	9472.10,8488.94 18834.96,14195.31
edge:declared:db.PayrollSettlement:payroll	9352.03,8406.94 4857.81,4917.25
edge:declared:db.PayrollSettlementAutoCreation:payroll	6451.17,6698.48 4834.61,4917.25
edge:declared:db.PayrollSettlementAutoCreation:payroll_question_help_template	6483.87,6772.48 6430.68,9002.70
edge:declared:db.PayrollSettlementProgressLog:payroll_settlement	10431.40,9692.73 9438.64,8488.94
edge:declared:db.PayrollSocialInsuranceSetting:hrm	-400.06,16868.25 -372.10,16244.31
edge:declared:db.PayrollStaffUserRelation:payroll	4404.80,5049.74 4661.20,4917.25
edge:declared:db.PayrollStatement:_deprecated_employee	8716.24,15713.69 8522.40,15131.27
edge:declared:db.PayrollStatement:hrm_emp	8627.87,15835.69 4769.73,18001.34
edge:declared:db.PayrollStatement:payroll_ledger	8866.54,15739.43 11121.85,15127.76
edge:declared:db.PayrollStatementAttendance:payroll_statement	8663.35,16111.85 8723.30,15835.69
edge:declared:db.PayrollStatementDocument:payroll_statement	10144.56,15477.58 8866.54,15747.26
edge:declared:db.PayrollStatementEmail:payroll_ledger	10784.75,17174.48 11234.10,15147.13
edge:declared:db.PayrollStatementEmailRecipient:email	10247.66,18676.29 10758.50,17264.48
edge:declared:db.PayrollStatementEmailRecipient:payroll_statement	10211.97,18676.29 8767.56,15835.69
edge:declared:db.PayrollStatementItem:ledger_item_setting_relation	7240.53,12446.81 6444.96,12096.14
edge:declared:db.PayrollStatementItem:payroll_statement	7340.35,12520.81 8710.37,15713.69
edge:declared:db.PayrollStatementPayrollInformation:payroll_statement	8627.33,15984.26 8704.75,15835.69
edge:declared:db.PayrollStatementScheduledEmail:payroll_statement_email	10042.38,17184.84 10650.78,17213.62
edge:declared:db.PayrollStatementScheduledEmailPeriodicTaskRelation:payroll_statement_scheduled_email	9874.44,17316.21 9895.98,17215.29
edge:declared:db.PeriodicOptionVestingItem:periodic_option_vesting	14163.10,18445.38 14111.80,18520.73
edge:declared:db.PhantomStock:company	9118.61,17136.77 15795.50,12573.35
edge:declared:db.PhantomStock:grantee	9056.29,17234.77 9226.62,18125.56
edge:declared:db.PhantomStockGrantContract:phantom_stock	8634.88,17335.43 8922.92,17230.81
edge:declared:db.PhantomStockResumeEvent:pause_event	15386.93,16418.02 15436.15,16235.89
edge:declared:db.PhantomStockVesting:phantom_stock	8618.03,17610.90 8997.49,17234.77
edge:declared:db.PhantomStockVestingItem:phantom_stock_vesting	8478.42,17927.48 8567.16,17684.90
edge:declared:db.PhantomStockVestingTraceable:phantom_stock	8804.71,17784.38 9027.09,17234.77
edge:declared:db.PhantomStockVestingTraceable:source_vesting_item	8707.66,17858.38 8554.37,17927.48
edge:declared:db.PhoneVerification:phone	5586.65,13983.79 3452.96,12550.44
edge:declared:db.PingpongDelivery:dropoff_address	20576.40,12381.40 23611.04,14185.27
edge:declared:db.PitchingDayHall:assigned_irs	35326.86,8668.09 30725.81,7583.45
edge:declared:db.PitchingDayHallAccessLog:pitching_day_hall	35634.22,8921.36 35487.69,8742.32
edge:declared:db.PitchingDayHallAccessLog:venture_capital	35688.62,8995.36 37795.22,12227.48
edge:declared:db.PitchingDayHallAssignedIrs:investor_relations	33157.86,7974.12 30725.81,7572.58
edge:declared:db.PitchingDayHallAssignedIrs:pitching_day_hall	33398.99,8032.09 35326.86,8657.12
edge:declared:db.PortalMenuVisibilitySetting:company	16717.76,10195.20 16056.18,12226.49
edge:declared:db.PortalSetting:company	19108.97,10498.31 16175.50,12325.17
edge:declared:db.PortfolioCompany:company	30588.69,14257.25 16175.50,12467.09
edge:declared:db.PortfolioCompany:venture_capital	30848.69,14240.21 37744.83,12479.46
edge:declared:db.PortfolioCompanyFund:fund	32202.95,14397.46 35051.42,13415.85
edge:declared:db.PortfolioCompanyFund:portfolio_company	31977.58,14420.66 30848.69,14288.61
edge:declared:db.PortfolioCompanyManager:portfolio_company	30545.76,16872.44 30714.37,14338.40
edge:declared:db.PortfolioCompanyUserRelation:portfolio_company	30891.88,14396.08 30810.45,14338.40
edge:declared:db.PrivacyPolicyLog:privacy_policy	138.52,29996.87 152.12,29903.21
edge:declared:db.PromotionAddress:promotion	3503.37,7202.10 3595.48,8897.05
edge:declared:db.PromotionCodeUsageHistory:promotion_code	26332.18,12595.50 26187.58,12388.14
edge:declared:db.PromotionCodeUsageHistory:service_fee_item	26292.57,12669.50 26035.29,12815.03
edge:declared:db.Purchase:_corporate_registration_paid_issue	22803.76,13794.66 20459.87,13828.99
edge:declared:db.Purchase:_credit	22803.76,13793.95 21134.81,13810.37
edge:declared:db.Purchase:_deprecated_payment_store	23099.76,13808.47 24114.80,13918.10
edge:declared:db.Purchase:_incorporation_request	22895.51,13897.49 21863.42,15824.23
edge:declared:db.Purchase:_invitation_seat_request	22803.76,13763.76 10020.13,11282.04
edge:declared:db.Purchase:_meeting	22803.76,13890.33 17381.86,17474.65
edge:declared:db.Purchase:_payment_store_legal_partner	22897.95,13897.49 22528.44,14618.57
edge:declared:db.Purchase:_subscription_payment_request	22913.46,13687.49 22343.39,12124.49
edge:declared:db.Purchase:basket	23099.74,13687.49 23254.22,13577.88
edge:declared:db.Purchase:company	22803.76,13763.83 16175.50,12480.28
edge:declared:db.Purchase:investment_association	23099.76,13847.04 30486.03,16569.67
edge:declared:db.Purchase:service_fee	23099.76,13748.63 23799.36,13541.30
edge:declared:db.Purchase:venture_capital	23099.76,13779.05 37744.83,12449.19
edge:declared:db.PurchaseItem:payment_store	24122.87,13818.45 24192.65,13886.49
edge:declared:db.PurchaseItem:purchase	23966.93,13782.60 23099.76,13791.05
edge:declared:db.PurchaseStatusHistory:purchase	22166.42,13727.44 22803.76,13780.23
edge:declared:db.Purpose:articles_of_incorporation	17240.13,14931.80 17129.60,15295.67
edge:declared:db.Purpose:industrial_code	17252.03,14857.80 17253.72,14762.15
edge:declared:db.QrReplyPasswordReset:request	25050.71,16361.19 25006.15,16636.31
edge:declared:db.QrReplyPasswordResetRequest:reply	24959.05,16710.31 24765.20,16884.79
edge:declared:db.QuarterlyReportRequest:quarterly_report	29278.39,16734.22 29665.72,16024.24
edge:declared:db.QuarterlyReportRequestAttachment:quarterly_report_request	27216.03,16829.10 29083.84,16783.38
edge:declared:db.QuarterlyReportRequestRecipient:email_activity_recipient	30631.47,17267.68 25546.97,23071.77
edge:declared:db.QuarterlyReportRequestRecipient:portfolio_company	30671.62,17177.68 30717.64,14338.40
edge:declared:db.QuarterlyReportRequestRecipient:portfolio_company_manager	30652.56,17177.68 30558.37,16946.44
edge:declared:db.QuarterlyReportRequestRecipient:quarterly_report_request	30527.10,17177.68 29397.63,16824.22
edge:declared:db.QuarterlyReportRequestReportItem:quarterly_report_item	28082.65,16704.74 28305.27,16540.36
edge:declared:db.QuarterlyReportRequestReportItem:quarterly_report_request	28182.04,16746.33 29083.84,16774.00
edge:declared:db.QuarterlyReportSettings:quarterly_report	29369.58,15954.84 29550.32,15961.69
edge:declared:db.QuarterlyReportSignupChannel:portfolio_company	28416.76,14885.15 30588.69,14307.95
edge:declared:db.QuarterlyReportSignupChannel:quarterly_report	28335.32,14962.56 29619.58,15910.24
edge:declared:db.QuestionMessageAttachment:message	21700.60,16109.02 24196.29,11483.57
edge:declared:db.QuestionMessageScheduled:question_thread_message	24547.89,10913.99 24281.58,11337.57
edge:declared:db.QuestionThread:_company	20815.12,12630.03 16175.50,12450.83
edge:declared:db.QuestionThreadAssignment:question_thread	19820.01,12736.58 20815.12,12646.78
edge:declared:db.QuestionThreadMessage:question_thread	24099.68,11461.18 21075.12,12586.67
edge:declared:db.QuestionThreadMessageAccessLog:message	24323.23,11589.27 24271.45,11483.57
edge:declared:db.QuestionThreadMessageCategory:question_thread_message	25388.09,11508.61 24371.68,11422.14
edge:declared:db.QuestionThreadMessagePeriodicTaskRelation:question_message_scheduled	24404.24,10758.73 24518.93,10839.99
edge:declared:db.QuestionThreadMessageProfile:message	24794.46,11212.26 24371.68,11362.30
edge:declared:db.QuestionThreadMessageReminder:message	25388.09,11612.79 24371.68,11434.43
edge:declared:db.QuestionThreadMessageReview:message	24937.41,11715.73 24371.68,11469.71
edge:declared:db.QuestionThreadMessageReviewRequest:message	25383.43,11715.73 24371.68,11446.73
edge:declared:db.QuestionThreadTag:question_thread_set	21001.74,12877.65 20961.22,12704.05
edge:declared:db.RebootProductContactRequest:company	13142.34,11971.45 15795.50,12411.94
edge:declared:db.RegisteredMail:order_status_history	1.77,10029.83 293.31,9990.52
edge:declared:db.RegisteredMail:seal_card_return_status_history	-125.23,10008.74 -171.28,9819.52
edge:declared:db.Registration:meeting	14707.07,19445.03 17085.86,17682.17
edge:declared:db.RegistrationAgenda:agenda_ceo_address_change	12501.43,21886.15 12695.10,22047.02
edge:declared:db.RegistrationAgenda:agenda_director_change	12444.36,21886.15 12383.71,22830.53
edge:declared:db.RegistrationAgenda:agenda_option_exercise	12571.25,21849.05 12690.41,21856.65
edge:declared:db.RegistrationAgenda:registration	12489.37,21796.15 14613.37,19527.03
edge:declared:db.RegistrationAssistance:legal_partner	21326.95,16997.91 22401.32,14868.57
edge:declared:db.RegistrationAssistance:meeting	21182.26,17055.16 17381.86,17553.10
edge:declared:db.RegistrationAssistanceReceipt:registration_assistance	21532.51,16987.99 21430.26,17011.00
edge:declared:db.RegistrationCaseReport:company	13193.19,8282.09 15839.89,12226.49
edge:declared:db.RegistrationCaseReport:jurisdiction	13168.96,8282.09 13194.52,9856.68
edge:declared:db.RegistrationCaseReportUpdateLog:company	18265.86,9180.40 16137.15,12226.49
edge:declared:db.RegistrationDirector:registration	14717.19,19644.96 14668.63,19527.03
edge:declared:db.RegistrationFormCaptable:agenda	18691.94,23809.55 17388.08,21506.64
edge:declared:db.RegistrationFormCaptableDocument:captable	16622.88,25059.50 18644.19,23891.55
edge:declared:db.RegistrationFormCaptableNotarizationRequestor:registration_form_captable	18384.73,23387.45 18685.90,23809.55
edge:declared:db.RegistrationFormCaptableNotarizationRequestor:shareholder	18160.83,23322.53 17264.31,23195.81
edge:declared:db.RegistrationFormHeadOfficeInsideRelocationDocument:head_office_relocation_agenda	19234.15,23986.52 18454.06,21630.00
edge:declared:db.RegistrationFormHeadOfficeOutsideRelocationDocument:head_office_relocation_agenda	19705.38,23950.29 18464.86,21630.00
edge:declared:db.RegistrationHelp:company_question_thread	17872.97,16023.73 18920.55,14370.85
edge:declared:db.RegistrationHelp:meeting	17834.45,16097.73 17281.51,17455.49
edge:declared:db.ResignationLetterDocument:director_change_agenda	13065.93,24242.34 12407.05,22936.53
edge:declared:db.RightToConsentOrConsult:company	14106.03,16595.52 15887.27,12660.49
edge:inheritance:db.RsuAdjustEvent->db.Event	14603.39,16615.56 15446.56,16838.92
edge:declared:db.RsuExerciseClaim:company	13421.72,15372.37 15795.55,12660.49
edge:declared:db.RsuExerciseClaim:financial_account	13300.47,15478.37 11549.30,16718.10
edge:declared:db.RsuExerciseClaimAttachment:attachment_setting_item	12840.37,15551.16 12694.59,15670.25
edge:declared:db.RsuExerciseClaimAttachment:rsu_exercise_claim	13009.17,15491.77 13251.33,15447.85
edge:declared:db.RsuExerciseClaimCandidate:hrm_emp	11667.84,16500.33 4769.73,18059.02
edge:declared:db.RsuExerciseClaimCandidate:rsu_exercise_claim	11867.89,16422.86 13295.23,15478.37
edge:declared:db.RsuExerciseClaimCandidate:rsu_exercise_management	11810.12,16422.86 11927.86,16068.37
edge:declared:db.RsuExerciseClaimCandidate:rsu_grantee	11842.63,16520.86 12134.71,16814.23
edge:declared:db.RsuExerciseClaimCandidateEmailRecipient:candidate	12307.23,16607.19 11919.84,16505.07
edge:declared:db.RsuExerciseClaimEventRelation:claim	13772.06,15523.44 13499.33,15456.02
edge:declared:db.RsuExerciseClaimEventRelation:event	13953.55,15594.67 14918.37,16425.04
edge:declared:db.RsuExerciseClaimRsu:rsu	13794.92,15380.72 14521.26,15267.74
edge:declared:db.RsuExerciseClaimRsu:rsu_exercise_claim	13558.92,15409.36 13499.33,15414.56
edge:declared:db.RsuExerciseManagement:company	11999.52,15970.37 15795.50,12611.61
edge:declared:db.RsuExerciseManagement:excluded_institution_set	11854.60,16068.37 11508.59,16257.71
edge:declared:db.RsuExerciseManagementAttachmentSetting:management	12350.03,15887.83 12068.14,15979.18
edge:declared:db.RsuExerciseManagementAttachmentSettingItem:setting	12601.59,15744.25 12511.90,15813.83
edge:declared:db.RsuExerciseManagementEmail:rsu_exercise_management	12235.03,16142.82 12059.60,16068.37
edge:declared:db.RsuExtraAttachment:rsu	15121.79,14892.68 14753.08,15173.59
edge:declared:db.RsuGrantContract:rsu	15466.18,15074.00 14793.26,15217.57
edge:declared:db.RsuGrantContract:template	15592.82,15002.54 15625.82,14440.00
edge:declared:db.RsuGrantContractModusignDocument:rsu_grant_contract	21391.62,19062.81 15655.20,15092.54
edge:declared:db.RsuGrantContractTemplate:company	15635.72,14358.00 15945.85,12660.49
edge:declared:db.RsuGrantContractTemplate:stakeholder_set	15602.58,14358.00 15518.20,14223.10
edge:declared:db.RsuGrantContractTemplateStakeholder:company	15505.47,14149.10 15924.43,12660.49
edge:declared:db.RsuMeeting:company	15905.80,15209.41 15979.25,12660.49
edge:declared:db.RsuMeeting:meeting	15930.31,15299.41 17166.76,17455.49
edge:declared:db.RsuMeetingAttachment:meeting	15263.76,15376.64 15780.50,15278.06
edge:declared:db.RsuPerformanceCondition:company	15051.32,13724.95 15827.31,12660.49
edge:declared:db.RsuResumeEvent:pause_event	14924.09,17352.69 14949.52,17417.92
edge:declared:db.RsuRsa:company	14691.85,15173.59 15882.68,12660.49
edge:declared:db.RsuRsa:grantee	14544.64,15319.59 12238.78,16814.23
edge:declared:db.RsuRsa:grantee_hrm_emp	14521.26,15285.14 4769.73,18049.14
edge:declared:db.RsuRsa:source_meeting	14793.26,15247.44 15780.50,15253.63
edge:declared:db.RsuRsaSealedContractFile:company	15387.10,14665.05 15927.05,12660.49
edge:declared:db.RsuRsaSealedContractFile:grant_contract	15399.95,14739.05 15562.43,15002.54
edge:declared:db.RsuTag:category	15008.85,14311.36 14956.29,14249.22
edge:declared:db.RsuTag:company	15063.76,14311.36 15878.42,12660.49
edge:declared:db.RsuTag:rsu_set	15025.82,14393.36 14688.79,15173.59
edge:declared:db.RsuTagCategory:company	14947.17,14175.22 15855.39,12660.49
edge:declared:db.RsuVesting:rsu	14135.02,15216.92 14521.26,15238.86
edge:declared:db.RsuVestingItem:performance_condition	14349.88,14722.65 14998.37,13798.95
edge:declared:db.RsuVestingItem:rsu_vesting	14287.66,14812.65 14042.21,15173.22
edge:declared:db.RsuVestingTraceable:rsu	14517.67,15128.47 14570.99,15173.59
edge:declared:db.RsuVestingTraceable:source_vesting_item	14456.16,15054.47 14339.92,14812.65
edge:declared:db.RtccConsentSummary:company	13917.66,10908.81 15795.50,12302.48
edge:declared:db.RtccConsentSummary:source_result	13851.69,10834.81 13651.58,10375.40
edge:declared:db.RtccEmail:right_to_consent_or_consult	13927.99,17037.67 14071.17,16677.52
edge:declared:db.RtccEmailAuthentication:rtcc_investor	14800.85,17621.25 14694.25,17676.58
edge:declared:db.RtccInvestor:right_to_consent_or_consult	14585.98,17676.58 14107.12,16677.52
edge:declared:db.RtccInvestor:stakeholder	14476.78,17766.58 10125.11,19264.11
edge:declared:db.RtccInvestorFile:investor	15476.77,17632.13 14763.05,17705.58
edge:declared:db.RtccSummaryAnalysisRequest:company	14461.00,10777.66 15795.50,12235.88
edge:declared:db.RtccSummaryAnalysisRequestDocument:document	14273.05,10312.16 18278.88,15302.65
edge:declared:db.RtccSummaryAnalysisRequestDocument:request	14257.79,10312.16 14407.48,10695.66
edge:declared:db.RtccSummaryAnalysisResult:request	13714.22,10375.40 14342.98,10695.66
edge:declared:db.RtccSummaryAnalysisResultDocument:document	13648.10,9527.17 18278.92,15302.65
edge:declared:db.RtccSummaryAnalysisResultDocument:result	13619.10,9527.17 13632.98,10293.40
edge:declared:db.Safe:company	13184.03,14540.77 15795.50,12585.73
edge:declared:db.Safe:holder	13094.47,14614.77 11615.53,15977.85
edge:declared:db.SafeCreateEvent:contract_file	16900.76,17568.89 20408.00,18434.37
edge:declared:db.SalesMetric:legal_partner	23304.34,14687.10 22618.39,14733.22
edge:declared:db.SdContactRequest:secondary_deal	37996.64,8559.51 39006.91,6234.15
edge:declared:db.SdContactRequest:venture_capital	37980.06,8633.51 37931.59,12227.48
edge:declared:db.SealCardReturnRequest:seal_card	-1356.47,8440.98 -729.83,8372.64
edge:declared:db.SealCardReturnStatusHistory:seal_card_return_request	-221.49,9737.52 -1440.24,8495.51
edge:declared:db.SealCertificateDelivery:company	19349.13,12378.68 16175.50,12439.83
edge:declared:db.SealCertificateDelivery:seal_card_pickup_delivery	19597.13,12370.96 20369.97,12337.73
edge:declared:db.SealCertificateIssueRequest:delivery	19624.91,12467.69 19554.50,12425.29
edge:declared:db.SealStamp:attachment	16544.63,15686.97 20408.00,18350.28
edge:declared:db.SealStamp:company	16459.74,15580.97 16018.30,12660.49
edge:declared:db.SealStamp:director	16478.00,15686.97 16605.61,16346.79
edge:declared:db.SealStampCardContinuedUseApplicationFormDocument:stakeholder	9244.55,23214.16 9930.29,19478.24
edge:declared:db.SealStampDeclarationDocument:stakeholder	9550.83,23062.75 9941.98,19478.24
edge:declared:db.SealStampImage:seal_stamp	17169.66,15811.56 16591.75,15665.34
edge:declared:db.SealStampUsageHistory:employee	10416.56,15247.74 8630.79,15046.29
edge:declared:db.SealStampUsageHistory:payroll_statement_document	10463.40,15314.73 10316.43,15415.68
edge:declared:db.SealStampUsageHistory:seal_stamp	10664.56,15269.52 16343.75,15626.18
edge:declared:db.SealStampUsageHistory:wht_book	10416.56,15274.10 9614.32,15354.11
edge:declared:db.SealStampUsageHistory:wht_certificate	10637.02,15208.73 10735.38,15154.68
edge:declared:db.SealStampUsageHistory:wht_receipt	10416.56,15219.28 10313.82,15184.11
edge:declared:db.SecondaryDeal:assigned_investors	39037.83,6234.15 37965.51,12227.48
edge:declared:db.SecondaryDeal:business_line	38905.48,6099.10 38177.83,6032.72
edge:declared:db.SecondaryDeal:corporate_registration	38905.48,6039.22 38634.96,5909.36
edge:declared:db.SecondaryDeal:operating_profit	39025.47,5992.15 38636.53,4608.44
edge:declared:db.SelfRegistration:meeting	17540.56,17477.18 17381.86,17526.50
edge:declared:db.ServiceFee:basket	23799.36,13511.85 23424.37,13533.93
edge:declared:db.ServiceFeeItem:product	25879.24,12815.03 24794.44,12282.83
edge:declared:db.ServiceFeeItem:service_fee	25838.81,12895.46 24047.36,13465.12
edge:declared:db.ShareClass:company	15453.42,18176.68 15965.36,12660.49
edge:declared:db.ShareholderInstitutionMember:institution	10209.72,21975.32 10646.08,22672.54
edge:declared:db.ShareholderInstitutionMember:manager	10164.08,21893.32 10043.15,21645.22
edge:declared:db.ShareholderInstitutionMemberCeo:member	10135.28,22580.72 10180.97,21975.32
edge:declared:db.ShareholderVote:agenda	17291.15,22776.66 17308.62,21506.64
edge:declared:db.ShareholderVote:attended_shareholder	17268.39,22850.66 17118.30,23100.31
edge:declared:db.ShareholderVotingRightsPerAgenda:agenda	17101.04,22498.84 17285.10,21506.64
edge:declared:db.ShareholderVotingRightsPerAgenda:shareholder	17093.17,22572.84 17078.70,23100.31
edge:declared:db.ShareholdersAgreementStakeholder:stakeholder	8924.84,19087.06 9793.11,19283.65
edge:declared:db.ShareholdersMeeting:chairperson	15623.25,22731.65 13757.30,22680.25
edge:declared:db.ShareholdersMeeting:meeting	15773.04,22666.23 17200.31,17689.49
edge:declared:db.ShareholdersMeeting:sealed_meeting_minutes_file	15831.83,22666.23 20408.00,18648.09
edge:declared:db.ShareholdersMeetingAgenda:agenda_authorized_shares_change	17150.51,21445.02 16616.25,21696.72
edge:declared:db.ShareholdersMeetingAgenda:agenda_bonus_issue	17364.86,21232.64 17729.93,20312.38
edge:declared:db.ShareholdersMeetingAgenda:agenda_branch_change	17331.61,21232.64 17506.21,20098.93
edge:declared:db.ShareholdersMeetingAgenda:agenda_change_of_articles_of_incorporation	17470.51,21291.91 18884.15,20605.17
edge:declared:db.ShareholdersMeetingAgenda:agenda_co_ceo_system_change	17150.51,21338.03 16112.56,21133.00
edge:declared:db.ShareholdersMeetingAgenda:agenda_company_name_change	17263.98,21232.64 17194.72,21028.72
edge:declared:db.ShareholdersMeetingAgenda:agenda_custom	17150.51,21322.21 16132.47,21020.42
edge:declared:db.ShareholdersMeetingAgenda:agenda_director_change	17150.51,21418.77 12504.31,22845.45
edge:declared:db.ShareholdersMeetingAgenda:agenda_director_compensation_decision	17150.51,21386.58 14833.69,21631.90
edge:declared:db.ShareholdersMeetingAgenda:agenda_director_compensation_rule	17150.51,21320.32 16718.80,21187.25
edge:declared:db.ShareholdersMeetingAgenda:agenda_financial_statements	17310.80,21232.64 17312.90,20246.58
edge:declared:db.ShareholdersMeetingAgenda:agenda_head_office_relocation	17470.51,21399.10 18307.02,21553.15
edge:declared:db.ShareholdersMeetingAgenda:agenda_head_office_relocation_aoi_change	17387.80,21232.64 17590.56,20873.23
edge:declared:db.ShareholdersMeetingAgenda:agenda_method_of_giving_public_notice_change	17276.18,21232.64 17083.79,20464.93
edge:declared:db.ShareholdersMeetingAgenda:agenda_new_issue	17150.51,21502.06 16208.89,22281.38
edge:declared:db.ShareholdersMeetingAgenda:agenda_new_options_rule	17150.51,21276.38 16774.74,21057.34
edge:declared:db.ShareholdersMeetingAgenda:agenda_new_or_change_rsu_rule	17150.51,21236.46 17076.93,21175.22
edge:declared:db.ShareholdersMeetingAgenda:agenda_option_cancel	17150.51,21346.60 15086.73,21049.47
edge:declared:db.ShareholdersMeetingAgenda:agenda_option_grant	17169.32,21232.64 15637.18,19745.95
edge:declared:db.ShareholdersMeetingAgenda:agenda_purpose_change	17470.51,21465.72 17595.42,21540.73
edge:declared:db.ShareholdersMeetingAgenda:agenda_rsu_grant	17150.51,21322.52 15783.59,20919.97
edge:declared:db.ShareholdersMeetingAgenda:agenda_subsidiary_establishment	17150.51,21373.20 15904.94,21400.90
edge:declared:db.ShareholdersMeetingAgenda:meeting	17154.28,21506.64 15831.93,22666.23
edge:declared:db.ShareholdersMeetingConvocationNoticeEmail:shareholders_meeting	18015.20,20741.89 15831.55,22666.23
edge:declared:db.ShareholdersMeetingConvocationNoticeEmailAttachment:convocation_notice_email	19790.51,20448.09 18259.30,20666.06
edge:declared:db.ShareholdersMeetingConvocationNoticeEmailNewIssueAttachment:email	16779.79,22070.86 18024.89,20741.89
edge:declared:db.ShareholdersMeetingConvocationNoticeEmailNewIssueAttachment:new_issue	16653.68,22144.86 16242.19,22311.35
edge:declared:db.ShareholdersMeetingConvocationNoticeEmailRecipient:email_activity_recipient	21177.18,22379.39 25380.04,23099.52
edge:declared:db.ShareholdersMeetingConvocationNoticeRecipient:bulk_email_recipient	19158.03,21230.72 17329.22,19174.77
edge:declared:db.ShareholdersMeetingConvocationNoticeRecipient:convocation_notice_email	19111.02,21230.72 18165.57,20741.89
edge:declared:db.ShareholdersMeetingConvocationNoticeRecipient:shareholder	19147.65,21320.72 17154.11,23100.31
edge:declared:db.ShareholdersMeetingDirectorAttendance:stakeholder	13534.30,22626.57 10125.11,19474.71
edge:declared:db.ShareholdersMeetingPowerOfAttorneyIndividualDocument:shareholder	16416.27,24328.89 17037.50,23238.31
edge:declared:db.ShareholdersMeetingShareholderAttendance:meeting	16889.31,23107.82 15883.25,22777.87
edge:declared:db.ShareholdersMeetingShareholderAttendance:original_shareholder	16889.31,23156.64 10816.76,22746.32
edge:declared:db.ShareholdersMeetingShortenPeriodIndividualDocument:shareholder	16282.34,23657.52 16964.53,23238.31
edge:declared:db.ShareholdersMeetingWrittenDecisionIndividualDocument:shareholder	16332.21,23935.77 17009.78,23238.31
edge:declared:db.Stakeholder:company	10096.68,19164.24 15795.50,12660.33
edge:declared:db.Stakeholder:standardized_address	10125.11,19316.75 23936.01,18943.02
edge:declared:db.StakeholderAccount:account	10789.43,18087.40 11454.46,16816.10
edge:declared:db.StakeholderAccount:stakeholder	10745.01,18161.40 10065.49,19164.24
edge:declared:db.StakeholderCustodian:stakeholder	9377.86,19293.80 9793.11,19313.40
edge:declared:db.StakeholderSeat:stakeholder	8649.74,19356.67 9793.11,19325.73
edge:declared:db.StarredQuestionThread:question_thread	20562.40,12795.33 20815.12,12689.49
edge:declared:db.Stock:company	15423.03,18409.98 15965.04,12660.49
edge:declared:db.Stock:share_class	15424.60,18409.98 15441.47,18282.68
edge:declared:db.Stock:shareholder	15373.90,18491.98 10758.52,22672.54
edge:declared:db.StockDocumentAnalysis:document_ai_process_request	28461.18,27628.18 29234.24,27371.06
edge:declared:db.StockDocumentAnalysis:stock_reregistration_event	28389.60,27702.18 28538.47,27841.04
edge:declared:db.StockTransferAgreement:company	16948.76,18382.45 16020.70,12660.49
edge:declared:db.StockTransferAgreement:purchaser	16825.25,18476.19 10125.11,19300.81
edge:declared:db.StockTransferAgreement:sealed_agreement_file	17097.25,18460.27 20408.00,18480.12
edge:declared:db.StockTransferAgreement:seller	16848.32,18536.45 10782.09,22672.54
edge:declared:db.StockTransferAgreement:stock_transfer_event	16825.25,18436.82 16720.44,18419.38
edge:declared:db.StockTransferAgreementClauses:stock_transfer_agreement	17229.53,18269.59 17070.05,18382.45
edge:declared:db.StockTransferAgreementItem:agreement	16565.31,18162.85 16858.46,18382.45
edge:declared:db.StockTransferAgreementItem:share_class	16392.42,18137.86 15572.50,18217.62
edge:declared:db.StockTransferAgreementManagement:company	17898.57,13217.56 16175.50,12520.37
edge:declared:db.StockTransferAgreementManagement:related_tax_advices	18161.29,13230.17 20815.12,12662.84
edge:declared:db.StockTransferAgreementManagement:stock_transfer_agreement	18000.71,13307.56 16976.79,18382.45
edge:declared:db.StockTransferAgreementManagementStakeholderSeat:stakeholder_seat	6025.33,8536.80 8516.27,19319.02
edge:declared:db.StockTransferAgreementManagementStakeholderSeat:stock_transfer_agreement_management	6109.95,8536.80 17896.48,13217.56
edge:declared:db.StockTransferAgreementModusignDocument:stock_transfer_agreement	20401.66,20216.57 17097.25,18528.91
edge:declared:db.StockTransferAgreementModusignEmbeddedDraft:stock_transfer_agreement	19396.62,19917.42 17089.87,18536.45
edge:declared:db.StockTransferAgreementPurchaserInstitution:agreement	17141.89,18736.14 17011.52,18536.45
edge:declared:db.StockTransferAgreementSellerInstitution:agreement	17695.22,18690.83 17097.25,18502.32
edge:declared:db.StockTransferAgreementSurvey:company	19826.55,9541.77 16175.50,12299.95
edge:declared:db.StockTransferPrice:share_class	16286.99,18248.76 15572.50,18232.50
edge:declared:db.StockTransferPrice:stock_transfer_event	16454.26,18288.45 16553.17,18362.74
edge:declared:db.StockUnissuedConfirmationRequest:company	18455.34,15667.88 16151.72,12660.49
edge:declared:db.StockUnissuedConfirmationRequest:stock_unissued_confirmation_file	18517.97,15749.88 20432.75,18264.26
edge:declared:db.StripeCard:customer	897.31,7249.12 962.30,7621.39
edge:declared:db.StripePayment:card	-226.57,7902.25 830.94,7249.12
edge:declared:db.StripePayment:order	-168.96,7963.33 1553.93,8242.28
edge:declared:db.StripePayment:seal_card_return_request	-388.19,7984.25 -1385.24,8413.51
edge:declared:db.Subscription:company	21387.94,11228.03 16175.50,12400.74
edge:declared:db.Subscription:subscription_contract	21387.94,11231.65 19901.10,11605.77
edge:declared:db.Subscription:subscription_package	21387.94,11221.55 19999.26,11467.88
edge:declared:db.Subscription:subscription_plan	21451.64,11278.43 20966.14,11822.31
edge:declared:db.Subscription:subscription_policy	21387.94,11249.61 20072.27,11754.37
edge:declared:db.Subscription:subscription_promotion	21387.94,11213.40 20399.46,11329.47
edge:declared:db.SubscriptionBonus:subscription	22405.10,11258.91 21659.94,11206.92
edge:declared:db.SubscriptionContract:company	19665.10,11660.57 16175.50,12403.06
edge:declared:db.SubscriptionModusignDocumentUsageHistory:subscription	23640.84,10489.32 21659.94,11151.94
edge:declared:db.SubscriptionPackage:company	19763.26,11517.73 16175.50,12396.93
edge:declared:db.SubscriptionPaymentRequest:company	22202.44,12090.64 16175.50,12432.71
edge:declared:db.SubscriptionPaymentRequest:subscription	22291.21,12042.49 21597.48,11278.43
edge:declared:db.SubscriptionPenaltyPayment:company	19549.74,11792.02 16175.50,12408.76
edge:declared:db.SubscriptionPenaltyPayment:subscription	19789.54,11733.09 21387.94,11239.43
edge:declared:db.SubscriptionPeriod:subscription	22816.66,10856.02 21659.94,11161.51
edge:declared:db.SubscriptionPerk:subscription	22277.32,11414.06 21659.94,11236.54
edge:declared:db.SubscriptionPlan:permissions	20785.26,11899.33 20144.08,11998.06
edge:declared:db.SubscriptionPlanOffering:subscription_plan	21154.39,11959.99 21045.26,11923.17
edge:declared:db.SubscriptionPlanPerk:subscription_plan	21113.02,11880.14 21045.26,11879.85
edge:declared:db.SubscriptionPolicy:company	19857.83,11810.65 16175.50,12412.44
edge:declared:db.SubscriptionPromotion:company	20163.46,11373.55 16175.50,12394.83
edge:declared:db.SubscriptionReservation:company	20547.81,12088.23 16175.50,12428.69
edge:declared:db.SubscriptionReservation:subscription_plan	20712.02,12042.04 20844.07,11936.31
edge:declared:db.SubscriptionSuspensionHistory:subscription	22302.92,11129.77 21659.94,11185.62
edge:declared:db.TalingCoupon:_company	10608.35,11737.89 15795.50,12418.56
edge:declared:db.TaxBookkeepingServiceRequest:company	21117.73,14308.80 16175.50,12512.55
edge:declared:db.TaxBookkeepingServiceRequest:incorporation_request	21245.51,14390.80 21768.84,15824.23
edge:declared:db.TaxPartnerTbkContract:legal_partner	23627.20,14542.89 22618.39,14716.99
edge:declared:db.TaxPartnerTbkContractItem:tax_partner_tbk_contract	23938.49,14590.05 23851.11,14559.52
edge:declared:db.TaxPartnerTbkSettings:legal_partner	22842.69,15747.94 22511.47,14868.57
edge:declared:db.TbkConsulting:tax_bookkeeping_service_request	21516.46,14256.29 21355.91,14308.80
edge:declared:db.TbkConsulting:tbk_question_thread	21516.46,14218.82 19118.96,14278.33
edge:declared:db.TbkConsultingMemo:tbk_consulting	22050.33,14043.73 21757.22,14166.74
edge:declared:db.TbkConsultingRefusal:incorporation_request	21403.56,15526.42 21701.96,15824.23
edge:declared:db.TbkConsultingStatusLog:tbk_consulting	21485.79,14003.90 21604.68,14166.74
edge:declared:db.TbkContract:tbk_consulting	23038.38,15087.35 21719.05,14264.74
edge:declared:db.TbkContractBenefit:tbk_contract	23296.32,15171.76 23228.14,15156.36
edge:declared:db.TbkContractSettlement:tbk_contract	23291.28,14994.69 23161.54,15087.35
edge:declared:db.ThirdPartyArticleProviderUserRelation:article_provider	20436.81,19991.45 20431.98,19943.37
edge:declared:db.UserApiKeyCompanyAccess:api_key	17631.15,8506.21 17696.84,7510.54
edge:declared:db.UserApiKeyCompanyAccess:selected_companies	17611.16,8588.21 16077.00,12226.49
edge:declared:db.UserApiKeyCompanyRelation:company	17003.56,7760.85 16032.68,12226.49
edge:declared:db.UserApiKeyCompanyRelation:company_access	17039.32,7760.85 17597.73,8506.21
edge:declared:db.UserApiKeyRevocation:api_key	17224.25,7450.79 17575.54,7464.65
edge:declared:db.UserInvitation:company	9414.05,11855.40 15795.50,12426.49
edge:declared:db.UserInvitation:company_user_relation	9166.05,11851.27 7559.73,11941.59
edge:declared:db.UserInvitationInvitee:invitation	7734.11,12644.44 9202.54,11889.30
edge:declared:db.UserInvitationInvitee:stakeholder	7674.96,12718.44 9904.80,19164.24
edge:declared:db.UserInvitationOwnerRoleRelation:owner_role	9418.82,11273.50 9562.44,11131.34
edge:declared:db.UserInvitationOwnerRoleRelation:user_invitation	9375.11,11347.50 9297.75,11799.30
edge:declared:db.UserProfileImageMapping:profile_image	22013.01,18858.75 22213.96,18987.18
edge:declared:db.UserSealCardRelation:seal_card	-894.27,8505.44 -686.65,8400.11
edge:declared:db.ValuationHistory:company	18475.13,12453.02 16175.50,12444.22
edge:declared:db.ValuationServiceRequest:company	17638.96,13601.08 16175.50,12576.51
edge:declared:db.ValuationServiceRequest:company_question_thread	17765.67,13675.08 18834.96,14210.72
edge:declared:db.VcIrRecommendationRequest:venture_capital	35902.73,9747.00 37774.16,12227.48
edge:declared:db.VcIrRecommendationRequestResult:investor_relations	33989.68,8764.97 30725.81,7602.02
edge:declared:db.VcIrRecommendationRequestResult:request	34166.10,8838.97 35802.23,9673.00
edge:declared:db.VcLpReport:venture_capital	37465.11,12975.15 37753.65,12637.48
edge:declared:db.VcLpReportRequest:alimtalk_activity	38091.55,13354.76 36475.41,14052.53
edge:declared:db.VcLpReportRequest:vc_lp_report	38084.15,13272.76 37525.87,13049.15
edge:declared:db.VcLpReportRequestRecipient:alimtalk_activity_recipient	36114.15,13955.40 35443.17,14314.05
edge:declared:db.VcLpReportRequestRecipient:fund_partner	36057.85,13887.15 35694.46,13812.68
edge:declared:db.VcLpReportRequestRecipient:vc_lp_report_request	36323.85,13874.37 38062.51,13351.08
edge:declared:db.VcNameAlias:venture_capital	38943.13,12079.97 38112.83,12368.53
edge:declared:db.VcSearchLog:company	29373.21,6851.65 16175.50,12364.13
edge:declared:db.VcSearchLog:investor_relations	29532.63,6851.65 30417.81,7444.08
edge:declared:db.VcSearchLog:venture_capital	29533.05,6851.65 37744.83,12310.17
edge:declared:db.VcUserRole:venture_capital	35128.09,10884.47 37744.83,12330.78
edge:declared:db.VentureBusinessCertification:attachment	18435.77,15526.82 20439.19,18264.26
edge:declared:db.VentureBusinessCertification:company	18373.14,15444.82 16158.13,12660.49
edge:declared:db.VentureBusinessCertificationExpirationNotificationLog:venture_business_certification	18171.49,15576.73 18300.10,15526.82
edge:declared:db.VentureCapitalEmailTemplates:venture_capital	38433.98,12547.66 38112.83,12474.43
edge:declared:db.VentureCapitalPaymentLink:venture_capital	31573.22,12698.40 37744.83,12440.18
edge:declared:db.VentureCapitalQuarterlyReport:content_template	29732.29,15910.24 31433.75,13175.64
edge:declared:db.VentureCapitalQuarterlyReport:venture_capital	29829.57,15910.24 37744.83,12511.49
edge:declared:db.VentureCapitalQuarterlyReportContentTemplate:venture_capital	31654.27,13117.09 37744.83,12452.56
edge:declared:db.VentureCapitalQuarterlyReportItem:quarterly_report	28463.74,16458.36 29553.71,16024.24
edge:declared:db.VentureCapitalQuarterlyReportItemReply:file_attachment	24621.76,17169.58 20788.00,18419.32
edge:declared:db.VentureCapitalQuarterlyReportItemReply:item	24929.03,17096.97 28201.80,16527.05
edge:declared:db.VentureCapitalQuarterlyReportItemReply:reply	24735.02,17087.58 24712.81,17014.79
edge:declared:db.VentureCapitalQuarterlyReportReply:_deprecated_captable	24523.98,17012.99 20788.00,18410.20
edge:declared:db.VentureCapitalQuarterlyReportReply:company_create_request	24523.98,16981.85 23943.24,17092.04
edge:declared:db.VentureCapitalQuarterlyReportReply:portfolio_company	24839.32,16884.79 30588.69,14331.14
edge:declared:db.VentureCapitalQuarterlyReportReply:quarterly_report	24861.98,16916.61 29550.32,15996.01
edge:declared:db.VentureCapitalSubscription:subscription_plan	38788.09,11040.85 38955.58,11226.40
edge:declared:db.VentureCapitalSubscription:venture_capital	38733.30,11040.85 38047.34,12227.48
edge:declared:db.VentureCapitalSubscriptionPlanPermission:subscription_plan	40374.56,11218.86 39137.09,11262.32
edge:declared:db.VentureCapitalSubscriptionPlanPrice:subscription_plan	38893.86,11887.04 38986.06,11308.40
edge:declared:db.VentureCapitalUserRelation:roles	34347.21,10331.38 35009.97,10810.47
edge:declared:db.VentureCapitalUserRelation:venture_capital	34361.37,10331.38 37744.83,12324.11
edge:declared:db.VentureComplex:address	24693.46,17898.98 24162.55,18813.85
edge:declared:db.VideoCollection:video_contents	18704.52,9448.63 19357.58,8854.84
edge:declared:db.VideoCollectionFeedback:company	18276.39,9466.78 16152.50,12226.49
edge:declared:db.VideoCollectionFeedback:video_collection	18422.87,9451.30 18531.03,9471.02
edge:declared:db.VideoCollectionPermission:company	18524.96,9900.28 16175.50,12253.21
edge:declared:db.VideoCollectionPermission:video_collection	18571.23,9826.28 18643.69,9538.63
edge:declared:db.VideoContentHistory:company	18962.13,9744.23 16175.50,12271.19
edge:declared:db.VideoContentHistory:video_collection	18938.42,9662.23 18730.67,9538.63
edge:declared:db.VideoContentHistory:video_content	19025.56,9662.23 19384.45,8854.84
edge:declared:db.VideoContentSpeecher:video_content	19009.48,8753.67 19278.67,8794.86
edge:declared:db.WhitepaperPreviewFile:whitepaper	327.13,6281.66 292.16,6397.15
edge:declared:db.WhitepaperWatermarkFile:whitepaper	1560.14,5905.90 378.37,6397.15
edge:declared:db.WhtBook:employee	9368.19,15325.48 8630.79,15077.94
edge:declared:db.WhtBook:wht_book_without_date	9366.32,15402.32 9171.85,15458.53
edge:declared:db.WhtBookWithoutDate:employee	9008.63,15455.63 8612.22,15131.27
edge:declared:db.WhtCertificate:employee	10684.72,15113.22 8630.79,15035.63
edge:declared:db.WhtReceipt:employee	10087.73,15139.08 8630.79,15039.93
edge:declared:db.YearEndTaxSettlement:payroll	7529.92,18568.49 4791.49,4917.25
edge:declared:db.YearEndTaxSettlementConfirmationSchedule:year_end_tax_settlement	6794.42,17994.45 7484.83,18568.49
edge:declared:db.YetsAssistance:employee	13877.72,30650.52 6082.14,30535.54
edge:declared:db.YetsAssistanceCreatorYetsEmployee:yets_employee	7397.71,30211.74 6082.14,30501.15
edge:declared:db.YetsAssistanceMessage:assistance	17668.48,30165.13 14125.72,30635.87
edge:declared:db.YetsAssistanceMessage:creator	17668.48,30148.56 12234.45,30144.43
edge:declared:db.YetsAssistanceMessageFile:message	24350.92,31046.65 17916.48,30165.63
edge:declared:db.YetsAssistanceStaffAccessLog:assistance	13112.45,30784.30 13877.72,30670.75
edge:declared:db.YetsAssistanceStaffFavoriteRelation:assistance	14692.57,30474.92 14125.72,30620.50
edge:declared:db.YetsEmail:year_end_tax_settlement	8748.42,19982.69 7578.70,18658.49
edge:declared:db.YetsEmailAuthentication:yets_employee	5311.62,30966.98 5842.09,30598.38
edge:declared:db.YetsEmployee:employee	5946.34,30468.38 8472.16,15131.27
edge:declared:db.YetsEmployee:year_end_tax_settlement	5944.38,30468.38 7532.90,18658.49
edge:declared:db.YetsEmployeeFile:employee	25876.43,32381.60 6082.14,30546.96
edge:declared:db.YetsEmployeeResult:yets_employee	7209.21,29950.72 6077.72,30468.38
edge:declared:db.YetsEmployeeResultAssistanceMessageRelation:assistance_message	12854.71,30054.93 17668.48,30146.30
edge:declared:db.YetsEmployeeResultAssistanceMessageRelation:result	12466.71,30045.98 7431.57,29909.09
edge:declared:db.YetsEmployeeResultStatusLog:result	7884.41,29028.82 7337.17,29860.72
edge:declared:db.YetsEmployeeResultWhtReceipt:result	23803.63,29979.99 7431.57,29906.28
edge:declared:db.YetsEmployeeSubmissionLog:yets_employee	6062.79,30640.39 6012.88,30598.38
edge:declared:db.YetsEmployeeUploadForm:yets_employee	8254.20,30838.07 6082.14,30552.63
edge:declared:db.YetsEmployeeUploadFormStatusLog:yets_employee_upload_form	7866.68,31543.46 8345.09,30890.58
edge:declared:db.ZuzuTaxPhoneToken:phone	3798.51,12359.04 3493.88,12476.44
edge:declared:document_ai.DocumentAiProcessResult:request	28607.42,29787.26 29334.35,27371.06
edge:declared:fi_sta.FiStaCompanyCeo:fi_sta_company	35761.47,30367.87 34766.12,32739.60
edge:declared:fi_sta.FiStaCompanySearchResult:fi_sta_company	34822.35,31532.78 34751.32,32739.60
edge:declared:fi_sta.FiStaContractDocument:participant	32400.06,33295.62 32975.56,33670.38
edge:declared:fi_sta.FiStaContractDocument:stock_transfer_agreement_document	32206.96,33271.54 29651.06,33702.81
edge:declared:fi_sta.FiStaContractDocument:stock_transfer_notice_poa_document	32351.27,33295.62 32455.17,33525.78
edge:declared:fi_sta.FiStaContractDocument:stock_unissued_confirmation_poa_document	32329.45,33205.62 32232.18,30313.96
edge:declared:fi_sta.FiStaManagement:fi_sta_company	37148.54,35079.41 34791.71,32821.60
edge:declared:fi_sta.FiStaParticipant:fi_sta_user	33174.81,33757.54 35420.46,34448.65
edge:declared:fi_sta.FiStaStockTransferAgreementDocument:starter	29651.06,33730.92 32926.81,33719.80
edge:declared:fi_sta.FiStaStockTransferNoticePoaDocument:signer	32608.66,33599.78 32926.81,33685.84
edge:declared:fi_sta.FiStaStockUnissuedConfirmationPoaDocument:signer	32239.75,30313.96 33039.14,33670.38
edge:declared:fi_sta.FiStaTransferStock:stock_transfer_agreement_document	31717.98,33947.78 29651.06,33747.94
edge:declared:fi_sta.FiStaUser:fi_sta_management	35635.07,34521.97 37090.55,35079.41
edge:declared:vertex_ai.VertexAiPredictionResult:request	39734.71,17447.12 39655.45,17530.12
edge:inheritance:db.AgendaBonusIssueNewIssueBalanceCertificateFile->db.FileAttachment	18407.91,19780.15 20408.00,18593.94
edge:inheritance:db.AgendaBonusIssueNewIssueMinutesFile->db.FileAttachment	18502.90,19935.70 20408.00,18613.16
edge:inheritance:db.Announcement->db.QuestionThread	20820.84,12286.35 20920.53,12566.05
edge:inheritance:db.AppointedDirectorCertificateOfSealDocument->db.MeetingDocument	16785.39,29512.41 14905.52,26298.84
edge:inheritance:db.AppointedDirectorResidentRegistrationDocument->db.MeetingDocument	18700.59,26456.02 14968.28,26117.96
edge:inheritance:db.ArticlesOfIncorporationAfterChangeDocument->db.MeetingDocument	21583.93,27775.69 14968.28,26145.70
edge:inheritance:db.ArticlesOfIncorporationBeforeChangeDocument->db.MeetingDocument	16711.04,26019.34 14968.28,26094.19
edge:inheritance:db.ArticlesOfIncorporationDocument->db.MeetingDocument	17734.76,27725.33 14968.28,26199.98
edge:inheritance:db.AuditReportDocument->db.MeetingDocument	18962.03,29121.15 14968.28,26230.67
edge:inheritance:db.BalanceCertificateDocument->db.MeetingDocument	13667.47,22527.31 14728.40,25904.84
edge:inheritance:db.BeforeunloadPdfEvent->db.PdfEvent	33336.02,11155.27 34036.83,11379.54
edge:inheritance:db.BigNumberValueWithVisibility->db.ValueWithVisibility	38556.88,4608.44 37189.44,5833.36
edge:inheritance:db.BranchAbolitionEvent->db.Event	18164.98,18042.60 15742.56,16945.18
edge:inheritance:db.BranchChangeEvent->db.Event	19129.94,18448.17 15742.56,16943.86
edge:inheritance:db.BranchInstallationEvent->db.Event	18704.24,18254.30 15742.56,16943.63
edge:inheritance:db.BulkEmailCommonAttachment->db.FileAttachment	16392.57,17466.16 20408.00,18435.40
edge:inheritance:db.BulkEmailRecipientAttachment->db.FileAttachment	18691.86,18748.01 20408.00,18507.85
edge:inheritance:db.CapitalChangeEvent->db.Event	15111.75,15853.39 15543.20,16769.13
edge:inheritance:db.CaptableAfterNewIssueDocument->db.MeetingDocument	17432.97,29705.88 14934.73,26298.84
edge:inheritance:db.CaptableAtRecordDateDocument->db.MeetingDocument	19396.70,26263.27 14968.28,26108.08
edge:inheritance:db.CaptableBeforeNewIssueDocument->db.MeetingDocument	16415.97,24616.50 14968.28,25939.21
edge:inheritance:db.CeoAddressChangeEvent->db.Event	16027.24,16573.69 15742.56,16774.00
edge:inheritance:db.CeoConfirmationDocument->db.MeetingDocument	18380.10,26128.81 14968.28,26103.18
edge:inheritance:db.CeoTypeChangedCeoResidentRegistrationDocument->db.MeetingDocument	13711.79,24535.20 14654.66,25904.84
edge:inheritance:db.CertificateOfCorporateSealDocument->db.MeetingDocument	16685.74,25659.10 14968.28,26060.26
edge:inheritance:db.CertificateOfSealNotarizationPoaDocument->db.MeetingDocument	14485.76,27271.23 14738.98,26298.84
edge:inheritance:db.CmeBulkEmail->db.BulkEmail	17666.50,16492.28 13712.71,17217.87
edge:inheritance:db.CmeBulkEmailRecipient->db.BulkEmailRecipient	18214.62,16415.10 17298.26,19060.77
edge:inheritance:db.CmeBulkEmailTemplate->db.BulkEmailTemplate	19979.74,15067.73 19500.89,15022.87
edge:inheritance:db.CoCeoSystemChangeEvent->db.Event	15856.94,16433.69 15658.91,16769.13
edge:inheritance:db.CompanyAddressChangeEvent->db.Event	19308.94,18325.57 15742.56,16935.80
edge:inheritance:db.CompanyBulkEmailTemplate->db.BulkEmailTemplate	18810.18,14038.88 19352.99,14970.25
edge:inheritance:db.CompanyDocumentDelivery->db.DocumentDelivery	18491.95,12600.91 19675.38,12625.19
edge:inheritance:db.CompanyEndorsementFeed->db.CompanyFeed	25383.44,7260.22 28140.69,5369.65
edge:inheritance:db.CompanyFeed->db.Feed	28246.52,5369.65 28866.88,6522.29
edge:inheritance:db.CompanyIrClosingFeed->db.CompanyFeed	29183.62,6188.41 28276.70,5369.65
edge:inheritance:db.CompanyIrNewCommitFeed->db.CompanyFeed	29732.47,6047.07 28327.88,5369.65
edge:inheritance:db.CompanyIrOpenFeed->db.CompanyFeed	29873.63,5542.48 28341.99,5333.56
edge:inheritance:db.CompanyNewsFeed->db.CompanyFeed	25097.21,5274.26 28093.99,5314.97
edge:inheritance:db.CompanyOwnerAuditLog->db.AuditLog	9424.63,7886.73 17367.39,6489.43
edge:inheritance:db.CompanyPaymentLink->db.PaymentLink	23316.34,12179.35 25082.84,13264.98
edge:inheritance:db.CompanyQuestionThread->db.QuestionThread	19083.33,14192.85 20862.66,12704.05
edge:inheritance:db.CompanyTanTableView->db.TanTableView	10594.71,9951.73 11006.15,9823.80
edge:inheritance:db.ConsentFormModusignDocument->db.ModusignDocument	28327.19,36906.82 23736.67,20721.31
edge:inheritance:db.ConsentFormModusignEmbeddedDraft->db.ModusignEmbeddedDraft	26514.08,31622.89 22917.29,21894.19
edge:inheritance:db.ConsentFormOptionItem->db.ConsentFormItem	23552.63,24308.36 24278.65,26812.19
edge:inheritance:db.CorporateRegistrationDocument->db.MeetingDocument	16690.94,28996.06 14919.65,26298.84
edge:inheritance:db.CustomOptionGrantContractTemplate->db.OptionGrantContractTemplate	20058.89,16103.60 19536.41,16116.88
edge:inheritance:db.CustomOptionGrantContractTemplateRevision->db.OptionGrantContractTemplateRevision	20522.52,16679.27 20319.12,16473.83
edge:inheritance:db.DebtConfirmationAndOffsetContractDocument->db.MeetingDocument	17103.60,25413.24 14968.28,26048.86
edge:inheritance:db.Director->db.Stakeholder	16483.73,16479.03 10125.11,19248.93
edge:inheritance:db.DirectorAppointmentEvent->db.Event	15964.60,16260.58 15659.87,16769.13
edge:inheritance:db.DirectorCompensationDecisionEvent->db.Event	16375.31,16845.61 15742.56,16871.96
edge:inheritance:db.DirectorCompensationLimitEvent->db.Event	16071.62,16707.53 15742.56,16825.20
edge:inheritance:db.DirectorDecisionDocument->db.MeetingDocument	19012.31,27009.02 14968.28,26140.09
edge:inheritance:db.DirectorResidentRegistrationWithAddressChangeHistoryDocument->db.MeetingDocument	14615.67,24723.60 14765.32,25904.84
edge:inheritance:db.DirectorTermEndEvent->db.Event	16127.76,16444.77 15728.67,16769.13
edge:inheritance:db.DirectorsMeetingMinutesDocument->db.MeetingDocument	16363.26,24890.77 14968.28,25964.79
edge:inheritance:db.DirectorsMeetingNoticeDocument->db.MeetingDocument	16359.87,29167.83 14891.13,26298.84
edge:inheritance:db.DirectorsMeetingNoticeEmail->db.BulkEmail	15613.07,19088.76 13658.56,17310.73
edge:inheritance:db.DirectorsMeetingNoticeEmailRecipient->db.BulkEmailRecipient	16130.56,19296.88 17148.52,19138.05
edge:inheritance:db.DirectorsMeetingSkipNoticeDocument->db.MeetingDocument	15770.92,29476.38 14847.53,26298.84
edge:inheritance:db.DocumentLoadedPdfEvent->db.PdfEvent	33916.97,11242.11 34104.38,11378.22
edge:inheritance:db.ESOPParticipant->db.Employee	9188.59,15893.72 8570.65,15131.27
edge:inheritance:db.ElectronicCertificateApplicationFormDocument->db.MeetingDocument	8179.74,25205.19 14612.28,26077.70
edge:inheritance:db.ElectronicCertificateCaseReportDocument->db.MeetingDocument	8922.50,23488.90 14612.28,26022.58
edge:inheritance:db.Employee->db.Stakeholder	8523.40,15131.27 9905.31,19164.24
edge:inheritance:db.EmployeeOptionExerciseEvent->db.Event	15744.77,17197.08 15645.90,16987.13
edge:inheritance:db.EmployeeOptionExerciseManagementEmail->db.BulkEmail	13259.32,14048.57 13575.72,17172.73
edge:inheritance:db.EmployeeOptionGrantee->db.Employee	9211.52,13389.92 8533.29,14929.27
edge:inheritance:db.EmployeeStockGuideEmail->db.BulkEmail	12490.30,17086.38 13452.71,17223.24
edge:inheritance:db.ExpertClientSignupChannel->db.SignupChannel	24251.99,14858.23 24942.58,14605.60
edge:inheritance:db.FeeReceiptDocument->db.MeetingDocument	16395.94,27613.16 14968.28,26269.38
edge:inheritance:db.FileValueWithVisibility->db.ValueWithVisibility	38386.22,5854.07 37266.13,5868.81
edge:inheritance:db.FinancialStatementsDocument->db.MeetingDocument	19376.39,27367.86 14968.28,26150.98
edge:inheritance:db.FinancialStatementsForNewIssueFromConversionDocument->db.MeetingDocument	15787.16,23860.60 14877.90,25904.84
edge:inheritance:db.HrmAlpUsagePlan->db.HrmApprovable	5467.59,18189.61 2975.40,17842.54
edge:inheritance:db.HrmAnnualLeave->db.HrmLeaveBase	3800.19,21692.88 3262.80,20955.96
edge:inheritance:db.HrmAnnualLeaveFiscalBasedConfig->db.HrmAnnualLeaveConfigBase	4122.79,24962.65 3813.10,22607.43
edge:inheritance:db.HrmAnnualLeaveHireBasedConfig->db.HrmAnnualLeaveConfigBase	3719.27,24148.10 3806.14,22607.43
edge:inheritance:db.HrmAttendance->db.HrmApprovable	3851.54,17843.41 2975.40,17827.52
edge:inheritance:db.HrmAttendanceLocation->db.HrmApprovable	5205.36,17109.87 2975.40,17787.58
edge:inheritance:db.HrmCertificateIssue->db.HrmApprovable	5890.59,16115.52 2938.50,17776.27
edge:inheritance:db.HrmCompensatoryLeave->db.HrmLeaveBase	1966.75,20729.39 3073.57,20866.16
edge:inheritance:db.HrmCustomLeave->db.HrmLeaveBase	2479.52,20738.21 3073.57,20855.99
edge:inheritance:db.HrmDeptAbolishedEvent->db.HrmDeptStatusEventBase	21.47,22520.04 -46.00,21411.10
edge:inheritance:db.HrmDeptCreatedEvent->db.HrmDeptStatusEventBase	-157.55,20735.04 -55.53,21329.10
edge:inheritance:db.HrmDeptNameChangedEvent->db.HrmDeptNameEventBase	-1106.63,19815.27 -1438.96,20044.28
edge:inheritance:db.HrmDeptNameEventBase->db.HrmDeptEventBase	-1438.44,20118.28 -1191.56,20286.80
edge:inheritance:db.HrmDeptParentChangedEvent->db.HrmDeptParentEventBase	-827.98,19981.08 -341.30,19998.36
edge:inheritance:db.HrmDeptParentEventBase->db.HrmDeptEventBase	-328.58,20039.55 -1032.07,20286.80
edge:inheritance:db.HrmDeptStatusEventBase->db.HrmDeptEventBase	-91.16,21329.10 -1098.84,20360.80
edge:inheritance:db.HrmDocument->db.HrmApprovable	2122.65,15636.13 2835.09,17776.27
edge:inheritance:db.HrmEmpAbsenceEvent->db.HrmEmpStatusEventBase	4840.09,15728.13 5360.86,15824.36
edge:inheritance:db.HrmEmpAffiliationChangedEvent->db.HrmEmpAffiliationEventBase	3296.30,16952.39 3511.71,17011.49
edge:inheritance:db.HrmEmpAffiliationEventBase->db.HrmEmpEventBase	3765.71,17028.83 4169.43,16973.19
edge:inheritance:db.HrmEmpContractModusignDocument->db.ModusignDocument	28660.25,37316.53 23737.73,20721.31
edge:inheritance:db.HrmEmpDepartedEvent->db.HrmEmpStatusEventBase	5709.56,15847.43 5608.86,15847.36
edge:inheritance:db.HrmEmpEmploymentTypeChangedEvent->db.HrmEmpEmploymentTypeEventBase	4724.45,17098.35 4660.44,17055.57
edge:inheritance:db.HrmEmpEmploymentTypeEventBase->db.HrmEmpEventBase	4463.08,16991.01 4405.43,16979.82
edge:inheritance:db.HrmEmpJobChangedEvent->db.HrmEmpJobEventBase	3539.95,16299.03 3689.71,16778.87
edge:inheritance:db.HrmEmpJobEventBase->db.HrmEmpEventBase	3819.26,16844.26 4169.43,16928.53
edge:inheritance:db.HrmEmpJoinedEvent->db.HrmEmpStatusEventBase	5029.12,16442.59 5444.29,15900.27
edge:inheritance:db.HrmEmpReturnToWorkEvent->db.HrmEmpStatusEventBase	5245.45,15743.33 5362.78,15794.27
edge:inheritance:db.HrmEmpStatusEventBase->db.HrmEmpEventBase	5427.67,15900.27 4327.36,16919.92
edge:inheritance:db.HrmFamilyCareLeave->db.HrmLeaveBase	1966.75,20835.64 3073.57,20877.78
edge:inheritance:db.HrmFixedWork->db.HrmWorkBase	1863.02,18789.28 1865.11,18934.02
edge:inheritance:db.HrmGrantableLeave->db.HrmLeaveBase	3494.84,20242.28 3242.07,20809.96
edge:inheritance:db.HrmInfertilityTreatmentLeave->db.HrmLeaveBase	2974.51,20332.72 3178.38,20809.96
edge:inheritance:db.HrmLeaveUsage->db.HrmApprovable	6963.64,18414.74 2975.40,17843.04
edge:inheritance:db.HrmMaternityLeave->db.HrmLeaveBase	1966.75,21048.13 3073.57,20901.03
edge:inheritance:db.HrmMenstrualLeave->db.HrmLeaveBase	2483.41,21273.91 3073.98,20955.96
edge:inheritance:db.HrmMiscarriageLeave->db.HrmLeaveBase	1966.75,21154.38 3073.57,20912.66
edge:inheritance:db.HrmPaternityLeave->db.HrmLeaveBase	2467.10,21143.15 3073.57,20930.62
edge:inheritance:db.HrmPersonalLocation->db.HrmApprovable	6355.01,16204.99 2957.36,17776.27
edge:inheritance:db.HrmReserveTrainingLeave->db.HrmLeaveBase	2258.31,21589.57 3111.30,20955.96
edge:inheritance:db.HrmSelectiveWork->db.HrmWorkBase	1985.21,19172.67 1906.93,19056.02
edge:inheritance:db.HrmSelectiveWorkPlan->db.HrmApprovable	3865.55,18038.04 2975.40,17851.28
edge:inheritance:db.HrmStaggeredWork->db.HrmWorkBase	771.49,19504.33 1735.99,19055.51
edge:inheritance:db.IBKSignupChannel->db.SignupChannel	25874.53,14584.37 25178.66,14567.59
edge:inheritance:db.IaCertificateOfInvestmentDocument->db.InvestmentAssociationDocument	36808.45,18586.91 35867.30,19300.74
edge:inheritance:db.IaConsentFormDocument->db.InvestmentAssociationDocument	36254.47,18527.41 35821.07,19300.74
edge:inheritance:db.IaConsentFormOrMeetingElectronicSignatureRequestModusignDocument->db.ModusignDocument	28412.03,20425.21 23849.70,20634.08
edge:inheritance:db.IaConsentFormOrMeetingElectronicSignatureRequestModusignEmbeddedDraft->db.ModusignEmbeddedDraft	28490.15,20702.73 23021.70,21815.95
edge:inheritance:db.IaConsentFormOrMeetingElectronicSignatureRequiredDocument->db.InvestmentAssociationDocument	34017.27,19879.19 35643.88,19403.55
edge:inheritance:db.IaExpertPartnerBulkEmailTemplate->db.BulkEmailTemplate	20890.31,15419.88 19500.89,15044.73
edge:inheritance:db.IaExplanationFormForElectronicSignatureDocument->db.InvestmentAssociationDocument	37596.85,18599.24 35929.88,19301.50
edge:inheritance:db.IaGpAppointmentEvent->db.InvestmentAssociationEvent	35506.02,17869.09 33494.49,17657.63
edge:inheritance:db.IaGpTerminationEvent->db.InvestmentAssociationEvent	35840.14,18162.72 33494.49,17670.22
edge:inheritance:db.IaMeetingAgendaCustom->db.IaMeetingAgenda	35962.31,20828.89 35643.81,20567.02
edge:inheritance:db.IaMeetingMinutesDocument->db.InvestmentAssociationDocument	35202.26,19987.04 35729.85,19422.74
edge:inheritance:db.IaMeetingNoticeDocument->db.InvestmentAssociationDocument	34922.12,19870.68 35683.23,19422.74
edge:inheritance:db.IaMeetingSealedNoticeDocumentFile->db.FileAttachment	32550.86,20046.76 20788.00,18506.14
edge:inheritance:db.IaMeetingShortenPeriodDocument->db.InvestmentAssociationDocument	37257.20,19281.74 35929.88,19353.96
edge:inheritance:db.IaModusignDocumentUsageHistory->db.BaseModusignDocumentUsageHistory	27556.39,14712.43 25436.23,13648.35
edge:inheritance:db.IaOwnerAuditLog->db.AuditLog	24183.86,6349.01 17603.39,6466.56
edge:inheritance:db.IaPartnerListDocument->db.InvestmentAssociationDocument	35704.22,19129.87 35765.13,19300.74
edge:inheritance:db.IaPaymentLink->db.PaymentLink	26792.54,13439.40 25280.06,13319.79
edge:inheritance:db.IaPfCompanyInvestmentSalesIntent->db.SalesIntent	35158.70,22852.95 35545.42,23051.51
edge:inheritance:db.IaQuestionThread->db.QuestionThread	26651.77,13690.06 21075.12,12659.08
edge:inheritance:db.IaRuleDocument->db.InvestmentAssociationDocument	32838.49,19190.44 35643.88,19353.43
edge:inheritance:db.IaSealStampImage->db.FileAttachment	22044.89,18267.23 20788.00,18453.16
edge:inheritance:db.IaWrittenResolutionDocument->db.InvestmentAssociationDocument	35969.42,19629.88 35828.41,19422.74
edge:inheritance:db.ImAcVcBroker->db.ImZuzuBroker	29423.82,12313.13 31922.64,12204.71
edge:inheritance:db.ImIndividualGpBroker->db.ImZuzuBroker	31682.19,12352.18 31953.72,12236.59
edge:inheritance:db.ImInvestorBroker->db.ImBroker	35094.31,12287.79 33714.56,12133.02
edge:inheritance:db.ImIrPartnerBroker->db.ImBroker	31295.90,12059.16 33466.56,12115.87
edge:inheritance:db.ImPitchingDay->db.ImDay	33053.23,10375.95 33939.65,10924.64
edge:inheritance:db.ImPitchingDayParticipation->db.ImDayParticipation	31717.10,10041.85 32815.90,10504.83
edge:inheritance:db.ImZuzuBroker->db.ImBroker	32158.64,12193.46 33466.56,12125.55
edge:inheritance:db.InauguralConsentDocument->db.MeetingDocument	13389.12,23357.01 14689.72,25904.84
edge:inheritance:db.IncorporationRequestAssistanceReceipt->db.FileAttachment	21640.32,17306.55 20788.00,18267.13
edge:inheritance:db.IndividualStakeholder->db.Stakeholder	7738.60,21912.63 9824.58,19478.24
edge:inheritance:db.IndividualStockOptionCancelEvent->db.IndividualInvestorEvent	38435.66,28675.92 37152.37,28060.00
edge:inheritance:db.IndividualStockOptionExerciseEvent->db.IndividualInvestorEvent	38865.93,29743.79 37105.65,28060.00
edge:inheritance:db.IndividualStockOptionGrantEvent->db.IndividualInvestorEvent	37207.35,26327.13 37062.58,27970.00
edge:inheritance:db.IndividualStockOptionPauseEvent->db.IndividualInvestorEvent	32754.57,27318.35 36934.61,27994.93
edge:inheritance:db.IndividualStockOptionResumeEvent->db.IndividualInvestorEvent	33523.78,29378.17 36941.92,28060.00
edge:inheritance:db.IndividualStockOptionSalesIntent->db.SalesIntent	34020.94,23103.55 35499.48,23089.62
edge:inheritance:db.InputSignupChannel->db.SignupChannel	25968.91,15025.23 25136.04,14605.60
edge:inheritance:db.InstitutionStakeholder->db.Stakeholder	10051.64,21126.14 9967.16,19478.24
edge:inheritance:db.InvestmentAssociationAssociationPartner->db.InvestmentAssociationOrganizationPartner	36502.45,15918.74 38114.92,16816.84
edge:inheritance:db.InvestmentAssociationCorporationPartner->db.InvestmentAssociationOrganizationPartner	39201.95,15965.32 38257.26,16816.84
edge:inheritance:db.InvestmentAssociationIndividualPartner->db.InvestmentAssociationPartner	36652.06,17122.85 39437.56,18167.31
edge:inheritance:db.InvestmentAssociationOrganizationPartner->db.InvestmentAssociationPartner	38253.03,16914.84 39483.05,18117.18
edge:inheritance:db.InvestmentAssociationOrganizationPartnerCorporationSigner->db.InvestmentAssociationOrganizationPartnerSigner	38565.53,14904.67 38120.34,15049.32
edge:inheritance:db.InvestmentAssociationOrganizationPartnerIndividualSigner->db.InvestmentAssociationOrganizationPartnerSigner	37818.77,14963.00 37925.96,15049.32
edge:inheritance:db.InvestmentAssociationPartnerSalesIntent->db.SalesIntent	37022.05,21862.27 35659.86,23051.51
edge:inheritance:db.InvestmentContractHolder->db.Stakeholder	11557.30,16051.85 10035.86,19164.24
edge:inheritance:db.InvestorRelations->db.InvestorMatching	30487.67,7676.15 28441.30,10813.38
edge:inheritance:db.IrClosingComplete->db.IrClosing	31974.78,5141.94 33065.76,6625.62
edge:inheritance:db.IrClosingExpired->db.IrClosing	33082.52,7190.72 33094.86,6707.62
edge:inheritance:db.IrClosingIncomplete->db.IrClosing	34178.60,6699.07 33219.91,6670.34
edge:inheritance:db.IrConsultingRequest->db.ImConsultingRequest	27828.47,9899.00 26958.17,9537.82
edge:inheritance:db.IrFeed->db.Feed	30078.06,7361.69 28941.72,6596.29
edge:inheritance:db.IrosOtpIssueMeetingDocument->db.MeetingDocument	9874.19,22805.56 14612.28,25982.49
edge:inheritance:db.LawtalkSignupAttachment->db.FileAttachment	19267.59,17165.34 20408.00,18293.33
edge:inheritance:db.LedgerByCustomerDocument->db.MeetingDocument	16337.90,23316.57 14899.74,25904.84
edge:inheritance:db.LegalPartnerSignupChannel->db.SignupChannel	24148.35,14342.37 24930.66,14534.20
edge:inheritance:db.ManualOptionVesting->db.OptionVesting	14511.47,18547.92 14538.22,18441.66
edge:inheritance:db.ManualProduct->db.Product	24496.93,12141.65 24640.15,12208.83
edge:inheritance:db.MeetingAttachment->db.FileAttachment	18640.17,17797.52 20408.00,18414.91
edge:inheritance:db.Mna->db.InvestorMatching	27954.36,10727.77 28238.64,10846.88
edge:inheritance:db.MnaConsultingRequest->db.ImConsultingRequest	26795.89,9667.12 26844.09,9537.82
edge:inheritance:db.NcpSignupChannel->db.SignupChannel	26669.84,14986.44 25178.66,14596.99
edge:inheritance:db.NewCeoCertificateOfSealDocument->db.MeetingDocument	17085.36,28573.82 14968.28,26293.56
edge:inheritance:db.NewCeoResidentRegistrationDocument->db.MeetingDocument	17437.68,29329.28 14951.87,26298.84
edge:inheritance:db.NewIssueNoticeEmail->db.BulkEmail	13115.33,20740.91 13573.49,17310.73
edge:inheritance:db.NewIssueSkipNoticeDocument->db.MeetingDocument	15346.38,23224.34 14828.35,25904.84
edge:inheritance:db.NewIssueStockAcceptanceDocument->db.MeetingDocument	17756.31,26066.36 14968.28,26099.71
edge:inheritance:db.NewIssueStockAllocationDocument->db.MeetingDocument	18037.57,24059.95 14968.28,25989.91
edge:inheritance:db.NewIssueStockAllocationRecordDateNoticeDocument->db.MeetingDocument	20316.50,23947.60 14968.28,26032.45
edge:inheritance:db.NewIssueStockSubscriptionDocument->db.MeetingDocument	17386.52,25200.08 14968.28,26040.01
edge:inheritance:db.NewIssueStockUnissuedConfirmationDocument->db.MeetingDocument	18113.35,25498.56 14968.28,26069.53
edge:inheritance:db.NonUnifiedShareManagementSalesIntent->db.SalesIntent	33613.69,24428.10 35562.13,23125.51
edge:inheritance:db.NonUnifiedShareSucPoaModusignDocument->db.ModusignDocument	24843.08,20991.88 23849.70,20682.65
edge:inheritance:db.NotarizationPoaDocument->db.MeetingDocument	19923.11,27077.98 14968.28,26135.69
edge:inheritance:db.OptionExerciseClaimAttachment->db.FileAttachment	12831.32,17598.44 20408.00,18459.66
edge:inheritance:db.OptionExerciseClaimMeetingDocument->db.MeetingDocument	13206.80,21626.25 14720.58,25904.84
edge:inheritance:db.OptionExerciseManagementEmail->db.BulkEmail	13804.14,16516.30 13603.77,17172.73
edge:inheritance:db.OptionGrantContractCeo->db.OptionGrantContractStakeholder	19713.79,15442.40 19308.65,15293.60
edge:inheritance:db.OptionGrantContractFirstRefusalRightHolder->db.OptionGrantContractStakeholder	19823.30,15331.24 19308.84,15260.48
edge:inheritance:db.OptionGrantContractModusignDocument->db.ModusignDocument	21702.90,19486.68 23577.70,20562.28
edge:inheritance:db.OptionGrantContractModusignEmbeddedDraft->db.ModusignEmbeddedDraft	22303.83,21093.17 22855.62,21788.19
edge:inheritance:db.OptionGrantEvent->db.Event	15003.03,18456.01 15553.70,16987.13
edge:inheritance:db.OptionGrantee->db.Stakeholder	13852.41,19185.14 10125.11,19315.44
edge:inheritance:db.OptionWithdrawEvent->db.Event	14702.34,16467.89 15446.56,16810.08
edge:inheritance:db.OtherDocumentArchiveAttachment->db.FileAttachment	20245.89,17240.33 20536.43,18264.26
edge:inheritance:db.PageNumberUpdatedPdfEvent->db.PdfEvent	34593.10,11473.14 34284.83,11434.69
edge:inheritance:db.PayrollStatementEmail->db.BulkEmail	10898.78,17220.46 13452.71,17240.70
edge:inheritance:db.PayrollStatementEmailRecipient->db.BulkEmailRecipient	10377.32,18725.50 17148.52,19110.38
edge:inheritance:db.PerformanceRsuVestingItem->db.RsuVestingItem	14507.52,14793.09 14442.29,14784.32
edge:inheritance:db.PeriodPhantomStockVestingItem->db.PhantomStockVestingItem	8703.99,18293.37 8493.78,18009.48
edge:inheritance:db.PeriodRsuVestingItem->db.RsuVestingItem	14591.32,14707.43 14442.29,14740.30
edge:inheritance:db.PeriodicOptionVesting->db.OptionVesting	14198.02,18520.73 14436.12,18441.66
edge:inheritance:db.PhantomStockCancelEvent->db.Event	14742.77,17103.80 15446.56,16917.34
edge:inheritance:db.PhantomStockExerciseEvent->db.Event	15401.61,17238.32 15536.17,16987.13
edge:inheritance:db.PhantomStockGrantEvent->db.Event	14870.29,16938.71 15446.56,16890.51
edge:inheritance:db.PhantomStockGrantee->db.Stakeholder	9256.85,18199.56 9860.82,19164.24
edge:inheritance:db.PhantomStockPauseEvent->db.Event	15454.23,16235.89 15570.74,16769.13
edge:inheritance:db.PhantomStockResumeEvent->db.Event	15395.96,16492.02 15538.49,16769.13
edge:inheritance:db.PingpongDeliveryAddress->db.Address	23690.59,14275.27 24079.30,18813.85
edge:inheritance:db.Playbook->db.MembershipContent	-1668.93,4499.94 -1435.93,4958.39
edge:inheritance:db.Post->db.MembershipContent	-1867.34,4981.27 -1537.06,4997.35
edge:inheritance:db.ProofOfEmploymentDocument->db.MeetingDocument	18637.52,27984.11 14968.28,26188.93
edge:inheritance:db.QuarterlyReportRequestAttachment->db.FileAttachment	26925.27,16869.66 20788.00,18432.87
edge:inheritance:db.QuarterlyReportSignupChannel->db.SignupChannel	28142.76,14906.40 25178.66,14578.32
edge:inheritance:db.QuestionMessageAttachment->db.FileAttachment	21663.49,16183.02 20698.60,18264.26
edge:inheritance:db.RegistrationAssistanceReceipt->db.FileAttachment	21637.62,16995.50 20749.84,18264.26
edge:inheritance:db.RegistrationFormAllInOneDocument->db.MeetingDocument	16035.86,25080.82 14968.28,25955.93
edge:inheritance:db.RegistrationFormAoiChangeDocument->db.MeetingDocument	13615.62,25743.53 14612.28,26047.54
edge:inheritance:db.RegistrationFormBranchChangeDocument->db.MeetingDocument	19542.20,28255.35 14968.28,26182.51
edge:inheritance:db.RegistrationFormCaptableDocument->db.MeetingDocument	16493.76,25133.50 14968.28,26000.66
edge:inheritance:db.RegistrationFormCeoAddressChangeDocument->db.MeetingDocument	16169.79,25951.99 14968.28,26082.50
edge:inheritance:db.RegistrationFormDirectorChangeDocument->db.MeetingDocument	17804.28,27978.55 14968.28,26212.67
edge:inheritance:db.RegistrationFormHeadOfficeInsideRelocationDocument->db.MeetingDocument	19167.07,24060.52 14968.28,26018.82
edge:inheritance:db.RegistrationFormHeadOfficeOutsideRelocationDocument->db.MeetingDocument	19638.81,24024.29 14968.28,26025.57
edge:inheritance:db.RegistrationFormNewIssueDocument->db.MeetingDocument	15647.56,24009.01 14870.98,25904.84
edge:inheritance:db.RegistrationFormNewOptionsRuleDocument->db.MeetingDocument	14730.06,27462.35 14781.56,26298.84
edge:inheritance:db.RegistrationPoaDocument->db.MeetingDocument	16122.75,29619.64 14864.90,26298.84
edge:inheritance:db.RegularProduct->db.Product	24598.38,12341.41 24672.32,12282.83
edge:inheritance:db.ResignationLetterDocument->db.MeetingDocument	13119.23,24316.34 14612.28,25911.65
edge:inheritance:db.ResignedDirectorCertificateOfSealDocument->db.MeetingDocument	14124.71,26225.69 14612.28,26134.96
edge:inheritance:db.RsaForfeitEvent->db.Event	15212.98,16857.49 15446.56,16870.13
edge:inheritance:db.RsaVestConfirmEvent->db.Event	15943.45,16938.05 15742.56,16903.55
edge:inheritance:db.RsuCancelEvent->db.Event	15106.65,16374.30 15489.00,16769.13
edge:inheritance:db.RsuExerciseClaimCandidateEmailRecipient->db.BulkEmailRecipient	12519.85,16681.19 17167.20,19060.77
edge:inheritance:db.RsuExerciseEvent->db.Event	15017.67,16499.04 15446.56,16780.88
edge:inheritance:db.RsuExerciseManagementEmail->db.BulkEmail	12366.14,16216.82 13500.81,17172.73
edge:inheritance:db.RsuGrantContractModusignDocument->db.ModusignDocument	21499.57,19136.81 23594.42,20559.31
edge:inheritance:db.RsuGrantEvent->db.Event	14840.21,16808.58 15446.56,16864.48
edge:inheritance:db.RsuGrantee->db.Stakeholder	12138.68,16896.23 10100.22,19164.24
edge:inheritance:db.RsuPauseEvent->db.Event	15004.40,17417.92 15475.39,16987.13
edge:inheritance:db.RsuPerformanceAchievementEvent->db.Event	15307.55,16645.22 15460.24,16769.13
edge:inheritance:db.RsuResumeEvent->db.Event	14967.58,17278.69 15446.56,16972.68
edge:inheritance:db.RtccEmail->db.BulkEmail	13840.07,17111.67 13712.71,17176.03
edge:inheritance:db.RtccInvestorFile->db.FileAttachment	15812.77,17644.23 20408.00,18448.03
edge:inheritance:db.SafeCreateEvent->db.Event	16716.31,17502.77 15742.56,16960.54
edge:inheritance:db.SalesReportDocument->db.MeetingDocument	14067.62,27512.00 14689.32,26298.84
edge:inheritance:db.SealStampCardContinuedUseApplicationFormDocument->db.MeetingDocument	9309.83,23288.16 14612.28,26010.45
edge:inheritance:db.SealStampDeclarationDocument->db.MeetingDocument	9611.41,23136.75 14612.28,25999.93
edge:inheritance:db.SealStampImage->db.FileAttachment	17334.06,15878.42 20408.00,18329.74
edge:inheritance:db.SealedOptionGrantContractDocument->db.MeetingDocument	20043.77,26224.50 14968.28,26106.00
edge:inheritance:db.SealedOptionGrantShareholdersMeetingResolutionDocument->db.MeetingDocument	13819.32,26589.56 14612.28,26191.25
edge:inheritance:db.Shareholder->db.Stakeholder	10672.92,22672.54 9992.55,19478.24
edge:inheritance:db.ShareholdersAgreementModusignDocument->db.ModusignDocument	22799.58,20599.82 23577.70,20634.29
edge:inheritance:db.ShareholdersAgreementModusignEmbeddedDraft->db.ModusignEmbeddedDraft	22565.69,21980.84 22773.70,21893.35
edge:inheritance:db.ShareholdersCertificateOfSealDocument->db.MeetingDocument	13600.68,27885.95 14658.93,26298.84
edge:inheritance:db.ShareholdersMeetingAuditReportDocument->db.MeetingDocument	16821.58,26775.61 14968.28,26160.88
edge:inheritance:db.ShareholdersMeetingConvocationNoticeEmail->db.BulkEmail	18007.08,20643.89 13672.44,17310.73
edge:inheritance:db.ShareholdersMeetingConvocationNoticeEmailAttachment->db.FileAttachment	20000.14,20382.90 20529.78,18698.26
edge:inheritance:db.ShareholdersMeetingConvocationNoticeEmailRecipient->db.ShareholdersMeetingConvocationNoticeRecipient	20917.57,22308.46 19272.99,21320.72
edge:inheritance:db.ShareholdersMeetingConvocationNoticeWrittenRecipient->db.ShareholdersMeetingConvocationNoticeRecipient	19307.40,21687.48 19210.01,21320.72
edge:inheritance:db.ShareholdersMeetingMinutesDocument->db.MeetingDocument	14201.26,26418.79 14612.28,26197.62
edge:inheritance:db.ShareholdersMeetingNoticeDocument->db.MeetingDocument	21074.36,27154.23 14968.28,26131.65
edge:inheritance:db.ShareholdersMeetingPowerOfAttorneyDocument->db.MeetingDocument	17227.88,25559.16 14968.28,26062.21
edge:inheritance:db.ShareholdersMeetingPowerOfAttorneyIndividualDocument->db.MeetingDocument	16360.98,24402.89 14968.28,25909.31
edge:inheritance:db.ShareholdersMeetingShortenPeriodDocument->db.MeetingDocument	11684.54,29208.13 14612.28,26279.87
edge:inheritance:db.ShareholdersMeetingShortenPeriodIndividualDocument->db.MeetingDocument	16200.12,23731.52 14907.45,25904.84
edge:inheritance:db.ShareholdersMeetingSkipNoticeDocument->db.MeetingDocument	15027.31,28097.57 14813.68,26298.84
edge:inheritance:db.ShareholdersMeetingWrittenDecisionDocument->db.MeetingDocument	13354.66,26603.90 14612.28,26164.09
edge:inheritance:db.ShareholdersMeetingWrittenDecisionIndividualDocument->db.MeetingDocument	16270.10,24009.77 14929.63,25904.84
edge:inheritance:db.ShareholdersWrittenResolutionDocument->db.MeetingDocument	20749.32,28520.60 14968.28,26174.09
edge:inheritance:db.StockTransferAgreementModusignDocument->db.ModusignDocument	20645.61,20274.04 23577.70,20624.07
edge:inheritance:db.StockTransferAgreementModusignEmbeddedDraft->db.ModusignEmbeddedDraft	19525.87,19991.42 22801.09,21788.19
edge:inheritance:db.SubscriptionModusignDocumentUsageHistory->db.BaseModusignDocumentUsageHistory	23770.25,10489.32 25333.71,13566.35
edge:inheritance:db.TaxReceiptDocument->db.MeetingDocument	15796.28,24685.75 14930.23,25904.84
edge:inheritance:db.Template->db.MembershipContent	-1780.69,5151.66 -1524.64,5048.39
edge:inheritance:db.TextValueWithVisibility->db.ValueWithVisibility	37917.83,5999.11 37266.13,5890.10
edge:inheritance:db.UserProfileImage->db.FileAttachment	22154.11,18987.81 20788.00,18543.11
edge:inheritance:db.VentureCapitalPaymentLink->db.PaymentLink	31333.22,12714.98 25280.06,13298.04
edge:inheritance:db.Webinar->db.MembershipContent	-2023.43,4732.61 -1514.49,4958.39
edge:inheritance:db.Whitepaper->db.MembershipContent	231.37,6397.15 -1359.97,5048.39
edge:inheritance:db.WrittenStatementDocument->db.MeetingDocument	14097.63,26084.33 14612.28,26097.34
edge:inheritance:db.YetsAssistanceCreatorUser->db.YetsAssistanceCreator	11748.64,30332.13 12043.98,30181.34
edge:inheritance:db.YetsAssistanceCreatorYetsEmployee->db.YetsAssistanceCreator	7674.71,30180.15 11998.45,30145.29
edge:inheritance:db.YetsAssistanceMessageFile->db.FileAttachment	24459.53,31026.08 20664.80,18698.26
edge:inheritance:db.YetsEmail->db.BulkEmail	8845.05,19982.69 13463.45,17310.73
edge:inheritance:db.YetsEmployeeFile->db.FileAttachment	25982.07,32355.72 20682.21,18698.26
edge:inheritance:db.YetsEmployeeResultWhtReceipt->db.FileAttachment	23927.38,29943.60 20661.03,18698.26
edge:inheritance:db.ZuzuOptionGrantContractTemplate->db.OptionGrantContractTemplate	19950.42,16231.02 19536.41,16147.19
edge:inheritance:db.ZuzuOptionGrantContractTemplateRevision->db.OptionGrantContractTemplateRevision	20456.25,16321.49 20350.73,16383.83
