edge:declared:db.AgendaBonusIssue:certificate_of_payment_for_the_share_file	18252.91,20182.58 20048.87,18649.19
edge:declared:db.AgendaBonusIssue:meeting_draft	18031.41,20301.63 17456.90,20496.16
edge:declared:db.AgendaBonusIssueNewIssueBalanceCertificateFile:agenda_bonus_issue	18848.97,19456.08 18229.64,20182.58
edge:declared:db.AgendaBonusIssueNewIssueMinutesFile:agenda_bonus_issue	19315.64,19323.97 18257.39,20182.58
edge:declared:db.AgendaBonusIssueSharesToIssue:agenda_bonus_issue	17073.09,18899.19 18108.52,20182.58
edge:declared:db.AgendaBonusIssueSharesToIssue:share_class	17015.91,18825.19 16622.60,18292.64
edge:declared:db.AgendaBorrowCapital:meeting_draft	17501.06,20201.81 17381.83,20405.34
edge:declared:db.AgendaBranchChange:address	18128.21,20015.99 22563.75,18979.25
edge:declared:db.AgendaBranchChange:installation_event	18029.74,19995.97 18890.91,18342.91
edge:declared:db.AgendaBranchChange:meeting_draft	17935.63,20093.97 17456.90,20436.02
edge:declared:db.AgendaCashDividends:meeting_draft	16867.63,20558.28 17136.90,20553.30
edge:declared:db.AgendaCeoAddressChange:meeting_draft	14652.94,22073.25 17136.90,20642.50
edge:declared:db.AgendaCeoAddressChangeItem:agenda_ceo_address_change	14053.35,21491.92 14546.95,22073.25
edge:declared:db.AgendaCeoAddressChangeItem:stakeholder	13998.74,21417.92 12785.08,19481.54
edge:declared:db.AgendaChangeOfAoiClassStock:aoi	19428.65,20567.74 19287.57,20564.69
edge:declared:db.AgendaChangeOfAoiCustom:aoi	19765.09,19677.40 19152.71,20495.73
edge:declared:db.AgendaChangeOfAoiCustom:changed_part	19811.58,19595.40 20155.22,18703.97
edge:declared:db.AgendaChangeOfAoiDirectorCompensationRule:aoi	19579.44,20663.76 19287.57,20600.50
edge:declared:db.AgendaChangeOfAoiNumberOfDirectors:aoi	19125.73,20876.34 19108.53,20625.73
edge:declared:db.AgendaChangeOfAoiThirdPartyAllocation:aoi	19155.41,20741.58 19122.52,20625.73
edge:declared:db.AgendaChangeOfArticlesOfIncorporation:_deprecated_changed_part	19139.90,20495.73 20127.63,18703.97
edge:declared:db.AgendaChangeOfArticlesOfIncorporation:meeting_draft	18920.57,20573.16 17456.90,20672.29
edge:declared:db.AgendaCoCeoSystemChange:meeting_draft	16962.82,21040.80 17198.13,20695.34
edge:declared:db.AgendaCompanyNameChange:meeting_draft	17734.34,20896.07 17456.90,20676.79
edge:declared:db.AgendaCustom:meeting_draft	17029.67,20894.42 17184.29,20695.34
edge:declared:db.AgendaDirectorChange:stakeholder	14312.60,22782.08 12760.51,19481.54
edge:declared:db.AgendaDirectorCompensationItem:director_compensation	14023.75,20478.30 16116.30,21743.45
edge:declared:db.AgendaDirectorCompensationItem:stakeholder	13920.28,20404.30 12852.68,19469.84
edge:declared:db.AgendaDirectorCompensationRule:meeting_draft	17384.16,21130.18 17318.72,20695.34
edge:declared:db.AgendaFinancialStatements:audit_report	18331.89,19833.96 20048.87,18621.18
edge:declared:db.AgendaFinancialStatements:meeting_draft	18191.62,19931.96 17456.90,20439.76
edge:declared:db.AgendaHeadOfficeRelocation:address	18807.49,21607.82 22563.75,19048.19
edge:declared:db.AgendaHeadOfficeRelocation:meeting_draft	18661.32,21607.82 17456.90,20674.34
edge:declared:db.AgendaHeadOfficeRelocationAoiChange:meeting_draft	18562.07,22153.86 17411.30,20695.34
edge:declared:db.AgendaMethodOfGivingPublicNoticeChange:daily_newspaper	17710.01,20490.93 18017.99,15201.44
edge:declared:db.AgendaMethodOfGivingPublicNoticeChange:meeting_draft	17522.62,20540.22 17456.90,20543.17
edge:declared:db.AgendaNewIssue:financial_statements	17120.25,22275.97 20060.27,18703.97
edge:declared:db.AgendaNewIssue:meeting_draft	17061.87,22275.97 17277.15,20695.34
edge:declared:db.AgendaNewIssueItem:new_issue	19454.64,25314.35 17119.49,22445.97
edge:declared:db.AgendaNewIssueItemFromConversion:new_issue_item	19415.74,25767.38 19492.18,25444.35
edge:declared:db.AgendaNewIssueItemFromPayment:new_issue_item	19073.64,25491.23 19377.56,25412.87
edge:declared:db.AgendaNewIssueItemInstitutionMember:institution	20753.81,25947.16 19681.33,24969.16
edge:declared:db.AgendaNewIssueItemInstitutionMemberCeo:member	19914.85,25567.31 20716.31,25947.16
edge:declared:db.AgendaNewIssueItemShareClass:item	19068.62,25213.61 19377.56,25330.26
edge:declared:db.AgendaNewIssueItemShareholder:item	19629.74,24969.16 19526.92,25314.35
edge:declared:db.AgendaNewIssueNewShareClass:new_issue	17326.92,22392.96 17186.29,22376.69
edge:declared:db.AgendaNewOptionsRule:meeting_draft	17429.79,21006.41 17339.15,20695.34
edge:declared:db.AgendaNewOrChangeRsuRule:meeting_draft	17398.31,20765.80 17365.14,20695.34
edge:declared:db.AgendaOptionCancel:meeting_draft	16270.24,20904.06 17136.90,20577.33
edge:declared:db.AgendaOptionCancelGrantee:option_cancel	15773.16,20927.48 16022.24,20928.11
edge:declared:db.AgendaOptionCancelGrantee:option_grantee	15644.70,20886.16 15546.11,19241.31
edge:declared:db.AgendaOptionCancelOption:_deprecated_grantee	15773.61,21016.56 15705.15,20968.16
edge:declared:db.AgendaOptionCancelOption:option_cancel	15931.51,21016.56 16026.86,20977.43
edge:declared:db.AgendaOptionCancelOptionDistribution:option	15738.86,21164.88 15796.18,21098.56
edge:declared:db.AgendaOptionExercise:meeting_draft	14755.76,21841.11 17136.90,20631.61
edge:declared:db.AgendaOptionExerciseClaim:option_exercise	14820.50,21471.43 14678.16,21841.11
edge:declared:db.AgendaOptionExerciseClaim:option_exercise_claim	14822.81,21389.43 13661.53,17857.06
edge:declared:db.AgendaOptionExerciseGrantee:option_exercise	15181.19,21436.24 14715.63,21841.11
edge:declared:db.AgendaOptionExerciseGrantee:option_grantee	15239.25,21346.24 15534.69,19241.31
edge:declared:db.AgendaOptionExerciseGranteeOption:grantee	15228.28,21711.68 15232.28,21436.24
edge:declared:db.AgendaOptionGrant:meeting_draft	16677.94,19741.80 17185.90,20405.34
edge:declared:db.AgendaOptionGrantGrantee:_deprecated_option_grant_event	16003.47,19140.61 16220.16,18589.07
edge:declared:db.AgendaOptionGrantGrantee:option_grant	16047.92,19238.61 16585.00,19651.80
edge:declared:db.AgendaOptionGrantGrantee:option_grantee	15860.22,19188.12 15672.69,19185.87
edge:declared:db.AgendaOptionGrantGrantee:stakeholder	15860.22,19194.68 12852.68,19317.75
edge:declared:db.AgendaPurposeChange:meeting_draft	18141.09,21648.65 17408.35,20695.34
edge:declared:db.AgendaPurposeChangeItem:agenda_purpose_change	18150.43,21862.20 18167.33,21730.65
edge:declared:db.AgendaRsuGrant:meeting_draft	16691.60,20725.08 17136.90,20568.97
edge:declared:db.AgendaRsuGrantGrantee:rsu	14937.80,18087.11 15993.75,15334.57
edge:declared:db.AgendaRsuGrantGrantee:rsu_grant	14946.63,18169.11 16467.23,20707.99
edge:declared:db.AgendaRsuGrantGrantee:stakeholder	14845.31,18169.11 12852.68,19233.37
edge:declared:db.AgendaSubsidiaryEstablishment:meeting_draft	16701.91,21485.89 17204.68,20695.34
edge:declared:db.AgendaTemplate:company	23193.48,8416.32 17154.62,12342.97
edge:declared:db.AiPayrollLedger:payroll	7845.43,5338.72 8879.68,4949.87
edge:declared:db.AlimtalkActivityRecipient:activity	30835.01,14331.59 31347.38,14144.82
edge:declared:db.AlimtalkActivityRecipientStatusHistory:recipient	30686.05,14462.19 30705.84,14413.59
edge:declared:db.AllocatedSeat:stakeholder	11234.36,13426.76 12648.02,19167.54
edge:declared:db.Announcement:company_set	20536.65,12264.30 17154.62,12455.75
edge:declared:db.Announcement:subscription_plan_set	20600.33,12216.28 20469.57,12127.41
edge:declared:db.AnnualSalary:employee	12585.21,14978.72 11784.96,15035.75
edge:declared:db.AnnualSalary:ledger	12821.21,14988.22 13485.23,15088.98
edge:declared:db.Article:third_party_provider	20134.82,19711.07 20121.48,19871.00
edge:declared:db.Article:thumbnail_image	20141.72,19629.07 20220.42,18703.97
edge:declared:db.ArticlePublishHistory:article	20240.76,19754.05 20188.29,19711.07
edge:declared:db.ArticlesOfIncorporation:_deprecated_daily_newspaper	17850.45,15257.22 17948.39,15201.44
edge:declared:db.ArticlesOfIncorporation:articles_of_incorporation_file	17795.08,15371.22 20068.67,18269.97
edge:declared:db.ArticlesOfIncorporation:company	17734.64,15257.22 17024.50,12683.51
edge:declared:db.ArticlesOfIncorporation:source_meeting	17752.90,15371.22 17845.60,17463.80
edge:declared:db.ArticlesOfIncorporationAnalyzationRequest:company	14979.36,7965.84 16868.90,12249.51
edge:declared:db.ArticlesOfIncorporationAnalyzationResult:request	13319.72,7976.96 14780.54,7934.18
edge:declared:db.AuditLog:actor_api_key	18420.83,5692.82 18186.76,7465.80
edge:declared:db.AvailableModusignRequest:company	21318.15,20580.00 17081.06,12683.51
edge:declared:db.AvailableModusignRequest:modusign_account	21360.03,20580.00 21410.96,20494.44
edge:declared:db.BalanceCertificateDocument:new_issue_agenda	15375.66,22432.84 16914.29,22366.80
edge:declared:db.BalanceCertificateDocument:option_exercise_agenda	15178.30,22398.51 14709.31,21939.11
edge:declared:db.BaseModusignDocumentUsageHistory:modusign_document	23482.20,13792.20 22462.81,20558.85
edge:declared:db.BaseModusignDocumentUsageHistory:purchase	23332.88,13757.15 22057.74,13805.97
edge:declared:db.BranchAbolitionEvent:installation_event	18836.50,18131.39 18892.34,18244.91
edge:declared:db.BranchChangeEvent:address	19405.56,18532.63 22563.75,18924.16
edge:declared:db.BranchChangeEvent:installation_event	19214.54,18476.26 18996.54,18342.91
edge:declared:db.BranchInstallationEvent:address	19040.44,18315.09 22563.75,18916.94
edge:declared:db.BulkEmail:sender_mail_integration	15128.96,17202.39 14951.29,17135.95
edge:declared:db.BulkEmail:template_revision	15388.96,17213.54 17672.39,16555.47
edge:declared:db.BulkEmailCommonAttachment:bulk_email	16953.73,17379.13 15388.96,17260.83
edge:declared:db.BulkEmailRecipient:bulk_email	17789.38,19064.66 15355.23,17320.00
edge:declared:db.BulkEmailRecipient:email_activity_recipient	17965.48,19178.66 23649.84,23064.19
edge:declared:db.BulkEmailRecipientAttachment:recipient	18742.67,18923.47 18012.49,19091.71
edge:declared:db.BulkEmailTemplateRevision:template	17832.12,16483.83 19243.75,15169.16
edge:declared:db.BusinessPlan:company	15568.53,11975.94 16774.62,12399.75
edge:declared:db.BusinessPlanAiAnalysis:business_plan_ai_review	14144.48,11163.46 15315.10,11753.84
edge:declared:db.BusinessPlanAiAnalysisItem:ai_analysis_feedback	12876.48,10539.60 12613.80,10401.16
edge:declared:db.BusinessPlanAiAnalysisItem:business_plan_ai_analysis	13038.17,10621.60 13995.41,11089.46
edge:declared:db.BusinessPlanAiAnalysisItemImprovement:ai_analysis_feedback	12569.51,10496.90 12550.81,10401.16
edge:declared:db.BusinessPlanAiAnalysisItemImprovement:business_plan_ai_analysis_item	12748.23,10555.11 12821.28,10564.15
edge:declared:db.BusinessPlanAiReview:business_plan	15415.41,11835.84 15446.07,11901.94
edge:declared:db.BusinessPlanAiReview:company	15492.13,11835.84 16774.62,12385.13
edge:declared:db.BusinessRegistrationCertificate:company	22885.37,8792.01 17154.62,12348.59
edge:declared:db.CaptableRequest:captable_file	18317.19,15339.85 20106.37,18269.97
edge:declared:db.CaptableRequest:company	18272.93,15257.85 17066.33,12683.51
edge:declared:db.CashIncentive:category	13351.15,13883.00 14561.77,13423.30
edge:declared:db.CashIncentive:employee	13184.70,13965.00 11784.96,14946.32
edge:declared:db.CashIncentiveCategory:company	14751.95,13349.30 16774.62,12542.31
edge:declared:db.CashIncentiveItem:cash_incentive	13017.29,13954.90 13119.18,13940.96
edge:declared:db.CashPayment:purchase	22006.42,14078.50 21947.78,13916.64
edge:declared:db.CeoAddressChangeEvent:director	16972.61,15982.03 17338.46,16370.13
edge:declared:db.Charge:credit	20251.81,13748.74 20414.92,13807.31
edge:declared:db.Charge:meeting	20113.42,13748.74 17919.87,17463.80
edge:declared:db.CmeBulkEmail:cme	18217.46,16505.41 19868.72,14548.89
edge:declared:db.CmeBulkEmailRecipient:_deprecated_cme_bulk_email	18718.65,16627.83 18306.86,16565.25
edge:declared:db.CmeBulkEmailRecipient:cme_company	18847.22,16605.68 19121.14,14147.59
edge:declared:db.CmeBulkEmailTemplate:cme	19786.40,14996.16 19906.17,14548.89
edge:declared:db.CmeCompany:company	19051.58,14033.59 17154.62,12609.18
edge:declared:db.CmeCompany:company_managing_entity	19242.87,14147.59 19793.58,14419.66
edge:declared:db.CmeCompany:contact_set	19248.49,14147.59 20168.02,14580.74
edge:declared:db.CmeCompanyContact:cme_company	19485.20,14163.64 19257.49,14117.14
edge:declared:db.CmeCompanyContactNotificationSettings:cme_company_contact	19582.71,14108.06 19593.69,14150.74
edge:declared:db.CmeCompanyDirectorTermManagement:cme_company	19466.14,13992.05 19257.49,14052.76
edge:declared:db.CmeCompanyNote:cme_company	19202.94,13898.34 19149.86,14033.59
edge:declared:db.CmeCompanyRegistration:cme_contact	20211.82,14735.89 20242.42,14670.74
edge:declared:db.CmeCompanyRegistration:company_managing_entity	20154.92,14735.89 19983.25,14548.89
edge:declared:db.CmeCompanyRegistrationFile:cme_company_registration	20297.67,14859.91 20244.47,14817.89
edge:declared:db.CmeContact:company_managing_entity	20155.70,14580.74 20053.58,14538.13
edge:declared:db.CmeMemberRelation:company_managing_entity	20232.98,14465.66 20053.58,14476.23
edge:declared:db.Company:sso_configuration	16774.62,12482.23 16438.46,12510.03
edge:declared:db.CompanyAddressChangeEvent:address	19485.89,18400.32 22563.75,18917.38
edge:declared:db.CompanyAppointedTransferAgentChange:company	20863.52,9656.24 17154.62,12329.56
edge:declared:db.CompanyAuthorizedSharesChange:company	22334.47,9477.42 17154.62,12360.75
edge:declared:db.CompanyBenefit:company	18624.02,8787.26 17062.49,12249.51
edge:declared:db.CompanyBulkEmailTemplate:company	18830.66,14449.17 17154.62,12668.38
edge:declared:db.CompanyCreateAssignmentReadiness:company	18327.75,9850.70 17077.70,12249.51
edge:declared:db.CompanyCreateProgress:company_create_request	22382.37,16774.87 22495.57,17061.33
edge:declared:db.CompanyCreateRequest:address	22528.29,17191.33 22704.23,18818.25
edge:declared:db.CompanyCreateRequest:articles_of_incorporation_attachment	22412.23,17191.33 20428.87,18373.70
edge:declared:db.CompanyCreateRequest:company	22443.75,17061.33 17154.62,12625.84
edge:declared:db.CompanyDepartment:department_code	12564.94,14084.79 12540.00,14040.55
edge:declared:db.CompanyDepartmentCode:organization_chart	12636.38,13950.07 14235.57,13415.14
edge:declared:db.CompanyDocumentAIAnalysis:company	19096.10,15915.53 17098.73,12683.51
edge:declared:db.CompanyDocumentAIAnalysis:file	19139.55,15997.53 20143.05,18269.97
edge:declared:db.CompanyDocumentDelivery:company	18542.11,12610.31 17154.62,12483.83
edge:declared:db.CompanyEndorsement:company	23972.73,7095.02 17154.62,12320.88
edge:declared:db.CompanyEndorsementFeed:company_endorsement	24184.26,6477.58 24031.41,7021.02
edge:declared:db.CompanyExpertClientRelation:company	20880.66,14444.54 17154.62,12562.48
edge:declared:db.CompanyExpertClientRelation:expert_client	20959.94,14518.54 20977.33,14625.26
edge:declared:db.CompanyFeed:company	25325.26,3728.99 17154.62,12267.95
edge:declared:db.CompanyFeedAccessLog:company_feeds	34766.82,3986.63 25499.97,3680.09
edge:declared:db.CompanyFeedAccessLog:venture_capital	34874.58,4027.53 32598.21,12250.52
edge:declared:db.CompanyFeedRating:company_feed	26762.14,3647.92 25499.97,3673.48
edge:declared:db.CompanyGuideState:company	19041.66,12684.52 17154.62,12486.45
edge:declared:db.CompanyInvestmentContractInfo:company	18634.38,12800.32 17154.62,12504.49
edge:declared:db.CompanyInvestorInterest:company	27258.20,8288.00 17154.62,12390.97
edge:declared:db.CompanyInvestorInterest:venture_capital	27394.94,8288.00 32357.46,12311.99
edge:declared:db.CompanyInvitation:invitee	20002.35,9540.13 17154.62,12283.47
edge:declared:db.CompanyIrClosingFeed:investor_relations	26389.46,6303.24 27225.34,7455.18
edge:declared:db.CompanyIrNewCommitFeed:investor_relations	26791.32,6162.31 27271.08,7455.18
edge:declared:db.CompanyIrOpenFeed:investor_relations	26914.79,5638.31 27292.16,7455.18
edge:declared:db.CompanyIrSetting:company	20185.72,9345.51 17154.62,12282.41
edge:declared:db.CompanyLegalPartnerRelation:company	21402.68,14388.89 17154.62,12548.81
edge:declared:db.CompanyLegalPartnerRelation:legal_partner	21496.89,14462.89 21537.00,14631.67
edge:declared:db.CompanyManagementAssignment:company	18328.07,9003.53 17047.58,12249.51
edge:declared:db.CompanyManagingEntity:expert_client	20053.58,14507.20 20861.31,14652.02
edge:declared:db.CompanyManagingEntity:expert_partner	20053.58,14505.47 21412.71,14731.10
edge:declared:db.CompanyManagingEntity:holding_company	19944.22,14418.89 19957.56,14376.87
edge:declared:db.CompanyMethodOfGivingPublicNoticeChange:company	17572.35,14576.04 17026.09,12683.51
edge:declared:db.CompanyMethodOfGivingPublicNoticeChange:daily_newspaper	17612.59,14650.04 17987.62,15119.44
edge:declared:db.CompanyMnaSetting:company	19867.52,9026.42 17147.73,12249.51
edge:declared:db.CompanyNameChange:company	14789.25,10909.21 16774.62,12330.49
edge:declared:db.CompanyNews:company	18170.82,8854.19 17037.08,12249.51
edge:declared:db.CompanyNewsFeed:company_news	20731.11,7088.78 18245.06,8772.19
edge:declared:db.CompanyNewsLink:company_news	18790.34,7767.92 18208.27,8772.19
edge:declared:db.CompanyNotificationSetting:company	16235.19,11492.66 16802.08,12249.51
edge:declared:db.CompanyNotificationTrigger:notification_setting	15971.45,11035.81 16186.68,11418.66
edge:declared:db.CompanyOptionRule:company	18386.19,12939.50 17154.62,12529.73
edge:declared:db.CompanyOverview:company	17377.07,9301.29 16992.90,12249.51
edge:declared:db.CompanyOwnerAddRequest:company	20066.38,9858.48 17154.62,12306.75
edge:declared:db.CompanyOwnerAuditLog:company	12320.38,8173.67 16774.62,12290.89
edge:declared:db.CompanyOwnerAuditLogOwnerRoleRelation:company_owner_audit_log	11719.43,8188.37 12152.02,8145.08
edge:declared:db.CompanyOwnerAuditLogOwnerRoleRelation:owner_role	11554.40,8242.93 12352.11,11062.43
edge:declared:db.CompanyOwnerNotificationTrigger:trigger	15904.52,11187.10 15941.59,11035.81
edge:declared:db.CompanyParValueChange:_deprecated_articles_of_incorporation	17626.91,15071.17 17721.42,15257.22
edge:declared:db.CompanyParValueChange:company	17598.85,14997.17 17019.00,12683.51
edge:declared:db.CompanyPaymentLink:company	21737.67,12194.79 17154.62,12455.69
edge:declared:db.CompanyPolicyFile:company	19785.49,8804.50 17131.78,12249.51
edge:declared:db.CompanyProfileAccessLog:company	27196.10,8513.52 17154.62,12393.10
edge:declared:db.CompanyProfileAccessLog:venture_capital	27340.68,8513.52 32357.46,12316.05
edge:declared:db.CompanyPromotionWinLog:company	15708.26,8233.50 16900.22,12249.51
edge:declared:db.CompanyPromotionWinLog:prize_type	15820.09,8184.58 16506.76,8140.73
edge:declared:db.CompanyPromotionWinLog:promotion	15748.62,8233.50 16224.87,8605.24
edge:declared:db.CompanyPurposeChange:company	17585.01,14133.34 17045.39,12683.51
edge:declared:db.CompanyPurposeChangeItem:company_purpose_change	17730.12,14442.25 17616.65,14207.34
edge:declared:db.CompanyPurposeChangeItem:industrial_code	17764.54,14516.25 17848.80,14704.62
edge:declared:db.CompanyQuestionThread:company	18985.06,14210.59 17154.62,12630.52
edge:declared:db.CompanyQuestionThread:expert_partner	19230.16,14325.78 21412.71,14728.27
edge:declared:db.CompanyRegistrationAssignment:company	21103.71,10288.90 17154.62,12366.55
edge:declared:db.CompanyRegistrationAssignmentLog:company	20005.77,11855.07 17154.62,12428.31
edge:declared:db.CompanyRsuRule:_deprecate_articles_of_incorporation	17668.74,15213.50 17704.18,15257.22
edge:declared:db.CompanyRsuRule:company	17629.53,15139.50 17017.13,12683.51
edge:declared:db.CompanySsoEmailDomain:configuration	15292.07,12503.84 16190.46,12518.29
edge:declared:db.CompanySsoIdentity:configuration	15926.77,12625.18 16190.46,12553.84
edge:declared:db.CompanyStockTransferRestrictedChange:company	17819.28,9142.95 17020.42,12249.51
edge:declared:db.CompanyStockValue:company	20825.34,10490.97 17154.62,12369.29
edge:declared:db.CompanyTag:company_set	21794.30,9195.56 17154.62,12337.83
edge:declared:db.CompanyTanTableView:company	13113.21,10055.47 16774.62,12347.57
edge:declared:db.CompanyTodo:company	22388.13,9847.16 17154.62,12374.75
edge:declared:db.CompanyUpdateRequest:change_detection	18473.88,14076.29 18490.04,14408.24
edge:declared:db.CompanyUpdateRequest:company	18432.49,13994.29 17154.62,12664.26
edge:declared:db.CompanyUpdateRequest:company_question_thread	18567.49,14076.29 18946.16,14238.69
edge:declared:db.CompanyUserRelation:company	11102.58,12363.82 16774.62,12463.18
edge:declared:db.CompanyUserRelation:stakeholder	10990.60,12410.65 12648.17,19167.54
edge:declared:db.CompanyUserRelationOwnerRoleRelation:company_user_relation	11700.03,11588.14 11024.28,12312.65
edge:declared:db.CompanyUserRelationOwnerRoleRelation:owner_role	11787.67,11514.14 12295.61,11160.43
edge:declared:db.ConsentForm:investor	25305.98,36661.19 13259.22,22796.06
edge:declared:db.ConsentForm:item	25336.21,36661.19 22868.69,26867.93
edge:declared:db.ConsentForm:uploaded_consent_form_file	25334.82,36661.19 20299.98,18703.97
edge:declared:db.ConsentFormModusignDocument:consent_form	25348.51,35773.99 25348.55,36661.19
edge:declared:db.ConsentFormModusignEmbeddedDraft:consent_form	23050.91,24821.74 25339.09,36661.19
edge:declared:db.CorporateRegistration:attachment	19001.24,15660.65 20143.85,18269.97
edge:declared:db.CorporateRegistration:company	18948.38,15562.65 17103.66,12683.51
edge:declared:db.CorporateRegistrationChangeConfirmation:change_detection	18663.58,14341.79 18565.06,14408.24
edge:declared:db.CorporateRegistrationChangeConfirmation:staff_review_required_question_thread	18889.93,14302.38 18946.16,14301.59
edge:declared:db.CorporateRegistrationChangeDetection:company	18454.81,14408.24 17131.16,12683.51
edge:declared:db.CorporateRegistrationChangeDetection:xml_file	18513.66,14506.24 20144.83,18269.97
edge:declared:db.CorporateRegistrationChangeDetectionParseResult:change_detection	18549.06,14193.86 18502.96,14408.24
edge:declared:db.CorporateRegistrationExtractionLog:corporate_registration_issue_log	20297.19,16046.65 20441.02,15811.76
edge:declared:db.CorporateRegistrationIssueCoupon:company	18583.56,13516.63 17154.62,12606.79
edge:declared:db.CorporateRegistrationIssueCouponIssueLog:coupon	18974.40,13765.79 18712.25,13598.63
edge:declared:db.CorporateRegistrationIssueCouponUseRequest:coupon	19257.85,14641.41 18671.02,13598.63
edge:declared:db.CorporateRegistrationIssueCouponUseResult:corporate_registration	19225.57,15584.77 19103.78,15598.09
edge:declared:db.CorporateRegistrationIssueCouponUseResult:log	19610.57,15600.10 20330.52,15736.20
edge:declared:db.CorporateRegistrationIssueCouponUseResult:request	19411.62,15522.71 19284.50,14715.41
edge:declared:db.CorporateRegistrationIssueLog:_deprecated_staff_review_required_question_thread	20424.71,15713.76 19172.27,14388.59
edge:declared:db.CorporateRegistrationIssueLog:pdf_file	20466.84,15811.76 20257.37,18269.97
edge:declared:db.CorporateRegistrationIssueMaintenance:third_party_api_notice	29446.82,15830.26 28922.56,15812.21
edge:declared:db.CorporateRegistrationIssueRequest:delivery	19215.60,12490.52 19319.37,12448.50
edge:declared:db.CorporateRegistrationPaidIssue:company	19947.17,13809.14 17154.62,12552.04
edge:declared:db.CorporateRegistrationPaidIssue:corporate_registration	20013.61,13891.14 19009.22,15562.65
edge:declared:db.CorporationPostRegistrationEmail:company	15089.23,7652.40 16880.09,12249.51
edge:declared:db.CorporationPostRegistrationScheduledEmail:corporation_post_registration_email	16227.37,7721.43 15220.32,7628.79
edge:declared:db.CorporationPostRegistrationScheduledEmailPeriodicTaskRelation:corporation_post_registration_scheduled_email	16133.66,7626.57 16318.33,7701.22
edge:declared:db.Credit:company	20422.81,13806.83 17154.62,12540.15
edge:declared:db.CreditCard:company	22822.84,13369.51 17154.62,12495.80
edge:declared:db.CreditCard:investment_association	23013.52,13437.62 27213.38,16524.28
edge:declared:db.CreditCard:legal_partner	22897.41,13437.62 21692.81,14631.67
edge:declared:db.CreditCard:venture_capital	23070.84,13376.57 32357.46,12473.41
edge:declared:db.CreditUse:credit	21318.79,13901.70 20662.92,13859.76
edge:declared:db.CreditUse:purchase	21554.79,13884.90 21761.74,13842.18
edge:declared:db.CsAgentResponse:inquiry_thread_message	23485.51,11403.24 22952.31,11442.36
edge:declared:db.CsAgentResponseFeedBack:cs_agent_response	23916.39,11337.81 23733.51,11371.38
edge:declared:db.DebtConfirmationAndOffsetContractDocument:new_issue_item	18259.10,25299.82 19377.56,25371.07
edge:declared:db.DepartmentStaffUserRelation:department	18333.43,31815.04 16423.26,32255.76
edge:declared:db.DirectorAppointmentEvent:director	17074.70,16297.17 17271.28,16383.44
edge:declared:db.DirectorCompensationDecisionEvent:director	17302.36,16821.22 17387.02,16516.13
edge:declared:db.DirectorCompensationLimitEvent:director	17272.88,16648.76 17359.57,16516.13
edge:declared:db.DirectorTermEndEvent:appointment_event	17057.83,16373.23 17008.09,16297.17
edge:declared:db.DirectorTermEndEvent:director	17208.64,16425.34 17271.28,16430.95
edge:declared:db.DirectorVote:agenda	16276.05,20685.20 16413.55,20917.80
edge:declared:db.DirectorVote:attended_director	16222.73,20611.20 16156.01,20532.73
edge:declared:db.DirectorVotingRightsPerAgenda:agenda	16062.01,20836.14 16326.53,20949.79
edge:declared:db.DirectorVotingRightsPerAgenda:director	15990.96,20762.14 16084.35,20532.73
edge:declared:db.DirectorsMeeting:chairperson	16480.20,20236.73 16196.42,20418.73
edge:declared:db.DirectorsMeeting:meeting	16605.29,20114.73 17793.28,17697.80
edge:declared:db.DirectorsMeeting:sealed_meeting_minutes_file	16705.31,20115.81 20048.87,18574.55
edge:declared:db.DirectorsMeetingAgenda:agenda_bonus_issue	16610.53,20947.68 18031.41,20316.04
edge:declared:db.DirectorsMeetingAgenda:agenda_branch_change	16610.53,20921.49 17926.30,20093.97
edge:declared:db.DirectorsMeetingAgenda:agenda_co_ceo_system_change	16610.53,21032.42 16810.89,21062.92
edge:declared:db.DirectorsMeetingAgenda:agenda_custom	16610.53,20990.58 16873.83,20953.08
edge:declared:db.DirectorsMeetingAgenda:agenda_director_change	16359.89,21103.80 14399.43,22782.08
edge:declared:db.DirectorsMeetingAgenda:agenda_director_compensation_decision	16435.31,21103.80 16206.81,21743.45
edge:declared:db.DirectorsMeetingAgenda:agenda_financial_statements	16610.53,20921.53 18184.58,19931.96
edge:declared:db.DirectorsMeetingAgenda:agenda_head_office_relocation	16610.53,21051.62 18600.21,21623.59
edge:declared:db.DirectorsMeetingAgenda:agenda_new_issue	16508.60,21103.80 17013.67,22275.97
edge:declared:db.DirectorsMeetingAgenda:agenda_option_cancel	16326.53,20974.51 16270.24,20960.12
edge:declared:db.DirectorsMeetingAgenda:agenda_rsu_grant	16544.90,20917.80 16599.70,20797.99
edge:declared:db.DirectorsMeetingAgenda:agenda_shareholders_meeting_convocation	16578.84,21103.80 16803.70,21293.37
edge:declared:db.DirectorsMeetingAgenda:agenda_subsidiary_establishment	16505.89,21103.80 16659.37,21485.89
edge:declared:db.DirectorsMeetingAgenda:meeting	16480.42,20917.80 16567.51,20236.73
edge:declared:db.DirectorsMeetingDirectorAttendance:stakeholder	15942.55,20420.20 12852.68,19380.40
edge:declared:db.DirectorsMeetingNoticeEmail:directors_meeting	16663.04,19208.17 16580.84,20114.73
edge:declared:db.DirectorsMeetingNoticeEmailRecipient:director	16948.70,19378.10 16151.23,20418.73
edge:declared:db.DirectorsMeetingNoticeEmailRecipient:email	16904.51,19296.10 16742.37,19208.17
edge:declared:db.DocumentDelivery:delivery	19693.51,12607.09 20094.92,12423.34
edge:declared:db.DocumentDeliveryQuestionThreadRelation:document_delivery	19953.94,12637.12 19727.94,12644.20
edge:declared:db.DocumentDeliveryQuestionThreadRelation:question_thread	20296.94,12644.02 20355.29,12648.20
edge:declared:db.DocumentParseResult:attachment	19943.02,16883.72 19943.25,17053.22
edge:declared:db.DormantUserEmail:user	5118.93,30184.37 3994.36,31157.77
edge:declared:db.DormantUserPhone:user	4524.61,29620.53 3962.00,31157.77
edge:declared:db.DormantUserReactivationToken:user	5253.19,30317.38 4007.75,31157.77
edge:declared:db.ESOP:company	12312.45,16385.53 16774.62,12626.57
edge:declared:db.ESOP:shareholder	12253.48,16499.53 13193.31,22666.06
edge:declared:db.ESOPParticipant:esop	12105.75,16040.01 12225.10,16385.53
edge:declared:db.EditableCompanyOwnerAuditLog:company	23682.17,9372.01 17154.62,12378.98
edge:declared:db.ElectronicCertificate:company	17782.63,16942.01 17004.28,12683.51
edge:declared:db.ElectronicCertificate:director	17720.95,16942.01 17512.22,16516.13
edge:declared:db.ElectronicCertificateApplicationFormDocument:stakeholder	11806.67,23669.53 12654.88,19481.54
edge:declared:db.ElectronicCertificateCaseReportDocument:stakeholder	11674.06,23053.13 12644.04,19481.54
edge:declared:db.ElectronicCertificateFileDownloadHistory:file_uploaded	18545.90,17261.73 18449.84,17210.26
edge:declared:db.ElectronicCertificateFileUploadRequest:electronic_certificate	18021.07,17017.90 17914.85,17003.65
edge:declared:db.ElectronicCertificateFileUploaded:file_upload_request	18328.16,17136.26 18245.19,17077.91
edge:declared:db.ElectronicCertificateReturnRequest:electronic_certificate	21185.51,19055.24 17914.85,17032.01
edge:declared:db.ElectronicCertificateReturnRequest:recipient_address	21398.32,19076.53 22563.75,18956.83
edge:declared:db.EmailActivityRecipient:email_activity	23723.99,23162.19 23848.97,25638.19
edge:declared:db.EmailActivityRecipientStatusHistory:recipient	24056.68,24590.59 23732.64,23162.19
edge:declared:db.EmailVerification:email	23516.23,4779.00 23091.35,4553.93
edge:declared:db.Employee:department_code_set	11726.25,14944.87 12471.97,14040.55
edge:declared:db.Employee:group_set	11784.96,14967.30 13716.61,13917.18
edge:declared:db.EmployeeDepartmentCodeRelation:department_code	12041.31,14303.50 12438.39,14040.55
edge:declared:db.EmployeeDepartmentCodeRelation:employee	11967.48,14377.50 11692.00,14944.87
edge:declared:db.EmployeeGroup:company	13867.81,13843.18 16774.62,12549.63
edge:declared:db.EmployeeNumber:company	13837.44,13990.22 16774.62,12559.09
edge:declared:db.EmployeeNumber:employee	13684.56,14064.22 11784.96,14977.59
edge:declared:db.EmployeeOption:company	13060.54,12780.58 16774.62,12481.80
edge:declared:db.EmployeeOption:grantee	12881.92,12843.56 12019.04,13680.91
edge:declared:db.EmployeeOptionExerciseCandidate:management	13922.82,13169.25 14421.63,13828.59
edge:declared:db.EmployeeOptionExerciseCandidate:option	13760.37,13079.25 13060.54,12834.01
edge:declared:db.EmployeeOptionExerciseCandidate:option_exercise_claim	14036.78,13109.26 14584.09,13053.85
edge:declared:db.EmployeeOptionExerciseCandidateFile:candidate	13458.95,12879.89 13809.63,13079.25
edge:declared:db.EmployeeOptionExerciseClaim:company	14850.09,13006.42 16774.62,12515.02
edge:declared:db.EmployeeOptionExerciseClaimOption:option	13760.37,12781.89 13060.54,12789.26
edge:declared:db.EmployeeOptionExerciseClaimOption:option_exercise_claim	14027.70,12817.28 14590.40,12999.38
edge:declared:db.EmployeeOptionExerciseManagement:company	14526.05,13828.59 16774.62,12572.64
edge:declared:db.EmployeeOptionExerciseManagementEmail:management	15027.31,15130.19 14471.34,13910.59
edge:declared:db.EmployeeOptionVesting:employee_option	12261.69,12993.42 12812.54,12827.83
edge:declared:db.EmployeeOptionVestingItem:option_vesting	12087.72,13212.55 12132.41,13065.89
edge:declared:db.EmployeeOptionVestingTraceable:option	12824.38,13149.49 12919.98,12843.56
edge:declared:db.EmployeeStock:participant	12158.33,15907.99 12125.44,15950.01
edge:declared:db.EmployeeStockGuide:esop	12496.51,16429.18 12374.79,16435.63
edge:declared:db.EmployeeStockGuideAudience:employee_stock_guide	12950.28,15917.26 12647.27,16381.60
edge:declared:db.EmployeeStockGuideAudience:participant	12850.93,15896.29 12214.21,15978.92
edge:declared:db.EmployeeStockGuideEmail:employee_stock_guide	14175.11,17095.65 12715.21,16463.60
edge:declared:db.EmployeeStockTag:category	12455.66,15997.73 12355.14,16107.04
edge:declared:db.EmployeeStockTag:employee_stock_set	12369.36,15921.99 12305.30,15904.05
edge:declared:db.EmployeeStockTag:esop	12472.38,15997.73 12273.96,16385.53
edge:declared:db.EmployeeStockTagCategory:esop	12311.65,16181.04 12259.36,16385.53
edge:declared:db.EmployeeStockWithdrawRequest:account	13111.50,16822.99 13650.54,16889.69
edge:declared:db.EmployeeStockWithdrawRequest:esop	12905.77,16769.77 12359.92,16499.53
edge:declared:db.EmploymentCertificateDocumentRequest:company	14433.44,14214.18 16774.62,12597.70
edge:declared:db.EmploymentCertificateDocumentRequest:history	14229.27,14288.18 12857.40,14625.27
edge:declared:db.EmploymentStatusHistory:connected_hrm_status_event	12609.40,14700.62 9267.70,15910.10
edge:declared:db.EmploymentStatusHistory:employee	12609.40,14700.10 11784.96,14995.07
edge:declared:db.EmploymentStatusHistory:related_events	12813.09,14700.74 16539.11,16804.85
edge:declared:db.Event:company	16693.95,16779.43 16951.00,12683.51
edge:declared:db.EventAttachment:company	16839.57,14622.51 16952.03,12683.51
edge:declared:db.EventAttachment:event	16834.92,14696.51 16694.46,16779.43
edge:declared:db.ExpertClientIncorporationSupport:contact_set	20669.45,14815.00 20360.06,14670.74
edge:declared:db.ExpertClientIncorporationSupport:expert_client	20808.80,14815.00 20923.86,14723.26
edge:declared:db.ExpertClientIncorporationSupport:incorporation_request	20770.53,14897.00 21082.59,15869.89
edge:declared:db.ExpertClientSignupChannel:expert_client	22640.92,14895.20 21109.31,14690.81
edge:declared:db.ExpertClientTaxServiceSettings:expert_client	20974.26,14960.31 20983.42,14723.26
edge:declared:db.ExpertClientTaxServiceSettings:legal_partner	21064.14,14960.31 21412.71,14819.07
edge:declared:db.ExpressDelivery1:order_status_history	5842.05,9819.60 5897.44,9962.89
edge:declared:db.ExpressDelivery1:seal_card_return_status_history	5709.75,9791.83 5625.38,9798.43
edge:declared:db.ExternalStockInfo:company	16692.74,8762.07 16948.69,12249.51
edge:declared:db.FABContent:thumbnail_image	21129.54,17944.57 20428.87,18371.26
edge:declared:db.FinancialAccount:institution	13788.32,16856.04 13920.24,16386.94
edge:declared:db.FinancialStatementsForNewIssueFromConversionDocument:new_issue	16914.14,23392.83 17039.08,22445.97
edge:declared:db.Fund:fund_partners	30363.29,13611.05 30764.17,13615.21
edge:declared:db.Fund:portfolio_company_set	30115.29,13640.24 27535.26,14274.43
edge:declared:db.Fund:venture_capital	30329.04,13564.76 32357.46,12547.77
edge:declared:db.FundPartner:venture_capital	30946.56,13575.50 32357.46,12584.73
edge:declared:db.FundingNewsDistributionServiceRequest:company	18732.14,15079.00 17111.44,12683.51
edge:declared:db.FundingNewsDistributionServiceRequest:company_question_thread	18780.36,15079.00 19053.01,14388.59
edge:declared:db.FundingNewsDistributionServiceRequest:logo	18782.34,15169.00 20143.62,18269.97
edge:declared:db.HelpTemplate:partners_to_share	10255.45,9109.46 21412.71,14679.79
edge:declared:db.Hrm:company	5517.40,16065.54 16774.62,12526.25
edge:declared:db.HrmAlpConfig:hrm	4141.43,15859.59 5197.40,16082.12
edge:declared:db.HrmAlpConfigIndivApprovalTemplateRel:alp_config	4327.95,15618.32 4075.50,15797.72
edge:declared:db.HrmAlpExcludedEmp:emp	9547.49,17976.80 9052.82,18071.71
edge:declared:db.HrmAlpLaborReceiptRefusal:emp	9197.19,18834.94 8955.77,18277.71
edge:declared:db.HrmAlpTarget:emp	9214.73,18516.08 9021.24,18277.71
edge:declared:db.HrmAlpUsageDesignation:target	9524.55,18615.32 9372.01,18583.19
edge:declared:db.HrmAlpUsageDesignationDate:leave_usage	10121.44,18446.89 10453.58,18419.56
edge:declared:db.HrmAlpUsageDesignationDate:usage_designation	9923.23,18494.34 9713.76,18603.17
edge:declared:db.HrmAlpUsagePlan:target	9469.42,18232.18 9275.95,18516.08
edge:declared:db.HrmAlpUsagePlanDate:usage_plan	9685.67,18185.57 9621.36,18187.49
edge:declared:db.HrmAnnualLeaveAdjustment:emp	9338.47,18077.26 9052.82,18094.39
edge:declared:db.HrmAnnualLeaveConfigBase:annual_leave	8320.97,22527.42 8333.24,21763.28
edge:declared:db.HrmApproval:approvable	8012.51,18059.28 7721.52,17881.86
edge:declared:db.HrmApproval:requestor	8210.31,18104.35 8708.82,18104.62
edge:declared:db.HrmApprovalLine:actual_approver	8302.08,18209.81 8708.82,18135.95
edge:declared:db.HrmApprovalLine:approval	8148.70,18191.33 8118.56,18149.28
edge:declared:db.HrmApprovalLine:approver	8095.37,18273.33 7667.61,18485.38
edge:declared:db.HrmApprovalReview:approval	7847.57,18271.91 8022.22,18149.28
edge:declared:db.HrmApprovalReview:approver	7757.11,18345.91 7614.79,18485.38
edge:declared:db.HrmApprovalTemplate:hrm	7083.85,18086.49 5480.93,16256.84
edge:declared:db.HrmApprovalTemplateLine:approver	7437.83,18392.46 7516.07,18485.38
edge:declared:db.HrmApprovalTemplateLine:template	7360.11,18318.46 7171.37,18168.49
edge:declared:db.HrmApprovalTemplateReview:approver	7185.24,18357.51 7450.68,18485.38
edge:declared:db.HrmApprovalTemplateReview:template	7110.60,18283.51 7117.36,18168.49
edge:declared:db.HrmApprover:dept	7436.70,18532.97 5909.85,18466.32
edge:declared:db.HrmApprover:emp	7684.70,18497.65 8708.82,18161.21
edge:declared:db.HrmAttendance:emp	8387.07,17872.94 8708.82,18023.97
edge:declared:db.HrmAttendanceItem:attendance	8482.80,17770.10 8421.10,17790.94
edge:declared:db.HrmAttendanceItem:emp	8634.37,17770.10 8753.40,17931.71
edge:declared:db.HrmAttendanceLocation:attendance_item	9335.00,17155.83 8656.44,17688.10
edge:declared:db.HrmAttendanceLocation:ongoing_attendance	9456.50,17155.83 9755.75,17404.22
edge:declared:db.HrmAttendanceLocation:personal_location	9442.09,17057.83 10104.48,16330.37
edge:declared:db.HrmAttendanceLocation:work_location	9360.47,17057.83 8126.03,15422.90
edge:declared:db.HrmCertificateConfig:hrm	4947.95,16165.95 5197.40,16135.42
edge:declared:db.HrmCertificateConfigIndividualApprovalTemplateRelation:certificate_config	4345.48,16614.59 4788.67,16217.39
edge:declared:db.HrmCertificateIssue:connected_status_event	9712.78,16114.36 9267.70,15989.71
edge:declared:db.HrmCertificateIssue:emp	9816.74,16190.09 8965.39,17931.71
edge:declared:db.HrmCommonLocation:work_location_config	9248.24,15566.98 9655.23,15411.89
edge:declared:db.HrmConciergeRequest:company	18083.37,10542.33 17090.79,12249.51
edge:declared:db.HrmDailyLeaveUsageItem:usage	9413.43,20641.31 10553.70,18465.86
edge:declared:db.HrmDept:hrm	5768.86,18399.65 5382.80,16256.84
edge:declared:db.HrmDeptName:dept	4735.27,19529.86 5720.26,18521.65
edge:declared:db.HrmDeptName:event	4688.95,19603.86 4567.63,20045.40
edge:declared:db.HrmDeptParent:dept	5329.17,19521.19 5753.93,18521.65
edge:declared:db.HrmDeptParent:event	5325.37,19603.19 5446.23,19966.90
edge:declared:db.HrmDeptReorg:hrm	4893.33,15381.55 5268.29,15974.84
edge:declared:db.HrmDeptStatus:dept	5744.15,19746.40 5778.16,18521.65
edge:declared:db.HrmDeptStatus:event	5739.37,19820.40 5586.78,21326.54
edge:declared:db.HrmDocument:emp	7146.92,15650.14 8760.98,17931.71
edge:declared:db.HrmDocument:form	7054.58,15552.14 5905.11,14575.72
edge:declared:db.HrmDocument:hrm	6988.26,15637.60 5517.40,16070.07
edge:declared:db.HrmDocumentDraft:emp	6239.73,13810.58 8774.42,17931.71
edge:declared:db.HrmDocumentDraft:form	6194.63,13810.58 5871.19,14477.72
edge:declared:db.HrmDocumentDraftFieldAttachment:field_value	6064.52,11388.31 5315.04,12889.69
edge:declared:db.HrmDocumentDraftFieldMultiSelectValue:field_value	5153.01,13277.11 5274.24,12979.69
edge:declared:db.HrmDocumentDraftFieldMultiSelectValue:selected_option	5094.41,13351.11 4965.75,13460.49
edge:declared:db.HrmDocumentDraftFieldValue:draft	5342.27,12979.69 6169.24,13728.58
edge:declared:db.HrmDocumentDraftFieldValue:field_definition	5235.51,12979.69 4020.74,13937.59
edge:declared:db.HrmDocumentFieldAttachment:field_value	5297.78,14216.55 5796.13,14002.26
edge:declared:db.HrmDocumentFieldMultiSelectValue:field_value	5573.08,13872.64 5776.78,13925.24
edge:declared:db.HrmDocumentFieldMultiSelectValue:selected_option	5373.07,13798.64 4980.38,13542.49
edge:declared:db.HrmDocumentFieldValue:document	5933.94,14002.26 7076.15,15552.14
edge:declared:db.HrmDocumentFieldValue:field_definition	5776.78,13958.88 4111.67,13980.65
edge:declared:db.HrmDocumentForm:hrm	5832.32,14575.72 5400.88,15974.84
edge:declared:db.HrmDocumentFormFieldDefinition:form	4111.67,14025.34 5723.43,14490.90
edge:declared:db.HrmDocumentFormFieldSelectOption:field_definition	4836.23,13542.49 4052.89,13937.59
edge:declared:db.HrmDocumentFormIndividualApprovalTemplateRelation:document_form	5198.48,14672.91 5723.43,14554.65
edge:declared:db.HrmEmp:connected_employee	9037.04,17931.71 11551.76,15146.87
edge:declared:db.HrmEmp:hrm	8708.82,18007.62 5517.40,16206.16
edge:declared:db.HrmEmpAffiliation:emp	7415.47,17785.18 8708.82,18067.20
edge:declared:db.HrmEmpAffiliation:event	7341.59,17717.14 8143.77,17060.91
edge:declared:db.HrmEmpAffiliationDept:affiliation	6920.60,17615.57 7184.82,17717.14
edge:declared:db.HrmEmpAffiliationDept:dept	6780.54,17615.57 5852.08,18399.65
edge:declared:db.HrmEmpContract:emp	8889.82,32269.15 8880.93,18277.71
edge:declared:db.HrmEmpContract:mgmt	8879.29,32269.15 6717.88,23874.53
edge:declared:db.HrmEmpContractCommonVar:hrm	5629.01,15684.21 5446.13,15974.84
edge:declared:db.HrmEmpContractMgmt:hrm	6700.15,23792.53 5382.06,16256.84
edge:declared:db.HrmEmpContractMgmt:template_revision	6660.48,23792.53 5037.47,22372.00
edge:declared:db.HrmEmpContractModusignDocument:hrm_emp_contract	25843.28,37268.17 9013.85,32346.41
edge:declared:db.HrmEmpContractTemplate:hrm	4288.42,20203.10 5320.52,16256.84
edge:declared:db.HrmEmpContractTemplateRevision:template	4976.67,22290.00 4291.34,20277.10
edge:declared:db.HrmEmpContractTemplateRevisionSigner:revision	4399.75,22823.82 4941.47,22372.00
edge:declared:db.HrmEmpEmploymentType:emp	8984.18,17465.18 8908.78,17931.71
edge:declared:db.HrmEmpEmploymentType:event	8969.27,17391.18 8940.88,17340.91
edge:declared:db.HrmEmpJob:emp	7465.97,16804.05 8708.82,17946.59
edge:declared:db.HrmEmpJob:event	7532.32,16737.88 8004.91,16687.67
edge:declared:db.HrmEmpJob:level	7284.32,16759.11 6944.03,16781.21
edge:declared:db.HrmEmpJob:position	7317.18,16698.05 7007.93,16518.21
edge:declared:db.HrmEmpJob:role	7284.32,16725.82 6770.30,16621.22
edge:declared:db.HrmEmpJob:title	7353.89,16698.05 6613.77,15977.34
edge:declared:db.HrmEmpJobLevel:hrm	6745.29,16751.88 5517.40,16189.16
edge:declared:db.HrmEmpJobPosition:hrm	6826.30,16454.04 5517.40,16152.68
edge:declared:db.HrmEmpJobRole:hrm	6552.77,16560.21 5517.40,16175.32
edge:declared:db.HrmEmpJobTitle:hrm	6457.77,15957.34 5517.40,16092.79
edge:declared:db.HrmEmpMov:hrm	5936.54,15803.89 5517.40,16029.66
edge:declared:db.HrmEmpReturnToWorkEvent:absence_event	9160.10,15720.00 9087.10,15720.00
edge:declared:db.HrmEmpSalaryAccount:emp	11310.55,17233.59 9052.82,18043.04
edge:declared:db.HrmEmpSalaryAccount:institution	11522.81,17159.59 13808.90,16384.01
edge:declared:db.HrmEmpStatus:emp	10435.19,16196.80 9021.76,17931.71
edge:declared:db.HrmEmpStatus:event	10347.33,16141.51 9267.70,15974.20
edge:declared:db.HrmEmpUserInvitation:emp	7326.15,17911.80 8708.82,18083.37
edge:declared:db.HrmEmpUserInvitation:hrm	7159.67,17855.41 5503.48,16256.84
edge:declared:db.HrmEmpUserInvitationInvitee:invitation	7409.21,18161.48 7234.18,17937.41
edge:declared:db.HrmEmpWorkAssignment:emp	7977.84,18818.64 8708.82,18240.70
edge:declared:db.HrmEmpWorkAssignment:work	7813.04,18873.11 7044.89,18986.82
edge:declared:db.HrmEmpWorkLocationAssignment:work_location	8487.95,16143.72 8114.42,15422.90
edge:declared:db.HrmEmpWorkLocationAssignment:work_location_config	8493.98,16217.72 8434.15,16386.23
edge:declared:db.HrmEmpWorkLocationConfig:emp	8430.86,16468.23 8833.25,17931.71
edge:declared:db.HrmEmpWorkLocationConfig:work_location_set	8406.72,16386.23 8104.41,15422.90
edge:declared:db.HrmFixedWorkSchedule:fixed_work	6992.19,18678.19 6963.99,18720.21
edge:declared:db.HrmGoogleCalendarIntegration:hrm	5188.55,15497.55 5318.89,15974.84
edge:declared:db.HrmLeaveBase:hrm	7842.98,20878.46 5430.99,16256.84
edge:declared:db.HrmLeaveCommonConfig:leave	7047.41,20946.79 7745.08,20950.70
edge:declared:db.HrmLeaveGrant:emp	8396.18,19187.45 8803.38,18277.71
edge:declared:db.HrmLeaveGrant:grantable_leave	8369.44,19261.45 8119.79,20169.05
edge:declared:db.HrmLeaveIndividualApprovalTemplateRelation:leave	6651.91,19983.44 7788.39,20878.46
edge:declared:db.HrmLeaveUsage:emp	10453.58,18385.64 9052.82,18135.43
edge:declared:db.HrmLeaveUsage:leave	10523.00,18465.86 7958.67,20878.46
edge:declared:db.HrmLeaveUsageAttachment:usage	10622.19,19332.28 10585.96,18465.86
edge:declared:db.HrmLeaveUsageItem:emp	8897.05,19137.62 8883.54,18277.71
edge:declared:db.HrmLeaveUsageItem:leave	8874.18,19219.62 7922.94,20878.46
edge:declared:db.HrmLeaveUsageItem:usage	8987.49,19137.62 10458.74,18465.86
edge:declared:db.HrmOngoingAttendance:emp	9747.68,17486.22 9052.82,17981.99
edge:declared:db.HrmOngoingAttendanceClockedSchedule:ongoing_attendance	10415.76,17144.97 9888.52,17404.22
edge:declared:db.HrmPersonalLocation:hrm_emp	10114.18,16330.37 9001.07,17931.71
edge:declared:db.HrmPersonalLocation:work_location_config	10126.63,16240.37 9779.98,15411.89
edge:declared:db.HrmRequestor:dept	6368.35,19149.55 5831.96,18521.65
edge:declared:db.HrmRequestor:emp	6484.81,19149.55 8708.82,18179.71
edge:declared:db.HrmSelectiveWorkPlan:emp	8612.38,18125.74 8708.82,18118.18
edge:declared:db.HrmSelectiveWorkPlanConfig:selective_work	6899.39,19518.18 6978.01,19265.38
edge:declared:db.HrmSelectiveWorkPlanItem:emp	7658.66,18082.68 8708.82,18101.61
edge:declared:db.HrmSelectiveWorkPlanItem:plan	7658.66,18087.46 8364.38,18128.28
edge:declared:db.HrmSelectiveWorkSchedule:selective_work	7209.88,19242.95 7116.01,19233.23
edge:declared:db.HrmSelectiveWorkSettlementConfig:selective_work	6508.01,19518.18 6918.87,19265.38
edge:declared:db.HrmSigner:hrm	5064.94,15997.31 5197.40,16051.00
edge:declared:db.HrmSlackChannelConfig:integration	5029.86,16438.02 5078.28,16542.72
edge:declared:db.HrmSlackIntegration:hrm	5116.29,16542.72 5277.76,16256.84
edge:declared:db.HrmStaffNote:hrm	4744.20,16050.00 5197.40,16098.66
edge:declared:db.HrmStaggeredWorkSchedule:staggered_work	6585.24,20425.06 6128.29,19581.01
edge:declared:db.HrmStandardWork:hrm	4840.12,16622.04 5213.31,16256.84
edge:declared:db.HrmStandardWorkSchedule:standard_work	4537.09,17649.62 4792.40,16696.04
edge:declared:db.HrmTag:hrm_set	4912.56,15729.55 5197.40,15976.90
edge:declared:db.HrmWorkAutoClockOutConfig:work	6516.95,18958.76 6784.89,18990.61
edge:declared:db.HrmWorkBase:emp_set	7044.89,18946.46 8708.82,18183.57
edge:declared:db.HrmWorkBase:hrm	6882.02,18945.06 5433.38,16256.84
edge:declared:db.HrmWorkIndividualApprovalTemplateRelation:work	7225.94,19047.80 7044.89,19023.50
edge:declared:db.HrmWorkLocation:hrm	7965.03,15407.58 5517.40,16072.38
edge:declared:db.HrmWorkLocationGpsConfig:work_location	9636.82,15371.12 8213.03,15373.68
edge:declared:db.HrmWorkOvertime:work	6552.29,18864.64 6784.89,18955.36
edge:declared:db.IBKSignupChannel:ibk_user_login_token	24052.24,14567.08 24030.86,14517.72
edge:declared:db.IBKUserLoginToken:ibk_user	24032.88,14443.72 24053.39,14401.70
edge:declared:db.IaAccountInfo:investment_association	29931.92,18190.68 27521.38,16730.73
edge:declared:db.IaCertificateOfInvestmentDocument:partner	31933.75,18532.17 33528.48,18288.00
edge:declared:db.IaCertificateOfInvestmentDocumentRecipient:certificate_of_investment_document_email	3845.59,20069.67 3826.20,20147.16
edge:declared:db.IaConfirmationRequest:investment_association	23438.63,18890.24 27213.38,16725.77
edge:declared:db.IaConfirmationRequest:partner_list_file	23178.65,18909.17 20428.87,18514.26
edge:declared:db.IaConsentForm:consent_form_or_meeting	30528.98,18902.96 29576.25,19162.14
edge:declared:db.IaConsentFormDocument:consent_form	31291.96,18533.10 30734.68,18828.96
edge:declared:db.IaConsentFormDocument:partner	31554.19,18473.84 33528.48,18279.01
edge:declared:db.IaConsentFormOrMeeting:investment_association	29342.28,19161.51 27471.44,16770.46
edge:declared:db.IaConsentFormOrMeetingDocumentGeneration:consent_form_or_meeting	29658.24,19205.04 29576.25,19207.87
edge:declared:db.IaConsentFormOrMeetingDocumentGenerationItem:document	30646.04,19194.59 30927.38,19279.89
edge:declared:db.IaConsentFormOrMeetingDocumentGenerationItem:generation	30334.00,19168.96 30001.24,19188.86
edge:declared:db.IaConsentFormOrMeetingElectronicSignatureRequest:document	28875.05,20710.23 29526.76,19996.17
edge:declared:db.IaConsentFormOrMeetingElectronicSignatureRequestModusignDocument:electronic_signature_request	26793.60,20410.30 28628.68,20728.86
edge:declared:db.IaConsentFormOrMeetingElectronicSignatureRequestModusignEmbeddedDraft:electronic_signature_request	26751.81,20523.25 28628.68,20740.33
edge:declared:db.IaConsentFormOrMeetingElectronicSignatureRequestStatusHistory:electronic_signature_request	28862.96,21472.29 28829.39,20816.23
edge:declared:db.IaConsentFormOrMeetingElectronicSignatureRequestUploadedModusignDocument:electronic_signature_request	26479.34,21144.31 28628.68,20795.37
edge:declared:db.IaConsentFormOrMeetingElectronicSignatureRequiredDocument:consent_form_or_meeting	29561.21,19890.17 29397.67,19267.51
edge:declared:db.IaConsentFormOrMeetingElectronicSignatureRequiredDocument:edited_file	29377.13,19912.29 20428.87,18516.60
edge:declared:db.IaConsentFormOrMeetingElectronicSignatureRequiredDocument:partner	29704.86,19890.17 33528.48,18328.10
edge:declared:db.IaConsentFormOrMeetingEsigRequiredDocumentPageRange:esig_required_document	30286.12,19427.67 29648.23,19890.17
edge:declared:db.IaConsentFormOrMeetingEsigRequiredDocumentPageRange:page_range_document	30535.15,19372.46 30927.38,19336.39
edge:declared:db.IaConsentFormOrMeetingGuideEmail:consent_form_or_meeting	29657.82,18923.28 29433.63,19161.51
edge:declared:db.IaConsentFormOrMeetingGuideEmailRecipient:consent_form_or_meeting_guide_email	29663.61,18710.10 29686.54,18849.28
edge:declared:db.IaDocumentArchive:investment_association	28742.79,15038.08 27481.76,16504.46
edge:declared:db.IaDocumentArchiveAttachment:ia_document_archive	28521.96,15099.00 28679.15,15038.08
edge:declared:db.IaExpertPartnerBulkEmailTemplate:legal_partner	20919.71,15317.70 21422.56,14881.67
edge:declared:db.IaFoundingProgressStatus:investment_association	28390.67,17589.15 27510.39,16770.46
edge:declared:db.IaGpAppointmentEvent:partner	31033.61,17906.42 33528.48,18242.79
edge:declared:db.IaGpTerminationEvent:appointment_event	31114.98,18154.32 30941.41,17930.56
edge:declared:db.IaGpTerminationEvent:partner	31270.78,18198.80 33528.48,18259.72
edge:declared:db.IaInvestmentCertificateRegistrationRequest:partner	33727.96,19785.00 33688.52,18372.96
edge:declared:db.IaLegalPartnerRelation:investment_association	24150.88,15340.49 27213.38,16575.37
edge:declared:db.IaLegalPartnerRelation:legal_partner	23941.12,15277.60 21720.71,14790.46
edge:declared:db.IaMeeting:consent_form_or_meeting	29978.14,20733.53 29404.49,19267.51
edge:declared:db.IaMeetingAgenda:meeting	30749.40,20566.87 30141.01,20752.19
edge:declared:db.IaMeetingAgendaVote:agenda	30680.88,22522.07 30879.83,20566.87
edge:declared:db.IaMeetingAgendaVote:electronic_signature	30634.57,22522.07 28881.16,20816.23
edge:declared:db.IaMeetingAgendaVote:partner	30705.39,22522.07 33609.20,18372.96
edge:declared:db.IaMeetingConvocationNoticeEmail:ia_meeting	30529.72,22072.45 30027.20,20855.53
edge:declared:db.IaMeetingConvocationNoticeRecipient:convocation_notice_email	30415.17,21282.65 30539.19,22072.45
edge:declared:db.IaMeetingMinutesDocument:meeting	30553.53,20062.33 30047.96,20733.53
edge:declared:db.IaMeetingNoticeDocument:meeting	30347.39,19946.31 30026.85,20733.53
edge:declared:db.IaMeetingSealedNoticeDocumentFile:ia_meeting	28894.73,20105.49 29903.98,20733.53
edge:declared:db.IaMeetingShortenPeriodDocument:meeting	31566.26,19433.99 30072.14,20733.53
edge:declared:db.IaMeetingShortenPeriodDocument:partner	31688.65,19351.99 33528.48,18349.51
edge:declared:db.IaModusignDocumentUsageHistory:investment_association	25116.22,14642.24 27217.32,16504.46
edge:declared:db.IaOperation:_deprecated_investment_association	30229.70,16426.81 27521.38,16626.13
edge:declared:db.IaOperation:ia_operation_management	30319.54,16455.13 30209.97,16599.06
edge:declared:db.IaOperationManagement:investment_association	30063.81,16636.12 27521.38,16637.39
edge:declared:db.IaOwner:investment_association	30088.16,17133.98 27521.38,16665.57
edge:declared:db.IaOwner:partner	30340.16,17197.28 33528.48,18213.90
edge:declared:db.IaOwnerAuditLog:investment_association	23506.62,7695.11 27309.96,16504.46
edge:declared:db.IaPartnerDataCollection:investment_association	24729.84,17694.25 27213.38,16699.17
edge:declared:db.IaPartnerDataCollectionItem:address	23611.63,17949.09 22830.14,18818.25
edge:declared:db.IaPartnerDataCollectionItem:ia_partner_data_collection	23785.49,17883.90 24503.51,17757.14
edge:declared:db.IaPartnerDataCollectionItemReply:address	23748.01,18235.83 22871.75,18837.51
edge:declared:db.IaPartnerDataCollectionItemReply:ia_partner_data_collection	23880.86,18153.83 24554.37,17776.25
edge:declared:db.IaPartnerDataCollectionItemReply:ia_partner_data_collection_item	23784.95,18153.83 23671.26,17949.09
edge:declared:db.IaPartnerInvestmentConfirmation:partner	30821.61,17130.86 33528.48,18201.84
edge:declared:db.IaPartnerInvestmentConfirmationEmailRecipient:ia_partner_investment_confirmation_email	14082.71,5684.64 14031.45,5727.04
edge:declared:db.IaPartnerWithdrawalEvent:partner	33681.98,18003.44 33684.02,18154.96
edge:declared:db.IaPaymentLink:investment_association	25049.20,13320.01 27274.44,16504.46
edge:declared:db.IaPfCompany:investment_association	28661.72,18575.18 27456.22,16770.46
edge:declared:db.IaPfCompanyInvestment:ia_pf_company	28631.35,20548.45 28685.38,18649.18
edge:declared:db.IaPfCompanyInvestmentSalesIntent:ia_pf_company_investment	30655.39,22890.88 28666.26,20630.45
edge:declared:db.IaPfCompanyInvestmentStock:ia_pf_company_investment	28008.63,20485.25 28506.18,20568.66
edge:declared:db.IaQuestionThread:investment_association	24500.47,13679.42 27238.48,16504.46
edge:declared:db.IaRule:address	25022.82,19251.37 22871.75,18963.84
edge:declared:db.IaRule:file	25022.82,19248.07 20428.87,18517.20
edge:declared:db.IaRule:investment_association	25204.16,19207.75 27255.44,16770.46
edge:declared:db.IaRuleCompensation:rule	25480.72,19193.37 25282.82,19238.87
edge:declared:db.IaRuleDocument:rule	28629.67,19241.73 25282.82,19267.74
edge:declared:db.IaRuleInvestment:rule	25899.24,18858.66 25263.85,19207.75
edge:declared:db.IaRuleMeeting:rule	25595.84,19048.51 25275.52,19207.75
edge:declared:db.IaRulePartner:rule	25653.09,19398.93 25282.82,19302.58
edge:declared:db.IaSealStamp:image_file	22050.96,18278.98 20428.87,18465.16
edge:declared:db.IaSealStamp:investment_association	22298.96,18225.89 27213.38,16685.73
edge:declared:db.IaSealStampImage:seal_stamp	21467.74,18257.39 22050.96,18263.46
edge:declared:db.IaUserInvitation:ia_owner	29850.06,16857.58 30164.30,17115.97
edge:declared:db.IaUserInvitation:investment_association	29676.20,16807.45 27521.38,16648.80
edge:declared:db.IaUserInvitationInvitee:_deprecated_individual_partner	31996.71,16682.80 31601.55,17050.57
edge:declared:db.IaUserInvitationInvitee:invitation	31925.36,16643.88 29924.20,16806.50
edge:declared:db.IaUserInvitationInvitee:legal_representative	32049.99,16682.80 32054.04,16996.60
edge:declared:db.IaUserInvitationInvitee:manager	32081.54,16682.80 32627.35,17514.02
edge:declared:db.IaUserInvitationInvitee:partner	32098.36,16682.80 33576.07,18154.96
edge:declared:db.IaWrittenResolutionDocument:meeting	32093.27,19474.67 30098.66,20733.53
edge:declared:db.IaWrittenResolutionDocument:partner	32211.76,19392.67 33543.16,18372.96
edge:declared:db.ImAccessLog:investor_matching	27353.65,11225.34 25881.40,10974.96
edge:declared:db.ImAccessLog:venture_capital	27589.65,11273.57 32357.46,12411.60
edge:declared:db.ImAttachment:investor_matching	28697.54,11212.16 25881.40,10963.36
edge:declared:db.ImAttachmentDownloadLog:attachment	29962.79,11726.56 28914.48,11264.12
edge:declared:db.ImAttachmentDownloadLog:venture_capital	30164.67,11796.29 32357.46,12404.49
edge:declared:db.ImAttachmentPdfEvent:attachment	29803.23,11531.61 28945.54,11262.09
edge:declared:db.ImAttachmentPdfEvent:pdf_event	29907.43,11529.58 29886.48,11486.17
edge:declared:db.ImAttachmentPdfEvent:venture_capital	30048.35,11611.58 32357.46,12393.23
edge:declared:db.ImBrokerAssignment:_deprecated_assigned_companies	26364.00,11703.07 17154.62,12451.08
edge:declared:db.ImBrokerAssignment:assigned_investors	26612.00,11708.62 32357.46,12432.34
edge:declared:db.ImBrokerAssignment:im_broker	26612.00,11718.37 28719.74,12149.57
edge:declared:db.ImBrokerAssignment:investor_matching	26438.58,11644.00 25833.20,11043.81
edge:declared:db.ImBrokerAssignmentInvitedUser:broker_assignment	28178.25,11845.10 26612.00,11704.16
edge:declared:db.ImBrokerAssignmentInvitedUser:venture_capital	28455.25,11877.16 32357.46,12429.48
edge:declared:db.ImConsultingRequest:company	24779.45,9400.46 17154.62,12391.97
edge:declared:db.ImConsultingRequest:investor_matching	24905.99,9400.46 25689.41,10857.81
edge:declared:db.ImContactRequest:investor_matching	27263.64,11514.89 25881.40,11003.36
edge:declared:db.ImContactRequest:venture_capital	27498.43,11577.48 32357.46,12423.48
edge:declared:db.ImContactRequestIntention:im_contact_request	27150.33,11377.17 27323.02,11514.89
edge:declared:db.ImDay:recipients	29595.19,10920.36 29635.58,10837.43
edge:declared:db.ImDay:venture_capitals	29669.26,11018.36 32357.46,12363.45
edge:declared:db.ImDayParticipation:im_day	29262.92,10803.84 29480.03,10920.36
edge:declared:db.ImDayParticipation:investor_matching	29047.62,10761.92 25881.40,10942.70
edge:declared:db.ImDayParticipation:venture_capital	29268.71,10803.84 32357.46,12362.66
edge:declared:db.ImDayParticipationAttachment:participation	28816.05,10282.21 29134.76,10705.84
edge:declared:db.ImDaySurvey:im_day	27708.84,10909.93 29447.33,10965.40
edge:declared:db.ImDaySurvey:investor_matching	27472.84,10909.01 25881.40,10947.39
edge:declared:db.ImDisclosing:investor_matching	26441.88,9787.51 25795.56,10857.81
edge:declared:db.ImInvestorBroker:venture_capital	30731.10,12332.47 32357.46,12443.01
edge:declared:db.ImInvestorMemo:investor_matching	26828.55,11525.15 25881.40,11025.69
edge:declared:db.ImInvestorMemo:venture_capital	27016.72,11580.83 32357.46,12426.39
edge:declared:db.ImIrPartnerBrokerOwnerRelation:im_ir_partner_broker	27485.43,12162.88 27631.20,12117.18
edge:declared:db.ImNote:investor_matching	26211.92,10418.95 25822.02,10857.81
edge:declared:db.ImTag:investor_matching_set	27294.44,10446.09 25881.40,10904.72
edge:declared:db.ImWatching:_deprecated_investor_matching	26004.84,11693.26 25772.65,11043.81
edge:declared:db.ImWatching:company	25895.50,11744.29 17154.62,12451.15
edge:declared:db.ImWatching:venture_capital	26143.50,11747.97 32357.46,12435.17
edge:declared:db.InauguralConsentDocument:director_change_agenda	14983.17,23002.30 14461.52,22867.20
edge:declared:db.IncorporationBenefitRequest:incorporation_request	21461.46,15929.30 21264.27,15955.34
edge:declared:db.IncorporationBenefitRequest:tax_partner	21584.38,15875.98 21568.68,14881.67
edge:declared:db.IncorporationRequest:address	21172.92,16079.89 22650.31,18818.25
edge:declared:db.IncorporationRequest:balance_certificate_account_file	21079.60,16079.89 20314.67,18269.97
edge:declared:db.IncorporationRequest:balance_certificate_account_holder	21186.03,16079.89 22045.15,17373.06
edge:declared:db.IncorporationRequest:company	20992.02,15869.89 17154.62,12627.07
edge:declared:db.IncorporationRequest:company_question_thread	20989.16,15869.89 19195.90,14388.59
edge:declared:db.IncorporationRequestAoiFile:incorporation_request	21333.11,15809.19 21253.68,15869.89
edge:declared:db.IncorporationRequestAssistance:incorporation_request	21423.82,16020.51 21264.27,15996.84
edge:declared:db.IncorporationRequestAssistance:legal_partner	21564.40,16000.35 21566.48,14881.67
edge:declared:db.IncorporationRequestAssistanceReceipt:incorporation_request_assistance	21303.87,16794.38 21550.14,16082.35
edge:declared:db.IncorporationRequestDirector:address	22075.42,18074.04 22625.38,18818.25
edge:declared:db.IncorporationRequestDirector:incorporation_request	22031.36,18000.04 21163.72,16079.89
edge:declared:db.IncorporationRequestPromoter:address	22098.32,17471.06 22665.16,18818.25
edge:declared:db.IncorporationRequestPromoterCustodian:address	22353.57,17601.97 22683.81,18818.25
edge:declared:db.IncorporationRequestPromoterCustodian:promoter	22274.70,17527.97 22168.85,17471.06
edge:declared:db.IncorporationRequestPromoterInstitutionCeo:promoter	22072.77,17052.26 22077.05,17373.06
edge:declared:db.IncorporationRequestPurpose:incorporation_request	20793.13,16053.58 20968.27,16010.93
edge:declared:db.IndividualInvestorCompanyCeo:company_info	25152.46,22006.65 25393.10,22736.00
edge:declared:db.IndividualInvestorCompanyInfo:address	25377.87,22736.00 22805.42,19068.25
edge:declared:db.IndividualInvestorCompanyInfo:company	25463.77,22818.00 28660.56,25111.57
edge:declared:db.IndividualInvestorCompanyName:non_unified_share_company	30256.29,25148.62 28881.16,25174.16
edge:declared:db.IndividualInvestorCompanyParValue:non_unified_share_company	27921.85,25166.20 28621.16,25174.94
edge:declared:db.IndividualInvestorCompanyShareClass:non_unified_share_company	28397.23,27213.61 28739.87,25241.57
edge:declared:db.IndividualInvestorCompanyShareStock:_deprecated_non_unified_stock_create_request	28046.57,26569.55 27811.12,28036.38
edge:declared:db.IndividualInvestorCompanyShareStock:_deprecated_stock_unissued_confirmation_file	28053.04,26569.55 27979.15,29156.25
edge:declared:db.IndividualInvestorCompanyShareStock:management_history	27887.94,26566.14 27295.79,26728.29
edge:declared:db.IndividualInvestorCompanyShareStock:non_unified_share_company	28079.84,26471.55 28717.46,25241.57
edge:declared:db.IndividualInvestorCompanyShareStock:share_class	28077.02,26569.55 28373.75,27213.61
edge:declared:db.IndividualInvestorEvent:company	31873.04,27948.39 28824.37,25241.57
edge:declared:db.IndividualInvestorStakeholder:address	26194.80,22396.75 22843.60,19068.25
edge:declared:db.IndividualInvestorStakeholder:company	26273.73,22478.75 28691.47,25111.57
edge:declared:db.IndividualInvestorUser:address	23828.32,20218.26 22826.63,19068.25
edge:declared:db.IndividualStockOption:company	27173.74,23233.43 28698.39,25111.57
edge:declared:db.IndividualStockOption:create_request	27257.47,23149.46 27819.50,23032.84
edge:declared:db.IndividualStockOption:grantee	27111.86,23119.43 26842.91,22137.34
edge:declared:db.IndividualStockOptionCreateRequestEtcFile:create_request	28663.78,22974.77 28133.50,22994.44
edge:declared:db.IndividualStockOptionGrantContract:individual_stock_option	26858.60,22886.43 27074.62,23119.43
edge:declared:db.IndividualStockOptionGrantee:stakeholder	26767.35,22137.34 26308.58,22396.75
edge:declared:db.IndividualStockOptionResumeEvent:pause_event	29336.19,29352.56 28775.31,27312.26
edge:declared:db.IndividualStockOptionSalesIntent:individual_stock_option	29511.75,23102.10 27257.47,23172.38
edge:declared:db.IndividualStockOptionVesting:individual_stock_option	27651.64,23542.36 27209.12,23233.43
edge:declared:db.IndividualStockOptionVestingItem:individual_stock_option_vesting	27781.35,23405.21 27720.94,23542.36
edge:declared:db.IndividualStockOptionVestingTraceable:individual_stock_option	27420.31,22840.59 27177.17,23119.43
edge:declared:db.InputSignupChannel:input_channel	24175.34,15114.74 24477.64,15270.73
edge:declared:db.InstitutionStakeholderManager:institution_stakeholder	12735.23,21567.98 12752.04,21198.17
edge:declared:db.InternetRegistryOfficeOtp:company	17638.11,16237.67 17003.37,12683.51
edge:declared:db.InternetRegistryOfficeOtp:director	17586.06,16319.67 17512.99,16370.13
edge:declared:db.InternetRegistryOfficeOtpReturnRequest:internet_registry_office_otp	21422.23,19444.20 17694.35,16319.67
edge:declared:db.InternetRegistryOfficeOtpReturnRequest:recipient_address	21552.44,19444.20 22563.75,19009.45
edge:declared:db.InvestmentAgreement:document	18042.68,16005.19 18491.03,15415.32
edge:declared:db.InvestmentAgreement:stakeholder	17954.52,16079.19 12852.68,19223.06
edge:declared:db.InvestmentAgreementDocument:company	18592.55,15317.32 17088.54,12683.51
edge:declared:db.InvestmentAgreementDocument:pdf_file	18645.94,15415.32 20126.34,18269.97
edge:declared:db.InvestmentAssociation:venture_capital	27521.38,16512.99 32357.46,12604.24
edge:declared:db.InvestmentAssociationDocument:investment_association	30986.28,19262.24 27521.38,16749.16
edge:declared:db.InvestmentAssociationEvent:investment_association	29237.77,17616.12 27521.38,16718.04
edge:declared:db.InvestmentAssociationIndividualPartnerLegalRepresentative:ward	31856.52,17056.69 31731.50,17071.28
edge:declared:db.InvestmentAssociationOrganizationPartnerCeo:organization_partner	33190.49,16828.83 32917.51,16857.27
edge:declared:db.InvestmentAssociationOrganizationPartnerCorporationSignerCeo:corporation	33187.27,14974.87 33120.14,14920.73
edge:declared:db.InvestmentAssociationOrganizationPartnerManager:organization_partner	30531.75,15493.46 32657.90,16827.18
edge:declared:db.InvestmentAssociationOrganizationPartnerSigner:_deprecated_manager	32381.09,15142.34 30670.77,15423.87
edge:declared:db.InvestmentAssociationOrganizationPartnerSigner:organization_partner	32583.09,15154.75 32731.66,16827.18
edge:declared:db.InvestmentAssociationPartner:address	33528.48,18272.63 22871.75,18861.36
edge:declared:db.InvestmentAssociationPartner:investment_association	33528.48,18223.54 27521.38,16677.19
edge:declared:db.InvestmentAssociationPartnerManager:partner	32704.94,17588.02 33528.48,18155.73
edge:declared:db.InvestmentAssociationPartnerResume:partner	34756.05,16751.80 33762.65,18154.96
edge:declared:db.InvestmentAssociationPartnerResume:signer	34728.63,16669.80 32641.09,15154.75
edge:declared:db.InvestmentAssociationPartnerResumeItem:resume	34894.65,16384.37 34798.88,16669.80
edge:declared:db.InvestmentAssociationPartnerSalesIntent:partner	31946.11,21784.40 33631.63,18372.96
edge:declared:db.InvestmentAssociationShare:investment_association	29992.08,17482.16 27521.38,16687.03
edge:declared:db.InvestmentAssociationShare:partner	30227.05,17544.24 33528.48,18231.29
edge:declared:db.InvestmentRound:company	16994.01,10618.22 16968.07,12249.51
edge:declared:db.InvestmentRoundNewIssueEvent:investment_round	17078.02,10207.92 17003.91,10536.22
edge:declared:db.InvestmentRoundNewIssueEvent:new_issue_event	17080.71,10133.92 17019.16,9731.32
edge:declared:db.InvestmentSimulation:company	14684.09,6394.84 16883.12,12249.51
edge:declared:db.InvestmentSimulationInitialOption:option_grantee	13678.32,6684.49 13998.29,6777.98
edge:declared:db.InvestmentSimulationInitialOptionGrantee:simulation	14168.06,6777.98 14614.73,6394.84
edge:declared:db.InvestmentSimulationInitialShareholder:simulation	12759.37,6010.25 14543.19,6327.77
edge:declared:db.InvestmentSimulationInitialStock:shareholder	11230.56,4013.06 12565.78,5943.35
edge:declared:db.InvestmentSimulationInvestor:simulation_round	18462.65,3990.83 15719.43,6339.40
edge:declared:db.InvestmentSimulationNewIssueInvestment:investor	18148.56,5392.95 18500.26,3990.83
edge:declared:db.InvestmentSimulationPurchaseInvestment:investor	20670.15,5638.31 18562.98,3990.83
edge:declared:db.InvestmentSimulationPurchaseSellStock:seller	20970.64,5233.09 20738.65,5638.31
edge:declared:db.InvestmentSimulationRound:simulation	15558.21,6373.29 14791.19,6353.10
edge:declared:db.InvestorInterest:venture_capital	33641.24,13520.21 32725.46,12633.65
edge:declared:db.InvestorMatching:_deprecated_excluded_companies	25597.40,10975.34 17154.62,12433.69
edge:declared:db.InvestorMatching:excluded_investors	25881.40,10982.22 32357.46,12414.82
edge:declared:db.InvestorRelations:previous_investors	27457.25,7713.18 32357.46,12283.89
edge:declared:db.InvestorRelationsSurvey:_deprecated_preferred_investors	31017.66,10539.71 32378.41,12250.52
edge:declared:db.InvestorRelationsSurvey:investor_relations	30941.71,10465.71 27472.95,7706.67
edge:declared:db.InvitationSeat:allocated_seat	11682.65,13561.37 11323.87,13426.76
edge:declared:db.InvitationSeat:invitation_seat_request	11795.03,13561.37 12626.74,11325.38
edge:declared:db.InvitationSeatRequest:company	12765.99,11318.29 16774.62,12414.55
edge:declared:db.IrAiAnalysis:investor_relations	27852.61,7156.64 27472.95,7460.80
edge:declared:db.IrAiAnalysisLike:ai_analysis	28242.03,6723.17 27930.82,7082.64
edge:declared:db.IrAiSummary:investor_relations	28442.93,7300.65 27472.95,7545.33
edge:declared:db.IrAlert:ir_set	30491.49,9473.95 27472.95,7675.91
edge:declared:db.IrAlert:venture_capital	30587.94,9555.95 32403.35,12250.52
edge:declared:db.IrAlertInvestorRelations:investor_relations	29734.98,9191.77 27472.95,7686.65
edge:declared:db.IrAlertInvestorRelations:ir_alert	29890.11,9265.77 30450.05,9473.95
edge:declared:db.IrApproval:investor_relations	27395.85,7090.63 27339.05,7455.18
edge:declared:db.IrApprovalNotificationDismiss:ir_approval	27480.29,6753.53 27411.32,7016.63
edge:declared:db.IrBrokerActivity:investor_relations	27728.75,9091.95 27352.12,7713.18
edge:declared:db.IrBrokerActivity:vc_user_relations	27781.53,9165.95 29605.31,10747.43
edge:declared:db.IrClosing:investor_relations	29027.06,6747.18 27472.95,7508.72
edge:declared:db.IrCommittedInvestmentAmount:investor_relations	30200.31,10053.18 27469.49,7713.18
edge:declared:db.IrCommittedInvestmentAmount:venture_capital	30279.44,10127.18 32357.46,12266.13
edge:declared:db.IrCompanyCreate:company	17819.30,9913.45 17037.27,12249.51
edge:declared:db.IrFeed:investor_relations	27225.00,7849.46 27273.26,7713.18
edge:declared:db.IrFeedAccessLog:ir_feeds	28150.53,8740.05 27259.16,7939.46
edge:declared:db.IrFeedAccessLog:venture_capital	28235.48,8814.05 32357.46,12299.92
edge:declared:db.IrFeedRating:ir_feed	26789.51,7588.32 27147.39,7849.46
edge:declared:db.IrFundRaising:investor_relations	31188.37,7580.05 27472.95,7584.02
edge:declared:db.IrFundRaising:venture_capital	31323.71,7624.92 32489.78,12250.52
edge:declared:db.IrFundRaisingMemo:fund_raising	30726.64,7814.21 31199.87,7624.92
edge:declared:db.IrFundRaisingStageLog:fund_raising	30852.05,5291.39 31303.32,7534.92
edge:declared:db.IrInsightClub:pitching_day_hall	31064.50,8810.72 30906.43,8766.08
edge:declared:db.IrInsightClub:venture_capitals	31203.87,8886.73 32464.63,12250.52
edge:declared:db.IrInsightClubParticipation:investor_relations	30477.47,8056.74 27472.95,7607.22
edge:declared:db.IrInsightClubParticipation:ir_insight_club	30640.97,8121.12 31157.52,8804.73
edge:declared:db.IrInsightClubParticipationAttendee:ir_insight_club_participation	30323.72,7756.06 30567.15,8031.12
edge:declared:db.IrInsightClubSurvey:ir_insight_club_participation	30876.12,8129.72 30736.47,8101.91
edge:declared:db.IrInvestorFeedback:venture_capital	32639.52,12737.70 32612.70,12660.52
edge:declared:db.IrNote:investor_relations	28717.38,7429.31 27472.95,7567.12
edge:declared:db.IrSearchMetadata:investor_relations	28540.03,8074.85 27472.95,7646.06
edge:declared:db.IrSubscription:company	15380.53,7773.30 16891.38,12249.51
edge:declared:db.IrSubscriptionMarketingRequest:ir_subscription	15702.14,7949.98 15425.89,7773.30
edge:declared:db.IrTeamMember:investor_relations	28717.38,7536.28 27472.95,7578.91
edge:declared:db.IrTranscript:investor_relations	28425.38,7642.07 27472.95,7592.24
edge:declared:db.IrosOtpIssueMeetingDocument:stakeholder	12469.24,22545.29 12676.08,19481.54
edge:declared:db.LawtalkSignup:company	18570.06,15921.44 17065.46,12683.51
edge:declared:db.LawtalkSignupAttachment:lawtalk_signup	19074.35,16755.43 18609.86,15995.44
edge:declared:db.LedgerByCustomerDocument:new_issue	17806.07,23425.52 17110.06,22445.97
edge:declared:db.LegalPartner:address_for_express_delivery	21720.71,14655.59 22333.96,14253.07
edge:declared:db.LegalPartner:logo	21522.22,14881.67 20316.12,18269.97
edge:declared:db.LegalPartnerEmail:legal_partner	21883.78,14277.17 21652.15,14631.67
edge:declared:db.LegalPartnerPaypleSettings:legal_partner	22166.94,15350.88 21692.98,14881.67
edge:declared:db.LegalPartnerRegistrationAssistanceSettings:legal_partner	21755.33,16130.38 21583.87,14881.67
edge:declared:db.LegalPartnerSignupChannel:legal_partner	22460.08,14765.74 21720.71,14758.23
edge:declared:db.LegalPartnerSlackChannels:legal_partner	22165.20,15775.73 21640.12,14881.67
edge:declared:db.LegalPartnerUserRelation:legal_partner	22080.92,15932.31 21621.38,14881.67
edge:declared:db.ManualOptionVestingItem:manual_option_vesting	15798.41,18730.99 15881.85,18627.34
edge:declared:db.Meeting:company	17830.51,17463.80 17002.22,12683.51
edge:declared:db.Meeting:electronic_signature_selected_ceo	17805.17,17463.80 17435.74,16516.13
edge:declared:db.Meeting:employee_attorney	17998.78,17546.80 18099.03,17523.77
edge:declared:db.Meeting:meeting_draft	17828.96,17697.80 17323.94,20405.34
edge:declared:db.Meeting:new_articles_of_incorporation_file	17998.78,17594.40 20048.87,18417.48
edge:declared:db.Meeting:new_corporate_registration	17911.57,17463.80 18934.60,15660.65
edge:declared:db.MeetingAttachment:meeting	18580.96,17659.11 17998.78,17546.89
edge:declared:db.MeetingDirectorContact:meeting	15847.28,18092.30 17702.78,17618.59
edge:declared:db.MeetingDirectorContact:stakeholder	15635.63,18159.43 12852.68,19258.96
edge:declared:db.MeetingDocument:directors_meeting	16112.77,25879.48 16570.36,20236.73
edge:declared:db.MeetingDocument:meeting	16137.46,25879.48 17826.63,17697.80
edge:declared:db.MeetingDocument:shareholders_meeting	16138.64,25879.48 16800.58,22763.19
edge:declared:db.MeetingDocumentCache:meeting_document	19623.64,26827.72 16274.79,26118.00
edge:declared:db.MeetingDocumentGeneration:meeting	20688.50,21657.01 17932.24,17697.80
edge:declared:db.MeetingDocumentGenerationItem:meeting_document	21294.84,26498.94 16274.79,26090.95
edge:declared:db.MeetingDocumentGenerationItem:meeting_document_generation	21423.85,26472.87 20719.75,21731.01
edge:declared:db.MeetingDocumentManualModification:meeting_document	19539.33,28658.33 16274.79,26209.98
edge:declared:db.MeetingDraft:company	17290.94,20405.34 16973.54,12683.51
edge:declared:db.MeetingDraftAgendaDirectorChange:meeting_draft	15328.16,20374.22 17136.90,20532.18
edge:declared:db.MeetingDraftAgendaDirectorChange:stakeholder	15089.33,20324.16 12852.68,19397.71
edge:declared:db.MeetingDraftAgendaDirectorCompensation:meeting_draft	15356.80,19492.37 17136.90,20463.09
edge:declared:db.MeetingDraftAgendaDirectorCompensationItem:director_compensation	14804.92,19805.83 15237.85,19492.37
edge:declared:db.MeetingDraftAgendaDirectorCompensationItem:stakeholder	14606.25,19805.83 12852.68,19366.16
edge:declared:db.MeetingDraftRegistrationAssistance:meeting_draft	17074.94,19853.92 17250.68,20405.34
edge:declared:db.MeetingDraftSchedule:meeting_draft	16848.69,20423.87 17136.90,20505.19
edge:declared:db.MembershipContentAccessLog:membership_content	4155.29,4545.81 4572.84,5002.71
edge:declared:db.MembershipContentAuthorRelation:author	25366.27,25502.69 25239.58,25321.00
edge:declared:db.MiraeassetAccount:relation	10628.64,11983.35 10933.25,12312.65
edge:declared:db.MnaBuyer:company	15128.63,8141.81 16872.50,12249.51
edge:declared:db.MnaBuyerAttachment:mna_buyer	14473.97,8370.43 15023.92,8141.81
edge:declared:db.ModusignApiLog:modusign_account	21467.23,20066.02 21443.63,20396.44
edge:declared:db.ModusignAuthentication:modusign_account	21306.59,20187.44 21414.77,20396.44
edge:declared:db.ModusignCompanyUserConnection:company	23679.08,9488.01 17154.62,12382.23
edge:declared:db.ModusignDocument:_option_grant_contract	22350.04,20558.85 20475.74,19049.34
edge:declared:db.ModusignDocument:audit_trail_file	22367.40,20558.85 20428.87,18671.91
edge:declared:db.ModusignDocumentActionHistory:modusign_document	22760.49,20536.73 22586.61,20594.59
edge:declared:db.ModusignDocumentActionHistory:modusign_document_participant	22854.17,20462.73 22737.91,20217.13
edge:declared:db.ModusignDocumentModusignAccountRelation:modusign_account	21673.04,20336.33 21544.72,20396.44
edge:declared:db.ModusignDocumentModusignAccountRelation:modusign_document	21827.93,20336.33 22314.61,20573.56
edge:declared:db.ModusignDocumentModusignApiKeyRelation:modusign_api_key	22007.62,20853.06 21883.68,21022.47
edge:declared:db.ModusignDocumentModusignApiKeyRelation:modusign_document	22122.02,20779.06 22314.61,20697.47
edge:declared:db.ModusignDocumentParticipant:modusign_document	22698.69,20217.13 22498.15,20558.85
edge:declared:db.ModusignEmbeddedDraft:modusign_account	21931.94,21834.87 21457.47,20494.44
edge:declared:db.ModusignEmbeddedDraft:modusign_api_key	21944.68,21834.87 21860.81,21096.47
edge:declared:db.ModusignEmbeddedDraft:modusign_document	21971.93,21834.87 22418.16,20720.85
edge:declared:db.ModusignExceededSignings:company	20949.61,8866.03 17154.62,12294.84
edge:declared:db.ModusignIaUserConnection:investment_association	27737.85,15850.23 27429.97,16504.46
edge:declared:db.NaverWorkplaceEmployee:naver_workplace_company	24788.93,14953.88 24902.06,15026.81
edge:declared:db.NcpSignupChannel:naver_workplace_company	24750.85,15044.07 24841.45,15052.64
edge:declared:db.NewIssueNoticeEmail:new_issue	14968.96,20854.84 16931.88,22275.97
edge:declared:db.NewIssueNoticeEmailRecipient:bulk_email_recipient	15272.04,20443.06 17769.89,19178.66
edge:declared:db.NewIssueNoticeEmailRecipient:email	15156.39,20525.06 14946.98,20772.84
edge:declared:db.NewIssueNoticeEmailRecipient:shareholder	15154.77,20525.06 13260.72,22666.06
edge:declared:db.NewIssueSkipNoticeDocument:new_issue_agenda	16498.09,23026.86 16979.80,22445.97
edge:declared:db.NewIssueSkipNoticeDocument:shareholder	16301.09,23051.02 13333.21,22744.48
edge:declared:db.NewIssueStockAcceptanceDocument:new_issue_item	18410.49,26011.25 19394.71,25444.35
edge:declared:db.NewIssueStockAllocationDocument:bonus_issue_agenda	18302.13,23847.48 18170.15,20328.58
edge:declared:db.NewIssueStockAllocationDocument:new_issue_agenda	18270.03,23847.48 17120.04,22445.97
edge:declared:db.NewIssueStockAllocationRecordDateNoticeDocument:bonus_issue_agenda	20086.75,23863.75 18206.24,20328.58
edge:declared:db.NewIssueStockSubscriptionDocument:new_issue_item	18314.26,25159.26 19377.56,25355.37
edge:declared:db.NewIssueStockUnissuedConfirmationDocument:new_issue_item	18772.49,25404.40 19377.56,25383.78
edge:declared:db.NonUnifiedShareCreateRequest:stock_unissued_confirmation_file	27810.89,28126.38 27970.87,29156.25
edge:declared:db.NonUnifiedShareEtcFile:create_request	27606.33,27333.33 27792.02,28036.38
edge:declared:db.NonUnifiedShareEtcFile:management_history	27564.43,27259.33 27186.31,26823.87
edge:declared:db.NonUnifiedShareManagement:non_unified_share_company	28532.21,25307.62 28642.56,25241.57
edge:declared:db.NonUnifiedShareManagementHistory:create_request	27167.13,26823.87 27781.11,28036.38
edge:declared:db.NonUnifiedShareManagementHistory:management	27189.50,26717.87 28415.25,25397.62
edge:declared:db.NonUnifiedShareManagementHistory:renew_request	27041.79,26717.87 26319.79,26329.39
edge:declared:db.NonUnifiedShareManagementHistory:stock_unissued_confirmation_file	27158.56,26823.87 27962.35,29156.25
edge:declared:db.NonUnifiedShareManagementSalesIntent:non_unified_share_management	29051.56,24829.20 28508.14,25307.62
edge:declared:db.NonUnifiedShareSucPoaDocument:modusign_document	23464.66,20922.54 23381.89,20990.30
edge:declared:db.NonUnifiedShareSucPoaDocument:request	23535.39,20922.54 26213.49,26239.39
edge:declared:db.NonUnifiedShareSucPoaDocument:user_address	23497.88,20840.54 22769.15,19068.25
edge:declared:db.NonUnifiedShareSucRenewRequest:management	26343.42,26239.39 28349.77,25397.62
edge:declared:db.NonUnifiedShareSucRenewRequest:renew_stock_unissued_confirmation_file	26263.03,26329.39 27950.99,29156.25
edge:declared:db.NotarizationPoA:meeting	16615.55,22806.00 16692.01,22763.19
edge:declared:db.NotarizationPoaDirectorSigner:director	16069.94,22887.61 15414.77,22782.61
edge:declared:db.NotarizationPoaDirectorSigner:notarization_poa	16338.94,22884.42 16418.33,22869.82
edge:declared:db.NotarizationPoaShareholderSigner:notarization_poa	16878.12,22939.88 16666.33,22881.30
edge:declared:db.NotarizationPoaShareholderSigner:shareholder	17127.66,23013.88 17526.95,23141.49
edge:declared:db.Notification:company	16251.74,9584.34 16910.95,12249.51
edge:declared:db.NotificationInbox:notification	16222.07,9391.91 16237.71,9510.34
edge:declared:db.Option:company	17527.96,17330.17 16989.76,12683.51
edge:declared:db.Option:grantee	17483.66,17420.17 15605.40,19127.31
edge:declared:db.Option:sealed_contract_file	17642.68,17420.17 20048.87,18408.90
edge:declared:db.Option:source_meeting	17602.67,17420.17 17702.78,17484.98
edge:declared:db.OptionAdjustment:event	16596.10,16066.99 16675.03,16779.43
edge:declared:db.OptionContractTemplatePermission:company	20040.21,10072.73 17154.62,12318.63
edge:declared:db.OptionExerciseClaim:company	13680.74,17727.06 16829.16,12683.51
edge:declared:db.OptionExerciseClaim:financial_account	13650.01,17727.06 13767.12,16954.04
edge:declared:db.OptionExerciseClaimAttachment:attachment_setting_item	14622.44,17507.84 14652.53,17411.32
edge:declared:db.OptionExerciseClaimAttachment:option_exercise_claim	14469.16,17584.09 13770.16,17759.45
edge:declared:db.OptionExerciseClaimCandidate:option_exercise_claim	14130.74,17645.09 13770.16,17753.11
edge:declared:db.OptionExerciseClaimCandidate:option_exercise_management	14292.56,17559.05 15074.19,16141.77
edge:declared:db.OptionExerciseClaimCandidate:option_grantee	14304.05,17649.05 15496.70,19127.31
edge:declared:db.OptionExerciseClaimCandidate:stock_subscription_file	14404.74,17624.31 20048.87,18458.88
edge:declared:db.OptionExerciseClaimDocumentSetting:management	15021.56,16674.74 15100.42,16141.77
edge:declared:db.OptionExerciseClaimEventRelation:_deprecated_payment	13809.35,18146.50 13890.28,18125.20
edge:declared:db.OptionExerciseClaimEventRelation:claim	13652.43,18146.42 13642.41,17857.06
edge:declared:db.OptionExerciseClaimEventRelation:event	13638.95,18228.42 13590.16,18362.66
edge:declared:db.OptionExerciseClaimMeetingDocument:exercise_claim	14938.73,21535.28 14876.35,21471.43
edge:declared:db.OptionExerciseClaimMeetingDocument:grantee	15035.10,21535.28 15171.13,21436.24
edge:declared:db.OptionExerciseClaimOption:option_exercise_claim	13868.18,17818.49 13770.16,17807.13
edge:declared:db.OptionExerciseClaimOptionTaxation:_deprecated_claim	14001.92,17937.62 13770.16,17844.37
edge:declared:db.OptionExerciseClaimOptionTaxation:claim_option	14066.38,17937.62 14015.68,17869.40
edge:declared:db.OptionExerciseClaimPayment:option_exercise_claim	13967.80,18055.70 13720.94,17857.06
edge:declared:db.OptionExerciseManagement:company	15143.43,16011.77 16853.15,12683.51
edge:declared:db.OptionExerciseManagement:excluded_institution_set	14980.04,16106.05 14056.90,16314.01
edge:declared:db.OptionExerciseManagementAttachmentSetting:management	14249.11,17313.93 15064.81,16141.77
edge:declared:db.OptionExerciseManagementAttachmentSettingItem:setting	14466.07,17363.81 14405.86,17360.62
edge:declared:db.OptionExerciseManagementCommonSetting:management	15442.15,16237.62 15240.04,16139.73
edge:declared:db.OptionExerciseManagementEmail:option_exercise_management	15329.28,16468.66 15146.40,16141.77
edge:declared:db.OptionExerciseManagementPaymentBankSetting:company	14975.93,12380.31 16774.62,12458.27
edge:declared:db.OptionExerciseManagementReminderSetting:management	15337.90,16017.64 15240.04,16043.03
edge:declared:db.OptionExerciseManagementTaxation:management	14849.11,16227.18 14997.28,16141.77
edge:declared:db.OptionExerciseManagementTaxationDefaultSetting:company	18656.81,12271.87 17154.62,12444.66
edge:declared:db.OptionGrantContract:_deprecated_template	20384.82,18935.34 19428.33,16229.79
edge:declared:db.OptionGrantContract:_grantee	20274.97,18998.14 16108.22,19184.08
edge:declared:db.OptionGrantContract:contract_file	20386.24,18935.34 20310.19,18703.97
edge:declared:db.OptionGrantContract:template_revision	20397.45,18935.34 20075.33,16494.22
edge:declared:db.OptionGrantContractModusignDocument:option_grant_contract	20873.01,19416.12 20467.92,19049.34
edge:declared:db.OptionGrantContractModusignEmbeddedDraft:option_grant_contract	21258.91,20770.64 20432.34,19049.34
edge:declared:db.OptionGrantContractStakeholder:company	19119.90,15240.17 17133.24,12683.51
edge:declared:db.OptionGrantContractTemplate:_deprecated_stakeholder	19394.68,16123.79 19175.99,15346.17
edge:declared:db.OptionGrantContractTemplate:company	19374.66,16123.79 17107.62,12683.51
edge:declared:db.OptionGrantContractTemplateDraft:company	18602.55,14574.10 17134.75,12683.51
edge:declared:db.OptionGrantContractTemplateDraft:stakeholder_set	18660.02,14648.10 19119.91,15240.17
edge:declared:db.OptionGrantContractTemplateRevision:stakeholder_set	20034.03,16404.22 19202.72,15346.17
edge:declared:db.OptionGrantContractTemplateRevision:template	19960.40,16404.22 19537.95,16229.79
edge:declared:db.OptionGrantEvent:_deprecated_grantee	16186.42,18589.07 15604.33,19127.31
edge:declared:db.OptionGrantEvent:share_class	16295.52,18491.07 16522.76,18292.64
edge:declared:db.OptionManagement:agenda_option_grant	16055.73,19439.54 16540.68,19651.80
edge:declared:db.OptionManagementStakeholderSeat:option_management	15759.14,19356.70 15853.20,19377.03
edge:declared:db.OptionManagementStakeholderSeat:stakeholder_seat	15475.14,19327.35 11793.19,19362.04
edge:declared:db.OptionResumeEvent:pause_event	30177.09,4403.05 30081.98,4503.89
edge:declared:db.OptionTag:category	15661.39,14269.35 15704.37,14211.50
edge:declared:db.OptionTag:company	15660.67,14269.35 16807.67,12683.51
edge:declared:db.OptionTagCategory:company	15758.56,14137.50 16808.00,12683.51
edge:declared:db.OptionTaxCalculatorSetting:company	23675.74,9604.01 17154.62,12385.47
edge:declared:db.OptionValueChange:company	16618.16,10283.75 16930.18,12249.51
edge:declared:db.OptionValueChange:investment_round	16655.10,10283.75 16947.22,10536.22
edge:declared:db.OptionVesting:_deprecated_grant_event	16028.32,18447.59 16127.57,18491.07
edge:declared:db.Order:seal_card	6684.15,8304.73 5310.99,8386.44
edge:declared:db.OrderPromotionRelation:order	7703.23,9590.58 6842.06,8346.35
edge:declared:db.OrderPromotionRelation:promotion	7753.60,9590.58 8146.02,9004.12
edge:declared:db.OrderStaffInChargeRelation:order	6656.86,6785.83 6803.25,8248.35
edge:declared:db.OrderStaffInChargeRelation:staff_in_charge	6526.16,6758.42 5898.24,6805.86
edge:declared:db.OrderStatusHistory:order	5934.79,9962.89 6782.46,8346.35
edge:declared:db.OrganizationChart:company	14452.45,13341.14 16774.62,12532.66
edge:declared:db.OtherDocumentArchive:company	19454.25,16348.89 17103.78,12683.51
edge:declared:db.OtherDocumentArchiveAttachment:other_document_archive	19916.38,17053.22 19502.29,16422.89
edge:declared:db.OwnerRole:company	12489.97,11147.97 16774.62,12410.52
edge:declared:db.OwnerRolePermissionRelation:owner_permission	11854.93,10680.02 11639.39,10594.96
edge:declared:db.OwnerRolePermissionRelation:owner_role	11987.84,10754.02 12314.13,11062.43
edge:declared:db.Payment:_company	20485.24,13443.49 17154.62,12519.24
edge:declared:db.Payment:app_card	20692.99,13536.57 20752.31,13580.06
edge:declared:db.Payment:charge	20495.93,13536.57 20223.45,13666.74
edge:declared:db.Payment:credit_card	20745.24,13474.50 22822.84,13393.46
edge:declared:db.Payment:purchase	20745.24,13512.92 21761.74,13773.67
edge:declared:db.PaymentLink:payment_store	23426.66,13265.59 22785.57,13997.30
edge:declared:db.PaymentLink:question_threads	23342.08,13197.16 20615.29,12682.07
edge:declared:db.PaymentRefund:payment	20846.03,13388.44 20745.24,13428.24
edge:declared:db.PaymentRefund:payment_status_history	20901.02,13314.44 20857.05,13272.42
edge:declared:db.PaymentStatusHistory:payment	20787.55,13272.42 20662.65,13422.57
edge:declared:db.PaymentStore:legal_partner	22671.84,14087.30 21720.71,14663.39
edge:declared:db.Payroll:company	9073.81,4961.99 16774.62,12287.00
edge:declared:db.Payroll:setting	9008.06,4961.99 8823.74,11882.91
edge:declared:db.PayrollAnnualSalaryInfo:employee	11344.98,14791.79 11524.51,14944.87
edge:declared:db.PayrollAnnualSalaryItem:item_setting_relation	10441.60,13599.29 10137.66,12007.24
edge:declared:db.PayrollAnnualSalaryItem:payroll_annual_salary_info	10476.88,13673.29 11273.38,14717.79
edge:declared:db.PayrollDocumentSealStampSetting:_deprecated_ceo	17082.86,15098.35 17389.67,16370.13
edge:declared:db.PayrollDocumentSealStampSetting:company	17071.26,15016.35 16973.70,12683.51
edge:declared:db.PayrollDocumentSealStampSetting:seal_stamp	17088.96,15098.35 17292.32,15619.95
edge:declared:db.PayrollEmployeeMonthlyWage:hrm_emp	8535.93,18527.56 8739.72,18277.71
edge:declared:db.PayrollLedger:company	13676.56,15054.79 16774.62,12616.07
edge:declared:db.PayrollLedgerAttachment:payroll_ldeger	13251.07,14766.85 13553.55,15054.79
edge:declared:db.PayrollLedgerFile:payroll_ledger	13542.84,14759.97 13599.11,15054.79
edge:declared:db.PayrollLedgerFileModificationRequest:payroll_ledger_file	13837.94,14581.58 13614.85,14685.97
edge:declared:db.PayrollLedgerItemSettingRelation:ledger_item	9973.57,11974.40 8913.75,12057.28
edge:declared:db.PayrollLedgerItemSettingRelation:setting	9973.57,11957.68 8947.34,11927.55
edge:declared:db.PayrollManagementRelation:payroll	10948.83,7173.09 9061.74,4961.99
edge:declared:db.PayrollSetting:ledger_item_set	8815.41,11964.91 8802.91,12029.51
edge:declared:db.PayrollSettlement:company_question_thread_set	13728.39,9687.06 18984.74,14210.59
edge:declared:db.PayrollSettlement:payroll	13640.39,9605.06 9069.73,4961.99
edge:declared:db.PayrollSettlementAutoCreation:payroll	9797.87,6088.20 9050.18,4961.99
edge:declared:db.PayrollSettlementAutoCreation:payroll_question_help_template	9826.94,6162.20 10176.83,9035.46
edge:declared:db.PayrollSettlementProgressLog:payroll_settlement	13174.61,9736.98 13556.75,9668.33
edge:declared:db.PayrollSocialInsuranceSetting:hrm	5333.07,16878.49 5352.90,16256.84
edge:declared:db.PayrollStaffUserRelation:payroll	8718.58,5093.83 8917.60,4961.99
edge:declared:db.PayrollStatement:_deprecated_employee	11804.38,15727.15 11666.89,15146.87
edge:declared:db.PayrollStatement:hrm_emp	11741.47,15849.15 9052.82,17969.09
edge:declared:db.PayrollStatement:payroll_ledger	11948.83,15738.75 13485.23,15154.92
edge:declared:db.PayrollStatementAttendance:payroll_statement	11766.90,16124.25 11809.40,15849.15
edge:declared:db.PayrollStatementDocument:payroll_statement	13100.71,15457.31 11948.83,15754.60
edge:declared:db.PayrollStatementEmail:payroll_ledger	13080.16,17091.88 13595.09,15160.79
edge:declared:db.PayrollStatementEmailRecipient:email	12832.11,18642.94 13061.11,17181.88
edge:declared:db.PayrollStatementEmailRecipient:payroll_statement	12811.43,18642.94 11840.04,15849.15
edge:declared:db.PayrollStatementItem:ledger_item_setting_relation	10904.22,12948.89 10164.42,12007.24
edge:declared:db.PayrollStatementItem:payroll_statement	10944.98,13022.89 11799.55,15727.15
edge:declared:db.PayrollStatementPayrollInformation:payroll_statement	12172.22,15764.99 11948.83,15779.63
edge:declared:db.PayrollStatementScheduledEmail:payroll_statement_email	12785.98,17171.00 12944.16,17151.87
edge:declared:db.PayrollStatementScheduledEmailPeriodicTaskRelation:payroll_statement_scheduled_email	12626.60,17325.14 12641.86,17224.74
edge:declared:db.PeriodicOptionVestingItem:periodic_option_vesting	15607.28,18470.59 15612.92,18526.22
edge:declared:db.PhantomStock:company	12169.07,17068.19 16774.62,12648.83
edge:declared:db.PhantomStock:grantee	12120.51,17166.19 12169.85,18132.18
edge:declared:db.PhantomStockGrantContract:phantom_stock	11736.50,17344.32 12035.70,17166.19
edge:declared:db.PhantomStockResumeEvent:pause_event	16487.46,16188.93 16381.18,16235.03
edge:declared:db.PhantomStockVesting:phantom_stock	11736.34,17619.00 12080.74,17166.19
edge:declared:db.PhantomStockVestingItem:phantom_stock_vesting	11635.63,17934.66 11698.57,17693.00
edge:declared:db.PhantomStockVestingTraceable:phantom_stock	11870.18,17791.99 12100.01,17166.19
edge:declared:db.PhantomStockVestingTraceable:source_vesting_item	11798.16,17865.99 11689.70,17934.66
edge:declared:db.PhoneVerification:phone	9582.71,14002.28 8068.30,12573.25
edge:declared:db.PingpongDelivery:dropoff_address	20260.76,12423.34 22348.52,14163.07
edge:declared:db.PitchingDayHall:assigned_irs	30658.43,8690.01 27472.95,7635.18
edge:declared:db.PitchingDayHallAccessLog:pitching_day_hall	30912.53,8954.36 30808.65,8776.07
edge:declared:db.PitchingDayHallAccessLog:venture_capital	30951.26,9028.36 32446.34,12250.52
edge:declared:db.PitchingDayHallAssignedIrs:investor_relations	29117.86,8001.39 27472.95,7619.90
edge:declared:db.PitchingDayHallAssignedIrs:pitching_day_hall	29326.10,8067.84 30683.62,8686.07
edge:declared:db.PortalMenuVisibilitySetting:company	17570.68,10169.65 17021.88,12249.51
edge:declared:db.PortalSetting:company	19118.53,10009.27 17154.62,12249.75
edge:declared:db.PortfolioCompany:company	27275.26,14283.47 17154.62,12499.99
edge:declared:db.PortfolioCompany:venture_capital	27535.26,14259.53 32357.46,12521.83
edge:declared:db.PortfolioCompanyFund:fund	28481.42,14414.75 30141.02,13654.76
edge:declared:db.PortfolioCompanyFund:portfolio_company	28282.62,14434.52 27535.26,14325.37
edge:declared:db.PortfolioCompanyManager:portfolio_company	27409.18,17016.11 27405.35,14371.38
edge:declared:db.PortfolioCompanyUserRelation:portfolio_company	27537.52,14413.40 27485.59,14371.38
edge:declared:db.PrivacyPolicyLog:privacy_policy	5715.39,29969.49 5725.03,29876.30
edge:declared:db.PromotionAddress:promotion	8103.98,7240.24 8169.35,8930.12
edge:declared:db.PromotionCodeUsageHistory:promotion_code	24309.32,12617.97 24206.78,12411.41
edge:declared:db.PromotionCodeUsageHistory:service_fee_item	24345.22,12691.97 24379.84,12765.05
edge:declared:db.Purchase:_corporate_registration_paid_issue	21761.74,13814.68 20182.74,13847.17
edge:declared:db.Purchase:_credit	21761.74,13815.98 20662.92,13848.19
edge:declared:db.Purchase:_deprecated_payment_store	22057.74,13852.45 22622.14,14008.10
edge:declared:db.Purchase:_incorporation_request	21871.23,13916.64 21154.78,15869.89
edge:declared:db.Purchase:_invitation_seat_request	21761.74,13771.28 12765.99,11318.19
edge:declared:db.Purchase:_meeting	21796.67,13916.64 17976.78,17463.80
edge:declared:db.Purchase:_payment_store_legal_partner	21871.63,13916.64 21612.08,14631.67
edge:declared:db.Purchase:_subscription_payment_request	21877.00,13706.64 21266.11,11747.60
edge:declared:db.Purchase:basket	22015.08,13706.64 22124.33,13597.75
edge:declared:db.Purchase:company	21761.74,13771.38 17154.62,12518.19
edge:declared:db.Purchase:investment_association	22057.74,13888.27 27213.38,16557.73
edge:declared:db.Purchase:service_fee	22057.74,13752.93 22365.55,13630.85
edge:declared:db.Purchase:venture_capital	22057.74,13792.76 32357.46,12478.99
edge:declared:db.PurchaseItem:payment_store	22728.45,13910.33 22740.11,13997.30
edge:declared:db.PurchaseItem:purchase	22605.49,13864.38 22057.74,13822.86
edge:declared:db.PurchaseStatusHistory:purchase	21386.48,13750.77 21761.74,13794.42
edge:declared:db.Purpose:articles_of_incorporation	17922.06,15050.12 17787.42,15257.22
edge:declared:db.Purpose:industrial_code	17935.10,14976.12 17876.36,14778.62
edge:declared:db.QrReplyPasswordReset:request	23399.70,16373.08 23368.10,16647.20
edge:declared:db.QrReplyPasswordResetRequest:reply	23342.29,16721.20 23126.69,17091.48
edge:declared:db.QuarterlyReportRequest:quarterly_report	25963.54,16785.86 26550.87,16049.32
edge:declared:db.QuarterlyReportRequestAttachment:quarterly_report_request	25691.66,16866.73 25757.66,16856.70
edge:declared:db.QuarterlyReportRequestRecipient:email_activity_recipient	27361.23,17276.99 23752.08,23064.19
edge:declared:db.QuarterlyReportRequestRecipient:portfolio_company	27389.54,17186.99 27404.91,14371.38
edge:declared:db.QuarterlyReportRequestRecipient:portfolio_company_manager	27394.31,17186.99 27405.11,17090.11
edge:declared:db.QuarterlyReportRequestRecipient:quarterly_report_request	27225.32,17186.99 26091.63,16875.86
edge:declared:db.QuarterlyReportRequestReportItem:quarterly_report_item	25513.50,16715.43 25500.02,16544.57
edge:declared:db.QuarterlyReportRequestReportItem:quarterly_report_request	25665.92,16753.84 25774.73,16785.86
edge:declared:db.QuarterlyReportSettings:quarterly_report	26465.67,15966.97 26528.60,15974.58
edge:declared:db.QuarterlyReportSignupChannel:portfolio_company	25678.31,14795.07 27275.26,14343.17
edge:declared:db.QuarterlyReportSignupChannel:quarterly_report	25581.44,14874.84 26619.31,15935.32
edge:declared:db.QuestionMessageAttachment:message	21420.22,15069.23 22788.13,11525.34
edge:declared:db.QuestionMessageScheduled:question_thread_message	23042.88,10941.49 22848.69,11379.34
edge:declared:db.QuestionThread:_company	20355.29,12650.46 17154.62,12476.82
edge:declared:db.QuestionThreadAssignment:question_thread	19725.64,12753.81 20355.29,12673.99
edge:declared:db.QuestionThreadMessage:question_thread	22680.31,11522.65 20615.29,12590.30
edge:declared:db.QuestionThreadMessageAccessLog:message	22922.53,11786.30 22839.53,11525.34
edge:declared:db.QuestionThreadMessageCategory:question_thread_message	23600.18,11532.04 22952.31,11466.17
edge:declared:db.QuestionThreadMessagePeriodicTaskRelation:question_message_scheduled	22940.91,10786.67 23022.12,10867.49
edge:declared:db.QuestionThreadMessageProfile:message	23221.56,11238.90 22952.31,11380.71
edge:declared:db.QuestionThreadMessageReminder:message	23600.18,11631.05 22952.31,11483.35
edge:declared:db.QuestionThreadMessageReview:message	23315.62,11740.71 22942.71,11525.34
edge:declared:db.QuestionThreadMessageReviewRequest:message	23630.25,11740.71 22952.31,11500.52
edge:declared:db.QuestionThreadTag:question_thread_set	20525.46,12899.32 20496.75,12726.51
edge:declared:db.RebootProductContactRequest:company	14983.20,12004.41 16774.62,12422.20
edge:declared:db.RegisteredMail:order_status_history	5652.54,10053.28 5789.29,10027.38
edge:declared:db.RegisteredMail:seal_card_return_status_history	5528.13,10038.63 5495.48,9850.15
edge:declared:db.Registration:meeting	15988.68,19485.32 17736.39,17697.80
edge:declared:db.RegistrationAgenda:agenda_ceo_address_change	14323.64,21774.00 14550.66,22073.25
edge:declared:db.RegistrationAgenda:agenda_director_change	14291.45,21774.00 14335.22,22782.08
edge:declared:db.RegistrationAgenda:agenda_option_exercise	14392.79,21774.00 14546.82,21841.11
edge:declared:db.RegistrationAgenda:registration	14323.39,21684.00 15917.72,19567.32
edge:declared:db.RegistrationAssistance:legal_partner	20850.02,16805.01 21522.97,14881.67
edge:declared:db.RegistrationAssistance:meeting	20711.67,16876.54 17998.78,17544.37
edge:declared:db.RegistrationAssistanceReceipt:registration_assistance	20947.08,16931.58 20889.05,16887.01
edge:declared:db.RegistrationCaseReport:company	14982.49,8317.13 16860.96,12249.51
edge:declared:db.RegistrationCaseReport:jurisdiction	14965.25,8317.13 14983.39,9887.00
edge:declared:db.RegistrationCaseReportUpdateLog:company	20261.84,9676.06 17154.62,12305.71
edge:declared:db.RegistrationDirector:registration	16045.46,19647.24 15981.44,19567.32
edge:declared:db.RegistrationFormCaptable:agenda	18800.96,23675.34 17944.08,21522.88
edge:declared:db.RegistrationFormCaptableDocument:captable	17688.82,24563.57 18762.67,23757.34
edge:declared:db.RegistrationFormCaptableNotarizationRequestor:registration_form_captable	18404.48,23405.30 18762.87,23675.34
edge:declared:db.RegistrationFormCaptableNotarizationRequestor:shareholder	18213.28,23331.30 17901.95,23250.23
edge:declared:db.RegistrationFormHeadOfficeInsideRelocationDocument:head_office_relocation_agenda	19194.62,23526.91 18742.91,21713.82
edge:declared:db.RegistrationFormHeadOfficeOutsideRelocationDocument:head_office_relocation_agenda	19605.07,23940.23 18750.06,21713.82
edge:declared:db.RegistrationHelp:company_question_thread	18102.30,16768.18 19052.62,14388.59
edge:declared:db.RegistrationHelp:meeting	18076.23,16842.18 17886.49,17463.80
edge:declared:db.ResignationLetterDocument:director_change_agenda	14846.18,24214.90 14357.06,22888.08
edge:declared:db.RightToConsentOrConsult:company	15616.28,16628.11 16894.31,12683.51
edge:inheritance:db.RsuAdjustEvent->db.Event	16170.76,16654.42 16539.11,16821.36
edge:declared:db.RsuExerciseClaim:company	15134.68,15384.09 16828.52,12683.51
edge:declared:db.RsuExerciseClaim:financial_account	15053.53,15490.09 13818.83,16856.04
edge:declared:db.RsuExerciseClaimAttachment:attachment_setting_item	14725.23,15565.37 14654.96,15632.15
edge:declared:db.RsuExerciseClaimAttachment:rsu_exercise_claim	14887.66,15494.95 14977.44,15470.65
edge:declared:db.RsuExerciseClaimCandidate:hrm_emp	13983.14,16528.17 9052.82,18051.56
edge:declared:db.RsuExerciseClaimCandidate:rsu_exercise_claim	14155.35,16440.24 15051.45,15490.09
edge:declared:db.RsuExerciseClaimCandidate:rsu_exercise_management	14101.97,16440.24 14048.47,16074.94
edge:declared:db.RsuExerciseClaimCandidate:rsu_grantee	14122.26,16538.24 14206.77,16853.98
edge:declared:db.RsuExerciseClaimCandidateEmailRecipient:candidate	14364.25,16619.79 14204.89,16538.24
edge:declared:db.RsuExerciseClaimEventRelation:claim	15485.05,15626.68 15208.68,15490.09
edge:declared:db.RsuExerciseClaimEventRelation:event	15589.19,15700.68 16175.50,16441.85
edge:declared:db.RsuExerciseClaimRsu:rsu	15602.43,15349.20 15885.75,15289.99
edge:declared:db.RsuExerciseClaimRsu:rsu_exercise_claim	15366.43,15393.34 15225.44,15416.62
edge:declared:db.RsuExerciseManagement:company	14081.54,15976.94 16786.40,12683.51
edge:declared:db.RsuExerciseManagement:excluded_institution_set	14024.49,16074.94 13948.34,16296.94
edge:declared:db.RsuExerciseManagementAttachmentSetting:management	14412.86,15866.96 14155.82,15976.94
edge:declared:db.RsuExerciseManagementAttachmentSettingItem:setting	14589.18,15706.15 14526.18,15792.96
edge:declared:db.RsuExerciseManagementEmail:rsu_exercise_management	14323.28,16237.70 14106.55,16074.94
edge:declared:db.RsuExtraAttachment:rsu	16351.41,14908.78 16089.96,15188.57
edge:declared:db.RsuGrantContract:rsu	16518.32,15047.97 16157.75,15203.07
edge:declared:db.RsuGrantContract:template	16627.44,14957.97 16695.00,14283.36
edge:declared:db.RsuGrantContractModusignDocument:rsu_grant_contract	20923.90,19215.91 16668.88,15047.97
edge:declared:db.RsuGrantContractTemplate:company	16823.11,14201.36 16924.95,12683.51
edge:declared:db.RsuGrantContractTemplate:stakeholder_set	16696.90,14201.36 16681.51,13915.57
edge:declared:db.RsuGrantContractTemplateStakeholder:company	16686.99,13841.57 16920.81,12683.51
edge:declared:db.RsuMeeting:company	16894.54,15260.78 16959.18,12683.51
edge:declared:db.RsuMeeting:meeting	16912.35,15350.78 17801.55,17463.80
edge:declared:db.RsuMeetingAttachment:meeting	16518.49,15405.82 16769.42,15338.87
edge:declared:db.RsuPerformanceCondition:company	15979.96,14375.93 16852.72,12683.51
edge:declared:db.RsuResumeEvent:pause_event	16282.04,17265.53 16166.38,17338.60
edge:declared:db.RsuRsa:company	16046.38,15188.57 16891.42,12683.51
edge:declared:db.RsuRsa:grantee	15941.13,15334.57 14263.02,16853.98
edge:declared:db.RsuRsa:grantee_hrm_emp	15885.75,15315.72 9052.82,18036.23
edge:declared:db.RsuRsa:source_meeting	16157.75,15268.47 16769.42,15299.49
edge:declared:db.RsuRsaSealedContractFile:company	16487.01,14499.12 16913.63,12683.51
edge:declared:db.RsuRsaSealedContractFile:grant_contract	16489.78,14573.12 16609.00,14957.97
edge:declared:db.RsuTag:category	16303.82,14355.02 16239.07,14267.16
edge:declared:db.RsuTag:company	16347.43,14355.02 16893.70,12683.51
edge:declared:db.RsuTag:rsu_set	16319.24,14437.02 16048.09,15188.57
edge:declared:db.RsuTagCategory:company	16227.59,14193.16 16871.99,12683.51
edge:declared:db.RsuVesting:rsu	15648.74,15231.49 15885.75,15250.60
edge:declared:db.RsuVestingItem:performance_condition	15719.38,14808.24 15938.28,14449.93
edge:declared:db.RsuVestingItem:rsu_vesting	15672.22,14898.24 15546.91,15184.98
edge:declared:db.RsuVestingTraceable:rsu	15907.53,15126.72 15959.92,15188.57
edge:declared:db.RsuVestingTraceable:source_vesting_item	15847.35,15052.72 15726.96,14898.24
edge:declared:db.RtccConsentSummary:company	15417.57,10851.50 16774.62,12268.16
edge:declared:db.RtccConsentSummary:source_result	15375.00,10777.50 15303.07,10404.44
edge:declared:db.RtccEmail:right_to_consent_or_consult	15503.36,17047.42 15592.20,16710.11
edge:declared:db.RtccEmailAuthentication:rtcc_investor	16123.52,17629.54 16048.18,17684.46
edge:declared:db.RtccInvestor:right_to_consent_or_consult	15970.18,17684.46 15617.83,16710.11
edge:declared:db.RtccInvestor:stakeholder	15893.36,17774.46 12852.68,19244.30
edge:declared:db.RtccInvestorFile:investor	17295.64,17716.95 16141.95,17727.97
edge:declared:db.RtccSummaryAnalysisRequest:company	15660.58,10139.72 16843.00,12249.51
edge:declared:db.RtccSummaryAnalysisRequestDocument:document	15731.50,10304.25 18592.56,15317.32
edge:declared:db.RtccSummaryAnalysisRequestDocument:request	15694.40,10230.25 15655.31,10139.72
edge:declared:db.RtccSummaryAnalysisResult:request	15348.21,10322.44 15584.56,10139.72
edge:declared:db.RtccSummaryAnalysisResultDocument:document	15284.19,9544.65 18592.45,15317.32
edge:declared:db.RtccSummaryAnalysisResultDocument:result	15264.38,9544.65 15293.63,10322.44
edge:declared:db.Safe:company	14921.64,14708.31 16774.62,12675.00
edge:declared:db.Safe:holder	14855.48,14782.31 13765.22,16026.00
edge:declared:db.SafeCreateEvent:contract_file	17553.44,17542.12 20048.87,18420.12
edge:declared:db.SalesMetric:legal_partner	22125.79,14706.38 21720.71,14742.82
edge:declared:db.SdContactRequest:secondary_deal	32589.63,8593.53 33306.65,6275.29
edge:declared:db.SdContactRequest:venture_capital	32577.83,8667.53 32543.43,12250.52
edge:declared:db.SealCardReturnRequest:seal_card	4690.12,8469.95 5062.99,8412.82
edge:declared:db.SealCardReturnStatusHistory:seal_card_return_request	5459.74,9768.15 4594.76,8529.95
edge:declared:db.SealCertificateDelivery:company	19316.38,12402.86 17154.62,12461.37
edge:declared:db.SealCertificateDelivery:seal_card_pickup_delivery	19564.38,12395.40 20077.96,12378.43
edge:declared:db.SealCertificateIssueRequest:delivery	19547.99,12490.52 19498.31,12448.50
edge:declared:db.SealStamp:attachment	17417.85,15725.95 20048.87,18300.82
edge:declared:db.SealStamp:company	17307.22,15619.95 16988.20,12683.51
edge:declared:db.SealStamp:director	17319.47,15725.95 17398.34,16370.13
edge:declared:db.SealStampCardContinuedUseApplicationFormDocument:stakeholder	12179.46,23206.21 12666.17,19481.54
edge:declared:db.SealStampDeclarationDocument:stakeholder	12396.86,23055.23 12674.48,19481.54
edge:declared:db.SealStampImage:seal_stamp	17708.39,15767.50 17436.98,15702.60
edge:declared:db.SealStampUsageHistory:employee	13108.00,15267.55 11784.96,15067.36
edge:declared:db.SealStampUsageHistory:payroll_statement_document	13226.99,15339.31 13222.21,15389.86
edge:declared:db.SealStampUsageHistory:seal_stamp	13356.00,15298.06 17188.98,15661.20
edge:declared:db.SealStampUsageHistory:wht_book	13108.00,15291.69 12384.65,15323.09
edge:declared:db.SealStampUsageHistory:wht_certificate	13250.51,15233.31 13272.62,15170.04
edge:declared:db.SealStampUsageHistory:wht_receipt	13108.00,15244.80 12972.29,15199.37
edge:declared:db.SecondaryDeal:assigned_investors	33328.66,6275.29 32567.57,12250.52
edge:declared:db.SecondaryDeal:business_line	33190.07,6134.56 32755.93,6078.92
edge:declared:db.SecondaryDeal:corporate_registration	33190.07,6050.45 33042.96,5951.26
edge:declared:db.SecondaryDeal:operating_profit	33319.86,6033.29 33043.86,4654.06
edge:declared:db.SelfRegistration:meeting	18091.94,17417.64 17998.78,17480.67
edge:declared:db.ServiceFee:basket	22344.92,13578.11 22279.45,13571.92
edge:declared:db.ServiceFeeItem:product	24303.72,12765.05 23234.82,12306.37
edge:declared:db.ServiceFeeItem:service_fee	24298.29,12847.05 22569.89,13548.85
edge:declared:db.ShareClass:company	16586.96,18186.64 16950.29,12683.51
edge:declared:db.ShareholderInstitutionMember:institution	12864.64,21971.14 13174.25,22666.06
edge:declared:db.ShareholderInstitutionMember:manager	12832.14,21889.14 12746.39,21641.98
edge:declared:db.ShareholderInstitutionMemberCeo:member	12811.76,22574.59 12844.17,21971.14
edge:declared:db.ShareholderVote:agenda	17872.13,22696.08 17932.57,21522.88
edge:declared:db.ShareholderVote:attended_shareholder	17793.24,22770.08 17727.05,23132.41
edge:declared:db.ShareholderVotingRightsPerAgenda:agenda	17642.72,22574.37 17861.09,21522.88
edge:declared:db.ShareholderVotingRightsPerAgenda:shareholder	17640.01,22648.37 17705.16,23132.41
edge:declared:db.ShareholdersAgreementStakeholder:stakeholder	11968.03,19095.99 12520.68,19271.75
edge:declared:db.ShareholdersMeeting:chairperson	16685.24,22699.25 15414.77,22748.75
edge:declared:db.ShareholdersMeeting:meeting	16829.21,22625.19 17827.09,17697.80
edge:declared:db.ShareholdersMeeting:sealed_meeting_minutes_file	16871.39,22625.19 20062.29,18703.97
edge:declared:db.ShareholdersMeetingAgenda:agenda_authorized_shares_change	17729.54,21489.23 17413.90,21693.11
edge:declared:db.ShareholdersMeetingAgenda:agenda_bonus_issue	17923.22,21248.88 18149.47,20328.58
edge:declared:db.ShareholdersMeetingAgenda:agenda_branch_change	17901.25,21248.88 18000.02,20093.97
edge:declared:db.ShareholdersMeetingAgenda:agenda_change_of_articles_of_incorporation	18049.54,21362.24 19018.55,20625.73
edge:declared:db.ShareholdersMeetingAgenda:agenda_co_ceo_system_change	17729.54,21334.91 17058.89,21121.30
edge:declared:db.ShareholdersMeetingAgenda:agenda_company_name_change	17856.75,21248.88 17790.02,20970.07
edge:declared:db.ShareholdersMeetingAgenda:agenda_custom	17729.54,21305.05 17078.99,20976.42
edge:declared:db.ShareholdersMeetingAgenda:agenda_director_change	17729.54,21451.15 14461.52,22784.49
edge:declared:db.ShareholdersMeetingAgenda:agenda_director_compensation_decision	17729.54,21423.79 16316.73,21758.59
edge:declared:db.ShareholdersMeetingAgenda:agenda_director_compensation_rule	17729.54,21315.87 17474.29,21204.18
edge:declared:db.ShareholdersMeetingAgenda:agenda_financial_statements	17923.54,21248.88 18250.36,19931.96
edge:declared:db.ShareholdersMeetingAgenda:agenda_head_office_relocation	18049.54,21438.24 18600.21,21618.44
edge:declared:db.ShareholdersMeetingAgenda:agenda_head_office_relocation_aoi_change	18008.96,21522.88 18559.01,22153.86
edge:declared:db.ShareholdersMeetingAgenda:agenda_method_of_giving_public_notice_change	17860.35,21248.88 17716.35,20572.93
edge:declared:db.ShareholdersMeetingAgenda:agenda_new_issue	17729.54,21522.88 17099.83,22275.97
edge:declared:db.ShareholdersMeetingAgenda:agenda_new_options_rule	17729.54,21263.83 17489.08,21080.41
edge:declared:db.ShareholdersMeetingAgenda:agenda_new_or_change_rsu_rule	17778.21,21248.88 17445.79,20839.80
edge:declared:db.ShareholdersMeetingAgenda:agenda_option_cancel	17729.54,21343.89 16270.24,20960.96
edge:declared:db.ShareholdersMeetingAgenda:agenda_option_grant	17788.47,21248.88 16676.69,19741.80
edge:declared:db.ShareholdersMeetingAgenda:agenda_purpose_change	18017.20,21522.88 18134.40,21648.65
edge:declared:db.ShareholdersMeetingAgenda:agenda_rsu_grant	17729.54,21309.27 16661.59,20797.99
edge:declared:db.ShareholdersMeetingAgenda:agenda_subsidiary_establishment	17729.54,21404.46 16812.84,21510.97
edge:declared:db.ShareholdersMeetingAgenda:meeting	17777.04,21522.88 16871.90,22625.19
edge:declared:db.ShareholdersMeetingConvocationNoticeEmail:shareholders_meeting	18399.04,20794.45 16872.76,22625.19
edge:declared:db.ShareholdersMeetingConvocationNoticeEmailAttachment:convocation_notice_email	19650.86,20457.05 18628.39,20700.56
edge:declared:db.ShareholdersMeetingConvocationNoticeEmailNewIssueAttachment:email	17321.73,22148.01 18400.33,20794.45
edge:declared:db.ShareholdersMeetingConvocationNoticeEmailNewIssueAttachment:new_issue	17404.48,22222.01 17186.29,22307.61
edge:declared:db.ShareholdersMeetingConvocationNoticeEmailRecipient:email_activity_recipient	21882.43,22516.29 23597.52,23072.94
edge:declared:db.ShareholdersMeetingConvocationNoticeRecipient:bulk_email_recipient	20429.88,21905.24 17933.38,19178.66
edge:declared:db.ShareholdersMeetingConvocationNoticeRecipient:convocation_notice_email	20395.13,21905.24 18520.41,20794.45
edge:declared:db.ShareholdersMeetingConvocationNoticeRecipient:shareholder	20371.93,21995.24 17866.47,23132.41
edge:declared:db.ShareholdersMeetingDirectorAttendance:stakeholder	15208.20,22706.37 12801.12,19481.54
edge:declared:db.ShareholdersMeetingPowerOfAttorneyIndividualDocument:shareholder	17171.42,23612.38 17623.28,23270.41
edge:declared:db.ShareholdersMeetingShareholderAttendance:meeting	17592.13,23132.41 16937.56,22763.19
edge:declared:db.ShareholdersMeetingShareholderAttendance:original_shareholder	17526.95,23181.86 13333.21,22744.61
edge:declared:db.ShareholdersMeetingShortenPeriodIndividualDocument:shareholder	17423.04,23231.99 17526.95,23221.08
edge:declared:db.ShareholdersMeetingWrittenDecisionIndividualDocument:shareholder	17360.49,23804.41 17673.95,23270.41
edge:declared:db.Stakeholder:company	12784.62,19167.54 16829.26,12683.51
edge:declared:db.Stakeholder:standardized_address	12852.68,19318.23 22563.75,18949.10
edge:declared:db.StakeholderAccount:account	13375.49,17935.33 13755.56,16954.04
edge:declared:db.StakeholderAccount:stakeholder	13342.70,18009.33 12764.99,19167.54
edge:declared:db.StakeholderCustodian:stakeholder	12308.31,19299.45 12520.68,19313.53
edge:declared:db.StakeholderSeat:stakeholder	11793.19,19359.33 12520.68,19336.59
edge:declared:db.StarredQuestionThread:question_thread	20130.70,12806.80 20355.29,12712.25
edge:declared:db.Stock:company	16565.34,18415.79 16950.06,12683.51
edge:declared:db.Stock:share_class	16566.53,18415.79 16578.37,18292.64
edge:declared:db.Stock:shareholder	16530.37,18497.79 13254.30,22666.06
edge:declared:db.StockDocumentAnalysis:document_ai_process_request	25820.92,27607.59 26369.23,27351.41
edge:declared:db.StockDocumentAnalysis:stock_reregistration_event	25769.97,27681.59 25875.47,27819.83
edge:declared:db.StockTransferAgreement:company	17765.33,18485.52 16993.49,12683.51
edge:declared:db.StockTransferAgreement:purchaser	17639.57,18582.88 12852.68,19299.68
edge:declared:db.StockTransferAgreement:sealed_agreement_file	17911.57,18571.17 20048.87,18496.78
edge:declared:db.StockTransferAgreement:seller	17642.95,18639.52 13287.65,22666.06
edge:declared:db.StockTransferAgreement:stock_transfer_event	17666.20,18485.52 17539.51,18396.32
edge:declared:db.StockTransferAgreementClauses:stock_transfer_agreement	17927.96,18325.64 17911.57,18503.81
edge:declared:db.StockTransferAgreementItem:agreement	17246.10,18368.42 17639.57,18512.66
edge:declared:db.StockTransferAgreementItem:share_class	17021.67,18311.24 16707.46,18259.90
edge:declared:db.StockTransferAgreementManagement:company	18156.28,13151.61 17154.62,12575.74
edge:declared:db.StockTransferAgreementManagement:related_tax_advices	18386.06,13160.32 20355.29,12688.65
edge:declared:db.StockTransferAgreementManagement:stock_transfer_agreement	18230.71,13241.61 17782.16,18485.52
edge:declared:db.StockTransferAgreementManagementStakeholderSeat:stakeholder_seat	9894.25,8571.11 11662.12,19322.21
edge:declared:db.StockTransferAgreementManagementStakeholderSeat:stock_transfer_agreement_management	9954.41,8571.11 18156.07,13151.61
edge:declared:db.StockTransferAgreementModusignDocument:stock_transfer_agreement	20098.99,20217.20 17883.69,18639.52
edge:declared:db.StockTransferAgreementModusignEmbeddedDraft:stock_transfer_agreement	20282.70,20569.69 17871.22,18639.52
edge:declared:db.StockTransferAgreementPurchaserInstitution:agreement	17944.46,18934.50 17820.60,18639.52
edge:declared:db.StockTransferAgreementSellerInstitution:agreement	18307.91,18740.15 17911.57,18607.90
edge:declared:db.StockTransferAgreementSurvey:company	19665.94,9627.00 17154.62,12266.79
edge:declared:db.StockTransferPrice:share_class	17254.07,18173.43 16707.46,18227.40
edge:declared:db.StockTransferPrice:stock_transfer_event	17393.59,18198.78 17465.43,18322.32
edge:declared:db.StockUnissuedConfirmationRequest:company	18971.74,16204.93 17081.13,12683.51
edge:declared:db.StockUnissuedConfirmationRequest:stock_unissued_confirmation_file	19016.53,16286.93 20118.31,18269.97
edge:declared:db.StripeCard:customer	6254.03,7287.11 6300.14,7658.11
edge:declared:db.StripePayment:card	5456.35,7938.15 6206.78,7287.11
edge:declared:db.StripePayment:order	5533.09,8007.35 6684.15,8269.15
edge:declared:db.StripePayment:seal_card_return_request	5341.30,8020.15 4633.91,8447.95
edge:declared:db.Subscription:company	20793.33,11227.38 17154.62,12405.02
edge:declared:db.Subscription:subscription_contract	20793.33,11228.97 19602.12,11628.51
edge:declared:db.Subscription:subscription_package	20793.33,11240.70 19873.56,11628.51
edge:declared:db.Subscription:subscription_plan	20879.69,11264.36 20420.64,12013.41
edge:declared:db.Subscription:subscription_policy	20793.33,11259.39 19863.42,11779.24
edge:declared:db.Subscription:subscription_promotion	20793.33,11211.02 20132.18,11345.49
edge:declared:db.SubscriptionBonus:subscription	21487.45,11274.29 21065.33,11205.52
edge:declared:db.SubscriptionContract:company	19375.07,11702.51 17154.62,12406.29
edge:declared:db.SubscriptionModusignDocumentUsageHistory:subscription	23993.99,13620.59 21031.18,11264.36
edge:declared:db.SubscriptionPackage:company	19667.81,11699.01 17154.62,12412.56
edge:declared:db.SubscriptionPaymentRequest:company	21127.32,11728.93 17154.62,12432.84
edge:declared:db.SubscriptionPaymentRequest:subscription	21227.93,11665.60 20979.49,11264.36
edge:declared:db.SubscriptionPenaltyPayment:company	19212.50,11877.47 17154.62,12416.72
edge:declared:db.SubscriptionPenaltyPayment:subscription	19421.66,11809.02 20793.33,11239.80
edge:declared:db.SubscriptionPeriod:subscription	21789.32,10889.50 21065.33,11136.89
edge:declared:db.SubscriptionPerk:subscription	21440.18,11436.85 21065.33,11250.85
edge:declared:db.SubscriptionPlan:permissions	20255.71,12063.46 19951.48,12047.20
edge:declared:db.SubscriptionPlanOffering:subscription_plan	20593.69,12039.06 20515.71,12050.81
edge:declared:db.SubscriptionPlanPerk:subscription_plan	20620.47,11942.25 20490.12,12013.41
edge:declared:db.SubscriptionPolicy:company	19679.23,11844.89 17154.62,12420.38
edge:declared:db.SubscriptionPromotion:company	19911.33,11406.49 17154.62,12398.16
edge:declared:db.SubscriptionReservation:company	19359.56,12183.82 17154.62,12444.08
edge:declared:db.SubscriptionReservation:subscription_plan	19595.56,12156.96 20255.71,12084.65
edge:declared:db.SubscriptionSuspensionHistory:subscription	21411.14,11153.35 21065.33,11174.89
edge:declared:db.TalingCoupon:_company	13181.80,11769.23 16774.62,12431.49
edge:declared:db.TaxBookkeepingServiceRequest:company	20507.37,14284.40 17154.62,12564.00
edge:declared:db.TaxBookkeepingServiceRequest:incorporation_request	20600.42,14366.40 21082.60,15869.89
edge:declared:db.TaxPartnerTbkContract:legal_partner	22354.84,14461.72 21720.71,14699.04
edge:declared:db.TaxPartnerTbkContractItem:tax_partner_tbk_contract	22646.24,14606.80 22492.83,14461.72
edge:declared:db.TaxPartnerTbkSettings:legal_partner	21828.06,15698.88 21601.38,14881.67
edge:declared:db.TbkConsulting:tax_bookkeeping_service_request	20856.02,14260.44 20724.27,14292.28
edge:declared:db.TbkConsulting:tbk_question_thread	20856.02,14234.99 19230.16,14294.40
edge:declared:db.TbkConsultingMemo:tbk_consulting	21268.88,14062.27 21064.17,14181.46
edge:declared:db.TbkConsultingRefusal:incorporation_request	20810.46,15540.71 21042.31,15869.89
edge:declared:db.TbkConsultingStatusLog:tbk_consulting	20860.62,13987.41 20955.95,14181.46
edge:declared:db.TbkContract:tbk_consulting	22063.44,15052.51 21044.60,14279.46
edge:declared:db.TbkContractBenefit:tbk_contract	22200.92,15176.53 22158.68,15134.51
edge:declared:db.TbkContractSettlement:tbk_contract	22165.93,15010.49 22141.41,15052.51
edge:declared:db.ThirdPartyArticleProviderUserRelation:article_provider	20124.45,19992.72 20121.04,19945.00
edge:declared:db.UserApiKeyCompanyAccess:api_key	17776.98,8266.67 18159.53,7547.80
edge:declared:db.UserApiKeyCompanyAccess:selected_companies	17747.37,8348.67 17005.87,12249.51
edge:declared:db.UserApiKeyCompanyRelation:company	17603.77,8223.93 16997.31,12249.51
edge:declared:db.UserApiKeyCompanyRelation:company_access	17654.03,8223.93 17705.64,8266.67
edge:declared:db.UserApiKeyRevocation:api_key	17878.20,7490.00 18057.35,7499.93
edge:declared:db.UserInvitation:company	12576.73,11808.03 16774.62,12438.00
edge:declared:db.UserInvitation:company_user_relation	12336.80,11834.42 11102.58,12313.52
edge:declared:db.UserInvitationInvitee:invitation	11112.67,12666.77 12384.00,11834.42
edge:declared:db.UserInvitationInvitee:stakeholder	11065.27,12740.77 12648.02,19167.54
edge:declared:db.UserInvitationOwnerRoleRelation:owner_role	12291.28,11299.76 12346.54,11160.43
edge:declared:db.UserInvitationOwnerRoleRelation:user_invitation	12291.01,11373.76 12435.22,11744.42
edge:declared:db.UserProfileImageMapping:profile_image	21084.25,18792.39 21025.27,18776.65
edge:declared:db.UserSealCardRelation:seal_card	4982.38,8539.63 5129.46,8434.82
edge:declared:db.ValuationHistory:company	18673.90,12498.67 17154.62,12470.08
edge:declared:db.ValuationServiceRequest:company	17815.37,13356.41 17154.62,12665.25
edge:declared:db.ValuationServiceRequest:company_question_thread	17901.26,13430.41 18966.63,14210.59
edge:declared:db.VcIrRecommendationRequest:venture_capital	31103.25,9777.84 32431.35,12250.52
edge:declared:db.VcIrRecommendationRequestResult:investor_relations	29744.96,8798.41 27472.95,7661.26
edge:declared:db.VcIrRecommendationRequestResult:request	29870.56,8872.41 31031.71,9703.84
edge:declared:db.VcLpReport:venture_capital	32212.35,12996.54 32416.75,12660.52
edge:declared:db.VcLpReportRequest:alimtalk_activity	32656.78,13375.27 31509.89,14070.82
edge:declared:db.VcLpReportRequest:vc_lp_report	32651.51,13293.27 32255.61,13070.54
edge:declared:db.VcLpReportRequestRecipient:alimtalk_activity_recipient	31180.63,13945.94 30766.55,14331.59
edge:declared:db.VcLpReportRequestRecipient:fund_partner	31176.82,13863.94 30936.00,13657.50
edge:declared:db.VcLpReportRequestRecipient:vc_lp_report_request	31332.40,13863.94 32616.64,13375.27
edge:declared:db.VcNameAlias:venture_capital	33261.26,12104.13 32725.46,12365.70
edge:declared:db.VcSearchLog:company	26374.57,6857.01 17154.62,12353.25
edge:declared:db.VcSearchLog:investor_relations	26490.08,6857.01 27171.91,7455.18
edge:declared:db.VcSearchLog:venture_capital	26487.68,6857.01 32357.46,12285.36
edge:declared:db.VcUserRole:venture_capital	28111.60,9285.75 32357.46,12323.86
edge:declared:db.VentureBusinessCertification:attachment	18633.36,15539.32 20120.68,18269.97
edge:declared:db.VentureBusinessCertification:company	18588.77,15457.32 17082.46,12683.51
edge:declared:db.VentureBusinessCertificationExpirationNotificationLog:venture_business_certification	18457.67,15601.48 18550.08,15539.32
edge:declared:db.VentureCapitalEmailTemplates:venture_capital	32877.51,12563.15 32725.46,12514.45
edge:declared:db.VentureCapitalPaymentLink:venture_capital	30130.56,12627.43 32357.46,12468.64
edge:declared:db.VentureCapitalQuarterlyReport:content_template	26700.39,15935.32 27847.56,13386.43
edge:declared:db.VentureCapitalQuarterlyReport:venture_capital	26769.64,15935.32 32357.46,12566.45
edge:declared:db.VentureCapitalQuarterlyReportContentTemplate:venture_capital	28060.66,13312.43 32357.46,12503.17
edge:declared:db.VentureCapitalQuarterlyReportItem:quarterly_report	25591.28,16462.57 26543.73,16049.32
edge:declared:db.VentureCapitalQuarterlyReportItemReply:file_attachment	23673.85,17254.08 20428.87,18418.77
edge:declared:db.VentureCapitalQuarterlyReportItemReply:item	23886.82,17172.08 25398.04,16544.57
edge:declared:db.VentureCapitalQuarterlyReportItemReply:reply	23606.58,17198.39 23257.84,17170.16
edge:declared:db.VentureCapitalQuarterlyReportReply:_deprecated_captable	22949.61,17221.48 20428.87,18398.27
edge:declared:db.VentureCapitalQuarterlyReportReply:company_create_request	22919.84,17147.50 22651.26,17133.24
edge:declared:db.VentureCapitalQuarterlyReportReply:portfolio_company	23187.28,17091.48 27306.82,14371.38
edge:declared:db.VentureCapitalQuarterlyReportReply:quarterly_report	23257.84,17101.62 26528.60,16039.88
edge:declared:db.VentureCapitalSubscription:subscription_plan	33151.49,11067.98 33270.23,11252.78
edge:declared:db.VentureCapitalSubscription:venture_capital	33112.48,11067.98 32625.82,12250.52
edge:declared:db.VentureCapitalSubscriptionPlanPermission:subscription_plan	34225.67,11247.92 33441.08,11286.65
edge:declared:db.VentureCapitalSubscriptionPlanPrice:subscription_plan	33226.51,11911.54 33291.93,11334.78
edge:declared:db.VentureCapitalUserRelation:roles	29610.85,10747.43 28096.05,9285.75
edge:declared:db.VentureCapitalUserRelation:venture_capital	29735.71,10837.43 32357.46,12345.74
edge:declared:db.VentureComplex:address	23527.43,18512.16 22871.75,18861.26
edge:declared:db.VideoCollection:video_contents	18894.86,9480.09 19358.26,8888.25
edge:declared:db.VideoCollectionFeedback:company	18432.15,9982.96 17092.85,12249.51
edge:declared:db.VideoCollectionFeedback:video_collection	18489.67,9908.96 18816.26,9570.09
edge:declared:db.VideoCollectionPermission:company	18736.76,9867.80 17112.60,12249.51
edge:declared:db.VideoCollectionPermission:video_collection	18773.81,9793.80 18845.26,9570.09
edge:declared:db.VideoContentHistory:company	19050.13,9709.57 17128.77,12249.51
edge:declared:db.VideoContentHistory:video_collection	19017.84,9627.57 18929.10,9570.09
edge:declared:db.VideoContentHistory:video_content	19096.58,9627.57 19374.92,8888.25
edge:declared:db.VideoContentSpeecher:video_content	19145.48,8794.60 19266.36,8820.59
edge:declared:db.WhitepaperPreviewFile:whitepaper	5849.24,6322.44 5824.47,6437.36
edge:declared:db.WhitepaperWatermarkFile:whitepaper	6724.35,5947.75 5885.85,6437.36
edge:declared:db.WhtBook:employee	12171.03,15287.47 11784.96,15110.84
edge:declared:db.WhtBook:wht_book_without_date	12210.88,15369.47 12088.98,15469.90
edge:declared:db.WhtBookWithoutDate:employee	12011.88,15469.90 11730.83,15146.87
edge:declared:db.WhtCertificate:employee	13167.54,15122.22 11784.96,15042.62
edge:declared:db.WhtReceipt:employee	12743.76,15151.09 11784.96,15059.44
edge:declared:db.YearEndTaxSettlement:payroll	10961.92,18573.84 9018.39,4961.99
edge:declared:db.YearEndTaxSettlementConfirmationSchedule:year_end_tax_settlement	10440.27,18001.66 10930.17,18573.84
edge:declared:db.YetsAssistance:employee	15432.40,30620.30 9500.96,30482.01
edge:declared:db.YetsAssistanceCreatorYetsEmployee:yets_employee	10828.26,30181.39 9500.96,30449.05
edge:declared:db.YetsAssistanceMessage:assistance	19088.36,30246.38 15680.40,30609.96
edge:declared:db.YetsAssistanceMessage:creator	19088.36,30230.26 14336.11,30119.38
edge:declared:db.YetsAssistanceMessageFile:message	23060.70,31012.94 19336.36,30258.28
edge:declared:db.YetsAssistanceStaffAccessLog:assistance	14964.17,30746.63 15432.40,30649.03
edge:declared:db.YetsAssistanceStaffFavoriteRelation:assistance	16046.51,30446.39 15680.40,30578.46
edge:declared:db.YetsEmail:year_end_tax_settlement	11827.06,19983.99 10992.14,18663.84
edge:declared:db.YetsEmailAuthentication:yets_employee	9350.14,30936.81 9353.85,30543.59
edge:declared:db.YetsEmployee:employee	9364.10,30413.59 11627.98,15146.87
edge:declared:db.YetsEmployee:year_end_tax_settlement	9363.31,30413.59 10962.58,18663.84
edge:declared:db.YetsEmployeeFile:employee	23639.33,31990.59 9500.96,30494.10
edge:declared:db.YetsEmployeeResult:yets_employee	10711.76,29933.18 9500.96,30419.72
edge:declared:db.YetsEmployeeResultAssistanceMessageRelation:assistance_message	14798.47,30032.63 19088.36,30227.52
edge:declared:db.YetsEmployeeResultAssistanceMessageRelation:result	14410.47,30016.86 10947.75,29892.63
edge:declared:db.YetsEmployeeResultStatusLog:result	11214.83,29004.42 10843.66,29843.18
edge:declared:db.YetsEmployeeResultWhtReceipt:result	22610.82,30012.28 10947.75,29889.49
edge:declared:db.YetsEmployeeSubmissionLog:yets_employee	9832.02,30614.10 9500.96,30520.16
edge:declared:db.YetsEmployeeUploadForm:yets_employee	11442.19,30805.39 9500.96,30501.52
edge:declared:db.YetsEmployeeUploadFormStatusLog:yets_employee_upload_form	11201.40,31511.65 11540.89,30860.86
edge:declared:db.ZuzuTaxPhoneToken:phone	8313.29,12382.39 8097.43,12499.25
edge:declared:document_ai.DocumentAiProcessResult:request	25924.52,29760.47 26440.50,27351.41
edge:declared:fi_sta.FiStaCompanyCeo:fi_sta_company	31002.89,30339.64 30296.38,32704.35
edge:declared:fi_sta.FiStaCompanySearchResult:fi_sta_company	30336.27,31501.21 30285.85,32704.35
edge:declared:fi_sta.FiStaContractDocument:participant	28616.92,33259.03 29025.14,33632.44
edge:declared:fi_sta.FiStaContractDocument:stock_transfer_agreement_document	28443.72,33243.42 26714.66,33653.23
edge:declared:fi_sta.FiStaContractDocument:stock_transfer_notice_poa_document	28582.18,33259.03 28655.86,33488.29
edge:declared:fi_sta.FiStaContractDocument:stock_unissued_confirmation_poa_document	28566.64,33169.03 28497.60,30285.88
edge:declared:fi_sta.FiStaManagement:fi_sta_company	31987.46,35037.47 30314.60,32786.35
edge:declared:fi_sta.FiStaParticipant:fi_sta_user	29192.06,33730.44 30759.02,34407.84
edge:declared:fi_sta.FiStaStockTransferAgreementDocument:starter	26714.66,33692.71 28954.71,33682.03
edge:declared:fi_sta.FiStaStockTransferNoticePoaDocument:signer	28765.13,33562.29 28954.71,33634.32
edge:declared:fi_sta.FiStaStockUnissuedConfirmationPoaDocument:signer	28502.98,30285.88 29070.40,33632.44
edge:declared:fi_sta.FiStaTransferStock:stock_transfer_agreement_document	28098.34,33904.52 26714.66,33716.61
edge:declared:fi_sta.FiStaUser:fi_sta_management	30913.39,34481.84 31946.18,35037.47
edge:declared:vertex_ai.VertexAiPredictionResult:request	33823.32,17455.89 33767.20,17538.45
edge:inheritance:db.AgendaBonusIssueNewIssueBalanceCertificateFile->db.FileAttachment	18934.43,19382.08 20048.87,18617.35
edge:inheritance:db.AgendaBonusIssueNewIssueMinutesFile->db.FileAttachment	19401.83,19249.97 20048.87,18660.16
edge:inheritance:db.Announcement->db.QuestionThread	20642.69,12298.28 20515.52,12588.51
edge:inheritance:db.AppointedDirectorCertificateOfSealDocument->db.MeetingDocument	17322.34,28780.12 16186.09,26273.48
edge:inheritance:db.AppointedDirectorResidentRegistrationDocument->db.MeetingDocument	18673.04,26426.06 16274.79,26100.63
edge:inheritance:db.ArticlesOfIncorporationAfterChangeDocument->db.MeetingDocument	20938.61,27754.68 16274.79,26138.18
edge:inheritance:db.ArticlesOfIncorporationBeforeChangeDocument->db.MeetingDocument	17422.21,26005.58 16274.79,26066.96
edge:inheritance:db.ArticlesOfIncorporationDocument->db.MeetingDocument	18311.79,25762.97 16274.79,26051.29
edge:inheritance:db.AuditReportDocument->db.MeetingDocument	19077.33,29096.27 16274.79,26256.82
edge:inheritance:db.BalanceCertificateDocument->db.MeetingDocument	15230.04,22480.51 16049.31,25879.48
edge:inheritance:db.BeforeunloadPdfEvent->db.PdfEvent	29281.42,11182.08 29775.47,11404.17
edge:inheritance:db.BigNumberValueWithVisibility->db.ValueWithVisibility	32987.16,4654.06 32016.68,5875.20
edge:inheritance:db.BranchAbolitionEvent->db.Event	18752.91,18057.39 16835.11,16972.18
edge:inheritance:db.BranchChangeEvent->db.Event	19216.25,18476.26 16835.11,16981.35
edge:inheritance:db.BranchInstallationEvent->db.Event	18838.72,18244.91 16835.11,16981.74
edge:inheritance:db.BulkEmailCommonAttachment->db.FileAttachment	17180.31,17425.20 20048.87,18421.01
edge:inheritance:db.BulkEmailRecipientAttachment->db.FileAttachment	18997.99,18856.29 20048.87,18543.52
edge:inheritance:db.CapitalChangeEvent->db.Event	16292.07,16169.77 16627.19,16779.43
edge:inheritance:db.CaptableAfterNewIssueDocument->db.MeetingDocument	18639.90,27072.83 16274.79,26146.22
edge:inheritance:db.CaptableAtRecordDateDocument->db.MeetingDocument	19338.54,26243.95 16274.79,26085.68
edge:inheritance:db.CaptableBeforeNewIssueDocument->db.MeetingDocument	17570.82,25766.43 16274.79,26039.04
edge:inheritance:db.CeoAddressChangeEvent->db.Event	16927.90,15982.03 16716.07,16779.43
edge:inheritance:db.CeoConfirmationDocument->db.MeetingDocument	18624.28,26111.72 16274.79,26078.96
edge:inheritance:db.CeoTypeChangedCeoResidentRegistrationDocument->db.MeetingDocument	15350.29,24523.68 16002.08,25879.48
edge:inheritance:db.CertificateOfCorporateSealDocument->db.MeetingDocument	19222.97,26608.22 16274.79,26106.76
edge:inheritance:db.CertificateOfSealNotarizationPoaDocument->db.MeetingDocument	15978.71,27132.75 16074.77,26273.48
edge:inheritance:db.CmeBulkEmail->db.BulkEmail	18058.86,16576.33 15388.96,17219.68
edge:inheritance:db.CmeBulkEmailRecipient->db.BulkEmailRecipient	18826.75,16687.68 17904.60,19064.66
edge:inheritance:db.CmeBulkEmailTemplate->db.BulkEmailTemplate	19658.49,15056.10 19411.77,15104.06
edge:inheritance:db.CoCeoSystemChangeEvent->db.Event	16822.82,15531.09 16703.26,16779.43
edge:inheritance:db.CompanyAddressChangeEvent->db.Event	19299.45,18343.16 16835.11,16970.85
edge:inheritance:db.CompanyBulkEmailTemplate->db.BulkEmailTemplate	18889.82,14523.17 19260.80,15087.16
edge:inheritance:db.CompanyDocumentDelivery->db.DocumentDelivery	18778.11,12624.45 19479.94,12644.54
edge:inheritance:db.CompanyEndorsementFeed->db.CompanyFeed	24210.48,6403.58 25353.32,3728.99
edge:inheritance:db.CompanyFeed->db.Feed	25376.09,3728.99 25383.49,6963.30
edge:inheritance:db.CompanyIrClosingFeed->db.CompanyFeed	26348.52,6229.24 25396.16,3728.99
edge:inheritance:db.CompanyIrNewCommitFeed->db.CompanyFeed	26756.42,6088.31 25406.30,3728.99
edge:inheritance:db.CompanyIrOpenFeed->db.CompanyFeed	26877.68,5564.31 25418.12,3728.99
edge:inheritance:db.CompanyNewsFeed->db.CompanyFeed	20836.06,7014.78 25303.90,3728.99
edge:inheritance:db.CompanyOwnerAuditLog->db.AuditLog	12377.82,8091.67 18333.84,5692.82
edge:inheritance:db.CompanyPaymentLink->db.PaymentLink	21913.38,12225.07 23395.90,13175.59
edge:inheritance:db.CompanyQuestionThread->db.QuestionThread	19115.18,14210.59 20402.66,12726.51
edge:inheritance:db.CompanyTanTableView->db.TanTableView	13138.82,9981.47 13429.00,9854.73
edge:inheritance:db.ConsentFormModusignDocument->db.ModusignDocument	25341.41,35699.99 22466.16,20720.85
edge:inheritance:db.ConsentFormModusignEmbeddedDraft->db.ModusignEmbeddedDraft	23029.80,24747.74 21970.70,21940.87
edge:inheritance:db.ConsentFormOptionItem->db.ConsentFormItem	22336.29,24297.48 22851.63,26793.93
edge:inheritance:db.CorporateRegistrationDocument->db.MeetingDocument	17465.15,28971.55 16189.90,26273.48
edge:inheritance:db.CustomOptionGrantContractTemplate->db.OptionGrantContractTemplate	19745.33,16167.72 19542.59,16173.20
edge:inheritance:db.CustomOptionGrantContractTemplateRevision->db.OptionGrantContractTemplateRevision	20156.90,16624.09 20091.91,16494.22
edge:inheritance:db.DebtConfirmationAndOffsetContractDocument->db.MeetingDocument	17997.38,25326.12 16274.79,26006.20
edge:inheritance:db.Director->db.Stakeholder	17287.68,16516.13 12852.68,19223.22
edge:inheritance:db.DirectorAppointmentEvent->db.Event	16962.21,16297.17 16737.82,16779.43
edge:inheritance:db.DirectorCompensationDecisionEvent->db.Event	17142.59,16865.68 16835.11,16881.04
edge:inheritance:db.DirectorCompensationLimitEvent->db.Event	17126.49,16722.76 16835.11,16851.50
edge:inheritance:db.DirectorDecisionDocument->db.MeetingDocument	19091.91,26983.72 16274.79,26130.40
edge:inheritance:db.DirectorResidentRegistrationWithAddressChangeHistoryDocument->db.MeetingDocument	15991.74,24711.53 16081.63,25879.48
edge:inheritance:db.DirectorTermEndEvent->db.Event	17050.27,16455.23 16778.49,16779.43
edge:inheritance:db.DirectorsMeetingMinutesDocument->db.MeetingDocument	17466.32,25872.63 16274.79,26049.98
edge:inheritance:db.DirectorsMeetingNoticeDocument->db.MeetingDocument	17230.13,29142.83 16169.60,26273.48
edge:inheritance:db.DirectorsMeetingNoticeEmail->db.BulkEmail	16636.64,19126.17 15309.65,17320.00
edge:inheritance:db.DirectorsMeetingNoticeEmailRecipient->db.BulkEmailRecipient	17135.62,19299.97 17752.49,19152.70
edge:inheritance:db.DirectorsMeetingSkipNoticeDocument->db.MeetingDocument	16812.09,29450.49 16138.55,26273.48
edge:inheritance:db.DocumentLoadedPdfEvent->db.PdfEvent	29693.67,11268.67 29826.49,11404.17
edge:inheritance:db.ESOPParticipant->db.Employee	11994.01,15950.01 11671.98,15146.87
edge:inheritance:db.ElectronicCertificateApplicationFormDocument->db.MeetingDocument	11866.27,23743.53 15918.79,25978.32
edge:inheritance:db.ElectronicCertificateCaseReportDocument->db.MeetingDocument	11718.93,23127.13 15918.79,25956.56
edge:inheritance:db.Employee->db.Stakeholder	11667.60,15146.87 12648.38,19167.54
edge:inheritance:db.EmployeeOptionExerciseEvent->db.Event	16793.70,17206.37 16723.65,16997.43
edge:inheritance:db.EmployeeOptionExerciseManagementEmail->db.BulkEmail	15047.99,15204.19 15251.85,17182.00
edge:inheritance:db.EmployeeOptionGrantee->db.Employee	11971.49,13754.91 11668.66,14944.87
edge:inheritance:db.EmployeeStockGuideEmail->db.BulkEmail	14378.57,17146.64 15128.96,17235.59
edge:inheritance:db.ExpertClientSignupChannel->db.SignupChannel	22836.11,14874.21 23328.23,14632.05
edge:inheritance:db.FeeReceiptDocument->db.MeetingDocument	17396.15,28162.99 16219.47,26273.48
edge:inheritance:db.FileValueWithVisibility->db.ValueWithVisibility	32828.43,5896.66 32105.27,5910.02
edge:inheritance:db.FinancialStatementsDocument->db.MeetingDocument	19371.55,27348.01 16274.79,26145.59
edge:inheritance:db.FinancialStatementsForNewIssueFromConversionDocument->db.MeetingDocument	16897.90,23466.83 16157.26,25879.48
edge:inheritance:db.HrmAlpUsagePlan->db.HrmApprovable	9373.36,18167.24 7765.16,17856.80
edge:inheritance:db.HrmAnnualLeave->db.HrmLeaveBase	8312.21,21689.28 7923.74,21024.46
edge:inheritance:db.HrmAnnualLeaveFiscalBasedConfig->db.HrmAnnualLeaveConfigBase	8543.67,24949.68 8323.84,22601.42
edge:inheritance:db.HrmAnnualLeaveHireBasedConfig->db.HrmAnnualLeaveConfigBase	8257.24,24137.47 8318.89,22601.42
edge:inheritance:db.HrmAttendance->db.HrmApprovable	8175.73,17832.11 7765.16,17832.69
edge:inheritance:db.HrmAttendanceLocation->db.HrmApprovable	9278.94,17155.83 7759.69,17783.86
edge:inheritance:db.HrmCertificateIssue->db.HrmApprovable	9783.32,16190.09 7705.06,17783.86
edge:inheritance:db.HrmCompensatoryLeave->db.HrmLeaveBase	7047.41,20743.56 7745.08,20917.54
edge:inheritance:db.HrmCustomLeave->db.HrmLeaveBase	7385.03,20751.13 7745.08,20896.54
edge:inheritance:db.HrmDeptAbolishedEvent->db.HrmDeptStatusEventBase	5632.28,22514.08 5584.41,21408.54
edge:inheritance:db.HrmDeptCreatedEvent->db.HrmDeptStatusEventBase	5505.23,20734.40 5577.62,21326.54
edge:inheritance:db.HrmDeptNameChangedEvent->db.HrmDeptNameEventBase	4831.37,19817.27 4595.69,20045.40
edge:inheritance:db.HrmDeptNameEventBase->db.HrmDeptEventBase	4596.05,20119.40 4771.09,20287.23
edge:inheritance:db.HrmDeptParentChangedEvent->db.HrmDeptParentEventBase	5065.12,19984.29 5340.53,19998.02
edge:inheritance:db.HrmDeptParentEventBase->db.HrmDeptEventBase	5383.58,20040.90 4884.63,20287.23
edge:inheritance:db.HrmDeptStatusEventBase->db.HrmDeptEventBase	5552.25,21326.54 4837.09,20361.23
edge:inheritance:db.HrmDocument->db.HrmApprovable	7123.87,15650.14 7629.55,17783.86
edge:inheritance:db.HrmEmpAbsenceEvent->db.HrmEmpStatusEventBase	8996.59,15757.00 9104.32,15901.98
edge:inheritance:db.HrmEmpAffiliationChangedEvent->db.HrmEmpAffiliationEventBase	7830.54,16887.76 8091.59,16986.91
edge:inheritance:db.HrmEmpAffiliationEventBase->db.HrmEmpEventBase	8228.05,16986.91 8487.39,16741.19
edge:inheritance:db.HrmEmpContractModusignDocument->db.ModusignDocument	25961.99,37268.17 22467.71,20720.85
edge:inheritance:db.HrmEmpDepartedEvent->db.HrmEmpStatusEventBase	9635.83,15878.99 9267.70,15935.83
edge:inheritance:db.HrmEmpEmploymentTypeChangedEvent->db.HrmEmpEmploymentTypeEventBase	8989.12,17181.91 8940.95,17266.91
edge:inheritance:db.HrmEmpEmploymentTypeEventBase->db.HrmEmpEventBase	8895.71,17266.91 8550.72,16741.19
edge:inheritance:db.HrmEmpJobChangedEvent->db.HrmEmpJobEventBase	8121.85,16311.10 8122.80,16638.13
edge:inheritance:db.HrmEmpJobEventBase->db.HrmEmpEventBase	8240.91,16683.63 8408.44,16695.69
edge:inheritance:db.HrmEmpJoinedEvent->db.HrmEmpStatusEventBase	9165.35,16454.04 9146.00,16007.98
edge:inheritance:db.HrmEmpReturnToWorkEvent->db.HrmEmpStatusEventBase	9258.62,15757.00 9174.47,15901.98
edge:inheritance:db.HrmEmpStatusEventBase->db.HrmEmpEventBase	9100.03,16007.98 8556.92,16667.19
edge:inheritance:db.HrmFamilyCareLeave->db.HrmLeaveBase	7047.41,20845.17 7745.08,20934.12
edge:inheritance:db.HrmFixedWork->db.HrmWorkBase	6935.54,18794.21 6920.84,18945.06
edge:inheritance:db.HrmGrantableLeave->db.HrmLeaveBase	8098.27,20243.05 7903.46,20878.46
edge:inheritance:db.HrmInfertilityTreatmentLeave->db.HrmLeaveBase	7726.57,20333.24 7862.84,20878.46
edge:inheritance:db.HrmLeaveUsage->db.HrmApprovable	10453.58,18383.41 7765.16,17857.13
edge:inheritance:db.HrmMaternityLeave->db.HrmLeaveBase	7047.41,21048.41 7745.08,20967.28
edge:inheritance:db.HrmMenstrualLeave->db.HrmLeaveBase	7388.14,21271.52 7768.65,21024.46
edge:inheritance:db.HrmMiscarriageLeave->db.HrmLeaveBase	7047.41,21150.02 7745.08,20983.85
edge:inheritance:db.HrmPaternityLeave->db.HrmLeaveBase	7389.34,21141.13 7745.08,21003.92
edge:inheritance:db.HrmPersonalLocation->db.HrmApprovable	10072.64,16330.37 7720.46,17783.86
edge:inheritance:db.HrmReserveTrainingLeave->db.HrmLeaveBase	7223.14,21586.26 7805.42,21024.46
edge:inheritance:db.HrmSelectiveWork->db.HrmWorkBase	6975.82,19175.38 6936.84,19067.06
edge:inheritance:db.HrmSelectiveWorkPlan->db.HrmApprovable	8373.58,18094.45 7765.16,17877.15
edge:inheritance:db.HrmStaggeredWork->db.HrmWorkBase	6163.74,19507.01 6823.42,19067.06
edge:inheritance:db.IBKSignupChannel->db.SignupChannel	23950.27,14601.74 23535.55,14593.51
edge:inheritance:db.IaCertificateOfInvestmentDocument->db.InvestmentAssociationDocument	31746.52,18592.43 31126.82,19262.24
edge:inheritance:db.IaConsentFormDocument->db.InvestmentAssociationDocument	31354.45,18533.10 31092.31,19262.24
edge:inheritance:db.IaConsentFormOrMeetingElectronicSignatureRequestModusignDocument->db.ModusignDocument	26397.60,20388.54 22586.61,20631.19
edge:inheritance:db.IaConsentFormOrMeetingElectronicSignatureRequestModusignEmbeddedDraft->db.ModusignEmbeddedDraft	26431.06,20537.35 22074.70,21850.49
edge:inheritance:db.IaConsentFormOrMeetingElectronicSignatureRequiredDocument->db.InvestmentAssociationDocument	29702.96,19890.17 30927.38,19382.53
edge:inheritance:db.IaExpertPartnerBulkEmailTemplate->db.BulkEmailTemplate	20724.04,15332.89 19411.77,15145.84
edge:inheritance:db.IaExplanationFormForElectronicSignatureDocument->db.InvestmentAssociationDocument	32304.59,18604.72 31175.16,19262.24
edge:inheritance:db.IaGpAppointmentEvent->db.InvestmentAssociationEvent	30785.61,17871.25 29428.48,17670.84
edge:inheritance:db.IaGpTerminationEvent->db.InvestmentAssociationEvent	31022.78,18158.75 29428.48,17688.51
edge:inheritance:db.IaMeetingAgendaCustom->db.IaMeetingAgenda	31145.39,20827.77 30919.50,20566.87
edge:inheritance:db.IaMeetingMinutesDocument->db.InvestmentAssociationDocument	30607.17,19988.33 31027.90,19384.24
edge:inheritance:db.IaMeetingNoticeDocument->db.InvestmentAssociationDocument	30407.15,19872.31 30996.70,19384.24
edge:inheritance:db.IaMeetingSealedNoticeDocumentFile->db.FileAttachment	28678.27,20039.61 20428.87,18521.92
edge:inheritance:db.IaMeetingShortenPeriodDocument->db.InvestmentAssociationDocument	31415.40,19367.56 31213.38,19341.61
edge:inheritance:db.IaModusignDocumentUsageHistory->db.BaseModusignDocumentUsageHistory	25005.76,14568.24 23564.52,13792.20
edge:inheritance:db.IaOwnerAuditLog->db.AuditLog	23397.06,7621.11 18519.30,5692.82
edge:inheritance:db.IaPartnerListDocument->db.InvestmentAssociationDocument	30972.12,19133.84 31038.73,19262.24
edge:inheritance:db.IaPaymentLink->db.PaymentLink	24905.34,13278.28 23590.08,13225.56
edge:inheritance:db.IaPfCompanyInvestmentSalesIntent->db.SalesIntent	30739.35,22964.88 30849.31,23044.03
edge:inheritance:db.IaQuestionThread->db.QuestionThread	24315.12,13605.42 20615.29,12689.69
edge:inheritance:db.IaRuleDocument->db.InvestmentAssociationDocument	28865.67,19245.00 30927.38,19318.17
edge:inheritance:db.IaSealStampImage->db.FileAttachment	21231.74,18280.68 20428.87,18447.49
edge:inheritance:db.IaWrittenResolutionDocument->db.InvestmentAssociationDocument	31960.23,19413.57 31213.38,19337.76
edge:inheritance:db.ImAcVcBroker->db.ImZuzuBroker	26538.27,12334.43 28243.63,12230.49
edge:inheritance:db.ImIndividualGpBroker->db.ImZuzuBroker	28107.36,12375.35 28299.75,12260.30
edge:inheritance:db.ImInvestorBroker->db.ImBroker	30495.10,12314.48 28967.74,12185.42
edge:inheritance:db.ImIrPartnerBroker->db.ImBroker	27867.20,12090.40 28719.74,12164.21
edge:inheritance:db.ImPitchingDay->db.ImDay	28851.91,10861.39 29447.33,10950.75
edge:inheritance:db.ImPitchingDayParticipation->db.ImDayParticipation	27725.22,9637.82 29108.17,10705.84
edge:inheritance:db.ImZuzuBroker->db.ImBroker	28479.63,12211.46 28719.74,12187.38
edge:inheritance:db.InauguralConsentDocument->db.MeetingDocument	15137.01,23076.08 16033.77,25879.48
edge:inheritance:db.IncorporationRequestAssistanceReceipt->db.FileAttachment	21267.55,16868.38 20376.79,18269.97
edge:inheritance:db.IndividualStakeholder->db.Stakeholder	11110.49,21908.41 12590.91,19481.54
edge:inheritance:db.IndividualStockOptionCancelEvent->db.IndividualInvestorEvent	32901.09,28652.32 31990.47,28038.39
edge:inheritance:db.IndividualStockOptionExerciseEvent->db.IndividualInvestorEvent	33206.59,29717.13 31957.21,28038.39
edge:inheritance:db.IndividualStockOptionGrantEvent->db.IndividualInvestorEvent	32029.29,26310.48 31926.54,27948.39
edge:inheritance:db.IndividualStockOptionPauseEvent->db.IndividualInvestorEvent	28910.64,27308.34 31799.72,27965.20
edge:inheritance:db.IndividualStockOptionResumeEvent->db.IndividualInvestorEvent	29414.66,29352.56 31840.65,28038.39
edge:inheritance:db.IndividualStockOptionSalesIntent->db.SalesIntent	29810.75,23095.46 30782.71,23082.59
edge:inheritance:db.InputSignupChannel->db.SignupChannel	24051.02,15040.74 23469.85,14632.05
edge:inheritance:db.InstitutionStakeholder->db.Stakeholder	12752.37,21124.17 12692.41,19481.54
edge:inheritance:db.InvestmentAssociationAssociationPartner->db.InvestmentAssociationOrganizationPartner	31529.06,15931.91 32673.38,16827.18
edge:inheritance:db.InvestmentAssociationCorporationPartner->db.InvestmentAssociationOrganizationPartner	33445.13,15978.35 32774.71,16827.18
edge:inheritance:db.InvestmentAssociationIndividualPartner->db.InvestmentAssociationPartner	31631.64,17132.57 33528.48,18177.47
edge:inheritance:db.InvestmentAssociationOrganizationPartner->db.InvestmentAssociationPartner	32769.35,16925.18 33610.89,18154.96
edge:inheritance:db.InvestmentAssociationOrganizationPartnerCorporationSigner->db.InvestmentAssociationOrganizationPartnerSigner	32993.20,14920.73 32677.68,15064.75
edge:inheritance:db.InvestmentAssociationOrganizationPartnerIndividualSigner->db.InvestmentAssociationOrganizationPartnerSigner	32463.43,14978.90 32539.32,15064.75
edge:inheritance:db.InvestmentAssociationPartnerSalesIntent->db.SalesIntent	31897.68,21858.40 30930.88,23044.03
edge:inheritance:db.InvestmentContractHolder->db.Stakeholder	13720.92,16100.00 12737.04,19167.54
edge:inheritance:db.InvestorRelations->db.InvestorMatching	27258.43,7713.18 25783.03,10857.81
edge:inheritance:db.IrClosingComplete->db.IrClosing	28314.92,5185.98 29089.27,6665.18
edge:inheritance:db.IrClosingExpired->db.IrClosing	29101.22,7228.66 29109.98,6747.18
edge:inheritance:db.IrClosingIncomplete->db.IrClosing	29845.06,6737.09 29234.73,6711.40
edge:inheritance:db.IrConsultingRequest->db.ImConsultingRequest	25401.24,9929.20 24921.18,9400.46
edge:inheritance:db.IrFeed->db.Feed	27117.19,7849.46 25459.11,7037.30
edge:inheritance:db.IrosOtpIssueMeetingDocument->db.MeetingDocument	12505.18,22619.29 15918.79,25905.14
edge:inheritance:db.LawtalkSignupAttachment->db.FileAttachment	19121.89,16829.43 20092.64,18269.97
edge:inheritance:db.LedgerByCustomerDocument->db.MeetingDocument	17807.72,23499.52 16222.82,25879.48
edge:inheritance:db.LegalPartnerSignupChannel->db.SignupChannel	22700.08,14741.57 23287.55,14617.28
edge:inheritance:db.ManualOptionVesting->db.OptionVesting	15918.27,18553.34 15937.24,18447.59
edge:inheritance:db.ManualProduct->db.Product	23002.66,12165.63 23096.55,12232.37
edge:inheritance:db.MeetingAttachment->db.FileAttachment	18769.48,17718.86 20048.87,18390.15
edge:inheritance:db.Mna->db.InvestorMatching	25452.63,10755.80 25602.64,10857.81
edge:inheritance:db.MnaConsultingRequest->db.ImConsultingRequest	24578.07,9393.05 24759.95,9373.08
edge:inheritance:db.NcpSignupChannel->db.SignupChannel	24530.58,14995.90 23524.88,14632.05
edge:inheritance:db.NewCeoCertificateOfSealDocument->db.MeetingDocument	18146.42,26430.56 16274.79,26107.23
edge:inheritance:db.NewCeoResidentRegistrationDocument->db.MeetingDocument	17874.11,29348.50 16203.80,26273.48
edge:inheritance:db.NewIssueNoticeEmail->db.BulkEmail	14916.36,20772.84 15252.24,17320.00
edge:inheritance:db.NewIssueSkipNoticeDocument->db.MeetingDocument	16459.08,23108.86 16120.84,25879.48
edge:inheritance:db.NewIssueStockAcceptanceDocument->db.MeetingDocument	18170.75,26050.45 16274.79,26074.25
edge:inheritance:db.NewIssueStockAllocationDocument->db.MeetingDocument	18262.32,23929.48 16274.79,25900.00
edge:inheritance:db.NewIssueStockAllocationRecordDateNoticeDocument->db.MeetingDocument	20038.24,23937.75 16274.79,25979.89
edge:inheritance:db.NewIssueStockSubscriptionDocument->db.MeetingDocument	18052.58,25162.60 16274.79,25993.31
edge:inheritance:db.NewIssueStockUnissuedConfirmationDocument->db.MeetingDocument	18436.70,25448.15 16274.79,26028.68
edge:inheritance:db.NonUnifiedShareManagementSalesIntent->db.SalesIntent	29132.66,24755.20 30861.64,23118.03
edge:inheritance:db.NonUnifiedShareSucPoaModusignDocument->db.ModusignDocument	23252.07,20990.30 22586.61,20699.32
edge:inheritance:db.NotarizationPoaDocument->db.MeetingDocument	19720.27,27048.33 16274.79,26123.51
edge:inheritance:db.OptionExerciseClaimAttachment->db.FileAttachment	14750.16,17572.25 20048.87,18455.31
edge:inheritance:db.OptionExerciseClaimMeetingDocument->db.MeetingDocument	14988.98,21617.28 16047.85,25879.48
edge:inheritance:db.OptionExerciseManagementEmail->db.BulkEmail	15345.46,16542.66 15267.38,17182.00
edge:inheritance:db.OptionGrantContractCeo->db.OptionGrantContractStakeholder	19554.56,15400.66 19305.58,15332.65
edge:inheritance:db.OptionGrantContractFirstRefusalRightHolder->db.OptionGrantContractStakeholder	19536.27,15302.89 19305.58,15296.91
edge:inheritance:db.OptionGrantContractModusignDocument->db.ModusignDocument	20961.78,19490.12 22345.72,20558.85
edge:inheritance:db.OptionGrantContractModusignEmbeddedDraft->db.ModusignEmbeddedDraft	21299.76,20844.64 21917.63,21834.87
edge:inheritance:db.OptionGrantEvent->db.Event	16252.69,18491.07 16657.56,16997.43
edge:inheritance:db.OptionGrantee->db.Stakeholder	15412.69,19190.69 12852.68,19316.39
edge:inheritance:db.OptionWithdrawEvent->db.Event	16422.41,15944.34 16656.55,16779.43
edge:inheritance:db.OtherDocumentArchiveAttachment->db.FileAttachment	19952.01,17135.22 20192.82,18269.97
edge:inheritance:db.PageNumberUpdatedPdfEvent->db.PdfEvent	30137.70,11492.65 29990.68,11466.89
edge:inheritance:db.PayrollStatementEmail->db.BulkEmail	13192.16,17143.34 15128.96,17244.23
edge:inheritance:db.PayrollStatementEmailRecipient->db.BulkEmailRecipient	12970.18,18696.45 17752.49,19110.41
edge:inheritance:db.PerformanceRsuVestingItem->db.RsuVestingItem	15880.64,14836.26 15815.89,14842.09
edge:inheritance:db.PeriodPhantomStockVestingItem->db.PhantomStockVestingItem	11795.67,18299.51 11646.56,18016.66
edge:inheritance:db.PeriodRsuVestingItem->db.RsuVestingItem	15971.28,14735.00 15798.22,14808.24
edge:inheritance:db.PeriodicOptionVesting->db.OptionVesting	15695.98,18526.22 15864.55,18447.59
edge:inheritance:db.PhantomStockCancelEvent->db.Event	16061.89,17131.03 16539.11,16945.86
edge:inheritance:db.PhantomStockExerciseEvent->db.Event	16424.86,17360.62 16626.57,16997.43
edge:inheritance:db.PhantomStockGrantEvent->db.Event	16058.58,16925.29 16539.11,16897.11
edge:inheritance:db.PhantomStockGrantee->db.Stakeholder	12188.23,18206.18 12616.71,19167.54
edge:inheritance:db.PhantomStockPauseEvent->db.Event	16319.36,16309.03 16617.93,16779.43
edge:inheritance:db.PhantomStockResumeEvent->db.Event	16578.50,16188.93 16670.19,16779.43
edge:inheritance:db.PingpongDeliveryAddress->db.Address	22405.52,14253.07 22709.43,18818.25
edge:inheritance:db.Playbook->db.MembershipContent	4432.37,4545.81 4597.68,5002.71
edge:inheritance:db.Post->db.MembershipContent	4325.72,5028.01 4489.96,5039.23
edge:inheritance:db.ProofOfEmploymentDocument->db.MeetingDocument	18846.94,27962.49 16274.79,26198.55
edge:inheritance:db.QuarterlyReportRequestAttachment->db.FileAttachment	25423.28,16925.85 20428.87,18429.76
edge:inheritance:db.QuarterlyReportSignupChannel->db.SignupChannel	25404.31,14818.22 23535.55,14605.19
edge:inheritance:db.QuestionMessageAttachment->db.FileAttachment	21393.16,15143.23 20313.79,18269.97
edge:inheritance:db.RegistrationAssistanceReceipt->db.FileAttachment	20976.83,17005.58 20346.97,18269.97
edge:inheritance:db.RegistrationFormAllInOneDocument->db.MeetingDocument	17202.15,25753.72 16274.79,26024.50
edge:inheritance:db.RegistrationFormAoiChangeDocument->db.MeetingDocument	15234.49,26218.99 15918.79,26105.90
edge:inheritance:db.RegistrationFormBranchChangeDocument->db.MeetingDocument	19472.50,28056.69 16274.79,26180.90
edge:inheritance:db.RegistrationFormCaptableDocument->db.MeetingDocument	17600.86,24637.57 16274.79,25906.19
edge:inheritance:db.RegistrationFormCeoAddressChangeDocument->db.MeetingDocument	17502.67,25027.68 16274.79,25943.69
edge:inheritance:db.RegistrationFormDirectorChangeDocument->db.MeetingDocument	18255.42,27956.96 16274.79,26231.54
edge:inheritance:db.RegistrationFormHeadOfficeInsideRelocationDocument->db.MeetingDocument	19158.09,23600.91 16274.79,25932.54
edge:inheritance:db.RegistrationFormHeadOfficeOutsideRelocationDocument->db.MeetingDocument	19557.19,24014.23 16274.79,25970.40
edge:inheritance:db.RegistrationFormNewIssueDocument->db.MeetingDocument	17205.13,24033.47 16203.66,25879.48
edge:inheritance:db.RegistrationFormNewOptionsRuleDocument->db.MeetingDocument	15907.04,27300.96 16066.26,26273.48
edge:inheritance:db.RegistrationPoaDocument->db.MeetingDocument	17061.84,29593.34 16150.85,26273.48
edge:inheritance:db.RegularProduct->db.Product	23037.95,12400.11 23117.29,12306.37
edge:inheritance:db.ResignationLetterDocument->db.MeetingDocument	14884.90,24288.90 15963.23,25879.48
edge:inheritance:db.ResignedDirectorCertificateOfSealDocument->db.MeetingDocument	15554.94,25949.00 15918.79,26034.60
edge:inheritance:db.RsaForfeitEvent->db.Event	16354.72,16865.62 16539.11,16878.27
edge:inheritance:db.RsaVestConfirmEvent->db.Event	16967.49,16575.55 16784.79,16779.43
edge:inheritance:db.RsuCancelEvent->db.Event	16385.43,15818.02 16656.39,16779.43
edge:inheritance:db.RsuExerciseClaimCandidateEmailRecipient->db.BulkEmailRecipient	14488.28,16693.79 17803.03,19064.66
edge:inheritance:db.RsuExerciseEvent->db.Event	16248.34,16515.85 16558.75,16779.43
edge:inheritance:db.RsuExerciseManagementEmail->db.BulkEmail	14406.14,16311.70 15196.31,17182.00
edge:inheritance:db.RsuGrantContractModusignDocument->db.ModusignDocument	21001.39,19289.91 22363.65,20558.85
edge:inheritance:db.RsuGrantEvent->db.Event	16213.07,16768.57 16539.11,16851.01
edge:inheritance:db.RsuGrantee->db.Stakeholder	14191.90,16935.98 12785.62,19167.54
edge:inheritance:db.RsuPauseEvent->db.Event	16151.82,17338.60 16557.50,16997.43
edge:inheritance:db.RsuPerformanceAchievementEvent->db.Event	16456.51,16643.69 16584.41,16779.43
edge:inheritance:db.RsuResumeEvent->db.Event	16378.30,17191.53 16576.06,16997.43
edge:inheritance:db.RtccEmail->db.BulkEmail	15441.49,17121.42 15356.15,17182.00
edge:inheritance:db.RtccInvestorFile->db.FileAttachment	17596.72,17752.35 20048.87,18434.14
edge:inheritance:db.SafeCreateEvent->db.Event	17402.61,17468.12 16821.65,16997.43
edge:inheritance:db.SalesReportDocument->db.MeetingDocument	15602.63,27491.74 16028.00,26273.48
edge:inheritance:db.SealStampCardContinuedUseApplicationFormDocument->db.MeetingDocument	12225.85,23280.21 15918.79,25947.90
edge:inheritance:db.SealStampDeclarationDocument->db.MeetingDocument	12439.90,23129.23 15918.79,25933.02
edge:inheritance:db.SealStampImage->db.FileAttachment	17859.56,15832.72 20048.87,18275.01
edge:inheritance:db.SealedOptionGrantContractDocument->db.MeetingDocument	19792.50,26205.89 16274.79,26082.71
edge:inheritance:db.SealedOptionGrantShareholdersMeetingResolutionDocument->db.MeetingDocument	14856.31,26420.91 15918.79,26125.90
edge:inheritance:db.Shareholder->db.Stakeholder	13193.36,22666.06 12710.49,19481.54
edge:inheritance:db.ShareholdersAgreementModusignDocument->db.ModusignDocument	21849.29,20602.43 22314.61,20631.39
edge:inheritance:db.ShareholdersAgreementModusignEmbeddedDraft->db.ModusignEmbeddedDraft	21684.47,21976.43 21826.70,21929.12
edge:inheritance:db.ShareholdersCertificateOfSealDocument->db.MeetingDocument	15271.29,27864.62 16005.84,26273.48
edge:inheritance:db.ShareholdersMeetingAuditReportDocument->db.MeetingDocument	18584.25,29412.03 16243.70,26273.48
edge:inheritance:db.ShareholdersMeetingConvocationNoticeEmail->db.BulkEmail	18395.34,20696.45 15321.77,17320.00
edge:inheritance:db.ShareholdersMeetingConvocationNoticeEmailAttachment->db.FileAttachment	19814.50,20383.05 20190.31,18703.97
edge:inheritance:db.ShareholdersMeetingConvocationNoticeEmailRecipient->db.ShareholdersMeetingConvocationNoticeRecipient	21677.70,22442.29 20581.43,21995.24
edge:inheritance:db.ShareholdersMeetingConvocationNoticeWrittenRecipient->db.ShareholdersMeetingConvocationNoticeRecipient	19514.00,21757.89 20273.08,21910.45
edge:inheritance:db.ShareholdersMeetingMinutesDocument->db.MeetingDocument	15629.78,26446.39 15918.79,26217.47
edge:inheritance:db.ShareholdersMeetingNoticeDocument->db.MeetingDocument	20547.49,27128.00 16274.79,26118.53
edge:inheritance:db.ShareholdersMeetingPowerOfAttorneyDocument->db.MeetingDocument	19163.01,27479.65 16274.79,26157.94
edge:inheritance:db.ShareholdersMeetingPowerOfAttorneyIndividualDocument->db.MeetingDocument	17106.89,23686.38 16180.05,25879.48
edge:inheritance:db.ShareholdersMeetingShortenPeriodDocument->db.MeetingDocument	13911.28,29183.00 15958.20,26273.48
edge:inheritance:db.ShareholdersMeetingShortenPeriodIndividualDocument->db.MeetingDocument	17210.24,23289.76 16174.08,25879.48
edge:inheritance:db.ShareholdersMeetingSkipNoticeDocument->db.MeetingDocument	16284.08,28075.63 16115.25,26273.48
edge:inheritance:db.ShareholdersMeetingWrittenDecisionDocument->db.MeetingDocument	15094.70,26586.24 15918.79,26167.03
edge:inheritance:db.ShareholdersMeetingWrittenDecisionIndividualDocument->db.MeetingDocument	17318.21,23878.41 16206.26,25879.48
edge:inheritance:db.ShareholdersWrittenResolutionDocument->db.MeetingDocument	20332.31,28269.46 16274.79,26168.64
edge:inheritance:db.StockTransferAgreementModusignDocument->db.ModusignDocument	20322.44,20282.96 22314.61,20617.04
edge:inheritance:db.StockTransferAgreementModusignEmbeddedDraft->db.ModusignEmbeddedDraft	20375.77,20643.69 21883.61,21834.87
edge:inheritance:db.SubscriptionModusignDocumentUsageHistory->db.BaseModusignDocumentUsageHistory	23861.52,13687.94 23643.88,13724.84
edge:inheritance:db.TaxReceiptDocument->db.MeetingDocument	16981.37,24982.00 16256.01,25879.48
edge:inheritance:db.Template->db.MembershipContent	4353.18,5195.46 4534.53,5092.71
edge:inheritance:db.TextValueWithVisibility->db.ValueWithVisibility	32495.93,6031.72 32105.27,5939.93
edge:inheritance:db.UserProfileImage->db.FileAttachment	20795.26,18702.56 20428.87,18560.86
edge:inheritance:db.VentureCapitalPaymentLink->db.PaymentLink	29890.56,12646.71 23590.08,13209.51
edge:inheritance:db.Webinar->db.MembershipContent	4180.85,4777.81 4541.75,5002.71
edge:inheritance:db.Whitepaper->db.MembershipContent	5781.19,6437.36 4651.76,5092.71
edge:inheritance:db.WrittenStatementDocument->db.MeetingDocument	15665.69,26067.60 15918.79,26072.81
edge:inheritance:db.YetsAssistanceCreatorUser->db.YetsAssistanceCreator	13957.16,30303.78 14166.52,30153.63
edge:inheritance:db.YetsAssistanceCreatorYetsEmployee->db.YetsAssistanceCreator	11105.26,30151.89 14100.11,30117.97
edge:inheritance:db.YetsAssistanceMessageFile->db.FileAttachment	23172.02,31000.26 20289.74,18703.97
edge:inheritance:db.YetsEmail->db.BulkEmail	11895.97,19983.99 15172.87,17320.00
edge:inheritance:db.YetsEmployeeFile->db.FileAttachment	23749.69,31966.29 20295.39,18703.97
edge:inheritance:db.YetsEmployeeResultWhtReceipt->db.FileAttachment	22737.27,29976.69 20286.06,18703.97
edge:inheritance:db.ZuzuOptionGrantContractTemplate->db.OptionGrantContractTemplate	19907.24,15931.93 19517.31,16123.79
edge:inheritance:db.ZuzuOptionGrantContractTemplateRevision->db.OptionGrantContractTemplateRevision	20155.26,16333.50 20102.78,16404.22
