edge:declared:db.AgendaBonusIssue:certificate_of_payment_for_the_share_file	17799.99,20181.95 20408.00,18596.75
edge:declared:db.AgendaBonusIssue:meeting_draft	17543.89,20287.73 16613.57,20511.98
edge:declared:db.AgendaBonusIssueNewIssueBalanceCertificateFile:agenda_bonus_issue	18640.13,19453.05 17767.30,20181.95
edge:declared:db.AgendaBonusIssueNewIssueMinutesFile:agenda_bonus_issue	19297.60,19320.55 17806.27,20181.95
edge:declared:db.AgendaBonusIssueSharesToIssue:agenda_bonus_issue	16138.17,18894.56 17597.16,20181.95
edge:declared:db.AgendaBonusIssueSharesToIssue:share_class	16057.86,18820.56 15503.54,18286.22
edge:declared:db.AgendaBorrowCapital:meeting_draft	16741.27,20200.91 16572.88,20405.55
edge:declared:db.AgendaBranchChange:address	17573.99,20023.10 23936.01,18964.48
edge:declared:db.AgendaBranchChange:installation_event	17485.85,19994.73 18699.21,18336.65
edge:declared:db.AgendaBranchChange:meeting_draft	17353.65,20092.73 16613.57,20469.17
edge:declared:db.AgendaCashDividends:meeting_draft	15800.65,20559.15 16293.57,20552.66
edge:declared:db.AgendaCeoAddressChange:meeting_draft	12728.72,22077.96 16293.57,20616.16
edge:declared:db.AgendaCeoAddressChangeItem:agenda_ceo_address_change	11884.21,21494.74 12579.83,22077.96
edge:declared:db.AgendaCeoAddressChangeItem:stakeholder	11807.51,21420.74 10097.33,19478.24
edge:declared:db.AgendaChangeOfAoiClassStock:aoi	19511.59,20571.21 19182.87,20564.64
edge:declared:db.AgendaChangeOfAoiCustom:aoi	19930.67,19674.99 19067.69,20495.98
edge:declared:db.AgendaChangeOfAoiCustom:changed_part	19995.97,19592.99 20480.49,18698.26
edge:declared:db.AgendaChangeOfAoiDirectorCompensationRule:aoi	19674.79,20670.58 19182.87,20590.76
edge:declared:db.AgendaChangeOfAoiNumberOfDirectors:aoi	19029.89,20877.60 19005.64,20625.98
edge:declared:db.AgendaChangeOfAoiThirdPartyAllocation:aoi	19071.74,20742.45 19025.29,20625.98
edge:declared:db.AgendaChangeOfArticlesOfIncorporation:_deprecated_changed_part	19049.33,20495.98 20431.20,18698.26
edge:declared:db.AgendaChangeOfArticlesOfIncorporation:meeting_draft	18815.87,20560.23 16613.57,20551.21
edge:declared:db.AgendaCoCeoSystemChange:meeting_draft	15982.85,21042.55 16314.84,20695.55
edge:declared:db.AgendaCompanyNameChange:meeting_draft	17070.02,20897.39 16613.57,20640.57
edge:declared:db.AgendaCustom:meeting_draft	16077.01,20895.75 16295.40,20695.55
edge:declared:db.AgendaDirectorChange:stakeholder	12249.66,22788.86 10062.82,19478.24
edge:declared:db.AgendaDirectorCompensationItem:director_compensation	11842.40,20478.20 14790.75,21747.21
edge:declared:db.AgendaDirectorCompensationItem:stakeholder	11697.06,20404.20 10125.11,19424.68
edge:declared:db.AgendaDirectorCompensationRule:meeting_draft	16576.53,21132.16 16484.22,20695.55
edge:declared:db.AgendaFinancialStatements:audit_report	17911.33,19832.26 20408.00,18576.80
edge:declared:db.AgendaFinancialStatements:meeting_draft	17714.30,19930.26 16613.57,20471.83
edge:declared:db.AgendaHeadOfficeRelocation:address	18581.27,21611.23 23936.01,19013.56
edge:declared:db.AgendaHeadOfficeRelocation:meeting_draft	18375.96,21611.23 16613.57,20638.83
edge:declared:db.AgendaHeadOfficeRelocationAoiChange:meeting_draft	18235.97,22158.79 16613.57,20694.92
edge:declared:db.AgendaMethodOfGivingPublicNoticeChange:daily_newspaper	17035.52,20491.09 17469.42,15186.17
edge:declared:db.AgendaMethodOfGivingPublicNoticeChange:meeting_draft	16847.17,20537.99 16613.57,20545.45
edge:declared:db.AgendaNewIssue:financial_statements	16204.46,22281.38 20408.00,18645.60
edge:declared:db.AgendaNewIssue:meeting_draft	16122.45,22281.38 16425.83,20695.55
edge:declared:db.AgendaNewIssueItem:new_issue	19493.44,25328.44 16203.39,22451.38
edge:declared:db.AgendaNewIssueItemFromConversion:new_issue_item	19438.38,25782.69 19546.16,25458.44
edge:declared:db.AgendaNewIssueItemFromPayment:new_issue_item	18898.47,25516.29 19437.77,25417.30
edge:declared:db.AgendaNewIssueItemInstitutionMember:institution	21323.54,25962.99 19812.40,24981.96
edge:declared:db.AgendaNewIssueItemInstitutionMemberCeo:member	20141.21,25581.83 21270.87,25962.99
edge:declared:db.AgendaNewIssueItemShareClass:item	18949.04,25227.11 19437.77,25358.49
edge:declared:db.AgendaNewIssueItemShareholder:item	19739.93,24981.96 19594.97,25328.44
edge:declared:db.AgendaNewIssueNewShareClass:new_issue	16550.84,22402.99 16242.19,22377.58
edge:declared:db.AgendaNewOptionsRule:meeting_draft	16640.82,21008.05 16512.92,20695.55
edge:declared:db.AgendaNewOrChangeRsuRule:meeting_draft	16596.51,20766.73 16549.45,20695.55
edge:declared:db.AgendaOptionCancel:meeting_draft	14956.65,20900.72 16293.57,20587.98
edge:declared:db.AgendaOptionCancelGrantee:option_cancel	14255.56,20928.69 14708.65,20929.51
edge:declared:db.AgendaOptionCancelGrantee:option_grantee	14126.11,20887.46 13987.21,19237.60
edge:declared:db.AgendaOptionCancelOption:_deprecated_grantee	14307.95,21018.23 14211.03,20969.46
edge:declared:db.AgendaOptionCancelOption:option_cancel	14513.42,21023.00 14708.65,20965.96
edge:declared:db.AgendaOptionCancelOptionDistribution:option	14258.62,21166.97 14339.64,21100.23
edge:declared:db.AgendaOptionExercise:meeting_draft	12861.93,21849.33 16293.57,20608.41
edge:declared:db.AgendaOptionExerciseClaim:option_exercise	12965.11,21474.18 12764.44,21845.17
edge:declared:db.AgendaOptionExerciseClaim:option_exercise_claim	12968.36,21392.18 11332.29,17849.35
edge:declared:db.AgendaOptionExerciseGrantee:option_exercise	13473.35,21438.87 12817.08,21845.17
edge:declared:db.AgendaOptionExerciseGrantee:option_grantee	13554.91,21348.87 13971.17,19237.60
edge:declared:db.AgendaOptionExerciseGranteeOption:grantee	13539.48,21715.33 13545.12,21438.87
edge:declared:db.AgendaOptionGrant:meeting_draft	15581.50,19739.57 16297.65,20405.55
edge:declared:db.AgendaOptionGrantGrantee:_deprecated_option_grant_event	14631.44,19136.92 14936.85,18583.51
edge:declared:db.AgendaOptionGrantGrantee:option_grant	14693.87,19234.92 15450.95,19649.57
edge:declared:db.AgendaOptionGrantGrantee:option_grantee	14480.40,19184.86 14112.41,19181.71
edge:declared:db.AgendaOptionGrantGrantee:stakeholder	14480.40,19189.53 10125.11,19316.40
edge:declared:db.AgendaPurposeChange:meeting_draft	17642.93,21652.15 16610.12,20695.55
edge:declared:db.AgendaPurposeChangeItem:agenda_purpose_change	17655.95,21866.30 17679.80,21734.15
edge:declared:db.AgendaRsuGrant:meeting_draft	15550.19,20729.26 16293.57,20582.20
edge:declared:db.AgendaRsuGrantGrantee:rsu	13130.22,18080.37 14617.92,15319.59
edge:declared:db.AgendaRsuGrantGrantee:rsu_grant	13144.23,18162.37 15386.56,20708.79
edge:declared:db.AgendaRsuGrantGrantee:stakeholder	13000.53,18162.37 10125.11,19257.99
edge:declared:db.AgendaSubsidiaryEstablishment:meeting_draft	15615.32,21488.91 16324.04,20695.55
edge:declared:db.AgendaTemplate:company	24760.43,8381.56 16175.50,12355.54
edge:declared:db.AiPayrollLedger:payroll	3147.47,5300.24 4649.25,4891.62
edge:declared:db.AlimtalkActivityRecipient:activity	35490.47,14322.87 36271.71,14120.15
edge:declared:db.AlimtalkActivityRecipientStatusHistory:recipient	35315.02,14445.01 35343.02,14396.05
edge:declared:db.AllocatedSeat:stakeholder	7913.16,13406.39 9904.80,19164.24
edge:declared:db.Announcement:company_set	21068.15,12238.67 16175.50,12435.83
edge:declared:db.Announcement:subscription_plan_set	21107.42,12192.67 20922.64,12103.26
edge:declared:db.AnnualSalary:employee	9864.39,14960.48 8630.79,15023.07
edge:declared:db.AnnualSalary:ledger	10100.39,14967.24 11134.70,15078.97
edge:declared:db.Article:third_party_provider	20451.41,19708.76 20432.60,19869.37
edge:declared:db.Article:thumbnail_image	20461.11,19626.76 20572.07,18698.26
edge:declared:db.ArticlePublishHistory:article	20600.83,19752.08 20526.53,19708.76
edge:declared:db.ArticlesOfIncorporation:_deprecated_daily_newspaper	17222.41,15246.68 17371.65,15186.17
edge:declared:db.ArticlesOfIncorporation:articles_of_incorporation_file	17155.21,15356.39 20408.00,18308.81
edge:declared:db.ArticlesOfIncorporation:company	17070.32,15242.39 16069.61,12660.49
edge:declared:db.ArticlesOfIncorporation:source_meeting	17095.96,15356.39 17226.58,17455.49
edge:declared:db.ArticlesOfIncorporationAnalyzationRequest:company	13188.77,7929.79 15851.04,12226.49
edge:declared:db.ArticlesOfIncorporationAnalyzationResult:request	10777.71,7942.58 12983.34,7896.59
edge:declared:db.AuditLog:actor_api_key	18036.90,5650.24 17707.14,7428.54
edge:declared:db.AvailableModusignRequest:company	22118.45,20580.41 16149.06,12660.49
edge:declared:db.AvailableModusignRequest:modusign_account	22177.28,20580.41 22249.25,20494.35
edge:declared:db.BalanceCertificateDocument:new_issue_agenda	13683.56,22440.40 15970.19,22370.54
edge:declared:db.BalanceCertificateDocument:option_exercise_agenda	13469.26,22404.15 12808.20,21943.17
edge:declared:db.BaseModusignDocumentUsageHistory:modusign_document	25166.93,13772.88 23730.84,20559.31
edge:declared:db.BaseModusignDocumentUsageHistory:purchase	25020.11,13736.12 23099.76,13788.46
edge:declared:db.BranchAbolitionEvent:installation_event	18622.37,18124.55 18701.21,18238.65
edge:declared:db.BranchChangeEvent:address	19373.41,18522.58 23936.01,18925.26
edge:declared:db.BranchChangeEvent:installation_event	19155.26,18470.64 18847.59,18336.65
edge:declared:db.BranchInstallationEvent:address	18859.07,18302.73 23936.01,18920.12
edge:declared:db.BulkEmail:sender_mail_integration	13452.71,17207.23 13126.07,17120.55
edge:declared:db.BulkEmail:template_revision	13712.71,17215.06 17031.58,16534.08
edge:declared:db.BulkEmailCommonAttachment:bulk_email	16019.20,17372.87 13712.71,17248.73
edge:declared:db.BulkEmailRecipient:bulk_email	17166.23,19060.77 13712.71,17307.72
edge:declared:db.BulkEmailRecipient:email_activity_recipient	17395.65,19174.77 25403.35,23071.77
edge:declared:db.BulkEmailRecipientAttachment:recipient	18543.80,18910.22 17408.52,19096.45
edge:declared:db.BulkEmailTemplateRevision:template	17207.39,16472.46 19196.32,15153.80
edge:declared:db.BusinessPlan:company	13988.47,11943.94 15795.50,12395.96
edge:declared:db.BusinessPlanAiAnalysis:business_plan_ai_review	12012.42,11136.60 13662.13,11728.90
edge:declared:db.BusinessPlanAiAnalysisItem:ai_analysis_feedback	10226.78,10511.16 9856.14,10372.11
edge:declared:db.BusinessPlanAiAnalysisItem:business_plan_ai_analysis	10453.89,10593.16 11803.02,11062.60
edge:declared:db.BusinessPlanAiAnalysisItemImprovement:ai_analysis_feedback	9794.06,10468.34 9767.67,10372.11
edge:declared:db.BusinessPlanAiAnalysisItemImprovement:business_plan_ai_analysis_item	9975.71,10520.44 10203.06,10540.45
edge:declared:db.BusinessPlanAiReview:business_plan	13803.04,11810.90 13846.37,11877.42
edge:declared:db.BusinessPlanAiReview:company	13900.33,11807.71 15795.50,12385.56
edge:declared:db.BusinessRegistrationCertificate:company	24326.39,8758.34 16175.50,12359.54
edge:declared:db.CaptableRequest:captable_file	17890.79,15324.97 20411.87,18264.26
edge:declared:db.CaptableRequest:company	17828.63,15242.97 16128.37,12660.49
edge:declared:db.CashIncentive:category	10867.04,13871.66 12619.84,13397.83
edge:declared:db.CashIncentive:employee	10660.89,13946.18 8630.79,14959.40
edge:declared:db.CashIncentiveCategory:company	12855.84,13332.41 15795.50,12497.46
edge:declared:db.CashIncentiveItem:cash_incentive	10376.62,13940.86 10619.04,13917.25
edge:declared:db.CashPayment:purchase	23088.01,14060.23 23005.19,13897.49
edge:declared:db.CeoAddressChangeEvent:director	15996.61,15969.01 16512.42,16358.54
edge:declared:db.Charge:credit	20579.37,13720.00 20896.69,13801.11
edge:declared:db.Charge:meeting	20421.36,13729.30 17330.90,17455.49
edge:declared:db.CmeBulkEmail:cme	17750.26,16494.11 20076.77,14531.67
edge:declared:db.CmeBulkEmailRecipient:_deprecated_cme_bulk_email	18507.11,16622.26 17825.65,16548.53
edge:declared:db.CmeBulkEmailRecipient:cme_company	18637.53,16594.68 19023.46,14129.24
edge:declared:db.CmeBulkEmailTemplate:cme	19960.55,14980.53 20129.38,14531.67
edge:declared:db.CmeCompany:company	18925.75,14015.24 16175.50,12545.06
edge:declared:db.CmeCompany:company_managing_entity	19162.38,14117.96 20023.83,14420.95
edge:declared:db.CmeCompany:contact_set	19162.38,14115.84 20508.76,14567.35
edge:declared:db.CmeCompanyContact:cme_company	19584.50,14152.51 19162.38,14091.14
edge:declared:db.CmeCompanyContactNotificationSettings:cme_company_contact	19673.60,14089.67 19689.14,14132.67
edge:declared:db.CmeCompanyDirectorTermManagement:cme_company	19539.05,13967.29 19162.38,14045.31
edge:declared:db.CmeCompanyNote:cme_company	19138.72,13879.34 19063.80,14015.24
edge:declared:db.CmeCompanyRegistration:cme_contact	20559.81,14719.51 20603.07,14653.93
edge:declared:db.CmeCompanyRegistration:company_managing_entity	20479.89,14719.51 20237.65,14531.67
edge:declared:db.CmeCompanyRegistrationFile:cme_company_registration	20681.01,14843.89 20605.66,14801.51
edge:declared:db.CmeContact:company_managing_entity	20508.76,14572.10 20283.83,14505.28
edge:declared:db.CmeMemberRelation:company_managing_entity	20637.90,14446.37 20283.83,14461.22
edge:declared:db.Company:sso_configuration	15795.50,12454.68 15193.60,12490.13
edge:declared:db.CompanyAddressChangeEvent:address	19488.21,18388.49 23936.01,18920.43
edge:declared:db.CompanyAppointedTransferAgentChange:company	21478.15,9625.05 16175.50,12346.00
edge:declared:db.CompanyAuthorizedSharesChange:company	23550.36,9445.71 16175.50,12368.20
edge:declared:db.CompanyBenefit:company	18323.19,8753.58 16122.98,12226.49
edge:declared:db.CompanyBulkEmailTemplate:company	18614.34,14431.96 16175.50,12587.21
edge:declared:db.CompanyCreateAssignmentReadiness:company	17905.83,9820.07 16144.34,12226.49
edge:declared:db.CompanyCreateProgress:company_create_request	23617.52,16764.13 23777.16,17051.70
edge:declared:db.CompanyCreateRequest:address	23823.11,17181.70 24071.02,18813.85
edge:declared:db.CompanyCreateRequest:articles_of_incorporation_attachment	23683.24,17171.87 20788.00,18400.62
edge:declared:db.CompanyCreateRequest:company	23704.36,17051.70 16175.50,12556.92
edge:declared:db.CompanyDepartment:department_code	9787.70,14066.54 9752.36,14021.92
edge:declared:db.CompanyDepartmentCode:organization_chart	9837.56,13943.39 12178.86,13385.85
edge:declared:db.CompanyDocumentAIAnalysis:company	18988.26,15902.55 16173.87,12660.49
edge:declared:db.CompanyDocumentAIAnalysis:file	19049.28,15984.55 20463.39,18264.26
edge:declared:db.CompanyDocumentDelivery:company	18255.95,12590.83 16175.50,12455.82
edge:declared:db.CompanyEndorsement:company	25858.13,7056.48 16175.50,12339.82
edge:declared:db.CompanyEndorsementFeed:company_endorsement	26155.97,6437.26 25940.56,6982.48
edge:declared:db.CompanyExpertClientRelation:company	21502.39,14427.32 16175.50,12511.81
edge:declared:db.CompanyExpertClientRelation:expert_client	21613.75,14501.32 21638.30,14608.59
edge:declared:db.CompanyFeed:company	27763.46,3680.72 16175.50,12302.13
edge:declared:db.CompanyFeedAccessLog:company_feeds	41111.96,3940.39 27958.70,3630.64
edge:declared:db.CompanyFeedAccessLog:venture_capital	41215.57,3980.17 38008.55,12227.48
edge:declared:db.CompanyFeedRating:company_feed	29835.66,3598.87 27958.70,3625.93
edge:declared:db.CompanyGuideState:company	18959.69,12665.74 16175.50,12457.69
edge:declared:db.CompanyInvestmentContractInfo:company	18392.69,12786.09 16175.50,12470.53
edge:declared:db.CompanyInvestorInterest:company	30496.57,8249.98 16175.50,12388.58
edge:declared:db.CompanyInvestorInterest:venture_capital	30678.75,8252.88 37744.83,12326.41
edge:declared:db.CompanyInvitation:invitee	20264.96,9508.61 16175.50,12313.19
edge:declared:db.CompanyIrClosingFeed:investor_relations	29262.31,6262.41 30440.32,7418.15
edge:declared:db.CompanyIrNewCommitFeed:investor_relations	29828.48,6121.07 30504.57,7418.15
edge:declared:db.CompanyIrOpenFeed:investor_relations	30002.42,5595.57 30534.17,7418.15
edge:declared:db.CompanyIrSetting:company	20523.27,9313.42 16175.50,12312.43
edge:declared:db.CompanyLegalPartnerRelation:company	22237.79,14371.51 16175.50,12502.08
edge:declared:db.CompanyLegalPartnerRelation:legal_partner	22370.13,14445.51 22426.80,14615.24
edge:declared:db.CompanyManagementAssignment:company	17906.32,8970.46 16105.52,12226.49
edge:declared:db.CompanyManagingEntity:expert_client	20283.83,14483.26 21525.51,14641.76
edge:declared:db.CompanyManagingEntity:expert_partner	20283.83,14482.03 22314.53,14722.04
edge:declared:db.CompanyManagingEntity:holding_company	20182.82,14401.67 20201.75,14359.24
edge:declared:db.CompanyMethodOfGivingPublicNoticeChange:company	16841.69,14559.20 16073.32,12660.49
edge:declared:db.CompanyMethodOfGivingPublicNoticeChange:daily_newspaper	16898.19,14633.20 17426.76,15104.17
edge:declared:db.CompanyMnaSetting:company	20074.98,8993.42 16175.50,12283.20
edge:declared:db.CompanyNameChange:company	12920.83,10881.63 15795.50,12346.66
edge:declared:db.CompanyNews:company	17684.74,8820.69 16087.28,12226.49
edge:declared:db.CompanyNewsFeed:company_news	21291.63,7050.21 17789.02,8738.69
edge:declared:db.CompanyNewsLink:company_news	18557.53,7731.31 17737.35,8738.69
edge:declared:db.CompanyNotificationSetting:company	14957.83,11466.74 15795.50,12262.90
edge:declared:db.CompanyNotificationTrigger:notification_setting	14586.33,11008.59 14889.68,11392.74
edge:declared:db.CompanyOptionRule:company	18026.73,12927.00 16175.50,12488.50
edge:declared:db.CompanyOverview:company	16566.54,9269.08 16025.22,12226.49
edge:declared:db.CompanyOwnerAddRequest:company	20355.18,9827.87 16175.50,12329.76
edge:declared:db.CompanyOwnerAuditLog:company	9442.91,8138.21 15795.50,12318.46
edge:declared:db.CompanyOwnerAuditLogOwnerRoleRelation:company_owner_audit_log	8524.80,8158.18 9256.60,8106.04
edge:declared:db.CompanyOwnerAuditLogOwnerRoleRelation:owner_role	8364.00,8207.68 9487.85,11035.53
edge:declared:db.CompanyOwnerNotificationTrigger:trigger	14492.08,11160.53 14544.38,11008.59
edge:declared:db.CompanyParValueChange:_deprecated_articles_of_incorporation	16918.39,15055.52 17051.74,15242.39
edge:declared:db.CompanyParValueChange:company	16878.96,14981.52 16061.89,12660.49
edge:declared:db.CompanyPaymentLink:company	22757.60,12169.04 16175.50,12435.79
edge:declared:db.CompanyPolicyFile:company	19959.42,8770.86 16175.50,12267.90
edge:declared:db.CompanyProfileAccessLog:company	30415.65,8474.50 16175.50,12391.23
edge:declared:db.CompanyProfileAccessLog:venture_capital	30602.22,8479.04 37744.83,12333.19
edge:declared:db.CompanyPromotionWinLog:company	14215.60,8198.21 15895.03,12226.49
edge:declared:db.CompanyPromotionWinLog:prize_type	14322.51,8151.57 15389.56,8103.07
edge:declared:db.CompanyPromotionWinLog:promotion	14272.29,8198.21 14943.58,8571.24
edge:declared:db.CompanyPurposeChange:company	16859.53,14115.22 16098.95,12660.49
edge:declared:db.CompanyPurposeChangeItem:company_purpose_change	17063.94,14425.02 16903.97,14189.22
edge:declared:db.CompanyPurposeChangeItem:industrial_code	17112.29,14499.02 17231.13,14688.15
edge:declared:db.CompanyQuestionThread:company	18834.96,14194.59 16175.50,12560.25
edge:declared:db.CompanyQuestionThread:expert_partner	19118.96,14300.49 22314.53,14720.02
edge:declared:db.CompanyRegistrationAssignment:company	21816.58,10259.53 16175.50,12372.33
edge:declared:db.CompanyRegistrationAssignmentLog:company	20329.07,11821.79 16175.50,12416.29
edge:declared:db.CompanyRsuRule:_deprecate_articles_of_incorporation	16977.29,15198.27 17027.52,15242.39
edge:declared:db.CompanyRsuRule:company	16922.24,15124.27 16061.33,12660.49
edge:declared:db.CompanySsoEmailDomain:configuration	13581.14,12480.38 14945.60,12496.01
edge:declared:db.CompanySsoIdentity:configuration	14475.24,12611.91 14945.60,12521.31
edge:declared:db.CompanyStockTransferRestrictedChange:company	17189.50,9110.29 16063.88,12226.49
edge:declared:db.CompanyStockValue:company	21424.45,10462.18 16175.50,12374.28
edge:declared:db.CompanyTag:company_set	22789.37,9163.04 16175.50,12351.88
edge:declared:db.CompanyTanTableView:company	10559.73,10025.42 15795.50,12358.81
edge:declared:db.CompanyTodo:company	23625.99,9816.51 16175.50,12378.16
edge:declared:db.CompanyUpdateRequest:change_detection	18111.61,14057.79 18134.38,14390.94
edge:declared:db.CompanyUpdateRequest:company	18053.48,13975.79 16175.50,12584.27
edge:declared:db.CompanyUpdateRequest:company_question_thread	18232.81,14054.65 18834.96,14238.50
edge:declared:db.CompanyUserRelation:company	7676.89,12339.89 15795.50,12441.12
edge:declared:db.CompanyUserRelation:stakeholder	7569.77,12387.34 9905.01,19164.24
edge:declared:db.CompanyUserRelationOwnerRoleRelation:company_user_relation	8569.33,11562.49 7617.08,12289.34
edge:declared:db.CompanyUserRelationOwnerRoleRelation:owner_role	8692.44,11488.49 9408.48,11133.53
edge:declared:db.ConsentForm:investor	27736.28,36707.85 10766.09,22802.54
edge:declared:db.ConsentForm:item	27778.74,36707.85 24302.48,26886.19
edge:declared:db.ConsentForm:uploaded_consent_form_file	27776.78,36707.85 20683.47,18698.26
edge:declared:db.ConsentFormModusignDocument:consent_form	27796.02,35817.84 27796.08,36707.85
edge:declared:db.ConsentFormModusignEmbeddedDraft:consent_form	24559.32,24834.11 27782.78,36707.85
edge:declared:db.CorporateRegistration:attachment	18854.43,15646.67 20464.52,18264.26
edge:declared:db.CorporateRegistration:company	18780.19,15548.67 16175.50,12654.60
edge:declared:db.CorporateRegistrationChangeConfirmation:change_detection	18379.06,14324.06 18239.78,14390.94
edge:declared:db.CorporateRegistrationChangeConfirmation:staff_review_required_question_thread	18627.62,14285.34 18834.96,14283.27
edge:declared:db.CorporateRegistrationChangeDetection:company	18084.91,14390.94 16175.50,12619.74
edge:declared:db.CorporateRegistrationChangeDetection:xml_file	18167.56,14488.94 20465.89,18264.26
edge:declared:db.CorporateRegistrationChangeDetectionParseResult:change_detection	18217.56,14175.71 18152.53,14390.94
edge:declared:db.CorporateRegistrationExtractionLog:corporate_registration_issue_log	20680.05,16034.03 20882.87,15798.21
edge:declared:db.CorporateRegistrationIssueCoupon:company	18267.99,13496.75 16175.50,12531.17
edge:declared:db.CorporateRegistrationIssueCouponIssueLog:coupon	18932.86,13688.98 18508.34,13577.53
edge:declared:db.CorporateRegistrationIssueCouponUseRequest:coupon	19216.09,14624.74 18389.25,13578.75
edge:declared:db.CorporateRegistrationIssueCouponUseResult:corporate_registration	19249.21,15564.58 18948.29,15588.01
edge:declared:db.CorporateRegistrationIssueCouponUseResult:log	19634.21,15575.50 20784.51,15730.30
edge:declared:db.CorporateRegistrationIssueCouponUseResult:request	19432.64,15508.59 19253.52,14698.74
edge:declared:db.CorporateRegistrationIssueLog:_deprecated_staff_review_required_question_thread	20859.96,15700.21 19095.12,14370.85
edge:declared:db.CorporateRegistrationIssueLog:pdf_file	20919.14,15798.21 20623.97,18264.26
edge:declared:db.CorporateRegistrationIssueMaintenance:third_party_api_notice	33636.40,15818.57 32782.61,15797.62
edge:declared:db.CorporateRegistrationIssueRequest:delivery	19156.11,12467.69 19349.13,12412.04
edge:declared:db.CorporateRegistrationPaidIssue:company	20187.44,13790.11 16175.50,12504.38
edge:declared:db.CorporateRegistrationPaidIssue:corporate_registration	20280.76,13872.11 18865.65,15548.67
edge:declared:db.CorporationPostRegistrationEmail:company	13343.56,7615.44 15866.76,12226.49
edge:declared:db.CorporationPostRegistrationScheduledEmail:corporation_post_registration_email	15021.50,7689.68 13468.81,7587.97
edge:declared:db.CorporationPostRegistrationScheduledEmailPeriodicTaskRelation:corporation_post_registration_scheduled_email	14814.54,7589.56 15075.42,7664.63
edge:declared:db.Credit:company	20896.69,13798.60 16175.50,12495.92
edge:declared:db.CreditCard:company	24288.74,13354.65 16175.50,12464.34
edge:declared:db.CreditCard:investment_association	24506.39,13417.26 30486.03,16545.87
edge:declared:db.CreditCard:legal_partner	24343.30,13417.26 22622.53,14631.57
edge:declared:db.CreditCard:venture_capital	24536.74,13359.67 37744.83,12445.22
edge:declared:db.CreditUse:credit	22167.50,13885.01 21144.69,13838.45
edge:declared:db.CreditUse:purchase	22403.50,13873.04 22803.76,13814.23
edge:declared:db.CsAgentResponse:inquiry_thread_message	25222.27,11374.53 24364.87,11419.32
edge:declared:db.CsAgentResponseFeedBack:cs_agent_response	25826.79,11305.26 25470.27,11351.85
edge:declared:db.DebtConfirmationAndOffsetContractDocument:new_issue_item	17740.38,25310.57 19437.77,25387.54
edge:declared:db.DepartmentStaffUserRelation:department	17961.99,31839.71 15174.65,32297.53
edge:declared:db.DirectorAppointmentEvent:director	16132.97,16282.79 16473.08,16389.05
edge:declared:db.DirectorCompensationDecisionEvent:director	16461.24,16810.82 16580.63,16504.54
edge:declared:db.DirectorCompensationLimitEvent:director	16419.65,16637.87 16542.06,16504.54
edge:declared:db.DirectorTermEndEvent:appointment_event	16116.92,16361.56 16046.63,16285.05
edge:declared:db.DirectorTermEndEvent:director	16278.58,16410.47 16473.08,16422.87
edge:declared:db.DirectorVote:agenda	15015.41,20685.69 15209.42,20919.34
edge:declared:db.DirectorVote:attended_director	14940.50,20611.69 14846.21,20532.74
edge:declared:db.DirectorVotingRightsPerAgenda:agenda	14713.63,20837.06 15144.64,20968.90
edge:declared:db.DirectorVotingRightsPerAgenda:director	14613.83,20763.06 14745.53,20532.74
edge:declared:db.DirectorsMeeting:chairperson	15307.08,20234.23 14902.97,20418.74
edge:declared:db.DirectorsMeeting:meeting	15479.20,20113.87 17153.08,17689.49
edge:declared:db.DirectorsMeeting:sealed_meeting_minutes_file	15567.08,20132.21 20408.00,18543.61
edge:declared:db.DirectorsMeetingAgenda:agenda_bonus_issue	15428.64,20967.40 17543.89,20297.99
edge:declared:db.DirectorsMeetingAgenda:agenda_branch_change	15428.64,20948.76 17340.55,20092.73
edge:declared:db.DirectorsMeetingAgenda:agenda_co_ceo_system_change	15428.64,21027.73 15819.62,21070.11
edge:declared:db.DirectorsMeetingAgenda:agenda_custom	15428.64,20997.94 15908.28,20949.32
edge:declared:db.DirectorsMeetingAgenda:agenda_director_change	15144.64,21098.88 12371.64,22788.86
edge:declared:db.DirectorsMeetingAgenda:agenda_director_compensation_decision	15239.97,21105.34 14917.88,21747.21
edge:declared:db.DirectorsMeetingAgenda:agenda_financial_statements	15428.64,20948.79 17704.41,19930.26
edge:declared:db.DirectorsMeetingAgenda:agenda_head_office_relocation	15428.64,21041.40 18342.52,21637.73
edge:declared:db.DirectorsMeetingAgenda:agenda_new_issue	15342.93,21105.34 16054.74,22281.38
edge:declared:db.DirectorsMeetingAgenda:agenda_option_cancel	15144.64,20986.50 14956.65,20952.29
edge:declared:db.DirectorsMeetingAgenda:agenda_rsu_grant	15336.84,20919.34 15401.90,20798.79
edge:declared:db.DirectorsMeetingAgenda:agenda_shareholders_meeting_convocation	15428.64,21097.56 15758.98,21295.82
edge:declared:db.DirectorsMeetingAgenda:agenda_subsidiary_establishment	15339.12,21105.34 15555.55,21488.91
edge:declared:db.DirectorsMeetingAgenda:meeting	15303.35,20919.34 15426.12,20235.87
edge:declared:db.DirectorsMeetingDirectorAttendance:stakeholder	14613.13,20436.21 10125.11,19361.01
edge:declared:db.DirectorsMeetingNoticeEmail:directors_meeting	15560.69,19204.42 15444.85,20113.87
edge:declared:db.DirectorsMeetingNoticeEmailRecipient:director	15963.20,19374.83 14839.49,20418.74
edge:declared:db.DirectorsMeetingNoticeEmailRecipient:email	15901.13,19292.83 15672.11,19204.42
edge:declared:db.DocumentDelivery:delivery	19827.55,12585.19 20422.00,12391.46
edge:declared:db.DocumentDeliveryQuestionThreadRelation:document_delivery	20266.70,12613.04 19827.55,12622.83
edge:declared:db.DocumentDeliveryQuestionThreadRelation:question_thread	20609.70,12617.95 20815.12,12628.42
edge:declared:db.DocumentParseResult:attachment	20181.23,16873.30 20181.56,17043.50
edge:declared:db.DormantUserEmail:user	-701.53,30212.16 -2286.10,31188.58
edge:declared:db.DormantUserPhone:user	-1538.88,29646.70 -2331.56,31188.58
edge:declared:db.DormantUserReactivationToken:user	-512.36,30345.55 -2267.29,31188.58
edge:declared:db.ESOP:company	9431.64,16373.95 15795.50,12557.44
edge:declared:db.ESOP:shareholder	9348.80,16487.95 10672.84,22672.54
edge:declared:db.ESOPParticipant:esop	9140.67,16027.14 9308.94,16373.95
edge:declared:db.EditableCompanyOwnerAuditLog:company	25448.94,9340.01 16175.50,12381.18
edge:declared:db.ElectronicCertificate:company	17137.87,16931.98 16041.21,12660.49
edge:declared:db.ElectronicCertificate:director	17104.84,16931.98 16681.40,16504.54
edge:declared:db.ElectronicCertificateApplicationFormDocument:stakeholder	8719.39,23678.81 9914.44,19478.24
edge:declared:db.ElectronicCertificateCaseReportDocument:stakeholder	8532.56,23060.64 9899.22,19478.24
edge:declared:db.ElectronicCertificateFileDownloadHistory:file_uploaded	18213.36,17252.61 18077.46,17200.77
edge:declared:db.ElectronicCertificateFileUploadRequest:electronic_certificate	17543.83,17014.66 17273.42,16988.83
edge:declared:db.ElectronicCertificateFileUploaded:file_upload_request	17906.55,17126.77 17789.24,17068.04
edge:declared:db.ElectronicCertificateReturnRequest:electronic_certificate	21930.52,19051.27 17253.14,17021.98
edge:declared:db.ElectronicCertificateReturnRequest:recipient_address	22168.80,19077.25 23936.01,18949.94
edge:declared:db.EmailActivityRecipient:email_activity	25507.53,23169.77 25684.38,25653.14
edge:declared:db.EmailActivityRecipientStatusHistory:recipient	25977.50,24602.52 25519.70,23169.77
edge:declared:db.EmailVerification:email	25215.14,4734.02 24616.04,4508.09
edge:declared:db.Employee:department_code_set	8605.78,14929.27 9656.80,14021.92
edge:declared:db.Employee:group_set	8630.79,14975.25 11410.37,13898.23
edge:declared:db.EmployeeDepartmentCodeRelation:department_code	9049.74,14285.87 9609.62,14021.92
edge:declared:db.EmployeeDepartmentCodeRelation:employee	8946.02,14359.87 8557.68,14929.27
edge:declared:db.EmployeeGroup:company	11622.77,13824.23 15795.50,12503.62
edge:declared:db.EmployeeNumber:company	11579.91,13971.69 15795.50,12509.40
edge:declared:db.EmployeeNumber:employee	11365.15,14045.69 8630.79,14981.66
edge:declared:db.EmployeeOption:company	10435.08,12761.39 15795.50,12454.37
edge:declared:db.EmployeeOption:grantee	10234.36,12821.49 9018.42,13661.49
edge:declared:db.EmployeeOptionExerciseCandidate:management	11700.34,13148.13 12403.28,13809.60
edge:declared:db.EmployeeOptionExerciseCandidate:option	11504.52,13066.21 10435.08,12799.42
edge:declared:db.EmployeeOptionExerciseCandidate:option_exercise_claim	11800.52,13092.46 12686.36,13028.60
edge:declared:db.EmployeeOptionExerciseCandidateFile:candidate	11046.75,12857.96 11541.33,13058.13
edge:declared:db.EmployeeOptionExerciseClaim:company	12952.36,12994.83 15795.50,12478.03
edge:declared:db.EmployeeOptionExerciseClaimOption:option	11534.16,12759.31 10435.08,12767.56
edge:declared:db.EmployeeOptionExerciseClaimOption:option_exercise_claim	11840.16,12793.41 12686.36,12988.37
edge:declared:db.EmployeeOptionExerciseManagement:company	12549.96,13809.60 15795.50,12519.04
edge:declared:db.EmployeeOptionExerciseManagementEmail:management	13256.45,15114.93 12473.10,13891.60
edge:declared:db.EmployeeOptionVesting:employee_option	9312.19,12982.26 10187.08,12795.03
edge:declared:db.EmployeeOptionVestingItem:option_vesting	9115.28,13191.78 9178.35,13044.51
edge:declared:db.EmployeeOptionVestingTraceable:option	10153.03,13128.55 10287.82,12821.49
edge:declared:db.EmployeeStock:participant	9214.92,15894.77 9168.33,15937.14
edge:declared:db.EmployeeStockGuide:esop	9741.89,16415.63 9466.60,16426.04
edge:declared:db.EmployeeStockGuideAudience:employee_stock_guide	10330.53,15904.06 9903.47,16369.94
edge:declared:db.EmployeeStockGuideAudience:participant	10240.95,15878.47 9242.84,15970.68
edge:declared:db.EmployeeStockGuideEmail:employee_stock_guide	12058.26,17086.67 9989.89,16449.16
edge:declared:db.EmployeeStockTag:category	9633.80,15984.75 9491.91,16094.59
edge:declared:db.EmployeeStockTag:employee_stock_set	9562.76,15919.02 9373.61,15881.30
edge:declared:db.EmployeeStockTag:esop	9657.29,15984.75 9377.57,16373.95
edge:declared:db.EmployeeStockTagCategory:esop	9430.83,16168.59 9357.07,16373.95
edge:declared:db.EmployeeStockWithdrawRequest:account	10504.01,16807.78 11367.57,16883.87
edge:declared:db.EmployeeStockWithdrawRequest:esop	10268.03,16759.24 9466.60,16476.77
edge:declared:db.EmploymentCertificateDocumentRequest:company	12419.56,14196.31 15795.50,12536.88
edge:declared:db.EmploymentCertificateDocumentRequest:history	12183.79,14261.39 10148.91,14617.34
edge:declared:db.EmploymentStatusHistory:connected_hrm_status_event	9900.91,14670.98 5092.05,15910.05
edge:declared:db.EmploymentStatusHistory:employee	9900.91,14670.61 8630.79,14994.10
edge:declared:db.EmploymentStatusHistory:related_events	10136.85,14684.03 15446.56,16818.63
edge:declared:db.Event:company	15604.17,16769.13 15966.37,12660.49
edge:declared:db.EventAttachment:company	15809.31,14605.80 15967.82,12660.49
edge:declared:db.EventAttachment:event	15802.80,14679.80 15604.88,16769.13
edge:declared:db.ExpertClientIncorporationSupport:contact_set	21204.91,14798.86 20756.76,14650.09
edge:declared:db.ExpertClientIncorporationSupport:expert_client	21400.65,14798.86 21563.19,14706.59
edge:declared:db.ExpertClientIncorporationSupport:incorporation_request	21346.89,14880.86 21786.68,15856.96
edge:declared:db.ExpertClientSignupChannel:expert_client	24030.85,14883.83 21773.51,14669.37
edge:declared:db.ExpertClientTaxServiceSettings:expert_client	21633.95,14944.57 21646.85,14706.59
edge:declared:db.ExpertClientTaxServiceSettings:legal_partner	21760.20,14944.57 22314.53,14784.66
edge:declared:db.ExpressDelivery1:order_status_history	316.91,9788.89 395.05,9932.80
edge:declared:db.ExpressDelivery1:seal_card_return_status_history	178.82,9758.46 -44.26,9770.89
edge:declared:db.ExternalStockInfo:company	15602.47,8728.31 15963.13,12226.49
edge:declared:db.FABContent:thumbnail_image	21852.94,17937.19 20788.00,18398.89
edge:declared:db.FinancialAccount:institution	11510.93,16845.79 11696.89,16375.06
edge:declared:db.FinancialStatementsForNewIssueFromConversionDocument:new_issue	15914.38,23401.32 16090.44,22451.38
edge:declared:db.Fund:fund_partners	34809.74,13590.95 35475.82,13595.88
edge:declared:db.Fund:portfolio_company_set	34561.74,13611.73 30823.38,14265.90
edge:declared:db.Fund:venture_capital	34809.74,13545.77 37744.83,12498.15
edge:declared:db.FundPartner:venture_capital	35681.83,13555.80 37744.83,12524.47
edge:declared:db.FundingNewsDistributionServiceRequest:company	18475.57,15063.62 16175.50,12643.41
edge:declared:db.FundingNewsDistributionServiceRequest:company_question_thread	18543.30,15063.62 18927.59,14370.85
edge:declared:db.FundingNewsDistributionServiceRequest:logo	18546.09,15153.62 20464.19,18264.26
edge:declared:db.HelpTemplate:partners_to_share	6533.90,9076.70 22314.53,14685.50
edge:declared:db.Hrm:company	-205.78,16067.50 15795.50,12486.02
edge:declared:db.HrmAlpConfig:hrm	-2126.96,15839.08 -525.78,16079.31
edge:declared:db.HrmAlpConfigIndivApprovalTemplateRel:alp_config	-1815.75,15604.26 -2171.82,15784.38
edge:declared:db.HrmAlpExcludedEmp:emp	5585.10,17963.04 4769.73,18074.40
edge:declared:db.HrmAlpLaborReceiptRefusal:emp	5043.46,18830.33 4703.01,18270.89
edge:declared:db.HrmAlpTarget:emp	5068.25,18510.57 4769.73,18248.75
edge:declared:db.HrmAlpUsageDesignation:target	5552.78,18617.21 5239.00,18570.16
edge:declared:db.HrmAlpUsageDesignationDate:leave_usage	6293.50,18444.10 6866.44,18410.54
edge:declared:db.HrmAlpUsageDesignationDate:usage_designation	6066.47,18488.54 5770.81,18597.90
edge:declared:db.HrmAlpUsagePlan:target	5427.01,18225.61 5154.25,18510.57
edge:declared:db.HrmAlpUsagePlanDate:usage_plan	5779.76,18177.97 5590.26,18181.98
edge:declared:db.HrmAnnualLeaveAdjustment:emp	5290.65,18068.31 4769.73,18090.55
edge:declared:db.HrmAnnualLeaveConfigBase:annual_leave	3809.06,22533.43 3826.34,21766.88
edge:declared:db.HrmApproval:approvable	3374.81,18052.46 2964.29,17874.27
edge:declared:db.HrmApproval:requestor	3602.48,18097.51 4425.73,18097.82
edge:declared:db.HrmApprovalLine:actual_approver	3731.76,18209.86 4425.73,18120.13
edge:declared:db.HrmApprovalLine:approval	3566.49,18184.89 3523.78,18142.46
edge:declared:db.HrmApprovalLine:approver	3491.58,18266.89 2862.04,18489.05
edge:declared:db.HrmApprovalReview:approval	3141.94,18265.68 3388.45,18142.46
edge:declared:db.HrmApprovalReview:approver	3014.88,18339.68 2814.01,18479.81
edge:declared:db.HrmApprovalTemplate:hrm	2066.45,18079.75 -205.78,16233.33
edge:declared:db.HrmApprovalTemplateLine:approver	2564.86,18386.37 2675.36,18479.81
edge:declared:db.HrmApprovalTemplateLine:template	2455.69,18312.37 2189.40,18161.75
edge:declared:db.HrmApprovalTemplateReview:approver	2208.83,18351.32 2614.04,18490.28
edge:declared:db.HrmApprovalTemplateReview:template	2103.99,18277.32 2113.53,18161.75
edge:declared:db.HrmApprover:dept	2614.04,18528.96 359.34,18458.90
edge:declared:db.HrmApprover:emp	2862.04,18503.81 4425.73,18138.12
edge:declared:db.HrmAttendance:emp	3901.83,17865.34 4425.73,18040.41
edge:declared:db.HrmAttendanceItem:attendance	4084.01,17751.03 3903.14,17794.52
edge:declared:db.HrmAttendanceItem:emp	4250.43,17762.21 4425.73,17931.65
edge:declared:db.HrmAttendanceLocation:attendance_item	5237.79,17146.16 4281.43,17680.21
edge:declared:db.HrmAttendanceLocation:ongoing_attendance	5408.46,17146.16 5830.44,17395.52
edge:declared:db.HrmAttendanceLocation:personal_location	5388.21,17048.16 6321.68,16318.32
edge:declared:db.HrmAttendanceLocation:work_location	5273.57,17048.16 3534.30,15408.24
edge:declared:db.HrmCertificateConfig:hrm	-990.80,16157.77 -525.78,16117.25
edge:declared:db.HrmCertificateConfigIndividualApprovalTemplateRelation:certificate_config	-1791.45,16603.61 -1166.79,16205.05
edge:declared:db.HrmCertificateIssue:connected_status_event	5820.40,16111.95 5092.05,15966.72
edge:declared:db.HrmCertificateIssue:emp	5916.25,16177.67 4716.52,17924.89
edge:declared:db.HrmCommonLocation:work_location_config	5096.55,15557.98 5714.20,15390.40
edge:declared:db.HrmConciergeRequest:company	17561.58,10513.69 16162.73,12226.49
edge:declared:db.HrmDailyLeaveUsageItem:usage	5347.95,20641.89 6954.47,18459.93
edge:declared:db.HrmDept:hrm	213.90,18393.86 -330.10,16244.31
edge:declared:db.HrmDeptName:dept	-1242.33,19527.25 145.63,18515.86
edge:declared:db.HrmDeptName:event	-1307.39,19601.25 -1478.37,20044.28
edge:declared:db.HrmDeptParent:dept	-405.61,19518.56 192.93,18515.86
edge:declared:db.HrmDeptParent:event	-410.94,19600.56 -240.57,19965.55
edge:declared:db.HrmDeptReorg:hrm	-1019.59,15366.81 -490.95,15962.31
edge:declared:db.HrmDeptStatus:dept	179.05,19744.42 226.96,18515.86
edge:declared:db.HrmDeptStatus:event	172.34,19818.42 -42.65,21329.10
edge:declared:db.HrmDocument:emp	2154.96,15636.13 4426.06,17924.89
edge:declared:db.HrmDocument:form	2025.31,15538.13 405.57,14558.64
edge:declared:db.HrmDocument:hrm	1982.34,15613.02 -205.78,16069.90
edge:declared:db.HrmDocumentDraft:emp	877.07,13791.31 4448.27,17924.89
edge:declared:db.HrmDocumentDraft:form	813.73,13791.31 357.91,14460.64
edge:declared:db.HrmDocumentDraftFieldAttachment:field_value	630.43,11362.10 -425.52,12868.03
edge:declared:db.HrmDocumentDraftFieldMultiSelectValue:field_value	-653.75,13256.53 -482.84,12958.03
edge:declared:db.HrmDocumentDraftFieldMultiSelectValue:selected_option	-736.08,13330.53 -917.70,13440.45
edge:declared:db.HrmDocumentDraftFieldValue:draft	-387.27,12958.03 778.05,13709.31
edge:declared:db.HrmDocumentDraftFieldValue:field_definition	-537.23,12958.03 -2248.97,13918.94
edge:declared:db.HrmDocumentFieldAttachment:field_value	-450.12,14198.68 275.69,13976.49
edge:declared:db.HrmDocumentFieldMultiSelectValue:field_value	-110.80,13844.69 275.69,13915.73
edge:declared:db.HrmDocumentFieldMultiSelectValue:selected_option	-343.48,13779.56 -897.15,13522.45
edge:declared:db.HrmDocumentFieldValue:document	446.27,13983.53 2055.61,15538.13
edge:declared:db.HrmDocumentFieldValue:field_definition	275.69,13939.68 -2181.13,13962.56
edge:declared:db.HrmDocumentForm:hrm	303.31,14558.64 -304.70,15962.31
edge:declared:db.HrmDocumentFormFieldDefinition:form	-2181.13,13994.37 200.54,14484.14
edge:declared:db.HrmDocumentFormFieldSelectOption:field_definition	-1099.62,13522.45 -2203.81,13918.94
edge:declared:db.HrmDocumentFormIndividualApprovalTemplateRelation:document_form	-623.02,14661.60 200.54,14529.53
edge:declared:db.HrmEmp:connected_employee	4769.73,17962.29 8360.68,15131.27
edge:declared:db.HrmEmp:hrm	4425.73,18028.77 -205.78,16167.61
edge:declared:db.HrmEmpAffiliation:emp	2482.79,17769.57 4425.73,18071.19
edge:declared:db.HrmEmpAffiliation:event	2429.19,17709.32 3559.62,17051.00
edge:declared:db.HrmEmpAffiliationDept:affiliation	1818.74,17602.55 2234.79,17716.39
edge:declared:db.HrmEmpAffiliationDept:dept	1639.20,17607.26 330.80,18393.86
edge:declared:db.HrmEmpContract:emp	4610.39,32303.16 4597.88,18270.89
edge:declared:db.HrmEmpContract:mgmt	4595.60,32303.16 1550.70,23884.19
edge:declared:db.HrmEmpContractCommonVar:hrm	16.94,15670.33 -241.15,15962.31
edge:declared:db.HrmEmpContractMgmt:hrm	1525.80,23802.19 -331.14,16244.31
edge:declared:db.HrmEmpContractMgmt:template_revision	1470.07,23802.19 -816.66,22377.34
edge:declared:db.HrmEmpContractModusignDocument:hrm_emp_contract	28529.23,37323.97 4734.43,32369.98
edge:declared:db.HrmEmpContractTemplate:hrm	-1871.70,20202.41 -417.58,16244.31
edge:declared:db.HrmEmpContractTemplateRevision:template	-902.07,22295.34 -1867.60,20276.41
edge:declared:db.HrmEmpContractTemplateRevisionSigner:revision	-1715.01,22830.67 -951.51,22377.34
edge:declared:db.HrmEmpEmploymentType:emp	4743.35,17456.43 4637.00,17924.89
edge:declared:db.HrmEmpEmploymentType:event	4722.40,17382.43 4682.25,17331.81
edge:declared:db.HrmEmpJob:emp	2604.38,16793.34 4425.73,17985.32
edge:declared:db.HrmEmpJob:event	2647.40,16730.96 3412.05,16673.13
edge:declared:db.HrmEmpJob:level	2399.40,16746.08 1821.09,16772.83
edge:declared:db.HrmEmpJob:position	2399.40,16689.01 1959.11,16506.74
edge:declared:db.HrmEmpJob:role	2399.40,16722.38 1576.39,16603.16
edge:declared:db.HrmEmpJob:title	2446.94,16687.34 1403.94,15964.32
edge:declared:db.HrmEmpJobLevel:hrm	1589.68,16741.29 -205.78,16155.51
edge:declared:db.HrmEmpJobPosition:hrm	1751.73,16450.40 -205.78,16129.54
edge:declared:db.HrmEmpJobRole:hrm	1340.39,16554.84 -205.78,16145.65
edge:declared:db.HrmEmpJobTitle:hrm	1232.57,15939.42 -205.78,16086.90
edge:declared:db.HrmEmpMov:hrm	450.36,15790.36 -205.78,16041.96
edge:declared:db.HrmEmpReturnToWorkEvent:absence_event	5040.22,15706.33 4840.09,15706.33
edge:declared:db.HrmEmpSalaryAccount:emp	8047.91,17217.28 4769.73,18053.99
edge:declared:db.HrmEmpSalaryAccount:institution	8283.91,17158.66 11590.67,16360.01
edge:declared:db.HrmEmpStatus:emp	6787.51,16184.41 4769.73,17947.59
edge:declared:db.HrmEmpStatus:event	6711.85,16134.39 5092.05,15955.68
edge:declared:db.HrmEmpUserInvitation:emp	2356.96,17899.94 4425.73,18082.70
edge:declared:db.HrmEmpUserInvitation:hrm	2173.29,17847.99 -205.78,16213.25
edge:declared:db.HrmEmpUserInvitationInvitee:invitation	2524.76,18154.94 2277.95,17929.99
edge:declared:db.HrmEmpWorkAssignment:emp	3325.48,18813.98 4425.73,18194.70
edge:declared:db.HrmEmpWorkAssignment:work	3141.74,18863.42 1958.29,18988.14
edge:declared:db.HrmEmpWorkLocationAssignment:work_location	4044.36,16131.38 3518.00,15408.24
edge:declared:db.HrmEmpWorkLocationAssignment:work_location_config	4052.84,16205.38 3968.44,16374.60
edge:declared:db.HrmEmpWorkLocationConfig:emp	3963.83,16456.60 4530.91,17924.89
edge:declared:db.HrmEmpWorkLocationConfig:work_location_set	3929.92,16374.60 3503.93,15408.24
edge:declared:db.HrmFixedWorkSchedule:fixed_work	1937.30,18672.92 1897.36,18715.28
edge:declared:db.HrmGoogleCalendarIntegration:hrm	-603.67,15483.14 -419.87,15962.31
edge:declared:db.HrmLeaveBase:hrm	3135.86,20879.83 -262.41,16244.31
edge:declared:db.HrmLeaveCommonConfig:leave	1966.75,20947.94 3053.38,20952.29
edge:declared:db.HrmLeaveGrant:emp	3914.93,19183.85 4488.96,18270.89
edge:declared:db.HrmLeaveGrant:grantable_leave	3877.37,19257.85 3525.61,20168.28
edge:declared:db.HrmLeaveIndividualApprovalTemplateRelation:leave	1457.63,19981.92 3059.17,20879.83
edge:declared:db.HrmLeaveUsage:emp	6866.44,18386.40 4769.73,18119.76
edge:declared:db.HrmLeaveUsage:leave	6911.34,18459.93 3298.37,20879.83
edge:declared:db.HrmLeaveUsageAttachment:usage	7050.82,19329.11 6999.79,18459.93
edge:declared:db.HrmLeaveUsageItem:emp	4620.58,19133.90 4601.54,18270.89
edge:declared:db.HrmLeaveUsageItem:leave	4588.46,19215.90 3248.18,20879.83
edge:declared:db.HrmLeaveUsageItem:usage	4745.48,19134.59 6866.44,18445.19
edge:declared:db.HrmOngoingAttendance:emp	5819.10,17477.52 4769.73,18010.53
edge:declared:db.HrmOngoingAttendanceClockedSchedule:ongoing_attendance	6760.32,17135.29 6016.94,17395.52
edge:declared:db.HrmPersonalLocation:hrm_emp	6335.30,16318.32 4766.65,17924.89
edge:declared:db.HrmPersonalLocation:work_location_config	6352.79,16228.32 5864.30,15397.22
edge:declared:db.HrmRequestor:dept	1058.51,19145.84 302.54,18515.86
edge:declared:db.HrmRequestor:emp	1220.91,19146.21 4425.73,18151.29
edge:declared:db.HrmSelectiveWorkPlan:emp	4168.90,18121.80 4425.73,18107.48
edge:declared:db.HrmSelectiveWorkPlanConfig:selective_work	1806.41,19515.53 1917.28,19261.77
edge:declared:db.HrmSelectiveWorkPlanItem:emp	2827.01,18075.17 4425.73,18095.68
edge:declared:db.HrmSelectiveWorkPlanItem:plan	2827.01,18078.57 3920.90,18123.61
edge:declared:db.HrmSelectiveWorkSchedule:selective_work	2292.08,19242.97 2060.94,19225.92
edge:declared:db.HrmSelectiveWorkSettlementConfig:selective_work	1254.89,19515.53 1834.21,19261.77
edge:declared:db.HrmSigner:hrm	-788.39,15981.38 -525.78,16057.15
edge:declared:db.HrmSlackChannelConfig:integration	-827.23,16426.32 -758.90,16531.52
edge:declared:db.HrmSlackIntegration:hrm	-705.51,16531.52 -477.64,16244.31
edge:declared:db.HrmStaffNote:hrm	-1277.83,16033.61 -525.78,16091.08
edge:declared:db.HrmStaggeredWorkSchedule:staggered_work	1363.97,20425.03 720.12,19578.33
edge:declared:db.HrmStandardWork:hrm	-1094.62,16611.08 -525.78,16214.78
edge:declared:db.HrmStandardWorkSchedule:standard_work	-1521.39,17641.60 -1161.65,16685.08
edge:declared:db.HrmTag:hrm_set	-992.59,15715.81 -525.78,16004.40
edge:declared:db.HrmWorkAutoClockOutConfig:work	1215.80,18950.01 1698.29,18990.84
edge:declared:db.HrmWorkBase:emp_set	1958.29,18959.41 4425.73,18154.03
edge:declared:db.HrmWorkBase:hrm	1782.12,18940.84 -259.05,16244.31
edge:declared:db.HrmWorkIndividualApprovalTemplateRelation:work	2342.70,19050.98 1958.29,19014.26
edge:declared:db.HrmWorkLocation:hrm	3358.33,15383.22 -205.78,16072.37
edge:declared:db.HrmWorkLocationGpsConfig:work_location	5714.20,15356.38 3606.33,15359.08
edge:declared:db.HrmWorkOvertime:work	1301.85,18855.67 1698.29,18965.75
edge:declared:db.IBKSignupChannel:ibk_user_login_token	25970.01,14550.21 25939.76,14500.50
edge:declared:db.IBKUserLoginToken:ibk_user	25942.60,14426.50 25971.63,14384.15
edge:declared:db.IaAccountInfo:investment_association	34252.98,18184.22 30794.03,16692.84
edge:declared:db.IaCertificateOfInvestmentDocument:partner	37010.23,18533.24 39383.42,18274.70
edge:declared:db.IaCertificateOfInvestmentDocumentRecipient:certificate_of_investment_document_email	-2495.45,20068.40 -2522.84,20146.33
edge:declared:db.IaConfirmationRequest:investment_association	25105.22,18885.80 30486.03,16689.30
edge:declared:db.IaConfirmationRequest:partner_list_file	24813.48,18912.24 20788.00,18500.69
edge:declared:db.IaConsentForm:consent_form_or_meeting	35139.94,18889.52 33673.02,19173.61
edge:declared:db.IaConsentFormDocument:consent_form	36168.97,18527.41 35383.34,18824.34
edge:declared:db.IaConsentFormDocument:partner	36462.45,18473.44 39383.42,18268.61
edge:declared:db.IaConsentFormOrMeeting:investment_association	33422.27,19157.89 30786.21,16759.44
edge:declared:db.IaConsentFormOrMeetingDocumentGeneration:consent_form_or_meeting	33937.30,19199.66 33673.02,19206.16
edge:declared:db.IaConsentFormOrMeetingDocumentGenerationItem:document	35258.22,19190.80 35713.49,19289.07
edge:declared:db.IaConsentFormOrMeetingDocumentGenerationItem:generation	34896.81,19161.89 34280.30,19188.15
edge:declared:db.IaConsentFormOrMeetingElectronicSignatureRequest:document	32763.71,20711.06 33682.18,19994.64
edge:declared:db.IaConsentFormOrMeetingElectronicSignatureRequestModusignDocument:electronic_signature_request	29750.81,20400.12 32497.76,20739.59
edge:declared:db.IaConsentFormOrMeetingElectronicSignatureRequestModusignEmbeddedDraft:electronic_signature_request	29691.94,20516.73 32497.76,20747.76
edge:declared:db.IaConsentFormOrMeetingElectronicSignatureRequestStatusHistory:electronic_signature_request	32746.88,21475.25 32699.57,20817.06
edge:declared:db.IaConsentFormOrMeetingElectronicSignatureRequestUploadedModusignDocument:electronic_signature_request	29308.10,21155.58 32497.76,20786.94
edge:declared:db.IaConsentFormOrMeetingElectronicSignatureRequiredDocument:consent_form_or_meeting	33730.58,19888.64 33500.07,19263.89
edge:declared:db.IaConsentFormOrMeetingElectronicSignatureRequiredDocument:edited_file	33552.13,19919.65 20788.00,18502.36
edge:declared:db.IaConsentFormOrMeetingElectronicSignatureRequiredDocument:partner	33932.36,19888.64 39383.42,18303.26
edge:declared:db.IaConsentFormOrMeetingEsigRequiredDocumentPageRange:esig_required_document	34751.91,19424.56 33852.81,19888.64
edge:declared:db.IaConsentFormOrMeetingEsigRequiredDocumentPageRange:page_range_document	35021.59,19374.60 35713.49,19329.30
edge:declared:db.IaConsentFormOrMeetingGuideEmail:consent_form_or_meeting	33866.75,18918.72 33550.58,19157.89
edge:declared:db.IaConsentFormOrMeetingGuideEmailRecipient:consent_form_or_meeting_guide_email	33874.73,18704.92 33907.09,18844.72
edge:declared:db.IaDocumentArchive:investment_association	32577.72,15022.37 30794.03,16498.96
edge:declared:db.IaDocumentArchiveAttachment:ia_document_archive	32259.03,15085.62 32504.42,15017.92
edge:declared:db.IaExpertPartnerBulkEmailTemplate:legal_partner	21556.92,15302.99 22314.53,14835.31
edge:declared:db.IaFoundingProgressStatus:investment_association	32081.71,17580.97 30794.03,16728.40
edge:declared:db.IaGpAppointmentEvent:partner	35754.02,17894.04 39383.42,18242.53
edge:declared:db.IaGpTerminationEvent:appointment_event	35919.46,18147.76 35674.70,17923.13
edge:declared:db.IaGpTerminationEvent:partner	36088.14,18191.15 39383.42,18254.58
edge:declared:db.IaInvestmentCertificateRegistrationRequest:partner	39600.40,19783.12 39544.71,18366.60
edge:declared:db.IaLegalPartnerRelation:investment_association	26097.63,15322.51 30486.03,16582.23
edge:declared:db.IaLegalPartnerRelation:legal_partner	25861.63,15270.21 22622.53,14764.29
edge:declared:db.IaMeeting:consent_form_or_meeting	34317.94,20734.45 33509.65,19263.89
edge:declared:db.IaMeetingAgenda:meeting	35434.94,20560.50 34490.47,20765.31
edge:declared:db.IaMeetingAgendaVote:agenda	35307.80,22528.07 35588.08,20567.02
edge:declared:db.IaMeetingAgendaVote:electronic_signature	35242.74,22528.07 32772.28,20817.06
edge:declared:db.IaMeetingAgendaVote:partner	35342.25,22528.07 39433.27,18366.60
edge:declared:db.IaMeetingConvocationNoticeEmail:ia_meeting	35094.94,22077.16 34386.85,20856.45
edge:declared:db.IaMeetingConvocationNoticeRecipient:convocation_notice_email	34933.48,21284.86 35108.24,22077.16
edge:declared:db.IaMeetingMinutesDocument:meeting	35128.52,20061.04 34416.01,20734.45
edge:declared:db.IaMeetingNoticeDocument:meeting	34838.09,19944.68 34386.36,20734.45
edge:declared:db.IaMeetingSealedNoticeDocumentFile:ia_meeting	32791.38,20104.32 34213.77,20734.45
edge:declared:db.IaMeetingShortenPeriodDocument:meeting	36555.24,19430.88 34449.98,20734.45
edge:declared:db.IaMeetingShortenPeriodDocument:partner	36727.15,19348.88 39383.42,18318.50
edge:declared:db.IaModusignDocumentUsageHistory:investment_association	27468.61,14625.38 30486.03,16529.27
edge:declared:db.IaOperation:_deprecated_investment_association	34720.46,16412.65 30794.03,16618.37
edge:declared:db.IaOperation:ia_operation_management	34798.90,16443.47 34644.32,16588.02
edge:declared:db.IaOperationManagement:investment_association	34486.76,16625.06 30794.03,16626.38
edge:declared:db.IaOwner:investment_association	34524.34,17131.07 30794.03,16646.45
edge:declared:db.IaOwner:partner	34776.34,17176.04 39383.42,18221.96
edge:declared:db.IaOwnerAuditLog:investment_association	25201.26,7658.29 30559.37,16493.44
edge:declared:db.IaPartnerDataCollection:investment_association	26904.33,17692.01 30486.03,16670.37
edge:declared:db.IaPartnerDataCollectionItem:address	25349.39,17941.72 24244.01,18816.92
edge:declared:db.IaPartnerDataCollectionItem:ia_partner_data_collection	25538.17,17883.50 26656.33,17742.96
edge:declared:db.IaPartnerDataCollectionItemReply:address	25541.62,18229.27 24244.01,18863.57
edge:declared:db.IaPartnerDataCollectionItemReply:ia_partner_data_collection	25728.22,18147.27 26677.60,17768.38
edge:declared:db.IaPartnerDataCollectionItemReply:ia_partner_data_collection_item	25593.51,18147.27 25433.15,17941.72
edge:declared:db.IaPartnerInvestmentConfirmation:partner	35506.11,17121.15 39383.42,18213.37
edge:declared:db.IaPartnerInvestmentConfirmationEmailRecipient:ia_partner_investment_confirmation_email	11925.88,5642.04 11853.31,5684.77
edge:declared:db.IaPartnerWithdrawalEvent:partner	39536.11,17996.23 39538.62,18148.60
edge:declared:db.IaPaymentLink:investment_association	27374.27,13299.35 30509.48,16493.44
edge:declared:db.IaPfCompany:investment_association	32463.47,18569.81 30764.82,16759.44
edge:declared:db.IaPfCompanyInvestment:ia_pf_company	32420.59,20548.78 32496.71,18643.81
edge:declared:db.IaPfCompanyInvestmentSalesIntent:ia_pf_company_investment	35272.03,22897.93 32469.63,20630.78
edge:declared:db.IaPfCompanyInvestmentStock:ia_pf_company_investment	31491.47,20479.09 32294.95,20574.98
edge:declared:db.IaQuestionThread:investment_association	26601.21,13659.79 30486.03,16513.32
edge:declared:db.IaRule:address	27390.33,19252.91 24244.01,18953.50
edge:declared:db.IaRule:file	27390.33,19250.56 20788.00,18502.78
edge:declared:db.IaRule:investment_association	27592.45,19204.28 30486.03,16756.70
edge:declared:db.IaRuleCompensation:rule	28030.49,19181.79 27650.33,19244.01
edge:declared:db.IaRuleDocument:rule	32466.46,19237.91 27650.33,19264.56
edge:declared:db.IaRuleInvestment:rule	28572.09,18853.91 27650.33,19214.43
edge:declared:db.IaRuleMeeting:rule	28144.73,19044.31 27650.33,19219.27
edge:declared:db.IaRulePartner:rule	28273.32,19404.77 27650.33,19289.36
edge:declared:db.IaSealStamp:image_file	23201.38,18268.53 20788.00,18465.73
edge:declared:db.IaSealStamp:investment_association	23449.38,18230.73 30486.03,16660.80
edge:declared:db.IaSealStampImage:seal_stamp	22280.89,18250.65 23201.38,18257.48
edge:declared:db.IaUserInvitation:ia_owner	34137.22,16847.07 34580.30,17106.44
edge:declared:db.IaUserInvitation:investment_association	33943.18,16799.57 30794.03,16634.51
edge:declared:db.IaUserInvitationInvitee:_deprecated_individual_partner	37161.65,16671.77 36604.60,17040.85
edge:declared:db.IaUserInvitationInvitee:invitation	37111.61,16629.94 34191.18,16798.90
edge:declared:db.IaUserInvitationInvitee:legal_representative	37236.50,16671.77 37242.20,16986.71
edge:declared:db.IaUserInvitationInvitee:manager	37280.81,16671.77 38049.93,17505.62
edge:declared:db.IaUserInvitationInvitee:partner	37304.69,16671.77 39386.75,18148.60
edge:declared:db.IaWrittenResolutionDocument:meeting	37297.71,19471.69 34487.24,20734.45
edge:declared:db.IaWrittenResolutionDocument:partner	37464.15,19389.69 39383.42,18343.20
edge:declared:db.ImAccessLog:investor_matching	30668.91,11204.59 28488.67,10940.63
edge:declared:db.ImAccessLog:venture_capital	30904.91,11238.93 37744.83,12401.21
edge:declared:db.ImAttachment:investor_matching	32564.53,11188.74 28488.67,10932.37
edge:declared:db.ImAttachmentDownloadLog:attachment	34296.56,11701.54 32812.53,11235.48
edge:declared:db.ImAttachmentDownloadLog:venture_capital	34532.38,11761.84 37744.83,12396.15
edge:declared:db.ImAttachmentPdfEvent:attachment	34122.14,11517.25 32812.53,11224.28
edge:declared:db.ImAttachmentPdfEvent:pdf_event	34218.33,11503.99 34188.64,11460.22
edge:declared:db.ImAttachmentPdfEvent:venture_capital	34370.14,11574.87 37744.83,12388.14
edge:declared:db.ImBrokerAssignment:_deprecated_assigned_companies	29277.24,11674.93 16175.50,12432.50
edge:declared:db.ImBrokerAssignment:assigned_investors	29525.24,11678.88 37744.83,12415.98
edge:declared:db.ImBrokerAssignment:im_broker	29525.24,11685.82 32595.81,12133.03
edge:declared:db.ImBrokerAssignment:investor_matching	29331.82,11618.76 28478.43,11016.44
edge:declared:db.ImBrokerAssignmentInvitedUser:broker_assignment	31838.92,11823.93 29525.24,11675.70
edge:declared:db.ImBrokerAssignmentInvitedUser:venture_capital	32115.92,11846.76 37744.83,12413.94
edge:declared:db.ImConsultingRequest:company	27017.58,9362.15 16175.50,12390.42
edge:declared:db.ImConsultingRequest:investor_matching	27172.54,9368.52 28276.45,10830.44
edge:declared:db.ImContactRequest:investor_matching	30525.96,11497.59 28488.67,10960.85
edge:declared:db.ImContactRequest:venture_capital	30773.96,11545.63 37744.83,12409.67
edge:declared:db.ImContactRequestIntention:im_contact_request	30334.07,11350.93 30577.74,11489.26
edge:declared:db.ImDay:recipients	33778.29,10893.05 33835.36,10809.61
edge:declared:db.ImDay:venture_capitals	33868.77,10986.22 37744.83,12366.94
edge:declared:db.ImDayParticipation:im_day	33305.67,10774.29 33620.77,10894.68
edge:declared:db.ImDayParticipation:investor_matching	33057.67,10731.96 28488.67,10917.67
edge:declared:db.ImDayParticipation:venture_capital	33305.67,10771.47 37744.83,12366.37
edge:declared:db.ImDayParticipationAttachment:participation	32680.67,10252.82 33129.89,10677.92
edge:declared:db.ImDaySurvey:im_day	31072.82,10881.35 33620.77,10939.23
edge:declared:db.ImDaySurvey:investor_matching	30836.82,10880.70 28488.67,10921.00
edge:declared:db.ImDisclosing:investor_matching	29336.35,9756.70 28425.56,10830.44
edge:declared:db.ImInvestorBroker:venture_capital	35330.31,12306.74 37744.83,12423.58
edge:declared:db.ImInvestorMemo:investor_matching	29881.26,11499.55 28488.67,10976.75
edge:declared:db.ImInvestorMemo:venture_capital	30097.82,11549.85 37744.83,12411.74
edge:declared:db.ImIrPartnerBrokerOwnerRelation:im_ir_partner_broker	30785.56,12143.64 31059.90,12082.41
edge:declared:db.ImNote:investor_matching	29012.45,10389.95 28462.73,10830.44
edge:declared:db.ImTag:investor_matching_set	30579.87,10407.44 28488.67,10890.63
edge:declared:db.ImWatching:_deprecated_investor_matching	28720.66,11668.15 28393.37,11016.44
edge:declared:db.ImWatching:company	28617.25,11716.29 16175.50,12432.55
edge:declared:db.ImWatching:venture_capital	28865.25,11718.91 37744.83,12417.99
edge:declared:db.InauguralConsentDocument:director_change_agenda	13252.23,23020.27 12408.67,22864.72
edge:declared:db.IncorporationBenefitRequest:incorporation_request	22370.75,15911.49 21981.99,15948.04
edge:declared:db.IncorporationBenefitRequest:tax_partner	22493.43,15862.88 22471.30,14865.24
edge:declared:db.IncorporationRequest:address	21913.56,16066.96 23995.28,18813.85
edge:declared:db.IncorporationRequest:balance_certificate_account_file	21782.48,16066.96 20704.46,18264.26
edge:declared:db.IncorporationRequest:balance_certificate_account_holder	21931.98,16066.96 23142.64,17364.29
edge:declared:db.IncorporationRequest:company	21685.99,15872.92 16175.50,12557.79
edge:declared:db.IncorporationRequest:company_question_thread	21685.99,15874.93 19118.96,14365.35
edge:declared:db.IncorporationRequestAoiFile:incorporation_request	22139.65,15795.68 21981.99,15881.45
edge:declared:db.IncorporationRequestAssistance:incorporation_request	22324.65,16013.77 21981.99,15977.59
edge:declared:db.IncorporationRequestAssistance:legal_partner	22465.26,15987.61 22468.20,14865.24
edge:declared:db.IncorporationRequestAssistanceReceipt:incorporation_request_assistance	22098.21,16783.91 22445.23,16069.61
edge:declared:db.IncorporationRequestDirector:address	23185.06,18067.03 23960.26,18813.85
edge:declared:db.IncorporationRequestDirector:incorporation_request	23123.17,17993.03 21900.64,16066.96
edge:declared:db.IncorporationRequestPromoter:address	23217.33,17462.29 24016.13,18813.85
edge:declared:db.IncorporationRequestPromoterCustodian:address	23576.95,17593.61 24042.34,18813.85
edge:declared:db.IncorporationRequestPromoterCustodian:promoter	23466.17,17519.61 23316.40,17462.29
edge:declared:db.IncorporationRequestPromoterInstitutionCeo:promoter	23181.43,17042.32 23187.45,17364.29
edge:declared:db.IncorporationRequestPurpose:incorporation_request	21328.32,16049.62 21685.99,15987.62
edge:declared:db.IndividualInvestorCompanyCeo:company_info	27519.79,22010.95 27858.88,22742.62
edge:declared:db.IndividualInvestorCompanyInfo:address	27837.49,22742.62 24213.16,19063.85
edge:declared:db.IndividualInvestorCompanyInfo:company	27958.15,22824.62 32462.11,25125.08
edge:declared:db.IndividualInvestorCompanyName:non_unified_share_company	34764.66,25161.31 32719.37,25188.36
edge:declared:db.IndividualInvestorCompanyParValue:non_unified_share_company	31358.59,25179.12 32459.37,25188.92
edge:declared:db.IndividualInvestorCompanyShareClass:non_unified_share_company	32090.76,27233.08 32573.51,25255.08
edge:declared:db.IndividualInvestorCompanyShareStock:_deprecated_non_unified_stock_create_request	31596.86,26586.91 31265.12,28058.24
edge:declared:db.IndividualInvestorCompanyShareStock:_deprecated_stock_unissued_confirmation_file	31605.94,26586.91 31501.83,29181.32
edge:declared:db.IndividualInvestorCompanyShareStock:management_history	31441.41,26570.37 30475.62,26758.65
edge:declared:db.IndividualInvestorCompanyShareStock:non_unified_share_company	31643.59,26488.91 32542.04,25255.08
edge:declared:db.IndividualInvestorCompanyShareStock:share_class	31639.62,26586.91 32057.79,27233.08
edge:declared:db.IndividualInvestorEvent:company	36987.42,27970.00 32692.20,25255.08
edge:declared:db.IndividualInvestorStakeholder:address	28988.37,22402.38 24244.01,19047.74
edge:declared:db.IndividualInvestorStakeholder:company	29099.25,22484.38 32505.53,25125.08
edge:declared:db.IndividualInvestorUser:address	25654.64,20217.63 24242.95,19063.85
edge:declared:db.IndividualStockOption:company	30367.05,23241.19 32515.25,25125.08
edge:declared:db.IndividualStockOption:create_request	30432.05,23164.99 31341.12,23030.72
edge:declared:db.IndividualStockOption:grantee	30280.12,23127.19 29901.15,22142.00
edge:declared:db.IndividualStockOptionCreateRequestEtcFile:create_request	32543.96,22979.89 31655.12,23003.38
edge:declared:db.IndividualStockOptionGrantContract:individual_stock_option	29923.17,22893.26 30227.82,23127.19
edge:declared:db.IndividualStockOptionGrantee:stakeholder	29795.01,22142.00 29148.21,22402.38
edge:declared:db.IndividualStockOptionResumeEvent:pause_event	33413.55,29378.17 32623.36,27331.80
edge:declared:db.IndividualStockOptionSalesIntent:individual_stock_option	33721.94,23108.28 30432.05,23181.30
edge:declared:db.IndividualStockOptionVesting:individual_stock_option	31040.68,23551.27 30416.74,23241.19
edge:declared:db.IndividualStockOptionVestingItem:individual_stock_option_vesting	31223.26,23413.52 31138.02,23551.27
edge:declared:db.IndividualStockOptionVestingTraceable:individual_stock_option	30714.72,22847.28 30371.87,23127.19
edge:declared:db.InputSignupChannel:input_channel	26143.07,15099.23 26569.50,15255.88
edge:declared:db.InstitutionStakeholderManager:institution_stakeholder	10027.48,21571.22 10051.18,21200.14
edge:declared:db.InternetRegistryOfficeOtp:company	16934.28,16225.61 16039.94,12660.49
edge:declared:db.InternetRegistryOfficeOtp:director	16861.17,16307.61 16745.08,16364.68
edge:declared:db.InternetRegistryOfficeOtpReturnRequest:internet_registry_office_otp	22265.18,19441.36 17013.28,16307.61
edge:declared:db.InternetRegistryOfficeOtpReturnRequest:recipient_address	22448.09,19441.36 23936.01,18985.98
edge:declared:db.InvestmentAgreement:document	17511.16,15992.44 18256.50,15400.65
edge:declared:db.InvestmentAgreement:stakeholder	17380.20,16066.44 10125.11,19248.43
edge:declared:db.InvestmentAgreementDocument:company	18278.91,15302.65 16159.56,12660.49
edge:declared:db.InvestmentAgreementDocument:pdf_file	18353.90,15400.65 20439.92,18264.26
edge:declared:db.InvestmentAssociation:venture_capital	30794.03,16537.83 37744.83,12538.35
edge:declared:db.InvestmentAssociationDocument:investment_association	35738.35,19258.94 30794.03,16705.96
edge:declared:db.InvestmentAssociationEvent:investment_association	33275.16,17608.02 30794.03,16683.80
edge:declared:db.InvestmentAssociationIndividualPartnerLegalRepresentative:ward	37044.87,17040.15 36716.72,17067.40
edge:declared:db.InvestmentAssociationOrganizationPartnerCeo:organization_partner	38920.80,16812.59 38384.40,16852.38
edge:declared:db.InvestmentAssociationOrganizationPartnerCorporationSignerCeo:corporation	38838.79,14959.18 38743.84,14904.67
edge:declared:db.InvestmentAssociationOrganizationPartnerManager:organization_partner	35097.49,15479.04 38093.18,16816.84
edge:declared:db.InvestmentAssociationOrganizationPartnerSigner:_deprecated_manager	37783.84,15117.52 35212.64,15418.84
edge:declared:db.InvestmentAssociationOrganizationPartnerSigner:organization_partner	37987.46,15139.32 38196.79,16816.84
edge:declared:db.InvestmentAssociationPartner:address	39383.42,18264.52 24244.01,18932.06
edge:declared:db.InvestmentAssociationPartner:investment_association	39383.42,18228.83 30794.03,16654.66
edge:declared:db.InvestmentAssociationPartnerManager:partner	38159.43,17579.62 39383.42,18180.52
edge:declared:db.InvestmentAssociationPartnerResume:partner	41048.74,16740.98 39648.82,18148.60
edge:declared:db.InvestmentAssociationPartnerResume:signer	41010.17,16658.98 38068.94,15139.32
edge:declared:db.InvestmentAssociationPartnerResumeItem:resume	41243.85,16372.51 41108.84,16658.98
edge:declared:db.InvestmentAssociationPartnerSalesIntent:partner	37090.11,21788.27 39464.77,18366.60
edge:declared:db.InvestmentAssociationShare:investment_association	34379.43,17483.18 30794.03,16661.72
edge:declared:db.InvestmentAssociationShare:partner	34619.43,17528.45 39383.42,18234.34
edge:declared:db.InvestmentRound:company	16026.90,10589.78 15990.35,12226.49
edge:declared:db.InvestmentRoundNewIssueEvent:investment_round	16145.29,10178.33 16040.82,10507.78
edge:declared:db.InvestmentRoundNewIssueEvent:new_issue_event	16149.07,10104.33 16062.30,9700.33
edge:declared:db.InvestmentSimulation:company	12772.81,6354.25 15871.01,12226.49
edge:declared:db.InvestmentSimulationInitialOption:option_grantee	11327.16,6638.87 11807.28,6738.73
edge:declared:db.InvestmentSimulationInitialOptionGrantee:simulation	12045.76,6738.73 12675.38,6354.25
edge:declared:db.InvestmentSimulationInitialShareholder:simulation	9992.84,5959.99 12625.07,6293.54
edge:declared:db.InvestmentSimulationInitialStock:shareholder	7907.73,3965.66 9788.89,5901.70
edge:declared:db.InvestmentSimulationInvestor:simulation_round	18095.99,3943.35 14231.21,6298.89
edge:declared:db.InvestmentSimulationNewIssueInvestment:investor	17653.30,5349.72 18148.81,3943.35
edge:declared:db.InvestmentSimulationPurchaseInvestment:investor	21205.73,5595.79 18236.92,3943.35
edge:declared:db.InvestmentSimulationPurchaseSellStock:seller	21628.93,5189.18 21301.95,5595.79
edge:declared:db.InvestmentSimulationRound:simulation	14052.50,6333.68 12873.07,6311.57
edge:declared:db.InvestorInterest:venture_capital	39478.27,13500.33 38112.83,12559.29
edge:declared:db.InvestorMatching:_deprecated_excluded_companies	28204.67,10940.90 16175.50,12420.13
edge:declared:db.InvestorMatching:excluded_investors	28488.67,10945.80 37744.83,12403.50
edge:declared:db.InvestorRelations:previous_investors	30725.81,7649.41 37744.83,12310.30
edge:declared:db.InvestorRelationsSurvey:_deprecated_preferred_investors	35782.12,10511.05 37744.83,12267.79
edge:declared:db.InvestorRelationsSurvey:investor_relations	35675.44,10437.05 30725.81,7634.35
edge:declared:db.InvitationSeat:allocated_seat	8565.63,13547.09 8018.36,13400.91
edge:declared:db.InvitationSeat:invitation_seat_request	8702.96,13541.61 9874.71,11298.97
edge:declared:db.InvitationSeatRequest:company	10020.13,11282.11 15795.50,12406.50
edge:declared:db.IrAiAnalysis:investor_relations	31323.76,7118.25 30725.81,7459.31
edge:declared:db.IrAiAnalysisLike:ai_analysis	31872.29,6683.56 31433.63,7044.25
edge:declared:db.IrAiSummary:investor_relations	32203.41,7254.13 30725.81,7519.49
edge:declared:db.IrAlert:ir_set	35041.29,9442.46 30725.81,7612.45
edge:declared:db.IrAlert:venture_capital	35176.78,9524.46 37744.83,12238.05
edge:declared:db.IrAlertInvestorRelations:investor_relations	33975.55,9159.45 30725.81,7620.10
edge:declared:db.IrAlertInvestorRelations:ir_alert	34171.66,9227.68 35013.98,9450.64
edge:declared:db.IrApproval:investor_relations	30680.16,7052.06 30600.04,7418.15
edge:declared:db.IrApprovalNotificationDismiss:ir_approval	30799.13,6714.00 30701.89,6978.06
edge:declared:db.IrBrokerActivity:investor_relations	31149.20,9059.35 30621.07,7676.15
edge:declared:db.IrBrokerActivity:vc_user_relations	31223.28,9133.35 33793.23,10719.61
edge:declared:db.IrClosing:investor_relations	32978.38,6707.62 30725.81,7493.43
edge:declared:db.IrCommittedInvestmentAmount:investor_relations	34630.99,10023.33 30725.81,7641.09
edge:declared:db.IrCommittedInvestmentAmount:venture_capital	34742.13,10097.33 37744.83,12297.65
edge:declared:db.IrCompanyCreate:company	17189.56,9883.00 16087.54,12226.49
edge:declared:db.IrFeed:investor_relations	30439.40,7813.32 30507.64,7676.15
edge:declared:db.IrFeedAccessLog:ir_feeds	31743.43,8706.44 30487.39,7903.32
edge:declared:db.IrFeedAccessLog:venture_capital	31862.76,8780.44 37744.83,12321.70
edge:declared:db.IrFeedRating:ir_feed	29825.76,7551.19 30330.38,7813.32
edge:declared:db.IrFundRaising:investor_relations	36073.40,7542.96 30725.81,7547.03
edge:declared:db.IrFundRaising:venture_capital	36213.33,7587.87 37856.24,12227.48
edge:declared:db.IrFundRaisingMemo:fund_raising	35359.95,7781.35 36073.40,7578.18
edge:declared:db.IrFundRaisingStageLog:fund_raising	35548.91,5247.65 36184.69,7497.87
edge:declared:db.IrInsightClub:pitching_day_hall	35898.90,8787.39 35574.86,8722.25
edge:declared:db.IrInsightClub:venture_capitals	36044.49,8853.32 37820.90,12227.48
edge:declared:db.IrInsightClubParticipation:investor_relations	35074.19,8026.71 30725.81,7563.55
edge:declared:db.IrInsightClubParticipation:ir_insight_club	35251.45,8085.50 35979.38,8771.32
edge:declared:db.IrInsightClubParticipationAttendee:ir_insight_club_participation	34804.54,7719.41 35147.75,7995.50
edge:declared:db.IrInsightClubSurvey:ir_insight_club_participation	35631.07,8101.08 35333.19,8058.86
edge:declared:db.IrInvestorFeedback:venture_capital	38067.02,12715.57 38028.90,12637.48
edge:declared:db.IrNote:investor_relations	32590.02,7388.02 30725.81,7535.01
edge:declared:db.IrSearchMetadata:investor_relations	32303.67,8042.58 30725.81,7591.20
edge:declared:db.IrSubscription:company	13753.91,7736.70 15882.62,12226.49
edge:declared:db.IrSubscriptionMarketingRequest:ir_subscription	14207.26,7914.10 13817.63,7736.70
edge:declared:db.IrTeamMember:investor_relations	32590.02,7497.94 30725.81,7543.39
edge:declared:db.IrTranscript:investor_relations	32178.69,7607.00 30725.81,7552.89
edge:declared:db.IrosOtpIssueMeetingDocument:stakeholder	9652.79,22551.35 9944.22,19478.24
edge:declared:db.LawtalkSignup:company	18247.18,15908.47 16127.14,12660.49
edge:declared:db.LawtalkSignupAttachment:lawtalk_signup	18957.60,16744.85 18303.09,15982.47
edge:declared:db.LedgerByCustomerDocument:new_issue	17171.00,23434.11 16190.96,22451.38
edge:declared:db.LegalPartner:address_for_express_delivery	22622.53,14668.28 23549.64,14235.06
edge:declared:db.LegalPartner:logo	22406.03,14865.24 20706.50,18264.26
edge:declared:db.LegalPartnerEmail:legal_partner	22916.39,14259.25 22584.92,14615.24
edge:declared:db.LegalPartnerPaypleSettings:legal_partner	23314.24,15336.26 22622.53,14848.77
edge:declared:db.LegalPartnerRegistrationAssistanceSettings:legal_partner	22734.26,16118.00 22492.64,14865.24
edge:declared:db.LegalPartnerSignupChannel:legal_partner	23776.08,14749.68 22622.53,14741.35
edge:declared:db.LegalPartnerSlackChannels:legal_partner	23311.74,15762.33 22571.65,14865.24
edge:declared:db.LegalPartnerUserRelation:legal_partner	23192.96,15919.36 22545.33,14865.24
edge:declared:db.ManualOptionVestingItem:manual_option_vesting	14342.51,18726.08 14460.31,18621.92
edge:declared:db.Meeting:company	17205.38,17455.49 16038.32,12660.49
edge:declared:db.Meeting:electronic_signature_selected_ceo	17169.79,17455.49 16649.05,16504.54
edge:declared:db.Meeting:employee_attorney	17381.86,17548.28 17631.78,17507.40
edge:declared:db.Meeting:meeting_draft	17203.20,17689.49 16491.56,20405.55
edge:declared:db.Meeting:new_articles_of_incorporation_file	17381.86,17612.47 20408.00,18429.93
edge:declared:db.Meeting:new_corporate_registration	17328.09,17455.49 18784.83,15646.67
edge:declared:db.MeetingAttachment:meeting	18310.68,17663.83 17381.86,17585.04
edge:declared:db.MeetingDirectorContact:meeting	14363.25,18094.22 17085.86,17599.39
edge:declared:db.MeetingDirectorContact:stakeholder	14127.25,18148.86 10125.11,19274.55
edge:declared:db.MeetingDocument:directors_meeting	14785.40,25895.57 15430.13,20235.87
edge:declared:db.MeetingDocument:meeting	14820.09,25895.57 17199.93,17689.49
edge:declared:db.MeetingDocument:shareholders_meeting	14821.74,25895.57 15754.48,22769.56
edge:declared:db.MeetingDocumentCache:meeting_document	19779.53,26853.16 14940.96,26119.56
edge:declared:db.MeetingDocumentGeneration:meeting	21231.49,21660.51 17348.27,17689.49
edge:declared:db.MeetingDocumentGenerationItem:meeting_document	22140.51,26519.42 14940.96,26102.87
edge:declared:db.MeetingDocumentGenerationItem:meeting_document_generation	22267.29,26490.20 21275.39,21734.51
edge:declared:db.MeetingDocumentManualModification:meeting_document	19612.72,28681.95 14940.96,26187.61
edge:declared:db.MeetingDraft:company	16445.20,20405.55 15998.03,12660.49
edge:declared:db.MeetingDraftAgendaDirectorChange:meeting_draft	13619.09,20370.34 16293.57,20540.38
edge:declared:db.MeetingDraftAgendaDirectorChange:stakeholder	13344.65,20323.84 10125.11,19370.40
edge:declared:db.MeetingDraftAgendaDirectorCompensation:meeting_draft	13720.26,19489.43 16293.57,20488.44
edge:declared:db.MeetingDraftAgendaDirectorCompensationItem:director_compensation	12942.90,19804.01 13553.17,19489.43
edge:declared:db.MeetingDraftAgendaDirectorCompensationItem:stakeholder	12681.12,19807.10 10125.11,19350.87
edge:declared:db.MeetingDraftRegistrationAssistance:meeting_draft	16140.85,19852.03 16388.66,20405.55
edge:declared:db.MeetingDraftSchedule:meeting_draft	15773.97,20414.03 16293.57,20518.41
edge:declared:db.MembershipContentAccessLog:membership_content	-2059.33,4499.94 -1470.83,4958.39
edge:declared:db.MembershipContentAuthorRelation:author	27821.14,25517.24 27642.47,25334.81
edge:declared:db.MiraeassetAccount:relation	7059.76,11958.84 7489.22,12289.34
edge:declared:db.MnaBuyer:company	13399.04,8106.27 15856.09,12226.49
edge:declared:db.MnaBuyerAttachment:mna_buyer	12469.52,8337.83 13258.98,8104.19
edge:declared:db.ModusignApiLog:modusign_account	22328.39,20064.74 22295.13,20396.35
edge:declared:db.ModusignAuthentication:modusign_account	22102.02,20186.50 22254.59,20396.35
edge:declared:db.ModusignCompanyUserConnection:company	25444.60,9456.33 16175.50,12383.49
edge:declared:db.ModusignDocument:_option_grant_contract	23577.70,20562.33 20931.40,19045.08
edge:declared:db.ModusignDocument:audit_trail_file	23596.81,20559.31 20788.00,18612.92
edge:declared:db.ModusignDocumentActionHistory:modusign_document	24172.36,20531.66 23849.70,20608.09
edge:declared:db.ModusignDocumentActionHistory:modusign_document_participant	24282.26,20462.80 24118.34,20216.28
edge:declared:db.ModusignDocumentModusignAccountRelation:modusign_account	22618.63,20335.82 22414.22,20403.99
edge:declared:db.ModusignDocumentModusignAccountRelation:modusign_document	22836.20,20335.82 23577.70,20593.12
edge:declared:db.ModusignDocumentModusignApiKeyRelation:modusign_api_key	23089.77,20854.04 22914.95,21024.15
edge:declared:db.ModusignDocumentModusignApiKeyRelation:modusign_document	23250.46,20780.04 23577.70,20681.33
edge:declared:db.ModusignDocumentParticipant:modusign_document	24063.24,20216.28 23780.47,20559.31
edge:declared:db.ModusignEmbeddedDraft:modusign_account	22983.10,21838.93 22314.58,20494.35
edge:declared:db.ModusignEmbeddedDraft:modusign_api_key	23001.00,21838.93 22882.83,21098.15
edge:declared:db.ModusignEmbeddedDraft:modusign_document	23039.27,21838.93 23668.12,20721.31
edge:declared:db.ModusignExceededSignings:company	21599.39,8832.57 16175.50,12321.28
edge:declared:db.ModusignIaUserConnection:investment_association	31161.99,15836.84 30727.95,16493.44
edge:declared:db.NaverWorkplaceEmployee:naver_workplace_company	27007.50,14937.91 27167.34,15011.27
edge:declared:db.NcpSignupChannel:naver_workplace_company	26905.84,15025.21 27129.95,15040.32
edge:declared:db.NewIssueNoticeEmail:new_issue	13173.99,20855.81 15970.19,22296.32
edge:declared:db.NewIssueNoticeEmailRecipient:bulk_email_recipient	13600.82,20443.09 17148.52,19164.62
edge:declared:db.NewIssueNoticeEmailRecipient:email	13438.37,20525.09 13143.08,20773.81
edge:declared:db.NewIssueNoticeEmailRecipient:shareholder	13436.10,20525.09 10767.53,22672.54
edge:declared:db.NewIssueSkipNoticeDocument:new_issue_agenda	15328.16,23034.30 16007.18,22451.38
edge:declared:db.NewIssueSkipNoticeDocument:shareholder	15117.40,23063.31 10816.76,22747.10
edge:declared:db.NewIssueStockAcceptanceDocument:new_issue_item	18022.04,26027.26 19437.77,25446.75
edge:declared:db.NewIssueStockAllocationDocument:bonus_issue_agenda	17869.68,23857.29 17683.74,20327.95
edge:declared:db.NewIssueStockAllocationDocument:new_issue_agenda	17824.58,23857.29 16204.16,22451.38
edge:declared:db.NewIssueStockAllocationRecordDateNoticeDocument:bonus_issue_agenda	20383.77,23873.60 17734.44,20327.95
edge:declared:db.NewIssueStockSubscriptionDocument:new_issue_item	17812.16,25162.93 19437.77,25376.37
edge:declared:db.NewIssueStockUnissuedConfirmationDocument:new_issue_item	18451.35,25420.53 19437.77,25396.59
edge:declared:db.NonUnifiedShareCreateRequest:stock_unissued_confirmation_file	31264.79,28148.24 31490.20,29181.32
edge:declared:db.NonUnifiedShareEtcFile:create_request	30976.59,27352.92 31238.27,28058.24
edge:declared:db.NonUnifiedShareEtcFile:management_history	30917.73,27278.92 30384.76,26841.96
edge:declared:db.NonUnifiedShareManagement:non_unified_share_company	32280.63,25321.63 32459.37,25245.47
edge:declared:db.NonUnifiedShareManagementHistory:create_request	30357.82,26841.96 31222.96,28058.24
edge:declared:db.NonUnifiedShareManagementHistory:management	30389.24,26735.96 32116.33,25411.63
edge:declared:db.NonUnifiedShareManagementHistory:renew_request	30181.76,26735.96 29163.94,26346.08
edge:declared:db.NonUnifiedShareManagementHistory:stock_unissued_confirmation_file	30345.78,26841.96 31478.24,29181.32
edge:declared:db.NonUnifiedShareManagementSalesIntent:non_unified_share_management	33012.73,24841.60 32246.82,25321.63
edge:declared:db.NonUnifiedShareSucPoaDocument:modusign_document	25142.40,20923.71 25025.43,20991.88
edge:declared:db.NonUnifiedShareSucPoaDocument:request	25241.76,20923.71 29014.62,26256.08
edge:declared:db.NonUnifiedShareSucPoaDocument:user_address	25189.07,20841.71 24162.21,19063.85
edge:declared:db.NonUnifiedShareSucRenewRequest:management	29197.12,26256.08 32049.02,25404.26
edge:declared:db.NonUnifiedShareSucRenewRequest:renew_stock_unissued_confirmation_file	29084.20,26346.08 31462.28,29181.32
edge:declared:db.NotarizationPoA:meeting	15493.47,22812.81 15645.07,22752.38
edge:declared:db.NotarizationPoaDirectorSigner:director	14780.11,22900.82 13732.71,22781.32
edge:declared:db.NotarizationPoaDirectorSigner:notarization_poa	15049.11,22898.55 15266.61,22870.06
edge:declared:db.NotarizationPoaShareholderSigner:notarization_poa	15906.57,22955.41 15514.61,22878.23
edge:declared:db.NotarizationPoaShareholderSigner:shareholder	16197.57,23017.16 16854.29,23166.58
edge:declared:db.Notification:company	14981.23,9552.95 15910.11,12226.49
edge:declared:db.NotificationInbox:notification	14939.43,9359.96 14961.51,9478.95
edge:declared:db.Option:company	16779.11,17321.25 16020.81,12660.49
edge:declared:db.Option:grantee	16716.88,17411.25 14070.50,19123.60
edge:declared:db.Option:sealed_contract_file	16910.43,17402.52 20408.00,18425.68
edge:declared:db.Option:source_meeting	16884.06,17411.25 17085.86,17504.27
edge:declared:db.OptionAdjustment:event	15466.33,16054.22 15577.60,16769.13
edge:declared:db.OptionContractTemplatePermission:company	20318.32,10042.74 16175.50,12338.21
edge:declared:db.OptionExerciseClaim:company	11359.27,17719.35 15795.50,12660.17
edge:declared:db.OptionExerciseClaim:financial_account	11316.10,17719.35 11481.14,16943.79
edge:declared:db.OptionExerciseClaimAttachment:attachment_setting_item	12685.98,17499.44 12728.47,17402.41
edge:declared:db.OptionExerciseClaimAttachment:option_exercise_claim	12527.53,17565.53 11432.27,17761.13
edge:declared:db.OptionExerciseClaimCandidate:option_exercise_claim	12049.37,17625.02 11432.27,17756.63
edge:declared:db.OptionExerciseClaimCandidate:option_exercise_management	12221.23,17550.80 13322.58,16129.13
edge:declared:db.OptionExerciseClaimCandidate:option_grantee	12237.37,17640.80 13917.81,19123.60
edge:declared:db.OptionExerciseClaimCandidate:stock_subscription_file	12323.37,17610.22 20408.00,18461.26
edge:declared:db.OptionExerciseClaimDocumentSetting:management	13248.27,16663.92 13359.42,16129.13
edge:declared:db.OptionExerciseClaimEventRelation:_deprecated_payment	11477.06,18151.71 11705.10,18108.99
edge:declared:db.OptionExerciseClaimEventRelation:claim	11319.57,18139.84 11305.43,17849.35
edge:declared:db.OptionExerciseClaimEventRelation:event	11300.63,18221.84 11231.80,18356.70
edge:declared:db.OptionExerciseClaimMeetingDocument:exercise_claim	13131.77,21538.44 13043.56,21474.18
edge:declared:db.OptionExerciseClaimMeetingDocument:grantee	13267.14,21538.44 13459.23,21438.87
edge:declared:db.OptionExerciseClaimOption:option_exercise_claim	11672.53,17814.90 11432.27,17795.08
edge:declared:db.OptionExerciseClaimOptionTaxation:_deprecated_claim	11812.27,17930.43 11432.27,17821.59
edge:declared:db.OptionExerciseClaimOptionTaxation:claim_option	11902.81,17930.43 11831.16,17861.80
edge:declared:db.OptionExerciseClaimPayment:option_exercise_claim	11764.01,18048.86 11415.74,17849.35
edge:declared:db.OptionExerciseManagement:company	13419.83,15999.13 15828.92,12660.49
edge:declared:db.OptionExerciseManagement:excluded_institution_set	13242.93,16084.98 11838.67,16310.17
edge:declared:db.OptionExerciseManagementAttachmentSetting:management	12160.00,17304.94 13309.39,16129.13
edge:declared:db.OptionExerciseManagementAttachmentSettingItem:setting	12546.67,17357.92 12306.33,17348.84
edge:declared:db.OptionExerciseManagementCommonSetting:management	13841.08,16225.55 13502.93,16108.95
edge:declared:db.OptionExerciseManagementEmail:option_exercise_management	13681.86,16457.26 13424.01,16129.13
edge:declared:db.OptionExerciseManagementPaymentBankSetting:company	13106.36,12354.65 15795.50,12437.63
edge:declared:db.OptionExerciseManagementReminderSetting:management	13719.27,16000.15 13502.93,16040.11
edge:declared:db.OptionExerciseManagementTaxation:management	13005.09,16215.07 13242.93,16117.47
edge:declared:db.OptionExerciseManagementTaxationDefaultSetting:company	18450.26,12241.67 16175.50,12427.93
edge:declared:db.OptionGrantContract:_deprecated_template	20803.67,18931.08 19456.08,16217.44
edge:declared:db.OptionGrantContract:_grantee	20701.98,18992.21 14728.40,19181.98
edge:declared:db.OptionGrantContract:contract_file	20805.67,18931.08 20698.18,18698.26
edge:declared:db.OptionGrantContract:template_revision	20821.41,18931.08 20367.58,16482.66
edge:declared:db.OptionGrantContractModusignDocument:option_grant_contract	21491.48,19413.19 20920.41,19045.08
edge:declared:db.OptionGrantContractModusignEmbeddedDraft:option_grant_contract	22034.99,20771.59 20870.43,19045.08
edge:declared:db.OptionGrantContractStakeholder:company	19021.84,15225.27 16175.50,12617.56
edge:declared:db.OptionGrantContractTemplate:_deprecated_stakeholder	19408.82,16111.44 19100.63,15331.27
edge:declared:db.OptionGrantContractTemplate:company	19380.70,16111.44 16175.50,12648.75
edge:declared:db.OptionGrantContractTemplateDraft:company	18292.97,14557.25 16175.50,12617.54
edge:declared:db.OptionGrantContractTemplateDraft:stakeholder_set	18373.73,14631.25 19021.86,15225.27
edge:declared:db.OptionGrantContractTemplateRevision:stakeholder_set	20309.58,16392.66 19138.18,15331.27
edge:declared:db.OptionGrantContractTemplateRevision:template	20206.15,16392.66 19562.76,16203.54
edge:declared:db.OptionGrantEvent:_deprecated_grantee	14889.45,18583.51 14069.00,19123.60
edge:declared:db.OptionGrantEvent:share_class	15042.71,18485.51 15363.30,18286.22
edge:declared:db.OptionManagement:agenda_option_grant	14704.05,19436.23 15409.11,19655.93
edge:declared:db.OptionManagementStakeholderSeat:option_management	14229.28,19344.57 14468.05,19381.30
edge:declared:db.OptionManagementStakeholderSeat:stakeholder_seat	13945.28,19323.67 8649.74,19359.19
edge:declared:db.OptionResumeEvent:pause_event	34598.26,4356.76 34463.98,4458.12
edge:declared:db.OptionTag:category	14149.52,14251.63 14210.27,14193.40
edge:declared:db.OptionTag:company	14148.50,14251.63 15795.50,12630.51
edge:declared:db.OptionTagCategory:company	14286.39,14119.40 15795.50,12630.90
edge:declared:db.OptionTaxCalculatorSetting:company	25439.91,9572.67 16175.50,12385.80
edge:declared:db.OptionValueChange:company	15497.42,10254.37 15937.12,12226.49
edge:declared:db.OptionValueChange:investment_round	15549.31,10254.37 15961.18,10507.78
edge:declared:db.OptionVesting:_deprecated_grant_event	14665.54,18441.46 14839.89,18495.84
edge:declared:db.Order:seal_card	1553.93,8267.61 -481.83,8353.86
edge:declared:db.OrderPromotionRelation:order	2938.95,9559.41 1725.57,8311.36
edge:declared:db.OrderPromotionRelation:promotion	3009.70,9559.41 3562.71,8971.05
edge:declared:db.OrderStaffInChargeRelation:order	1464.78,6746.38 1671.04,8213.36
edge:declared:db.OrderStaffInChargeRelation:staff_in_charge	1332.58,6716.21 347.88,6769.19
edge:declared:db.OrderStatusHistory:order	447.51,9932.80 1641.84,8311.36
edge:declared:db.OrganizationChart:company	12414.86,13328.50 15795.50,12490.58
edge:declared:db.OtherDocumentArchive:company	19492.78,16337.14 16175.50,12654.42
edge:declared:db.OtherDocumentArchiveAttachment:other_document_archive	20143.80,17043.50 19560.25,16411.14
edge:declared:db.OwnerRole:company	9631.32,11110.54 15795.50,12403.63
edge:declared:db.OwnerRolePermissionRelation:owner_permission	8792.49,10653.31 8469.69,10562.62
edge:declared:db.OwnerRolePermissionRelation:owner_role	8974.48,10725.99 9434.50,11035.53
edge:declared:db.Payment:_company	20998.19,13433.80 16175.50,12481.03
edge:declared:db.Payment:app_card	21237.41,13516.48 21321.47,13560.35
edge:declared:db.Payment:charge	20998.19,13503.69 20575.93,13647.30
edge:declared:db.Payment:credit_card	21258.19,13455.87 24288.74,13371.70
edge:declared:db.Payment:purchase	21258.19,13483.22 22803.76,13765.46
edge:declared:db.PaymentLink:payment_store	25088.84,13244.74 24185.40,13978.82
edge:declared:db.PaymentLink:question_threads	25020.22,13183.06 21075.12,12652.53
edge:declared:db.PaymentRefund:payment	21467.32,13364.14 21258.19,13422.93
edge:declared:db.PaymentRefund:payment_status_history	21530.93,13293.96 21468.67,13251.61
edge:declared:db.PaymentStatusHistory:payment	21371.05,13251.61 21194.79,13402.48
edge:declared:db.PaymentStore:legal_partner	24025.66,14068.82 22622.53,14673.84
edge:declared:db.Payroll:company	4869.35,4917.25 15795.50,12314.85
edge:declared:db.Payroll:setting	4776.98,4917.25 4518.28,11858.35
edge:declared:db.PayrollAnnualSalaryInfo:employee	8068.85,14775.35 8346.79,14944.07
edge:declared:db.PayrollAnnualSalaryItem:item_setting_relation	6796.47,13579.64 6368.22,11982.79
edge:declared:db.PayrollAnnualSalaryItem:payroll_annual_salary_info	6846.02,13653.64 7968.27,14701.35
edge:declared:db.PayrollDocumentSealStampSetting:_deprecated_ceo	16152.02,15082.78 16584.34,16358.54
edge:declared:db.PayrollDocumentSealStampSetting:company	16135.72,15000.78 15998.25,12660.49
edge:declared:db.PayrollDocumentSealStampSetting:seal_stamp	16160.58,15082.78 16447.20,15606.15
edge:declared:db.PayrollEmployeeMonthlyWage:hrm_emp	4111.75,18522.07 4425.73,18248.02
edge:declared:db.PayrollLedger:company	11353.28,15039.37 15795.50,12549.97
edge:declared:db.PayrollLedgerAttachment:payroll_ldeger	10754.00,14750.36 11180.49,15039.37
edge:declared:db.PayrollLedgerFile:payroll_ledger	11165.17,14743.46 11244.49,15039.37
edge:declared:db.PayrollLedgerFileModificationRequest:payroll_ledger_file	11581.23,14564.54 11266.31,14669.46
edge:declared:db.PayrollLedgerItemSettingRelation:ledger_item	6200.65,11946.45 4595.89,12035.78
edge:declared:db.PayrollLedgerItemSettingRelation:setting	6200.65,11934.54 4640.75,11901.94
edge:declared:db.PayrollManagementRelation:payroll	7512.50,7134.98 4852.42,4917.25
edge:declared:db.PayrollSetting:ledger_item_set	4505.61,11940.35 4487.94,12005.35
edge:declared:db.PayrollSettlement:company_question_thread_set	11426.39,9655.95 18834.96,14194.85
edge:declared:db.PayrollSettlement:payroll	11302.78,9573.95 4863.60,4917.25
edge:declared:db.PayrollSettlementAutoCreation:payroll	5889.67,6046.98 4836.14,4917.25
edge:declared:db.PayrollSettlementAutoCreation:payroll_question_help_template	5930.50,6120.98 6423.47,9002.70
edge:declared:db.PayrollSettlementProgressLog:payroll_settlement	10592.91,9712.98 11235.47,9630.81
edge:declared:db.PayrollSocialInsuranceSetting:hrm	-400.06,16868.25 -372.10,16244.31
edge:declared:db.PayrollStaffUserRelation:payroll	4404.80,5049.74 4661.20,4917.25
edge:declared:db.PayrollStatement:_deprecated_employee	8716.24,15713.69 8522.40,15131.27
edge:declared:db.PayrollStatement:hrm_emp	8627.87,15835.69 4769.73,18001.34
edge:declared:db.PayrollStatement:payroll_ledger	8866.54,15739.52 11134.70,15125.92
edge:declared:db.PayrollStatementAttendance:payroll_statement	8663.35,16111.85 8723.30,15835.69
edge:declared:db.PayrollStatementDocument:payroll_statement	10590.58,15434.04 8866.54,15750.80
edge:declared:db.PayrollStatementEmail:payroll_ledger	10513.36,17082.30 11238.85,15145.37
edge:declared:db.PayrollStatementEmailRecipient:email	10163.94,18637.79 10486.60,17172.30
edge:declared:db.PayrollStatementEmailRecipient:payroll_statement	10134.89,18637.79 8766.33,15835.69
edge:declared:db.PayrollStatementItem:ledger_item_setting_relation	7448.25,12927.38 6405.81,11982.79
edge:declared:db.PayrollStatementItem:payroll_statement	7505.50,13001.38 8709.46,15713.69
edge:declared:db.PayrollStatementPayrollInformation:payroll_statement	9296.92,15748.55 8866.54,15768.63
edge:declared:db.PayrollStatementScheduledEmail:payroll_statement_email	10042.38,17166.37 10372.51,17137.97
edge:declared:db.PayrollStatementScheduledEmailPeriodicTaskRelation:payroll_statement_scheduled_email	9874.44,17316.21 9895.98,17215.29
edge:declared:db.PeriodicOptionVestingItem:periodic_option_vesting	14073.39,18464.73 14081.35,18520.73
edge:declared:db.PhantomStock:company	9229.73,17058.55 15795.50,12573.28
edge:declared:db.PhantomStock:grantee	9161.52,17156.55 9231.04,18125.56
edge:declared:db.PhantomStockGrantContract:phantom_stock	8620.31,17335.43 9042.38,17156.55
edge:declared:db.PhantomStockResumeEvent:pause_event	15315.48,16175.95 15161.45,16223.52
edge:declared:db.PhantomStockVesting:phantom_stock	8620.23,17610.90 9105.65,17156.55
edge:declared:db.PhantomStockVestingItem:phantom_stock_vesting	8478.42,17927.48 8567.16,17684.90
edge:declared:db.PhantomStockVestingTraceable:phantom_stock	8808.83,17784.38 9132.72,17156.55
edge:declared:db.PhantomStockVestingTraceable:source_vesting_item	8707.66,17858.38 8554.37,17927.48
edge:declared:db.PhoneVerification:phone	5586.65,13983.79 3452.96,12550.44
edge:declared:db.PingpongDelivery:dropoff_address	20628.60,12400.05 23570.09,14145.06
edge:declared:db.PitchingDayHall:assigned_irs	35326.86,8668.09 30725.81,7583.45
edge:declared:db.PitchingDayHallAccessLog:pitching_day_hall	35634.22,8921.36 35487.69,8742.32
edge:declared:db.PitchingDayHallAccessLog:venture_capital	35688.62,8995.36 37795.22,12227.48
edge:declared:db.PitchingDayHallAssignedIrs:investor_relations	33157.86,7974.12 30725.81,7572.58
edge:declared:db.PitchingDayHallAssignedIrs:pitching_day_hall	33398.99,8032.09 35326.86,8657.12
edge:declared:db.PortalMenuVisibilitySetting:company	16839.30,10139.94 16065.93,12226.49
edge:declared:db.PortalSetting:company	19019.87,9979.10 16175.50,12289.18
edge:declared:db.PortfolioCompany:company	30563.38,14272.34 16175.50,12467.33
edge:declared:db.PortfolioCompany:venture_capital	30823.38,14255.30 37744.83,12479.68
edge:declared:db.PortfolioCompanyFund:fund	32209.07,14397.46 34561.74,13630.46
edge:declared:db.PortfolioCompanyFund:portfolio_company	31977.58,14422.19 30823.38,14302.17
edge:declared:db.PortfolioCompanyManager:portfolio_company	30698.91,17006.28 30693.51,14353.65
edge:declared:db.PortfolioCompanyUserRelation:portfolio_company	30879.88,14396.08 30806.22,14353.65
edge:declared:db.PrivacyPolicyLog:privacy_policy	138.52,29996.87 152.12,29903.21
edge:declared:db.PromotionAddress:promotion	3503.37,7202.10 3595.48,8897.05
edge:declared:db.PromotionCodeUsageHistory:promotion_code	26332.18,12595.50 26187.58,12388.14
edge:declared:db.PromotionCodeUsageHistory:service_fee_item	26382.60,12669.50 26431.51,12743.02
edge:declared:db.Purchase:_corporate_registration_paid_issue	22803.76,13794.66 20459.87,13828.99
edge:declared:db.Purchase:_credit	22803.76,13795.58 21144.69,13830.22
edge:declared:db.Purchase:_deprecated_payment_store	23099.76,13821.55 24006.02,13999.47
edge:declared:db.Purchase:_incorporation_request	22897.66,13897.49 21888.09,15856.96
edge:declared:db.Purchase:_invitation_seat_request	22803.76,13763.76 10020.13,11282.04
edge:declared:db.Purchase:_meeting	22803.76,13890.33 17381.86,17474.65
edge:declared:db.Purchase:_payment_store_legal_partner	22898.22,13897.49 22532.26,14615.24
edge:declared:db.Purchase:_subscription_payment_request	22905.77,13687.49 22045.01,11722.42
edge:declared:db.Purchase:basket	23099.74,13687.49 23254.22,13577.88
edge:declared:db.Purchase:company	22803.76,13763.83 16175.50,12480.28
edge:declared:db.Purchase:investment_association	23099.76,13847.04 30486.03,16569.67
edge:declared:db.Purchase:service_fee	23099.76,13750.70 23615.49,13605.08
edge:declared:db.Purchase:venture_capital	23099.76,13779.05 37744.83,12449.19
edge:declared:db.PurchaseItem:payment_store	24105.07,13891.36 24121.54,13978.82
edge:declared:db.PurchaseItem:purchase	23980.10,13847.99 23099.76,13800.48
edge:declared:db.PurchaseStatusHistory:purchase	22166.42,13727.44 22803.76,13780.23
edge:declared:db.Purpose:articles_of_incorporation	17334.37,15034.43 17144.46,15242.39
edge:declared:db.Purpose:industrial_code	17352.70,14960.43 17269.84,14762.15
edge:declared:db.QrReplyPasswordReset:request	25050.71,16361.19 25006.15,16636.31
edge:declared:db.QrReplyPasswordResetRequest:reply	24969.90,16710.31 24665.95,17081.94
edge:declared:db.QuarterlyReportRequest:quarterly_report	28668.21,16775.40 29593.43,16036.43
edge:declared:db.QuarterlyReportRequestAttachment:quarterly_report_request	28219.96,16862.81 28441.87,16838.79
edge:declared:db.QuarterlyReportRequestRecipient:email_activity_recipient	30631.47,17267.68 25546.97,23071.77
edge:declared:db.QuarterlyReportRequestRecipient:portfolio_company	30671.23,17177.68 30692.88,14353.65
edge:declared:db.QuarterlyReportRequestRecipient:portfolio_company_manager	30677.94,17177.68 30693.19,17080.28
edge:declared:db.QuarterlyReportRequestRecipient:quarterly_report_request	30472.89,17184.00 28781.87,16853.61
edge:declared:db.QuarterlyReportRequestReportItem:quarterly_report_item	28028.44,16704.74 28009.43,16533.16
edge:declared:db.QuarterlyReportRequestReportItem:quarterly_report_request	28182.04,16762.04 28441.87,16797.32
edge:declared:db.QuarterlyReportSettings:quarterly_report	29321.55,15949.85 29518.30,15966.80
edge:declared:db.QuarterlyReportSignupChannel:portfolio_company	28204.61,14790.03 30563.38,14314.84
edge:declared:db.QuarterlyReportSignupChannel:quarterly_report	28123.97,14858.63 29586.44,15922.43
edge:declared:db.QuestionMessageAttachment:message	22262.12,15053.81 24189.29,11499.42
edge:declared:db.QuestionMessageScheduled:question_thread_message	24548.10,10913.99 24274.35,11353.42
edge:declared:db.QuestionThread:_company	20815.12,12630.03 16175.50,12450.83
edge:declared:db.QuestionThreadAssignment:question_thread	19820.01,12736.58 20815.12,12646.78
edge:declared:db.QuestionThreadMessage:question_thread	24092.87,11476.48 21075.12,12587.20
edge:declared:db.QuestionThreadMessageAccessLog:message	24378.56,11761.45 24261.49,11499.42
edge:declared:db.QuestionThreadMessageCategory:question_thread_message	25388.09,11510.32 24364.87,11436.26
edge:declared:db.QuestionThreadMessagePeriodicTaskRelation:question_message_scheduled	24404.24,10758.73 24518.93,10839.99
edge:declared:db.QuestionThreadMessageProfile:message	24800.03,11212.26 24364.87,11375.43
edge:declared:db.QuestionThreadMessageReminder:message	25388.09,11614.56 24364.87,11448.49
edge:declared:db.QuestionThreadMessageReview:message	24932.50,11715.73 24364.87,11482.34
edge:declared:db.QuestionThreadMessageReviewRequest:message	25375.90,11715.73 24364.87,11460.72
edge:declared:db.QuestionThreadTag:question_thread_set	21001.74,12877.65 20961.22,12704.05
edge:declared:db.RebootProductContactRequest:company	13142.34,11971.45 15795.50,12411.94
edge:declared:db.RegisteredMail:order_status_history	1.77,10029.83 293.31,9990.52
edge:declared:db.RegisteredMail:seal_card_return_status_history	-125.23,10008.74 -171.28,9819.52
edge:declared:db.Registration:meeting	14610.53,19482.60 17085.86,17680.25
edge:declared:db.RegistrationAgenda:agenda_ceo_address_change	12264.96,21777.60 12585.04,22077.96
edge:declared:db.RegistrationAgenda:agenda_director_change	12219.75,21777.60 12281.44,22788.86
edge:declared:db.RegistrationAgenda:agenda_option_exercise	12341.01,21771.06 12613.93,21855.71
edge:declared:db.RegistrationAgenda:registration	12264.62,21687.60 14510.84,19564.60
edge:declared:db.RegistrationAssistance:legal_partner	21458.87,16794.58 22407.10,14865.24
edge:declared:db.RegistrationAssistance:meeting	21314.72,16857.31 17381.86,17546.55
edge:declared:db.RegistrationAssistanceReceipt:registration_assistance	21595.85,16921.50 21513.70,16876.58
edge:declared:db.RegistrationCaseReport:company	13193.19,8282.09 15839.89,12226.49
edge:declared:db.RegistrationCaseReport:jurisdiction	13168.96,8282.09 13194.52,9856.68
edge:declared:db.RegistrationCaseReportUpdateLog:company	20630.52,9644.92 16175.50,12329.02
edge:declared:db.RegistrationDirector:registration	14690.78,19644.96 14600.36,19564.60
edge:declared:db.RegistrationFormCaptable:agenda	18572.44,23684.65 17365.06,21525.49
edge:declared:db.RegistrationFormCaptableDocument:captable	17005.50,24575.42 18518.66,23766.65
edge:declared:db.RegistrationFormCaptableNotarizationRequestor:registration_form_captable	18013.65,23413.63 18518.93,23684.65
edge:declared:db.RegistrationFormCaptableNotarizationRequestor:shareholder	17747.17,23340.01 17229.29,23244.00
edge:declared:db.RegistrationFormHeadOfficeInsideRelocationDocument:head_office_relocation_agenda	19126.97,23535.78 18490.57,21717.23
edge:declared:db.RegistrationFormHeadOfficeOutsideRelocationDocument:head_office_relocation_agenda	19705.20,23950.29 18500.61,21717.23
edge:declared:db.RegistrationHelp:company_question_thread	17588.10,16757.64 18927.03,14370.85
edge:declared:db.RegistrationHelp:meeting	17551.48,16831.64 17284.02,17455.49
edge:declared:db.ResignationLetterDocument:director_change_agenda	13001.28,24225.75 12312.11,22894.86
edge:declared:db.RightToConsentOrConsult:company	14086.01,16617.17 15886.74,12660.49
edge:inheritance:db.RsuAdjustEvent->db.Event	14866.84,16643.34 15446.56,16830.38
edge:declared:db.RsuExerciseClaim:company	13407.50,15369.62 15795.50,12659.15
edge:declared:db.RsuExerciseClaim:financial_account	13293.51,15475.62 11553.79,16845.79
edge:declared:db.RsuExerciseClaimAttachment:attachment_setting_item	12830.99,15551.16 12731.68,15618.35
edge:declared:db.RsuExerciseClaimAttachment:rsu_exercise_claim	13009.17,15490.37 13236.81,15446.51
edge:declared:db.RsuExerciseClaimCandidate:hrm_emp	11836.94,16505.50 4769.73,18060.06
edge:declared:db.RsuExerciseClaimCandidate:rsu_exercise_claim	12027.85,16428.78 13290.60,15475.62
edge:declared:db.RsuExerciseClaimCandidate:rsu_exercise_management	11952.86,16428.78 11877.46,16062.15
edge:declared:db.RsuExerciseClaimCandidate:rsu_grantee	11981.36,16526.78 12100.51,16843.69
edge:declared:db.RsuExerciseClaimCandidateEmailRecipient:candidate	12322.60,16608.81 12088.94,16523.68
edge:declared:db.RsuExerciseClaimEventRelation:claim	13901.50,15612.85 13484.81,15466.25
edge:declared:db.RsuExerciseClaimEventRelation:event	14047.78,15686.85 14873.98,16430.37
edge:declared:db.RsuExerciseClaimRsu:rsu	14018.35,15341.65 14521.26,15266.83
edge:declared:db.RsuExerciseClaimRsu:rsu_exercise_claim	13782.35,15373.08 13484.81,15408.05
edge:declared:db.RsuExerciseManagement:company	11923.91,15964.15 15795.50,12608.19
edge:declared:db.RsuExerciseManagement:excluded_institution_set	11843.77,16062.15 11736.35,16285.06
edge:declared:db.RsuExerciseManagementAttachmentSetting:management	12391.13,15853.61 11991.38,15975.38
edge:declared:db.RsuExerciseManagementAttachmentSettingItem:setting	12639.28,15692.35 12550.32,15779.61
edge:declared:db.RsuExerciseManagementEmail:rsu_exercise_management	12264.80,16225.63 11959.03,16062.15
edge:declared:db.RsuExtraAttachment:rsu	15121.79,14892.68 14753.08,15173.59
edge:declared:db.RsuGrantContract:rsu	15380.16,15025.21 14793.26,15204.94
edge:declared:db.RsuGrantContract:template	15510.49,14942.24 15605.71,14265.46
edge:declared:db.RsuGrantContractModusignDocument:rsu_grant_contract	21563.13,19212.39 15568.69,15032.24
edge:declared:db.RsuGrantContractTemplate:company	15620.09,14183.46 15939.93,12660.49
edge:declared:db.RsuGrantContractTemplate:stakeholder_set	15608.38,14183.46 15586.67,13896.61
edge:declared:db.RsuGrantContractTemplateStakeholder:company	15594.36,13822.61 15923.96,12660.49
edge:declared:db.RsuMeeting:company	15886.79,15245.93 15977.86,12660.49
edge:declared:db.RsuMeeting:meeting	15911.80,15335.93 17164.70,17455.49
edge:declared:db.RsuMeetingAttachment:meeting	15308.80,15400.42 15761.20,15314.48
edge:declared:db.RsuPerformanceCondition:company	14598.30,14358.51 15828.31,12660.49
edge:declared:db.RsuResumeEvent:pause_event	15024.16,17256.20 14860.77,17329.70
edge:declared:db.RsuRsa:company	14691.85,15173.59 15882.68,12660.49
edge:declared:db.RsuRsa:grantee	14544.01,15319.59 12179.54,16843.69
edge:declared:db.RsuRsa:grantee_hrm_emp	14521.26,15285.14 4769.73,18049.14
edge:declared:db.RsuRsa:source_meeting	14793.26,15251.50 15761.20,15286.45
edge:declared:db.RsuRsaSealedContractFile:company	15312.65,14482.06 15913.88,12660.49
edge:declared:db.RsuRsaSealedContractFile:grant_contract	15316.54,14556.06 15484.58,14942.24
edge:declared:db.RsuTag:category	15054.74,14337.55 14963.29,14249.22
edge:declared:db.RsuTag:company	15116.00,14337.55 15885.88,12660.49
edge:declared:db.RsuTag:rsu_set	15076.40,14419.55 14694.26,15173.59
edge:declared:db.RsuTagCategory:company	14947.17,14175.22 15855.39,12660.49
edge:declared:db.RsuVesting:rsu	14083.58,15213.66 14521.26,15238.78
edge:declared:db.RsuVestingItem:performance_condition	14231.20,14792.08 14539.75,14432.51
edge:declared:db.RsuVestingItem:rsu_vesting	14164.96,14882.08 13988.29,15169.89
edge:declared:db.RsuVestingTraceable:rsu	14496.23,15111.25 14570.40,15173.59
edge:declared:db.RsuVestingTraceable:source_vesting_item	14411.71,15037.25 14241.84,14882.08
edge:declared:db.RtccConsentSummary:company	13806.01,10823.75 15795.50,12302.29
edge:declared:db.RtccConsentSummary:source_result	13746.20,10749.75 13644.82,10375.40
edge:declared:db.RtccEmail:right_to_consent_or_consult	13926.97,17037.67 14052.18,16699.17
edge:declared:db.RtccEmailAuthentication:rtcc_investor	14800.85,17621.25 14694.25,17676.58
edge:declared:db.RtccInvestor:right_to_consent_or_consult	14584.69,17676.58 14088.18,16699.17
edge:declared:db.RtccInvestor:stakeholder	14476.78,17766.58 10125.11,19264.11
edge:declared:db.RtccInvestorFile:investor	16520.49,17708.56 14763.05,17720.52
edge:declared:db.RtccSummaryAnalysisRequest:company	14148.39,10109.91 15814.67,12226.49
edge:declared:db.RtccSummaryAnalysisRequestDocument:document	14248.29,10274.93 18278.93,15302.65
edge:declared:db.RtccSummaryAnalysisRequestDocument:request	14196.19,10200.93 14140.98,10109.91
edge:declared:db.RtccSummaryAnalysisResult:request	13708.22,10293.40 14041.61,10109.91
edge:declared:db.RtccSummaryAnalysisResultDocument:document	13618.18,9513.15 18278.76,15302.65
edge:declared:db.RtccSummaryAnalysisResultDocument:result	13590.34,9513.15 13631.55,10293.40
edge:declared:db.Safe:company	13107.38,14691.85 15795.50,12591.92
edge:declared:db.Safe:holder	13014.46,14765.85 11478.32,16013.32
edge:declared:db.SafeCreateEvent:contract_file	16784.84,17526.16 20408.00,18433.67
edge:declared:db.SalesMetric:legal_partner	23304.34,14686.73 22622.53,14730.38
edge:declared:db.SdContactRequest:secondary_deal	37996.64,8559.51 39006.91,6234.15
edge:declared:db.SdContactRequest:venture_capital	37980.06,8633.51 37931.59,12227.48
edge:declared:db.SealCardReturnRequest:seal_card	-1356.47,8440.98 -729.83,8372.64
edge:declared:db.SealCardReturnStatusHistory:seal_card_return_request	-221.49,9737.52 -1440.24,8495.51
edge:declared:db.SealCertificateDelivery:company	19349.13,12378.68 16175.50,12439.83
edge:declared:db.SealCertificateDelivery:seal_card_pickup_delivery	19597.13,12373.37 20422.00,12353.97
edge:declared:db.SealCertificateIssueRequest:delivery	19624.91,12467.69 19554.50,12425.29
edge:declared:db.SealStamp:attachment	16553.64,15712.15 20408.00,18351.17
edge:declared:db.SealStamp:company	16468.14,15606.15 16018.62,12660.49
edge:declared:db.SealStamp:director	16485.35,15712.15 16596.52,16358.54
edge:declared:db.SealStampCardContinuedUseApplicationFormDocument:stakeholder	9244.55,23214.16 9930.29,19478.24
edge:declared:db.SealStampDeclarationDocument:stakeholder	9550.83,23062.75 9941.98,19478.24
edge:declared:db.SealStampImage:seal_stamp	17081.49,15762.19 16600.23,15680.26
edge:declared:db.SealStampUsageHistory:employee	10603.29,15258.04 8630.79,15045.57
edge:declared:db.SealStampUsageHistory:payroll_statement_document	10720.26,15324.40 10713.49,15375.36
edge:declared:db.SealStampUsageHistory:seal_stamp	10851.29,15279.76 16352.23,15650.79
edge:declared:db.SealStampUsageHistory:wht_book	10603.29,15275.23 9482.96,15309.86
edge:declared:db.SealStampUsageHistory:wht_certificate	10753.30,15218.40 10784.56,15154.68
edge:declared:db.SealStampUsageHistory:wht_receipt	10603.29,15241.85 10323.73,15175.23
edge:declared:db.SecondaryDeal:assigned_investors	39037.83,6234.15 37965.51,12227.48
edge:declared:db.SecondaryDeal:business_line	38905.48,6099.10 38177.83,6032.72
edge:declared:db.SecondaryDeal:corporate_registration	38905.48,6039.22 38634.96,5909.36
edge:declared:db.SecondaryDeal:operating_profit	39025.47,5992.15 38636.53,4608.44
edge:declared:db.SelfRegistration:meeting	17573.80,17408.75 17381.86,17501.20
edge:declared:db.ServiceFee:basket	23615.49,13561.71 23424.37,13548.83
edge:declared:db.ServiceFeeItem:product	26334.79,12746.14 24814.98,12281.85
edge:declared:db.ServiceFeeItem:service_fee	26334.79,12819.86 23863.49,13534.23
edge:declared:db.ShareClass:company	15453.48,18180.22 15965.38,12660.49
edge:declared:db.ShareholderInstitutionMember:institution	10209.72,21975.32 10646.08,22672.54
edge:declared:db.ShareholderInstitutionMember:manager	10164.08,21893.32 10043.15,21645.22
edge:declared:db.ShareholderInstitutionMemberCeo:member	10135.28,22580.72 10180.97,21975.32
edge:declared:db.ShareholderVote:agenda	17165.75,22702.56 17275.66,21525.49
edge:declared:db.ShareholderVote:attended_shareholder	17152.81,22776.56 17059.49,23140.24
edge:declared:db.ShareholderVotingRightsPerAgenda:agenda	16940.71,22580.50 17248.48,21525.49
edge:declared:db.ShareholderVotingRightsPerAgenda:shareholder	16936.91,22654.50 17028.75,23140.24
edge:declared:db.ShareholdersAgreementStakeholder:stakeholder	8924.84,19087.06 9793.11,19283.65
edge:declared:db.ShareholdersMeeting:chairperson	15645.07,22704.17 13732.71,22757.21
edge:declared:db.ShareholdersMeeting:meeting	15794.70,22631.56 17200.58,17689.49
edge:declared:db.ShareholdersMeeting:sealed_meeting_minutes_file	15853.94,22631.56 20408.00,18647.48
edge:declared:db.ShareholdersMeetingAgenda:agenda_authorized_shares_change	17128.45,21462.07 16618.17,21696.72
edge:declared:db.ShareholdersMeetingAgenda:agenda_bonus_issue	17335.76,21251.49 17654.68,20327.95
edge:declared:db.ShareholdersMeetingAgenda:agenda_branch_change	17304.91,21251.49 17444.10,20092.73
edge:declared:db.ShareholdersMeetingAgenda:agenda_change_of_articles_of_incorporation	17448.45,21311.10 18864.98,20625.98
edge:declared:db.ShareholdersMeetingAgenda:agenda_co_ceo_system_change	17128.45,21352.21 16067.62,21111.67
edge:declared:db.ShareholdersMeetingAgenda:agenda_company_name_change	17242.39,21251.49 17148.22,20971.39
edge:declared:db.ShareholdersMeetingAgenda:agenda_custom	17128.45,21330.95 16146.29,20977.75
edge:declared:db.ShareholdersMeetingAgenda:agenda_director_change	17128.45,21434.96 12408.67,22805.84
edge:declared:db.ShareholdersMeetingAgenda:agenda_director_compensation_decision	17128.45,21415.48 15021.30,21770.95
edge:declared:db.ShareholdersMeetingAgenda:agenda_director_compensation_rule	17128.45,21338.65 16703.13,21206.16
edge:declared:db.ShareholdersMeetingAgenda:agenda_financial_statements	17336.21,21251.49 17796.81,19930.26
edge:declared:db.ShareholdersMeetingAgenda:agenda_head_office_relocation	17448.45,21425.77 18342.52,21634.06
edge:declared:db.ShareholdersMeetingAgenda:agenda_head_office_relocation_aoi_change	17448.45,21519.16 18231.67,22158.79
edge:declared:db.ShareholdersMeetingAgenda:agenda_method_of_giving_public_notice_change	17247.45,21251.49 17044.44,20573.09
edge:declared:db.ShareholdersMeetingAgenda:agenda_new_issue	17128.45,21520.83 16208.95,22281.38
edge:declared:db.ShareholdersMeetingAgenda:agenda_new_options_rule	17128.45,21301.61 16724.10,21082.05
edge:declared:db.ShareholdersMeetingAgenda:agenda_new_or_change_rsu_rule	17132.07,21251.49 16663.21,20840.73
edge:declared:db.ShareholdersMeetingAgenda:agenda_option_cancel	17128.45,21358.60 14956.65,20952.89
edge:declared:db.ShareholdersMeetingAgenda:agenda_option_grant	17146.48,21251.49 15579.74,19739.57
edge:declared:db.ShareholdersMeetingAgenda:agenda_purpose_change	17448.45,21510.74 17633.54,21652.15
edge:declared:db.ShareholdersMeetingAgenda:agenda_rsu_grant	17128.45,21333.96 15550.19,20796.05
edge:declared:db.ShareholdersMeetingAgenda:agenda_subsidiary_establishment	17128.45,21401.72 15715.69,21518.58
edge:declared:db.ShareholdersMeetingAgenda:meeting	17130.43,21525.49 15854.66,22631.56
edge:declared:db.ShareholdersMeetingConvocationNoticeEmail:shareholders_meeting	18006.36,20795.24 15855.87,22631.56
edge:declared:db.ShareholdersMeetingConvocationNoticeEmailAttachment:convocation_notice_email	19790.51,20453.47 18252.24,20714.28
edge:declared:db.ShareholdersMeetingConvocationNoticeEmailNewIssueAttachment:email	16771.97,22152.92 18018.74,20795.24
edge:declared:db.ShareholdersMeetingConvocationNoticeEmailNewIssueAttachment:new_issue	16605.51,22226.92 16242.19,22328.40
edge:declared:db.ShareholdersMeetingConvocationNoticeEmailRecipient:email_activity_recipient	22912.83,22522.04 25380.04,23092.12
edge:declared:db.ShareholdersMeetingConvocationNoticeRecipient:bulk_email_recipient	20867.27,21909.48 17351.79,19174.77
edge:declared:db.ShareholdersMeetingConvocationNoticeRecipient:convocation_notice_email	20818.55,21909.48 18179.78,20795.24
edge:declared:db.ShareholdersMeetingConvocationNoticeRecipient:shareholder	20785.85,21999.48 17229.29,23148.66
edge:declared:db.ShareholdersMeetingDirectorAttendance:stakeholder	13511.39,22712.92 10123.54,19478.24
edge:declared:db.ShareholdersMeetingPowerOfAttorneyIndividualDocument:shareholder	16276.62,23621.49 16913.72,23278.24
edge:declared:db.ShareholdersMeetingShareholderAttendance:meeting	16869.97,23140.24 15905.07,22752.76
edge:declared:db.ShareholdersMeetingShareholderAttendance:original_shareholder	16854.29,23195.32 10816.76,22747.19
edge:declared:db.ShareholdersMeetingShortenPeriodIndividualDocument:shareholder	16550.35,23245.95 16854.29,23223.25
edge:declared:db.ShareholdersMeetingWrittenDecisionIndividualDocument:shareholder	16543.08,23814.08 16984.90,23278.24
edge:declared:db.Stakeholder:company	10096.68,19164.24 15795.50,12660.33
edge:declared:db.Stakeholder:standardized_address	10125.11,19316.75 23936.01,18943.02
edge:declared:db.StakeholderAccount:account	10929.37,17928.15 11464.91,16943.79
edge:declared:db.StakeholderAccount:stakeholder	10883.32,18002.15 10069.11,19164.24
edge:declared:db.StakeholderCustodian:stakeholder	9377.86,19293.80 9793.11,19313.40
edge:declared:db.StakeholderSeat:stakeholder	8649.74,19356.67 9793.11,19325.73
edge:declared:db.StarredQuestionThread:question_thread	20445.26,12784.87 20815.12,12674.01
edge:declared:db.Stock:company	15423.03,18409.98 15965.04,12660.49
edge:declared:db.Stock:share_class	15424.70,18409.98 15441.40,18286.22
edge:declared:db.Stock:shareholder	15373.90,18491.98 10758.52,22672.54
edge:declared:db.StockDocumentAnalysis:document_ai_process_request	28461.18,27628.18 29234.24,27371.06
edge:declared:db.StockDocumentAnalysis:stock_reregistration_event	28389.60,27702.18 28538.47,27841.04
edge:declared:db.StockTransferAgreement:company	17113.51,18480.01 16026.05,12660.49
edge:declared:db.StockTransferAgreement:purchaser	16991.90,18571.51 10125.11,19303.54
edge:declared:db.StockTransferAgreement:sealed_agreement_file	17263.90,18554.04 20408.00,18485.41
edge:declared:db.StockTransferAgreement:seller	17009.26,18634.01 10786.91,22672.54
edge:declared:db.StockTransferAgreement:stock_transfer_event	16991.90,18488.85 16795.13,18390.24
edge:declared:db.StockTransferAgreementClauses:stock_transfer_agreement	17418.13,18319.35 17221.93,18480.01
edge:declared:db.StockTransferAgreementItem:agreement	16363.34,18357.49 16991.90,18521.52
edge:declared:db.StockTransferAgreementItem:share_class	16116.34,18310.89 15572.56,18247.64
edge:declared:db.StockTransferAgreementManagement:company	17664.54,13130.69 16175.50,12521.25
edge:declared:db.StockTransferAgreementManagement:related_tax_advices	17925.99,13149.86 20815.12,12657.22
edge:declared:db.StockTransferAgreementManagement:stock_transfer_agreement	17769.08,13220.69 17137.15,18480.01
edge:declared:db.StockTransferAgreementManagementStakeholderSeat:stakeholder_seat	6025.33,8536.80 8516.27,19319.02
edge:declared:db.StockTransferAgreementManagementStakeholderSeat:stock_transfer_agreement_management	6109.82,8536.80 17661.34,13130.69
edge:declared:db.StockTransferAgreementModusignDocument:stock_transfer_agreement	20401.13,20216.57 17263.90,18625.96
edge:declared:db.StockTransferAgreementModusignEmbeddedDraft:stock_transfer_agreement	20659.92,20570.07 17263.00,18634.01
edge:declared:db.StockTransferAgreementPurchaserInstitution:agreement	17420.77,18930.18 17188.33,18634.01
edge:declared:db.StockTransferAgreementSellerInstitution:agreement	17878.25,18735.27 17263.90,18589.32
edge:declared:db.StockTransferAgreementSurvey:company	19791.03,9595.73 16175.50,12301.31
edge:declared:db.StockTransferPrice:share_class	16441.48,18163.42 15572.56,18224.50
edge:declared:db.StockTransferPrice:stock_transfer_event	16589.70,18192.13 16691.08,18316.24
edge:declared:db.StockUnissuedConfirmationRequest:company	18813.05,16192.78 16149.15,12660.49
edge:declared:db.StockUnissuedConfirmationRequest:stock_unissued_confirmation_file	18875.97,16274.78 20428.64,18264.26
edge:declared:db.StripeCard:customer	897.31,7249.12 962.30,7621.39
edge:declared:db.StripePayment:card	-226.57,7902.25 830.94,7249.12
edge:declared:db.StripePayment:order	-168.96,7963.33 1553.93,8242.28
edge:declared:db.StripePayment:seal_card_return_request	-388.19,7984.25 -1385.24,8413.51
edge:declared:db.Subscription:company	21434.65,11188.00 16175.50,12399.71
edge:declared:db.Subscription:subscription_contract	21434.65,11189.14 19663.60,11612.03
edge:declared:db.Subscription:subscription_package	21434.65,11197.49 20077.75,11604.79
edge:declared:db.Subscription:subscription_plan	21500.92,11237.67 20853.91,11989.26
edge:declared:db.Subscription:subscription_policy	21434.65,11210.79 20068.80,11754.37
edge:declared:db.Subscription:subscription_promotion	21434.65,11176.36 20399.46,11326.24
edge:declared:db.SubscriptionBonus:subscription	22405.10,11253.45 21706.65,11172.44
edge:declared:db.SubscriptionContract:company	19427.60,11666.83 16175.50,12400.62
edge:declared:db.SubscriptionModusignDocumentUsageHistory:subscription	25888.08,13601.01 21706.65,11233.67
edge:declared:db.SubscriptionPackage:company	19841.75,11664.06 16175.50,12405.09
edge:declared:db.SubscriptionPaymentRequest:company	21901.05,11697.31 16175.50,12419.52
edge:declared:db.SubscriptionPaymentRequest:subscription	21991.39,11640.42 21641.10,11237.67
edge:declared:db.SubscriptionPenaltyPayment:company	19201.17,11843.62 16175.50,12408.05
edge:declared:db.SubscriptionPenaltyPayment:subscription	19441.17,11785.78 21434.65,11196.85
edge:declared:db.SubscriptionPeriod:subscription	22816.66,10853.56 21706.65,11123.59
edge:declared:db.SubscriptionPerk:subscription	22290.58,11410.99 21706.65,11204.71
edge:declared:db.SubscriptionPlan:permissions	20674.84,12041.31 20144.08,12021.11
edge:declared:db.SubscriptionPlanOffering:subscription_plan	21146.05,12009.65 20934.84,12032.31
edge:declared:db.SubscriptionPlanPerk:subscription_plan	21135.82,11917.63 20934.84,11995.74
edge:declared:db.SubscriptionPolicy:company	19857.83,11810.65 16175.50,12412.44
edge:declared:db.SubscriptionPromotion:company	20163.46,11373.55 16175.50,12394.83
edge:declared:db.SubscriptionReservation:company	19407.53,12155.95 16175.50,12427.52
edge:declared:db.SubscriptionReservation:subscription_plan	19643.53,12136.83 20674.84,12056.40
edge:declared:db.SubscriptionSuspensionHistory:subscription	22302.92,11124.20 21706.65,11150.64
edge:declared:db.TalingCoupon:_company	10608.35,11737.89 15795.50,12418.56
edge:declared:db.TaxBookkeepingServiceRequest:company	20976.54,14266.72 16175.50,12512.90
edge:declared:db.TaxBookkeepingServiceRequest:incorporation_request	21107.25,14348.72 21786.69,15856.96
edge:declared:db.TaxPartnerTbkContract:legal_partner	23600.06,14438.77 22622.53,14699.21
edge:declared:db.TaxPartnerTbkContractItem:tax_partner_tbk_contract	23989.45,14590.05 23773.01,14444.33
edge:declared:db.TaxPartnerTbkSettings:legal_partner	22836.75,15685.26 22517.24,14865.24
edge:declared:db.TbkConsulting:tax_bookkeeping_service_request	21518.05,14233.86 21225.78,14284.15
edge:declared:db.TbkConsulting:tbk_question_thread	21518.05,14215.75 19118.96,14278.16
edge:declared:db.TbkConsultingMemo:tbk_consulting	22049.24,14043.73 21760.26,14163.52
edge:declared:db.TbkConsultingRefusal:incorporation_request	21403.10,15526.42 21730.11,15856.96
edge:declared:db.TbkConsultingStatusLog:tbk_consulting	21473.79,13968.67 21608.24,14163.52
edge:declared:db.TbkContract:tbk_consulting	23168.52,15037.05 21732.76,14261.52
edge:declared:db.TbkContractBenefit:tbk_contract	23362.09,15161.41 23302.30,15119.05
edge:declared:db.TbkContractSettlement:tbk_contract	23312.75,14994.69 23278.03,15037.05
edge:declared:db.ThirdPartyArticleProviderUserRelation:article_provider	20436.81,19991.45 20431.98,19943.37
edge:declared:db.UserApiKeyCompanyAccess:api_key	17129.80,8231.71 17668.89,7510.54
edge:declared:db.UserApiKeyCompanyAccess:selected_companies	17088.20,8313.71 16043.44,12226.49
edge:declared:db.UserApiKeyCompanyRelation:company	16885.91,8188.62 16031.42,12226.49
edge:declared:db.UserApiKeyCompanyRelation:company_access	16956.50,8188.62 17029.60,8231.71
edge:declared:db.UserApiKeyRevocation:api_key	17224.25,7450.79 17575.54,7464.65
edge:declared:db.UserInvitation:company	9753.53,11777.71 15795.50,12423.19
edge:declared:db.UserInvitation:company_user_relation	9505.53,11798.73 7676.89,12304.07
edge:declared:db.UserInvitationInvitee:invitation	7741.54,12644.44 9532.98,11809.46
edge:declared:db.UserInvitationInvitee:stakeholder	7674.96,12718.44 9904.80,19164.24
edge:declared:db.UserInvitationOwnerRoleRelation:owner_role	9402.05,11273.50 9480.02,11133.53
edge:declared:db.UserInvitationOwnerRoleRelation:user_invitation	9401.66,11347.50 9604.94,11719.46
edge:declared:db.UserProfileImageMapping:profile_image	21837.12,18798.60 21655.11,18762.90
edge:declared:db.UserSealCardRelation:seal_card	-894.27,8505.44 -686.65,8400.11
edge:declared:db.ValuationHistory:company	18441.62,12476.39 16175.50,12446.04
edge:declared:db.ValuationServiceRequest:company	17184.09,13336.06 16175.50,12584.98
edge:declared:db.ValuationServiceRequest:company_question_thread	17304.75,13410.06 18834.96,14207.82
edge:declared:db.VcIrRecommendationRequest:venture_capital	35902.73,9747.00 37774.16,12227.48
edge:declared:db.VcIrRecommendationRequestResult:investor_relations	33989.68,8764.97 30725.81,7602.02
edge:declared:db.VcIrRecommendationRequestResult:request	34166.10,8838.97 35802.23,9673.00
edge:declared:db.VcLpReport:venture_capital	37465.11,12975.15 37753.65,12637.48
edge:declared:db.VcLpReportRequest:alimtalk_activity	38091.55,13354.76 36475.41,14052.53
edge:declared:db.VcLpReportRequest:vc_lp_report	38084.15,13272.76 37525.87,13049.15
edge:declared:db.VcLpReportRequestRecipient:alimtalk_activity_recipient	36012.00,13927.06 35428.31,14314.05
edge:declared:db.VcLpReportRequestRecipient:fund_partner	36006.65,13845.06 35667.01,13637.80
edge:declared:db.VcLpReportRequestRecipient:vc_lp_report_request	36206.84,13850.03 38062.51,13347.35
edge:declared:db.VcNameAlias:venture_capital	38943.13,12079.97 38112.83,12368.53
edge:declared:db.VcSearchLog:company	29241.72,6817.76 16175.50,12362.86
edge:declared:db.VcSearchLog:investor_relations	29403.98,6817.76 30417.81,7450.97
edge:declared:db.VcSearchLog:venture_capital	29400.61,6817.76 37744.83,12311.34
edge:declared:db.VcUserRole:venture_capital	31688.21,9253.49 37744.83,12338.75
edge:declared:db.VentureBusinessCertification:attachment	18336.20,15525.02 20431.97,18264.26
edge:declared:db.VentureBusinessCertification:company	18273.56,15443.02 16151.03,12660.49
edge:declared:db.VentureBusinessCertificationExpirationNotificationLog:venture_business_certification	18088.57,15587.58 18219.21,15525.02
edge:declared:db.VentureCapitalEmailTemplates:venture_capital	38433.98,12547.66 38112.83,12474.43
edge:declared:db.VentureCapitalPaymentLink:venture_capital	34483.51,12607.38 37744.83,12441.82
edge:declared:db.VentureCapitalQuarterlyReport:content_template	29700.82,15922.43 31316.54,13365.96
edge:declared:db.VentureCapitalQuarterlyReport:venture_capital	29797.60,15922.43 37744.83,12511.45
edge:declared:db.VentureCapitalQuarterlyReportContentTemplate:venture_capital	31537.42,13302.09 37744.83,12457.51
edge:declared:db.VentureCapitalQuarterlyReportItem:quarterly_report	28137.62,16451.16 29518.30,16024.68
edge:declared:db.VentureCapitalQuarterlyReportItemReply:file_attachment	25437.36,17244.70 20788.00,18432.71
edge:declared:db.VentureCapitalQuarterlyReportItemReply:item	25736.52,17162.70 27866.19,16533.16
edge:declared:db.VentureCapitalQuarterlyReportItemReply:reply	25416.32,17193.24 24781.79,17156.68
edge:declared:db.VentureCapitalQuarterlyReportReply:_deprecated_captable	24443.79,17203.11 20788.00,18418.11
edge:declared:db.VentureCapitalQuarterlyReportReply:company_create_request	24443.79,17140.55 23943.24,17121.62
edge:declared:db.VentureCapitalQuarterlyReportReply:portfolio_company	24751.07,17081.94 30563.38,14349.76
edge:declared:db.VentureCapitalQuarterlyReportReply:quarterly_report	24781.79,17107.88 29518.30,16013.29
edge:declared:db.VentureCapitalSubscription:subscription_plan	38788.09,11040.85 38955.58,11226.40
edge:declared:db.VentureCapitalSubscription:venture_capital	38733.30,11040.85 38047.34,12227.48
edge:declared:db.VentureCapitalSubscriptionPlanPermission:subscription_plan	40374.56,11218.86 39137.09,11262.32
edge:declared:db.VentureCapitalSubscriptionPlanPrice:subscription_plan	38893.86,11887.04 38986.06,11308.40
edge:declared:db.VentureCapitalUserRelation:roles	33800.72,10719.61 31669.37,9253.49
edge:declared:db.VentureCapitalUserRelation:venture_capital	33975.75,10809.61 37744.83,12356.94
edge:declared:db.VentureComplex:address	25230.89,18506.41 24244.01,18880.48
edge:declared:db.VideoCollection:video_contents	18704.52,9448.63 19357.58,8854.84
edge:declared:db.VideoCollectionFeedback:company	18052.90,9952.71 16165.61,12226.49
edge:declared:db.VideoCollectionFeedback:video_collection	18133.70,9878.71 18594.11,9538.63
edge:declared:db.VideoCollectionPermission:company	18482.04,9837.22 16175.50,12245.14
edge:declared:db.VideoCollectionPermission:video_collection	18534.08,9763.22 18634.84,9538.63
edge:declared:db.VideoContentHistory:company	18923.51,9678.52 16175.50,12264.68
edge:declared:db.VideoContentHistory:video_collection	18878.16,9596.52 18752.62,9538.63
edge:declared:db.VideoContentHistory:video_content	18988.76,9596.52 19380.99,8854.84
edge:declared:db.VideoContentSpeecher:video_content	19009.48,8753.67 19278.67,8794.86
edge:declared:db.WhitepaperPreviewFile:whitepaper	327.13,6281.66 292.16,6397.15
edge:declared:db.WhitepaperWatermarkFile:whitepaper	1560.14,5905.90 378.37,6397.15
edge:declared:db.WhtBook:employee	9234.96,15273.30 8630.79,15076.52
edge:declared:db.WhtBook:wht_book_without_date	9289.05,15354.69 9116.94,15455.63
edge:declared:db.WhtBookWithoutDate:employee	9008.63,15455.63 8612.22,15131.27
edge:declared:db.WhtCertificate:employee	10684.72,15113.22 8630.79,15035.63
edge:declared:db.WhtReceipt:employee	10087.73,15139.08 8630.79,15039.93
edge:declared:db.YearEndTaxSettlement:payroll	7529.92,18568.49 4791.49,4917.25
edge:declared:db.YearEndTaxSettlementConfirmationSchedule:year_end_tax_settlement	6794.42,17994.45 7484.83,18568.49
edge:declared:db.YetsAssistance:employee	13877.72,30650.29 5411.45,30509.76
edge:declared:db.YetsAssistanceCreatorYetsEmployee:yets_employee	7397.71,30201.15 5411.45,30486.30
edge:declared:db.YetsAssistanceMessage:assistance	19027.92,30270.61 14125.72,30642.93
edge:declared:db.YetsAssistanceMessage:creator	19027.92,30259.13 12234.45,30146.30
edge:declared:db.YetsAssistanceMessageFile:message	24622.17,31050.29 19275.92,30279.08
edge:declared:db.YetsAssistanceStaffAccessLog:assistance	13112.45,30784.30 13877.72,30670.75
edge:declared:db.YetsAssistanceStaffFavoriteRelation:assistance	14692.57,30474.92 14125.72,30620.50
edge:declared:db.YetsEmail:year_end_tax_settlement	8748.42,19982.69 7578.70,18658.49
edge:declared:db.YetsEmailAuthentication:yets_employee	5258.86,30966.98 5264.09,30572.33
edge:declared:db.YetsEmployee:employee	5278.49,30442.33 8467.75,15131.27
edge:declared:db.YetsEmployee:year_end_tax_settlement	5277.38,30442.33 7530.35,18658.49
edge:declared:db.YetsEmployeeFile:employee	25437.31,32027.37 5411.45,30518.37
edge:declared:db.YetsEmployeeResult:yets_employee	7210.77,29950.70 5411.45,30465.42
edge:declared:db.YetsEmployeeResultAssistanceMessageRelation:assistance_message	12854.71,30057.52 19027.92,30257.18
edge:declared:db.YetsEmployeeResultAssistanceMessageRelation:result	12466.71,30046.30 7458.77,29918.40
edge:declared:db.YetsEmployeeResultStatusLog:result	7885.75,29028.82 7362.74,29870.23
edge:declared:db.YetsEmployeeResultWhtReceipt:result	23994.34,30040.09 7458.77,29916.16
edge:declared:db.YetsEmployeeSubmissionLog:yets_employee	5986.76,30653.15 5411.45,30536.93
edge:declared:db.YetsEmployeeUploadForm:yets_employee	8254.20,30840.43 5411.45,30523.65
edge:declared:db.YetsEmployeeUploadFormStatusLog:yets_employee_upload_form	7866.68,31543.46 8345.09,30890.58
edge:declared:db.ZuzuTaxPhoneToken:phone	3798.51,12359.04 3493.88,12476.44
edge:declared:document_ai.DocumentAiProcessResult:request	28607.42,29787.26 29334.35,27371.06
edge:declared:fi_sta.FiStaCompanyCeo:fi_sta_company	35761.47,30367.87 34766.12,32739.60
edge:declared:fi_sta.FiStaCompanySearchResult:fi_sta_company	34822.35,31532.78 34751.32,32739.60
edge:declared:fi_sta.FiStaContractDocument:participant	32400.06,33295.62 32975.56,33670.38
edge:declared:fi_sta.FiStaContractDocument:stock_transfer_agreement_document	32206.96,33271.54 29651.06,33702.81
edge:declared:fi_sta.FiStaContractDocument:stock_transfer_notice_poa_document	32351.27,33295.62 32455.17,33525.78
edge:declared:fi_sta.FiStaContractDocument:stock_unissued_confirmation_poa_document	32329.45,33205.62 32232.18,30313.96
edge:declared:fi_sta.FiStaManagement:fi_sta_company	37148.54,35079.41 34791.71,32821.60
edge:declared:fi_sta.FiStaParticipant:fi_sta_user	33174.81,33757.54 35420.46,34448.65
edge:declared:fi_sta.FiStaStockTransferAgreementDocument:starter	29651.06,33730.92 32926.81,33719.80
edge:declared:fi_sta.FiStaStockTransferNoticePoaDocument:signer	32608.66,33599.78 32926.81,33685.84
edge:declared:fi_sta.FiStaStockUnissuedConfirmationPoaDocument:signer	32239.75,30313.96 33039.14,33670.38
edge:declared:fi_sta.FiStaTransferStock:stock_transfer_agreement_document	31717.98,33947.78 29651.06,33747.94
edge:declared:fi_sta.FiStaUser:fi_sta_management	35635.07,34521.97 37090.55,35079.41
edge:declared:vertex_ai.VertexAiPredictionResult:request	39734.71,17447.12 39655.45,17530.12
edge:inheritance:db.AgendaBonusIssueNewIssueBalanceCertificateFile->db.FileAttachment	18760.18,19379.05 20408.00,18574.08
edge:inheritance:db.AgendaBonusIssueNewIssueMinutesFile->db.FileAttachment	19418.68,19246.55 20408.00,18604.56
edge:inheritance:db.Announcement->db.QuestionThread	21166.92,12274.67 20987.59,12566.05
edge:inheritance:db.AppointedDirectorCertificateOfSealDocument->db.MeetingDocument	16489.49,28804.09 14888.40,26289.57
edge:inheritance:db.AppointedDirectorResidentRegistrationDocument->db.MeetingDocument	18473.11,26450.96 14940.96,26109.76
edge:inheritance:db.ArticlesOfIncorporationAfterChangeDocument->db.MeetingDocument	21584.15,27775.69 14940.96,26136.49
edge:inheritance:db.ArticlesOfIncorporationBeforeChangeDocument->db.MeetingDocument	16711.04,26018.38 14940.96,26085.79
edge:inheritance:db.ArticlesOfIncorporationDocument->db.MeetingDocument	17953.38,25771.10 14940.96,26074.63
edge:inheritance:db.AuditReportDocument->db.MeetingDocument	18961.85,29121.15 14940.96,26220.96
edge:inheritance:db.BalanceCertificateDocument->db.MeetingDocument	13541.94,22486.15 14696.26,25895.57
edge:inheritance:db.BeforeunloadPdfEvent->db.PdfEvent	33336.02,11155.27 34036.83,11379.54
edge:inheritance:db.BigNumberValueWithVisibility->db.ValueWithVisibility	38556.88,4608.44 37189.44,5833.36
edge:inheritance:db.BranchAbolitionEvent->db.Event	18504.95,18050.55 15742.56,16937.75
edge:inheritance:db.BranchChangeEvent->db.Event	19157.68,18470.64 15742.56,16944.28
edge:inheritance:db.BranchInstallationEvent->db.Event	18625.89,18238.65 15742.56,16944.56
edge:inheritance:db.BulkEmailCommonAttachment->db.FileAttachment	16259.20,17408.99 20408.00,18434.30
edge:inheritance:db.BulkEmailRecipientAttachment->db.FileAttachment	18805.80,18860.97 20408.00,18521.52
edge:inheritance:db.CapitalChangeEvent->db.Event	15037.98,16157.29 15510.40,16769.13
edge:inheritance:db.CaptableAfterNewIssueDocument->db.MeetingDocument	18345.87,27091.89 14940.96,26142.22
edge:inheritance:db.CaptableAtRecordDateDocument->db.MeetingDocument	19396.70,26262.99 14940.96,26099.12
edge:inheritance:db.CaptableBeforeNewIssueDocument->db.MeetingDocument	16909.56,25771.13 14940.96,26065.92
edge:inheritance:db.CeoAddressChangeEvent->db.Event	15933.81,15969.01 15635.24,16769.13
edge:inheritance:db.CeoConfirmationDocument->db.MeetingDocument	18380.10,26128.48 14940.96,26094.34
edge:inheritance:db.CeoTypeChangedCeoResidentRegistrationDocument->db.MeetingDocument	13711.31,24535.20 14629.93,25895.57
edge:inheritance:db.CertificateOfCorporateSealDocument->db.MeetingDocument	19243.11,26635.07 14940.96,26114.12
edge:inheritance:db.CertificateOfSealNotarizationPoaDocument->db.MeetingDocument	14596.61,27151.97 14732.03,26289.57
edge:inheritance:db.CmeBulkEmail->db.BulkEmail	17577.65,16556.38 13712.71,17219.43
edge:inheritance:db.CmeBulkEmailRecipient->db.BulkEmailRecipient	18608.77,16676.68 17309.58,19060.77
edge:inheritance:db.CmeBulkEmailTemplate->db.BulkEmailTemplate	19828.63,15033.86 19382.16,15095.64
edge:inheritance:db.CoCeoSystemChangeEvent->db.Event	15942.53,15516.77 15622.42,16769.13
edge:inheritance:db.CompanyAddressChangeEvent->db.Event	19274.88,18337.14 15742.56,16936.80
edge:inheritance:db.CompanyBulkEmailTemplate->db.BulkEmailTemplate	18697.45,14505.96 19220.28,15071.80
edge:inheritance:db.CompanyDocumentDelivery->db.DocumentDelivery	18491.95,12600.90 19579.55,12623.07
edge:inheritance:db.CompanyEndorsementFeed->db.CompanyFeed	26192.80,6363.26 27802.89,3680.72
edge:inheritance:db.CompanyFeed->db.Feed	27834.87,3680.72 27845.29,6924.58
edge:inheritance:db.CompanyIrClosingFeed->db.CompanyFeed	29204.80,6188.41 27863.06,3680.72
edge:inheritance:db.CompanyIrNewCommitFeed->db.CompanyFeed	29779.45,6047.07 27877.30,3680.72
edge:inheritance:db.CompanyIrOpenFeed->db.CompanyFeed	29950.30,5521.57 27893.91,3680.72
edge:inheritance:db.CompanyNewsFeed->db.CompanyFeed	21439.05,6976.21 27733.47,3680.72
edge:inheritance:db.CompanyOwnerAuditLog->db.AuditLog	9504.60,8061.66 17925.76,5647.07
edge:inheritance:db.CompanyPaymentLink->db.PaymentLink	22956.66,12201.26 25045.63,13154.74
edge:inheritance:db.CompanyQuestionThread->db.QuestionThread	19083.33,14192.85 20862.66,12704.05
edge:inheritance:db.CompanyTanTableView->db.TanTableView	10594.71,9951.73 11006.15,9823.80
edge:inheritance:db.ConsentFormModusignDocument->db.ModusignDocument	27786.04,35743.84 23735.54,20721.31
edge:inheritance:db.ConsentFormModusignEmbeddedDraft->db.ModusignEmbeddedDraft	24529.67,24760.11 23037.54,21944.93
edge:inheritance:db.ConsentFormOptionItem->db.ConsentFormItem	23552.63,24308.36 24278.65,26812.19
edge:inheritance:db.CorporateRegistrationDocument->db.MeetingDocument	16690.67,28996.06 14893.75,26289.57
edge:inheritance:db.CustomOptionGrantContractTemplate->db.OptionGrantContractTemplate	19965.26,16154.13 19562.76,16161.88
edge:inheritance:db.CustomOptionGrantContractTemplateRevision->db.OptionGrantContractTemplateRevision	20482.59,16613.13 20390.87,16482.66
edge:inheritance:db.DebtConfirmationAndOffsetContractDocument->db.MeetingDocument	17440.74,25339.95 14940.96,26042.54
edge:inheritance:db.Director->db.Stakeholder	16473.08,16490.64 10125.11,19249.11
edge:inheritance:db.DirectorAppointmentEvent->db.Event	15982.17,16285.05 15665.80,16769.13
edge:inheritance:db.DirectorCompensationDecisionEvent->db.Event	16297.32,16853.14 15742.56,16872.87
edge:inheritance:db.DirectorCompensationLimitEvent->db.Event	16247.18,16710.45 15742.56,16840.10
edge:inheritance:db.DirectorDecisionDocument->db.MeetingDocument	19012.31,27008.91 14940.96,26130.95
edge:inheritance:db.DirectorResidentRegistrationWithAddressChangeHistoryDocument->db.MeetingDocument	14614.98,24723.60 14741.67,25895.57
edge:inheritance:db.DirectorTermEndEvent->db.Event	16106.30,16443.56 15722.92,16769.13
edge:inheritance:db.DirectorsMeetingMinutesDocument->db.MeetingDocument	16762.35,25880.70 14940.96,26073.71
edge:inheritance:db.DirectorsMeetingNoticeDocument->db.MeetingDocument	16359.60,29167.83 14865.24,26289.57
edge:inheritance:db.DirectorsMeetingNoticeEmail->db.BulkEmail	15523.60,19122.42 13653.92,17310.73
edge:inheritance:db.DirectorsMeetingNoticeEmailRecipient->db.BulkEmailRecipient	16162.83,19307.40 17148.52,19139.87
edge:inheritance:db.DirectorsMeetingSkipNoticeDocument->db.MeetingDocument	15770.65,29476.38 14821.63,26289.57
edge:inheritance:db.DocumentLoadedPdfEvent->db.PdfEvent	33916.97,11242.11 34104.38,11378.22
edge:inheritance:db.ESOPParticipant->db.Employee	9089.05,15937.14 8555.64,15131.27
edge:inheritance:db.ElectronicCertificateApplicationFormDocument->db.MeetingDocument	8803.11,23752.81 14584.96,26022.69
edge:inheritance:db.ElectronicCertificateCaseReportDocument->db.MeetingDocument	8595.59,23134.64 14584.96,26007.20
edge:inheritance:db.Employee->db.Stakeholder	8523.40,15131.27 9905.31,19164.24
edge:inheritance:db.EmployeeOptionExerciseEvent->db.Event	15744.77,17197.08 15645.90,16987.13
edge:inheritance:db.EmployeeOptionExerciseManagementEmail->db.BulkEmail	13285.50,15188.93 13572.72,17172.73
edge:inheritance:db.EmployeeOptionGrantee->db.Employee	8951.63,13735.49 8524.89,14929.27
edge:inheritance:db.EmployeeStockGuideEmail->db.BulkEmail	12294.26,17133.00 13452.71,17230.76
edge:inheritance:db.ExpertClientSignupChannel->db.SignupChannel	24256.47,14858.23 24950.37,14615.14
edge:inheritance:db.FeeReceiptDocument->db.MeetingDocument	16593.49,28185.19 14935.29,26289.57
edge:inheritance:db.FileValueWithVisibility->db.ValueWithVisibility	38386.22,5854.07 37266.13,5868.81
edge:inheritance:db.FinancialStatementsDocument->db.MeetingDocument	19376.57,27367.86 14940.96,26141.77
edge:inheritance:db.FinancialStatementsForNewIssueFromConversionDocument->db.MeetingDocument	15891.56,23475.32 14847.91,25895.57
edge:inheritance:db.HrmAlpUsagePlan->db.HrmApprovable	5342.26,18167.57 2975.40,17842.31
edge:inheritance:db.HrmAnnualLeave->db.HrmLeaveBase	3796.80,21692.88 3249.30,21025.83
edge:inheritance:db.HrmAnnualLeaveFiscalBasedConfig->db.HrmAnnualLeaveConfigBase	4122.79,24962.65 3813.10,22607.43
edge:inheritance:db.HrmAnnualLeaveHireBasedConfig->db.HrmAnnualLeaveConfigBase	3719.27,24148.10 3806.14,22607.43
edge:inheritance:db.HrmAttendance->db.HrmApprovable	3655.14,17824.46 2975.40,17825.15
edge:inheritance:db.HrmAttendanceLocation->db.HrmApprovable	5201.54,17133.65 2975.40,17788.78
edge:inheritance:db.HrmCertificateIssue->db.HrmApprovable	5869.30,16177.67 2941.15,17776.27
edge:inheritance:db.HrmCompensatoryLeave->db.HrmLeaveBase	1966.75,20735.76 3053.38,20928.68
edge:inheritance:db.HrmCustomLeave->db.HrmLeaveBase	2479.52,20748.74 3053.38,20913.73
edge:inheritance:db.HrmDeptAbolishedEvent->db.HrmDeptStatusEventBase	21.47,22520.04 -46.00,21411.10
edge:inheritance:db.HrmDeptCreatedEvent->db.HrmDeptStatusEventBase	-157.55,20735.04 -55.53,21329.10
edge:inheritance:db.HrmDeptNameChangedEvent->db.HrmDeptNameEventBase	-1106.63,19815.27 -1438.96,20044.28
edge:inheritance:db.HrmDeptNameEventBase->db.HrmDeptEventBase	-1438.44,20118.28 -1191.56,20286.80
edge:inheritance:db.HrmDeptParentChangedEvent->db.HrmDeptParentEventBase	-827.98,19981.08 -341.30,19998.36
edge:inheritance:db.HrmDeptParentEventBase->db.HrmDeptEventBase	-328.58,20039.55 -1032.07,20286.80
edge:inheritance:db.HrmDeptStatusEventBase->db.HrmDeptEventBase	-91.16,21329.10 -1098.84,20360.80
edge:inheritance:db.HrmDocument->db.HrmApprovable	2122.65,15636.13 2835.09,17776.27
edge:inheritance:db.HrmEmpAbsenceEvent->db.HrmEmpStatusEventBase	4760.71,15743.33 4912.74,15889.00
edge:inheritance:db.HrmEmpAffiliationChangedEvent->db.HrmEmpAffiliationEventBase	3117.79,16877.35 3496.15,16979.66
edge:inheritance:db.HrmEmpAffiliationEventBase->db.HrmEmpEventBase	3678.00,16977.00 4043.66,16730.34
edge:inheritance:db.HrmEmpContractModusignDocument->db.ModusignDocument	28660.25,37316.53 23737.73,20721.31
edge:inheritance:db.HrmEmpDepartedEvent->db.HrmEmpStatusEventBase	5709.56,15860.48 5092.05,15928.37
edge:inheritance:db.HrmEmpEmploymentTypeChangedEvent->db.HrmEmpEmploymentTypeEventBase	4750.36,17172.35 4682.35,17257.81
edge:inheritance:db.HrmEmpEmploymentTypeEventBase->db.HrmEmpEventBase	4618.80,17257.81 4132.61,16730.34
edge:inheritance:db.HrmEmpJobChangedEvent->db.HrmEmpJobEventBase	3528.55,16299.03 3529.90,16627.21
edge:inheritance:db.HrmEmpJobEventBase->db.HrmEmpEventBase	3648.05,16670.26 3980.51,16687.29
edge:inheritance:db.HrmEmpJoinedEvent->db.HrmEmpStatusEventBase	4998.54,16442.59 4971.28,15995.00
edge:inheritance:db.HrmEmpReturnToWorkEvent->db.HrmEmpStatusEventBase	5130.05,15743.33 5011.27,15889.00
edge:inheritance:db.HrmEmpStatusEventBase->db.HrmEmpEventBase	4906.71,15995.00 4141.33,16656.34
edge:inheritance:db.HrmFamilyCareLeave->db.HrmLeaveBase	1966.75,20841.86 3053.38,20940.49
edge:inheritance:db.HrmFixedWork->db.HrmWorkBase	1857.41,18789.28 1836.65,18940.84
edge:inheritance:db.HrmGrantableLeave->db.HrmLeaveBase	3495.38,20242.28 3220.82,20879.83
edge:inheritance:db.HrmInfertilityTreatmentLeave->db.HrmLeaveBase	2971.69,20332.72 3163.75,20879.83
edge:inheritance:db.HrmLeaveUsage->db.HrmApprovable	6866.44,18384.81 2975.40,17842.55
edge:inheritance:db.HrmMaternityLeave->db.HrmLeaveBase	1966.75,21054.04 3053.38,20964.09
edge:inheritance:db.HrmMenstrualLeave->db.HrmLeaveBase	2494.74,21273.91 3053.38,21015.69
edge:inheritance:db.HrmMiscarriageLeave->db.HrmLeaveBase	1966.75,21160.14 3053.38,20975.89
edge:inheritance:db.HrmPaternityLeave->db.HrmLeaveBase	2479.52,21147.75 3053.38,20990.17
edge:inheritance:db.HrmPersonalLocation->db.HrmApprovable	6276.95,16318.32 2962.79,17776.27
edge:inheritance:db.HrmReserveTrainingLeave->db.HrmLeaveBase	2262.37,21589.57 3083.10,21025.83
edge:inheritance:db.HrmSelectiveWork->db.HrmWorkBase	1914.19,19171.77 1859.13,19062.84
edge:inheritance:db.HrmSelectiveWorkPlan->db.HrmApprovable	3920.90,18097.19 2975.40,17856.80
edge:inheritance:db.HrmStaggeredWork->db.HrmWorkBase	769.91,19504.33 1699.81,19062.84
edge:inheritance:db.IBKSignupChannel->db.SignupChannel	25874.53,14585.54 25191.40,14575.89
edge:inheritance:db.IaCertificateOfInvestmentDocument->db.InvestmentAssociationDocument	36809.14,18586.91 35935.77,19258.94
edge:inheritance:db.IaConsentFormDocument->db.InvestmentAssociationDocument	36256.74,18527.41 35887.30,19258.94
edge:inheritance:db.IaConsentFormOrMeetingElectronicSignatureRequestModusignDocument->db.ModusignDocument	29354.81,20384.62 23849.70,20634.15
edge:inheritance:db.IaConsentFormOrMeetingElectronicSignatureRequestModusignEmbeddedDraft->db.ModusignEmbeddedDraft	29321.52,20537.43 23133.45,21865.32
edge:inheritance:db.IaConsentFormOrMeetingElectronicSignatureRequiredDocument->db.InvestmentAssociationDocument	33929.70,19888.64 35713.49,19362.15
edge:inheritance:db.IaExpertPartnerBulkEmailTemplate->db.BulkEmailTemplate	21343.98,15324.46 19382.16,15125.38
edge:inheritance:db.IaExplanationFormForElectronicSignatureDocument->db.InvestmentAssociationDocument	37595.41,18599.24 35999.49,19260.67
edge:inheritance:db.IaGpAppointmentEvent->db.InvestmentAssociationEvent	35506.02,17869.09 33494.49,17657.63
edge:inheritance:db.IaGpTerminationEvent->db.InvestmentAssociationEvent	35840.14,18162.72 33494.49,17670.22
edge:inheritance:db.IaMeetingAgendaCustom->db.IaMeetingAgenda	35962.31,20828.89 35643.81,20567.02
edge:inheritance:db.IaMeetingMinutesDocument->db.InvestmentAssociationDocument	35203.87,19987.04 35796.81,19380.94
edge:inheritance:db.IaMeetingNoticeDocument->db.InvestmentAssociationDocument	34922.03,19870.68 35752.99,19380.94
edge:inheritance:db.IaMeetingSealedNoticeDocumentFile->db.FileAttachment	32550.86,20046.76 20788.00,18506.14
edge:inheritance:db.IaMeetingShortenPeriodDocument->db.InvestmentAssociationDocument	36423.45,19371.78 35999.49,19333.01
edge:inheritance:db.IaModusignDocumentUsageHistory->db.BaseModusignDocumentUsageHistory	27313.45,14551.38 25282.57,13772.88
edge:inheritance:db.IaOwnerAuditLog->db.AuditLog	25060.82,7588.08 18161.76,5646.45
edge:inheritance:db.IaPartnerListDocument->db.InvestmentAssociationDocument	35717.99,19129.87 35812.04,19258.94
edge:inheritance:db.IaPaymentLink->db.PaymentLink	27219.95,13258.98 25268.22,13203.28
edge:inheritance:db.IaPfCompanyInvestmentSalesIntent->db.SalesIntent	35389.98,22971.93 35545.27,23051.51
edge:inheritance:db.IaQuestionThread->db.QuestionThread	26393.84,13595.13 21075.12,12657.96
edge:inheritance:db.IaRuleDocument->db.InvestmentAssociationDocument	32702.46,19240.24 35713.49,19316.33
edge:inheritance:db.IaSealStampImage->db.FileAttachment	22044.89,18267.23 20788.00,18453.16
edge:inheritance:db.IaWrittenResolutionDocument->db.InvestmentAssociationDocument	37190.96,19416.38 35999.49,19330.27
edge:inheritance:db.ImAcVcBroker->db.ImZuzuBroker	29423.82,12313.13 31922.64,12204.71
edge:inheritance:db.ImIndividualGpBroker->db.ImZuzuBroker	31682.19,12352.18 31953.72,12236.59
edge:inheritance:db.ImInvestorBroker->db.ImBroker	35094.31,12293.93 32843.81,12158.55
edge:inheritance:db.ImIrPartnerBroker->db.ImBroker	31295.90,12063.35 32595.81,12143.45
edge:inheritance:db.ImPitchingDay->db.ImDay	32683.07,10828.62 33620.77,10928.80
edge:inheritance:db.ImPitchingDayParticipation->db.ImDayParticipation	31143.93,9606.58 33092.55,10677.92
edge:inheritance:db.ImZuzuBroker->db.ImBroker	32158.64,12191.16 32595.81,12159.94
edge:inheritance:db.InauguralConsentDocument->db.MeetingDocument	13410.86,23083.45 14674.44,25895.57
edge:inheritance:db.IncorporationRequestAssistanceReceipt->db.FileAttachment	22047.20,16857.91 20788.00,18268.43
edge:inheritance:db.IndividualStakeholder->db.Stakeholder	7738.60,21912.63 9824.58,19478.24
edge:inheritance:db.IndividualStockOptionCancelEvent->db.IndividualInvestorEvent	38435.66,28675.92 37152.37,28060.00
edge:inheritance:db.IndividualStockOptionExerciseEvent->db.IndividualInvestorEvent	38865.93,29743.79 37105.65,28060.00
edge:inheritance:db.IndividualStockOptionGrantEvent->db.IndividualInvestorEvent	37207.35,26327.13 37062.58,27970.00
edge:inheritance:db.IndividualStockOptionPauseEvent->db.IndividualInvestorEvent	32754.57,27318.35 36934.61,27994.93
edge:inheritance:db.IndividualStockOptionResumeEvent->db.IndividualInvestorEvent	33523.78,29378.17 36941.92,28060.00
edge:inheritance:db.IndividualStockOptionSalesIntent->db.SalesIntent	34020.94,23103.55 35499.48,23089.62
edge:inheritance:db.InputSignupChannel->db.SignupChannel	25968.44,15025.23 25149.30,14615.14
edge:inheritance:db.InstitutionStakeholder->db.Stakeholder	10051.64,21126.14 9967.16,19478.24
edge:inheritance:db.InvestmentAssociationAssociationPartner->db.InvestmentAssociationOrganizationPartner	36502.45,15918.74 38114.92,16816.84
edge:inheritance:db.InvestmentAssociationCorporationPartner->db.InvestmentAssociationOrganizationPartner	39201.95,15965.32 38257.26,16816.84
edge:inheritance:db.InvestmentAssociationIndividualPartner->db.InvestmentAssociationPartner	36647.25,17122.85 39383.42,18196.02
edge:inheritance:db.InvestmentAssociationOrganizationPartner->db.InvestmentAssociationPartner	38249.99,16914.84 39435.67,18148.60
edge:inheritance:db.InvestmentAssociationOrganizationPartnerCorporationSigner->db.InvestmentAssociationOrganizationPartnerSigner	38565.53,14904.67 38120.34,15049.32
edge:inheritance:db.InvestmentAssociationOrganizationPartnerIndividualSigner->db.InvestmentAssociationOrganizationPartnerSigner	37818.77,14963.00 37925.96,15049.32
edge:inheritance:db.InvestmentAssociationPartnerSalesIntent->db.SalesIntent	37022.05,21862.27 35659.86,23051.51
edge:inheritance:db.InvestmentContractHolder->db.Stakeholder	11416.09,16087.32 10029.84,19164.24
edge:inheritance:db.InvestorRelations->db.InvestorMatching	30486.79,7676.15 28407.96,10830.44
edge:inheritance:db.IrClosingComplete->db.IrClosing	31974.78,5141.94 33065.76,6625.62
edge:inheritance:db.IrClosingExpired->db.IrClosing	33082.52,7190.72 33094.86,6707.62
edge:inheritance:db.IrClosingIncomplete->db.IrClosing	34178.60,6699.07 33219.91,6670.34
edge:inheritance:db.IrConsultingRequest->db.ImConsultingRequest	27870.43,9899.00 27193.87,9368.52
edge:inheritance:db.IrFeed->db.Feed	30293.01,7815.08 27951.52,6998.58
edge:inheritance:db.IrosOtpIssueMeetingDocument->db.MeetingDocument	9703.27,22625.35 14584.96,25970.59
edge:inheritance:db.LawtalkSignupAttachment->db.FileAttachment	19024.38,16818.85 20408.00,18280.54
edge:inheritance:db.LedgerByCustomerDocument->db.MeetingDocument	17173.39,23508.11 14940.96,25901.72
edge:inheritance:db.LegalPartnerSignupChannel->db.SignupChannel	24016.08,14732.48 24943.40,14592.82
edge:inheritance:db.ManualOptionVesting->db.OptionVesting	14511.47,18547.92 14538.22,18441.66
edge:inheritance:db.ManualProduct->db.Product	24491.17,12141.65 24623.87,12208.80
edge:inheritance:db.MeetingAttachment->db.FileAttachment	18528.09,17710.84 20408.00,18410.54
edge:inheritance:db.Mna->db.InvestorMatching	27942.48,10727.77 28204.67,10854.70
edge:inheritance:db.MnaConsultingRequest->db.ImConsultingRequest	26662.45,9364.98 27017.58,9337.21
edge:inheritance:db.NcpSignupChannel->db.SignupChannel	26669.84,14986.87 25191.40,14606.08
edge:inheritance:db.NewCeoCertificateOfSealDocument->db.MeetingDocument	17723.48,26456.66 14940.96,26114.46
edge:inheritance:db.NewCeoResidentRegistrationDocument->db.MeetingDocument	17266.79,29374.09 14913.27,26289.57
edge:inheritance:db.NewIssueNoticeEmail->db.BulkEmail	13100.00,20773.81 13573.28,17310.73
edge:inheritance:db.NewIssueSkipNoticeDocument->db.MeetingDocument	15273.37,23116.30 14796.74,25895.57
edge:inheritance:db.NewIssueStockAcceptanceDocument->db.MeetingDocument	17756.31,26065.83 14940.96,26090.98
edge:inheritance:db.NewIssueStockAllocationDocument->db.MeetingDocument	17813.75,23939.29 14940.96,25966.94
edge:inheritance:db.NewIssueStockAllocationRecordDateNoticeDocument->db.MeetingDocument	20315.64,23947.60 14940.96,26023.81
edge:inheritance:db.NewIssueStockSubscriptionDocument->db.MeetingDocument	17518.43,25175.97 14940.96,26033.36
edge:inheritance:db.NewIssueStockUnissuedConfirmationDocument->db.MeetingDocument	18059.80,25462.33 14940.96,26058.54
edge:inheritance:db.NonUnifiedShareManagementSalesIntent->db.SalesIntent	33126.66,24767.60 35562.59,23125.51
edge:inheritance:db.NonUnifiedShareSucPoaModusignDocument->db.ModusignDocument	24843.08,20991.88 23849.70,20682.65
edge:inheritance:db.NotarizationPoaDocument->db.MeetingDocument	19923.11,27077.87 14940.96,26126.56
edge:inheritance:db.OptionExerciseClaimAttachment->db.FileAttachment	12808.53,17557.11 20408.00,18458.72
edge:inheritance:db.OptionExerciseClaimMeetingDocument->db.MeetingDocument	13202.35,21620.44 14694.21,25895.57
edge:inheritance:db.OptionExerciseManagementEmail->db.BulkEmail	13704.58,16531.26 13594.55,17172.73
edge:inheritance:db.OptionGrantContractCeo->db.OptionGrantContractStakeholder	19682.22,15395.47 19224.19,15306.38
edge:inheritance:db.OptionGrantContractFirstRefusalRightHolder->db.OptionGrantContractStakeholder	19687.51,15289.48 19224.19,15280.94
edge:inheritance:db.OptionGrantContractModusignDocument->db.ModusignDocument	21616.18,19487.19 23577.70,20565.54
edge:inheritance:db.OptionGrantContractModusignEmbeddedDraft->db.ModusignEmbeddedDraft	22092.38,20845.59 22963.00,21838.93
edge:inheritance:db.OptionGrantEvent->db.Event	14982.55,18485.51 15553.06,16987.13
edge:inheritance:db.OptionGrantee->db.Stakeholder	13852.41,19185.14 10125.11,19315.44
edge:inheritance:db.OptionWithdrawEvent->db.Event	15221.65,15931.21 15551.63,16769.13
edge:inheritance:db.OtherDocumentArchiveAttachment->db.FileAttachment	20193.86,17125.50 20533.31,18264.26
edge:inheritance:db.PageNumberUpdatedPdfEvent->db.PdfEvent	34593.10,11473.14 34284.83,11434.69
edge:inheritance:db.PayrollStatementEmail->db.BulkEmail	10620.51,17131.90 13452.71,17236.91
edge:inheritance:db.PayrollStatementEmailRecipient->db.BulkEmailRecipient	10299.41,18687.69 17148.52,19109.76
edge:inheritance:db.PerformanceRsuVestingItem->db.RsuVestingItem	14507.52,14816.91 14316.58,14829.14
edge:inheritance:db.PeriodPhantomStockVestingItem->db.PhantomStockVestingItem	8703.99,18293.37 8493.78,18009.48
edge:inheritance:db.PeriodRsuVestingItem->db.RsuVestingItem	14591.32,14716.95 14316.58,14799.72
edge:inheritance:db.PeriodicOptionVesting->db.OptionVesting	14198.02,18520.73 14436.12,18441.66
edge:inheritance:db.PhantomStockCancelEvent->db.Event	14697.49,17125.93 15446.56,16919.01
edge:inheritance:db.PhantomStockExerciseEvent->db.Event	15225.04,17351.77 15509.52,16987.13
edge:inheritance:db.PhantomStockGrantEvent->db.Event	14660.92,16917.10 15446.56,16884.31
edge:inheritance:db.PhantomStockGrantee->db.Stakeholder	9256.85,18199.56 9860.82,19164.24
edge:inheritance:db.PhantomStockPauseEvent->db.Event	15076.44,16296.96 15497.38,16769.13
edge:inheritance:db.PhantomStockResumeEvent->db.Event	15441.55,16176.51 15570.79,16769.13
edge:inheritance:db.PingpongDeliveryAddress->db.Address	23650.15,14235.06 24078.32,18813.85
edge:inheritance:db.Playbook->db.MembershipContent	-1668.93,4499.94 -1435.93,4958.39
edge:inheritance:db.Post->db.MembershipContent	-1867.34,4981.27 -1537.06,4997.35
edge:inheritance:db.ProofOfEmploymentDocument->db.MeetingDocument	18637.36,27984.11 14940.96,26179.47
edge:inheritance:db.QuarterlyReportRequestAttachment->db.FileAttachment	27928.96,16909.74 20788.00,18440.53
edge:inheritance:db.QuarterlyReportSignupChannel->db.SignupChannel	27930.61,14806.51 25191.40,14584.20
edge:inheritance:db.QuestionMessageAttachment->db.FileAttachment	22224.12,15127.81 20703.23,18264.26
edge:inheritance:db.RegistrationAssistanceReceipt->db.FileAttachment	21637.62,16995.50 20749.84,18264.26
edge:inheritance:db.RegistrationFormAllInOneDocument->db.MeetingDocument	16320.61,25768.78 14940.96,26055.57
edge:inheritance:db.RegistrationFormAoiChangeDocument->db.MeetingDocument	13473.64,26244.26 14584.96,26113.51
edge:inheritance:db.RegistrationFormBranchChangeDocument->db.MeetingDocument	19518.65,28078.58 14940.96,26166.90
edge:inheritance:db.RegistrationFormCaptableDocument->db.MeetingDocument	16881.95,24649.42 14940.96,25971.34
edge:inheritance:db.RegistrationFormCeoAddressChangeDocument->db.MeetingDocument	16743.66,25040.65 14940.96,25998.04
edge:inheritance:db.RegistrationFormDirectorChangeDocument->db.MeetingDocument	17804.04,27978.55 14940.96,26202.96
edge:inheritance:db.RegistrationFormHeadOfficeInsideRelocationDocument->db.MeetingDocument	19075.65,23609.78 14940.96,25990.10
edge:inheritance:db.RegistrationFormHeadOfficeOutsideRelocationDocument->db.MeetingDocument	19637.95,24024.29 14940.96,26017.05
edge:inheritance:db.RegistrationFormNewIssueDocument->db.MeetingDocument	16324.39,24043.58 14913.08,25895.57
edge:inheritance:db.RegistrationFormNewOptionsRuleDocument->db.MeetingDocument	14495.65,27320.68 14720.08,26289.57
edge:inheritance:db.RegistrationPoaDocument->db.MeetingDocument	16122.50,29619.64 14838.90,26289.57
edge:inheritance:db.RegularProduct->db.Product	24540.97,12377.01 24652.99,12282.80
edge:inheritance:db.ResignationLetterDocument->db.MeetingDocument	13055.67,24299.75 14584.96,25905.65
edge:inheritance:db.ResignedDirectorCertificateOfSealDocument->db.MeetingDocument	13976.12,25960.77 14584.96,26062.76
edge:inheritance:db.RsaForfeitEvent->db.Event	15078.09,16852.90 15446.56,16870.90
edge:inheritance:db.RsaVestConfirmEvent->db.Event	15989.68,16564.24 15731.77,16769.13
edge:inheritance:db.RsuCancelEvent->db.Event	15169.55,15804.53 15551.41,16769.13
edge:inheritance:db.RsuExerciseClaimCandidateEmailRecipient->db.BulkEmailRecipient	12496.82,16682.81 17166.59,19060.77
edge:inheritance:db.RsuExerciseEvent->db.Event	14976.29,16504.37 15446.56,16788.66
edge:inheritance:db.RsuExerciseManagementEmail->db.BulkEmail	12381.20,16299.63 13494.71,17172.73
edge:inheritance:db.RsuGrantContractModusignDocument->db.ModusignDocument	21671.99,19286.39 23591.55,20559.31
edge:inheritance:db.RsuGrantEvent->db.Event	14878.55,16749.23 15446.56,16851.49
edge:inheritance:db.RsuGrantee->db.Stakeholder	12079.64,16925.69 10098.09,19164.24
edge:inheritance:db.RsuPauseEvent->db.Event	14840.31,17329.70 15446.56,16966.74
edge:inheritance:db.RsuPerformanceAchievementEvent->db.Event	15269.59,16632.57 15450.31,16769.13
edge:inheritance:db.RsuResumeEvent->db.Event	15159.37,17182.20 15446.56,16981.54
edge:inheritance:db.RtccEmail->db.BulkEmail	13840.07,17111.67 13712.71,17176.03
edge:inheritance:db.RtccInvestorFile->db.FileAttachment	16856.49,17740.67 20408.00,18443.65
edge:inheritance:db.SafeCreateEvent->db.Event	16602.69,17459.60 15742.56,16963.49
edge:inheritance:db.SalesReportDocument->db.MeetingDocument	14066.81,27512.00 14666.34,26289.57
edge:inheritance:db.SealStampCardContinuedUseApplicationFormDocument->db.MeetingDocument	9309.71,23288.16 14584.96,26001.03
edge:inheritance:db.SealStampDeclarationDocument->db.MeetingDocument	9611.28,23136.75 14584.96,25990.44
edge:inheritance:db.SealStampImage->db.FileAttachment	17246.08,15819.28 20408.00,18330.37
edge:inheritance:db.SealedOptionGrantContractDocument->db.MeetingDocument	20043.77,26224.21 14940.96,26097.01
edge:inheritance:db.SealedOptionGrantShareholdersMeetingResolutionDocument->db.MeetingDocument	13014.94,26438.10 14584.96,26127.76
edge:inheritance:db.Shareholder->db.Stakeholder	10672.92,22672.54 9992.55,19478.24
edge:inheritance:db.ShareholdersAgreementModusignDocument->db.ModusignDocument	22799.58,20599.82 23577.70,20634.29
edge:inheritance:db.ShareholdersAgreementModusignEmbeddedDraft->db.ModusignEmbeddedDraft	22633.98,21980.84 22885.45,21921.29
edge:inheritance:db.ShareholdersCertificateOfSealDocument->db.MeetingDocument	13600.00,27885.95 14635.21,26289.57
edge:inheritance:db.ShareholdersMeetingAuditReportDocument->db.MeetingDocument	18267.20,29437.81 14940.96,26262.49
edge:inheritance:db.ShareholdersMeetingConvocationNoticeEmail->db.BulkEmail	18001.09,20697.24 13670.94,17310.73
edge:inheritance:db.ShareholdersMeetingConvocationNoticeEmailAttachment->db.FileAttachment	20000.14,20382.90 20529.78,18698.26
edge:inheritance:db.ShareholdersMeetingConvocationNoticeEmailRecipient->db.ShareholdersMeetingConvocationNoticeRecipient	22625.25,22448.04 21080.13,21999.48
edge:inheritance:db.ShareholdersMeetingConvocationNoticeWrittenRecipient->db.ShareholdersMeetingConvocationNoticeRecipient	19515.22,21752.80 20727.12,21926.16
edge:inheritance:db.ShareholdersMeetingMinutesDocument->db.MeetingDocument	14104.89,26463.65 14584.96,26192.94
edge:inheritance:db.ShareholdersMeetingNoticeDocument->db.MeetingDocument	21074.36,27154.10 14940.96,26122.51
edge:inheritance:db.ShareholdersMeetingPowerOfAttorneyDocument->db.MeetingDocument	19082.74,27499.89 14940.96,26150.56
edge:inheritance:db.ShareholdersMeetingPowerOfAttorneyIndividualDocument->db.MeetingDocument	16185.98,23695.49 14879.91,25895.57
edge:inheritance:db.ShareholdersMeetingShortenPeriodDocument->db.MeetingDocument	11684.11,29208.13 14584.96,26272.69
edge:inheritance:db.ShareholdersMeetingShortenPeriodIndividualDocument->db.MeetingDocument	16331.58,23297.74 14873.53,25895.57
edge:inheritance:db.ShareholdersMeetingSkipNoticeDocument->db.MeetingDocument	15026.83,28097.57 14788.89,26289.57
edge:inheritance:db.ShareholdersMeetingWrittenDecisionDocument->db.MeetingDocument	13351.03,26603.90 14584.96,26157.03
edge:inheritance:db.ShareholdersMeetingWrittenDecisionIndividualDocument->db.MeetingDocument	16483.69,23888.08 14916.73,25895.57
edge:inheritance:db.ShareholdersWrittenResolutionDocument->db.MeetingDocument	20729.90,28291.96 14940.96,26158.18
edge:inheritance:db.StockTransferAgreementModusignDocument->db.ModusignDocument	20645.61,20274.04 23577.70,20624.07
edge:inheritance:db.StockTransferAgreementModusignEmbeddedDraft->db.ModusignEmbeddedDraft	20790.63,20644.07 22915.21,21838.93
edge:inheritance:db.SubscriptionModusignDocumentUsageHistory->db.BaseModusignDocumentUsageHistory	25774.43,13659.61 25331.11,13713.11
edge:inheritance:db.TaxReceiptDocument->db.MeetingDocument	16009.19,24994.84 14940.96,25935.78
edge:inheritance:db.Template->db.MembershipContent	-1780.69,5151.66 -1524.64,5048.39
edge:inheritance:db.TextValueWithVisibility->db.ValueWithVisibility	37917.83,5999.11 37266.13,5890.10
edge:inheritance:db.UserProfileImage->db.FileAttachment	21407.11,18704.39 20788.00,18533.66
edge:inheritance:db.VentureCapitalPaymentLink->db.PaymentLink	34243.51,12621.10 25268.22,13191.85
edge:inheritance:db.Webinar->db.MembershipContent	-2023.43,4732.61 -1514.49,4958.39
edge:inheritance:db.Whitepaper->db.MembershipContent	231.37,6397.15 -1359.97,5048.39
edge:inheritance:db.WrittenStatementDocument->db.MeetingDocument	14097.63,26082.82 14584.96,26089.96
edge:inheritance:db.YetsAssistanceCreatorUser->db.YetsAssistanceCreator	11748.64,30332.13 12043.98,30181.34
edge:inheritance:db.YetsAssistanceCreatorYetsEmployee->db.YetsAssistanceCreator	7674.71,30180.15 11998.45,30145.29
edge:inheritance:db.YetsAssistanceMessageFile->db.FileAttachment	24729.99,31030.60 20669.45,18698.26
edge:inheritance:db.YetsEmail->db.BulkEmail	8845.05,19982.69 13463.45,17310.73
edge:inheritance:db.YetsEmployeeFile->db.FileAttachment	25543.77,31999.41 20677.39,18698.26
edge:inheritance:db.YetsEmployeeResultWhtReceipt->db.FileAttachment	24117.54,30004.10 20664.28,18698.26
edge:inheritance:db.ZuzuOptionGrantContractTemplate->db.OptionGrantContractTemplate	20131.12,15918.77 19562.76,16117.85
edge:inheritance:db.ZuzuOptionGrantContractTemplateRevision->db.OptionGrantContractTemplateRevision	20480.31,16321.49 20406.14,16392.66
