edge:declared:db.AgendaBonusIssue:certificate_of_payment_for_the_share_file	17799.99,20181.95 20408.00,18596.75
edge:declared:db.AgendaBonusIssue:meeting_draft	17543.89,20287.73 16613.57,20511.98
edge:declared:db.AgendaBonusIssueNewIssueBalanceCertificateFile:agenda_bonus_issue	18293.70,19723.57 17764.21,20181.95
edge:declared:db.AgendaBonusIssueNewIssueMinutesFile:agenda_bonus_issue	18262.58,20318.11 17815.89,20269.69
edge:declared:db.AgendaBonusIssueSharesToIssue:agenda_bonus_issue	16161.38,18709.86 17608.15,20181.95
edge:declared:db.AgendaBonusIssueSharesToIssue:share_class	16068.09,18635.86 15530.11,18286.22
edge:declared:db.AgendaBorrowCapital:meeting_draft	16741.27,20200.91 16572.88,20405.55
edge:declared:db.AgendaBranchChange:address	17637.76,20028.98 23936.01,18964.87
edge:declared:db.AgendaBranchChange:installation_event	17547.72,20000.93 18701.11,18336.65
edge:declared:db.AgendaBranchChange:meeting_draft	17409.99,20098.93 16613.57,20475.00
edge:declared:db.AgendaCashDividends:meeting_draft	15800.65,20559.15 16293.57,20552.66
edge:declared:db.AgendaCeoAddressChange:meeting_draft	12823.76,22050.22 16293.57,20616.65
edge:declared:db.AgendaCeoAddressChangeItem:agenda_ceo_address_change	12005.36,22353.08 12611.92,22132.22
edge:declared:db.AgendaCeoAddressChangeItem:stakeholder	11880.29,22353.08 10058.60,19478.24
edge:declared:db.AgendaChangeOfAoiClassStock:aoi	19511.59,20571.21 19182.87,20564.64
edge:declared:db.AgendaChangeOfAoiCustom:aoi	19810.45,20007.74 19094.66,20495.98
edge:declared:db.AgendaChangeOfAoiCustom:changed_part	19890.64,19925.74 20491.74,18698.26
edge:declared:db.AgendaChangeOfAoiDirectorCompensationRule:aoi	19674.79,20670.58 19182.87,20590.76
edge:declared:db.AgendaChangeOfAoiNumberOfDirectors:aoi	19117.83,20851.47 19025.88,20625.98
edge:declared:db.AgendaChangeOfAoiThirdPartyAllocation:aoi	19052.99,20716.64 19021.76,20625.98
edge:declared:db.AgendaChangeOfArticlesOfIncorporation:_deprecated_changed_part	19049.33,20495.98 20431.20,18698.26
edge:declared:db.AgendaChangeOfArticlesOfIncorporation:meeting_draft	18815.87,20560.23 16613.57,20551.21
edge:declared:db.AgendaCoCeoSystemChange:meeting_draft	15982.85,21042.55 16314.84,20695.55
edge:declared:db.AgendaCompanyNameChange:meeting_draft	17127.15,20915.73 16613.57,20637.29
edge:declared:db.AgendaCustom:meeting_draft	16022.70,20896.70 16293.57,20679.09
edge:declared:db.AgendaDirectorChange:stakeholder	12249.66,22788.86 10062.82,19478.24
edge:declared:db.AgendaDirectorCompensationItem:director_compensation	12389.47,20788.08 14783.00,21747.21
edge:declared:db.AgendaDirectorCompensationItem:stakeholder	12236.64,20714.08 10125.11,19422.76
edge:declared:db.AgendaDirectorCompensationRule:meeting_draft	16446.83,21091.67 16451.76,20695.55
edge:declared:db.AgendaFinancialStatements:audit_report	17376.88,20156.82 20408.00,18580.09
edge:declared:db.AgendaFinancialStatements:meeting_draft	17164.83,20254.82 16613.57,20484.02
edge:declared:db.AgendaHeadOfficeRelocation:address	18581.27,21611.23 23936.01,19013.56
edge:declared:db.AgendaHeadOfficeRelocation:meeting_draft	18375.96,21611.23 16613.57,20638.83
edge:declared:db.AgendaHeadOfficeRelocationAoiChange:meeting_draft	18235.97,22158.79 16613.57,20694.92
edge:declared:db.AgendaMethodOfGivingPublicNoticeChange:daily_newspaper	17058.95,20442.46 17500.81,15480.14
edge:declared:db.AgendaMethodOfGivingPublicNoticeChange:meeting_draft	16870.30,20504.09 16613.57,20532.71
edge:declared:db.AgendaNewIssue:financial_statements	16204.46,22281.38 20408.00,18645.60
edge:declared:db.AgendaNewIssue:meeting_draft	16122.45,22281.38 16425.83,20695.55
edge:declared:db.AgendaNewIssueItem:new_issue	19573.86,25301.21 16206.62,22451.38
edge:declared:db.AgendaNewIssueItemFromConversion:new_issue_item	19444.40,25782.69 19618.47,25431.21
edge:declared:db.AgendaNewIssueItemFromPayment:new_issue_item	18898.47,25514.39 19520.66,25391.82
edge:declared:db.AgendaNewIssueItemInstitutionMember:institution	21323.54,25962.99 19812.40,24981.96
edge:declared:db.AgendaNewIssueItemInstitutionMemberCeo:member	20141.21,25581.83 21270.87,25962.99
edge:declared:db.AgendaNewIssueItemShareClass:item	18949.91,25219.17 19520.66,25338.93
edge:declared:db.AgendaNewIssueItemShareholder:item	19746.21,24981.96 19666.82,25301.21
edge:declared:db.AgendaNewIssueNewShareClass:new_issue	16550.84,22402.99 16242.19,22377.58
edge:declared:db.AgendaNewOptionsRule:meeting_draft	16650.14,20957.02 16523.69,20695.55
edge:declared:db.AgendaNewOrChangeRsuRule:meeting_draft	16860.15,21085.14 16563.85,20695.55
edge:declared:db.AgendaOptionCancel:meeting_draft	15078.02,21006.70 16293.57,20603.61
edge:declared:db.AgendaOptionCancelGrantee:option_cancel	14359.94,20840.96 14830.02,21004.64
edge:declared:db.AgendaOptionCancelGrantee:option_grantee	14235.61,20758.96 13991.55,19237.60
edge:declared:db.AgendaOptionCancelOption:_deprecated_grantee	14366.14,21018.23 14265.47,20840.96
edge:declared:db.AgendaOptionCancelOption:option_cancel	14513.42,21056.72 14830.02,21050.33
edge:declared:db.AgendaOptionCancelOptionDistribution:option	14258.62,21166.97 14339.64,21100.23
edge:declared:db.AgendaOptionExercise:meeting_draft	12896.59,21866.97 16293.57,20609.77
edge:declared:db.AgendaOptionExerciseClaim:option_exercise	13047.74,21475.96 12803.45,21863.86
edge:declared:db.AgendaOptionExerciseClaim:option_exercise_claim	13054.06,21393.96 11360.30,17832.55
edge:declared:db.AgendaOptionExerciseGrantee:option_exercise	13505.78,21627.74 12896.59,21864.64
edge:declared:db.AgendaOptionExerciseGrantee:option_grantee	13628.26,21537.74 13973.85,19237.60
edge:declared:db.AgendaOptionExerciseGranteeOption:grantee	13486.94,21725.29 13579.02,21627.74
edge:declared:db.AgendaOptionGrant:meeting_draft	15581.50,19739.57 16297.65,20405.55
edge:declared:db.AgendaOptionGrantGrantee:_deprecated_option_grant_event	14659.84,19135.73 14987.70,18595.94
edge:declared:db.AgendaOptionGrantGrantee:option_grant	14716.87,19233.73 15453.41,19649.57
edge:declared:db.AgendaOptionGrantGrantee:option_grantee	14506.08,19183.94 14112.41,19181.43
edge:declared:db.AgendaOptionGrantGrantee:stakeholder	14506.08,19188.35 10125.11,19316.39
edge:declared:db.AgendaPurposeChange:meeting_draft	17637.77,21661.52 16608.13,20695.55
edge:declared:db.AgendaPurposeChangeItem:agenda_purpose_change	17709.37,21860.87 17688.69,21743.52
edge:declared:db.AgendaRsuGrant:meeting_draft	15746.70,20839.81 16293.57,20616.02
edge:declared:db.AgendaRsuGrantGrantee:rsu	13130.22,18080.37 14617.92,15319.59
edge:declared:db.AgendaRsuGrantGrantee:rsu_grant	13145.65,18162.37 15595.55,20839.81
edge:declared:db.AgendaRsuGrantGrantee:stakeholder	13000.53,18162.37 10125.11,19257.99
edge:declared:db.AgendaSubsidiaryEstablishment:meeting_draft	15579.78,21418.77 16307.64,20695.55
edge:declared:db.AgendaTemplate:company	24760.43,8381.56 16175.50,12355.54
edge:declared:db.AiPayrollLedger:payroll	3147.47,5300.24 4649.25,4891.62
edge:declared:db.AlimtalkActivityRecipient:activity	35490.47,14322.87 36271.71,14120.15
edge:declared:db.AlimtalkActivityRecipientStatusHistory:recipient	35315.02,14445.01 35343.02,14396.05
edge:declared:db.AllocatedSeat:stakeholder	7913.16,13406.39 9904.80,19164.24
edge:declared:db.Announcement:company_set	21234.93,12225.74 16175.50,12435.61
edge:declared:db.Announcement:subscription_plan_set	21251.73,12179.60 20960.28,12068.13
edge:declared:db.AnnualSalary:employee	10088.68,14940.82 8630.79,15022.33
edge:declared:db.AnnualSalary:ledger	10324.68,14951.96 11134.70,15073.73
edge:declared:db.Article:third_party_provider	20474.52,19684.46 20435.98,19869.37
edge:declared:db.Article:thumbnail_image	20487.11,19602.46 20576.54,18698.26
edge:declared:db.ArticlePublishHistory:article	20618.24,19752.08 20534.09,19684.46
edge:declared:db.ArticlesOfIncorporation:_deprecated_daily_newspaper	17288.73,15382.18 17380.46,15406.40
edge:declared:db.ArticlesOfIncorporation:articles_of_incorporation_file	17221.29,15404.85 20408.00,18308.16
edge:declared:db.ArticlesOfIncorporation:company	17135.70,15290.85 16073.16,12660.49
edge:declared:db.ArticlesOfIncorporation:source_meeting	17160.65,15404.85 17229.91,17455.49
edge:declared:db.ArticlesOfIncorporationAnalyzationRequest:company	13168.23,7639.11 15858.25,12226.49
edge:declared:db.ArticlesOfIncorporationAnalyzationResult:request	10777.71,7922.13 12964.03,7626.76
edge:declared:db.AuditLog:actor_api_key	16970.31,5717.26 17682.48,7428.54
edge:declared:db.AvailableModusignRequest:company	22118.45,20580.41 16149.06,12660.49
edge:declared:db.AvailableModusignRequest:modusign_account	22192.46,20580.41 22281.25,20509.18
edge:declared:db.BalanceCertificateDocument:new_issue_agenda	13643.35,22448.38 15970.19,22370.91
edge:declared:db.BalanceCertificateDocument:option_exercise_agenda	13433.61,22412.56 12837.41,21961.86
edge:declared:db.BaseModusignDocumentUsageHistory:modusign_document	25206.40,13763.58 23731.28,20559.31
edge:declared:db.BaseModusignDocumentUsageHistory:purchase	25059.80,13727.38 23099.76,13787.92
edge:declared:db.BranchAbolitionEvent:installation_event	18622.37,18124.55 18701.21,18238.65
edge:declared:db.BranchChangeEvent:address	19373.41,18522.58 23936.01,18925.26
edge:declared:db.BranchChangeEvent:installation_event	19155.26,18470.64 18847.59,18336.65
edge:declared:db.BranchInstallationEvent:address	18859.07,18302.73 23936.01,18920.12
edge:declared:db.BulkEmail:sender_mail_integration	13452.71,17207.23 13126.07,17120.55
edge:declared:db.BulkEmail:template_revision	13712.71,17215.06 17031.58,16534.08
edge:declared:db.BulkEmailCommonAttachment:bulk_email	16019.20,17372.87 13712.71,17248.73
edge:declared:db.BulkEmailRecipient:bulk_email	17166.23,19060.77 13712.71,17307.72
edge:declared:db.BulkEmailRecipient:email_activity_recipient	17395.65,19174.77 25403.35,23071.77
edge:declared:db.BulkEmailRecipientAttachment:recipient	18312.15,18769.48 17408.52,19073.97
edge:declared:db.BulkEmailTemplateRevision:template	17207.39,16472.46 19196.32,15153.80
edge:declared:db.BusinessPlan:company	13988.47,11943.94 15795.50,12395.96
edge:declared:db.BusinessPlanAiAnalysis:business_plan_ai_review	12012.42,11136.60 13662.13,11728.90
edge:declared:db.BusinessPlanAiAnalysisItem:ai_analysis_feedback	10226.78,10511.16 9856.14,10372.11
edge:declared:db.BusinessPlanAiAnalysisItem:business_plan_ai_analysis	10453.89,10593.16 11803.02,11062.60
edge:declared:db.BusinessPlanAiAnalysisItemImprovement:ai_analysis_feedback	9794.06,10468.34 9767.67,10372.11
edge:declared:db.BusinessPlanAiAnalysisItemImprovement:business_plan_ai_analysis_item	9975.71,10520.44 10203.06,10540.45
edge:declared:db.BusinessPlanAiReview:business_plan	13803.04,11810.90 13846.37,11877.42
edge:declared:db.BusinessPlanAiReview:company	13900.33,11807.71 15795.50,12385.56
edge:declared:db.BusinessRegistrationCertificate:company	24326.39,8758.34 16175.50,12359.54
edge:declared:db.CaptableRequest:captable_file	17947.55,15406.68 20410.93,18264.26
edge:declared:db.CaptableRequest:company	17885.18,15324.68 16128.58,12660.49
edge:declared:db.CashIncentive:category	10983.48,13809.46 12619.84,13395.76
edge:declared:db.CashIncentive:employee	10777.76,13881.81 8630.79,14959.02
edge:declared:db.CashIncentiveCategory:company	12855.84,13332.41 15795.50,12497.46
edge:declared:db.CashIncentiveItem:cash_incentive	10376.62,13930.45 10735.48,13863.83
edge:declared:db.CashPayment:purchase	23088.01,14060.23 23005.19,13897.49
edge:declared:db.CeoAddressChangeEvent:director	16118.72,16545.13 16473.08,16463.04
edge:declared:db.Charge:credit	20565.16,13729.30 20731.98,13791.60
edge:declared:db.Charge:meeting	20421.36,13729.30 17330.90,17455.49
edge:declared:db.CmeBulkEmail:cme	17750.26,16494.11 20076.77,14531.67
edge:declared:db.CmeBulkEmailRecipient:_deprecated_cme_bulk_email	18507.11,16622.26 17825.65,16548.53
edge:declared:db.CmeBulkEmailRecipient:cme_company	18638.81,16594.68 19099.92,14139.08
edge:declared:db.CmeBulkEmailTemplate:cme	20319.39,15208.72 20168.33,14531.67
edge:declared:db.CmeCompany:company	19001.91,14025.08 16175.50,12543.11
edge:declared:db.CmeCompany:company_managing_entity	19240.62,14130.01 20023.83,14418.74
edge:declared:db.CmeCompany:contact_set	19240.62,14128.60 20508.28,14582.20
edge:declared:db.CmeCompanyContact:cme_company	19647.07,14168.43 19240.62,14103.00
edge:declared:db.CmeCompanyContactNotificationSettings:cme_company_contact	19689.02,14089.67 19736.29,14150.42
edge:declared:db.CmeCompanyDirectorTermManagement:cme_company	19572.99,13941.02 19240.62,14042.42
edge:declared:db.CmeCompanyNote:cme_company	19151.63,13879.34 19122.15,14025.08
edge:declared:db.CmeCompanyRegistration:cme_contact	20563.22,14719.51 20598.84,14671.57
edge:declared:db.CmeCompanyRegistration:company_managing_entity	20479.89,14719.51 20237.65,14531.67
edge:declared:db.CmeCompanyRegistrationFile:cme_company_registration	20681.01,14843.89 20605.66,14801.51
edge:declared:db.CmeContact:company_managing_entity	20508.28,14585.13 20283.83,14510.12
edge:declared:db.CmeMemberRelation:company_managing_entity	20646.23,14415.03 20283.83,14453.04
edge:declared:db.Company:sso_configuration	15795.50,12451.19 14855.18,12489.30
edge:declared:db.CompanyAddressChangeEvent:address	19488.21,18388.49 23936.01,18920.43
edge:declared:db.CompanyAppointedTransferAgentChange:company	21478.15,9625.05 16175.50,12346.00
edge:declared:db.CompanyAuthorizedSharesChange:company	23550.36,9445.71 16175.50,12368.20
edge:declared:db.CompanyBenefit:company	18323.19,8753.58 16122.98,12226.49
edge:declared:db.CompanyBulkEmailTemplate:company	18614.34,14431.96 16175.50,12587.21
edge:declared:db.CompanyCreateAssignmentReadiness:company	17102.79,9537.23 16068.92,12226.49
edge:declared:db.CompanyCreateProgress:company_create_request	23617.52,16764.13 23777.16,17051.70
edge:declared:db.CompanyCreateRequest:address	23823.11,17181.70 24071.02,18813.85
edge:declared:db.CompanyCreateRequest:articles_of_incorporation_attachment	23683.24,17171.87 20788.00,18400.62
edge:declared:db.CompanyCreateRequest:company	23704.36,17051.70 16175.50,12556.92
edge:declared:db.CompanyDepartment:department_code	9787.70,14066.54 9752.36,14021.92
edge:declared:db.CompanyDepartmentCode:organization_chart	9837.56,13944.63 11253.58,13621.55
edge:declared:db.CompanyDocumentAIAnalysis:company	18988.26,15902.55 16173.87,12660.49
edge:declared:db.CompanyDocumentAIAnalysis:file	19049.28,15984.55 20463.39,18264.26
edge:declared:db.CompanyDocumentDelivery:company	18255.95,12590.83 16175.50,12455.82
edge:declared:db.CompanyEndorsement:company	24461.08,7675.21 16175.50,12336.60
edge:declared:db.CompanyEndorsementFeed:company_endorsement	24292.70,7984.06 24501.80,7675.21
edge:declared:db.CompanyExpertClientRelation:company	20674.81,13994.14 16175.50,12506.32
edge:declared:db.CompanyExpertClientRelation:expert_client	20836.63,14068.14 21572.65,14613.57
edge:declared:db.CompanyFeed:company	28061.03,5296.60 16175.50,12331.04
edge:declared:db.CompanyFeedAccessLog:company_feeds	41111.96,3954.90 28274.58,5231.27
edge:declared:db.CompanyFeedAccessLog:venture_capital	41215.57,3980.17 38008.55,12227.48
edge:declared:db.CompanyFeedRating:company_feed	29913.14,3634.17 28208.62,5190.60
edge:declared:db.CompanyGuideState:company	18063.73,12468.83 16175.50,12445.81
edge:declared:db.CompanyInvestmentContractInfo:company	18392.69,12786.09 16175.50,12470.53
edge:declared:db.CompanyInvestorInterest:company	30496.57,8249.98 16175.50,12388.58
edge:declared:db.CompanyInvestorInterest:venture_capital	30678.75,8252.88 37744.83,12326.41
edge:declared:db.CompanyInvitation:invitee	20340.27,9484.02 16175.50,12314.37
edge:declared:db.CompanyIrClosingFeed:investor_relations	29262.31,6262.41 30440.32,7418.15
edge:declared:db.CompanyIrNewCommitFeed:investor_relations	29828.48,6121.07 30504.57,7418.15
edge:declared:db.CompanyIrOpenFeed:investor_relations	30002.42,5595.57 30534.17,7418.15
edge:declared:db.CompanyIrSetting:company	23416.02,7694.29 16175.50,12322.05
edge:declared:db.CompanyLegalPartnerRelation:company	22237.79,14371.51 16175.50,12502.08
edge:declared:db.CompanyLegalPartnerRelation:legal_partner	22370.13,14445.51 22426.80,14615.24
edge:declared:db.CompanyManagementAssignment:company	16639.62,9778.81 16038.77,12226.49
edge:declared:db.CompanyManagingEntity:expert_client	20283.83,14483.82 21514.77,14646.21
edge:declared:db.CompanyManagingEntity:expert_partner	20283.83,14482.03 22314.53,14722.04
edge:declared:db.CompanyManagingEntity:holding_company	20182.82,14401.67 20201.75,14359.24
edge:declared:db.CompanyMethodOfGivingPublicNoticeChange:company	16841.69,14559.20 16073.32,12660.49
edge:declared:db.CompanyMethodOfGivingPublicNoticeChange:daily_newspaper	16885.09,14633.20 17472.95,15398.14
edge:declared:db.CompanyMnaSetting:company	18295.57,12242.79 16175.50,12426.98
edge:declared:db.CompanyNameChange:company	12920.83,10881.63 15795.50,12346.66
edge:declared:db.CompanyNews:company	17684.74,8820.69 16087.28,12226.49
edge:declared:db.CompanyNewsFeed:company_news	18792.98,8135.66 17773.30,8738.69
edge:declared:db.CompanyNewsLink:company_news	18557.53,7731.31 17737.35,8738.69
edge:declared:db.CompanyNotificationSetting:company	15137.06,11667.64 15795.50,12269.75
edge:declared:db.CompanyNotificationTrigger:notification_setting	14658.07,11091.13 15066.52,11593.64
edge:declared:db.CompanyOptionRule:company	18816.47,12898.87 16175.50,12474.05
edge:declared:db.CompanyOverview:company	16496.17,9100.09 16018.64,12226.49
edge:declared:db.CompanyOwnerAddRequest:company	20355.18,9827.87 16175.50,12329.76
edge:declared:db.CompanyOwnerAuditLog:company	9536.05,8124.11 15795.50,12316.24
edge:declared:db.CompanyOwnerAuditLogOwnerRoleRelation:company_owner_audit_log	9261.49,9588.31 9469.02,8124.11
edge:declared:db.CompanyOwnerAuditLogOwnerRoleRelation:owner_role	9265.28,9662.31 9599.98,11033.34
edge:declared:db.CompanyOwnerNotificationTrigger:trigger	14567.86,11227.30 14615.14,11091.13
edge:declared:db.CompanyParValueChange:_deprecated_articles_of_incorporation	16983.74,15559.60 17111.62,15404.85
edge:declared:db.CompanyParValueChange:company	16941.81,15559.60 16052.10,12660.49
edge:declared:db.CompanyPaymentLink:company	22757.60,12169.04 16175.50,12435.79
edge:declared:db.CompanyPolicyFile:company	16269.86,10453.94 16016.52,12226.49
edge:declared:db.CompanyProfileAccessLog:company	30415.65,8474.50 16175.50,12391.23
edge:declared:db.CompanyProfileAccessLog:venture_capital	30602.22,8479.04 37744.83,12333.19
edge:declared:db.CompanyPromotionWinLog:company	14370.14,8658.46 15892.89,12226.49
edge:declared:db.CompanyPromotionWinLog:prize_type	14476.64,8595.03 14970.86,8505.63
edge:declared:db.CompanyPromotionWinLog:promotion	14476.64,8615.72 14892.16,8609.89
edge:declared:db.CompanyPurposeChange:company	16859.53,14115.22 16098.95,12660.49
edge:declared:db.CompanyPurposeChangeItem:company_purpose_change	17063.94,14425.02 16903.97,14189.22
edge:declared:db.CompanyPurposeChangeItem:industrial_code	17112.29,14499.02 17231.13,14688.15
edge:declared:db.CompanyQuestionThread:company	18834.96,14194.59 16175.50,12560.25
edge:declared:db.CompanyQuestionThread:expert_partner	19118.96,14300.49 22314.53,14720.02
edge:declared:db.CompanyRegistrationAssignment:company	21816.58,10259.53 16175.50,12372.33
edge:declared:db.CompanyRegistrationAssignmentLog:company	20329.07,11821.79 16175.50,12416.29
edge:declared:db.CompanyRsuRule:_deprecate_articles_of_incorporation	16914.53,14939.11 17124.68,15290.85
edge:declared:db.CompanyRsuRule:company	16878.77,14865.11 16065.55,12660.49
edge:declared:db.CompanySsoEmailDomain:configuration	13581.14,12480.45 14607.18,12492.82
edge:declared:db.CompanySsoIdentity:configuration	14455.84,12597.64 14611.26,12539.32
edge:declared:db.CompanyStockTransferRestrictedChange:company	15762.19,10598.91 15959.23,12226.49
edge:declared:db.CompanyStockValue:company	20983.22,8317.45 16175.50,12286.63
edge:declared:db.CompanyTag:company_set	22789.37,9163.04 16175.50,12351.88
edge:declared:db.CompanyTanTableView:company	10559.73,10025.42 15795.50,12358.81
edge:declared:db.CompanyTodo:company	23694.64,9733.28 16175.50,12376.69
edge:declared:db.CompanyUpdateRequest:change_detection	18060.01,14033.26 18133.65,14400.68
edge:declared:db.CompanyUpdateRequest:company	17997.09,13951.26 16175.50,12585.90
edge:declared:db.CompanyUpdateRequest:company_question_thread	18175.79,14031.07 18834.96,14237.40
edge:declared:db.CompanyUserRelation:company	7676.89,12339.89 15795.50,12441.12
edge:declared:db.CompanyUserRelation:stakeholder	7569.77,12387.34 9905.01,19164.24
edge:declared:db.CompanyUserRelationOwnerRoleRelation:company_user_relation	8569.33,11562.49 7617.08,12289.34
edge:declared:db.CompanyUserRelationOwnerRoleRelation:owner_role	8700.80,11488.49 9502.02,11131.34
edge:declared:db.ConsentForm:investor	27736.28,36707.85 10766.09,22802.54
edge:declared:db.ConsentForm:item	27778.74,36707.85 24302.48,26886.19
edge:declared:db.ConsentForm:uploaded_consent_form_file	27776.78,36707.85 20683.47,18698.26
edge:declared:db.ConsentFormModusignDocument:consent_form	28251.77,36874.04 27920.08,36788.74
edge:declared:db.ConsentFormModusignEmbeddedDraft:consent_form	25979.20,30953.45 27780.74,36707.85
edge:declared:db.CorporateRegistration:attachment	18854.43,15646.67 20464.52,18264.26
edge:declared:db.CorporateRegistration:company	18780.19,15548.67 16175.50,12654.60
edge:declared:db.CorporateRegistrationChangeConfirmation:change_detection	18427.53,14388.62 18309.97,14413.89
edge:declared:db.CorporateRegistrationChangeConfirmation:staff_review_required_question_thread	18770.53,14320.04 18834.96,14308.12
edge:declared:db.CorporateRegistrationChangeDetection:company	18090.76,14400.68 16175.50,12620.13
edge:declared:db.CorporateRegistrationChangeDetection:xml_file	18173.30,14498.68 20465.88,18264.26
edge:declared:db.CorporateRegistrationChangeDetectionParseResult:change_detection	18111.64,14167.90 18137.93,14400.68
edge:declared:db.CorporateRegistrationExtractionLog:corporate_registration_issue_log	20680.05,16034.03 20882.87,15798.21
edge:declared:db.CorporateRegistrationIssueCoupon:company	18444.05,13664.15 16175.50,12537.82
edge:declared:db.CorporateRegistrationIssueCouponIssueLog:coupon	18891.29,13719.03 18678.13,13710.92
edge:declared:db.CorporateRegistrationIssueCouponUseRequest:coupon	19223.39,14627.44 18557.60,13746.15
edge:declared:db.CorporateRegistrationIssueCouponUseResult:corporate_registration	19332.35,15668.96 18948.29,15615.07
edge:declared:db.CorporateRegistrationIssueCouponUseResult:log	19717.35,15703.29 20784.51,15743.87
edge:declared:db.CorporateRegistrationIssueCouponUseResult:request	19513.98,15654.97 19261.15,14701.44
edge:declared:db.CorporateRegistrationIssueLog:_deprecated_staff_review_required_question_thread	20859.96,15700.21 19095.12,14370.85
edge:declared:db.CorporateRegistrationIssueLog:pdf_file	20919.14,15798.21 20623.97,18264.26
edge:declared:db.CorporateRegistrationIssueMaintenance:third_party_api_notice	33636.40,15818.57 32782.61,15797.62
edge:declared:db.CorporateRegistrationIssueRequest:delivery	19156.11,12467.69 19349.13,12412.04
edge:declared:db.CorporateRegistrationPaidIssue:company	20187.44,13790.11 16175.50,12504.38
edge:declared:db.CorporateRegistrationPaidIssue:corporate_registration	20280.76,13872.11 18865.65,15548.67
edge:declared:db.CorporationPostRegistrationEmail:company	15261.97,9384.36 15934.18,12226.49
edge:declared:db.CorporationPostRegistrationScheduledEmail:corporation_post_registration_email	15396.16,7957.93 15257.03,9310.36
edge:declared:db.CorporationPostRegistrationScheduledEmailPeriodicTaskRelation:corporation_post_registration_scheduled_email	14757.68,7589.56 15328.25,7883.93
edge:declared:db.Credit:company	20728.48,13801.11 16175.50,12497.88
edge:declared:db.CreditCard:company	24288.74,13354.65 16175.50,12464.34
edge:declared:db.CreditCard:investment_association	24506.39,13417.26 30486.03,16545.87
edge:declared:db.CreditCard:legal_partner	24343.30,13417.26 22622.53,14631.57
edge:declared:db.CreditCard:venture_capital	24536.74,13359.67 37744.83,12445.22
edge:declared:db.CreditUse:credit	22167.50,13885.95 20976.48,13841.25
edge:declared:db.CreditUse:purchase	22403.50,13873.04 22803.76,13814.23
edge:declared:db.CsAgentResponse:inquiry_thread_message	25222.27,11374.53 24364.87,11419.32
edge:declared:db.CsAgentResponseFeedBack:cs_agent_response	25826.79,11305.26 25470.27,11351.85
edge:declared:db.DebtConfirmationAndOffsetContractDocument:new_issue_item	17740.38,25308.06 19520.66,25362.25
edge:declared:db.DepartmentStaffUserRelation:department	17961.99,31839.71 15174.65,32297.53
edge:declared:db.DirectorAppointmentEvent:director	16127.71,16293.89 16473.08,16392.65
edge:declared:db.DirectorCompensationDecisionEvent:director	16518.12,16838.18 16592.75,16504.54
edge:declared:db.DirectorCompensationLimitEvent:director	16027.22,16801.61 16494.30,16504.54
edge:declared:db.DirectorTermEndEvent:appointment_event	16111.66,16361.56 16046.63,16299.43
edge:declared:db.DirectorTermEndEvent:director	16278.58,16410.47 16473.08,16422.87
edge:declared:db.DirectorVote:agenda	14980.99,20827.96 15144.64,20926.68
edge:declared:db.DirectorVote:attended_director	14900.87,20753.96 14787.24,20530.16
edge:declared:db.DirectorVotingRightsPerAgenda:agenda	14713.63,20837.06 15144.64,20968.90
edge:declared:db.DirectorVotingRightsPerAgenda:director	14611.42,20763.06 14729.42,20530.16
edge:declared:db.DirectorsMeeting:chairperson	15307.08,20232.00 14888.01,20416.16
edge:declared:db.DirectorsMeeting:meeting	15479.20,20113.87 17153.08,17689.49
edge:declared:db.DirectorsMeeting:sealed_meeting_minutes_file	15567.08,20132.21 20408.00,18543.61
edge:declared:db.DirectorsMeetingAgenda:agenda_bonus_issue	15428.64,20967.40 17543.89,20297.99
edge:declared:db.DirectorsMeetingAgenda:agenda_branch_change	15428.64,20950.98 17400.37,20098.93
edge:declared:db.DirectorsMeetingAgenda:agenda_co_ceo_system_change	15428.64,21027.73 15819.62,21070.11
edge:declared:db.DirectorsMeetingAgenda:agenda_custom	15428.64,20996.87 15847.66,20951.21
edge:declared:db.DirectorsMeetingAgenda:agenda_director_change	15144.64,21098.88 12371.64,22788.86
edge:declared:db.DirectorsMeetingAgenda:agenda_director_compensation_decision	15239.97,21105.34 14917.88,21747.21
edge:declared:db.DirectorsMeetingAgenda:agenda_financial_statements	15428.64,20954.96 17161.41,20254.82
edge:declared:db.DirectorsMeetingAgenda:agenda_head_office_relocation	15428.64,21041.40 18342.52,21637.73
edge:declared:db.DirectorsMeetingAgenda:agenda_new_issue	15342.93,21105.34 16054.74,22281.38
edge:declared:db.DirectorsMeetingAgenda:agenda_option_cancel	15144.64,21027.49 15078.02,21034.59
edge:declared:db.DirectorsMeetingAgenda:agenda_rsu_grant	15428.64,20960.61 15513.20,20929.81
edge:declared:db.DirectorsMeetingAgenda:agenda_shareholders_meeting_convocation	15428.64,21094.36 15615.53,21202.30
edge:declared:db.DirectorsMeetingAgenda:agenda_subsidiary_establishment	15338.99,21105.34 15515.44,21418.77
edge:declared:db.DirectorsMeetingAgenda:meeting	15303.35,20919.34 15426.12,20235.87
edge:declared:db.DirectorsMeetingDirectorAttendance:stakeholder	14593.30,20433.56 10125.11,19361.08
edge:declared:db.DirectorsMeetingNoticeEmail:directors_meeting	15687.18,19169.09 15452.25,20113.87
edge:declared:db.DirectorsMeetingNoticeEmailRecipient:director	15962.38,19374.83 14820.79,20416.16
edge:declared:db.DirectorsMeetingNoticeEmailRecipient:email	15945.56,19292.83 15759.14,19169.09
edge:declared:db.DocumentDelivery:delivery	19825.39,12584.60 20320.58,12417.96
edge:declared:db.DocumentDeliveryQuestionThreadRelation:document_delivery	20161.53,12570.15 19827.55,12610.59
edge:declared:db.DocumentDeliveryQuestionThreadRelation:question_thread	20504.53,12573.39 20815.12,12616.86
edge:declared:db.DocumentParseResult:attachment	20189.69,16873.30 20242.40,17101.91
edge:declared:db.DormantUserEmail:user	-701.53,30212.16 -2286.10,31188.58
edge:declared:db.DormantUserPhone:user	-1538.88,29646.70 -2331.56,31188.58
edge:declared:db.DormantUserReactivationToken:user	-512.36,30345.55 -2267.29,31188.58
edge:declared:db.ESOP:company	9545.56,16664.10 15795.50,12568.01
edge:declared:db.ESOP:shareholder	9470.23,16778.10 10673.49,22672.54
edge:declared:db.ESOPParticipant:esop	9126.12,16039.97 9430.77,16664.10
edge:declared:db.EditableCompanyOwnerAuditLog:company	25448.94,9340.01 16175.50,12381.18
edge:declared:db.ElectronicCertificate:company	17137.87,16931.98 16041.21,12660.49
edge:declared:db.ElectronicCertificate:director	17104.84,16931.98 16681.40,16504.54
edge:declared:db.ElectronicCertificateApplicationFormDocument:stakeholder	7994.23,25141.33 9906.11,19478.24
edge:declared:db.ElectronicCertificateCaseReportDocument:stakeholder	8849.44,23414.90 9916.55,19478.24
edge:declared:db.ElectronicCertificateFileDownloadHistory:file_uploaded	18251.53,17252.61 18157.62,17193.55
edge:declared:db.ElectronicCertificateFileUploadRequest:electronic_certificate	17543.83,17014.66 17273.42,16988.83
edge:declared:db.ElectronicCertificateFileUploaded:file_upload_request	17985.75,17119.55 17828.37,17068.04
edge:declared:db.ElectronicCertificateReturnRequest:electronic_certificate	21930.52,19051.27 17253.14,17021.98
edge:declared:db.ElectronicCertificateReturnRequest:recipient_address	22168.80,19077.25 23936.01,18949.94
edge:declared:db.EmailActivityRecipient:email_activity	25507.53,23169.77 25684.38,25653.14
edge:declared:db.EmailActivityRecipientStatusHistory:recipient	25977.50,24602.52 25519.70,23169.77
edge:declared:db.EmailVerification:email	25215.14,4734.02 24616.04,4508.09
edge:declared:db.Employee:department_code_set	8605.78,14929.27 9656.80,14021.92
edge:declared:db.Employee:group_set	8630.79,14975.25 11410.37,13898.23
edge:declared:db.EmployeeDepartmentCodeRelation:department_code	9049.74,14285.87 9609.62,14021.92
edge:declared:db.EmployeeDepartmentCodeRelation:employee	8946.02,14359.87 8557.68,14929.27
edge:declared:db.EmployeeGroup:company	11622.77,13824.23 15795.50,12503.62
edge:declared:db.EmployeeNumber:company	11579.91,13971.69 15795.50,12509.40
edge:declared:db.EmployeeNumber:employee	11365.15,14045.69 8630.79,14981.66
edge:declared:db.EmployeeOption:company	10416.74,12723.56 15795.50,12453.05
edge:declared:db.EmployeeOption:grantee	10206.70,12782.80 9108.32,13459.43
edge:declared:db.EmployeeOptionExerciseCandidate:management	11589.19,13161.10 12453.21,14916.05
edge:declared:db.EmployeeOptionExerciseCandidate:option	11419.03,13071.23 10416.74,12767.39
edge:declared:db.EmployeeOptionExerciseCandidate:option_exercise_claim	11715.03,13104.63 12686.36,13029.32
edge:declared:db.EmployeeOptionExerciseCandidateFile:candidate	11032.02,12857.96 11473.76,13071.10
edge:declared:db.EmployeeOptionExerciseClaim:company	12952.36,12994.83 15795.50,12478.03
edge:declared:db.EmployeeOptionExerciseClaimOption:option	11534.16,12755.05 10416.74,12732.32
edge:declared:db.EmployeeOptionExerciseClaimOption:option_exercise_claim	11840.16,12793.41 12686.36,12988.37
edge:declared:db.EmployeeOptionExerciseManagement:company	12530.69,14916.05 15795.50,12579.47
edge:declared:db.EmployeeOptionExerciseManagementEmail:management	13131.36,14997.60 12624.90,14966.39
edge:declared:db.EmployeeOptionVesting:employee_option	9312.19,12977.68 10168.74,12761.15
edge:declared:db.EmployeeOptionVestingItem:option_vesting	9115.28,13191.78 9178.35,13044.51
edge:declared:db.EmployeeOptionVestingTraceable:option	10150.03,13128.55 10273.77,12782.80
edge:declared:db.EmployeeStock:participant	9216.39,15871.36 9145.01,15949.97
edge:declared:db.EmployeeStockGuide:esop	9992.88,16586.79 9588.59,16688.42
edge:declared:db.EmployeeStockGuideAudience:employee_stock_guide	10285.70,15692.86 10124.90,16514.62
edge:declared:db.EmployeeStockGuideAudience:participant	10169.44,15691.09 9228.15,15959.60
edge:declared:db.EmployeeStockGuideEmail:employee_stock_guide	12147.69,17103.32 10240.88,16589.06
edge:declared:db.EmployeeStockTag:category	9610.33,16080.42 9552.76,16081.36
edge:declared:db.EmployeeStockTag:employee_stock_set	9652.95,16037.38 9323.43,15871.36
edge:declared:db.EmployeeStockTag:esop	9716.74,16119.38 9483.04,16664.10
edge:declared:db.EmployeeStockTagCategory:esop	9436.14,16120.30 9456.46,16664.10
edge:declared:db.EmployeeStockWithdrawRequest:account	10373.38,16973.43 11256.90,16893.74
edge:declared:db.EmployeeStockWithdrawRequest:esop	10132.59,16948.25 9588.59,16764.91
edge:declared:db.EmploymentCertificateDocumentRequest:company	12419.56,14196.31 15795.50,12536.88
edge:declared:db.EmploymentCertificateDocumentRequest:history	12183.79,14261.39 10148.91,14617.34
edge:declared:db.EmploymentStatusHistory:connected_hrm_status_event	9900.91,14672.32 5610.27,15824.05
edge:declared:db.EmploymentStatusHistory:employee	9900.91,14670.61 8630.79,14994.10
edge:declared:db.EmploymentStatusHistory:related_events	10136.85,14684.03 15446.56,16818.63
edge:declared:db.Event:company	15604.17,16769.13 15966.37,12660.49
edge:declared:db.EventAttachment:company	15981.76,14855.41 15985.16,12660.49
edge:declared:db.EventAttachment:event	15974.49,14929.41 15615.81,16769.13
edge:declared:db.ExpertClientIncorporationSupport:contact_set	21190.16,14819.47 20756.28,14669.45
edge:declared:db.ExpertClientIncorporationSupport:expert_client	21377.11,14819.47 21557.05,14711.57
edge:declared:db.ExpertClientIncorporationSupport:incorporation_request	21328.29,14901.47 21783.92,15856.96
edge:declared:db.ExpertClientSignupChannel:expert_client	24030.85,14884.12 21762.77,14674.05
edge:declared:db.ExpertClientTaxServiceSettings:expert_client	21632.73,14944.57 21637.72,14711.57
edge:declared:db.ExpertClientTaxServiceSettings:legal_partner	21760.20,14944.57 22314.53,14784.66
edge:declared:db.ExpressDelivery1:order_status_history	316.91,9788.89 395.05,9932.80
edge:declared:db.ExpressDelivery1:seal_card_return_status_history	178.82,9758.46 -44.26,9770.89
edge:declared:db.ExternalStockInfo:company	15277.23,9855.76 15926.11,12226.49
edge:declared:db.FABContent:thumbnail_image	21408.41,18479.26 20788.00,18480.79
edge:declared:db.FinancialAccount:institution	11406.65,16833.56 11708.72,16258.66
edge:declared:db.FinancialStatementsForNewIssueFromConversionDocument:new_issue	15914.38,23401.32 16090.44,22451.38
edge:declared:db.Fund:fund_partners	34725.72,13453.30 35423.15,13972.23
edge:declared:db.Fund:portfolio_company_set	34541.24,13435.78 30823.38,14259.84
edge:declared:db.Fund:venture_capital	34789.24,13371.22 37744.83,12487.50
edge:declared:db.FundPartner:venture_capital	35541.81,13972.23 37744.83,12551.17
edge:declared:db.FundingNewsDistributionServiceRequest:company	18475.57,15063.62 16175.50,12643.41
edge:declared:db.FundingNewsDistributionServiceRequest:company_question_thread	18543.30,15063.62 18927.59,14370.85
edge:declared:db.FundingNewsDistributionServiceRequest:logo	18546.09,15153.62 20464.19,18264.26
edge:declared:db.HelpTemplate:partners_to_share	6533.90,9076.70 22314.53,14685.50
edge:declared:db.Hrm:company	-205.78,16067.50 15795.50,12486.02
edge:declared:db.HrmAlpConfig:hrm	-2126.96,15839.08 -525.78,16079.31
edge:declared:db.HrmAlpConfigIndivApprovalTemplateRel:alp_config	-1815.75,15604.26 -2171.82,15784.38
edge:declared:db.HrmAlpExcludedEmp:emp	5585.10,17963.04 4769.73,18074.40
edge:declared:db.HrmAlpLaborReceiptRefusal:emp	5043.46,18830.33 4703.01,18270.89
edge:declared:db.HrmAlpTarget:emp	5068.25,18510.57 4769.73,18248.75
edge:declared:db.HrmAlpUsageDesignation:target	5552.78,18617.21 5239.00,18570.16
edge:declared:db.HrmAlpUsageDesignationDate:leave_usage	6293.50,18444.10 6866.44,18410.54
edge:declared:db.HrmAlpUsageDesignationDate:usage_designation	6066.47,18488.54 5770.81,18597.90
edge:declared:db.HrmAlpUsagePlan:target	5436.84,18237.32 5156.99,18510.57
edge:declared:db.HrmAlpUsagePlanDate:usage_plan	5779.76,18181.34 5602.83,18190.15
edge:declared:db.HrmAnnualLeaveAdjustment:emp	5290.65,18068.31 4769.73,18090.55
edge:declared:db.HrmAnnualLeaveConfigBase:annual_leave	3809.06,22533.43 3826.34,21766.88
edge:declared:db.HrmApproval:approvable	3386.31,17992.17 2975.40,17863.96
edge:declared:db.HrmApproval:requestor	3634.31,18038.50 4425.73,18087.29
edge:declared:db.HrmApprovalLine:actual_approver	3731.76,18209.86 4425.73,18120.13
edge:declared:db.HrmApprovalLine:approval	3587.27,18184.89 3532.80,18075.86
edge:declared:db.HrmApprovalLine:approver	3483.76,18265.66 2599.34,18549.33
edge:declared:db.HrmApprovalReview:approval	3128.14,18265.68 3437.07,18075.86
edge:declared:db.HrmApprovalReview:approver	2991.37,18339.68 2584.99,18536.10
edge:declared:db.HrmApprovalTemplate:hrm	2092.21,18150.70 -205.78,16236.58
edge:declared:db.HrmApprovalTemplateLine:approver	2514.04,18386.37 2485.46,18536.10
edge:declared:db.HrmApprovalTemplateLine:template	2432.00,18312.37 2240.16,18232.70
edge:declared:db.HrmApprovalTemplateReview:approver	2151.35,18351.32 2403.13,18536.10
edge:declared:db.HrmApprovalTemplateReview:template	2113.16,18277.32 2127.89,18232.70
edge:declared:db.HrmApprover:dept	2351.34,18567.02 284.56,18198.97
edge:declared:db.HrmApprover:emp	2599.34,18560.40 4425.73,18137.70
edge:declared:db.HrmAttendance:emp	3725.46,17804.75 4425.73,18040.09
edge:declared:db.HrmAttendanceItem:attendance	4127.08,17690.51 3727.46,17746.41
edge:declared:db.HrmAttendanceItem:emp	4284.54,17714.17 4456.53,17924.89
edge:declared:db.HrmAttendanceLocation:attendance_item	5236.63,17122.25 4324.43,17632.17
edge:declared:db.HrmAttendanceLocation:ongoing_attendance	5352.46,17122.25 5650.36,17640.35
edge:declared:db.HrmAttendanceLocation:personal_location	5388.91,17024.25 6319.89,16318.32
edge:declared:db.HrmAttendanceLocation:work_location	5271.63,17024.25 3534.99,15408.24
edge:declared:db.HrmCertificateConfig:hrm	-990.80,16157.77 -525.78,16117.25
edge:declared:db.HrmCertificateConfigIndividualApprovalTemplateRelation:certificate_config	-1791.45,16603.61 -1166.79,16205.05
edge:declared:db.HrmCertificateIssue:connected_status_event	5877.16,16095.67 5573.20,15910.34
edge:declared:db.HrmCertificateIssue:emp	5916.25,16177.67 4716.52,17924.89
edge:declared:db.HrmCommonLocation:work_location_config	5096.55,15567.23 5793.88,15432.72
edge:declared:db.HrmConciergeRequest:company	17489.45,10333.96 16140.21,12226.49
edge:declared:db.HrmDailyLeaveUsageItem:usage	5347.95,20641.89 6954.47,18459.93
edge:declared:db.HrmDept:hrm	139.24,18114.82 -330.38,16244.31
edge:declared:db.HrmDeptName:dept	-1254.53,19527.25 90.96,18236.82
edge:declared:db.HrmDeptName:event	-1307.39,19601.25 -1478.37,20044.28
edge:declared:db.HrmDeptParent:dept	-412.76,19518.56 128.79,18236.82
edge:declared:db.HrmDeptParent:event	-410.94,19600.56 -240.57,19965.55
edge:declared:db.HrmDeptReorg:hrm	-1019.59,15366.81 -490.95,15962.31
edge:declared:db.HrmDeptStatus:dept	177.08,19744.42 155.44,18236.82
edge:declared:db.HrmDeptStatus:event	172.34,19818.42 -42.65,21329.10
edge:declared:db.HrmDocument:emp	2154.96,15636.13 4426.06,17924.89
edge:declared:db.HrmDocument:form	1982.34,15571.40 -154.72,15300.27
edge:declared:db.HrmDocument:hrm	1982.34,15613.02 -205.78,16069.90
edge:declared:db.HrmDocumentDraft:emp	844.43,13880.37 4443.77,17924.89
edge:declared:db.HrmDocumentDraft:form	777.11,13880.37 -241.88,15235.54
edge:declared:db.HrmDocumentDraftFieldAttachment:field_value	630.43,11362.10 -425.52,12868.03
edge:declared:db.HrmDocumentDraftFieldMultiSelectValue:field_value	-653.75,13256.53 -482.84,12958.03
edge:declared:db.HrmDocumentDraftFieldMultiSelectValue:selected_option	-736.08,13330.53 -917.70,13440.45
edge:declared:db.HrmDocumentDraftFieldValue:draft	-395.62,12958.03 751.95,13798.37
edge:declared:db.HrmDocumentDraftFieldValue:field_definition	-537.23,12958.03 -2248.97,13918.94
edge:declared:db.HrmDocumentFieldAttachment:field_value	-506.54,14198.68 -250.81,14051.85
edge:declared:db.HrmDocumentFieldMultiSelectValue:field_value	-246.03,13853.56 -194.04,13961.85
edge:declared:db.HrmDocumentFieldMultiSelectValue:selected_option	-343.48,13779.56 -897.15,13522.45
edge:declared:db.HrmDocumentFieldValue:document	-107.54,14051.85 2035.68,15538.13
edge:declared:db.HrmDocumentFieldValue:field_definition	-296.43,14004.38 -2181.13,13966.88
edge:declared:db.HrmDocumentForm:hrm	-283.93,15333.54 -350.79,15962.31
edge:declared:db.HrmDocumentFormFieldDefinition:form	-2259.26,14008.94 -354.80,15235.54
edge:declared:db.HrmDocumentFormFieldSelectOption:field_definition	-1099.62,13522.45 -2203.81,13918.94
edge:declared:db.HrmDocumentFormIndividualApprovalTemplateRelation:document_form	-787.08,14730.35 -323.67,15235.54
edge:declared:db.HrmEmp:connected_employee	4769.73,17962.29 8360.68,15131.27
edge:declared:db.HrmEmp:hrm	4425.73,18028.77 -205.78,16167.61
edge:declared:db.HrmEmpAffiliation:emp	2482.79,17769.57 4425.73,18071.19
edge:declared:db.HrmEmpAffiliation:event	2452.76,17709.32 3627.48,17196.79
edge:declared:db.HrmEmpAffiliationDept:affiliation	1767.97,18188.51 2303.51,17791.32
edge:declared:db.HrmEmpAffiliationDept:dept	1600.08,18221.76 284.56,18179.95
edge:declared:db.HrmEmpContract:emp	5119.99,33022.71 4603.78,18270.89
edge:declared:db.HrmEmpContract:mgmt	5102.77,33022.71 2329.15,26926.74
edge:declared:db.HrmEmpContractCommonVar:hrm	16.94,15670.33 -241.15,15962.31
edge:declared:db.HrmEmpContractMgmt:hrm	2300.32,26844.74 -330.78,16244.31
edge:declared:db.HrmEmpContractMgmt:template_revision	2281.72,26844.74 -853.68,22377.34
edge:declared:db.HrmEmpContractModusignDocument:hrm_emp_contract	28529.23,37327.66 5245.42,33086.30
edge:declared:db.HrmEmpContractTemplate:hrm	-1871.70,20202.41 -417.58,16244.31
edge:declared:db.HrmEmpContractTemplateRevision:template	-902.07,22295.34 -1867.60,20276.41
edge:declared:db.HrmEmpContractTemplateRevisionSigner:revision	-1715.01,22830.67 -951.51,22377.34
edge:declared:db.HrmEmpEmploymentType:emp	4636.06,17652.76 4612.63,17924.89
edge:declared:db.HrmEmpEmploymentType:event	4642.68,17578.76 4669.53,17289.16
edge:declared:db.HrmEmpJob:emp	2612.77,16776.77 4425.73,17983.41
edge:declared:db.HrmEmpJob:event	2657.14,16715.24 3386.81,16665.03
edge:declared:db.HrmEmpJob:level	2409.14,16731.91 1821.09,16770.54
edge:declared:db.HrmEmpJob:position	2409.14,16676.29 1966.36,16506.74
edge:declared:db.HrmEmpJob:role	2409.14,16707.88 1576.39,16601.19
edge:declared:db.HrmEmpJob:title	2454.45,16670.77 1405.51,15964.32
edge:declared:db.HrmEmpJobLevel:hrm	1589.68,16741.29 -205.78,16155.51
edge:declared:db.HrmEmpJobPosition:hrm	1751.73,16450.40 -205.78,16129.54
edge:declared:db.HrmEmpJobRole:hrm	1340.39,16554.84 -205.78,16145.65
edge:declared:db.HrmEmpJobTitle:hrm	1232.57,15939.42 -205.78,16086.90
edge:declared:db.HrmEmpMov:hrm	450.36,15790.36 -205.78,16041.96
edge:declared:db.HrmEmpReturnToWorkEvent:absence_event	5040.22,15706.33 4840.09,15706.33
edge:declared:db.HrmEmpSalaryAccount:emp	8022.08,17222.78 4769.73,18053.93
edge:declared:db.HrmEmpSalaryAccount:institution	8258.08,17160.46 11608.36,16247.45
edge:declared:db.HrmEmpStatus:emp	6787.51,16184.41 4769.73,17947.59
edge:declared:db.HrmEmpStatus:event	6711.85,16121.93 5610.27,15884.11
edge:declared:db.HrmEmpUserInvitation:emp	2395.40,17957.69 4425.73,18086.94
edge:declared:db.HrmEmpUserInvitation:hrm	2212.84,17908.80 -205.78,16215.34
edge:declared:db.HrmEmpUserInvitationInvitee:invitation	2520.44,18154.94 2321.17,17990.80
edge:declared:db.HrmEmpWorkAssignment:emp	3325.48,18813.98 4425.73,18194.70
edge:declared:db.HrmEmpWorkAssignment:work	3141.74,18861.97 1857.44,18981.62
edge:declared:db.HrmEmpWorkLocationAssignment:work_location	4044.36,16131.38 3518.00,15408.24
edge:declared:db.HrmEmpWorkLocationAssignment:work_location_config	4075.91,16205.38 4140.37,16721.95
edge:declared:db.HrmEmpWorkLocationConfig:emp	4159.38,16803.95 4539.12,17924.89
edge:declared:db.HrmEmpWorkLocationConfig:work_location_set	4126.12,16721.95 3505.48,15408.24
edge:declared:db.HrmFixedWorkSchedule:fixed_work	1937.30,18672.92 1897.36,18715.28
edge:declared:db.HrmGoogleCalendarIntegration:hrm	-603.67,15483.14 -419.87,15962.31
edge:declared:db.HrmLeaveBase:hrm	3105.31,20901.40 -263.78,16244.31
edge:declared:db.HrmLeaveCommonConfig:leave	1966.75,20949.90 3022.12,20971.60
edge:declared:db.HrmLeaveGrant:emp	3914.93,19183.85 4488.96,18270.89
edge:declared:db.HrmLeaveGrant:grantable_leave	3877.37,19257.85 3525.61,20168.28
edge:declared:db.HrmLeaveIndividualApprovalTemplateRelation:leave	1455.13,19981.92 3032.86,20901.40
edge:declared:db.HrmLeaveUsage:emp	6866.44,18386.40 4769.73,18119.76
edge:declared:db.HrmLeaveUsage:leave	6911.36,18459.93 3267.08,20901.40
edge:declared:db.HrmLeaveUsageAttachment:usage	7050.82,19329.11 6999.79,18459.93
edge:declared:db.HrmLeaveUsageItem:emp	4419.61,19725.13 4578.79,18270.89
edge:declared:db.HrmLeaveUsageItem:leave	4372.47,19807.13 3234.06,20901.40
edge:declared:db.HrmLeaveUsageItem:usage	4492.76,19725.13 6888.51,18459.93
edge:declared:db.HrmOngoingAttendance:emp	5568.00,17722.35 4769.73,18031.32
edge:declared:db.HrmOngoingAttendanceClockedSchedule:ongoing_attendance	6790.37,17135.29 5757.76,17640.35
edge:declared:db.HrmPersonalLocation:hrm_emp	6335.30,16318.32 4766.65,17924.89
edge:declared:db.HrmPersonalLocation:work_location_config	6355.34,16228.32 5941.66,15449.42
edge:declared:db.HrmRequestor:dept	1068.07,19145.84 212.01,18236.82
edge:declared:db.HrmRequestor:emp	1220.91,19146.21 4425.73,18151.29
edge:declared:db.HrmSelectiveWorkPlan:emp	4116.27,18016.00 4425.73,18068.64
edge:declared:db.HrmSelectiveWorkPlanConfig:selective_work	1852.33,19515.53 2019.86,19415.70
edge:declared:db.HrmSelectiveWorkPlanItem:emp	2804.24,18058.39 4425.73,18094.10
edge:declared:db.HrmSelectiveWorkPlanItem:plan	2804.24,18050.17 3868.27,18000.68
edge:declared:db.HrmSelectiveWorkSchedule:selective_work	2312.25,19288.68 2214.36,19325.70
edge:declared:db.HrmSelectiveWorkSettlementConfig:selective_work	1319.92,19523.14 1971.37,19395.08
edge:declared:db.HrmSigner:hrm	-788.39,15981.38 -525.78,16057.15
edge:declared:db.HrmSlackChannelConfig:integration	-795.03,16656.43 -760.19,16605.52
edge:declared:db.HrmSlackIntegration:hrm	-705.51,16531.52 -477.64,16244.31
edge:declared:db.HrmStaffNote:hrm	-1277.83,16033.61 -525.78,16091.08
edge:declared:db.HrmStaggeredWorkSchedule:staggered_work	1363.97,20425.03 720.12,19578.33
edge:declared:db.HrmStandardWork:hrm	-1094.62,16708.30 -525.78,16236.12
edge:declared:db.HrmStandardWorkSchedule:standard_work	-1519.61,17641.60 -1154.89,16782.30
edge:declared:db.HrmTag:hrm_set	-992.59,15715.81 -525.78,16004.40
edge:declared:db.HrmWorkAutoClockOutConfig:work	1215.80,18950.09 1597.44,18982.64
edge:declared:db.HrmWorkBase:emp_set	1857.44,18953.16 4425.73,18151.57
edge:declared:db.HrmWorkBase:hrm	1683.26,18932.73 -263.67,16244.31
edge:declared:db.HrmWorkIndividualApprovalTemplateRelation:work	2342.70,19051.33 1857.44,19005.90
edge:declared:db.HrmWorkLocation:hrm	3358.33,15383.22 -205.78,16072.37
edge:declared:db.HrmWorkLocationGpsConfig:work_location	5793.88,15405.88 3606.33,15361.74
edge:declared:db.HrmWorkOvertime:work	1301.59,18859.91 1597.44,18952.88
edge:declared:db.IBKSignupChannel:ibk_user_login_token	25970.01,14550.21 25939.76,14500.50
edge:declared:db.IBKUserLoginToken:ibk_user	25942.60,14426.50 25971.63,14384.15
edge:declared:db.IaAccountInfo:investment_association	34252.98,18184.22 30794.03,16692.84
edge:declared:db.IaCertificateOfInvestmentDocument:partner	37010.23,18533.24 39383.42,18274.70
edge:declared:db.IaCertificateOfInvestmentDocumentRecipient:certificate_of_investment_document_email	-2495.45,20068.40 -2522.84,20146.33
edge:declared:db.IaConfirmationRequest:investment_association	25823.84,19026.79 30486.03,16703.19
edge:declared:db.IaConfirmationRequest:partner_list_file	25552.05,19050.92 20788.00,18503.11
edge:declared:db.IaConsentForm:consent_form_or_meeting	35298.76,18653.87 33182.39,19179.77
edge:declared:db.IaConsentFormDocument:consent_form	36092.45,18515.56 35589.76,18594.78
edge:declared:db.IaConsentFormDocument:partner	36462.45,18473.44 39383.42,18268.61
edge:declared:db.IaConsentFormOrMeeting:investment_association	32942.01,19174.60 30760.18,16759.44
edge:declared:db.IaConsentFormOrMeetingDocumentGeneration:consent_form_or_meeting	33937.30,19200.38 33182.39,19222.07
edge:declared:db.IaConsentFormOrMeetingDocumentGenerationItem:document	35227.74,19190.80 35658.54,19303.91
edge:declared:db.IaConsentFormOrMeetingDocumentGenerationItem:generation	34896.81,19161.89 34280.30,19188.15
edge:declared:db.IaConsentFormOrMeetingElectronicSignatureRequest:document	32763.71,20711.06 33682.18,19994.64
edge:declared:db.IaConsentFormOrMeetingElectronicSignatureRequestModusignDocument:electronic_signature_request	27647.94,20578.05 32497.76,20756.76
edge:declared:db.IaConsentFormOrMeetingElectronicSignatureRequestModusignEmbeddedDraft:electronic_signature_request	28529.20,21516.74 32497.76,20799.83
edge:declared:db.IaConsentFormOrMeetingElectronicSignatureRequestStatusHistory:electronic_signature_request	32746.88,21475.25 32699.57,20817.06
edge:declared:db.IaConsentFormOrMeetingElectronicSignatureRequestUploadedModusignDocument:electronic_signature_request	29308.10,21155.58 32497.76,20786.94
edge:declared:db.IaConsentFormOrMeetingElectronicSignatureRequiredDocument:consent_form_or_meeting	33693.70,19888.64 33046.32,19280.60
edge:declared:db.IaConsentFormOrMeetingElectronicSignatureRequiredDocument:edited_file	33552.13,19919.65 20788.00,18502.36
edge:declared:db.IaConsentFormOrMeetingElectronicSignatureRequiredDocument:partner	33932.36,19888.64 39383.42,18303.26
edge:declared:db.IaConsentFormOrMeetingEsigRequiredDocumentPageRange:esig_required_document	34527.02,19816.78 33948.13,19909.82
edge:declared:db.IaConsentFormOrMeetingEsigRequiredDocumentPageRange:page_range_document	34814.83,19747.96 35658.54,19400.36
edge:declared:db.IaConsentFormOrMeetingGuideEmail:consent_form_or_meeting	33816.63,18918.72 33131.75,19174.60
edge:declared:db.IaConsentFormOrMeetingGuideEmailRecipient:consent_form_or_meeting_guide_email	33874.73,18704.92 33907.09,18844.72
edge:declared:db.IaDocumentArchive:investment_association	32577.72,15022.37 30794.03,16498.96
edge:declared:db.IaDocumentArchiveAttachment:ia_document_archive	32259.03,15085.62 32504.42,15017.92
edge:declared:db.IaExpertPartnerBulkEmailTemplate:legal_partner	21030.23,15432.74 22314.53,14814.39
edge:declared:db.IaFoundingProgressStatus:investment_association	32081.71,17580.97 30794.03,16728.40
edge:declared:db.IaGpAppointmentEvent:partner	35754.02,17894.04 39383.42,18242.53
edge:declared:db.IaGpTerminationEvent:appointment_event	35919.46,18147.76 35674.70,17923.13
edge:declared:db.IaGpTerminationEvent:partner	36088.14,18191.15 39383.42,18254.58
edge:declared:db.IaInvestmentCertificateRegistrationRequest:partner	39600.40,19783.12 39544.71,18366.60
edge:declared:db.IaLegalPartnerRelation:investment_association	26097.63,15322.51 30486.03,16582.23
edge:declared:db.IaLegalPartnerRelation:legal_partner	25861.63,15270.21 22622.53,14764.29
edge:declared:db.IaMeeting:consent_form_or_meeting	34354.86,20633.50 33041.35,19280.60
edge:declared:db.IaMeetingAgenda:meeting	35434.94,20548.72 34553.08,20674.65
edge:declared:db.IaMeetingAgendaVote:agenda	35307.80,22528.07 35588.08,20567.02
edge:declared:db.IaMeetingAgendaVote:electronic_signature	35242.74,22528.07 32772.28,20817.06
edge:declared:db.IaMeetingAgendaVote:partner	35342.25,22528.07 39433.27,18366.60
edge:declared:db.IaMeetingConvocationNoticeEmail:ia_meeting	35098.10,22077.16 34444.26,20755.50
edge:declared:db.IaMeetingConvocationNoticeRecipient:convocation_notice_email	34933.48,21284.86 35108.24,22077.16
edge:declared:db.IaMeetingMinutesDocument:meeting	35126.08,20061.04 34482.64,20633.50
edge:declared:db.IaMeetingNoticeDocument:meeting	34838.32,19944.68 34448.59,20633.50
edge:declared:db.IaMeetingSealedNoticeDocumentFile:ia_meeting	32808.52,20104.32 34275.08,20643.41
edge:declared:db.IaMeetingShortenPeriodDocument:meeting	37057.74,19562.56 34553.08,20634.98
edge:declared:db.IaMeetingShortenPeriodDocument:partner	37230.93,19480.56 39383.42,18340.74
edge:declared:db.IaModusignDocumentUsageHistory:investment_association	27468.61,14625.38 30486.03,16529.27
edge:declared:db.IaOperation:_deprecated_investment_association	34720.46,16412.65 30794.03,16618.37
edge:declared:db.IaOperation:ia_operation_management	34798.90,16443.47 34644.32,16588.02
edge:declared:db.IaOperationManagement:investment_association	34486.76,16625.06 30794.03,16626.38
edge:declared:db.IaOwner:investment_association	34524.34,17131.07 30794.03,16646.45
edge:declared:db.IaOwner:partner	34776.34,17176.04 39383.42,18221.96
edge:declared:db.IaOwnerAuditLog:investment_association	25201.26,7658.29 30559.37,16493.44
edge:declared:db.IaPartnerDataCollection:investment_association	26846.11,18166.27 30486.03,16688.94
edge:declared:db.IaPartnerDataCollectionItem:address	25349.39,17941.72 24244.01,18816.92
edge:declared:db.IaPartnerDataCollectionItem:ia_partner_data_collection	25538.17,17931.97 26621.09,18178.99
edge:declared:db.IaPartnerDataCollectionItemReply:address	25582.23,18121.51 24244.01,18854.50
edge:declared:db.IaPartnerDataCollectionItemReply:ia_partner_data_collection	25816.08,18099.03 26621.09,18192.82
edge:declared:db.IaPartnerDataCollectionItemReply:ia_partner_data_collection_item	25598.72,18039.51 25459.53,17941.72
edge:declared:db.IaPartnerInvestmentConfirmation:partner	35506.11,17121.15 39383.42,18213.37
edge:declared:db.IaPartnerInvestmentConfirmationEmailRecipient:ia_partner_investment_confirmation_email	11925.88,5642.04 11853.31,5684.77
edge:declared:db.IaPartnerWithdrawalEvent:partner	39536.11,17996.23 39538.62,18148.60
edge:declared:db.IaPaymentLink:investment_association	26777.42,13827.08 30486.03,16514.83
edge:declared:db.IaPfCompany:investment_association	32530.85,20314.29 30708.22,16759.44
edge:declared:db.IaPfCompanyInvestment:ia_pf_company	32508.29,20583.95 32543.22,20388.29
edge:declared:db.IaPfCompanyInvestmentSalesIntent:ia_pf_company_investment	35185.82,22793.51 32551.73,20665.95
edge:declared:db.IaPfCompanyInvestmentStock:ia_pf_company_investment	31491.47,20481.92 32376.97,20607.38
edge:declared:db.IaQuestionThread:investment_association	26713.23,13589.54 30486.03,16507.34
edge:declared:db.IaRule:address	27498.00,19268.34 24244.01,18953.74
edge:declared:db.IaRule:file	27498.00,19266.12 20788.00,18502.87
edge:declared:db.IaRule:investment_association	27697.22,19219.91 30489.11,16759.44
edge:declared:db.IaRuleCompensation:rule	28030.49,19189.33 27758.00,19251.33
edge:declared:db.IaRuleDocument:rule	32466.46,19238.30 27758.00,19279.77
edge:declared:db.IaRuleInvestment:rule	28143.10,19718.07 27699.88,19341.91
edge:declared:db.IaRuleMeeting:rule	28158.90,19001.07 27743.73,19219.91
edge:declared:db.IaRulePartner:rule	28273.32,19404.10 27758.00,19305.73
edge:declared:db.IaSealStamp:image_file	22931.68,18235.69 20788.00,18461.27
edge:declared:db.IaSealStamp:investment_association	23179.68,18196.54 30486.03,16658.85
edge:declared:db.IaSealStampImage:seal_stamp	22280.89,18246.19 22931.68,18226.41
edge:declared:db.IaUserInvitation:ia_owner	34137.22,16847.07 34580.30,17106.44
edge:declared:db.IaUserInvitation:investment_association	33943.18,16799.57 30794.03,16634.51
edge:declared:db.IaUserInvitationInvitee:_deprecated_individual_partner	37161.65,16671.77 36604.60,17040.85
edge:declared:db.IaUserInvitationInvitee:invitation	37111.61,16629.94 34191.18,16798.90
edge:declared:db.IaUserInvitationInvitee:legal_representative	37236.50,16671.77 37242.20,16986.71
edge:declared:db.IaUserInvitationInvitee:manager	37280.81,16671.77 38049.93,17505.62
edge:declared:db.IaUserInvitationInvitee:partner	37304.69,16671.77 39386.75,18148.60
edge:declared:db.IaWrittenResolutionDocument:meeting	35772.97,19841.11 34511.21,20633.50
edge:declared:db.IaWrittenResolutionDocument:partner	35936.66,19759.11 39383.42,18323.01
edge:declared:db.ImAccessLog:investor_matching	30668.91,11203.56 28522.64,10924.82
edge:declared:db.ImAccessLog:venture_capital	30904.91,11238.93 37744.83,12401.21
edge:declared:db.ImAttachment:investor_matching	32564.53,11188.19 28522.64,10915.94
edge:declared:db.ImAttachmentDownloadLog:attachment	34296.56,11701.54 32812.53,11235.48
edge:declared:db.ImAttachmentDownloadLog:venture_capital	34532.38,11761.84 37744.83,12396.15
edge:declared:db.ImAttachmentPdfEvent:attachment	34122.14,11517.25 32812.53,11224.28
edge:declared:db.ImAttachmentPdfEvent:pdf_event	34218.33,11503.99 34188.64,11460.22
edge:declared:db.ImAttachmentPdfEvent:venture_capital	34370.14,11574.87 37744.83,12388.14
edge:declared:db.ImBrokerAssignment:_deprecated_assigned_companies	29277.24,11674.93 16175.50,12432.50
edge:declared:db.ImBrokerAssignment:assigned_investors	29525.24,11678.88 37744.83,12415.98
edge:declared:db.ImBrokerAssignment:im_broker	29525.24,11682.97 33468.69,12166.78
edge:declared:db.ImBrokerAssignment:investor_matching	29335.56,11618.76 28505.30,10999.38
edge:declared:db.ImBrokerAssignmentInvitedUser:broker_assignment	31838.92,11823.93 29525.24,11675.70
edge:declared:db.ImBrokerAssignmentInvitedUser:venture_capital	32115.92,11846.76 37744.83,12413.94
edge:declared:db.ImConsultingRequest:company	27017.58,9362.15 16175.50,12390.42
edge:declared:db.ImConsultingRequest:investor_matching	27173.76,9368.52 28307.66,10813.38
edge:declared:db.ImContactRequest:investor_matching	30525.96,11496.17 28522.64,10945.42
edge:declared:db.ImContactRequest:venture_capital	30773.96,11545.63 37744.83,12409.67
edge:declared:db.ImContactRequestIntention:im_contact_request	30334.07,11350.93 30577.74,11489.26
edge:declared:db.ImDay:recipients	33990.28,10943.09 33897.44,10809.61
edge:declared:db.ImDay:venture_capitals	34148.36,11037.83 37744.83,12364.60
edge:declared:db.ImDayParticipation:im_day	32914.99,10596.65 33900.36,10947.89
edge:declared:db.ImDayParticipation:investor_matching	32666.99,10562.40 28522.64,10894.98
edge:declared:db.ImDayParticipation:venture_capital	32914.99,10597.82 37744.83,12365.15
edge:declared:db.ImDayParticipationAttachment:participation	32657.99,10252.82 32769.24,10503.45
edge:declared:db.ImDaySurvey:im_day	31072.82,10883.03 33900.36,10987.51
edge:declared:db.ImDaySurvey:investor_matching	30836.82,10879.94 28522.64,10904.85
edge:declared:db.ImDisclosing:investor_matching	29336.95,9756.70 28458.00,10813.38
edge:declared:db.ImInvestorBroker:venture_capital	35330.31,12306.74 37744.83,12423.58
edge:declared:db.ImInvestorMemo:investor_matching	29885.93,11499.55 28522.64,10962.34
edge:declared:db.ImInvestorMemo:venture_capital	30097.82,11549.85 37744.83,12411.74
edge:declared:db.ImIrPartnerBrokerOwnerRelation:im_ir_partner_broker	30785.56,12143.64 31059.90,12082.41
edge:declared:db.ImNote:investor_matching	29013.29,10389.95 28494.57,10813.38
edge:declared:db.ImTag:investor_matching_set	30579.87,10406.97 28522.64,10874.13
edge:declared:db.ImWatching:_deprecated_investor_matching	28722.83,11668.15 28422.42,10999.38
edge:declared:db.ImWatching:company	28617.25,11716.29 16175.50,12432.55
edge:declared:db.ImWatching:venture_capital	28865.25,11718.91 37744.83,12417.99
edge:declared:db.InauguralConsentDocument:director_change_agenda	13285.14,23362.10 12386.59,22894.86
edge:declared:db.IncorporationBenefitRequest:incorporation_request	22067.37,15975.80 21981.99,15970.74
edge:declared:db.IncorporationBenefitRequest:tax_partner	22199.14,15946.12 22440.60,14865.24
edge:declared:db.IncorporationRequest:address	21913.56,16066.96 23995.28,18813.85
edge:declared:db.IncorporationRequest:balance_certificate_account_file	21782.48,16066.96 20704.46,18264.26
edge:declared:db.IncorporationRequest:balance_certificate_account_holder	21931.98,16066.96 23142.64,17364.29
edge:declared:db.IncorporationRequest:company	21685.99,15872.92 16175.50,12557.79
edge:declared:db.IncorporationRequest:company_question_thread	21685.99,15874.93 19118.96,14365.35
edge:declared:db.IncorporationRequestAoiFile:incorporation_request	22148.70,15792.88 21981.99,15882.45
edge:declared:db.IncorporationRequestAssistance:incorporation_request	22428.32,17511.27 21874.27,16066.96
edge:declared:db.IncorporationRequestAssistance:legal_partner	22444.41,17511.27 22467.44,14865.24
edge:declared:db.IncorporationRequestAssistanceReceipt:incorporation_request_assistance	22071.31,17446.98 22303.55,17512.58
edge:declared:db.IncorporationRequestDirector:address	23478.74,18462.85 23936.01,18818.93
edge:declared:db.IncorporationRequestDirector:incorporation_request	23407.23,18388.85 21902.06,16066.96
edge:declared:db.IncorporationRequestPromoter:address	23217.33,17462.29 24016.13,18813.85
edge:declared:db.IncorporationRequestPromoterCustodian:address	23735.32,17829.04 24050.06,18813.85
edge:declared:db.IncorporationRequestPromoterCustodian:promoter	23671.22,17755.04 23257.60,17462.29
edge:declared:db.IncorporationRequestPromoterInstitutionCeo:promoter	23181.43,17042.32 23187.45,17364.29
edge:declared:db.IncorporationRequestPurpose:incorporation_request	21328.32,16049.62 21685.99,15987.62
edge:declared:db.IndividualInvestorCompanyCeo:company_info	27526.13,22010.95 28931.54,24224.28
edge:declared:db.IndividualInvestorCompanyInfo:address	28920.10,24224.28 24204.24,19063.85
edge:declared:db.IndividualInvestorCompanyInfo:company	29057.42,24306.28 32019.82,25522.65
edge:declared:db.IndividualInvestorCompanyName:non_unified_share_company	34764.66,25179.91 32279.82,25556.34
edge:declared:db.IndividualInvestorCompanyParValue:non_unified_share_company	31568.05,25450.61 32019.82,25548.00
edge:declared:db.IndividualInvestorCompanyShareClass:non_unified_share_company	32083.22,27233.08 32147.21,25641.03
edge:declared:db.IndividualInvestorCompanyShareStock:_deprecated_non_unified_stock_create_request	31596.86,26586.91 31265.12,28058.24
edge:declared:db.IndividualInvestorCompanyShareStock:_deprecated_stock_unissued_confirmation_file	31605.94,26586.91 31501.83,29181.32
edge:declared:db.IndividualInvestorCompanyShareStock:management_history	31441.41,26570.37 30475.62,26758.65
edge:declared:db.IndividualInvestorCompanyShareStock:non_unified_share_company	31635.52,26488.91 32113.20,25641.03
edge:declared:db.IndividualInvestorCompanyShareStock:share_class	31639.62,26586.91 32057.79,27233.08
edge:declared:db.IndividualInvestorEvent:company	36968.04,27970.00 32279.82,25640.62
edge:declared:db.IndividualInvestorStakeholder:address	29399.75,22639.52 24244.01,19046.18
edge:declared:db.IndividualInvestorStakeholder:company	29496.69,22721.52 32089.41,25511.03
edge:declared:db.IndividualInvestorUser:address	25654.64,20217.63 24242.95,19063.85
edge:declared:db.IndividualStockOption:company	30346.08,23241.19 32099.61,25511.03
edge:declared:db.IndividualStockOption:create_request	30432.05,23164.99 31341.12,23030.72
edge:declared:db.IndividualStockOption:grantee	30280.12,23127.19 29901.15,22142.00
edge:declared:db.IndividualStockOptionCreateRequestEtcFile:create_request	32543.96,22979.89 31655.12,23003.38
edge:declared:db.IndividualStockOptionGrantContract:individual_stock_option	29923.17,22893.26 30227.82,23127.19
edge:declared:db.IndividualStockOptionGrantee:stakeholder	29859.38,22142.00 29489.09,22639.52
edge:declared:db.IndividualStockOptionResumeEvent:pause_event	33413.55,29378.17 32623.36,27331.80
edge:declared:db.IndividualStockOptionSalesIntent:individual_stock_option	33721.94,23108.28 30432.05,23181.30
edge:declared:db.IndividualStockOptionVesting:individual_stock_option	31040.68,23551.27 30416.74,23241.19
edge:declared:db.IndividualStockOptionVestingItem:individual_stock_option_vesting	31223.26,23413.52 31138.02,23551.27
edge:declared:db.IndividualStockOptionVestingTraceable:individual_stock_option	30714.72,22847.28 30371.87,23127.19
edge:declared:db.InputSignupChannel:input_channel	26143.07,15099.23 26569.50,15255.88
edge:declared:db.InstitutionStakeholderManager:institution_stakeholder	10027.48,21571.22 10051.18,21200.14
edge:declared:db.InternetRegistryOfficeOtp:company	16934.28,16225.61 16039.94,12660.49
edge:declared:db.InternetRegistryOfficeOtp:director	16861.17,16307.61 16745.08,16364.68
edge:declared:db.InternetRegistryOfficeOtpReturnRequest:internet_registry_office_otp	22265.18,19441.36 17013.28,16307.61
edge:declared:db.InternetRegistryOfficeOtpReturnRequest:recipient_address	22448.09,19441.36 23936.01,18985.98
edge:declared:db.InvestmentAgreement:document	17524.68,15994.86 18257.76,15400.65
edge:declared:db.InvestmentAgreement:stakeholder	17394.44,16068.86 10125.11,19248.63
edge:declared:db.InvestmentAgreementDocument:company	18278.91,15302.65 16159.56,12660.49
edge:declared:db.InvestmentAgreementDocument:pdf_file	18353.90,15400.65 20439.92,18264.26
edge:declared:db.InvestmentAssociation:venture_capital	30794.03,16537.83 37744.83,12538.35
edge:declared:db.InvestmentAssociationDocument:investment_association	35685.57,19280.45 30794.03,16707.45
edge:declared:db.InvestmentAssociationEvent:investment_association	33275.16,17608.02 30794.03,16683.80
edge:declared:db.InvestmentAssociationIndividualPartnerLegalRepresentative:ward	37044.87,17040.15 36716.72,17067.40
edge:declared:db.InvestmentAssociationOrganizationPartnerCeo:organization_partner	38920.80,16812.59 38384.40,16852.38
edge:declared:db.InvestmentAssociationOrganizationPartnerCorporationSignerCeo:corporation	38838.79,14959.18 38743.84,14904.67
edge:declared:db.InvestmentAssociationOrganizationPartnerManager:organization_partner	35097.49,15479.04 38093.18,16816.84
edge:declared:db.InvestmentAssociationOrganizationPartnerSigner:_deprecated_manager	37783.84,15117.52 35212.64,15418.84
edge:declared:db.InvestmentAssociationOrganizationPartnerSigner:organization_partner	37987.46,15139.32 38196.79,16816.84
edge:declared:db.InvestmentAssociationPartner:address	39383.42,18264.52 24244.01,18932.06
edge:declared:db.InvestmentAssociationPartner:investment_association	39383.42,18228.83 30794.03,16654.66
edge:declared:db.InvestmentAssociationPartnerManager:partner	38159.43,17579.62 39383.42,18180.52
edge:declared:db.InvestmentAssociationPartnerResume:partner	41048.74,16740.98 39648.82,18148.60
edge:declared:db.InvestmentAssociationPartnerResume:signer	41010.17,16658.98 38068.94,15139.32
edge:declared:db.InvestmentAssociationPartnerResumeItem:resume	41243.85,16372.51 41108.84,16658.98
edge:declared:db.InvestmentAssociationPartnerSalesIntent:partner	37090.11,21788.27 39464.77,18366.60
edge:declared:db.InvestmentAssociationShare:investment_association	34379.43,17483.18 30794.03,16661.72
edge:declared:db.InvestmentAssociationShare:partner	34619.43,17528.45 39383.42,18234.34
edge:declared:db.InvestmentRound:company	16038.72,11002.29 15993.51,12226.49
edge:declared:db.InvestmentRoundNewIssueEvent:investment_round	16151.75,10178.33 16046.07,10920.29
edge:declared:db.InvestmentRoundNewIssueEvent:new_issue_event	16149.07,10104.33 16062.30,9700.33
edge:declared:db.InvestmentSimulation:company	12772.81,6354.25 15871.01,12226.49
edge:declared:db.InvestmentSimulationInitialOption:option_grantee	11327.16,6638.87 11807.28,6738.73
edge:declared:db.InvestmentSimulationInitialOptionGrantee:simulation	12045.76,6738.73 12675.38,6354.25
edge:declared:db.InvestmentSimulationInitialShareholder:simulation	9992.84,5959.99 12625.07,6293.54
edge:declared:db.InvestmentSimulationInitialStock:shareholder	7907.73,3965.66 9788.89,5901.70
edge:declared:db.InvestmentSimulationInvestor:simulation_round	18095.99,3943.35 14231.21,6298.89
edge:declared:db.InvestmentSimulationNewIssueInvestment:investor	17653.30,5349.72 18148.81,3943.35
edge:declared:db.InvestmentSimulationPurchaseInvestment:investor	21205.73,5595.79 18236.92,3943.35
edge:declared:db.InvestmentSimulationPurchaseSellStock:seller	21628.93,5189.18 21301.95,5595.79
edge:declared:db.InvestmentSimulationRound:simulation	14052.50,6333.68 12873.07,6311.57
edge:declared:db.InvestorInterest:venture_capital	39478.27,13500.33 38112.83,12559.29
edge:declared:db.InvestorMatching:_deprecated_excluded_companies	28238.64,10923.99 16175.50,12419.93
edge:declared:db.InvestorMatching:excluded_investors	28522.64,10929.08 37744.83,12403.07
edge:declared:db.InvestorRelations:previous_investors	30725.81,7649.41 37744.83,12310.30
edge:declared:db.InvestorRelationsSurvey:_deprecated_preferred_investors	35782.12,10511.05 37744.83,12267.79
edge:declared:db.InvestorRelationsSurvey:investor_relations	35675.44,10437.05 30725.81,7634.35
edge:declared:db.InvitationSeat:allocated_seat	8822.73,12887.64 7971.20,13332.39
edge:declared:db.InvitationSeat:invitation_seat_request	8916.86,12813.64 9870.32,11298.97
edge:declared:db.InvitationSeatRequest:company	10020.13,11282.11 15795.50,12406.50
edge:declared:db.IrAiAnalysis:investor_relations	31323.76,7118.25 30725.81,7459.31
edge:declared:db.IrAiAnalysisLike:ai_analysis	31872.29,6683.56 31433.63,7044.25
edge:declared:db.IrAiSummary:investor_relations	32203.41,7254.13 30725.81,7519.49
edge:declared:db.IrAlert:ir_set	35041.29,9442.46 30725.81,7612.45
edge:declared:db.IrAlert:venture_capital	35176.78,9524.46 37744.83,12238.05
edge:declared:db.IrAlertInvestorRelations:investor_relations	33975.55,9159.45 30725.81,7620.10
edge:declared:db.IrAlertInvestorRelations:ir_alert	34171.66,9227.68 35013.98,9450.64
edge:declared:db.IrApproval:investor_relations	30680.16,7052.06 30600.04,7418.15
edge:declared:db.IrApprovalNotificationDismiss:ir_approval	30799.13,6714.00 30701.89,6978.06
edge:declared:db.IrBrokerActivity:investor_relations	30149.10,8547.63 30517.31,7676.15
edge:declared:db.IrBrokerActivity:vc_user_relations	30196.82,8621.63 33789.09,10719.61
edge:declared:db.IrClosing:investor_relations	32978.38,6707.62 30725.81,7493.43
edge:declared:db.IrCommittedInvestmentAmount:investor_relations	34630.99,10023.33 30725.81,7641.09
edge:declared:db.IrCommittedInvestmentAmount:venture_capital	34742.13,10097.33 37744.83,12297.65
edge:declared:db.IrCompanyCreate:company	17933.51,10217.16 16175.37,12226.49
edge:declared:db.IrFeed:investor_relations	30289.94,7860.15 30455.64,7676.15
edge:declared:db.IrFeedAccessLog:ir_feeds	31057.03,8106.09 30373.42,7936.00
edge:declared:db.IrFeedAccessLog:venture_capital	31233.18,8172.45 37744.83,12315.41
edge:declared:db.IrFeedRating:ir_feed	29801.37,7551.19 30192.46,7860.15
edge:declared:db.IrFundRaising:investor_relations	36073.40,7542.96 30725.81,7547.03
edge:declared:db.IrFundRaising:venture_capital	36213.33,7587.87 37856.24,12227.48
edge:declared:db.IrFundRaisingMemo:fund_raising	35359.95,7781.35 36073.40,7578.18
edge:declared:db.IrFundRaisingStageLog:fund_raising	35548.91,5247.65 36184.69,7497.87
edge:declared:db.IrInsightClub:pitching_day_hall	35898.90,8787.39 35574.86,8722.25
edge:declared:db.IrInsightClub:venture_capitals	36044.49,8853.32 37820.90,12227.48
edge:declared:db.IrInsightClubParticipation:investor_relations	35074.19,8026.71 30725.81,7563.55
edge:declared:db.IrInsightClubParticipation:ir_insight_club	35251.45,8085.50 35979.38,8771.32
edge:declared:db.IrInsightClubParticipationAttendee:ir_insight_club_participation	34804.54,7719.41 35147.75,7995.50
edge:declared:db.IrInsightClubSurvey:ir_insight_club_participation	35631.07,8101.08 35333.19,8058.86
edge:declared:db.IrInvestorFeedback:venture_capital	38067.02,12715.57 38028.90,12637.48
edge:declared:db.IrNote:investor_relations	32590.02,7388.02 30725.81,7535.01
edge:declared:db.IrSearchMetadata:investor_relations	32303.67,8042.58 30725.81,7591.20
edge:declared:db.IrSubscription:company	13753.91,7736.70 15882.62,12226.49
edge:declared:db.IrSubscriptionMarketingRequest:ir_subscription	14207.26,7914.10 13817.63,7736.70
edge:declared:db.IrTeamMember:investor_relations	32590.02,7497.94 30725.81,7543.39
edge:declared:db.IrTranscript:investor_relations	32178.69,7607.00 30725.81,7552.89
edge:declared:db.IrosOtpIssueMeetingDocument:stakeholder	9820.51,22731.56 9952.73,19478.24
edge:declared:db.LawtalkSignup:company	18247.18,15908.47 16127.14,12660.49
edge:declared:db.LawtalkSignupAttachment:lawtalk_signup	19360.66,17323.14 18300.59,15982.47
edge:declared:db.LedgerByCustomerDocument:new_issue	17416.30,23571.98 16198.56,22451.38
edge:declared:db.LegalPartner:address_for_express_delivery	22622.53,14668.28 23549.64,14235.06
edge:declared:db.LegalPartner:logo	22406.03,14865.24 20706.50,18264.26
edge:declared:db.LegalPartnerEmail:legal_partner	22916.39,14259.25 22584.92,14615.24
edge:declared:db.LegalPartnerPaypleSettings:legal_partner	23105.79,16079.00 22528.03,14865.24
edge:declared:db.LegalPartnerRegistrationAssistanceSettings:legal_partner	22734.26,16118.00 22492.64,14865.24
edge:declared:db.LegalPartnerSignupChannel:legal_partner	23884.47,14744.80 22622.53,14740.74
edge:declared:db.LegalPartnerSlackChannels:legal_partner	23311.74,15762.33 22571.65,14865.24
edge:declared:db.LegalPartnerUserRelation:legal_partner	23192.96,15919.36 22545.33,14865.24
edge:declared:db.ManualOptionVestingItem:manual_option_vesting	14342.51,18726.08 14460.31,18621.92
edge:declared:db.Meeting:company	17205.38,17455.49 16038.32,12660.49
edge:declared:db.Meeting:electronic_signature_selected_ceo	17169.79,17455.49 16649.05,16504.54
edge:declared:db.Meeting:employee_attorney	17381.86,17570.27 17701.23,17565.47
edge:declared:db.Meeting:meeting_draft	17203.20,17689.49 16491.56,20405.55
edge:declared:db.Meeting:new_articles_of_incorporation_file	17381.86,17612.47 20408.00,18429.93
edge:declared:db.Meeting:new_corporate_registration	17328.09,17455.49 18784.83,15646.67
edge:declared:db.MeetingAttachment:meeting	18310.68,17663.83 17381.86,17585.04
edge:declared:db.MeetingDirectorContact:meeting	14912.68,18200.96 17085.86,17612.56
edge:declared:db.MeetingDirectorContact:stakeholder	14676.68,18259.47 10125.11,19283.88
edge:declared:db.MeetingDocument:directors_meeting	14785.40,25895.57 15430.13,20235.87
edge:declared:db.MeetingDocument:meeting	14820.09,25895.57 17199.93,17689.49
edge:declared:db.MeetingDocument:shareholders_meeting	14821.07,25895.57 15732.90,22804.23
edge:declared:db.MeetingDocumentCache:meeting_document	19779.53,26853.16 14940.96,26119.56
edge:declared:db.MeetingDocumentGeneration:meeting	21301.45,21872.00 17344.55,17689.49
edge:declared:db.MeetingDocumentGenerationItem:meeting_document	22140.51,26519.42 14940.96,26102.87
edge:declared:db.MeetingDocumentGenerationItem:meeting_document_generation	22267.49,26490.20 21343.97,21946.00
edge:declared:db.MeetingDocumentManualModification:meeting_document	19612.72,28681.95 14940.96,26187.61
edge:declared:db.MeetingDraft:company	16445.20,20405.55 15998.03,12660.49
edge:declared:db.MeetingDraftAgendaDirectorChange:meeting_draft	13260.76,20358.75 16293.57,20540.94
edge:declared:db.MeetingDraftAgendaDirectorChange:stakeholder	12997.87,20312.77 10125.11,19375.40
edge:declared:db.MeetingDraftAgendaDirectorCompensation:meeting_draft	13720.26,19489.43 16293.57,20488.44
edge:declared:db.MeetingDraftAgendaDirectorCompensationItem:director_compensation	12942.90,19804.01 13553.17,19489.43
edge:declared:db.MeetingDraftAgendaDirectorCompensationItem:stakeholder	12681.12,19807.10 10125.11,19350.87
edge:declared:db.MeetingDraftRegistrationAssistance:meeting_draft	16275.59,20178.65 16384.18,20405.55
edge:declared:db.MeetingDraftSchedule:meeting_draft	15773.97,20414.03 16293.57,20518.41
edge:declared:db.MembershipContentAccessLog:membership_content	-2059.33,4499.94 -1470.83,4958.39
edge:declared:db.MembershipContentAuthorRelation:author	27821.14,25517.24 27642.47,25334.81
edge:declared:db.MiraeassetAccount:relation	7059.76,11958.84 7489.22,12289.34
edge:declared:db.MnaBuyer:company	13399.04,8106.27 15856.09,12226.49
edge:declared:db.MnaBuyerAttachment:mna_buyer	12469.52,8337.83 13258.98,8104.19
edge:declared:db.ModusignApiLog:modusign_account	22332.98,20064.74 22341.17,20411.18
edge:declared:db.ModusignAuthentication:modusign_account	22106.94,20186.50 22300.19,20411.18
edge:declared:db.ModusignCompanyUserConnection:company	25444.60,9456.33 16175.50,12383.49
edge:declared:db.ModusignDocument:_option_grant_contract	23577.70,20562.33 20931.40,19045.08
edge:declared:db.ModusignDocument:audit_trail_file	23596.81,20559.31 20788.00,18612.92
edge:declared:db.ModusignDocumentActionHistory:modusign_document	24172.36,20531.66 23849.70,20608.09
edge:declared:db.ModusignDocumentActionHistory:modusign_document_participant	24282.26,20462.80 24118.34,20216.28
edge:declared:db.ModusignDocumentModusignAccountRelation:modusign_account	22640.78,20335.82 22459.92,20411.18
edge:declared:db.ModusignDocumentModusignAccountRelation:modusign_document	22836.20,20335.82 23577.70,20593.12
edge:declared:db.ModusignDocumentModusignApiKeyRelation:modusign_api_key	23089.77,20854.04 22914.95,21024.15
edge:declared:db.ModusignDocumentModusignApiKeyRelation:modusign_document	23250.46,20780.04 23577.70,20681.33
edge:declared:db.ModusignDocumentParticipant:modusign_document	24063.24,20216.28 23780.47,20559.31
edge:declared:db.ModusignEmbeddedDraft:modusign_account	23016.37,21858.13 22365.96,20509.18
edge:declared:db.ModusignEmbeddedDraft:modusign_api_key	23031.63,21858.13 22884.11,21098.15
edge:declared:db.ModusignEmbeddedDraft:modusign_document	23069.94,21858.13 23670.88,20721.31
edge:declared:db.ModusignExceededSignings:company	21363.18,10216.04 16175.50,12364.79
edge:declared:db.ModusignIaUserConnection:investment_association	31161.99,15836.84 30727.95,16493.44
edge:declared:db.NaverWorkplaceEmployee:naver_workplace_company	27007.50,14937.91 27167.34,15011.27
edge:declared:db.NcpSignupChannel:naver_workplace_company	26905.84,15025.21 27129.95,15040.32
edge:declared:db.NewIssueNoticeEmail:new_issue	13080.95,20867.87 15970.19,22299.01
edge:declared:db.NewIssueNoticeEmailRecipient:bulk_email_recipient	13600.82,20443.09 17148.52,19164.62
edge:declared:db.NewIssueNoticeEmailRecipient:email	13428.58,20525.09 13056.65,20785.87
edge:declared:db.NewIssueNoticeEmailRecipient:shareholder	13436.10,20525.09 10767.53,22672.54
edge:declared:db.NewIssueSkipNoticeDocument:new_issue_agenda	15282.40,23237.46 16025.80,22451.38
edge:declared:db.NewIssueSkipNoticeDocument:shareholder	15080.63,23259.11 10816.76,22752.97
edge:declared:db.NewIssueStockAcceptanceDocument:new_issue_item	18022.92,26027.26 19520.66,25419.00
edge:declared:db.NewIssueStockAllocationDocument:bonus_issue_agenda	17816.95,23772.21 17682.73,20327.95
edge:declared:db.NewIssueStockAllocationDocument:new_issue_agenda	17770.03,23772.21 16206.79,22451.38
edge:declared:db.NewIssueStockAllocationRecordDateNoticeDocument:bonus_issue_agenda	20383.77,23873.60 17734.44,20327.95
edge:declared:db.NewIssueStockSubscriptionDocument:new_issue_item	17812.16,25159.49 19520.66,25351.59
edge:declared:db.NewIssueStockUnissuedConfirmationDocument:new_issue_item	18451.35,25416.95 19520.66,25371.71
edge:declared:db.NonUnifiedShareCreateRequest:stock_unissued_confirmation_file	31264.79,28148.24 31490.20,29181.32
edge:declared:db.NonUnifiedShareEtcFile:create_request	30976.59,27352.92 31238.27,28058.24
edge:declared:db.NonUnifiedShareEtcFile:management_history	30917.73,27278.92 30384.76,26841.96
edge:declared:db.NonUnifiedShareManagement:non_unified_share_company	31340.46,26101.17 32049.64,25641.03
edge:declared:db.NonUnifiedShareManagementHistory:create_request	30357.82,26841.96 31222.96,28058.24
edge:declared:db.NonUnifiedShareManagementHistory:management	30398.53,26735.96 31204.53,26191.17
edge:declared:db.NonUnifiedShareManagementHistory:renew_request	30164.62,26789.88 29401.00,26794.38
edge:declared:db.NonUnifiedShareManagementHistory:stock_unissued_confirmation_file	30345.78,26841.96 31478.24,29181.32
edge:declared:db.NonUnifiedShareManagementSalesIntent:non_unified_share_management	33077.24,24867.08 31334.65,26101.17
edge:declared:db.NonUnifiedShareSucPoaDocument:modusign_document	25132.26,20892.70 25008.22,20991.88
edge:declared:db.NonUnifiedShareSucPoaDocument:request	25211.59,20892.70 29218.72,26750.27
edge:declared:db.NonUnifiedShareSucPoaDocument:user_address	25160.10,20810.70 24161.47,19063.85
edge:declared:db.NonUnifiedShareSucRenewRequest:management	29389.65,26750.27 31145.11,26186.63
edge:declared:db.NonUnifiedShareSucRenewRequest:renew_stock_unissued_confirmation_file	29291.16,26840.27 31458.36,29181.32
edge:declared:db.NotarizationPoA:meeting	15473.15,22938.56 15658.20,22804.23
edge:declared:db.NotarizationPoaDirectorSigner:director	14856.40,22970.87 13732.71,22789.38
edge:declared:db.NotarizationPoaDirectorSigner:notarization_poa	15125.40,22988.47 15292.67,22983.35
edge:declared:db.NotarizationPoaShareholderSigner:notarization_poa	15702.66,22998.23 15540.67,22987.66
edge:declared:db.NotarizationPoaShareholderSigner:shareholder	15993.66,23031.40 16833.60,23168.02
edge:declared:db.Notification:company	14981.23,9552.95 15910.11,12226.49
edge:declared:db.NotificationInbox:notification	14939.43,9359.96 14961.51,9478.95
edge:declared:db.Option:company	16779.11,17321.25 16020.81,12660.49
edge:declared:db.Option:grantee	16716.88,17411.25 14070.50,19123.60
edge:declared:db.Option:sealed_contract_file	16910.43,17402.52 20408.00,18425.68
edge:declared:db.Option:source_meeting	16884.06,17411.25 17085.86,17504.27
edge:declared:db.OptionAdjustment:event	15444.43,16051.19 15574.77,16769.13
edge:declared:db.OptionContractTemplatePermission:company	18319.09,12990.86 16175.50,12488.06
edge:declared:db.OptionExerciseClaim:company	11386.24,17702.55 15795.72,12660.49
edge:declared:db.OptionExerciseClaim:financial_account	11333.17,17702.55 11378.05,16931.56
edge:declared:db.OptionExerciseClaimAttachment:attachment_setting_item	12685.73,17499.44 12723.07,17412.91
edge:declared:db.OptionExerciseClaimAttachment:option_exercise_claim	12527.53,17564.28 11459.39,17745.49
edge:declared:db.OptionExerciseClaimCandidate:option_exercise_claim	12049.37,17623.26 11459.39,17741.50
edge:declared:db.OptionExerciseClaimCandidate:option_exercise_management	12222.94,17550.80 13401.67,16100.33
edge:declared:db.OptionExerciseClaimCandidate:option_grantee	12237.37,17640.80 13917.81,19123.60
edge:declared:db.OptionExerciseClaimCandidate:stock_subscription_file	12323.37,17610.22 20408.00,18461.26
edge:declared:db.OptionExerciseClaimDocumentSetting:management	13252.47,16663.92 13433.60,16100.33
edge:declared:db.OptionExerciseClaimEventRelation:_deprecated_payment	11563.49,18150.61 11705.10,18116.02
edge:declared:db.OptionExerciseClaimEventRelation:claim	11400.34,18147.59 11341.52,17832.55
edge:declared:db.OptionExerciseClaimEventRelation:event	11368.99,18229.59 11248.10,18356.70
edge:declared:db.OptionExerciseClaimMeetingDocument:exercise_claim	13159.90,21544.25 13105.95,21475.96
edge:declared:db.OptionExerciseClaimMeetingDocument:grantee	13355.29,21584.30 13488.50,21583.52
edge:declared:db.OptionExerciseClaimOption:option_exercise_claim	11672.53,17809.97 11459.39,17783.62
edge:declared:db.OptionExerciseClaimOptionTaxation:_deprecated_claim	11828.14,17930.43 11459.39,17810.00
edge:declared:db.OptionExerciseClaimOptionTaxation:claim_option	11902.81,17930.43 11831.16,17861.80
edge:declared:db.OptionExerciseClaimPayment:option_exercise_claim	11770.57,18048.86 11431.33,17832.55
edge:declared:db.OptionExerciseManagement:company	13500.29,15970.33 15832.59,12660.49
edge:declared:db.OptionExerciseManagement:excluded_institution_set	13324.49,16048.79 11856.36,16200.82
edge:declared:db.OptionExerciseManagementAttachmentSetting:management	12161.51,17304.94 13388.29,16100.33
edge:declared:db.OptionExerciseManagementAttachmentSettingItem:setting	12541.04,17364.98 12306.33,17352.02
edge:declared:db.OptionExerciseManagementCommonSetting:management	13708.08,16317.13 13512.98,16100.33
edge:declared:db.OptionExerciseManagementEmail:option_exercise_management	13690.26,16457.26 13490.81,16100.33
edge:declared:db.OptionExerciseManagementPaymentBankSetting:company	13106.36,12354.65 15795.50,12437.63
edge:declared:db.OptionExerciseManagementReminderSetting:management	13800.41,16064.66 13584.49,16046.35
edge:declared:db.OptionExerciseManagementTaxation:management	12968.44,16266.65 13324.49,16097.20
edge:declared:db.OptionExerciseManagementTaxationDefaultSetting:company	17823.74,9139.60 16106.24,12226.49
edge:declared:db.OptionGrantContract:_deprecated_template	20803.67,18931.08 19456.08,16217.44
edge:declared:db.OptionGrantContract:_grantee	20701.98,18992.20 14754.08,19180.80
edge:declared:db.OptionGrantContract:contract_file	20805.67,18931.08 20698.18,18698.26
edge:declared:db.OptionGrantContract:template_revision	20819.82,18931.08 20309.56,16539.77
edge:declared:db.OptionGrantContractModusignDocument:option_grant_contract	21711.05,19573.65 20917.55,19045.08
edge:declared:db.OptionGrantContractModusignEmbeddedDraft:option_grant_contract	22122.13,20944.97 20869.56,19045.08
edge:declared:db.OptionGrantContractStakeholder:company	19021.84,15225.27 16175.50,12617.56
edge:declared:db.OptionGrantContractTemplate:_deprecated_stakeholder	19408.82,16111.44 19100.63,15331.27
edge:declared:db.OptionGrantContractTemplate:company	19380.70,16111.44 16175.50,12648.75
edge:declared:db.OptionGrantContractTemplateDraft:company	17435.78,13760.38 16175.50,12616.01
edge:declared:db.OptionGrantContractTemplateDraft:stakeholder_set	17516.58,13834.38 19022.31,15225.27
edge:declared:db.OptionGrantContractTemplateRevision:stakeholder_set	20254.82,16449.77 19132.85,15331.27
edge:declared:db.OptionGrantContractTemplateRevision:template	20181.41,16449.77 19562.76,16214.93
edge:declared:db.OptionGrantEvent:_deprecated_grantee	14937.42,18595.94 14075.52,19123.60
edge:declared:db.OptionGrantEvent:share_class	15084.79,18497.94 15375.73,18286.22
edge:declared:db.OptionManagement:agenda_option_grant	14752.75,19378.86 15421.88,19649.57
edge:declared:db.OptionManagementStakeholderSeat:option_management	14229.28,19327.45 14543.30,19337.93
edge:declared:db.OptionManagementStakeholderSeat:stakeholder_seat	13945.28,19323.67 8649.74,19359.19
edge:declared:db.OptionResumeEvent:pause_event	34598.26,4356.76 34463.98,4458.12
edge:declared:db.OptionTag:category	14367.02,14049.48 13498.15,14793.68
edge:declared:db.OptionTag:company	14447.37,13975.48 15795.50,12632.73
edge:declared:db.OptionTagCategory:company	13494.17,14793.68 15795.50,12622.73
edge:declared:db.OptionTaxCalculatorSetting:company	25439.91,9572.67 16175.50,12385.80
edge:declared:db.OptionValueChange:company	15895.96,11272.21 15968.91,12226.49
edge:declared:db.OptionValueChange:investment_round	15913.00,11198.21 16018.21,11002.29
edge:declared:db.OptionVesting:_deprecated_grant_event	14665.54,18440.39 14893.46,18509.40
edge:declared:db.Order:seal_card	1553.93,8267.61 -481.83,8353.86
edge:declared:db.OrderPromotionRelation:order	2938.95,9559.41 1725.57,8311.36
edge:declared:db.OrderPromotionRelation:promotion	3009.70,9559.41 3562.71,8971.05
edge:declared:db.OrderStaffInChargeRelation:order	1464.78,6746.38 1671.04,8213.36
edge:declared:db.OrderStaffInChargeRelation:staff_in_charge	1332.58,6716.21 347.88,6769.19
edge:declared:db.OrderStatusHistory:order	447.51,9932.80 1641.84,8311.36
edge:declared:db.OrganizationChart:company	11489.58,13565.19 15795.50,12490.89
edge:declared:db.OtherDocumentArchive:company	19492.78,16337.14 16175.50,12654.42
edge:declared:db.OtherDocumentArchiveAttachment:other_document_archive	20213.14,17101.91 19561.04,16411.14
edge:declared:db.OwnerRole:company	9735.94,11108.82 15795.50,12402.91
edge:declared:db.OwnerRolePermissionRelation:owner_permission	8792.49,10653.31 8469.69,10562.62
edge:declared:db.OwnerRolePermissionRelation:owner_role	8984.62,10725.99 9525.68,11033.34
edge:declared:db.Payment:_company	20990.70,13421.26 16175.50,12480.61
edge:declared:db.Payment:app_card	21223.46,13503.66 21325.66,13560.35
edge:declared:db.Payment:charge	20990.70,13493.87 20568.26,13647.30
edge:declared:db.Payment:credit_card	21250.70,13443.56 24288.74,13371.21
edge:declared:db.Payment:purchase	21250.70,13471.21 22803.76,13764.54
edge:declared:db.PaymentLink:payment_store	25095.19,13244.74 24152.74,14109.74
edge:declared:db.PaymentLink:question_threads	25020.22,13183.06 21075.12,12652.53
edge:declared:db.PaymentRefund:payment	21467.32,13360.34 21250.70,13414.29
edge:declared:db.PaymentRefund:payment_status_history	21530.93,13293.96 21468.67,13251.61
edge:declared:db.PaymentStatusHistory:payment	21367.47,13251.61 21192.81,13389.66
edge:declared:db.PaymentStore:legal_partner	23979.71,14199.14 22622.53,14685.10
edge:declared:db.Payroll:company	4869.35,4917.25 15795.50,12314.85
edge:declared:db.Payroll:setting	4783.53,4917.25 5267.62,11822.73
edge:declared:db.PayrollAnnualSalaryInfo:employee	8027.94,14962.16 8346.79,15009.28
edge:declared:db.PayrollAnnualSalaryItem:item_setting_relation	7196.06,13610.67 6369.26,12423.99
edge:declared:db.PayrollAnnualSalaryItem:payroll_annual_salary_info	7241.47,13684.67 7890.31,14907.72
edge:declared:db.PayrollDocumentSealStampSetting:_deprecated_ceo	16161.04,14727.90 16589.88,16358.54
edge:declared:db.PayrollDocumentSealStampSetting:company	16147.25,14645.90 16001.44,12660.49
edge:declared:db.PayrollDocumentSealStampSetting:seal_stamp	16164.01,14727.90 16458.46,15606.15
edge:declared:db.PayrollEmployeeMonthlyWage:hrm_emp	4111.75,18522.07 4425.73,18248.02
edge:declared:db.PayrollLedger:company	11353.28,15039.37 15795.50,12549.97
edge:declared:db.PayrollLedgerAttachment:payroll_ldeger	10754.00,14750.36 11180.49,15039.37
edge:declared:db.PayrollLedgerFile:payroll_ledger	11165.17,14743.46 11244.49,15039.37
edge:declared:db.PayrollLedgerFileModificationRequest:payroll_ledger_file	11581.23,14564.54 11266.31,14669.46
edge:declared:db.PayrollLedgerItemSettingRelation:ledger_item	6182.41,12395.47 5303.85,12488.58
edge:declared:db.PayrollLedgerItemSettingRelation:setting	6244.69,12333.99 5355.43,11904.73
edge:declared:db.PayrollManagementRelation:payroll	7512.50,7134.98 4852.42,4917.25
edge:declared:db.PayrollSetting:ledger_item_set	5265.05,11904.73 5190.76,12464.09
edge:declared:db.PayrollSettlement:company_question_thread_set	11426.39,9655.95 18834.96,14194.85
edge:declared:db.PayrollSettlement:payroll	11302.78,9573.95 4863.60,4917.25
edge:declared:db.PayrollSettlementAutoCreation:payroll	6488.15,6823.22 4832.25,4917.25
edge:declared:db.PayrollSettlementAutoCreation:payroll_question_help_template	6518.76,6897.22 6431.34,9002.70
edge:declared:db.PayrollSettlementProgressLog:payroll_settlement	10592.91,9712.98 11235.47,9630.81
edge:declared:db.PayrollSocialInsuranceSetting:hrm	-400.06,16868.25 -372.10,16244.31
edge:declared:db.PayrollStaffUserRelation:payroll	4404.80,5049.74 4661.20,4917.25
edge:declared:db.PayrollStatement:_deprecated_employee	8716.24,15713.69 8522.40,15131.27
edge:declared:db.PayrollStatement:hrm_emp	8627.87,15835.69 4769.73,18001.34
edge:declared:db.PayrollStatement:payroll_ledger	8866.54,15739.52 11134.70,15125.92
edge:declared:db.PayrollStatementAttendance:payroll_statement	8663.35,16111.85 8723.30,15835.69
edge:declared:db.PayrollStatementDocument:payroll_statement	10590.58,15434.04 8866.54,15750.80
edge:declared:db.PayrollStatementEmail:payroll_ledger	10844.25,17108.15 11247.80,15145.37
edge:declared:db.PayrollStatementEmailRecipient:email	10173.19,18637.79 10814.94,17198.15
edge:declared:db.PayrollStatementEmailRecipient:payroll_statement	10134.89,18637.79 8766.33,15835.69
edge:declared:db.PayrollStatementItem:ledger_item_setting_relation	7482.05,13272.63 6395.52,12423.99
edge:declared:db.PayrollStatementItem:payroll_statement	7547.54,13346.63 8706.67,15713.69
edge:declared:db.PayrollStatementPayrollInformation:payroll_statement	8356.97,16232.60 8685.98,15835.69
edge:declared:db.PayrollStatementScheduledEmail:payroll_statement_email	10042.38,17174.55 10711.00,17156.50
edge:declared:db.PayrollStatementScheduledEmailPeriodicTaskRelation:payroll_statement_scheduled_email	9874.44,17316.21 9895.98,17215.29
edge:declared:db.PeriodicOptionVestingItem:periodic_option_vesting	14105.80,18471.46 14094.84,18520.73
edge:declared:db.PhantomStock:company	9082.92,17288.46 15795.50,12576.85
edge:declared:db.PhantomStock:grantee	9026.21,17386.46 9223.80,18125.56
edge:declared:db.PhantomStockGrantContract:phantom_stock	8653.01,17363.69 8889.11,17346.49
edge:declared:db.PhantomStockResumeEvent:pause_event	15300.24,16321.59 15303.25,16246.11
edge:declared:db.PhantomStockVesting:phantom_stock	8632.24,17610.90 8944.86,17386.46
edge:declared:db.PhantomStockVestingItem:phantom_stock_vesting	8478.42,17927.48 8567.16,17684.90
edge:declared:db.PhantomStockVestingTraceable:phantom_stock	8806.82,17784.38 8990.49,17386.46
edge:declared:db.PhantomStockVestingTraceable:source_vesting_item	8707.66,17858.38 8554.37,17927.48
edge:declared:db.PhoneVerification:phone	5586.65,13983.79 3452.96,12550.44
edge:declared:db.PingpongDelivery:dropoff_address	20531.06,12425.23 23566.52,14145.06
edge:declared:db.PitchingDayHall:assigned_irs	35326.86,8668.09 30725.81,7583.45
edge:declared:db.PitchingDayHallAccessLog:pitching_day_hall	35634.22,8921.36 35487.69,8742.32
edge:declared:db.PitchingDayHallAccessLog:venture_capital	35688.62,8995.36 37795.22,12227.48
edge:declared:db.PitchingDayHallAssignedIrs:investor_relations	33157.86,7974.12 30725.81,7572.58
edge:declared:db.PitchingDayHallAssignedIrs:pitching_day_hall	33398.99,8032.09 35326.86,8657.12
edge:declared:db.PortalMenuVisibilitySetting:company	16747.87,9973.53 16052.48,12226.49
edge:declared:db.PortalSetting:company	19019.87,9979.10 16175.50,12289.18
edge:declared:db.PortfolioCompany:company	30563.38,14272.34 16175.50,12467.33
edge:declared:db.PortfolioCompany:venture_capital	30823.38,14255.30 37744.83,12479.68
edge:declared:db.PortfolioCompanyFund:fund	32188.23,14397.46 34552.55,13453.30
edge:declared:db.PortfolioCompanyFund:portfolio_company	31977.58,14422.19 30823.38,14302.17
edge:declared:db.PortfolioCompanyManager:portfolio_company	30545.42,16872.44 30689.66,14353.65
edge:declared:db.PortfolioCompanyUserRelation:portfolio_company	30879.88,14396.08 30806.22,14353.65
edge:declared:db.PrivacyPolicyLog:privacy_policy	138.52,29996.87 152.12,29903.21
edge:declared:db.PromotionAddress:promotion	3503.37,7202.10 3595.48,8897.05
edge:declared:db.PromotionCodeUsageHistory:promotion_code	26332.18,12595.50 26187.58,12388.14
edge:declared:db.PromotionCodeUsageHistory:service_fee_item	26297.54,12669.50 25735.11,13013.80
edge:declared:db.Purchase:_corporate_registration_paid_issue	22803.76,13794.66 20459.87,13828.99
edge:declared:db.Purchase:_credit	22803.76,13795.60 20976.48,13833.99
edge:declared:db.Purchase:_deprecated_payment_store	23099.76,13839.03 23979.71,14115.75
edge:declared:db.Purchase:_incorporation_request	22897.66,13897.49 21888.09,15856.96
edge:declared:db.Purchase:_invitation_seat_request	22803.76,13763.76 10020.13,11282.04
edge:declared:db.Purchase:_meeting	22803.76,13890.33 17381.86,17474.65
edge:declared:db.Purchase:_payment_store_legal_partner	22898.22,13897.49 22532.26,14615.24
edge:declared:db.Purchase:_subscription_payment_request	22901.41,13687.49 22196.91,12218.35
edge:declared:db.Purchase:basket	23099.74,13687.49 23254.22,13577.88
edge:declared:db.Purchase:company	22803.76,13763.83 16175.50,12480.28
edge:declared:db.Purchase:investment_association	23099.76,13847.04 30486.03,16569.67
edge:declared:db.Purchase:service_fee	23099.76,13740.93 23768.15,13508.10
edge:declared:db.Purchase:venture_capital	23099.76,13779.05 37744.83,12449.19
edge:declared:db.PurchaseItem:payment_store	24098.79,13891.36 24102.87,14109.74
edge:declared:db.PurchaseItem:purchase	23980.10,13847.99 23099.76,13800.48
edge:declared:db.PurchaseStatusHistory:purchase	22166.42,13727.44 22803.76,13780.23
edge:declared:db.Purpose:articles_of_incorporation	17281.24,15180.34 17200.42,15290.85
edge:declared:db.Purpose:industrial_code	17303.53,15106.34 17259.15,14762.15
edge:declared:db.QrReplyPasswordReset:request	25050.71,16361.19 25006.15,16636.31
edge:declared:db.QrReplyPasswordResetRequest:reply	24962.29,16710.31 24655.06,17010.52
edge:declared:db.QuarterlyReportRequest:quarterly_report	29018.76,16792.83 29628.39,15999.33
edge:declared:db.QuarterlyReportRequestAttachment:quarterly_report_request	26877.09,17099.30 28814.19,16858.93
edge:declared:db.QuarterlyReportRequestRecipient:email_activity_recipient	30631.47,17267.68 25546.97,23071.77
edge:declared:db.QuarterlyReportRequestRecipient:portfolio_company	30671.23,17177.68 30692.88,14353.65
edge:declared:db.QuarterlyReportRequestRecipient:portfolio_company_manager	30652.56,17177.68 30558.37,16946.44
edge:declared:db.QuarterlyReportRequestRecipient:quarterly_report_request	30473.67,17177.68 29154.19,16876.62
edge:declared:db.QuarterlyReportRequestReportItem:quarterly_report_item	28053.63,16704.74 28178.54,16485.55
edge:declared:db.QuarterlyReportRequestReportItem:quarterly_report_request	28182.04,16756.84 28814.19,16820.66
edge:declared:db.QuarterlyReportSettings:quarterly_report	29322.20,15920.10 29525.68,15933.03
edge:declared:db.QuarterlyReportSignupChannel:portfolio_company	28474.43,14990.90 30563.38,14329.79
edge:declared:db.QuarterlyReportSignupChannel:quarterly_report	28404.65,15072.90 29589.08,15885.33
edge:declared:db.QuestionMessageAttachment:message	21700.62,16109.02 24189.46,11499.42
edge:declared:db.QuestionMessageScheduled:question_thread_message	24548.10,10913.99 24274.35,11353.42
edge:declared:db.QuestionThread:_company	20815.12,12630.03 16175.50,12450.83
edge:declared:db.QuestionThreadAssignment:question_thread	19820.01,12736.58 20815.12,12646.78
edge:declared:db.QuestionThreadMessage:question_thread	24092.87,11476.48 21075.12,12587.20
edge:declared:db.QuestionThreadMessageAccessLog:message	24378.56,11761.45 24261.49,11499.42
edge:declared:db.QuestionThreadMessageCategory:question_thread_message	25388.09,11510.32 24364.87,11436.26
edge:declared:db.QuestionThreadMessagePeriodicTaskRelation:question_message_scheduled	24404.24,10758.73 24518.93,10839.99
edge:declared:db.QuestionThreadMessageProfile:message	24800.03,11212.26 24364.87,11375.43
edge:declared:db.QuestionThreadMessageReminder:message	25388.09,11614.56 24364.87,11448.49
edge:declared:db.QuestionThreadMessageReview:message	24932.50,11715.73 24364.87,11482.34
edge:declared:db.QuestionThreadMessageReviewRequest:message	25375.90,11715.73 24364.87,11460.72
edge:declared:db.QuestionThreadTag:question_thread_set	21001.74,12877.65 20961.22,12704.05
edge:declared:db.RebootProductContactRequest:company	13142.34,11971.45 15795.50,12411.94
edge:declared:db.RegisteredMail:order_status_history	1.77,10029.83 293.31,9990.52
edge:declared:db.RegisteredMail:seal_card_return_status_history	-125.23,10008.74 -171.28,9819.52
edge:declared:db.Registration:meeting	14693.28,19498.88 17085.86,17684.71
edge:declared:db.RegistrationAgenda:agenda_ceo_address_change	12463.96,21982.57 12626.19,22050.22
edge:declared:db.RegistrationAgenda:agenda_director_change	12352.49,21982.57 12288.85,22788.86
edge:declared:db.RegistrationAgenda:agenda_option_exercise	12480.04,21930.21 12648.59,21920.22
edge:declared:db.RegistrationAgenda:registration	12398.89,21892.57 14600.17,19580.88
edge:declared:db.RegistrationAssistance:legal_partner	21358.35,16983.95 22406.68,14865.24
edge:declared:db.RegistrationAssistance:meeting	21214.06,17041.49 17381.86,17552.75
edge:declared:db.RegistrationAssistanceReceipt:registration_assistance	21532.51,16985.25 21462.06,16999.63
edge:declared:db.RegistrationCaseReport:company	13193.19,8282.09 15839.89,12226.49
edge:declared:db.RegistrationCaseReport:jurisdiction	13168.96,8282.09 13194.52,9856.68
edge:declared:db.RegistrationCaseReportUpdateLog:company	20940.46,11182.04 16175.50,12395.12
edge:declared:db.RegistrationDirector:registration	14708.15,19644.96 14666.11,19580.88
edge:declared:db.RegistrationFormCaptable:agenda	18265.90,23974.09 17340.24,21525.49
edge:declared:db.RegistrationFormCaptableDocument:captable	16412.78,25109.57 18211.40,24056.09
edge:declared:db.RegistrationFormCaptableNotarizationRequestor:registration_form_captable	18183.93,23723.23 18267.71,23974.09
edge:declared:db.RegistrationFormCaptableNotarizationRequestor:shareholder	18084.29,23649.23 17183.87,23267.52
edge:declared:db.RegistrationFormHeadOfficeInsideRelocationDocument:head_office_relocation_agenda	19234.26,23986.52 18489.42,21717.23
edge:declared:db.RegistrationFormHeadOfficeOutsideRelocationDocument:head_office_relocation_agenda	19705.20,23950.29 18500.61,21717.23
edge:declared:db.RegistrationHelp:company_question_thread	17588.10,16757.64 18927.03,14370.85
edge:declared:db.RegistrationHelp:meeting	17551.48,16831.64 17284.02,17455.49
edge:declared:db.ResignationLetterDocument:director_change_agenda	13019.37,24257.26 12312.18,22894.86
edge:declared:db.RightToConsentOrConsult:company	14086.01,16617.17 15886.74,12660.49
edge:inheritance:db.RsuAdjustEvent->db.Event	14603.39,16615.56 15446.56,16838.92
edge:declared:db.RsuExerciseClaim:company	13407.50,15369.62 15795.50,12659.15
edge:declared:db.RsuExerciseClaim:financial_account	13288.93,15475.62 11447.35,16833.56
edge:declared:db.RsuExerciseClaimAttachment:attachment_setting_item	12804.20,15551.16 12699.01,15598.94
edge:declared:db.RsuExerciseClaimAttachment:rsu_exercise_claim	13009.17,15490.37 13236.81,15446.51
edge:declared:db.RsuExerciseClaimCandidate:hrm_emp	11752.42,16525.83 4769.73,18060.10
edge:declared:db.RsuExerciseClaimCandidate:rsu_exercise_claim	11945.96,16449.14 13287.76,15475.62
edge:declared:db.RsuExerciseClaimCandidate:rsu_exercise_management	11882.21,16449.14 11913.90,16039.91
edge:declared:db.RsuExerciseClaimCandidate:rsu_grantee	11906.31,16547.14 12086.59,16863.87
edge:declared:db.RsuExerciseClaimCandidateEmailRecipient:candidate	12287.42,16608.81 12004.42,16532.23
edge:declared:db.RsuExerciseClaimEventRelation:claim	13627.67,15657.18 13421.11,15475.62
edge:declared:db.RsuExerciseClaimEventRelation:event	13730.38,15731.18 14873.53,16429.04
edge:declared:db.RsuExerciseClaimRsu:rsu	14020.24,15333.86 14521.26,15265.22
edge:declared:db.RsuExerciseClaimRsu:rsu_exercise_claim	13784.24,15365.85 13484.81,15406.00
edge:declared:db.RsuExerciseManagement:company	11973.88,15941.91 15795.50,12609.18
edge:declared:db.RsuExerciseManagement:excluded_institution_set	11876.92,16039.91 11769.80,16168.66
edge:declared:db.RsuExerciseManagementAttachmentSetting:management	12291.84,15878.28 12041.69,15953.58
edge:declared:db.RsuExerciseManagementAttachmentSettingItem:setting	12581.00,15672.94 12451.29,15804.28
edge:declared:db.RsuExerciseManagementEmail:rsu_exercise_management	12026.97,16161.20 11949.14,16039.91
edge:declared:db.RsuExtraAttachment:rsu	15121.79,14892.68 14753.08,15173.59
edge:declared:db.RsuGrantContract:rsu	15418.63,15058.87 14793.26,15213.06
edge:declared:db.RsuGrantContract:template	15548.75,14983.30 15622.65,14440.00
edge:declared:db.RsuGrantContractModusignDocument:rsu_grant_contract	21562.95,19212.39 15607.38,15073.30
edge:declared:db.RsuGrantContractTemplate:company	15635.72,14358.00 15945.85,12660.49
edge:declared:db.RsuGrantContractTemplate:stakeholder_set	15603.95,14358.00 15456.54,14109.06
edge:declared:db.RsuGrantContractTemplateStakeholder:company	15447.15,14035.06 15912.10,12660.49
edge:declared:db.RsuMeeting:company	15886.79,15245.93 15977.86,12660.49
edge:declared:db.RsuMeeting:meeting	15911.80,15335.93 17164.70,17455.49
edge:declared:db.RsuMeetingAttachment:meeting	15328.83,15447.27 15761.20,15325.77
edge:declared:db.RsuPerformanceCondition:company	15107.67,13654.14 15828.16,12660.49
edge:declared:db.RsuResumeEvent:pause_event	14835.09,17363.53 14810.77,17409.01
edge:declared:db.RsuRsa:company	14691.85,15173.59 15882.68,12660.49
edge:declared:db.RsuRsa:grantee	14545.12,15319.59 12172.91,16863.87
edge:declared:db.RsuRsa:grantee_hrm_emp	14521.26,15285.14 4769.73,18049.14
edge:declared:db.RsuRsa:source_meeting	14793.26,15251.50 15761.20,15286.45
edge:declared:db.RsuRsaSealedContractFile:company	15312.65,14482.06 15913.88,12660.49
edge:declared:db.RsuRsaSealedContractFile:grant_contract	15318.04,14556.06 15521.23,14983.30
edge:declared:db.RsuTag:category	14991.17,14512.08 14933.16,14249.22
edge:declared:db.RsuTag:company	15019.37,14512.08 15884.15,12660.49
edge:declared:db.RsuTag:rsu_set	14979.94,14594.08 14693.36,15173.59
edge:declared:db.RsuTagCategory:company	14947.17,14175.22 15855.39,12660.49
edge:declared:db.RsuVesting:rsu	14049.76,15227.54 14521.26,15242.33
edge:declared:db.RsuVestingItem:performance_condition	14260.20,14792.97 15053.28,13728.14
edge:declared:db.RsuVestingItem:rsu_vesting	14192.29,14882.97 13960.04,15186.84
edge:declared:db.RsuVestingTraceable:rsu	14517.67,15128.47 14570.99,15173.59
edge:declared:db.RsuVestingTraceable:source_vesting_item	14437.85,15054.47 14270.57,14882.97
edge:declared:db.RtccConsentSummary:company	13806.01,10823.75 15795.50,12302.29
edge:declared:db.RtccConsentSummary:source_result	13746.20,10749.75 13644.82,10375.40
edge:declared:db.RtccEmail:right_to_consent_or_consult	13926.97,17037.67 14052.18,16699.17
edge:declared:db.RtccEmailAuthentication:rtcc_investor	14800.85,17621.25 14694.25,17676.58
edge:declared:db.RtccInvestor:right_to_consent_or_consult	14584.69,17676.58 14088.18,16699.17
edge:declared:db.RtccInvestor:stakeholder	14476.78,17766.58 10125.11,19264.11
edge:declared:db.RtccInvestorFile:investor	16520.49,17708.56 14763.05,17720.52
edge:declared:db.RtccSummaryAnalysisRequest:company	14374.89,10764.70 15795.50,12245.45
edge:declared:db.RtccSummaryAnalysisRequestDocument:document	14248.29,10274.93 18278.93,15302.65
edge:declared:db.RtccSummaryAnalysisRequestDocument:request	14227.54,10274.93 14325.68,10682.70
edge:declared:db.RtccSummaryAnalysisResult:request	13707.63,10375.40 14261.64,10682.70
edge:declared:db.RtccSummaryAnalysisResultDocument:document	13618.18,9513.15 18278.76,15302.65
edge:declared:db.RtccSummaryAnalysisResultDocument:result	13590.34,9513.15 13631.55,10293.40
edge:declared:db.Safe:company	13107.38,14691.85 15795.50,12591.92
edge:declared:db.Safe:holder	13014.46,14765.85 11478.32,16013.32
edge:declared:db.SafeCreateEvent:contract_file	16784.84,17526.16 20408.00,18433.67
edge:declared:db.SalesMetric:legal_partner	23304.34,14686.73 22622.53,14730.38
edge:declared:db.SdContactRequest:secondary_deal	37996.64,8559.51 39006.91,6234.15
edge:declared:db.SdContactRequest:venture_capital	37980.06,8633.51 37931.59,12227.48
edge:declared:db.SealCardReturnRequest:seal_card	-1356.47,8440.98 -729.83,8372.64
edge:declared:db.SealCardReturnStatusHistory:seal_card_return_request	-221.49,9737.52 -1440.24,8495.51
edge:declared:db.SealCertificateDelivery:company	19349.13,12378.68 16175.50,12439.83
edge:declared:db.SealCertificateDelivery:seal_card_pickup_delivery	19597.13,12376.28 20320.58,12376.24
edge:declared:db.SealCertificateIssueRequest:delivery	19624.91,12467.69 19554.50,12425.29
edge:declared:db.SealStamp:attachment	16553.64,15712.15 20408.00,18351.17
edge:declared:db.SealStamp:company	16468.14,15606.15 16018.62,12660.49
edge:declared:db.SealStamp:director	16485.35,15712.15 16596.52,16358.54
edge:declared:db.SealStampCardContinuedUseApplicationFormDocument:stakeholder	9244.55,23214.16 9930.29,19478.24
edge:declared:db.SealStampDeclarationDocument:stakeholder	9550.83,23062.75 9941.98,19478.24
edge:declared:db.SealStampImage:seal_stamp	17081.49,15762.19 16600.23,15680.26
edge:declared:db.SealStampUsageHistory:employee	10392.44,15253.30 8630.79,15046.91
edge:declared:db.SealStampUsageHistory:payroll_statement_document	10586.90,15320.83 10659.39,15375.36
edge:declared:db.SealStampUsageHistory:seal_stamp	10640.44,15275.97 16352.23,15651.01
edge:declared:db.SealStampUsageHistory:wht_book	10392.44,15279.75 9614.32,15354.56
edge:declared:db.SealStampUsageHistory:wht_certificate	10617.49,15214.83 10732.17,15154.68
edge:declared:db.SealStampUsageHistory:wht_receipt	10392.44,15219.65 10300.96,15184.11
edge:declared:db.SecondaryDeal:assigned_investors	39037.83,6234.15 37965.51,12227.48
edge:declared:db.SecondaryDeal:business_line	38905.48,6099.10 38177.83,6032.72
edge:declared:db.SecondaryDeal:corporate_registration	38905.48,6039.22 38634.96,5909.36
edge:declared:db.SecondaryDeal:operating_profit	39025.47,5992.15 38636.53,4608.44
edge:declared:db.SelfRegistration:meeting	17553.52,17458.21 17381.86,17519.58
edge:declared:db.ServiceFee:basket	23761.85,13482.89 23424.37,13525.86
edge:declared:db.ServiceFeeItem:product	25618.92,13013.80 24741.40,12282.80
edge:declared:db.ServiceFeeItem:service_fee	25544.14,13083.49 24009.85,13438.41
edge:declared:db.ShareClass:company	15453.48,18180.22 15965.38,12660.49
edge:declared:db.ShareholderInstitutionMember:institution	10209.72,21975.32 10646.08,22672.54
edge:declared:db.ShareholderInstitutionMember:manager	10164.08,21893.32 10043.15,21645.22
edge:declared:db.ShareholderInstitutionMemberCeo:member	10135.28,22580.72 10180.97,21975.32
edge:declared:db.ShareholderVote:agenda	17245.84,22827.44 17284.39,21525.49
edge:declared:db.ShareholderVote:attended_shareholder	17219.97,22901.44 17067.29,23129.52
edge:declared:db.ShareholderVotingRightsPerAgenda:agenda	16941.77,22517.95 17246.40,21525.49
edge:declared:db.ShareholderVotingRightsPerAgenda:shareholder	16935.62,22591.95 17011.38,23129.52
edge:declared:db.ShareholdersAgreementStakeholder:stakeholder	8924.84,19087.06 9793.11,19283.65
edge:declared:db.ShareholdersMeeting:chairperson	15623.25,22736.81 13732.71,22759.85
edge:declared:db.ShareholdersMeeting:meeting	15773.04,22666.23 17200.31,17689.49
edge:declared:db.ShareholdersMeeting:sealed_meeting_minutes_file	15831.83,22666.23 20408.00,18648.09
edge:declared:db.ShareholdersMeetingAgenda:agenda_authorized_shares_change	17128.45,21462.07 16618.17,21696.72
edge:declared:db.ShareholdersMeetingAgenda:agenda_bonus_issue	17335.76,21251.49 17654.68,20327.95
edge:declared:db.ShareholdersMeetingAgenda:agenda_branch_change	17311.51,21251.49 17505.51,20098.93
edge:declared:db.ShareholdersMeetingAgenda:agenda_change_of_articles_of_incorporation	17448.45,21311.10 18864.98,20625.98
edge:declared:db.ShareholdersMeetingAgenda:agenda_co_ceo_system_change	17128.45,21352.21 16067.62,21111.67
edge:declared:db.ShareholdersMeetingAgenda:agenda_company_name_change	17259.20,21251.49 17203.30,20989.73
edge:declared:db.ShareholdersMeetingAgenda:agenda_custom	17128.45,21333.72 16091.42,20978.70
edge:declared:db.ShareholdersMeetingAgenda:agenda_director_change	17128.45,21434.96 12408.67,22805.84
edge:declared:db.ShareholdersMeetingAgenda:agenda_director_compensation_decision	17128.45,21415.48 15021.30,21770.95
edge:declared:db.ShareholdersMeetingAgenda:agenda_director_compensation_rule	17128.45,21339.12 16566.29,21165.67
edge:declared:db.ShareholdersMeetingAgenda:agenda_financial_statements	17287.78,21251.49 17282.92,20254.82
edge:declared:db.ShareholdersMeetingAgenda:agenda_head_office_relocation	17448.45,21425.77 18342.52,21634.06
edge:declared:db.ShareholdersMeetingAgenda:agenda_head_office_relocation_aoi_change	17448.45,21519.16 18231.67,22158.79
edge:declared:db.ShareholdersMeetingAgenda:agenda_method_of_giving_public_notice_change	17253.16,21251.49 17065.86,20524.46
edge:declared:db.ShareholdersMeetingAgenda:agenda_new_issue	17128.45,21520.83 16208.95,22281.38
edge:declared:db.ShareholdersMeetingAgenda:agenda_new_options_rule	17128.45,21286.76 16726.22,21031.02
edge:declared:db.ShareholdersMeetingAgenda:agenda_new_or_change_rsu_rule	17128.45,21281.99 16943.88,21159.14
edge:declared:db.ShareholdersMeetingAgenda:agenda_option_cancel	17128.45,21365.14 15078.02,21065.92
edge:declared:db.ShareholdersMeetingAgenda:agenda_option_grant	17146.48,21251.49 15579.74,19739.57
edge:declared:db.ShareholdersMeetingAgenda:agenda_purpose_change	17448.45,21516.33 17630.16,21661.52
edge:declared:db.ShareholdersMeetingAgenda:agenda_rsu_grant	17128.45,21339.70 15760.73,20922.62
edge:declared:db.ShareholdersMeetingAgenda:agenda_subsidiary_establishment	17128.45,21395.01 15675.52,21454.19
edge:declared:db.ShareholdersMeetingAgenda:meeting	17132.28,21525.49 15831.91,22666.23
edge:declared:db.ShareholdersMeetingConvocationNoticeEmail:shareholders_meeting	17992.49,20771.36 15831.93,22666.23
edge:declared:db.ShareholdersMeetingConvocationNoticeEmailAttachment:convocation_notice_email	19790.51,20450.77 18236.86,20692.97
edge:declared:db.ShareholdersMeetingConvocationNoticeEmailNewIssueAttachment:email	16771.03,22152.92 18004.61,20771.36
edge:declared:db.ShareholdersMeetingConvocationNoticeEmailNewIssueAttachment:new_issue	16605.51,22226.92 16242.19,22328.40
edge:declared:db.ShareholdersMeetingConvocationNoticeEmailRecipient:email_activity_recipient	23717.20,23181.50 25380.04,23124.98
edge:declared:db.ShareholdersMeetingConvocationNoticeRecipient:bulk_email_recipient	19810.76,22916.98 17316.51,19174.77
edge:declared:db.ShareholdersMeetingConvocationNoticeRecipient:convocation_notice_email	19804.74,22916.98 18087.58,20771.36
edge:declared:db.ShareholdersMeetingConvocationNoticeRecipient:shareholder	19642.75,22978.59 17208.60,23182.79
edge:declared:db.ShareholdersMeetingDirectorAttendance:stakeholder	13511.39,22712.92 10123.54,19478.24
edge:declared:db.ShareholdersMeetingPowerOfAttorneyIndividualDocument:shareholder	16367.54,24271.17 16979.06,23267.52
edge:declared:db.ShareholdersMeetingShareholderAttendance:meeting	16833.60,23130.00 15883.25,22782.73
edge:declared:db.ShareholdersMeetingShareholderAttendance:original_shareholder	16833.60,23184.87 10816.76,22747.00
edge:declared:db.ShareholdersMeetingShortenPeriodIndividualDocument:shareholder	16550.35,23242.32 16833.60,23215.96
edge:declared:db.ShareholdersMeetingWrittenDecisionIndividualDocument:shareholder	16392.83,23731.99 16939.84,23267.52
edge:declared:db.Stakeholder:company	10096.68,19164.24 15795.50,12660.33
edge:declared:db.Stakeholder:standardized_address	10125.11,19316.75 23936.01,18943.02
edge:declared:db.StakeholderAccount:account	10713.82,18167.86 11355.47,16931.56
edge:declared:db.StakeholderAccount:stakeholder	10670.24,18241.86 10062.55,19164.24
edge:declared:db.StakeholderCustodian:stakeholder	9377.86,19293.80 9793.11,19313.40
edge:declared:db.StakeholderSeat:stakeholder	8649.74,19356.67 9793.11,19325.73
edge:declared:db.StarredQuestionThread:question_thread	20463.87,12860.12 20815.12,12695.85
edge:declared:db.Stock:company	15423.03,18409.98 15965.04,12660.49
edge:declared:db.Stock:share_class	15424.70,18409.98 15441.40,18286.22
edge:declared:db.Stock:shareholder	15373.90,18491.98 10758.52,22672.54
edge:declared:db.StockDocumentAnalysis:document_ai_process_request	28461.18,27628.18 29234.24,27371.06
edge:declared:db.StockDocumentAnalysis:stock_reregistration_event	28389.60,27702.18 28538.47,27841.04
edge:declared:db.StockTransferAgreement:company	17113.51,18480.01 16026.05,12660.49
edge:declared:db.StockTransferAgreement:purchaser	16991.90,18571.51 10125.11,19303.54
edge:declared:db.StockTransferAgreement:sealed_agreement_file	17263.90,18554.04 20408.00,18485.41
edge:declared:db.StockTransferAgreement:seller	17009.26,18634.01 10786.91,22672.54
edge:declared:db.StockTransferAgreement:stock_transfer_event	16991.90,18481.81 16810.81,18381.68
edge:declared:db.StockTransferAgreementClauses:stock_transfer_agreement	17406.28,18510.75 17263.90,18534.41
edge:declared:db.StockTransferAgreementItem:agreement	16502.77,18258.38 16991.90,18492.04
edge:declared:db.StockTransferAgreementItem:share_class	16301.82,18222.88 15572.56,18231.72
edge:declared:db.StockTransferAgreementManagement:company	17830.70,13186.93 16175.50,12520.04
edge:declared:db.StockTransferAgreementManagement:related_tax_advices	18093.89,13201.81 20815.12,12660.89
edge:declared:db.StockTransferAgreementManagement:stock_transfer_agreement	17935.51,13276.93 17139.68,18480.01
edge:declared:db.StockTransferAgreementManagementStakeholderSeat:stakeholder_seat	6025.33,8536.80 8516.27,19319.02
edge:declared:db.StockTransferAgreementManagementStakeholderSeat:stock_transfer_agreement_management	6110.03,8536.80 17828.98,13186.93
edge:declared:db.StockTransferAgreementModusignDocument:stock_transfer_agreement	20401.13,20216.57 17263.90,18625.96
edge:declared:db.StockTransferAgreementModusignEmbeddedDraft:stock_transfer_agreement	19357.38,19854.80 17260.18,18634.01
edge:declared:db.StockTransferAgreementPurchaserInstitution:agreement	17161.60,18720.31 17143.79,18634.01
edge:declared:db.StockTransferAgreementSellerInstitution:agreement	17705.36,18705.70 17263.90,18592.03
edge:declared:db.StockTransferAgreementSurvey:company	19826.55,9541.77 16175.50,12299.95
edge:declared:db.StockTransferPrice:share_class	16432.59,18106.42 15572.56,18217.24
edge:declared:db.StockTransferPrice:stock_transfer_event	16578.81,18128.22 16715.67,18307.68
edge:declared:db.StockUnissuedConfirmationRequest:company	18813.05,16192.78 16149.15,12660.49
edge:declared:db.StockUnissuedConfirmationRequest:stock_unissued_confirmation_file	18875.97,16274.78 20428.64,18264.26
edge:declared:db.StripeCard:customer	897.31,7249.12 962.30,7621.39
edge:declared:db.StripePayment:card	-226.57,7902.25 830.94,7249.12
edge:declared:db.StripePayment:order	-168.96,7963.33 1553.93,8242.28
edge:declared:db.StripePayment:seal_card_return_request	-388.19,7984.25 -1385.24,8413.51
edge:declared:db.Subscription:company	21434.65,11188.00 16175.50,12399.71
edge:declared:db.Subscription:subscription_contract	21434.65,11189.14 19663.60,11612.03
edge:declared:db.Subscription:subscription_package	21434.65,11197.49 20077.75,11604.79
edge:declared:db.Subscription:subscription_plan	21501.06,11237.67 20879.25,11961.41
edge:declared:db.Subscription:subscription_policy	21434.65,11210.79 20068.80,11754.37
edge:declared:db.Subscription:subscription_promotion	21434.65,11176.36 20399.46,11326.24
edge:declared:db.SubscriptionBonus:subscription	22405.10,11253.45 21706.65,11172.44
edge:declared:db.SubscriptionContract:company	19427.60,11666.83 16175.50,12400.62
edge:declared:db.SubscriptionModusignDocumentUsageHistory:subscription	25851.68,13299.86 21706.65,11224.75
edge:declared:db.SubscriptionPackage:company	19841.75,11664.06 16175.50,12405.09
edge:declared:db.SubscriptionPaymentRequest:company	22051.25,12182.77 16175.50,12435.32
edge:declared:db.SubscriptionPaymentRequest:subscription	22152.88,12136.35 21618.79,11237.67
edge:declared:db.SubscriptionPenaltyPayment:company	19201.17,11843.62 16175.50,12408.05
edge:declared:db.SubscriptionPenaltyPayment:subscription	19441.17,11785.78 21434.65,11196.85
edge:declared:db.SubscriptionPeriod:subscription	22816.66,10853.56 21706.65,11123.59
edge:declared:db.SubscriptionPerk:subscription	22290.58,11410.99 21706.65,11204.71
edge:declared:db.SubscriptionPlan:permissions	20700.28,12018.11 20144.08,12016.82
edge:declared:db.SubscriptionPlanOffering:subscription_plan	21146.05,12002.82 20960.28,12011.99
edge:declared:db.SubscriptionPlanPerk:subscription_plan	21123.40,11917.63 20960.28,11973.71
edge:declared:db.SubscriptionPolicy:company	19857.83,11810.65 16175.50,12412.44
edge:declared:db.SubscriptionPromotion:company	20163.46,11373.55 16175.50,12394.83
edge:declared:db.SubscriptionReservation:company	19441.06,12146.27 16175.50,12427.15
edge:declared:db.SubscriptionReservation:subscription_plan	19677.06,12125.19 20700.28,12030.45
edge:declared:db.SubscriptionSuspensionHistory:subscription	22302.92,11124.20 21706.65,11150.64
edge:declared:db.TalingCoupon:_company	10608.35,11737.89 15795.50,12418.56
edge:declared:db.TaxBookkeepingServiceRequest:company	20976.54,14266.72 16175.50,12512.90
edge:declared:db.TaxBookkeepingServiceRequest:incorporation_request	21107.25,14348.72 21786.69,15856.96
edge:declared:db.TaxPartnerTbkContract:legal_partner	23573.05,14527.73 22622.53,14710.61
edge:declared:db.TaxPartnerTbkContractItem:tax_partner_tbk_contract	23937.25,14590.05 23798.20,14542.03
edge:declared:db.TaxPartnerTbkSettings:legal_partner	22794.71,15792.74 22507.27,14865.24
edge:declared:db.TbkConsulting:tax_bookkeeping_service_request	21400.21,14201.10 21208.54,14266.72
edge:declared:db.TbkConsulting:tbk_question_thread	21400.21,14164.65 19118.96,14274.98
edge:declared:db.TbkConsultingMemo:tbk_consulting	22020.50,14035.91 21648.21,14127.98
edge:declared:db.TbkConsultingRefusal:incorporation_request	21403.10,15526.42 21730.11,15856.96
edge:declared:db.TbkConsultingStatusLog:tbk_consulting	21460.64,13968.67 21507.81,14109.65
edge:declared:db.TbkContract:tbk_consulting	22905.44,15027.70 21602.09,14207.65
edge:declared:db.TbkContractBenefit:tbk_contract	23296.32,15163.92 23094.60,15104.95
edge:declared:db.TbkContractSettlement:tbk_contract	23225.08,14992.86 23094.60,15031.74
edge:declared:db.ThirdPartyArticleProviderUserRelation:article_provider	20436.81,19991.45 20431.98,19943.37
edge:declared:db.UserApiKeyCompanyAccess:api_key	17228.08,8601.26 17682.46,7510.54
edge:declared:db.UserApiKeyCompanyAccess:selected_companies	17197.78,8683.26 16055.46,12226.49
edge:declared:db.UserApiKeyCompanyRelation:company	17320.11,9083.36 16071.69,12226.49
edge:declared:db.UserApiKeyCompanyRelation:company_access	17323.47,9009.36 17223.56,8683.26
edge:declared:db.UserApiKeyRevocation:api_key	17224.25,7450.79 17575.54,7464.65
edge:declared:db.UserInvitation:company	9031.99,11974.67 15795.50,12430.68
edge:declared:db.UserInvitation:company_user_relation	8783.99,12000.35 7676.89,12304.30
edge:declared:db.UserInvitationInvitee:invitation	7726.62,12644.44 8829.60,12011.31
edge:declared:db.UserInvitationInvitee:stakeholder	7674.96,12718.44 9904.80,19164.24
edge:declared:db.UserInvitationOwnerRoleRelation:owner_role	9418.82,11273.50 9562.44,11131.34
edge:declared:db.UserInvitationOwnerRoleRelation:user_invitation	9354.73,11347.50 8940.48,11921.31
edge:declared:db.UserProfileImageMapping:profile_image	21927.59,18858.75 21878.34,18924.94
edge:declared:db.UserSealCardRelation:seal_card	-894.27,8505.44 -686.65,8400.11
edge:declared:db.ValuationHistory:company	18441.62,12476.39 16175.50,12446.04
edge:declared:db.ValuationServiceRequest:company	17490.32,13566.69 16175.50,12585.31
edge:declared:db.ValuationServiceRequest:company_question_thread	17618.30,13640.69 18834.96,14214.84
edge:declared:db.VcIrRecommendationRequest:venture_capital	35902.73,9747.00 37774.16,12227.48
edge:declared:db.VcIrRecommendationRequestResult:investor_relations	33989.68,8764.97 30725.81,7602.02
edge:declared:db.VcIrRecommendationRequestResult:request	34166.10,8838.97 35802.23,9673.00
edge:declared:db.VcLpReport:venture_capital	37465.11,12975.15 37753.65,12637.48
edge:declared:db.VcLpReportRequest:alimtalk_activity	38091.55,13354.76 36475.41,14052.53
edge:declared:db.VcLpReportRequest:vc_lp_report	38084.15,13272.76 37525.87,13049.15
edge:declared:db.VcLpReportRequestRecipient:alimtalk_activity_recipient	36027.82,13880.57 35423.62,14314.05
edge:declared:db.VcLpReportRequestRecipient:fund_partner	35951.97,13877.64 35602.25,13977.74
edge:declared:db.VcLpReportRequestRecipient:vc_lp_report_request	36217.97,13806.29 38062.51,13344.79
edge:declared:db.VcNameAlias:venture_capital	38943.13,12079.97 38112.83,12368.53
edge:declared:db.VcSearchLog:company	29373.21,6851.65 16175.50,12364.13
edge:declared:db.VcSearchLog:investor_relations	29532.63,6851.65 30417.81,7444.08
edge:declared:db.VcSearchLog:venture_capital	29533.05,6851.65 37744.83,12310.17
edge:declared:db.VcUserRole:venture_capital	31688.21,9253.49 37744.83,12338.75
edge:declared:db.VentureBusinessCertification:attachment	18336.20,15525.02 20431.97,18264.26
edge:declared:db.VentureBusinessCertification:company	18273.56,15443.02 16151.03,12660.49
edge:declared:db.VentureBusinessCertificationExpirationNotificationLog:venture_business_certification	18085.57,15615.96 18236.69,15525.02
edge:declared:db.VentureCapitalEmailTemplates:venture_capital	38433.98,12547.66 38112.83,12474.43
edge:declared:db.VentureCapitalPaymentLink:venture_capital	29902.50,12622.72 37744.83,12436.84
edge:declared:db.VentureCapitalQuarterlyReport:content_template	29708.46,15885.33 31433.22,13175.64
edge:declared:db.VentureCapitalQuarterlyReport:venture_capital	29806.27,15885.33 37744.83,12510.70
edge:declared:db.VentureCapitalQuarterlyReportContentTemplate:venture_capital	31654.27,13117.09 37744.83,12452.56
edge:declared:db.VentureCapitalQuarterlyReportItem:quarterly_report	28321.94,16403.55 29525.68,15992.37
edge:declared:db.VentureCapitalQuarterlyReportItemReply:file_attachment	24803.77,17429.73 20788.00,18433.76
edge:declared:db.VentureCapitalQuarterlyReportItemReply:item	25108.20,17347.73 28061.47,16485.55
edge:declared:db.VentureCapitalQuarterlyReportItemReply:reply	24918.12,17347.73 24667.24,17140.52
edge:declared:db.VentureCapitalQuarterlyReportReply:_deprecated_captable	24419.54,17135.05 20788.00,18414.33
edge:declared:db.VentureCapitalQuarterlyReportReply:company_create_request	24419.54,17084.50 23943.24,17109.80
edge:declared:db.VentureCapitalQuarterlyReportReply:portfolio_company	24730.93,17010.52 30563.38,14348.00
edge:declared:db.VentureCapitalQuarterlyReportReply:quarterly_report	24757.54,17037.85 29525.68,15974.99
edge:declared:db.VentureCapitalSubscription:subscription_plan	38788.09,11040.85 38955.58,11226.40
edge:declared:db.VentureCapitalSubscription:venture_capital	38733.30,11040.85 38047.34,12227.48
edge:declared:db.VentureCapitalSubscriptionPlanPermission:subscription_plan	40374.56,11218.86 39137.09,11262.32
edge:declared:db.VentureCapitalSubscriptionPlanPrice:subscription_plan	38893.86,11887.04 38986.06,11308.40
edge:declared:db.VentureCapitalUserRelation:roles	33800.72,10719.61 31669.37,9253.49
edge:declared:db.VentureCapitalUserRelation:venture_capital	33975.75,10809.61 37744.83,12356.94
edge:declared:db.VentureComplex:address	24950.44,18617.77 24244.01,18881.38
edge:declared:db.VideoCollection:video_contents	18704.52,9448.63 19357.58,8854.84
edge:declared:db.VideoCollectionFeedback:company	18020.35,9534.21 16137.28,12226.49
edge:declared:db.VideoCollectionFeedback:video_collection	18164.23,9496.52 18531.03,9494.36
edge:declared:db.VideoCollectionPermission:company	18482.04,9837.22 16175.50,12245.14
edge:declared:db.VideoCollectionPermission:video_collection	18534.08,9763.22 18634.84,9538.63
edge:declared:db.VideoContentHistory:company	18953.05,9678.21 16175.50,12266.44
edge:declared:db.VideoContentHistory:video_collection	18899.38,9596.21 18762.22,9538.63
edge:declared:db.VideoContentHistory:video_content	19017.25,9596.21 19382.47,8854.84
edge:declared:db.VideoContentSpeecher:video_content	19009.48,8753.67 19278.67,8794.86
edge:declared:db.WhitepaperPreviewFile:whitepaper	327.13,6281.66 292.16,6397.15
edge:declared:db.WhitepaperWatermarkFile:whitepaper	1560.14,5905.90 378.37,6397.15
edge:declared:db.WhtBook:employee	9368.19,15325.48 8630.79,15077.94
edge:declared:db.WhtBook:wht_book_without_date	9366.32,15402.32 9171.85,15458.53
edge:declared:db.WhtBookWithoutDate:employee	9008.63,15455.63 8612.22,15131.27
edge:declared:db.WhtCertificate:employee	10684.72,15113.22 8630.79,15035.63
edge:declared:db.WhtReceipt:employee	10087.73,15139.08 8630.79,15039.93
edge:declared:db.YearEndTaxSettlement:payroll	7529.92,18568.49 4791.49,4917.25
edge:declared:db.YearEndTaxSettlementConfirmationSchedule:year_end_tax_settlement	6794.42,17994.45 7484.83,18568.49
edge:declared:db.YetsAssistance:employee	13877.72,30647.25 6268.63,30334.58
edge:declared:db.YetsAssistanceCreatorYetsEmployee:yets_employee	7397.71,30195.70 6268.63,30313.30
edge:declared:db.YetsAssistanceMessage:assistance	19187.16,30256.88 14125.72,30642.89
edge:declared:db.YetsAssistanceMessage:creator	19187.16,30245.64 12234.45,30146.03
edge:declared:db.YetsAssistanceMessageFile:message	25007.71,31681.09 19435.16,30278.63
edge:declared:db.YetsAssistanceStaffAccessLog:assistance	13112.45,30784.30 13877.72,30670.75
edge:declared:db.YetsAssistanceStaffFavoriteRelation:assistance	14692.57,30474.92 14125.72,30620.50
edge:declared:db.YetsEmail:year_end_tax_settlement	8748.42,19982.69 7578.70,18658.49
edge:declared:db.YetsEmailAuthentication:yets_employee	5305.69,30966.98 6039.00,30393.56
edge:declared:db.YetsEmployee:employee	6132.19,30263.56 8473.17,15131.27
edge:declared:db.YetsEmployee:year_end_tax_settlement	6129.99,30263.56 7533.51,18658.49
edge:declared:db.YetsEmployeeFile:employee	25437.31,32025.87 6268.63,30341.43
edge:declared:db.YetsEmployeeResult:yets_employee	7556.52,29856.45 6268.63,30280.34
edge:declared:db.YetsEmployeeResultAssistanceMessageRelation:assistance_message	12854.71,30056.97 19187.16,30243.76
edge:declared:db.YetsEmployeeResultAssistanceMessageRelation:result	12466.71,30042.07 7804.52,29821.51
edge:declared:db.YetsEmployeeResultStatusLog:result	7898.50,29028.82 7692.99,29770.64
edge:declared:db.YetsEmployeeResultWhtReceipt:result	23994.34,30039.26 7804.52,29817.34
edge:declared:db.YetsEmployeeSubmissionLog:yets_employee	6108.39,30640.39 6119.27,30393.56
edge:declared:db.YetsEmployeeUploadForm:yets_employee	8254.20,30826.05 6268.63,30362.74
edge:declared:db.YetsEmployeeUploadFormStatusLog:yets_employee_upload_form	7866.68,31543.46 8345.09,30890.58
edge:declared:db.ZuzuTaxPhoneToken:phone	3798.51,12359.04 3493.88,12476.44
edge:declared:document_ai.DocumentAiProcessResult:request	28607.42,29787.26 29334.35,27371.06
edge:declared:fi_sta.FiStaCompanyCeo:fi_sta_company	35761.47,30367.87 34766.12,32739.60
edge:declared:fi_sta.FiStaCompanySearchResult:fi_sta_company	34822.35,31532.78 34751.32,32739.60
edge:declared:fi_sta.FiStaContractDocument:participant	32400.06,33295.62 32975.56,33670.38
edge:declared:fi_sta.FiStaContractDocument:stock_transfer_agreement_document	32206.96,33271.54 29651.06,33702.81
edge:declared:fi_sta.FiStaContractDocument:stock_transfer_notice_poa_document	32351.27,33295.62 32455.17,33525.78
edge:declared:fi_sta.FiStaContractDocument:stock_unissued_confirmation_poa_document	32329.45,33205.62 32232.18,30313.96
edge:declared:fi_sta.FiStaManagement:fi_sta_company	37148.54,35079.41 34791.71,32821.60
edge:declared:fi_sta.FiStaParticipant:fi_sta_user	33174.81,33757.54 35420.46,34448.65
edge:declared:fi_sta.FiStaStockTransferAgreementDocument:starter	29651.06,33730.92 32926.81,33719.80
edge:declared:fi_sta.FiStaStockTransferNoticePoaDocument:signer	32608.66,33599.78 32926.81,33685.84
edge:declared:fi_sta.FiStaStockUnissuedConfirmationPoaDocument:signer	32239.75,30313.96 33039.14,33670.38
edge:declared:fi_sta.FiStaTransferStock:stock_transfer_agreement_document	31717.98,33947.78 29651.06,33747.94
edge:declared:fi_sta.FiStaUser:fi_sta_management	35635.07,34521.97 37090.55,35079.41
edge:declared:vertex_ai.VertexAiPredictionResult:request	39734.71,17447.12 39655.45,17530.12
edge:inheritance:db.AgendaBonusIssueNewIssueBalanceCertificateFile->db.FileAttachment	18405.86,19649.57 20408.00,18582.52
edge:inheritance:db.AgendaBonusIssueNewIssueMinutesFile->db.FileAttachment	18473.81,20299.32 20408.00,18643.88
edge:inheritance:db.Announcement->db.QuestionThread	21317.99,12261.60 21014.01,12566.05
edge:inheritance:db.AppointedDirectorCertificateOfSealDocument->db.MeetingDocument	16785.15,29512.41 14879.45,26289.57
edge:inheritance:db.AppointedDirectorResidentRegistrationDocument->db.MeetingDocument	18473.11,26450.96 14940.96,26109.76
edge:inheritance:db.ArticlesOfIncorporationAfterChangeDocument->db.MeetingDocument	21584.15,27775.69 14940.96,26136.49
edge:inheritance:db.ArticlesOfIncorporationBeforeChangeDocument->db.MeetingDocument	16711.04,26018.38 14940.96,26085.79
edge:inheritance:db.ArticlesOfIncorporationDocument->db.MeetingDocument	17590.20,27631.24 14940.96,26189.44
edge:inheritance:db.AuditReportDocument->db.MeetingDocument	18961.85,29121.15 14940.96,26220.96
edge:inheritance:db.BalanceCertificateDocument->db.MeetingDocument	13502.22,22494.56 14693.93,25895.57
edge:inheritance:db.BeforeunloadPdfEvent->db.PdfEvent	33336.02,11155.27 34036.83,11379.54
edge:inheritance:db.BigNumberValueWithVisibility->db.ValueWithVisibility	38556.88,4608.44 37189.44,5833.36
edge:inheritance:db.BranchAbolitionEvent->db.Event	18504.95,18050.55 15742.56,16937.75
edge:inheritance:db.BranchChangeEvent->db.Event	19157.68,18470.64 15742.56,16944.28
edge:inheritance:db.BranchInstallationEvent->db.Event	18625.89,18238.65 15742.56,16944.56
edge:inheritance:db.BulkEmailCommonAttachment->db.FileAttachment	16259.20,17408.99 20408.00,18434.30
edge:inheritance:db.BulkEmailRecipientAttachment->db.FileAttachment	18552.96,18717.36 20408.00,18503.20
edge:inheritance:db.CapitalChangeEvent->db.Event	14955.93,16102.69 15504.79,16769.13
edge:inheritance:db.CaptableAfterNewIssueDocument->db.MeetingDocument	17432.76,29705.88 14908.52,26289.57
edge:inheritance:db.CaptableAtRecordDateDocument->db.MeetingDocument	19396.70,26262.99 14940.96,26099.12
edge:inheritance:db.CaptableBeforeNewIssueDocument->db.MeetingDocument	16909.56,25771.13 14940.96,26065.92
edge:inheritance:db.CeoAddressChangeEvent->db.Event	15951.56,16609.46 15739.39,16769.13
edge:inheritance:db.CeoConfirmationDocument->db.MeetingDocument	18380.10,26128.48 14940.96,26094.34
edge:inheritance:db.CeoTypeChangedCeoResidentRegistrationDocument->db.MeetingDocument	13711.31,24535.20 14629.93,25895.57
edge:inheritance:db.CertificateOfCorporateSealDocument->db.MeetingDocument	19243.11,26635.07 14940.96,26114.12
edge:inheritance:db.CertificateOfSealNotarizationPoaDocument->db.MeetingDocument	14582.91,28139.24 14745.63,26289.57
edge:inheritance:db.CmeBulkEmail->db.BulkEmail	17577.65,16556.38 13712.71,17219.43
edge:inheritance:db.CmeBulkEmailRecipient->db.BulkEmailRecipient	18608.77,16676.68 17309.58,19060.77
edge:inheritance:db.CmeBulkEmailTemplate->db.BulkEmailTemplate	20209.65,15231.05 19382.16,15128.21
edge:inheritance:db.CoCeoSystemChangeEvent->db.Event	15821.99,16421.36 15648.83,16769.13
edge:inheritance:db.CompanyAddressChangeEvent->db.Event	19274.88,18337.14 15742.56,16936.80
edge:inheritance:db.CompanyBulkEmailTemplate->db.BulkEmailTemplate	18697.45,14505.96 19220.28,15071.80
edge:inheritance:db.CompanyDocumentDelivery->db.DocumentDelivery	18491.95,12600.90 19579.55,12623.07
edge:inheritance:db.CompanyEndorsementFeed->db.CompanyFeed	24319.38,7984.06 28076.49,5296.60
edge:inheritance:db.CompanyFeed->db.Feed	28162.74,5296.60 28788.43,8024.33
edge:inheritance:db.CompanyIrClosingFeed->db.CompanyFeed	29184.13,6188.41 28208.56,5296.60
edge:inheritance:db.CompanyIrNewCommitFeed->db.CompanyFeed	29736.17,6047.07 28255.17,5296.60
edge:inheritance:db.CompanyIrOpenFeed->db.CompanyFeed	29873.63,5538.38 28274.58,5264.81
edge:inheritance:db.CompanyNewsFeed->db.CompanyFeed	18973.54,8062.42 28026.58,5281.69
edge:inheritance:db.CompanyOwnerAuditLog->db.AuditLog	9598.83,8043.28 16839.73,5717.26
edge:inheritance:db.CompanyPaymentLink->db.PaymentLink	22956.66,12201.26 25045.63,13154.74
edge:inheritance:db.CompanyQuestionThread->db.QuestionThread	19083.33,14192.85 20862.66,12704.05
edge:inheritance:db.CompanyTanTableView->db.TanTableView	10594.71,9951.73 11006.15,9823.80
edge:inheritance:db.ConsentFormModusignDocument->db.ModusignDocument	28368.16,36869.70 23736.93,20721.31
edge:inheritance:db.ConsentFormModusignEmbeddedDraft->db.ModusignEmbeddedDraft	25955.60,30879.45 23059.14,21964.13
edge:inheritance:db.ConsentFormOptionItem->db.ConsentFormItem	23552.63,24308.36 24278.65,26812.19
edge:inheritance:db.CorporateRegistrationDocument->db.MeetingDocument	16690.67,28996.06 14893.75,26289.57
edge:inheritance:db.CustomOptionGrantContractTemplate->db.OptionGrantContractTemplate	20020.17,16016.06 19562.76,16131.01
edge:inheritance:db.CustomOptionGrantContractTemplateRevision->db.OptionGrantContractTemplateRevision	20518.53,16702.26 20347.36,16539.77
edge:inheritance:db.DebtConfirmationAndOffsetContractDocument->db.MeetingDocument	17440.74,25339.95 14940.96,26042.54
edge:inheritance:db.Director->db.Stakeholder	16473.08,16490.64 10125.11,19249.11
edge:inheritance:db.DirectorAppointmentEvent->db.Event	15976.64,16299.43 15666.53,16769.13
edge:inheritance:db.DirectorCompensationDecisionEvent->db.Event	16360.34,16875.66 15742.56,16877.65
edge:inheritance:db.DirectorCompensationLimitEvent->db.Event	15830.54,16853.23 15742.56,16862.51
edge:inheritance:db.DirectorDecisionDocument->db.MeetingDocument	19012.31,27008.91 14940.96,26130.95
edge:inheritance:db.DirectorResidentRegistrationWithAddressChangeHistoryDocument->db.MeetingDocument	14614.98,24723.60 14741.67,25895.57
edge:inheritance:db.DirectorTermEndEvent->db.Event	16106.30,16443.56 15722.92,16769.13
edge:inheritance:db.DirectorsMeetingMinutesDocument->db.MeetingDocument	16930.41,25894.56 14940.96,26076.31
edge:inheritance:db.DirectorsMeetingNoticeDocument->db.MeetingDocument	16359.60,29167.83 14865.24,26289.57
edge:inheritance:db.DirectorsMeetingNoticeEmail->db.BulkEmail	15651.41,19087.09 13660.06,17310.73
edge:inheritance:db.DirectorsMeetingNoticeEmailRecipient->db.BulkEmailRecipient	16162.83,19307.40 17148.52,19139.87
edge:inheritance:db.DirectorsMeetingSkipNoticeDocument->db.MeetingDocument	15770.65,29476.38 14821.63,26289.57
edge:inheritance:db.DocumentLoadedPdfEvent->db.PdfEvent	33916.97,11242.11 34104.38,11378.22
edge:inheritance:db.ESOPParticipant->db.Employee	9075.45,15949.97 8553.22,15131.27
edge:inheritance:db.ElectronicCertificateApplicationFormDocument->db.MeetingDocument	8179.74,25205.02 14584.96,26068.57
edge:inheritance:db.ElectronicCertificateCaseReportDocument->db.MeetingDocument	8922.41,23488.90 14584.96,26013.22
edge:inheritance:db.Employee->db.Stakeholder	8523.40,15131.27 9905.31,19164.24
edge:inheritance:db.EmployeeOptionExerciseEvent->db.Event	15744.77,17197.08 15645.90,16987.13
edge:inheritance:db.EmployeeOptionExerciseManagementEmail->db.BulkEmail	13304.05,15044.95 13573.96,17172.73
edge:inheritance:db.EmployeeOptionGrantee->db.Employee	9034.76,13533.43 8525.63,14929.27
edge:inheritance:db.EmployeeStockGuideEmail->db.BulkEmail	12383.69,17144.69 13452.71,17231.21
edge:inheritance:db.ExpertClientSignupChannel->db.SignupChannel	24256.47,14858.23 24950.37,14615.14
edge:inheritance:db.FeeReceiptDocument->db.MeetingDocument	16566.07,28150.73 14935.55,26289.57
edge:inheritance:db.FileValueWithVisibility->db.ValueWithVisibility	38386.22,5854.07 37266.13,5868.81
edge:inheritance:db.FinancialStatementsDocument->db.MeetingDocument	19376.57,27367.86 14940.96,26141.77
edge:inheritance:db.FinancialStatementsForNewIssueFromConversionDocument->db.MeetingDocument	15891.56,23475.32 14847.91,25895.57
edge:inheritance:db.HrmAlpUsagePlan->db.HrmApprovable	5354.83,18178.81 2975.40,17842.78
edge:inheritance:db.HrmAnnualLeave->db.HrmLeaveBase	3794.40,21692.88 3222.77,21047.40
edge:inheritance:db.HrmAnnualLeaveFiscalBasedConfig->db.HrmAnnualLeaveConfigBase	4122.79,24962.65 3813.10,22607.43
edge:inheritance:db.HrmAnnualLeaveHireBasedConfig->db.HrmAnnualLeaveConfigBase	3719.27,24148.10 3806.14,22607.43
edge:inheritance:db.HrmAttendance->db.HrmApprovable	3479.46,17773.89 2975.40,17815.13
edge:inheritance:db.HrmAttendanceLocation->db.HrmApprovable	5200.29,17110.96 2975.40,17787.56
edge:inheritance:db.HrmCertificateIssue->db.HrmApprovable	5869.30,16177.67 2941.15,17776.27
edge:inheritance:db.HrmCompensatoryLeave->db.HrmLeaveBase	1966.75,20738.20 3022.12,20947.44
edge:inheritance:db.HrmCustomLeave->db.HrmLeaveBase	2475.06,20751.81 3022.12,20930.08
edge:inheritance:db.HrmDeptAbolishedEvent->db.HrmDeptStatusEventBase	21.47,22520.04 -46.00,21411.10
edge:inheritance:db.HrmDeptCreatedEvent->db.HrmDeptStatusEventBase	-157.55,20735.04 -55.53,21329.10
edge:inheritance:db.HrmDeptNameChangedEvent->db.HrmDeptNameEventBase	-1106.63,19815.27 -1438.96,20044.28
edge:inheritance:db.HrmDeptNameEventBase->db.HrmDeptEventBase	-1438.44,20118.28 -1191.56,20286.80
edge:inheritance:db.HrmDeptParentChangedEvent->db.HrmDeptParentEventBase	-827.98,19981.08 -341.30,19998.36
edge:inheritance:db.HrmDeptParentEventBase->db.HrmDeptEventBase	-328.58,20039.55 -1032.07,20286.80
edge:inheritance:db.HrmDeptStatusEventBase->db.HrmDeptEventBase	-91.16,21329.10 -1098.84,20360.80
edge:inheritance:db.HrmDocument->db.HrmApprovable	2122.65,15636.13 2835.09,17776.27
edge:inheritance:db.HrmEmpAbsenceEvent->db.HrmEmpStatusEventBase	4840.09,15729.65 5362.27,15832.84
edge:inheritance:db.HrmEmpAffiliationChangedEvent->db.HrmEmpAffiliationEventBase	3244.84,16952.39 3628.89,17122.79
edge:inheritance:db.HrmEmpAffiliationEventBase->db.HrmEmpEventBase	3783.91,17122.79 4159.65,16928.71
edge:inheritance:db.HrmEmpContractModusignDocument->db.ModusignDocument	28660.25,37316.53 23737.73,20721.31
edge:inheritance:db.HrmEmpDepartedEvent->db.HrmEmpStatusEventBase	5709.56,15850.91 5610.27,15853.77
edge:inheritance:db.HrmEmpEmploymentTypeChangedEvent->db.HrmEmpEmploymentTypeEventBase	4745.96,17172.35 4706.81,17215.16
edge:inheritance:db.HrmEmpEmploymentTypeEventBase->db.HrmEmpEventBase	4627.62,17215.16 4276.62,16928.71
edge:inheritance:db.HrmEmpJobChangedEvent->db.HrmEmpJobEventBase	3526.19,16299.03 3507.02,16619.91
edge:inheritance:db.HrmEmpJobEventBase->db.HrmEmpEventBase	3619.29,16693.91 4116.80,16854.71
edge:inheritance:db.HrmEmpJoinedEvent->db.HrmEmpStatusEventBase	5029.66,16442.59 5444.92,15910.34
edge:inheritance:db.HrmEmpReturnToWorkEvent->db.HrmEmpStatusEventBase	5240.11,15743.33 5371.84,15804.34
edge:inheritance:db.HrmEmpStatusEventBase->db.HrmEmpEventBase	5421.97,15910.34 4276.17,16854.71
edge:inheritance:db.HrmFamilyCareLeave->db.HrmLeaveBase	1966.75,20844.06 3022.12,20959.52
edge:inheritance:db.HrmFixedWork->db.HrmWorkBase	1841.79,18789.28 1761.56,18932.73
edge:inheritance:db.HrmGrantableLeave->db.HrmLeaveBase	3494.32,20242.28 3191.64,20901.40
edge:inheritance:db.HrmInfertilityTreatmentLeave->db.HrmLeaveBase	2969.57,20332.72 3136.67,20901.40
edge:inheritance:db.HrmLeaveUsage->db.HrmApprovable	6866.44,18384.81 2975.40,17842.55
edge:inheritance:db.HrmMaternityLeave->db.HrmLeaveBase	1966.75,21055.75 3022.12,20983.69
edge:inheritance:db.HrmMenstrualLeave->db.HrmLeaveBase	2496.43,21273.91 3022.12,21035.96
edge:inheritance:db.HrmMiscarriageLeave->db.HrmLeaveBase	1966.75,21161.61 3022.12,20995.77
edge:inheritance:db.HrmPaternityLeave->db.HrmLeaveBase	2479.52,21149.67 3022.12,21009.53
edge:inheritance:db.HrmPersonalLocation->db.HrmApprovable	6276.95,16318.32 2962.79,17776.27
edge:inheritance:db.HrmReserveTrainingLeave->db.HrmLeaveBase	2262.38,21589.57 3051.83,21047.40
edge:inheritance:db.HrmSelectiveWork->db.HrmWorkBase	2051.45,19325.70 1786.98,19054.73
edge:inheritance:db.HrmSelectiveWorkPlan->db.HrmApprovable	3868.27,17976.47 2975.40,17843.71
edge:inheritance:db.HrmStaggeredWork->db.HrmWorkBase	761.94,19504.33 1612.09,19054.73
edge:inheritance:db.IBKSignupChannel->db.SignupChannel	25874.53,14585.54 25191.40,14575.89
edge:inheritance:db.IaCertificateOfInvestmentDocument->db.InvestmentAssociationDocument	36807.88,18586.91 35882.90,19280.45
edge:inheritance:db.IaConsentFormDocument->db.InvestmentAssociationDocument	36254.63,18527.41 35835.49,19280.45
edge:inheritance:db.IaConsentFormOrMeetingElectronicSignatureRequestModusignDocument->db.ModusignDocument	27251.94,20574.44 23849.70,20637.78
edge:inheritance:db.IaConsentFormOrMeetingElectronicSignatureRequestModusignEmbeddedDraft->db.ModusignEmbeddedDraft	28133.20,21565.93 23165.92,21902.72
edge:inheritance:db.IaConsentFormOrMeetingElectronicSignatureRequiredDocument->db.InvestmentAssociationDocument	33931.28,19888.64 35658.54,19383.29
edge:inheritance:db.IaExpertPartnerBulkEmailTemplate->db.BulkEmailTemplate	20800.38,15437.52 19382.16,15138.91
edge:inheritance:db.IaExplanationFormForElectronicSignatureDocument->db.InvestmentAssociationDocument	37595.26,18599.24 35944.54,19282.28
edge:inheritance:db.IaGpAppointmentEvent->db.InvestmentAssociationEvent	35506.02,17869.09 33494.49,17657.63
edge:inheritance:db.IaGpTerminationEvent->db.InvestmentAssociationEvent	35840.14,18162.72 33494.49,17670.22
edge:inheritance:db.IaMeetingAgendaCustom->db.IaMeetingAgenda	35962.31,20828.89 35643.81,20567.02
edge:inheritance:db.IaMeetingMinutesDocument->db.InvestmentAssociationDocument	35202.03,19987.04 35744.89,19402.45
edge:inheritance:db.IaMeetingNoticeDocument->db.InvestmentAssociationDocument	34920.82,19870.68 35700.03,19402.45
edge:inheritance:db.IaMeetingSealedNoticeDocumentFile->db.FileAttachment	32550.86,20046.76 20788.00,18506.14
edge:inheritance:db.IaMeetingShortenPeriodDocument->db.InvestmentAssociationDocument	36955.50,19495.18 35944.54,19360.50
edge:inheritance:db.IaModusignDocumentUsageHistory->db.BaseModusignDocumentUsageHistory	27316.18,14551.38 25319.23,13763.58
edge:inheritance:db.IaOwnerAuditLog->db.AuditLog	25060.82,7593.44 17072.91,5708.11
edge:inheritance:db.IaPartnerListDocument->db.InvestmentAssociationDocument	35707.48,19129.87 35774.42,19280.45
edge:inheritance:db.IaPaymentLink->db.PaymentLink	26627.21,13753.08 25264.82,13244.74
edge:inheritance:db.IaPfCompanyInvestmentSalesIntent->db.SalesIntent	35286.97,22867.51 35562.14,23051.51
edge:inheritance:db.IaQuestionThread->db.QuestionThread	26508.39,13527.36 21075.12,12655.90
edge:inheritance:db.IaRuleDocument->db.InvestmentAssociationDocument	32702.46,19241.08 35658.54,19336.82
edge:inheritance:db.IaSealStampImage->db.FileAttachment	22044.89,18267.23 20788.00,18453.16
edge:inheritance:db.IaWrittenResolutionDocument->db.InvestmentAssociationDocument	35834.98,19759.11 35806.42,19402.45
edge:inheritance:db.ImAcVcBroker->db.ImZuzuBroker	29423.82,12313.13 31922.64,12204.71
edge:inheritance:db.ImIndividualGpBroker->db.ImZuzuBroker	31682.19,12352.18 31953.72,12236.59
edge:inheritance:db.ImInvestorBroker->db.ImBroker	35094.31,12292.36 33716.69,12191.10
edge:inheritance:db.ImIrPartnerBroker->db.ImBroker	31295.90,12062.23 33468.69,12175.52
edge:inheritance:db.ImPitchingDay->db.ImDay	32683.07,10830.25 33900.36,10977.13
edge:inheritance:db.ImPitchingDayParticipation->db.ImDayParticipation	31141.17,9606.58 32705.52,10503.45
edge:inheritance:db.ImZuzuBroker->db.ImBroker	32158.64,12198.25 33468.69,12183.40
edge:inheritance:db.InauguralConsentDocument->db.MeetingDocument	13375.61,23436.10 14660.08,25895.57
edge:inheritance:db.IncorporationRequestAssistanceReceipt->db.FileAttachment	21893.97,17446.98 20788.00,18329.63
edge:inheritance:db.IndividualStakeholder->db.Stakeholder	7738.60,21912.63 9824.58,19478.24
edge:inheritance:db.IndividualStockOptionCancelEvent->db.IndividualInvestorEvent	38435.66,28675.92 37152.37,28060.00
edge:inheritance:db.IndividualStockOptionExerciseEvent->db.IndividualInvestorEvent	38865.93,29743.79 37105.65,28060.00
edge:inheritance:db.IndividualStockOptionGrantEvent->db.IndividualInvestorEvent	37207.35,26327.13 37062.58,27970.00
edge:inheritance:db.IndividualStockOptionPauseEvent->db.IndividualInvestorEvent	32754.57,27318.35 36934.61,27994.93
edge:inheritance:db.IndividualStockOptionResumeEvent->db.IndividualInvestorEvent	33523.78,29378.17 36941.92,28060.00
edge:inheritance:db.IndividualStockOptionSalesIntent->db.SalesIntent	34020.94,23103.55 35499.48,23089.62
edge:inheritance:db.InputSignupChannel->db.SignupChannel	25968.44,15025.23 25149.30,14615.14
edge:inheritance:db.InstitutionStakeholder->db.Stakeholder	10051.64,21126.14 9967.16,19478.24
edge:inheritance:db.InvestmentAssociationAssociationPartner->db.InvestmentAssociationOrganizationPartner	36502.45,15918.74 38114.92,16816.84
edge:inheritance:db.InvestmentAssociationCorporationPartner->db.InvestmentAssociationOrganizationPartner	39201.95,15965.32 38257.26,16816.84
edge:inheritance:db.InvestmentAssociationIndividualPartner->db.InvestmentAssociationPartner	36647.25,17122.85 39383.42,18196.02
edge:inheritance:db.InvestmentAssociationOrganizationPartner->db.InvestmentAssociationPartner	38249.99,16914.84 39435.67,18148.60
edge:inheritance:db.InvestmentAssociationOrganizationPartnerCorporationSigner->db.InvestmentAssociationOrganizationPartnerSigner	38565.53,14904.67 38120.34,15049.32
edge:inheritance:db.InvestmentAssociationOrganizationPartnerIndividualSigner->db.InvestmentAssociationOrganizationPartnerSigner	37818.77,14963.00 37925.96,15049.32
edge:inheritance:db.InvestmentAssociationPartnerSalesIntent->db.SalesIntent	37022.05,21862.27 35659.86,23051.51
edge:inheritance:db.InvestmentContractHolder->db.Stakeholder	11416.09,16087.32 10029.84,19164.24
edge:inheritance:db.InvestorRelations->db.InvestorMatching	30487.67,7676.15 28441.30,10813.38
edge:inheritance:db.IrClosingComplete->db.IrClosing	31974.78,5141.94 33065.76,6625.62
edge:inheritance:db.IrClosingExpired->db.IrClosing	33082.52,7190.72 33094.86,6707.62
edge:inheritance:db.IrClosingIncomplete->db.IrClosing	34178.60,6699.07 33219.91,6670.34
edge:inheritance:db.IrConsultingRequest->db.ImConsultingRequest	27870.43,9899.00 27193.87,9368.52
edge:inheritance:db.IrFeed->db.Feed	30125.42,7918.48 28914.92,8048.64
edge:inheritance:db.IrosOtpIssueMeetingDocument->db.MeetingDocument	9874.04,22805.56 14584.96,25972.89
edge:inheritance:db.LawtalkSignupAttachment->db.FileAttachment	19429.79,17397.14 20408.00,18304.94
edge:inheritance:db.LedgerByCustomerDocument->db.MeetingDocument	17416.38,23645.98 14940.96,25928.44
edge:inheritance:db.LegalPartnerSignupChannel->db.SignupChannel	24124.47,14725.88 24943.40,14594.09
edge:inheritance:db.ManualOptionVesting->db.OptionVesting	14511.47,18547.92 14538.22,18441.66
edge:inheritance:db.ManualProduct->db.Product	24491.17,12141.65 24623.87,12208.80
edge:inheritance:db.MeetingAttachment->db.FileAttachment	18528.09,17710.84 20408.00,18410.54
edge:inheritance:db.Mna->db.InvestorMatching	27954.36,10727.77 28238.64,10846.88
edge:inheritance:db.MnaConsultingRequest->db.ImConsultingRequest	26757.71,9755.22 27104.78,9368.52
edge:inheritance:db.NcpSignupChannel->db.SignupChannel	26669.84,14986.87 25191.40,14606.08
edge:inheritance:db.NewCeoCertificateOfSealDocument->db.MeetingDocument	16988.30,28575.27 14939.54,26289.57
edge:inheritance:db.NewCeoResidentRegistrationDocument->db.MeetingDocument	17266.79,29374.09 14913.27,26289.57
edge:inheritance:db.NewIssueNoticeEmail->db.BulkEmail	13004.86,20785.87 13571.46,17310.73
edge:inheritance:db.NewIssueSkipNoticeDocument->db.MeetingDocument	15236.63,23319.46 14796.61,25895.57
edge:inheritance:db.NewIssueStockAcceptanceDocument->db.MeetingDocument	17756.31,26065.83 14940.96,26090.98
edge:inheritance:db.NewIssueStockAllocationDocument->db.MeetingDocument	17763.59,23854.21 14940.96,25959.79
edge:inheritance:db.NewIssueStockAllocationRecordDateNoticeDocument->db.MeetingDocument	20315.64,23947.60 14940.96,26023.81
edge:inheritance:db.NewIssueStockSubscriptionDocument->db.MeetingDocument	17518.43,25175.97 14940.96,26033.36
edge:inheritance:db.NewIssueStockUnissuedConfirmationDocument->db.MeetingDocument	18059.80,25462.33 14940.96,26058.54
edge:inheritance:db.NonUnifiedShareManagementSalesIntent->db.SalesIntent	33182.35,24793.08 35564.62,23125.51
edge:inheritance:db.NonUnifiedShareSucPoaModusignDocument->db.ModusignDocument	24843.08,20991.88 23849.70,20682.65
edge:inheritance:db.NotarizationPoaDocument->db.MeetingDocument	19923.11,27077.87 14940.96,26126.56
edge:inheritance:db.OptionExerciseClaimAttachment->db.FileAttachment	12808.53,17557.11 20408.00,18458.72
edge:inheritance:db.OptionExerciseClaimMeetingDocument->db.MeetingDocument	13206.58,21626.25 14694.31,25895.57
edge:inheritance:db.OptionExerciseManagementEmail->db.BulkEmail	13704.58,16531.26 13594.55,17172.73
edge:inheritance:db.OptionGrantContractCeo->db.OptionGrantContractStakeholder	19774.60,15514.45 19224.19,15327.38
edge:inheritance:db.OptionGrantContractFirstRefusalRightHolder->db.OptionGrantContractStakeholder	19701.95,15369.93 19224.19,15299.56
edge:inheritance:db.OptionGrantContractModusignDocument->db.ModusignDocument	21836.57,19647.65 23577.70,20568.39
edge:inheritance:db.OptionGrantContractModusignEmbeddedDraft->db.ModusignEmbeddedDraft	22182.18,21018.97 22990.85,21858.13
edge:inheritance:db.OptionGrantEvent->db.Event	15034.40,18497.94 15556.87,16987.13
edge:inheritance:db.OptionGrantee->db.Stakeholder	13852.41,19185.14 10125.11,19315.44
edge:inheritance:db.OptionWithdrawEvent->db.Event	14641.16,16438.36 15446.56,16809.86
edge:inheritance:db.OtherDocumentArchiveAttachment->db.FileAttachment	20262.45,17183.91 20541.88,18264.26
edge:inheritance:db.PageNumberUpdatedPdfEvent->db.PdfEvent	34593.10,11473.14 34284.83,11434.69
edge:inheritance:db.PayrollStatementEmail->db.BulkEmail	10959.00,17157.15 13452.71,17237.54
edge:inheritance:db.PayrollStatementEmailRecipient->db.BulkEmailRecipient	10299.41,18687.69 17148.52,19109.76
edge:inheritance:db.PerformanceRsuVestingItem->db.RsuVestingItem	14507.52,14817.83 14350.68,14829.08
edge:inheritance:db.PeriodPhantomStockVestingItem->db.PhantomStockVestingItem	8703.99,18293.37 8493.78,18009.48
edge:inheritance:db.PeriodRsuVestingItem->db.RsuVestingItem	14595.26,14718.40 14350.68,14797.74
edge:inheritance:db.PeriodicOptionVesting->db.OptionVesting	14198.02,18520.73 14436.12,18441.66
edge:inheritance:db.PhantomStockCancelEvent->db.Event	14697.49,17125.93 15446.56,16919.01
edge:inheritance:db.PhantomStockExerciseEvent->db.Event	15285.39,17321.09 15518.48,16987.13
edge:inheritance:db.PhantomStockGrantEvent->db.Event	14660.92,16917.10 15446.56,16884.31
edge:inheritance:db.PhantomStockGrantee->db.Stakeholder	9256.85,18199.56 9860.82,19164.24
edge:inheritance:db.PhantomStockPauseEvent->db.Event	15320.76,16246.11 15547.34,16769.13
edge:inheritance:db.PhantomStockResumeEvent->db.Event	15319.83,16395.59 15532.50,16769.13
edge:inheritance:db.PingpongDeliveryAddress->db.Address	23650.15,14235.06 24078.32,18813.85
edge:inheritance:db.Playbook->db.MembershipContent	-1668.93,4499.94 -1435.93,4958.39
edge:inheritance:db.Post->db.MembershipContent	-1867.34,4981.27 -1537.06,4997.35
edge:inheritance:db.ProofOfEmploymentDocument->db.MeetingDocument	18637.36,27984.11 14940.96,26179.47
edge:inheritance:db.QuarterlyReportRequestAttachment->db.FileAttachment	26586.09,17149.71 20788.00,18439.01
edge:inheritance:db.QuarterlyReportSignupChannel->db.SignupChannel	28207.88,15012.77 25191.40,14591.46
edge:inheritance:db.QuestionMessageAttachment->db.FileAttachment	21663.49,16183.02 20698.60,18264.26
edge:inheritance:db.RegistrationAssistanceReceipt->db.FileAttachment	21637.62,16995.50 20749.84,18264.26
edge:inheritance:db.RegistrationFormAllInOneDocument->db.MeetingDocument	16012.02,25834.94 14940.96,26055.86
edge:inheritance:db.RegistrationFormAoiChangeDocument->db.MeetingDocument	13473.64,26244.26 14584.96,26113.51
edge:inheritance:db.RegistrationFormBranchChangeDocument->db.MeetingDocument	19542.08,28255.35 14940.96,26173.12
edge:inheritance:db.RegistrationFormCaptableDocument->db.MeetingDocument	16287.55,25183.57 14940.96,25986.44
edge:inheritance:db.RegistrationFormCeoAddressChangeDocument->db.MeetingDocument	15992.94,25955.32 14940.96,26072.71
edge:inheritance:db.RegistrationFormDirectorChangeDocument->db.MeetingDocument	17804.04,27978.55 14940.96,26202.96
edge:inheritance:db.RegistrationFormHeadOfficeInsideRelocationDocument->db.MeetingDocument	19166.22,24060.52 14940.96,26010.43
edge:inheritance:db.RegistrationFormHeadOfficeOutsideRelocationDocument->db.MeetingDocument	19637.95,24024.29 14940.96,26017.05
edge:inheritance:db.RegistrationFormNewIssueDocument->db.MeetingDocument	16330.32,24879.05 14940.96,25954.75
edge:inheritance:db.RegistrationFormNewOptionsRuleDocument->db.MeetingDocument	14555.37,27617.50 14736.14,26289.57
edge:inheritance:db.RegistrationPoaDocument->db.MeetingDocument	16122.50,29619.64 14838.90,26289.57
edge:inheritance:db.RegularProduct->db.Product	24540.97,12377.01 24652.99,12282.80
edge:inheritance:db.ResignationLetterDocument->db.MeetingDocument	13074.06,24331.26 14584.96,25906.94
edge:inheritance:db.ResignedDirectorCertificateOfSealDocument->db.MeetingDocument	13802.44,26603.29 14584.96,26187.21
edge:inheritance:db.RsaForfeitEvent->db.Event	15080.10,16810.18 15446.56,16858.58
edge:inheritance:db.RsaVestConfirmEvent->db.Event	15943.45,16938.05 15742.56,16903.55
edge:inheritance:db.RsuCancelEvent->db.Event	14938.26,16299.10 15471.01,16769.13
edge:inheritance:db.RsuExerciseClaimCandidateEmailRecipient->db.BulkEmailRecipient	12496.82,16682.81 17166.59,19060.77
edge:inheritance:db.RsuExerciseEvent->db.Event	14993.44,16503.04 15446.56,16785.78
edge:inheritance:db.RsuExerciseManagementEmail->db.BulkEmail	12105.04,16235.20 13481.41,17172.73
edge:inheritance:db.RsuGrantContractModusignDocument->db.ModusignDocument	21671.99,19286.39 23591.55,20559.31
edge:inheritance:db.RsuGrantEvent->db.Event	14688.38,16733.49 15446.56,16854.51
edge:inheritance:db.RsuGrantee->db.Stakeholder	12073.44,16945.87 10098.86,19164.24
edge:inheritance:db.RsuPauseEvent->db.Event	14843.35,17409.01 15446.56,16982.72
edge:inheritance:db.RsuPerformanceAchievementEvent->db.Event	15264.57,16625.09 15452.41,16769.13
edge:inheritance:db.RsuResumeEvent->db.Event	14915.91,17289.53 15446.56,16967.85
edge:inheritance:db.RtccEmail->db.BulkEmail	13840.07,17111.67 13712.71,17176.03
edge:inheritance:db.RtccInvestorFile->db.FileAttachment	16856.49,17740.67 20408.00,18443.65
edge:inheritance:db.SafeCreateEvent->db.Event	16602.69,17459.60 15742.56,16963.49
edge:inheritance:db.SalesReportDocument->db.MeetingDocument	14066.81,27512.00 14666.34,26289.57
edge:inheritance:db.SealStampCardContinuedUseApplicationFormDocument->db.MeetingDocument	9309.71,23288.16 14584.96,26001.03
edge:inheritance:db.SealStampDeclarationDocument->db.MeetingDocument	9611.28,23136.75 14584.96,25990.44
edge:inheritance:db.SealStampImage->db.FileAttachment	17246.08,15819.28 20408.00,18330.37
edge:inheritance:db.SealedOptionGrantContractDocument->db.MeetingDocument	20043.77,26224.21 14940.96,26097.01
edge:inheritance:db.SealedOptionGrantShareholdersMeetingResolutionDocument->db.MeetingDocument	14083.62,27858.36 14687.17,26289.57
edge:inheritance:db.Shareholder->db.Stakeholder	10672.92,22672.54 9992.55,19478.24
edge:inheritance:db.ShareholdersAgreementModusignDocument->db.ModusignDocument	22799.58,20599.82 23577.70,20634.29
edge:inheritance:db.ShareholdersAgreementModusignEmbeddedDraft->db.ModusignEmbeddedDraft	22664.23,21982.57 22917.92,21934.58
edge:inheritance:db.ShareholdersCertificateOfSealDocument->db.MeetingDocument	13600.00,27885.95 14635.21,26289.57
edge:inheritance:db.ShareholdersMeetingAuditReportDocument->db.MeetingDocument	18267.20,29437.81 14940.96,26262.49
edge:inheritance:db.ShareholdersMeetingConvocationNoticeEmail->db.BulkEmail	17985.49,20673.36 13671.24,17310.73
edge:inheritance:db.ShareholdersMeetingConvocationNoticeEmailAttachment->db.FileAttachment	20000.14,20382.90 20529.78,18698.26
edge:inheritance:db.ShareholdersMeetingConvocationNoticeEmailRecipient->db.ShareholdersMeetingConvocationNoticeRecipient	23321.20,23176.05 20038.75,22974.16
edge:inheritance:db.ShareholdersMeetingConvocationNoticeWrittenRecipient->db.ShareholdersMeetingConvocationNoticeRecipient	19332.87,21761.48 19821.71,22916.98
edge:inheritance:db.ShareholdersMeetingMinutesDocument->db.MeetingDocument	14104.89,26463.65 14584.96,26192.94
edge:inheritance:db.ShareholdersMeetingNoticeDocument->db.MeetingDocument	21074.36,27154.10 14940.96,26122.51
edge:inheritance:db.ShareholdersMeetingPowerOfAttorneyDocument->db.MeetingDocument	19082.74,27499.89 14940.96,26150.56
edge:inheritance:db.ShareholdersMeetingPowerOfAttorneyIndividualDocument->db.MeetingDocument	16312.20,24345.17 14937.62,25895.57
edge:inheritance:db.ShareholdersMeetingShortenPeriodDocument->db.MeetingDocument	11684.11,29208.13 14584.96,26272.69
edge:inheritance:db.ShareholdersMeetingShortenPeriodIndividualDocument->db.MeetingDocument	16331.58,23297.74 14873.53,25895.57
edge:inheritance:db.ShareholdersMeetingSkipNoticeDocument->db.MeetingDocument	15026.83,28097.57 14788.89,26289.57
edge:inheritance:db.ShareholdersMeetingWrittenDecisionDocument->db.MeetingDocument	13351.03,26603.90 14584.96,26157.03
edge:inheritance:db.ShareholdersMeetingWrittenDecisionIndividualDocument->db.MeetingDocument	16323.99,23805.99 14897.45,25895.57
edge:inheritance:db.ShareholdersWrittenResolutionDocument->db.MeetingDocument	20749.26,28520.60 14940.96,26164.77
edge:inheritance:db.StockTransferAgreementModusignDocument->db.ModusignDocument	20645.61,20274.04 23577.70,20624.07
edge:inheritance:db.StockTransferAgreementModusignEmbeddedDraft->db.ModusignEmbeddedDraft	19487.29,19928.80 22946.88,21858.13
edge:inheritance:db.SubscriptionModusignDocumentUsageHistory->db.BaseModusignDocumentUsageHistory	25857.46,13373.86 25290.80,13681.58
edge:inheritance:db.TaxReceiptDocument->db.MeetingDocument	15972.21,24976.99 14940.96,25928.36
edge:inheritance:db.Template->db.MembershipContent	-1780.69,5151.66 -1524.64,5048.39
edge:inheritance:db.TextValueWithVisibility->db.ValueWithVisibility	37917.83,5999.11 37266.13,5890.10
edge:inheritance:db.UserProfileImage->db.FileAttachment	21742.11,18924.94 20788.00,18554.94
edge:inheritance:db.VentureCapitalPaymentLink->db.PaymentLink	29662.50,12640.41 25268.22,13184.39
edge:inheritance:db.Webinar->db.MembershipContent	-2023.43,4732.61 -1514.49,4958.39
edge:inheritance:db.Whitepaper->db.MembershipContent	231.37,6397.15 -1359.97,5048.39
edge:inheritance:db.WrittenStatementDocument->db.MeetingDocument	14097.63,26082.82 14584.96,26089.96
edge:inheritance:db.YetsAssistanceCreatorUser->db.YetsAssistanceCreator	11748.64,30332.13 12043.98,30181.34
edge:inheritance:db.YetsAssistanceCreatorYetsEmployee->db.YetsAssistanceCreator	7674.71,30180.15 11998.45,30145.29
edge:inheritance:db.YetsAssistanceMessageFile->db.FileAttachment	25115.04,31674.29 20672.30,18698.26
edge:inheritance:db.YetsEmail->db.BulkEmail	8845.05,19982.69 13463.45,17310.73
edge:inheritance:db.YetsEmployeeFile->db.FileAttachment	25543.77,31999.41 20677.39,18698.26
edge:inheritance:db.YetsEmployeeResultWhtReceipt->db.FileAttachment	24117.54,30004.10 20664.28,18698.26
edge:inheritance:db.ZuzuOptionGrantContractTemplate->db.OptionGrantContractTemplate	19867.22,16177.52 19562.76,16168.42
edge:inheritance:db.ZuzuOptionGrantContractTemplateRevision->db.OptionGrantContractTemplateRevision	20480.35,16321.49 20346.81,16449.77
