edge:declared:db.AgendaBonusIssueSharesToIssue:share_class	16878.84,18455.43 16150.700000000001,18241.07
edge:declared:db.AgendaBorrowCapital:meeting_draft	17395.169999999998,20822.509999999998 17274.400000000001,20806.540000000001
edge:declared:db.AgendaBranchChange:address	18062.220000000001,20459.259999999998 23048.639999999999,18673.310000000001
edge:declared:db.AgendaBranchChange:installation_event	17957.200000000001,20454.689999999999 18938.740000000002,17920.029999999999
edge:declared:db.AgendaBranchChange:meeting_draft	17814.220000000001,20544.130000000001 17274.400000000001,20720.18
edge:declared:db.AgendaCashDividends:meeting_draft	16515.599999999999,20628.439999999999 16954.400000000001,20743.450000000001
june-hub:_louv_212	10560.43,19110.310000000001 11657.040000000001,19108.07
edge:declared:db.AgendaChangeOfAoiClassStock:aoi	19010.110000000001,20520.380000000001 18804.389999999999,20563.330000000002
edge:declared:db.AgendaChangeOfAoiCustom:aoi	19441.48,20504.02 18804.389999999999,20579.810000000001
june-hub:_louv_2	20539.130000000001,18777.610000000001 20410.459999999999,18330.810000000001
edge:declared:db.AgendaChangeOfAoiDirectorCompensationRule:aoi	19470.419999999998,20939.779999999999 18784.189999999999,20666.639999999999
edge:declared:db.AgendaChangeOfAoiNumberOfDirectors:aoi	19420.669999999998,20809.82 18804.389999999999,20649.400000000001
edge:declared:db.AgendaChangeOfAoiThirdPartyAllocation:aoi	19013.98,21160.040000000001 18666.650000000001,20666.639999999999
edge:declared:db.AgendaChangeOfArticlesOfIncorporation:meeting_draft	18437.389999999999,20629.349999999999 17274.400000000001,20804.939999999999
edge:declared:db.AgendaDirectorCompensationItem:director_compensation	15877.58,21832.34 16165.440000000001,21647.07
edge:declared:db.AgendaHeadOfficeRelocation:address	18792.77,21897.150000000001 23048.639999999999,18732.66
edge:declared:db.AgendaHeadOfficeRelocation:meeting_draft	18646.279999999999,21897.150000000001 17274.400000000001,20930.380000000001
june-hub:_louv_12	17204.580000000002,20110.02 17133.759999999998,20640.380000000001
edge:declared:db.AgendaNewIssue:meeting_draft	16814.860000000001,22666.240000000002 17085.27,20930.380000000001
edge:declared:db.AgendaNewIssueItem:new_issue	18728.450000000001,26449.68 16937.619999999999,22836.240000000002
edge:declared:db.AgendaNewIssueItemFromConversion:new_issue_item	19282.43,26969.990000000002 18835.150000000001,26579.68
edge:declared:db.AgendaNewIssueItemFromPayment:new_issue_item	18781.41,26702.439999999999 18767.84,26579.68
edge:declared:db.AgendaNewIssueItemInstitutionMember:institution	20841.16,27187.529999999999 19614.080000000002,25988.57
edge:declared:db.AgendaNewIssueItemInstitutionMemberCeo:member	19870.450000000001,26712.360000000001 20806.169999999998,27187.529999999999
edge:declared:db.AgendaNewIssueItemShareClass:item	18864.029999999999,26154.009999999998 18779.290000000001,26449.68
edge:declared:db.AgendaNewIssueItemShareholder:item	19518.57,25988.57 18854.299999999999,26449.68
edge:declared:db.AgendaNewIssueNewShareClass:new_issue	17020.040000000001,22823.220000000001 16937.619999999999,22803.720000000001
edge:declared:db.AgendaOptionCancel:meeting_draft	15874.25,21075.91 16954.400000000001,20826.610000000001
edge:declared:db.AgendaOptionCancelGrantee:option_cancel	15228.879999999999,21103.599999999999 15626.25,21104.169999999998
edge:declared:db.AgendaOptionCancelGrantee:option_grantee	15106.559999999999,21062.419999999998 15265.469999999999,19292.880000000001
edge:declared:db.AgendaOptionCancelOption:_deprecated_grantee	15223.540000000001,21193.130000000001 15158.030000000001,21144.419999999998
edge:declared:db.AgendaOptionCancelOption:option_cancel	15321.629999999999,21193.130000000001 15626.25,21130.16
edge:declared:db.AgendaOptionExerciseClaim:option_exercise_claim	12473.92,21420 12751.98,17573.540000000001
edge:declared:db.AgendaOptionExerciseGrantee:option_grantee	14747.35,21886.98 15260.559999999999,19292.880000000001
edge:declared:db.AgendaOptionExerciseGranteeOption:grantee	14561.83,22019.27 14647.4,21976.98
edge:declared:db.AgendaOptionGrant:meeting_draft	16604.52,19924.919999999998 17028.009999999998,20640.380000000001
edge:declared:db.AgendaOptionGrantGrantee:_deprecated_option_grant_event	15777.75,19033.790000000001 16056.16,18759.709999999999
edge:declared:db.AgendaOptionGrantGrantee:option_grant	15778.52,19131.790000000001 16529.799999999999,19834.919999999998
edge:declared:db.AgendaOptionGrantGrantee:option_grantee	15603.969999999999,19118.34 15392.780000000001,19178.880000000001
edge:declared:db.AgendaRsuGrantGrantee:rsu	15315.23,14086.879999999999 15469.620000000001,14131
edge:declared:db.AiPayrollLedger:payroll	6864.0900000000001,1981.22 7604.3599999999997,1936.8299999999999
edge:declared:db.AlimtalkActivityRecipient:activity	32301.41,13273.24 32921.989999999998,13030.85
edge:declared:db.AlimtalkActivityRecipientStatusHistory:recipient	32152.279999999999,13430.440000000001 32180.860000000001,13355.24
june-hub:_louv_24	15959.67,9842.5699999999997 16441.459999999999,10447.27
edge:declared:db.Announcement:subscription_plan_set	20843.25,10450.27 20524.259999999998,10379.049999999999
edge:declared:db.AnnualSalary:employee	11724.280000000001,13865.629999999999 10772.51,13945.09
edge:declared:db.AnnualSalary:ledger	11960.280000000001,13875.799999999999 12726,13982.41
edge:declared:db.Article:thumbnail_image	20210.099999999999,18998.990000000002 20354.740000000002,18330.810000000001
edge:declared:db.ArticlePublishHistory:article	20176.139999999999,19127.91 20189.529999999999,19080.990000000002
edge:declared:db.ArticlesOfIncorporation:_deprecated_daily_newspaper	17578.84,14387.59 17614.18,14618.24
june-hub:_louv_250	18455.09,17132.380000000001 18010.619999999999,17018.849999999999
edge:declared:db.AuditLog:actor_api_key	15667.98,6044.6499999999996 17299.599999999999,6258.4399999999996
edge:declared:db.AvailableModusignRequest:modusign_account	21289.849999999999,20639.25 21676.91,20525.630000000001
edge:declared:db.BaseModusignDocumentUsageHistory:modusign_document	24242.299999999999,12906.17 22891.5,20710.060000000001
june-hub:_louv_39	21633.299999999999,12389.15 21774.720000000001,12429.459999999999
edge:declared:db.BranchAbolitionEvent:installation_event	17134.299999999999,17320.23 18690.740000000002,17822.580000000002
edge:declared:db.BranchInstallationEvent:address	18938.740000000002,17912.380000000001 23048.639999999999,18592.66
edge:declared:db.BulkEmail:template_revision	14806.91,16615.57 17789.889999999999,15720.59
edge:declared:db.BulkEmailTemplateRevision:template	17943.860000000001,15647.59 19130.869999999999,14348.209999999999
edge:declared:db.BusinessPlanAiAnalysis:business_plan_ai_review	13455.57,9242.3700000000008 14807.91,9973.1499999999996
edge:declared:db.BusinessPlanAiAnalysisItem:ai_analysis_feedback	12053.219999999999,8503.8500000000004 11727.549999999999,8319.9400000000005
edge:declared:db.BusinessPlanAiAnalysisItem:business_plan_ai_analysis	12204.110000000001,8585.8500000000004 13316.450000000001,9168.3700000000008
edge:declared:db.BusinessPlanAiAnalysisItemImprovement:ai_analysis_feedback	11716.24,7860.5100000000002 11745.98,8245.9400000000005
edge:declared:db.BusinessPlanAiAnalysisItemImprovement:business_plan_ai_analysis_item	11812.540000000001,7860.5100000000002 12112.129999999999,8503.8500000000004
edge:declared:db.BusinessPlanAiReview:business_plan	14901.530000000001,10055.15 14943.23,10151.51
edge:declared:db.CashIncentive:category	12576.9,12516.26 14068.77,11903.389999999999
edge:declared:db.CashIncentive:employee	12422.959999999999,12598.26 10763.879999999999,13855.950000000001
edge:declared:db.CashIncentiveItem:cash_incentive	12136.379999999999,12600.18 12353.1,12572.879999999999
edge:declared:db.CashPayment:purchase	22117.759999999998,12634.559999999999 22048.419999999998,12576.639999999999
edge:declared:db.Charge:credit	20294.130000000001,12277.709999999999 20434.639999999999,12396.16
edge:declared:db.CmeBulkEmailRecipient:_deprecated_cme_bulk_email	16976.459999999999,16290.860000000001 17110.98,16081.08
edge:declared:db.CmeBulkEmailTemplate:cme	19625.139999999999,14378.34 19982.73,13310.33
edge:declared:db.CmeCompany:company_managing_entity	19377.299999999999,12859.57 19898.810000000001,13180.33
edge:declared:db.CmeCompany:contact_set	19375.439999999999,12859.57 20213.580000000002,13397.360000000001
edge:declared:db.CmeCompanyContact:cme_company	19683.860000000001,12871.08 19416.610000000001,12824.99
edge:declared:db.CmeCompanyContactNotificationSettings:cme_company_contact	19776.869999999999,12793.389999999999 19792.990000000002,12860.6
edge:declared:db.CmeCompanyDirectorTermManagement:cme_company	19687.650000000001,12616.84 19409.689999999999,12745.57
edge:declared:db.CmeCompanyNote:cme_company	19291.5,12542.73 19287.68,12745.57
edge:declared:db.CmeCompanyRegistration:cme_contact	20291.09,13536.219999999999 20315.290000000001,13487.360000000001
edge:declared:db.CmeCompanyRegistration:company_managing_entity	20221.049999999999,13536.219999999999 20052.880000000001,13310.33
edge:declared:db.CmeCompanyRegistrationFile:cme_company_registration	20428.119999999999,13730.799999999999 20302.57,13618.219999999999
edge:declared:db.CmeContact:company_managing_entity	20265.990000000002,13397.360000000001 20116.290000000001,13310.33
edge:declared:db.CmeMemberRelation:company_managing_entity	20387.759999999998,13150.1 20132.029999999999,13180.33
edge:declared:db.CompanyCreateProgress:company_create_request	22591.220000000001,15845.99 22367.740000000002,15880.57
edge:declared:db.CompanyCreateRequest:address	22260.830000000002,15965.68 23158.259999999998,18493.150000000001
edge:declared:db.CompanyDepartment:department_code	11688.99,12798.92 11647.57,12616.469999999999
edge:declared:db.CompanyDepartmentCode:organization_chart	11760.450000000001,12529.530000000001 13456.75,12010.52
edge:declared:db.CompanyEndorsementFeed:company_endorsement	25346.509999999998,2404.3099999999999 23533.25,3481.7399999999998
edge:declared:db.CompanyExpertClientRelation:expert_client	21085.580000000002,13247.290000000001 21477.16,13660.32
june-hub:_louv_66	34930.459999999999,9126.8500000000004 35074.389999999999,9366.8400000000001
edge:declared:db.CompanyFeedAccessLog:venture_capital	36883.07,607.52999999999997 34299.169999999998,10608.59
edge:declared:db.CompanyFeedRating:company_feed	27826.669999999998,190.08000000000001 27242.57,1019.97
edge:declared:db.CompanyIrClosingFeed:investor_relations	27293.32,3361.2600000000002 28260.91,4790.0299999999997
edge:declared:db.CompanyIrNewCommitFeed:investor_relations	27749.709999999999,3190.7199999999998 28303.59,4790.0299999999997
edge:declared:db.CompanyIrOpenFeed:investor_relations	27890.330000000002,2556.6700000000001 28323.259999999998,4790.0299999999997
june-hub:_louv_67	21387.34,13944.27 21767.970000000001,13935.01
edge:declared:db.CompanyManagingEntity:expert_client	20134.490000000002,13284.02 21399.610000000001,13671.360000000001
edge:declared:db.CompanyManagingEntity:holding_company	20013.860000000001,13180.33 19993.759999999998,13107.110000000001
edge:declared:db.CompanyNewsFeed:company_news	18798.549999999999,6175.6099999999997 18443.509999999998,5953.9399999999996
edge:declared:db.CompanyNewsLink:company_news	18474.369999999999,5083.75 18396.07,5871.9399999999996
edge:declared:db.CompanyNotificationTrigger:notification_setting	15530.49,9087.8899999999994 15912.76,9768.5699999999997
edge:declared:db.CompanyOwnerAuditLogOwnerRoleRelation:company_owner_audit_log	10996.1,8568.8600000000006 10431.98,7808.7600000000002
edge:declared:db.CompanyOwnerAuditLogOwnerRoleRelation:owner_role	10945.24,8642.8600000000006 10448.25,8730.4599999999991
edge:declared:db.CompanyOwnerNotificationTrigger:trigger	15433.549999999999,9267.6900000000005 15496.709999999999,9087.8899999999994
edge:declared:db.CompanyPurposeChangeItem:company_purpose_change	17496.599999999999,13173.780000000001 17331.900000000001,12919.379999999999
edge:declared:db.CompanyPurposeChangeItem:industrial_code	17532.139999999999,13247.780000000001 17625.490000000002,13545.950000000001
edge:declared:db.CompanyUpdateRequest:change_detection	18083.82,12432.93 18183.529999999999,13195.99
edge:declared:db.CompanyUpdateRequest:company_question_thread	18139.639999999999,12432.93 18879.669999999998,12929.389999999999
june-hub:_louv_28	9764.6000000000004,10358.870000000001 9886.9300000000003,10699.299999999999
edge:declared:db.CompanyUserRelationOwnerRoleRelation:owner_role	10269.01,9466.4899999999998 10320.459999999999,8801.3199999999997
edge:declared:db.ConsentForm:investor	23158.98,35498.720000000001 12413.99,23500.240000000002
edge:declared:db.ConsentForm:item	23202.77,35498.720000000001 23187.5,27260.220000000001
edge:declared:db.ConsentFormModusignDocument:consent_form	23578.580000000002,30604.900000000001 23206.049999999999,35498.720000000001
edge:declared:db.ConsentFormModusignEmbeddedDraft:consent_form	21984.310000000001,23672.27 23197.830000000002,35498.720000000001
edge:declared:db.CorporateRegistrationChangeConfirmation:change_detection	18564.779999999999,13014.870000000001 18269.75,13195.99
edge:declared:db.CorporateRegistrationChangeConfirmation:staff_review_required_question_thread	18796.549999999999,13004.780000000001 18870.48,12996.110000000001
edge:declared:db.CorporateRegistrationChangeDetectionParseResult:change_detection	18395.880000000001,12874.48 18217.169999999998,13195.99
edge:declared:db.CorporateRegistrationExtractionLog:corporate_registration_issue_log	20413.060000000001,15163.42 20446.34,15110.870000000001
edge:declared:db.CorporateRegistrationIssueCouponIssueLog:coupon	19072.009999999998,12394.75 18949.32,12713.07
edge:declared:db.CorporateRegistrationIssueCouponUseRequest:coupon	19193.84,14664.469999999999 18939.110000000001,12795.07
edge:declared:db.CorporateRegistrationIssueCouponUseResult:corporate_registration	19838.529999999999,14879 19090.060000000001,14819.73
edge:declared:db.CorporateRegistrationIssueCouponUseResult:log	20188.200000000001,14944.6 20356.549999999999,15012.870000000001
edge:declared:db.CorporateRegistrationIssueCouponUseResult:request	19991.59,14879 19510.5,14738.469999999999
edge:declared:db.CorporateRegistrationIssueLog:_deprecated_staff_review_required_question_thread	20444.209999999999,15012.870000000001 19154.48,13107.389999999999
edge:declared:db.CorporateRegistrationIssueMaintenance:third_party_api_notice	30772.549999999999,14898 30144.02,14874.809999999999
edge:declared:db.CorporateRegistrationIssueRequest:delivery	19129.59,10865.299999999999 19288.43,10796.379999999999
edge:declared:db.CorporateRegistrationPaidIssue:corporate_registration	19173.080000000002,14975.639999999999 19016.119999999999,14836.379999999999
edge:declared:db.CorporationPostRegistrationScheduledEmail:corporation_post_registration_email	15845.83,5098.1300000000001 14667.26,5050.9499999999998
edge:declared:db.CorporationPostRegistrationScheduledEmailPeriodicTaskRelation:corporation_post_registration_scheduled_email	15698.440000000001,4962.5600000000004 15942.9,5068.4300000000003
june-hub:_louv_169	28307.810000000001,16699.869999999999 26986.040000000001,16105.120000000001
edge:declared:db.CreditUse:credit	21397.299999999999,12380.709999999999 20609.490000000002,12423.92
edge:declared:db.CsAgentResponse:inquiry_thread_message	24495.560000000001,9305.2299999999996 23885.029999999999,9530.2099999999991
edge:declared:db.CsAgentResponseFeedBack:cs_agent_response	24981.41,9225.6399999999994 24743.560000000001,9272.4200000000001
edge:declared:db.DepartmentStaffUserRelation:department	18215.900000000001,34235.830000000002 16028.200000000001,34776.660000000003
edge:declared:db.DirectorsMeeting:chairperson	15963.08,20711.18 15810.610000000001,20681.279999999999
edge:declared:db.DirectorsMeetingAgenda:agenda_branch_change	16270.049999999999,21256.349999999999 17829.619999999999,20552.689999999999
edge:declared:db.DirectorsMeetingAgenda:agenda_director_change	16025.209999999999,21256.349999999999 14567.32,22441.07
edge:declared:db.DirectorsMeetingAgenda:agenda_director_compensation_decision	16122.110000000001,21256.349999999999 16270.459999999999,21574.549999999999
edge:declared:db.DirectorsMeetingAgenda:agenda_head_office_relocation	16270.049999999999,21256.349999999999 18591.990000000002,21913.5
edge:declared:db.DirectorsMeetingAgenda:agenda_new_issue	16216.73,21256.349999999999 16768.360000000001,22666.240000000002
edge:declared:db.DirectorsMeetingAgenda:agenda_option_cancel	15986.049999999999,21133.419999999998 15874.25,21119.720000000001
edge:declared:db.DirectorsMeetingAgenda:agenda_shareholders_meeting_convocation	16243.059999999999,21256.349999999999 16469.66,21439.580000000002
edge:declared:db.DirectorsMeetingAgenda:meeting	16270.049999999999,21070.349999999999 16223.08,20794.349999999999
edge:declared:db.DirectorsMeetingNoticeEmail:directors_meeting	15576.59,20451.740000000002 16119.18,20672.349999999999
edge:declared:db.DirectorsMeetingNoticeEmailRecipient:director	15946.389999999999,20468.07 15740.4,20591.93
edge:declared:db.DirectorsMeetingNoticeEmailRecipient:email	15866.299999999999,20419.5 15608.75,20406.959999999999
edge:declared:db.DocumentDelivery:delivery	19690.5,11004.950000000001 20031.23,10880.51
edge:declared:db.DocumentDeliveryQuestionThreadRelation:document_delivery	19919.369999999999,11000.559999999999 19699.439999999999,11041.1
edge:declared:db.DocumentDeliveryQuestionThreadRelation:question_thread	20262.369999999999,11026.76 20351.43,11069.110000000001
edge:declared:db.DocumentParseResult:attachment	20011.110000000001,16161.559999999999 19990.490000000002,16418.099999999999
edge:declared:db.DormantUserEmail:user	3285.5,32258.650000000001 1997.8299999999999,33452.870000000003
edge:declared:db.DormantUserPhone:user	2608.5999999999999,31576.360000000001 1967.6199999999999,33452.870000000003
edge:declared:db.DormantUserReactivationToken:user	3439.5,32419.580000000002 2010.3299999999999,33452.870000000003
edge:declared:db.ESOP:shareholder	11396.370000000001,15938.48 12362.09,23370.240000000002
edge:declared:db.ESOPParticipant:esop	11133.92,15192.6 11367.860000000001,15824.48
edge:declared:db.ElectronicCertificateFileDownloadHistory:file_uploaded	18466.580000000002,16614.139999999999 18457.73,16546.950000000001
edge:declared:db.ElectronicCertificateFileUploaded:file_upload_request	18410.779999999999,16472.950000000001 18335.279999999999,16406.57
edge:declared:db.ElectronicCertificateReturnRequest:recipient_address	24565.049999999999,19803.009999999998 23356.639999999999,18742.549999999999
edge:declared:db.EmailActivityRecipient:email_activity	24244.459999999999,23749.23 24429.990000000002,26773.080000000002
edge:declared:db.EmailActivityRecipientStatusHistory:recipient	24665.93,25505.419999999998 24252.970000000001,23749.23
edge:declared:db.EmailVerification:email	24067.450000000001,1532.4000000000001 23560.220000000001,1244.49
edge:declared:db.Employee:department_code_set	10703.629999999999,13855.950000000001 11600.98,12616.469999999999
edge:declared:db.EmployeeDepartmentCodeRelation:department_code	11359.200000000001,12712.799999999999 11542.969999999999,12616.469999999999
edge:declared:db.EmployeeDepartmentCodeRelation:employee	11268.459999999999,12786.799999999999 10685.530000000001,13855.950000000001
edge:declared:db.EmployeeOption:grantee	12051.33,11284.48 11221.24,12457.530000000001
edge:declared:db.EmployeeOptionExerciseCandidate:management	12786.809999999999,11642.09 14450.59,11663.43
edge:declared:db.EmployeeOptionExerciseCandidate:option	12578.26,11595.190000000001 12160.15,11284.48
edge:declared:db.EmployeeOptionExerciseCandidate:option_exercise_claim	12786.809999999999,11628.280000000001 13983.620000000001,11532
edge:declared:db.EmployeeOptionExerciseCandidateFile:candidate	12623.969999999999,11319.35 12636.73,11595.190000000001
edge:declared:db.EmployeeOptionExerciseClaimOption:option	13055.959999999999,11209.969999999999 12212.83,11228.719999999999
edge:declared:db.EmployeeOptionExerciseClaimOption:option_exercise_claim	13315.67,11243.57 13998.379999999999,11480.299999999999
edge:declared:db.EmployeeOptionExerciseManagementEmail:management	14462.790000000001,14100.809999999999 14600.75,11706.370000000001
edge:declared:db.EmployeeOptionVesting:employee_option	11328.190000000001,11470.42 11964.83,11270.43
edge:declared:db.EmployeeOptionVestingItem:option_vesting	11144.98,11737.41 11199.870000000001,11544.42
edge:declared:db.EmployeeOptionVestingTraceable:option	12079.389999999999,11636.93 12087.6,11284.48
edge:declared:db.EmployeeStock:participant	11645.889999999999,15289.860000000001 11241.209999999999,15180.969999999999
edge:declared:db.EmployeeStockGuide:esop	12086.290000000001,16214.110000000001 11508.459999999999,15938.48
edge:declared:db.EmployeeStockGuideAudience:employee_stock_guide	12116.24,15286.559999999999 12170.299999999999,16214.110000000001
edge:declared:db.EmployeeStockGuideAudience:participant	11991.08,15236.98 11241.209999999999,15160.280000000001
edge:declared:db.EmployeeStockGuideEmail:employee_stock_guide	13030.68,16845.77 12232.25,16296.110000000001
edge:declared:db.EmployeeStockTag:category	11521.110000000001,15665.75 11474.469999999999,15289.200000000001
edge:declared:db.EmployeeStockTag:employee_stock_set	11553.379999999999,15665.75 11741.27,15358.440000000001
edge:declared:db.EmployeeStockTag:esop	11496.879999999999,15747.75 11434.959999999999,15824.48
edge:declared:db.EmployeeStockTagCategory:esop	11354.139999999999,15355.059999999999 11385.190000000001,15824.48
edge:declared:db.EmployeeStockWithdrawRequest:account	11935.139999999999,16461.540000000001 12632.76,16672.990000000002
edge:declared:db.EmployeeStockWithdrawRequest:esop	11757.780000000001,16388.360000000001 11430.43,15938.48
edge:declared:db.EmploymentCertificateDocumentRequest:history	14238.48,12253.200000000001 12639.549999999999,13116.08
edge:declared:db.EmploymentStatusHistory:connected_hrm_status_event	12440.02,13206.08 7611.3500000000004,15158.700000000001
edge:declared:db.EmploymentStatusHistory:employee	12443.42,13206.08 10772.51,13898.139999999999
edge:declared:db.EmploymentStatusHistory:related_events	12675.85,13206.08 16178.35,16143.139999999999
edge:declared:db.EventAttachment:event	16729.330000000002,16193.66 16474.349999999999,16214.190000000001
edge:declared:db.ExpertClientIncorporationSupport:contact_set	20803.98,13770.110000000001 20404,13487.360000000001
edge:declared:db.ExpertClientIncorporationSupport:expert_client	21013.48,13785.41 21399.610000000001,13727.82
edge:declared:db.ExpertClientIncorporationSupport:incorporation_request	20876.580000000002,13852.110000000001 21277.349999999999,14977.610000000001
edge:declared:db.ExpertClientSignupChannel:expert_client	23308.009999999998,13742.790000000001 21647.610000000001,13711.65
edge:declared:db.ExpertClientTaxServiceSettings:expert_client	21309.02,13910.73 21471.400000000001,13758.32
edge:declared:db.FABContent:thumbnail_image	21230.630000000001,17357.459999999999 20541.18,17989.830000000002
edge:declared:db.FinancialAccount:institution	12768.1,16661.580000000002 12827.41,16413.290000000001
edge:declared:db.Fund:fund_partners	31650.080000000002,12582.84 32768.849999999999,12494.73
edge:declared:db.Fund:portfolio_company_set	31402.080000000002,12618.469999999999 27805.419999999998,13477.629999999999
edge:declared:db.FundingNewsDistributionServiceRequest:company_question_thread	18704.259999999998,13953.440000000001 18978.310000000001,13107.389999999999
june-hub:_louv_129	3068.7800000000002,15305.4 3554.02,15408.4
edge:declared:db.HrmAlpConfigIndivApprovalTemplateRel:alp_config	2394.0599999999999,14632.969999999999 2088.54,14865.59
edge:declared:db.HrmAlpExcludedEmp:emp	8293.7000000000007,17491.490000000002 7428.7700000000004,17637.299999999999
edge:declared:db.HrmAlpLaborReceiptRefusal:emp	7805.5500000000002,18589.32 7359.6300000000001,17839.299999999999
june-hub:_louv_131	8124.75,18092.52 8008.9799999999996,18294.389999999999
edge:declared:db.HrmAlpUsageDesignation:target	8152.8800000000001,18306.990000000002 8064.0900000000001,18363.369999999999
edge:declared:db.HrmAlpUsageDesignationDate:leave_usage	8703.8099999999995,18225.290000000001 8902.0799999999999,18172.16
edge:declared:db.HrmAlpUsageDesignationDate:usage_designation	8510.3500000000004,18260.560000000001 8337.3400000000001,18296.619999999999
edge:declared:db.HrmAnnualLeaveAdjustment:emp	7967.0900000000001,17656.73 7428.7700000000004,17663.98
edge:declared:db.HrmAnnualLeaveConfigBase:annual_leave	6831.9799999999996,22962.389999999999 6846.0699999999997,22022.209999999999
edge:declared:db.HrmApproval:approvable	6446.2600000000002,17684.400000000001 6251.8400000000001,17393.650000000001
edge:declared:db.HrmApprovalLine:approval	6602.3800000000001,17843.299999999999 6548.71,17774.400000000001
edge:declared:db.HrmApprovalLine:approver	6557.9799999999996,17925.299999999999 6057.1000000000004,18194.360000000001
edge:declared:db.HrmApprovalReview:approval	6267.6599999999999,17932.689999999999 6459.21,17774.400000000001
edge:declared:db.HrmApprovalReview:approver	6187.6499999999996,18006.689999999999 6008.9099999999999,18194.360000000001
edge:declared:db.HrmApprovalTemplateLine:approver	5813.5699999999997,18063.02 5916.7799999999997,18194.360000000001
edge:declared:db.HrmApprovalTemplateLine:template	5743.4399999999996,17989.02 5021.75,17685.459999999999
edge:declared:db.HrmApprovalTemplateReview:approver	5519.3599999999997,18020.740000000002 5855.7399999999998,18194.360000000001
edge:declared:db.HrmApprovalTemplateReview:template	5421.1899999999996,17946.740000000002 5005.6099999999997,17685.459999999999
edge:declared:db.HrmApprover:dept	5834.4300000000003,18209.400000000001 3380.6799999999998,17910.029999999999
edge:declared:db.HrmAttendanceItem:attendance	7941.1800000000003,17200.790000000001 6669.7700000000004,17331.299999999999
edge:declared:db.HrmCertificateConfigIndividualApprovalTemplateRelation:certificate_config	2395.5599999999999,15854.040000000001 2912.25,15357.870000000001
edge:declared:db.HrmCommonLocation:work_location_config	7962.3400000000001,14249.200000000001 8630.7399999999998,14249.209999999999
edge:declared:db.HrmDailyLeaveUsageItem:usage	8059.3100000000004,20680.110000000001 9010.2700000000004,18194.330000000002
edge:declared:db.HrmDeptName:dept	2747.77,19454.880000000001 3216.0500000000002,17931.23
edge:declared:db.HrmDeptName:event	2717.2800000000002,19528.880000000001 2576.29,20078.709999999999
edge:declared:db.HrmDeptParent:dept	3427.02,19445.23 3238.1900000000001,17931.23
edge:declared:db.HrmDeptParent:event	3431.3400000000001,19527.23 3572.9200000000001,19983.709999999999
edge:declared:db.HrmDeptStatus:dept	3904.0900000000001,19716.91 3253.46,17931.23
edge:declared:db.HrmDeptStatus:event	3902.2800000000002,19790.91 3728.4299999999998,21629.790000000001
edge:declared:db.HrmDocument:form	4589.3599999999997,16373.290000000001 3083.4099999999999,13328.5
edge:declared:db.HrmDocumentDraft:form	4416.3599999999997,13597.860000000001 3183.1700000000001,13308.59
edge:declared:db.HrmDocumentDraftFieldAttachment:field_value	4263.3000000000002,9665.9400000000005 3408.8699999999999,11499.9
edge:declared:db.HrmDocumentDraftFieldMultiSelectValue:field_value	3227.3299999999999,11967.030000000001 3370.7800000000002,11589.9
edge:declared:db.HrmDocumentDraftFieldMultiSelectValue:selected_option	3172.6399999999999,12041.030000000001 3009.3600000000001,12189.76
edge:declared:db.HrmDocumentDraftFieldValue:draft	3405.1500000000001,11589.9 4517.4300000000003,13578.879999999999
edge:declared:db.HrmDocumentDraftFieldValue:field_definition	3334.6399999999999,11589.9 1940.4000000000001,12767.93
edge:declared:db.HrmDocumentFieldAttachment:field_value	2484.29,12850.82 3169.4699999999998,12842.52
edge:declared:db.HrmDocumentFieldMultiSelectValue:field_value	3562.5500000000002,12672.1 3365.1500000000001,12796.02
edge:declared:db.HrmDocumentFieldMultiSelectValue:selected_option	3489.9200000000001,12598.1 3023.0100000000002,12271.76
edge:declared:db.HrmDocumentFieldValue:document	3310.0999999999999,12886.02 4598.6499999999996,16373.290000000001
edge:declared:db.HrmDocumentFieldValue:field_definition	3169.4699999999998,12839.9 2035.1400000000001,12829.629999999999
edge:declared:db.HrmDocumentFormFieldDefinition:form	1988.6400000000001,12857.93 2935.1700000000001,13230.67
edge:declared:db.HrmDocumentFormFieldSelectOption:field_definition	2888.4899999999998,12271.76 1970.4100000000001,12767.93
edge:declared:db.HrmDocumentFormIndividualApprovalTemplateRelation:document_form	2901.3800000000001,13413.1 2935.1700000000001,13317.5
edge:declared:db.HrmEmpAffiliation:event	5718.1899999999996,17024.279999999999 6018.9099999999999,16814.560000000001
edge:declared:db.HrmEmpAffiliationDept:affiliation	5077.6499999999996,17453.73 5598,17106.279999999999
edge:declared:db.HrmEmpAffiliationDept:dept	4900.0100000000002,17513.68 3380.6799999999998,17809.23
edge:declared:db.HrmEmpContract:mgmt	7433.0500000000002,34632.989999999998 4937.8299999999999,24026.650000000001
edge:declared:db.HrmEmpContractMgmt:template_revision	4864.7399999999998,23944.650000000001 3208.6599999999999,22874.360000000001
edge:declared:db.HrmEmpContractModusignDocument:hrm_emp_contract	24104.580000000002,38061.339999999997 7566.6999999999998,34711.080000000002
edge:declared:db.HrmEmpContractTemplateRevision:template	3133.3499999999999,22792.360000000001 2260.21,19776.59
edge:declared:db.HrmEmpContractTemplateRevisionSigner:revision	2469.2199999999998,23437.459999999999 3099.3400000000001,22874.360000000001
edge:declared:db.HrmEmpEmploymentType:event	6811.6300000000001,16950.200000000001 6964.0500000000002,16857.470000000001
edge:declared:db.HrmEmpJob:event	5999.4399999999996,16095.639999999999 6544.4200000000001,15951.379999999999
edge:declared:db.HrmEmpReturnToWorkEvent:absence_event	7777.3599999999997,14747.02 7622.1300000000001,14888.379999999999
edge:declared:db.HrmEmpSalaryAccount:institution	13155.950000000001,14735.389999999999 12846.92,16323.290000000001
edge:declared:db.HrmEmpUserInvitationInvitee:invitation	5870.4899999999998,17725.869999999999 5513.2200000000003,17534.369999999999
edge:declared:db.HrmEmpWorkAssignment:work	6334.9399999999996,18570.130000000001 5404.8699999999999,18665.23
edge:declared:db.HrmEmpWorkLocationAssignment:work_location	7042.4799999999996,15333.4 6677.79,14556.76
edge:declared:db.HrmEmpWorkLocationAssignment:work_location_config	7052.7399999999998,15407.4 7018.8299999999999,15963.5
edge:declared:db.HrmEmpWorkLocationConfig:work_location_set	7006.3999999999996,15963.5 6668.6899999999996,14556.76
edge:declared:db.HrmFixedWorkSchedule:fixed_work	5397.5200000000004,18335.560000000001 5355.9300000000003,18401.939999999999
edge:declared:db.HrmLeaveGrant:grantable_leave	6888.8299999999999,18994.860000000001 6602.8900000000003,20108.630000000001
edge:declared:db.HrmLeaveUsage:leave	8979.7800000000007,18194.330000000002 6414.0799999999999,20990.860000000001
edge:declared:db.HrmLeaveUsageAttachment:usage	9417.7299999999996,19147.66 9053.8400000000001,18194.330000000002
edge:declared:db.HrmLeaveUsageItem:emp	7577.8699999999999,18854.189999999999 7303.5299999999997,17839.299999999999
edge:declared:db.HrmOngoingAttendanceClockedSchedule:ongoing_attendance	9258.4200000000001,16587.900000000001 8851.7199999999993,16841
edge:declared:db.HrmPersonalLocation:work_location_config	8550,16730.830000000002 8753.3199999999997,14290.209999999999
edge:declared:db.HrmRequestor:dept	4586.8400000000001,18989.220000000001 3284.6399999999999,17931.23
edge:declared:db.HrmStaggeredWorkSchedule:staggered_work	4937,20464.919999999998 4413.1000000000004,19428.040000000001
edge:declared:db.HrmStandardWorkSchedule:standard_work	2625.0300000000002,17106.490000000002 2996.8299999999999,16255.48
edge:declared:db.HrmWorkAutoClockOutConfig:work	4839.5200000000004,18667.73 5144.8699999999999,18675.299999999999
edge:declared:db.HrmWorkIndividualApprovalTemplateRelation:work	6135.6800000000003,19323.080000000002 5356.3400000000001,18739.52
edge:declared:db.HrmWorkLocationGpsConfig:work_location	8630.7399999999998,14266.940000000001 6783.0200000000004,14492.620000000001
edge:declared:db.HrmWorkOvertime:work	4905.2700000000004,18561.189999999999 5144.8699999999999,18637.25
edge:declared:db.IBKSignupChannel:ibk_user_login_token	24591.389999999999,13345.120000000001 24563.720000000001,13284.719999999999
edge:declared:db.IBKUserLoginToken:ibk_user	24565.610000000001,13210.719999999999 24570.259999999998,13127.92
edge:declared:db.IaAccountInfo:investment_association	31249.91,17784.139999999999 28495.720000000001,15996.83
edge:declared:db.IaCertificateOfInvestmentDocumentRecipient:certificate_of_investment_document_email	1840.9300000000001,20019.349999999999 1815.4000000000001,20128.66
edge:declared:db.IaConsentForm:consent_form_or_meeting	32636.32,18296.029999999999 30552.830000000002,19018.939999999999
edge:declared:db.IaConsentFormOrMeetingDocumentGeneration:consent_form_or_meeting	31092.27,18961.419999999998 30592.580000000002,19041.200000000001
edge:declared:db.IaConsentFormOrMeetingDocumentGenerationItem:document	32057.32,18960.439999999999 32478.759999999998,19114.290000000001
edge:declared:db.IaConsentFormOrMeetingDocumentGenerationItem:generation	31777.84,18935.619999999999 31435.27,18926.310000000001
edge:declared:db.IaConsentFormOrMeetingElectronicSignatureRequest:document	29271.470000000001,21401.889999999999 30837.68,19873.189999999999
edge:declared:db.IaConsentFormOrMeetingElectronicSignatureRequestModusignDocument:electronic_signature_request	27910.82,21149.43 29100.150000000001,21401.889999999999
edge:declared:db.IaConsentFormOrMeetingElectronicSignatureRequestModusignEmbeddedDraft:electronic_signature_request	25209.040000000001,23625.560000000001 29119.310000000001,21507.889999999999
edge:declared:db.IaConsentFormOrMeetingElectronicSignatureRequestStatusHistory:electronic_signature_request	29186.150000000001,21790.110000000001 29212.27,21507.889999999999
edge:declared:db.IaConsentFormOrMeetingElectronicSignatureRequestUploadedModusignDocument:electronic_signature_request	27281.52,21508.560000000001 29019.169999999998,21460.380000000001
edge:declared:db.IaConsentFormOrMeetingElectronicSignatureRequiredDocument:consent_form_or_meeting	30871.330000000002,19767.189999999999 30436,19124.939999999999
edge:declared:db.IaConsentFormOrMeetingElectronicSignatureRequiredDocument:partner	31039.049999999999,19767.189999999999 35340.830000000002,18045.889999999999
edge:declared:db.IaConsentFormOrMeetingEsigRequiredDocumentPageRange:esig_required_document	31706.400000000001,19242.470000000001 30979.25,19767.189999999999
edge:declared:db.IaConsentFormOrMeetingEsigRequiredDocumentPageRange:page_range_document	31954.810000000001,19195.919999999998 32478.759999999998,19172.799999999999
edge:declared:db.IaConsentFormOrMeetingGuideEmail:consent_form_or_meeting	30870.43,18656.380000000001 30460.07,19018.939999999999
edge:declared:db.IaConsentFormOrMeetingGuideEmailRecipient:consent_form_or_meeting_guide_email	30877.549999999999,18398.419999999998 30905.830000000002,18582.380000000001
edge:declared:db.IaDocumentArchiveAttachment:ia_document_archive	29688.16,14020.110000000001 29903.09,13930.85
edge:declared:db.IaFoundingProgressStatus:investment_association	29505.139999999999,17056.23 28475.189999999999,16029.889999999999
edge:declared:db.IaGpAppointmentEvent:partner	32466.060000000001,17432.029999999999 35340.830000000002,17954.529999999999
edge:declared:db.IaGpTerminationEvent:appointment_event	32580.23,17740.950000000001 32371.740000000002,17452.98
edge:declared:db.IaGpTerminationEvent:partner	32733.91,17787.43 35340.830000000002,17971.959999999999
edge:declared:db.IaInvestmentCertificateRegistrationRequest:partner	35623.730000000003,19806.389999999999 35505.809999999998,18092.07
edge:declared:db.IaMeeting:consent_form_or_meeting	29996.68,21088.799999999999 30389.48,19124.939999999999
edge:declared:db.IaMeetingAgenda:meeting	32301.509999999998,20620.119999999999 30123.540000000001,21118.02
edge:declared:db.IaMeetingAgendaVote:agenda	32144.169999999998,23003.25 32370.490000000002,20620.119999999999
edge:declared:db.IaMeetingAgendaVote:electronic_signature	32104.119999999999,23003.25 29315.990000000002,21507.889999999999
edge:declared:db.IaMeetingAgendaVote:partner	32166.59,23003.25 35425.5,18092.07
edge:declared:db.IaMeetingConvocationNoticeEmail:ia_meeting	31696.82,21948.110000000001 30115.380000000001,21210.799999999999
edge:declared:db.IaMeetingConvocationNoticeRecipient:convocation_notice_email	31102.150000000001,21436.799999999999 31708.299999999999,21948.110000000001
edge:declared:db.IaMeetingMinutesDocument:meeting	32011.790000000001,20010.450000000001 30093.080000000002,21088.799999999999
edge:declared:db.IaMeetingNoticeDocument:meeting	31653.330000000002,19812.07 30060.639999999999,21088.799999999999
edge:declared:db.IaMeetingSealedNoticeDocumentFile:ia_meeting	27173.599999999999,19245.5 29894.5,21088.799999999999
edge:declared:db.IaOperation:ia_operation_management	31742.450000000001,15645.559999999999 31607.669999999998,15835.27
edge:declared:db.IaPartnerInvestmentConfirmation:partner	32320.389999999999,16579.200000000001 35340.830000000002,17912.82
edge:declared:db.IaPartnerInvestmentConfirmationEmailRecipient:ia_partner_investment_confirmation_email	13408.969999999999,2612.7199999999998 13333.540000000001,2679.5799999999999
edge:declared:db.IaPfCompany:investment_association	28589.689999999999,16580.720000000001 28389.950000000001,16029.889999999999
edge:declared:db.IaPfCompanyInvestmentSalesIntent:ia_pf_company_investment	30902.02,22592.220000000001 29293.919999999998,22348.279999999999
edge:declared:db.IaPfCompanyInvestmentStock:ia_pf_company_investment	28707.299999999999,22647.700000000001 29110.32,22370.470000000001
edge:declared:db.IaRule:address	24416.32,18796.009999999998 23356.639999999999,18640.720000000001
edge:declared:db.IaRuleCompensation:rule	26403.5,19248.189999999999 24676.32,18860.009999999998
edge:declared:db.IaRuleDocument:rule	25342.580000000002,18873.029999999999 24676.32,18815.849999999999
edge:declared:db.IaRuleInvestment:rule	26614.689999999999,18550.360000000001 24651.75,18751.939999999999
edge:declared:db.IaRuleMeeting:rule	25336.32,19435.98 24478.490000000002,18873.939999999999
edge:declared:db.IaRulePartner:rule	25987.16,19280.07 24593.400000000001,18873.939999999999
edge:declared:db.IaUserInvitationInvitee:invitation	33605.489999999998,15996.309999999999 31313.419999999998,16195.879999999999
edge:declared:db.IaUserInvitationInvitee:legal_representative	33730.080000000002,16034.51 33734.860000000001,16432.290000000001
edge:declared:db.IaUserInvitationInvitee:partner	33772.389999999999,16034.51 35402.400000000001,17874.07
edge:declared:db.ImAttachment:investor_matching	30339.900000000001,9667.0400000000009 26706.439999999999,9018.1700000000001
edge:declared:db.ImAttachmentDownloadLog:attachment	32243.41,10405.790000000001 30565.709999999999,9730.1800000000003
edge:declared:db.ImAttachmentPdfEvent:attachment	31734.040000000001,9881.8299999999999 30587.900000000001,9707.9899999999998
edge:declared:db.ImAttachmentPdfEvent:pdf_event	31774.27,9859.6399999999994 31309.259999999998,9632.0300000000007
edge:declared:db.ImConsultingRequest:investor_matching	25514,7055.79 26514.009999999998,8899.8099999999995
edge:declared:db.ImDay:recipients	30771.189999999999,9023.9699999999993 30610.330000000002,8525.0699999999997
edge:declared:db.ImDayParticipation:im_day	30552.240000000002,8814.3999999999996 30742.5,9023.9699999999993
edge:declared:db.ImDayParticipation:investor_matching	30383.75,8772.5499999999993 26706.439999999999,8984.6200000000008
edge:declared:db.ImDayParticipationAttachment:participation	30037.110000000001,8176.0200000000004 30468.619999999999,8716.3999999999996
edge:declared:db.ImDaySurvey:im_day	28773.32,8946.2199999999993 30662.990000000002,9065.1599999999999
edge:declared:db.ImDaySurvey:investor_matching	28537.32,8941.8400000000001 26706.439999999999,8989.1399999999994
edge:declared:db.ImDisclosing:investor_matching	27362.150000000001,7577.4200000000001 26616.849999999999,8899.8099999999995
edge:declared:db.ImIrPartnerBrokerOwnerRelation:im_ir_partner_broker	28513.139999999999,10467.26 28724.02,10396.42
edge:declared:db.ImNote:investor_matching	27104.52,8341.4799999999996 26641.560000000001,8899.8099999999995
edge:declared:db.ImTag:investor_matching_set	28342.950000000001,8374.2999999999993 26706.439999999999,8943.4300000000003
edge:declared:db.IncorporationRequest:address	21370.459999999999,15187.610000000001 23135.880000000001,18493.150000000001
edge:declared:db.IncorporationRequest:company_question_thread	21199.549999999999,14977.610000000001 19154.48,13107.389999999999
edge:declared:db.IncorporationRequestAoiFile:incorporation_request	21589.810000000001,14821.110000000001 21424.970000000001,14977.610000000001
edge:declared:db.IncorporationRequestPurpose:incorporation_request	20924.779999999999,15114.690000000001 21166.369999999999,15094.799999999999
edge:declared:db.IndividualInvestorCompanyName:non_unified_share_company	31621.639999999999,26190.860000000001 29753.220000000001,26164.189999999999
edge:declared:db.IndividualInvestorCompanyParValue:non_unified_share_company	28948.110000000001,26205.09 29493.220000000001,26170.560000000001
edge:declared:db.IndividualInvestorCompanyShareClass:non_unified_share_company	29499.299999999999,28702.32 29620.049999999999,26227.330000000002
edge:declared:db.IndividualInvestorEvent:company	33437.279999999999,29593.110000000001 29695.48,26227.330000000002
edge:declared:db.IndividualInvestorUser:address	24388.970000000001,20193.139999999999 23304.259999999998,18743.150000000001
edge:declared:db.IndividualStockOption:company	28108.380000000001,23866.369999999999 29580.330000000002,26097.330000000002
edge:declared:db.IndividualStockOption:create_request	28200.77,23780.470000000001 28872.59,23631.110000000001
edge:declared:db.IndividualStockOption:grantee	28056.200000000001,23752.369999999999 27747.43,22544.240000000002
edge:declared:db.IndividualStockOptionCreateRequestEtcFile:create_request	29830.360000000001,23564.369999999999 29186.59,23589.970000000001
edge:declared:db.IndividualStockOptionGrantContract:individual_stock_option	27760.41,23450.66 28021.450000000001,23752.369999999999
edge:declared:db.IndividualStockOptionResumeEvent:pause_event	30567.150000000001,31290.57 29929.740000000002,28806.150000000001
edge:declared:db.IndividualStockOptionSalesIntent:individual_stock_option	30782.75,23718.759999999998 28200.77,23805.029999999999
edge:declared:db.IndividualStockOptionVesting:individual_stock_option	28673.139999999999,24259.93 28146.98,23866.369999999999
edge:declared:db.IndividualStockOptionVestingItem:individual_stock_option_vesting	28812.43,24078.43 28737.82,24259.93
edge:declared:db.IndividualStockOptionVestingTraceable:individual_stock_option	28407.82,23395.209999999999 28117.16,23752.369999999999
edge:declared:db.InputSignupChannel:input_channel	24690.389999999999,13990.73 25059.900000000001,14195.030000000001
edge:declared:db.InstitutionStakeholderManager:institution_stakeholder	11878.120000000001,21847.919999999998 11897.75,21384.869999999999
edge:declared:db.InternetRegistryOfficeOtp:director	17629.91,15562.32 17367.599999999999,15610.440000000001
edge:declared:db.InternetRegistryOfficeOtpReturnRequest:internet_registry_office_otp	22395.240000000002,20118.060000000001 17881.91,15588.67
edge:declared:db.InternetRegistryOfficeOtpReturnRequest:recipient_address	22528.200000000001,20118.060000000001 23146.43,18743.150000000001
edge:declared:db.InvestmentAssociationEvent:investment_association	30467.860000000001,17088.889999999999 28495.720000000001,15983.23
edge:declared:db.InvestmentAssociationOrganizationPartnerCeo:organization_partner	34942.489999999998,16111.799999999999 34479.220000000001,16129.629999999999
edge:declared:db.InvestmentAssociationOrganizationPartnerCorporationSignerCeo:corporation	34923.279999999999,13892.83 34829.489999999998,13811.780000000001
edge:declared:db.InvestmentAssociationOrganizationPartnerManager:organization_partner	31903.029999999999,14504.799999999999 34225.809999999998,16087.620000000001
edge:declared:db.InvestmentAssociationOrganizationPartnerSigner:_deprecated_manager	34029.449999999997,14083.200000000001 32046.73,14432.879999999999
edge:declared:db.InvestmentAssociationOrganizationPartnerSigner:organization_partner	34228.959999999999,14093.280000000001 34296.07,16087.620000000001
edge:declared:db.InvestmentAssociationPartner:address	35340.830000000002,17991.169999999998 23356.639999999999,18610.200000000001
edge:declared:db.InvestmentAssociationPartnerResume:partner	36690.440000000002,16026.620000000001 35564.269999999997,17874.07
edge:declared:db.InvestmentAssociationPartnerResume:signer	36666.080000000002,15944.620000000001 34285.32,14093.280000000001
edge:declared:db.InvestmentAssociationPartnerResumeItem:resume	36844.910000000003,15582.85 36731.639999999999,15944.620000000001
edge:declared:db.InvestmentAssociationPartnerSalesIntent:partner	33508.480000000003,22132.700000000001 35445.57,18092.07
edge:declared:db.InvestmentRoundNewIssueEvent:investment_round	16840.580000000002,7844.75 16660.66,8189.8299999999999
edge:declared:db.InvestmentRoundNewIssueEvent:new_issue_event	16871.830000000002,7770.75 16899.380000000001,7685.4700000000003
edge:declared:db.InvestmentSimulationInitialOption:option_grantee	12918.68,3822.5900000000001 13329.68,3951.2600000000002
edge:declared:db.InvestmentSimulationInitialOptionGrantee:simulation	13626.870000000001,3992.1100000000001 16249.219999999999,4048.4699999999998
edge:declared:db.InvestmentSimulationInitialShareholder:simulation	11876.59,3015.3200000000002 16249.219999999999,4022.5700000000002
edge:declared:db.InvestmentSimulationInitialStock:shareholder	10174.17,590.02999999999997 11692.08,2941.3200000000002
edge:declared:db.InvestmentSimulationInvestor:simulation_round	18355.990000000002,562.28999999999996 15240.110000000001,3420.5700000000002
edge:declared:db.InvestmentSimulationNewIssueInvestment:investor	17579.029999999999,2647.3600000000001 18391.080000000002,562.28999999999996
edge:declared:db.InvestmentSimulationPurchaseInvestment:investor	20816.75,2453.1300000000001 18449.619999999999,562.28999999999996
edge:declared:db.InvestmentSimulationPurchaseSellStock:seller	21183.080000000002,2066.3299999999999 20880.689999999999,2453.1300000000001
edge:declared:db.InvestmentSimulationRound:simulation	15272.93,3494.5700000000002 16284.26,4006.1300000000001
edge:declared:db.InvestorInterest:venture_capital	35495.720000000001,12109.709999999999 34430.209999999999,11004.450000000001
edge:declared:db.InvitationSeat:allocated_seat	10635,12164.01 10562.18,13531.01
edge:declared:db.InvitationSeat:invitation_seat_request	10652.370000000001,12090.01 11756.09,9437.4500000000007
june-hub:_louv_65	28436.25,4314.0500000000002 28367.029999999999,4790.0299999999997
edge:declared:db.IrAiAnalysisLike:ai_analysis	29397,3869.4000000000001 29032.990000000002,4319.9300000000003
edge:declared:db.IrApprovalNotificationDismiss:ir_approval	28532.389999999999,3906.1399999999999 28450.68,4240.0500000000002
edge:declared:db.IrBrokerActivity:vc_user_relations	28831.450000000001,6807.1000000000004 30548.360000000001,8435.0699999999997
edge:declared:db.IrFeedAccessLog:ir_feeds	27883.360000000001,5243.6400000000003 27696.48,5166.4899999999998
edge:declared:db.IrFeedRating:ir_feed	27676.959999999999,4916.2700000000004 27607.09,5076.4899999999998
edge:declared:db.IrFundRaisingMemo:fund_raising	32178.549999999999,5205.1499999999996 32753.16,4958.8800000000001
edge:declared:db.IrFundRaisingStageLog:fund_raising	32336.860000000001,2136.8699999999999 32849.709999999999,4868.8800000000001
edge:declared:db.IrInsightClub:pitching_day_hall	32594.25,6408.0600000000004 32383.689999999999,6344.3599999999997
edge:declared:db.IrInsightClubParticipation:ir_insight_club	32093.25,5559.3000000000002 32689.34,6404.5799999999999
edge:declared:db.IrInsightClubParticipationAttendee:ir_insight_club_participation	31735.209999999999,5119.2399999999998 32024.349999999999,5469.3000000000002
edge:declared:db.IrInsightClubSurvey:ir_insight_club_participation	32380.759999999998,5582.4300000000003 32191.02,5541.9399999999996
edge:declared:db.IrInvestorFeedback:venture_capital	34359.470000000001,11162.82 34312.690000000002,11018.59
edge:declared:db.LawtalkSignupAttachment:lawtalk_signup	19306.990000000002,16028.940000000001 19221.799999999999,15604.76
edge:declared:db.ManualOptionVestingItem:manual_option_vesting	15424.68,18504.029999999999 15558.440000000001,18375.150000000001
edge:declared:db.Meeting:employee_attorney	18010.619999999999,16918.529999999999 18093.959999999999,16835.98
edge:declared:db.MeetingDocument:directors_meeting	15831.98,26746.080000000002 16132.91,20794.349999999999
edge:declared:db.MeetingDocument:shareholders_meeting	15930.049999999999,26746.080000000002 16491.82,23359.09
edge:declared:db.MeetingDocumentGenerationItem:meeting_document	21306.98,27590.529999999999 16073.120000000001,26964.380000000001
edge:declared:db.MeetingDocumentGenerationItem:meeting_document_generation	21435.400000000001,27568.639999999999 20337.939999999999,21149.43
edge:declared:db.MeetingDraftAgendaDirectorChange:meeting_draft	16670.389999999999,19515.790000000001 17063.689999999999,20640.380000000001
edge:declared:db.MeetingDraftAgendaDirectorCompensation:meeting_draft	16248.83,20062.759999999998 16954.400000000001,20668.650000000001
edge:declared:db.MeetingDraftAgendaDirectorCompensationItem:director_compensation	15754.68,19935.07 16034.24,19992.66
edge:declared:db.MeetingDraftRegistrationAssistance:meeting_draft	17210.650000000001,21244.959999999999 17130.549999999999,20930.380000000001
edge:declared:db.MeetingDraftSchedule:meeting_draft	16629.73,20537.139999999999 16954.400000000001,20672.700000000001
edge:declared:db.MembershipContentAuthorRelation:author	26148.099999999999,26609.099999999999 25994.93,26373.700000000001
edge:declared:db.ModusignApiLog:modusign_account	21766.790000000001,20053.099999999999 21797.080000000002,20440.23
edge:declared:db.ModusignAuthentication:modusign_account	21465.290000000001,20108.139999999999 21757.759999999998,20440.23
edge:declared:db.ModusignDocument:_option_grant_contract	22809.84,20717.830000000002 20623.77,18891.610000000001
edge:declared:db.ModusignDocumentActionHistory:modusign_document	23239.419999999998,20584.5 23081.84,20732.830000000002
edge:declared:db.ModusignDocumentActionHistory:modusign_document_participant	23309.490000000002,20510.5 23171.330000000002,20197.77
edge:declared:db.ModusignDocumentModusignAccountRelation:modusign_account	21995.16,20342.02 21865.57,20440.23
edge:declared:db.ModusignDocumentModusignAccountRelation:modusign_document	22133.939999999999,20342.02 22809.84,20721.720000000001
edge:declared:db.ModusignDocumentModusignApiKeyRelation:modusign_api_key	22355.330000000002,20967.279999999999 22204.740000000002,21187.82
edge:declared:db.ModusignDocumentModusignApiKeyRelation:modusign_document	22476.52,20893.279999999999 22809.84,20843.509999999998
edge:declared:db.ModusignDocumentParticipant:modusign_document	23138.25,20197.77 22982.48,20710.060000000001
edge:declared:db.ModusignEmbeddedDraft:modusign_account	21758.049999999999,22768.720000000001 21800.290000000001,20538.23
edge:declared:db.ModusignEmbeddedDraft:modusign_api_key	21771.240000000002,22768.720000000001 22174.779999999999,21261.82
edge:declared:db.ModusignEmbeddedDraft:modusign_document	21788.080000000002,22768.720000000001 22898.43,20872.060000000001
edge:declared:db.ModusignIaUserConnection:investment_association	28763.52,14936.52 28400.130000000001,15763.889999999999
edge:declared:db.NaverWorkplaceEmployee:naver_workplace_company	25386.139999999999,13796.08 25536.389999999999,13899.870000000001
edge:declared:db.NcpSignupChannel:naver_workplace_company	25339.130000000001,13911.440000000001 25471.959999999999,13924.91
edge:declared:db.NewIssueNoticeEmail:new_issue	12713.129999999999,23256.080000000002 16665.619999999999,22768.029999999999
edge:declared:db.NewIssueNoticeEmailRecipient:email	12868.530000000001,22809.150000000001 12561.32,23174.080000000002
edge:declared:db.NewIssueNoticeEmailRecipient:shareholder	12876.370000000001,22809.150000000001 12511.360000000001,23370.240000000002
edge:declared:db.NonUnifiedShareCreateRequest:stock_unissued_confirmation_file	29518.790000000001,30067.240000000002 29702.189999999999,31332.349999999999
edge:declared:db.NonUnifiedShareEtcFile:create_request	29287.220000000001,29109.290000000001 29501.18,29977.240000000002
edge:declared:db.NonUnifiedShareEtcFile:management_history	29248.110000000001,29035.290000000001 28804.740000000002,29014.790000000001
edge:declared:db.NonUnifiedShareManagementHistory:create_request	28786.84,29014.790000000001 29491,29977.240000000002
edge:declared:db.NonUnifiedShareManagementHistory:renew_request	28687.630000000001,28908.790000000001 28047.73,28288.650000000001
edge:declared:db.NonUnifiedShareManagementHistory:stock_unissued_confirmation_file	28778.84,29014.790000000001 29694.240000000002,31332.349999999999
edge:declared:db.NonUnifiedShareSucPoaDocument:modusign_document	24315.259999999998,23257.869999999999 23433.919999999998,22248.299999999999
edge:declared:db.NonUnifiedShareSucPoaDocument:request	24499.049999999999,23339.869999999999 27969.16,28198.650000000001
edge:declared:db.NonUnifiedShareSucPoaDocument:user_address	24341,23257.869999999999 23233.310000000001,18743.150000000001
edge:declared:db.NonUnifiedShareSucRenewRequest:renew_stock_unissued_confirmation_file	28025.900000000001,28288.650000000001 29689.709999999999,31332.349999999999
edge:declared:db.NotarizationPoA:meeting	16373.110000000001,23756.060000000001 16491.43,23359.09
edge:declared:db.NotarizationPoaDirectorSigner:director	16266.709999999999,23519.240000000002 16357.870000000001,23051.66
edge:declared:db.NotarizationPoaDirectorSigner:notarization_poa	16266.43,23593.240000000002 16341.889999999999,23756.060000000001
edge:declared:db.NotarizationPoaShareholderSigner:notarization_poa	16697.360000000001,23820.77 16484.889999999999,23805.799999999999
edge:declared:db.NotarizationPoaShareholderSigner:shareholder	16955.810000000001,23823.450000000001 17202.91,23908.849999999999
edge:declared:db.OptionExerciseClaim:financial_account	12762.709999999999,17443.540000000001 12757.16,16759.580000000002
edge:declared:db.OptionExerciseClaimAttachment:attachment_setting_item	13689.43,17048.860000000001 13861.59,16979.779999999999
edge:declared:db.OptionExerciseClaimAttachment:option_exercise_claim	13501.98,17130.860000000001 12880.93,17443.540000000001
edge:declared:db.OptionExerciseClaimCandidate:option_exercise_claim	13202.16,17091.299999999999 12831.67,17443.540000000001
edge:declared:db.OptionExerciseClaimCandidate:option_exercise_management	13284.93,17001.299999999999 14489.77,15429.950000000001
edge:declared:db.OptionExerciseClaimCandidate:option_grantee	13291.040000000001,17091.299999999999 15218.52,19178.880000000001
edge:declared:db.OptionExerciseClaimDocumentSetting:management	14439.790000000001,15971.959999999999 14528.92,15429.950000000001
edge:declared:db.OptionExerciseClaimEventRelation:_deprecated_payment	12785.5,18025.279999999999 12947.33,17832.77
edge:declared:db.OptionExerciseClaimEventRelation:claim	12752.860000000001,18025.279999999999 12773.01,17573.540000000001
edge:declared:db.OptionExerciseClaimEventRelation:event	12667.07,18107.279999999999 12527.360000000001,18175.5
edge:declared:db.OptionExerciseClaimMeetingDocument:exercise_claim	14055.02,21826.32 12596.959999999999,21489.299999999999
edge:declared:db.OptionExerciseClaimMeetingDocument:grantee	14381.02,21886.619999999999 14605.450000000001,21917.77
edge:declared:db.OptionExerciseClaimOption:option_exercise_claim	12968.77,17462.360000000001 12881.92,17480.860000000001
edge:declared:db.OptionExerciseClaimOptionTaxation:_deprecated_claim	13148.92,17595.09 12881.92,17536.880000000001
edge:declared:db.OptionExerciseClaimOptionTaxation:claim_option	13237.709999999999,17595.09 13114.43,17499.209999999999
edge:declared:db.OptionExerciseClaimPayment:option_exercise_claim	12982.08,17758.77 12811.709999999999,17573.540000000001
edge:declared:db.OptionExerciseManagement:excluded_institution_set	14428.059999999999,15429.950000000001 12914.41,16323.290000000001
edge:declared:db.OptionExerciseManagementAttachmentSetting:management	13908.290000000001,16484.689999999999 14502.57,15429.950000000001
edge:declared:db.OptionExerciseManagementAttachmentSettingItem:setting	13948.27,16905.779999999999 13896.379999999999,16558.689999999999
edge:declared:db.OptionExerciseManagementEmail:option_exercise_management	14806.35,15752.940000000001 14584.299999999999,15429.950000000001
edge:declared:db.OptionExerciseManagementReminderSetting:management	14894.889999999999,15417.98 14669.610000000001,15384.35
edge:declared:db.OptionExerciseManagementTaxation:management	14301.33,15189.280000000001 14451.440000000001,15299.950000000001
edge:declared:db.OptionGrantContract:_deprecated_template	20563.310000000001,18777.610000000001 19463.529999999999,15436.870000000001
edge:declared:db.OptionGrantContract:_grantee	20425.540000000001,18841.290000000001 15851.969999999999,19076.259999999998
edge:declared:db.OptionGrantContract:template_revision	20564.48,18777.610000000001 20202.119999999999,16042.73
edge:declared:db.OptionGrantContractModusignDocument:option_grant_contract	21068.470000000001,19072.419999999998 20678.48,18891.610000000001
edge:declared:db.OptionGrantContractModusignEmbeddedDraft:option_grant_contract	21368.27,21822.119999999999 20571.939999999999,18891.610000000001
edge:declared:db.OptionGrantContractTemplate:_deprecated_stakeholder	19567.040000000001,15330.870000000001 19728.220000000001,15260.25
edge:declared:db.OptionGrantContractTemplateDraft:stakeholder_set	18479.82,15489.549999999999 19677,15237.65
edge:declared:db.OptionGrantContractTemplateRevision:stakeholder_set	20182.119999999999,15952.73 19966,15260.25
edge:declared:db.OptionGrantContractTemplateRevision:template	20141.150000000001,15952.73 19510.5,15436.870000000001
edge:declared:db.OptionGrantEvent:_deprecated_grantee	15992.950000000001,18759.709999999999 15356.51,19178.880000000001
edge:declared:db.OptionGrantEvent:share_class	16080.34,18661.709999999999 16032.92,18257.57
edge:declared:db.OptionManagement:agenda_option_grant	15873.76,19748.759999999998 16453.880000000001,19856.82
edge:declared:db.OptionManagementStakeholderSeat:option_management	14888.43,18919.450000000001 15715.77,19684.93
edge:declared:db.OptionManagementStakeholderSeat:stakeholder_seat	14604.43,18919.450000000001 10560.43,19104.509999999998
edge:declared:db.OptionResumeEvent:pause_event	31582.900000000001,1061.9300000000001 31461.799999999999,1199.5
edge:declared:db.OptionTag:category	15165.370000000001,13006.780000000001 15210.48,12935.6
edge:declared:db.OptionValueChange:investment_round	16326.790000000001,8124.5699999999997 16518.709999999999,8189.8299999999999
edge:declared:db.OptionVesting:_deprecated_grant_event	15695.459999999999,18249.509999999998 16041.34,18661.709999999999
edge:declared:db.Order:seal_card	5060.8299999999999,5789.9200000000001 3477.9899999999998,5890.8400000000001
edge:declared:db.OrderPromotionRelation:order	6200.6800000000003,7354.6499999999996 5216.4799999999996,5831.0100000000002
edge:declared:db.OrderPromotionRelation:promotion	6247.6899999999996,7354.6499999999996 6700.5699999999997,6629.4700000000003
edge:declared:db.OrderStaffInChargeRelation:order	5013.2399999999998,3945.21 5180.25,5733.0100000000002
edge:declared:db.OrderStaffInChargeRelation:staff_in_charge	4882.7799999999997,3918.4899999999998 4141.96,3978.48
edge:declared:db.OrderStatusHistory:order	4194.29,7806 5160.8500000000004,5831.0100000000002
edge:declared:db.OtherDocumentArchiveAttachment:other_document_archive	19966.32,16418.099999999999 19823.150000000001,16040.950000000001
edge:declared:db.OwnerRolePermissionRelation:owner_permission	10187.02,8537.8600000000006 10095.59,8338.6900000000005
edge:declared:db.OwnerRolePermissionRelation:owner_role	10320.700000000001,8611.8600000000006 10323.01,8703.3199999999997
edge:declared:db.Payment:app_card	20726.029999999999,12222.879999999999 20816.860000000001,12249.969999999999
edge:declared:db.Payment:charge	20466.029999999999,12189.59 20320.619999999999,12195.709999999999
edge:declared:db.Payment:credit_card	20726.029999999999,12209.059999999999 21904.540000000001,12029.34
edge:declared:db.PaymentLink:payment_store	24995.009999999998,12318.620000000001 23363.110000000001,13013.82
edge:declared:db.PaymentLink:question_threads	24936.580000000002,12233.77 20611.43,11163.120000000001
edge:declared:db.PaymentRefund:payment	20888.52,11942.860000000001 20665.139999999999,12127.110000000001
edge:declared:db.PaymentRefund:payment_status_history	20968.779999999999,11868.860000000001 20903.939999999999,11802.459999999999
edge:declared:db.PaymentStatusHistory:payment	20818.439999999999,11802.459999999999 20629.25,12127.110000000001
edge:declared:db.Payroll:setting	7728.54,1990.03 7037.4899999999998,9233.8899999999994
edge:declared:db.PayrollAnnualSalaryInfo:employee	10207.440000000001,13518.559999999999 10531.91,13855.950000000001
edge:declared:db.PayrollDocumentSealStampSetting:_deprecated_ceo	16578.73,14790.52 17175.189999999999,15562.389999999999
edge:declared:db.PayrollDocumentSealStampSetting:seal_stamp	16704.509999999998,14738.280000000001 16828.669999999998,14713.700000000001
edge:declared:db.PayrollEmployeeMonthlyWage:hrm_emp	7039.5900000000001,18210.360000000001 7187.71,17839.299999999999
edge:declared:db.PayrollLedgerAttachment:payroll_ldeger	12328.41,13571.24 12785.48,13946.68
edge:declared:db.PayrollLedgerFile:payroll_ledger	12765.360000000001,13756.450000000001 12858.24,13946.68
edge:declared:db.PayrollLedgerFileModificationRequest:payroll_ledger_file	13009.67,13619.6 12782.959999999999,13682.450000000001
edge:declared:db.PayrollLedgerItemSettingRelation:ledger_item	7518.1899999999996,9507.4400000000005 7123.6800000000003,9461.2600000000002
edge:declared:db.PayrollLedgerItemSettingRelation:setting	7559.3999999999996,9480.6499999999996 7140.9700000000003,9315.8899999999994
edge:declared:db.PayrollManagementRelation:payroll	10373.940000000001,4200.8999999999996 7805.2299999999996,1990.03
edge:declared:db.PayrollSetting:ledger_item_set	7029.4399999999996,9315.8899999999994 7012.3599999999997,9410.4400000000005
edge:declared:db.PayrollSettlement:company_question_thread_set	12880.780000000001,7307.5100000000002 18891.849999999999,12929.389999999999
edge:declared:db.PayrollSettlement:payroll	12798.68,7225.5100000000002 7792.6899999999996,1990.03
edge:declared:db.PayrollSettlementAutoCreation:payroll	9332.9699999999993,3882.1700000000001 7784.29,1990.03
edge:declared:db.PayrollSettlementAutoCreation:payroll_question_help_template	9375.0499999999993,3956.1700000000001 10598.9,6521.9899999999998
edge:declared:db.PayrollSettlementProgressLog:payroll_settlement	12346.530000000001,7505.4799999999996 12752.799999999999,7307.5100000000002
edge:declared:db.PayrollStaffUserRelation:payroll	8202.1900000000005,2097.5300000000002 7864.3599999999997,1975.8499999999999
edge:declared:db.PayrollStatement:_deprecated_employee	10871.540000000001,14927.16 10655.6,14057.950000000001
edge:declared:db.PayrollStatement:payroll_ledger	11015.93,14927.16 12745.190000000001,14052.68
edge:declared:db.PayrollStatementAttendance:payroll_statement	10783.75,15260.719999999999 10863.059999999999,15049.16
edge:declared:db.PayrollStatementDocument:payroll_statement	11866.18,15107.280000000001 11015.93,15049.16
edge:declared:db.PayrollStatementEmail:payroll_ledger	12661.379999999999,16984.049999999999 12846.65,14052.68
edge:declared:db.PayrollStatementEmailRecipient:email	11692.82,17131.110000000001 12532.629999999999,17031.66
edge:declared:db.PayrollStatementEmailRecipient:payroll_statement	11535.780000000001,17107.220000000001 10906.190000000001,15049.16
edge:declared:db.PayrollStatementPayrollInformation:payroll_statement	11286.879999999999,14921.360000000001 11015.93,15049.16
edge:declared:db.PayrollStatementScheduledEmail:payroll_statement_email	11914.57,16672.400000000001 12563,16984.049999999999
edge:declared:db.PayrollStatementScheduledEmailPeriodicTaskRelation:payroll_statement_scheduled_email	11752.540000000001,16751.330000000002 11840.440000000001,16672.400000000001
edge:declared:db.PeriodicOptionVestingItem:periodic_option_vesting	15222.639999999999,18194.27 15230.469999999999,18277.130000000001
edge:declared:db.PhantomStock:grantee	10884.280000000001,16821.599999999999 11231.49,18150.98
edge:declared:db.PhantomStockGrantContract:phantom_stock	10640.66,16363.950000000001 10813.370000000001,16723.599999999999
edge:declared:db.PhantomStockResumeEvent:pause_event	16040.299999999999,15559 15950.690000000001,15428.49
edge:declared:db.PhoneVerification:phone	8325.8999999999996,12693.040000000001 6600.25,10948.290000000001
edge:declared:db.PingpongDelivery:dropoff_address	20213.509999999998,10884.219999999999 22780.689999999999,13028.809999999999
edge:declared:db.PitchingDayHallAccessLog:pitching_day_hall	32410.84,6584.7799999999997 32284.16,6351.8400000000001
edge:declared:db.PitchingDayHallAssignedIrs:pitching_day_hall	30599.080000000002,5496.5100000000002 32167.470000000001,6261.8400000000001
edge:declared:db.PortfolioCompanyFund:fund	30055.68,12759.07 31402.080000000002,12606.65
edge:declared:db.PortfolioCompanyFund:portfolio_company	29819.68,12809.059999999999 27805.419999999998,13466.26
edge:declared:db.PortfolioCompanyManager:portfolio_company	27809.310000000001,15126.389999999999 27680.799999999999,13573.68
edge:declared:db.PortfolioCompanyUserRelation:portfolio_company	27925.93,13624.1 27805.419999999998,13568.58
edge:declared:db.PrivacyPolicyLog:privacy_policy	3949.9899999999998,32014.16 3962.3600000000001,31885.84
edge:declared:db.PromotionAddress:promotion	6647.96,4495.0799999999999 6722.3400000000001,6555.4700000000003
edge:declared:db.PromotionCodeUsageHistory:promotion_code	24953.009999999998,11017.950000000001 24830,10752.450000000001
edge:declared:db.PromotionCodeUsageHistory:service_fee_item	24933.189999999999,11091.950000000001 24592.889999999999,11432.6
edge:declared:db.Purchase:basket	22070.720000000001,12368.73 22336.950000000001,12183.6
edge:declared:db.Purchase:service_fee	22070.720000000001,12403.389999999999 22805.18,12064.67
edge:declared:db.PurchaseItem:payment_store	23235,12921.26 23277.080000000002,13013.82
edge:declared:db.PurchaseStatusHistory:purchase	21705.349999999999,12557.77 21774.720000000001,12530.280000000001
edge:declared:db.Purpose:articles_of_incorporation	17646.360000000001,13809.65 17578.450000000001,14273.59
edge:declared:db.Purpose:industrial_code	17648.91,13735.65 17639.950000000001,13619.950000000001
edge:declared:db.QrReplyPasswordReset:request	24336.830000000002,15474.940000000001 25252.470000000001,15597.809999999999
edge:declared:db.QrReplyPasswordResetRequest:reply	25235.200000000001,15671.809999999999 25361.349999999999,15785.360000000001
edge:declared:db.QuarterlyReportRequest:quarterly_report	26968.689999999999,16015.120000000001 27167.720000000001,15940.58
edge:declared:db.QuarterlyReportRequestAttachment:quarterly_report_request	25967.73,16858.16 26746.68,16105.120000000001
edge:declared:db.QuarterlyReportRequestReportItem:quarterly_report_item	26163.119999999999,15988.93 26011.950000000001,15964.5
edge:declared:db.QuarterlyReportRequestReportItem:quarterly_report_request	26462.119999999999,16014.6 26727.240000000002,16058.4
edge:declared:db.QuarterlyReportSettings:quarterly_report	26907.52,15252.33 27277.619999999999,15828.709999999999
edge:declared:db.QuarterlyReportSignupChannel:portfolio_company	26307.91,13455.58 27545.419999999998,13506.440000000001
edge:declared:db.QuarterlyReportSignupChannel:quarterly_report	26190.23,13490.950000000001 27292.099999999999,15828.709999999999
edge:declared:db.QuestionMessageScheduled:question_thread_message	23939.740000000002,8741.2900000000009 23765.619999999999,9507.3199999999997
edge:declared:db.QuestionThreadAssignment:question_thread	20377.959999999999,11772.790000000001 20470.310000000001,11199.940000000001
edge:declared:db.QuestionThreadMessage:question_thread	23613.029999999999,9644.3899999999994 20603.93,11061.940000000001
edge:declared:db.QuestionThreadMessagePeriodicTaskRelation:question_message_scheduled	23857.220000000001,8553.9699999999993 23963.48,8667.2900000000009
edge:declared:db.QuestionThreadTag:question_thread_set	20690.669999999998,11433.459999999999 20529.150000000001,11199.940000000001
edge:declared:db.RegistrationAgenda:agenda_director_change	13590.76,22499.259999999998 14378.1,22473.380000000001
edge:declared:db.RegistrationAgenda:registration	13521.73,22458.34 13696.65,22196.950000000001
edge:declared:db.RegistrationAssistanceReceipt:registration_assistance	21228.290000000001,16237.629999999999 21394.810000000001,15951.66
edge:declared:db.RegistrationDirector:registration	13865.860000000001,22334.029999999999 13836.18,22196.950000000001
edge:declared:db.RegistrationFormCaptable:agenda	19083.060000000001,24926.360000000001 17810.650000000001,21756.779999999999
edge:declared:db.RegistrationFormCaptableDocument:captable	18717.970000000001,25404.610000000001 19063.740000000002,25008.360000000001
edge:declared:db.RegistrationFormCaptableNotarizationRequestor:registration_form_captable	18213.810000000001,23849.23 19067.040000000001,24926.360000000001
edge:declared:db.RegistrationFormCaptableNotarizationRequestor:shareholder	18126.549999999999,23849.23 17577.91,23941.959999999999
edge:declared:db.RegistrationHelp:company_question_thread	18790.900000000001,13111.540000000001 18870.48,13054.43
edge:declared:db.RsuRsa:grantee	15540.620000000001,14242.860000000001 13610.9,16410
edge:declared:db.RsuRsa:source_meeting	15741.620000000001,14185.290000000001 16079.75,14223.67
edge:declared:db.RsuExerciseClaim:financial_account	14337.690000000001,14637.43 12794.129999999999,16661.580000000002
edge:declared:db.RsuExerciseClaimAttachment:attachment_setting_item	14082.49,14687.370000000001 14026.209999999999,14751.84
edge:declared:db.RsuExerciseClaimAttachment:rsu_exercise_claim	14266.83,14618.51 14323.799999999999,14607.780000000001
edge:declared:db.RsuExerciseClaimCandidate:rsu_exercise_claim	13216.190000000001,16109.52 14368.120000000001,14637.43
edge:declared:db.RsuExerciseClaimCandidate:rsu_exercise_management	13178.33,16109.52 13181.389999999999,15528.01
edge:declared:db.RsuExerciseClaimCandidate:rsu_grantee	13248.65,16207.52 13459.92,16353.73
edge:declared:db.RsuExerciseClaimCandidateEmailRecipient:candidate	13494.559999999999,16176.08 13303.85,16165.51
edge:declared:db.RsuExerciseClaimEventRelation:claim	15033.26,14984.52 14564.639999999999,14637.43
edge:declared:db.RsuExerciseClaimEventRelation:event	15135.18,15058.52 15740.92,15489.85
edge:declared:db.RsuExerciseClaimRsu:rsu	14958.58,14316.4 15469.620000000001,14200.66
edge:declared:db.RsuExerciseClaimRsu:rsu_exercise_claim	14793.57,14378.4 14571.799999999999,14552.969999999999
edge:declared:db.RsuExerciseManagement:excluded_institution_set	13162.780000000001,15528.01 12856.549999999999,16323.290000000001
edge:declared:db.RsuExerciseManagementAttachmentSetting:management	13527.049999999999,15057.530000000001 13221.809999999999,15430.01
edge:declared:db.RsuExerciseManagementAttachmentSettingItem:setting	13953.790000000001,14825.84 13595.92,14983.530000000001
edge:declared:db.RsuExerciseManagementEmail:rsu_exercise_management	13545.9,15937.059999999999 13220.620000000001,15528.01
edge:declared:db.RsuExtraAttachment:rsu	15958.32,13772.98 15670.49,14096.860000000001
edge:declared:db.RsuGrantContract:rsu	16226.620000000001,13856.719999999999 15741.620000000001,14101.280000000001
edge:declared:db.RsuGrantContract:template	16310.190000000001,13766.719999999999 16199.690000000001,13303.23
edge:declared:db.RsuGrantContractModusignDocument:rsu_grant_contract	20902.200000000001,18650.130000000001 16358.52,13856.719999999999
edge:declared:db.RsuGrantContractTemplate:stakeholder_set	16185.129999999999,13221.23 16156.66,12745.59
edge:declared:db.RsuMeetingAttachment:meeting	16090.58,14416.700000000001 16143.57,14313.67
edge:declared:db.RsuResumeEvent:pause_event	15943.059999999999,16851.110000000001 15802.27,16802.16
edge:declared:db.RsuTag:category	15953.24,13097.219999999999 15885.790000000001,13030.01
edge:declared:db.RsuTag:rsu_set	15980.690000000001,13179.219999999999 15633.26,14096.860000000001
edge:declared:db.RsuVestingItem:performance_condition	14992.59,13682.6 15649.58,12842.6
edge:declared:db.RtccEmail:right_to_consent_or_consult	15118.83,16210.41 15231.68,16138.860000000001
edge:declared:db.RtccEmailAuthentication:rtcc_investor	15695.59,17041.950000000001 15613.58,17370.919999999998
edge:declared:db.RtccInvestor:right_to_consent_or_consult	15591.879999999999,17370.919999999998 15305.08,16138.860000000001
edge:declared:db.RtccInvestorFile:investor	18390.779999999999,17985.91 15757.860000000001,17447.689999999999
edge:declared:db.Safe:holder	11700.32,17411.959999999999 12172.48,18063.560000000001
edge:declared:db.SdContactRequest:secondary_deal	34298.360000000001,6148.1700000000001 35117.669999999998,3309.8000000000002
edge:declared:db.SealCardReturnRequest:seal_card	2776.8299999999999,5993.4899999999998 3229.9899999999998,5919.1099999999997
edge:declared:db.SealCardReturnStatusHistory:seal_card_return_request	3667.6300000000001,7570.3500000000004 2679.5599999999999,6054.8500000000004
edge:declared:db.SealCertificateDelivery:seal_card_pickup_delivery	19525.369999999999,10759.129999999999 20031.23,10820.24
edge:declared:db.SealCertificateIssueRequest:delivery	19531.470000000001,10865.299999999999 19455.43,10796.379999999999
edge:declared:db.SealStamp:director	16968.060000000001,14742.15 17206.290000000001,15562.389999999999
edge:declared:db.SealStampImage:seal_stamp	19102.389999999999,16397.610000000001 17019.279999999999,14742.15
edge:declared:db.SealStampUsageHistory:employee	12232.49,14198.27 10772.51,13982.459999999999
edge:declared:db.SealStampUsageHistory:payroll_statement_document	12339.780000000001,14269.6 11999.74,15078.35
edge:declared:db.SealStampUsageHistory:seal_stamp	12480.49,14230.040000000001 16828.669999999998,14676.42
edge:declared:db.SealStampUsageHistory:wht_book	12232.49,14225.98 11466.49,14283.950000000001
edge:declared:db.SealStampUsageHistory:wht_certificate	12379.700000000001,14163.6 12424.790000000001,14060.65
edge:declared:db.SealStampUsageHistory:wht_receipt	12232.49,14179.110000000001 12056.889999999999,14126.02
edge:declared:db.SelfRegistration:meeting	18067.720000000001,17006.34 18010.619999999999,16979.439999999999
edge:declared:db.ServiceFee:basket	22781.919999999998,12024.84 22497.040000000001,12145.49
edge:declared:db.ServiceFeeItem:product	24509.630000000001,11432.6 23676.759999999998,10625.360000000001
edge:declared:db.ShareholderInstitutionMember:institution	12018.41,22319.380000000001 12360.219999999999,23370.240000000002
edge:declared:db.ShareholderInstitutionMember:manager	11990.67,22237.380000000001 11888.530000000001,21921.919999999998
edge:declared:db.ShareholderInstitutionMemberCeo:member	11964.48,23065.950000000001 12001.9,22319.380000000001
edge:declared:db.ShareholdersAgreementStakeholder:stakeholder	10976.879999999999,18808.34 11657.040000000001,19051.16
edge:declared:db.ShareholdersMeeting:chairperson	16468.259999999998,23221.09 16390.029999999999,23051.66
edge:declared:db.ShareholdersMeetingAgenda:agenda_authorized_shares_change	17539.360000000001,21730.509999999998 17150.970000000001,21999.310000000001
edge:declared:db.ShareholdersMeetingAgenda:agenda_branch_change	17859.360000000001,21482.779999999999 17934.27,20552.689999999999
edge:declared:db.ShareholdersMeetingAgenda:agenda_change_of_articles_of_incorporation	17859.360000000001,21668.580000000002 18574.5,20666.639999999999
edge:declared:db.ShareholdersMeetingAgenda:agenda_director_change	17539.360000000001,21692.299999999999 14626.1,22461.34
edge:declared:db.ShareholdersMeetingAgenda:agenda_director_compensation_decision	17539.360000000001,21667.349999999999 16417.439999999999,21624.380000000001
edge:declared:db.ShareholdersMeetingAgenda:agenda_head_office_relocation	17859.360000000001,21682.029999999999 18591.990000000002,21909.880000000001
edge:declared:db.ShareholdersMeetingAgenda:agenda_new_issue	17602.57,21756.779999999999 16870.080000000002,22666.240000000002
edge:declared:db.ShareholdersMeetingAgenda:agenda_option_cancel	17539.360000000001,21639.560000000001 15874.25,21141.610000000001
edge:declared:db.ShareholdersMeetingAgenda:agenda_option_grant	17539.360000000001,21482.779999999999 16604.869999999999,19924.919999999998
edge:declared:db.ShareholdersMeetingAgenda:meeting	17657.84,21756.779999999999 16555.220000000001,23221.09
edge:declared:db.ShareholdersMeetingConvocationNoticeEmail:shareholders_meeting	18355.439999999999,20846 16555.549999999999,23221.09
edge:declared:db.ShareholdersMeetingConvocationNoticeEmailAttachment:convocation_notice_email	19888.630000000001,19346.27 18484.75,20846
edge:declared:db.ShareholdersMeetingConvocationNoticeEmailNewIssueAttachment:email	18798.380000000001,22760.919999999998 18484.75,20846
edge:declared:db.ShareholdersMeetingConvocationNoticeEmailNewIssueAttachment:new_issue	18606.439999999999,22793.450000000001 16937.619999999999,22755.799999999999
edge:declared:db.ShareholdersMeetingConvocationNoticeRecipient:convocation_notice_email	19339.759999999998,22676.470000000001 18484.75,20846
edge:declared:db.ShareholdersMeetingConvocationNoticeRecipient:shareholder	19290.080000000002,22766.470000000001 17501.82,23904.650000000001
edge:declared:db.ShareholdersMeetingShareholderAttendance:meeting	17300.529999999999,23904.650000000001 16589.91,23359.09
edge:declared:db.ShareholdersMeetingShareholderAttendance:original_shareholder	17202.91,23955.459999999999 12511.360000000001,23500.240000000002
edge:declared:db.StakeholderAccount:account	12549.1,16823.849999999999 12666.93,16759.580000000002
edge:declared:db.StakeholderCustodian:stakeholder	11310.5,19288.09 11657.040000000001,19166.139999999999
edge:declared:db.StarredQuestionThread:question_thread	20079.439999999999,11231.07 20351.43,11163.32
edge:declared:db.Stock:share_class	15141.120000000001,17882.93 15902.700000000001,18159.529999999999
edge:declared:db.Stock:shareholder	15013.299999999999,17882.93 12390.709999999999,23370.240000000002
edge:declared:db.StockDocumentAnalysis:document_ai_process_request	26640.98,29156.130000000001 27291.240000000002,28830.610000000001
edge:declared:db.StockDocumentAnalysis:stock_reregistration_event	26593.419999999998,29230.130000000001 26723.650000000001,29412.98
edge:declared:db.StockTransferAgreement:seller	17512.849999999999,18403.580000000002 12511.360000000001,23370.240000000002
edge:declared:db.StockTransferAgreement:stock_transfer_event	17535.560000000001,18288.34 17179.84,18077.169999999998
edge:declared:db.StockTransferAgreementClauses:stock_transfer_agreement	17805.490000000002,18201.57 17784.849999999999,18324.900000000001
edge:declared:db.StockTransferAgreementItem:agreement	17001.169999999998,18211.580000000002 17512.849999999999,18339.540000000001
edge:declared:db.StockTransferAgreementItem:share_class	16754.169999999998,18161.639999999999 16150.700000000001,18197.25
edge:declared:db.StockTransferAgreementManagement:related_tax_advices	16852.650000000001,12580.07 20351.43,11182.85
edge:declared:db.StockTransferAgreementManagement:stock_transfer_agreement	16852.650000000001,12580.07 17568.18,18288.34
edge:declared:db.StockTransferAgreementManagementStakeholderSeat:stakeholder_seat	8691.2399999999998,7084.1099999999997 10430.48,19069.18
edge:declared:db.StockTransferAgreementManagementStakeholderSeat:stock_transfer_agreement_management	8739.2900000000009,7084.1099999999997 16549.650000000001,12490.07
edge:declared:db.StockTransferAgreementModusignDocument:stock_transfer_agreement	20116.189999999999,20102.200000000001 17784.849999999999,18442.34
edge:declared:db.StockTransferAgreementModusignEmbeddedDraft:stock_transfer_agreement	20208.400000000001,20545.419999999998 17784.849999999999,18442.34
edge:declared:db.StockTransferAgreementPurchaserInstitution:agreement	18192.009999999998,18520.119999999999 17784.849999999999,18407.950000000001
edge:declared:db.StockTransferAgreementSellerInstitution:agreement	18012.32,18363.52 17784.849999999999,18380.049999999999
edge:declared:db.StockTransferPrice:share_class	16856.939999999999,17883.540000000001 16150.700000000001,18156.619999999999
edge:declared:db.StockTransferPrice:stock_transfer_event	16985.490000000002,17908.110000000001 17114.849999999999,18003.169999999998
edge:declared:db.StripeCard:customer	4558.1300000000001,4551.79 4612.0100000000002,5016.2600000000002
edge:declared:db.StripePayment:card	3648.9299999999998,5355.9700000000003 4514.04,4551.79
edge:declared:db.StripePayment:order	3728.8200000000002,5427.1899999999996 5060.8299999999999,5751.79
edge:declared:db.StripePayment:seal_card_return_request	3541.5500000000002,5437.9700000000003 2716.0999999999999,5972.8500000000004
edge:declared:db.Subscription:subscription_plan	20719.939999999999,9473.3600000000006 20432.470000000001,10293.030000000001
edge:declared:db.SubscriptionBonus:subscription	22110.16,9440.3500000000004 20884.349999999999,9397.1499999999996
edge:declared:db.SubscriptionModusignDocumentUsageHistory:subscription	28234.040000000001,11382.93 20884.349999999999,9429.9699999999993
edge:declared:db.SubscriptionPaymentRequest:subscription	20928.619999999999,9947.2700000000004 20774.66,9473.3600000000006
edge:declared:db.SubscriptionPeriod:subscription	21847.02,8918.25 20884.349999999999,9333.6700000000001
edge:declared:db.SubscriptionPerk:subscription	21355.549999999999,8994.8899999999994 20872.09,9311.3600000000006
edge:declared:db.SubscriptionPlan:permissions	20264.259999999998,10340.110000000001 20012.450000000001,10320.9
edge:declared:db.SubscriptionPlanOffering:subscription_plan	20768.490000000002,10302.98 20524.259999999998,10333.690000000001
edge:declared:db.SubscriptionPlanPerk:subscription_plan	20774.82,10184.76 20524.259999999998,10293.57
edge:declared:db.SubscriptionReservation:subscription_plan	19345.419999999998,10433.950000000001 20264.259999999998,10360.43
edge:declared:db.SubscriptionSuspensionHistory:subscription	20592.700000000001,9132.7000000000007 20699.799999999999,9311.3600000000006
edge:declared:db.TaxBookkeepingServiceRequest:incorporation_request	20669.439999999999,13024.82 21281.43,14977.610000000001
edge:declared:db.TaxPartnerTbkContractItem:tax_partner_tbk_contract	23090.799999999999,13424.530000000001 23046.59,13358.139999999999
edge:declared:db.TbkConsulting:tax_bookkeeping_service_request	21339.59,13022.76 20793.59,12991.610000000001
edge:declared:db.TbkConsulting:tbk_question_thread	21339.59,13028.74 19154.48,13009.4
edge:declared:db.TbkConsultingMemo:tbk_consulting	21644.509999999998,12802.51 21502.59,12980.84
edge:declared:db.TbkConsultingRefusal:incorporation_request	20967.110000000001,14496.209999999999 21252.189999999999,14977.610000000001
edge:declared:db.TbkConsultingStatusLog:tbk_consulting	21038.029999999999,12604.6 21414.549999999999,12980.84
edge:declared:db.TbkContract:tbk_consulting	22109.130000000001,13284.299999999999 21506.41,13078.84
edge:declared:db.TbkContractBenefit:tbk_contract	22356.470000000001,13432.879999999999 22277.830000000002,13366.299999999999
edge:declared:db.TbkContractSettlement:tbk_contract	22574.869999999999,13280.110000000001 22353.41,13309.08
edge:declared:db.ThirdPartyArticleProviderUserRelation:article_provider	20191.34,19851.23 20316.400000000001,19784.549999999999
edge:declared:db.UserApiKeyCompanyAccess:api_key	17078.110000000001,7316.2700000000004 17242.950000000001,6340.4399999999996
edge:declared:db.UserApiKeyCompanyRelation:company_access	17603.57,6696.5200000000004 17091.849999999999,7316.2700000000004
edge:declared:db.UserApiKeyRevocation:api_key	17129.610000000001,6460.8599999999997 17139.060000000001,6292.0699999999997
edge:declared:db.UserInvitationOwnerRoleRelation:owner_role	10878.76,9101.2900000000009 10402.110000000001,8801.3199999999997
edge:declared:db.UserInvitationOwnerRoleRelation:user_invitation	10850.219999999999,9175.2900000000009 10483.43,10332.540000000001
edge:declared:db.UserProfileImageMapping:profile_image	21348.080000000002,18485.799999999999 21180.709999999999,18418.790000000001
edge:declared:db.UserSealCardRelation:seal_card	3112.75,6082.9399999999996 3300.29,5939.75
edge:declared:db.ValuationServiceRequest:company_question_thread	18498.119999999999,12169.690000000001 19063.07,12929.389999999999
edge:declared:db.VcIrRecommendationRequestResult:request	31219.759999999998,6470.0799999999999 32551.330000000002,7491.6800000000003
edge:declared:db.VcLpReportRequest:alimtalk_activity	34394.099999999999,12098.83 33073.660000000003,12956.85
edge:declared:db.VcLpReportRequest:vc_lp_report	34389.18,12016.83 33914.870000000003,11730.940000000001
edge:declared:db.VcLpReportRequestRecipient:alimtalk_activity_recipient	32698.580000000002,12779.32 32234.93,13273.24
edge:declared:db.VcLpReportRequestRecipient:fund_partner	32762.279999999999,12697.32 32867.639999999999,12525.959999999999
edge:declared:db.VcLpReportRequestRecipient:vc_lp_report_request	32840.709999999999,12697.32 34353.559999999998,12098.83
edge:declared:db.VcNameAlias:venture_capital	35073.940000000002,10380.629999999999 34430.209999999999,10717.35
edge:declared:db.VentureCapitalEmailTemplates:venture_capital	34648.389999999999,10951.620000000001 34430.209999999999,10876.74
edge:declared:db.VentureCapitalQuarterlyReport:content_template	27317.220000000001,15828.709999999999 27408.470000000001,14096.959999999999
edge:declared:db.VentureCapitalQuarterlyReportItem:quarterly_report	26010.34,15897.809999999999 27167.720000000001,15887.07
edge:declared:db.VentureCapitalQuarterlyReportItemReply:item	24522.73,17027.34 25764.080000000002,15979.809999999999
edge:declared:db.VentureCapitalQuarterlyReportItemReply:reply	24408.34,17027.34 25376.939999999999,15915.360000000001
edge:declared:db.VentureCapitalQuarterlyReportReply:company_create_request	25264.560000000001,15853.059999999999 22367.740000000002,15898.629999999999
edge:declared:db.VentureCapitalQuarterlyReportReply:portfolio_company	25491.41,15785.360000000001 27613.07,13573.68
edge:declared:db.VentureCapitalQuarterlyReportReply:quarterly_report	25602.560000000001,15853.66 27167.720000000001,15884.26
edge:declared:db.VentureCapitalSubscription:venture_capital	34894.059999999998,9126.8500000000004 34324.949999999997,10608.59
edge:declared:db.VentureCapitalSubscriptionPlanPermission:subscription_plan	36171.379999999997,9351.1200000000008 35243.480000000003,9400.2000000000007
edge:declared:db.VentureCapitalSubscriptionPlanPrice:subscription_plan	35019.019999999997,10163.129999999999 35094.639999999999,9448.8400000000001
edge:declared:db.VentureCapitalUserRelation:roles	30554.779999999999,8435.0699999999997 29218.790000000001,6970.25
edge:declared:db.VentureComplex:address	24192.91,18135.849999999999 23356.639999999999,18530.290000000001
edge:declared:db.VideoCollection:video_contents	18827.790000000001,7222.6400000000003 19364.32,6488.4099999999999
edge:declared:db.VideoContentHistory:video_collection	19063.459999999999,7675.2600000000002 18824.560000000001,7312.6400000000003
edge:declared:db.VideoContentHistory:video_content	19100.290000000001,7675.2600000000002 19384.459999999999,6488.4099999999999
edge:declared:db.VideoContentSpeecher:video_content	19102.470000000001,6380.1800000000003 19270.279999999999,6418.8400000000001
edge:declared:db.WhitepaperPreviewFile:whitepaper	4103.46,3384.4899999999998 4072.1799999999998,3539.9299999999998
edge:declared:db.WhitepaperWatermarkFile:whitepaper	5102.6000000000004,2931.0900000000001 4129.46,3539.9299999999998
edge:declared:db.WhtBook:employee	11258.85,14249.01 10772.51,14022.950000000001
edge:declared:db.WhtBook:wht_book_without_date	11296.049999999999,14331.01 11139.82,14468.92
edge:declared:db.WhtBookWithoutDate:employee	11067.870000000001,14468.92 10716.790000000001,14057.950000000001
edge:declared:db.WhtCertificate:employee	12368.120000000001,14016.940000000001 10772.51,13961.85
edge:declared:db.WhtReceipt:employee	11903.34,14076.93 10772.51,13970.34
edge:declared:db.YearEndTaxSettlement:payroll	9765.9300000000003,18267.240000000002 7741.9499999999998,1990.03
edge:declared:db.YearEndTaxSettlementConfirmationSchedule:year_end_tax_settlement	9184.0300000000007,17347.43 9743.8500000000004,18267.240000000002
edge:declared:db.YetsAssistance:employee	14860.51,32899.639999999999 8102.6199999999999,32227.48
edge:declared:db.YetsAssistanceCreatorYetsEmployee:yets_employee	9742.7700000000004,32263.32 8102.6199999999999,32217.040000000001
edge:declared:db.YetsAssistanceMessage:assistance	15498.77,32604.610000000001 15108.51,32899
edge:declared:db.YetsAssistanceMessage:creator	15434.43,32535.900000000001 13671.110000000001,32198.810000000001
edge:declared:db.YetsAssistanceMessageFile:message	22591.080000000002,33949.889999999999 15682.43,32586.16
edge:declared:db.YetsAssistanceStaffAccessLog:assistance	14378.25,32950.650000000001 14860.51,32932.470000000001
edge:declared:db.YetsAssistanceStaffFavoriteRelation:assistance	14752.77,32783.690000000002 15100.940000000001,32859.779999999999
edge:declared:db.YetsEmail:year_end_tax_settlement	10448.84,20269.98 9795.4799999999996,18357.240000000002
edge:declared:db.YetsEmailAuthentication:yets_employee	8040.29,33120.940000000002 7962.1499999999996,32277.91
edge:declared:db.YetsEmployee:employee	7965.7600000000002,32147.91 10648.42,14057.950000000001
edge:declared:db.YetsEmployee:year_end_tax_settlement	7964.6099999999997,32147.91 9765.9099999999999,18357.240000000002
edge:declared:db.YetsEmployeeFile:employee	22852.740000000002,34662.690000000002 8102.6199999999999,32237
edge:declared:db.YetsEmployeeResult:yets_employee	12313.09,30264.220000000001 8101.4499999999998,32147.91
edge:declared:db.YetsEmployeeResultAssistanceMessageRelation:assistance_message	14045.719999999999,31710.009999999998 15478.309999999999,32514.610000000001
edge:declared:db.YetsEmployeeResultAssistanceMessageRelation:result	13820.780000000001,31636.009999999998 12441.870000000001,30264.220000000001
edge:declared:db.YetsEmployeeResultStatusLog:result	10783.92,31668.68 12346.57,30264.220000000001
edge:declared:db.YetsEmployeeResultWhtReceipt:result	22051.66,32031.439999999999 12520.639999999999,30242.490000000002
edge:declared:db.YetsEmployeeSubmissionLog:yets_employee	8399.2900000000009,32701.98 8015.0200000000004,32277.91
edge:declared:db.YetsEmployeeUploadForm:yets_employee	10386.190000000001,32944.800000000003 8102.6199999999999,32257.029999999999
edge:declared:db.YetsEmployeeUploadFormStatusLog:yets_employee_upload_form	10095.200000000001,33816.519999999997 10486.18,33013.489999999998
edge:declared:db.ZuzuTaxPhoneToken:phone	6898,10717.33 6627.4399999999996,10874.290000000001
edge:declared:document_ai.DocumentAiProcessResult:request	26771.959999999999,31761.209999999999 27357.75,28830.610000000001
edge:declared:fi_sta.FiStaCompanyCeo:fi_sta_company	32510.810000000001,32446.509999999998 31708.360000000001,35324.309999999998
edge:declared:fi_sta.FiStaCompanySearchResult:fi_sta_company	31756.119999999999,33852.07 31698.529999999999,35324.309999999998
edge:declared:fi_sta.FiStaContractDocument:participant	29804.470000000001,35977.43 30285.639999999999,36449.029999999999
edge:declared:fi_sta.FiStaContractDocument:stock_transfer_agreement_document	29634.560000000001,35963.919999999998 27635.279999999999,36471.650000000001
edge:declared:fi_sta.FiStaContractDocument:stock_transfer_notice_poa_document	29772.049999999999,35977.43 29860.41,36272.089999999997
edge:declared:fi_sta.FiStaContractDocument:stock_unissued_confirmation_poa_document	29757.549999999999,35887.43 29679.18,32381.459999999999
edge:declared:fi_sta.FiStaManagement:fi_sta_company	33625.959999999999,38146.669999999998 31725.369999999999,35406.309999999998
edge:declared:fi_sta.FiStaParticipant:fi_sta_user	30441.419999999998,36547.029999999999 32250.029999999999,37384.769999999997
edge:declared:fi_sta.FiStaStockTransferAgreementDocument:starter	27643.84,36511.779999999999 30211.630000000001,36498.660000000003
edge:declared:fi_sta.FiStaStockTransferNoticePoaDocument:signer	29962.389999999999,36346.089999999997 30215.259999999998,36449.029999999999
edge:declared:fi_sta.FiStaStockUnissuedConfirmationPoaDocument:signer	29684.209999999999,32381.459999999999 30327.880000000001,36449.029999999999
edge:declared:fi_sta.FiStaTransferStock:stock_transfer_agreement_document	29243.720000000001,36770.18 27643.84,36537.389999999999
edge:declared:fi_sta.FiStaUser:fi_sta_management	32394.099999999999,37458.769999999997 33587.43,38146.669999999998
edge:declared:vertex_ai.VertexAiPredictionResult:request	35698.790000000001,16856.529999999999 35625.519999999997,16971.970000000001
edge:inheritance:db.AgendaBonusIssueNewIssueBalanceCertificateFile->db.FileAttachment	19334.080000000002,18260.919999999998 20161.18,18153.209999999999
edge:inheritance:db.AgendaBonusIssueNewIssueMinutesFile->db.FileAttachment	18653.599999999999,17023.77 20161.18,17992.110000000001
edge:inheritance:db.Announcement->db.QuestionThread	20945.130000000001,10518.959999999999 20533.709999999999,11061.940000000001
edge:inheritance:db.BeforeunloadPdfEvent->db.PdfEvent	30548.419999999998,9264.9099999999999 31140.369999999999,9550.0300000000007
edge:inheritance:db.BranchAbolitionEvent->db.Event	16996.27,17246.23 16410.060000000001,16319.059999999999
edge:inheritance:db.BranchInstallationEvent->db.Event	18690.740000000002,17822.029999999999 16463.720000000001,16319.059999999999
edge:inheritance:db.BulkEmailCommonAttachment->db.FileAttachment	19427.709999999999,17776.419999999998 20161.18,18044.880000000001
edge:inheritance:db.BulkEmailRecipientAttachment->db.FileAttachment	18946.689999999999,18684.290000000001 20161.18,18191.16
edge:inheritance:db.CmeBulkEmail->db.BulkEmail	17016.52,16040.719999999999 14806.91,16651.459999999999
edge:inheritance:db.CmeBulkEmailTemplate->db.BulkEmailTemplate	19495.189999999999,14384.49 19292.32,14336.530000000001
edge:inheritance:db.CompanyBulkEmailTemplate->db.BulkEmailTemplate	18877.799999999999,14173.42 19079.290000000001,14266.209999999999
edge:inheritance:db.CompanyDocumentDelivery->db.DocumentDelivery	18447.189999999999,11011.93 19451.439999999999,11042.209999999999
edge:inheritance:db.CompanyEndorsementFeed->db.CompanyFeed	25460.130000000001,2330.3099999999999 27131.709999999999,1125.97
edge:inheritance:db.CompanyFeed->db.Feed	27200.720000000001,1125.97 26961.040000000001,3916.1500000000001
edge:inheritance:db.CompanyIrClosingFeed->db.CompanyFeed	27267.220000000001,3287.2600000000002 27206.75,1125.97
edge:inheritance:db.CompanyIrNewCommitFeed->db.CompanyFeed	27727.450000000001,3116.7199999999998 27218.810000000001,1125.97
edge:inheritance:db.CompanyIrOpenFeed->db.CompanyFeed	27865.82,2482.6700000000001 27230.099999999999,1125.97
edge:inheritance:db.CompanyNewsFeed->db.CompanyFeed	18917.900000000001,6175.6099999999997 27119.189999999999,1125.97
edge:inheritance:db.CompanyOwnerAuditLog->db.AuditLog	10525.549999999999,7729.0900000000001 15440.620000000001,6066.1899999999996
edge:inheritance:db.CompanyPaymentLink->db.PaymentLink	22148.150000000001,10651.120000000001 25004.220000000001,12228.620000000001
edge:inheritance:db.CompanyQuestionThread->db.QuestionThread	19154.48,12970.27 20431.650000000001,11199.940000000001
edge:inheritance:db.ConsentFormModusignDocument->db.ModusignDocument	23579.490000000002,30530.900000000001 23081.810000000001,20872.060000000001
edge:inheritance:db.ConsentFormModusignEmbeddedDraft->db.ModusignEmbeddedDraft	21981.59,23598.27 21772.369999999999,22874.720000000001
edge:inheritance:db.ConsentFormOptionItem->db.ConsentFormItem	22594.16,24149.849999999999 23179.130000000001,27186.220000000001
edge:inheritance:db.CustomOptionGrantContractTemplate->db.OptionGrantContractTemplate	19655.709999999999,15508.950000000001 19579.080000000002,15430.51
edge:inheritance:db.CustomOptionGrantContractTemplateRevision->db.OptionGrantContractTemplateRevision	20860.380000000001,15379.620000000001 20239.57,15952.73
edge:inheritance:db.Director->db.Stakeholder	17095.599999999999,15708.389999999999 11989.040000000001,19000.709999999999
edge:inheritance:db.DirectorsMeetingNoticeEmail->db.BulkEmail	15468.25,20369.740000000002 14806.91,16753.57
edge:inheritance:db.DocumentLoadedPdfEvent->db.PdfEvent	31023,9369.6700000000001 31187.98,9550.0300000000007
edge:inheritance:db.ESOPParticipant->db.Employee	11100.17,15102.6 10704.639999999999,14057.950000000001
edge:inheritance:db.Employee->db.Stakeholder	10654.73,14057.950000000001 11786.719999999999,18950.73
edge:inheritance:db.EmployeeOptionExerciseManagementEmail->db.BulkEmail	14463.719999999999,14174.809999999999 14665.860000000001,16615.57
edge:inheritance:db.EmployeeOptionGrantee->db.Employee	11181.059999999999,12531.530000000001 10669.52,13855.950000000001
edge:inheritance:db.EmployeeStockGuideEmail->db.BulkEmail	13202.469999999999,16872.279999999999 14546.91,16752.810000000001
edge:inheritance:db.ExpertClientSignupChannel->db.SignupChannel	23506.759999999998,13708.66 24030.490000000002,13471.690000000001
edge:inheritance:db.HrmAlpUsagePlan->db.HrmApprovable	8035.7600000000002,18010.52 6343.0799999999999,17393.650000000001
edge:inheritance:db.HrmAnnualLeave->db.HrmLeaveBase	6826.5299999999997,21948.209999999999 6385.9499999999998,21136.860000000001
edge:inheritance:db.HrmAnnualLeaveFiscalBasedConfig->db.HrmAnnualLeaveConfigBase	7084.2799999999997,25893.439999999999 6834.6599999999999,23036.389999999999
edge:inheritance:db.HrmAnnualLeaveHireBasedConfig->db.HrmAnnualLeaveConfigBase	6759.8100000000004,24910.619999999999 6830.04,23036.389999999999
edge:inheritance:db.HrmAttendance->db.HrmApprovable	6421.7700000000004,17347.34 6343.0799999999999,17346.299999999999
edge:inheritance:db.HrmDeptAbolishedEvent->db.HrmDeptStatusEventBase	3780.9200000000001,23065.939999999999 3726.21,21711.790000000001
edge:inheritance:db.HrmDeptCreatedEvent->db.HrmDeptStatusEventBase	3636.2399999999998,20896.880000000001 3719.8699999999999,21629.790000000001
edge:inheritance:db.HrmDeptNameChangedEvent->db.HrmDeptNameEventBase	2883.6199999999999,19787.130000000001 2602.48,20078.709999999999
edge:inheritance:db.HrmDeptNameEventBase->db.HrmDeptEventBase	2602.8099999999999,20152.709999999999 2815.6100000000001,20371.330000000002
edge:inheritance:db.HrmDeptParentChangedEvent->db.HrmDeptParentEventBase	3124.1199999999999,19996.130000000001 3466.4000000000001,20014.41
edge:inheritance:db.HrmDeptParentEventBase->db.HrmDeptEventBase	3514.4499999999998,20057.709999999999 2921.5700000000002,20371.330000000002
edge:inheritance:db.HrmDeptStatusEventBase->db.HrmDeptEventBase	3696.1999999999998,21629.790000000001 2877.1999999999998,20445.330000000002
edge:inheritance:db.HrmDocument->db.HrmApprovable	4698.6800000000003,16471.290000000001 6095.0799999999999,17295.650000000001
edge:inheritance:db.HrmEmpAbsenceEvent->db.HrmEmpStatusEventBase	7514.1700000000001,14925.379999999999 7492.3599999999997,15155.84
edge:inheritance:db.HrmEmpAffiliationChangedEvent->db.HrmEmpAffiliationEventBase	5641.7700000000004,16544.490000000002 6129.29,16747.540000000001
edge:inheritance:db.HrmEmpAffiliationEventBase->db.HrmEmpEventBase	6260.4300000000003,16747.540000000001 7204.1899999999996,16442.610000000001
edge:inheritance:db.HrmEmpContractModusignDocument->db.ModusignDocument	24244.080000000002,38053.110000000001 23081.84,20868.130000000001
edge:inheritance:db.HrmEmpDepartedEvent->db.HrmEmpStatusEventBase	8310.1900000000005,14972.82 7611.3500000000004,15173.27
edge:inheritance:db.HrmEmpEmploymentTypeChangedEvent->db.HrmEmpEmploymentTypeEventBase	7379.5200000000004,16637.720000000001 7097.7700000000004,16783.470000000001
edge:inheritance:db.HrmEmpEmploymentTypeEventBase->db.HrmEmpEventBase	7037.5900000000001,16783.470000000001 7250.8100000000004,16442.610000000001
edge:inheritance:db.HrmEmpJobChangedEvent->db.HrmEmpJobEventBase	6702.04,15632.709999999999 6667.5200000000004,15883.139999999999
edge:inheritance:db.HrmEmpJobEventBase->db.HrmEmpEventBase	6693.5900000000001,15957.139999999999 7226.0799999999999,16368.610000000001
edge:inheritance:db.HrmEmpJoinedEvent->db.HrmEmpStatusEventBase	7768.5100000000002,15699.940000000001 7517.6899999999996,15261.84
edge:inheritance:db.HrmEmpReturnToWorkEvent->db.HrmEmpStatusEventBase	7872.4300000000003,14784.02 7535.3900000000003,15155.84
edge:inheritance:db.HrmEmpStatusEventBase->db.HrmEmpEventBase	7517.3299999999999,15261.84 7281.8299999999999,16368.610000000001
edge:inheritance:db.HrmFixedWork->db.HrmWorkBase	5323.8100000000004,18475.939999999999 5289.6099999999997,18617.52
edge:inheritance:db.HrmGrantableLeave->db.HrmLeaveBase	6583.4300000000003,20182.630000000001 6365.9499999999998,20990.860000000001
edge:inheritance:db.HrmLeaveUsage->db.HrmApprovable	8902.0799999999999,18101.380000000001 6343.0799999999999,17393.650000000001
edge:inheritance:db.HrmStaggeredWork->db.HrmWorkBase	4440.1300000000001,19354.040000000001 5199.4899999999998,18739.52
edge:inheritance:db.IBKSignupChannel->db.SignupChannel	24488.349999999999,13408.870000000001 24245.110000000001,13423.32
edge:inheritance:db.IaConsentFormOrMeetingElectronicSignatureRequestModusignDocument->db.ModusignDocument	27538.509999999998,21101.25 23081.84,20849.529999999999
edge:inheritance:db.IaConsentFormOrMeetingElectronicSignatureRequestModusignEmbeddedDraft->db.ModusignEmbeddedDraft	24993.27,23625.560000000001 21881.049999999999,22852.52
edge:inheritance:db.IaConsentFormOrMeetingElectronicSignatureRequiredDocument->db.InvestmentAssociationDocument	31044.360000000001,19767.189999999999 32478.759999999998,19220.950000000001
edge:inheritance:db.IaExpertPartnerBulkEmailTemplate->db.BulkEmailTemplate	19844.740000000002,14680.700000000001 19281.799999999999,14348.209999999999
edge:inheritance:db.IaExplanationFormForElectronicSignatureDocument->db.InvestmentAssociationDocument	32878.879999999997,19403.68 32687.889999999999,19227.490000000002
edge:inheritance:db.IaGpAppointmentEvent->db.InvestmentAssociationEvent	32218.060000000001,17392.360000000001 30653.860000000001,17144.880000000001
edge:inheritance:db.IaGpTerminationEvent->db.InvestmentAssociationEvent	32485.91,17742.759999999998 30650.939999999999,17162.889999999999
edge:inheritance:db.IaMeetingAgendaCustom->db.IaMeetingAgenda	32675.880000000001,20952.200000000001 32407.509999999998,20620.119999999999
edge:inheritance:db.IaMeetingMinutesDocument->db.InvestmentAssociationDocument	32056.689999999999,19936.450000000001 32576.990000000002,19227.490000000002
edge:inheritance:db.IaMeetingNoticeDocument->db.InvestmentAssociationDocument	31707.790000000001,19738.07 32524.220000000001,19227.490000000002
edge:inheritance:db.IaMeetingSealedNoticeDocumentFile->db.FileAttachment	26859.599999999999,19188.07 20541.18,18172.68
edge:inheritance:db.IaModusignDocumentUsageHistory->db.BaseModusignDocumentUsageHistory	25215.970000000001,12998.16 24404.900000000001,12886.57
edge:inheritance:db.IaOwnerAuditLog->db.AuditLog	22890.220000000001,3326.6799999999998 15650.48,5992.1899999999996
edge:inheritance:db.IaPartnerListDocument->db.InvestmentAssociationDocument	32386.240000000002,18794.830000000002 32583.099999999999,19105.490000000002
edge:inheritance:db.IaPaymentLink->db.PaymentLink	25975.02,12109.02 25184.580000000002,12254.280000000001
edge:inheritance:db.IaPfCompanyInvestmentSalesIntent->db.SalesIntent	31098.830000000002,22652.43 32288.200000000001,23656.919999999998
edge:inheritance:db.IaQuestionThread->db.QuestionThread	21677.75,11813.860000000001 20602.299999999999,11199.940000000001
edge:inheritance:db.IaRuleDocument->db.InvestmentAssociationDocument	25578.580000000002,18887.93 32478.759999999998,19160.830000000002
edge:inheritance:db.IaSealStampImage->db.FileAttachment	21358.220000000001,18179.169999999998 20541.18,18126.509999999998
edge:inheritance:db.ImAcVcBroker->db.ImZuzuBroker	27451.360000000001,10668.059999999999 29407.799999999999,10540.309999999999
edge:inheritance:db.ImIndividualGpBroker->db.ImZuzuBroker	29226.5,10724.370000000001 29468.049999999999,10569.6
edge:inheritance:db.ImInvestorBroker->db.ImBroker	31950.450000000001,10646.200000000001 30179.330000000002,10514.1
edge:inheritance:db.ImIrPartnerBroker->db.ImBroker	28952.16,10373.469999999999 29931.330000000002,10490.08
edge:inheritance:db.ImPitchingDay->db.ImDay	30064.23,8892.6200000000008 30662.990000000002,9042.0300000000007
edge:inheritance:db.ImPitchingDayParticipation->db.ImDayParticipation	28799.150000000001,7396.2700000000004 30446.599999999999,8716.3999999999996
edge:inheritance:db.ImZuzuBroker->db.ImBroker	29643.799999999999,10526.42 29931.330000000002,10511.35
edge:inheritance:db.IncorporationRequestAssistanceReceipt->db.FileAttachment	21408.419999999998,16452.009999999998 20489.209999999999,17896.810000000001
edge:inheritance:db.IndividualStakeholder->db.Stakeholder	12300.68,20488.950000000001 11877.33,19264.73
edge:inheritance:db.IndividualStockOptionCancelEvent->db.IndividualInvestorEvent	34601.849999999999,30443.240000000002 33549.599999999999,29683.110000000001
edge:inheritance:db.IndividualStockOptionExerciseEvent->db.IndividualInvestorEvent	34941.5,31731.720000000001 33518.57,29683.110000000001
edge:inheritance:db.IndividualStockOptionGrantEvent->db.IndividualInvestorEvent	33607,27593.939999999999 33489.940000000002,29593.110000000001
edge:inheritance:db.IndividualStockOptionPauseEvent->db.IndividualInvestorEvent	30065.75,28804.59 33363.309999999998,29607.900000000001
edge:inheritance:db.IndividualStockOptionResumeEvent->db.IndividualInvestorEvent	30640.389999999999,31290.57 33409.779999999999,29683.110000000001
edge:inheritance:db.IndividualStockOptionSalesIntent->db.SalesIntent	31081.75,23711.639999999999 32214.009999999998,23695.59
edge:inheritance:db.InputSignupChannel->db.SignupChannel	24538.119999999999,13916.73 24156.290000000001,13471.690000000001
edge:inheritance:db.InstitutionStakeholder->db.Stakeholder	11898.059999999999,21310.869999999999 11828.389999999999,19264.73
edge:inheritance:db.InvestmentAssociationAssociationPartner->db.InvestmentAssociationOrganizationPartner	33030.779999999999,15035.370000000001 34241.349999999999,16087.620000000001
edge:inheritance:db.InvestmentAssociationCorporationPartner->db.InvestmentAssociationOrganizationPartner	35206.309999999998,15091.549999999999 34340.32,16087.620000000001
edge:inheritance:db.InvestmentAssociationOrganizationPartner->db.InvestmentAssociationPartner	34328.019999999997,16185.620000000001 35426.889999999999,17874.07
edge:inheritance:db.InvestmentAssociationOrganizationPartnerCorporationSigner->db.InvestmentAssociationOrganizationPartnerSigner	34711.019999999997,13811.780000000001 34319.459999999999,14003.280000000001
edge:inheritance:db.InvestmentAssociationOrganizationPartnerIndividualSigner->db.InvestmentAssociationOrganizationPartnerSigner	34090.419999999998,13882.16 34190.330000000002,14003.280000000001
edge:inheritance:db.InvestmentAssociationPartnerSalesIntent->db.SalesIntent	33463.839999999997,22206.700000000001 32360.169999999998,23656.919999999998
edge:inheritance:db.InvestmentContractHolder->db.Stakeholder	12128.440000000001,18137.560000000001 11865.549999999999,18950.73
edge:inheritance:db.InvestorRelations->db.InvestorMatching	28291.779999999999,5048.0299999999997 26605.16,8899.8099999999995
edge:inheritance:db.IrClosingComplete->db.IrClosing	29469.25,2009.3199999999999 30351.75,3815.5999999999999
edge:inheritance:db.IrClosingExpired->db.IrClosing	30360.919999999998,4496.6199999999999 30371.080000000002,3897.5999999999999
edge:inheritance:db.IrClosingIncomplete->db.IrClosing	31216.34,3894.6999999999998 30495.779999999999,3862.1900000000001
edge:inheritance:db.IrConsultingRequest->db.ImConsultingRequest	26186.209999999999,7764.4099999999999 25529.75,7055.79
edge:inheritance:db.IrFeed->db.Feed	27563.220000000001,5076.4899999999998 26977.799999999999,3990.1500000000001
edge:inheritance:db.LawtalkSignupAttachment->db.FileAttachment	19339.27,16102.940000000001 20243.650000000001,17896.810000000001
edge:inheritance:db.LegalPartnerSignupChannel->db.SignupChannel	23221.02,13647.4 23997.110000000001,13460.540000000001
edge:inheritance:db.ManualOptionVesting->db.OptionVesting	15592.43,18301.150000000001 15634.639999999999,18249.509999999998
edge:inheritance:db.ManualProduct->db.Product	23463.549999999999,10455.049999999999 23590.009999999998,10551.360000000001
edge:inheritance:db.MeetingAttachment->db.FileAttachment	18640.849999999999,17177.34 20161.18,18010.07
edge:inheritance:db.Mna->db.InvestorMatching	26229.919999999998,8749.0799999999999 26436.799999999999,8899.8099999999995
edge:inheritance:db.MnaConsultingRequest->db.ImConsultingRequest	25100.299999999999,7053.3800000000001 25367.77,7027.0100000000002
edge:inheritance:db.NcpSignupChannel->db.SignupChannel	25103.130000000001,13873.32 24212.07,13471.690000000001
edge:inheritance:db.NewIssueNoticeEmail->db.BulkEmail	12465.129999999999,23174.080000000002 14806.91,16753.57
edge:inheritance:db.NewIssueStockAllocationRecordDateNoticeDocument->db.MeetingDocument	18148.900000000001,25931.869999999999 16073.120000000001,26863.220000000001
edge:inheritance:db.NonUnifiedShareManagementSalesIntent->db.SalesIntent	30096.290000000001,25714.09 32291.060000000001,23730.919999999998
edge:inheritance:db.NonUnifiedShareSucPoaModusignDocument->db.ModusignDocument	23285.360000000001,22174.299999999999 23081.84,20855.900000000001
edge:inheritance:db.OptionExerciseClaimAttachment->db.FileAttachment	13723.91,17110.330000000002 20161.18,18047.98
edge:inheritance:db.OptionExerciseClaimMeetingDocument->db.MeetingDocument	14231.35,21905 15805.1,26746.080000000002
edge:inheritance:db.OptionExerciseManagementEmail->db.BulkEmail	14818.209999999999,15826.940000000001 14685.690000000001,16615.57
edge:inheritance:db.OptionGrantContractCeo->db.OptionGrantContractStakeholder	19660.82,15094.15 19746.200000000001,15154.25
edge:inheritance:db.OptionGrantContractFirstRefusalRightHolder->db.OptionGrantContractStakeholder	20007.830000000002,15100.65 19914.139999999999,15154.25
edge:inheritance:db.OptionGrantContractModusignDocument->db.ModusignDocument	21316.43,19146.419999999998 22809.84,20710.060000000001
edge:inheritance:db.OptionGrantContractModusignEmbeddedDraft->db.ModusignEmbeddedDraft	21392.990000000002,21896.119999999999 21739.029999999999,22768.720000000001
edge:inheritance:db.OptionGrantEvent->db.Event	16088.440000000001,18661.709999999999 16374.15,16319.059999999999
edge:inheritance:db.OptionGrantee->db.Stakeholder	15139.969999999999,19231.209999999999 11989.040000000001,19113.91
edge:inheritance:db.OtherDocumentArchiveAttachment->db.FileAttachment	19995.639999999999,16500.099999999999 20303.130000000001,17896.810000000001
edge:inheritance:db.PageNumberUpdatedPdfEvent->db.PdfEvent	31547.549999999999,9651.4799999999996 31349.490000000002,9614.2999999999993
edge:inheritance:db.PayrollStatementEmail->db.BulkEmail	12780.629999999999,17010.98 14546.91,16753.57
edge:inheritance:db.PerformanceRsuVestingItem->db.RsuVestingItem	15446.18,13690.469999999999 15081.389999999999,13718.18
edge:inheritance:db.PeriodPhantomStockVestingItem->db.PhantomStockVestingItem	10821.190000000001,17892.889999999999 10644.74,17534.25
edge:inheritance:db.PeriodRsuVestingItem->db.RsuVestingItem	15418.02,13572.9 15081.389999999999,13685.959999999999
edge:inheritance:db.PeriodicOptionVesting->db.OptionVesting	15307.99,18277.130000000001 15566.799999999999,18249.509999999998
edge:inheritance:db.PhantomStockGrantee->db.Stakeholder	11261.219999999999,18224.98 11757.73,18950.73
edge:inheritance:db.PhantomStockPauseEvent->db.Event	15942.43,15428.49 16254.129999999999,16101.059999999999
edge:inheritance:db.PhantomStockResumeEvent->db.Event	16166.43,15602.440000000001 16302.41,16101.059999999999
edge:inheritance:db.PingpongDeliveryAddress->db.Address	22837.549999999999,13118.809999999999 23194.34,18493.150000000001
edge:inheritance:db.QuarterlyReportRequestAttachment->db.FileAttachment	25783.959999999999,16927.490000000002 20541.18,18092.48
edge:inheritance:db.QuarterlyReportSignupChannel->db.SignupChannel	26033.91,13447.74 24245.110000000001,13431.799999999999
edge:inheritance:db.QuestionMessageAttachment->db.FileAttachment	21251.900000000001,18032.82 20541.18,18097.09
edge:inheritance:db.RegistrationAssistanceReceipt->db.FileAttachment	21189.540000000001,16311.629999999999 20452.07,17896.810000000001
edge:inheritance:db.RegistrationFormCaptableDocument->db.MeetingDocument	18608.580000000002,25478.610000000001 16073.120000000001,26746.080000000002
edge:inheritance:db.RegularProduct->db.Product	23507.48,10754.32 23609.360000000001,10625.360000000001
edge:inheritance:db.RsuExerciseEvent->db.Event	15806.34,15563.85 16200.33,16101.059999999999
edge:inheritance:db.RsuExerciseManagementEmail->db.BulkEmail	13632.030000000001,16011.059999999999 14546.91,16620.740000000002
edge:inheritance:db.RsuGrantContractModusignDocument->db.ModusignDocument	20908.970000000001,18724.130000000001 22809.84,20712.59
edge:inheritance:db.RsuGrantee->db.Stakeholder	13430.610000000001,16435.73 11917.5,18950.73
edge:inheritance:db.RsuPauseEvent->db.Event	15852.09,16728.16 16178.35,16316.92
edge:inheritance:db.RsuResumeEvent->db.Event	15964.43,16851.110000000001 16267.620000000001,16319.059999999999
edge:inheritance:db.RtccEmail->db.BulkEmail	15058.93,16284.41 14749.389999999999,16615.57
edge:inheritance:db.RtccInvestorFile->db.FileAttachment	18726.779999999999,18030.869999999999 20161.18,18121.5
edge:inheritance:db.SafeCreateEvent->db.Event	17060.16,16882.75 16440.799999999999,16319.059999999999
edge:inheritance:db.SealStampImage->db.FileAttachment	19175.360000000001,16471.610000000001 20192.52,17896.810000000001
edge:inheritance:db.Shareholder->db.Stakeholder	12372.870000000001,23370.240000000002 11843.290000000001,19264.73
edge:inheritance:db.ShareholdersAgreementModusignDocument->db.ModusignDocument	22238.439999999999,20705.310000000001 22809.84,20780.360000000001
edge:inheritance:db.ShareholdersAgreementModusignEmbeddedDraft->db.ModusignEmbeddedDraft	21493.029999999999,23244.099999999999 21723.919999999998,22874.720000000001
edge:inheritance:db.ShareholdersMeetingConvocationNoticeEmail->db.BulkEmail	18107.75,20749.459999999999 14806.91,16753.57
edge:inheritance:db.ShareholdersMeetingConvocationNoticeEmailAttachment->db.FileAttachment	19938.93,19272.27 20337.27,18330.810000000001
edge:inheritance:db.ShareholdersMeetingConvocationNoticeWrittenRecipient->db.ShareholdersMeetingConvocationNoticeRecipient	19985.25,23409.099999999999 19401.650000000001,22766.470000000001
edge:inheritance:db.StockTransferAgreementModusignDocument->db.ModusignDocument	20327.619999999999,20176.200000000001 22809.84,20752.16
edge:inheritance:db.StockTransferAgreementModusignEmbeddedDraft->db.ModusignEmbeddedDraft	20275.869999999999,20619.419999999998 21718.43,22768.720000000001
edge:inheritance:db.SubscriptionModusignDocumentUsageHistory->db.BaseModusignDocumentUsageHistory	28268.259999999998,11456.93 24387.369999999999,12824.17
edge:inheritance:db.UserProfileImage->db.FileAttachment	20966.360000000001,18336.790000000001 20541.18,18183.400000000001
edge:inheritance:db.VentureCapitalPaymentLink->db.PaymentLink	26622.709999999999,11528.58 25184.580000000002,12230.299999999999
edge:inheritance:db.Whitepaper->db.MembershipContent	4031.79,3539.9299999999998 2742.1300000000001,1894.78
edge:inheritance:db.YetsAssistanceCreatorUser->db.YetsAssistanceCreator	13248.299999999999,32418.669999999998 13504.959999999999,32221.43
edge:inheritance:db.YetsAssistanceCreatorYetsEmployee->db.YetsAssistanceCreator	10019.77,32227.32 13435.110000000001,32185.860000000001
edge:inheritance:db.YetsAssistanceMessageFile->db.FileAttachment	22705.540000000001,33936.580000000002 20369.209999999999,18330.810000000001
edge:inheritance:db.YetsEmail->db.BulkEmail	10504.110000000001,20269.98 14555.84,16753.57
edge:inheritance:db.YetsEmployeeFile->db.FileAttachment	23092.740000000002,34588.690000000002 20390.369999999999,18330.810000000001
edge:inheritance:db.YetsEmployeeResultWhtReceipt->db.FileAttachment	22181.25,32022.509999999998 20363.700000000001,18330.810000000001
edge:inheritance:db.ZuzuOptionGrantContractTemplate->db.OptionGrantContractTemplate	19662.09,15352.49 19579.080000000002,15333.120000000001
edge:inheritance:db.ZuzuOptionGrantContractTemplateRevision->db.OptionGrantContractTemplateRevision	20314.029999999999,15480.809999999999 20198.799999999999,15952.73
edge:declared:db.AgendaOptionCancelOptionDistribution:option	15476.969999999999,21374.279999999999 15256.030000000001,21275.130000000001
edge:declared:db.BulkEmail:sender_mail_integration	14628.799999999999,16753.57 14592.129999999999,16926.66
edge:declared:db.Company:sso_configuration	16424.349999999999,10693.66 16146.34,10736.66
edge:declared:db.CompanyDocumentAIAnalysis:file	18803.830000000002,15591.639999999999 20217.84,17896.810000000001
edge:declared:db.CompanySsoEmailDomain:configuration	15362.879999999999,10750.91 15898.34,10743.120000000001
edge:declared:db.CompanySsoIdentity:configuration	15349.98,10921.059999999999 15898.34,10774.469999999999
edge:declared:db.HrmAttendanceLocation:attendance_item	8071.8699999999999,16912.990000000002 8079.6800000000003,17147.060000000001
edge:declared:db.HrmAttendanceLocation:ongoing_attendance	8194.2299999999996,16868.630000000001 8661.8400000000001,16886.150000000001
edge:declared:db.HrmAttendanceLocation:personal_location	8194.2299999999996,16828.130000000001 8302,16803.810000000001
edge:declared:db.HrmAttendanceLocation:work_location	8194.2299999999996,16814.990000000002 6691.6199999999999,14556.76
edge:declared:db.HrmSelectiveWorkPlanConfig:selective_work	5280.9399999999996,19367.549999999999 5339.7700000000004,19009.09
edge:declared:db.HrmSelectiveWorkPlanItem:plan	6295.8199999999997,16990.810000000001 6179.1300000000001,17043.939999999999
edge:declared:db.HrmSelectiveWorkSchedule:selective_work	5521.2299999999996,19144.740000000002 5390.5100000000002,19009.09
edge:declared:db.HrmSelectiveWorkSettlementConfig:selective_work	4825.7600000000002,19367.549999999999 5289,19009.09
edge:declared:db.HrmSlackChannelConfig:integration	3127.9099999999999,15639.370000000001 3123.5799999999999,15895.34
edge:declared:db.HrmSlackIntegration:hrm	3145.6700000000001,15895.34 3627.4299999999998,15528.42
edge:declared:db.IaPartnerWithdrawalEvent:partner	35565.669999999998,17635.080000000002 35520.150000000001,17874.07
edge:declared:db.IncorporationRequestPromoterCustodian:address	22562.23,17938.73 23117.200000000001,18493.150000000001
edge:declared:db.OptionExerciseManagementCommonSetting:management	14974.09,15604.049999999999 14657.719999999999,15429.950000000001
edge:declared:db.OptionExerciseManagementPaymentBankSetting:company	15335.889999999999,11058.559999999999 16424.349999999999,10722.870000000001
edge:declared:db.RsuRsaSealedContractFile:grant_contract	16156.34,13617.33 16276.43,13766.719999999999
edge:declared:db.RtccConsentSummary:source_result	14579,8672.1299999999992 14722.35,7287.1899999999996
edge:declared:db.RtccSummaryAnalysisRequestDocument:request	15201.48,8079.4899999999998 14786.219999999999,6859.1700000000001
edge:declared:db.RtccSummaryAnalysisResult:request	14730.969999999999,7205.1899999999996 14767.889999999999,6859.1700000000001
edge:declared:db.RtccSummaryAnalysisResultDocument:result	15069.360000000001,8311.5200000000004 14739.780000000001,7287.1899999999996
edge:inheritance:db.HrmAttendanceLocation->db.HrmApprovable	7946.2299999999996,16896.060000000001 6343.0799999999999,17310.619999999999
edge:inheritance:db.HrmPersonalLocation->db.HrmApprovable	8302,16795.57 6343.0799999999999,17310.349999999999
edge:inheritance:db.HrmSelectiveWork->db.HrmWorkBase	5335.7600000000002,18919.09 5290.3100000000004,18739.52
edge:inheritance:db.HrmSelectiveWorkPlan->db.HrmApprovable	6144.6300000000001,17125.939999999999 6202.3999999999996,17295.650000000001
edge:inheritance:db.RsaForfeitEvent->db.Event	15989.92,16207.290000000001 16178.35,16202.58
edge:inheritance:db.RsaVestConfirmEvent->db.Event	16600.73,15828.01 16411.240000000002,16101.059999999999
leaf-connection:["db.MeetingDraft","leaf-card:29"]	17353.560000000001,20374.650000000001 17194.400000000001,20640.380000000001
leaf-connection:["db.RegistrationAgenda","leaf-card:43"]	13342.76,22503.200000000001 13248.860000000001,22503.099999999999
leaf-connection:["db.DirectorsMeetingAgenda","leaf-card:32"]	16088.24,21256.349999999999 14811.309999999999,22786.41
leaf-connection:["db.ShareholdersMeetingAgenda","leaf-card:31"]	17793.060000000001,21756.779999999999 18030.450000000001,22313.360000000001
leaf-connection:["db.Company","leaf-card:9"]	22873.889999999999,7445.5299999999997 16804.349999999999,10566.57
leaf-connection:["db.CompanyPromotionPrizeType","leaf-card:0"]	14996.200000000001,5303.5900000000001 16153.25,5556.9399999999996
leaf-connection:["db.AgendaNewIssue","leaf-card:21"]	17638.32,24796.07 16937.619999999999,22836.240000000002
leaf-connection:["db.BranchInstallationEvent","leaf-card:13"]	18860,17701.880000000001 18830.610000000001,17822.029999999999
leaf-connection:["db.BulkEmailRecipientAttachment","leaf-card:14"]	18986.799999999999,18698.709999999999 19672.130000000001,18580.599999999999
leaf-connection:["db.VentureBusinessCertificationExpirationNotificationLog","leaf-card:42"]	18352.23,14649.83 18449.810000000001,14530.43
leaf-connection:["db.Event","leaf-card:46"]	15852.049999999999,15255.280000000001 16223.719999999999,16101.059999999999
leaf-connection:["db.VentureCapital","leaf-card:39"]	28392.599999999999,6047.6099999999997 34062.209999999999,10663.780000000001
leaf-connection:["db.ArticlesOfIncorporation","leaf-card:36"]	17446.029999999999,14170.16 17526.02,14273.59
leaf-connection:["db.AgendaNewIssueItem","leaf-card:22"]	18558.82,26573.34 18630.66,26552.459999999999
leaf-connection:["db.DirectorsMeetingDirectorAttendance","leaf-card:48"]	15700.190000000001,20757.48 15674.27,20705.93
leaf-connection:["db.Employee","leaf-card:15"]	12973.870000000001,12691.5 10772.51,13880.370000000001
leaf-connection:["db.SealCardReturnStatusHistory","leaf-card:16"]	3730.1300000000001,7744.6400000000003 3705.3600000000001,7652.3500000000004
leaf-connection:["db.HrmEmpStatusEventBase","leaf-card:20"]	8266.3199999999997,15487.17 7611.3500000000004,15253.15
leaf-connection:["db.Hrm","leaf-card:5"]	3355.1300000000001,14755.02 3657.2399999999998,15246.42
leaf-connection:["db.HrmEmpJob","leaf-card:19"]	5751.4399999999996,16091.540000000001 5153.0299999999997,15924.459999999999
leaf-connection:["db.HrmLeaveBase","leaf-card:6"]	5866.75,21056.599999999999 6210.3100000000004,21061.799999999999
leaf-connection:["db.IaConsentForm","leaf-card:25"]	33376.019999999997,18235.450000000001 32886.25,18255.150000000001
leaf-connection:["db.IaSealStampImage","leaf-card:24"]	21594.220000000001,18188.18 22171.75,18217.860000000001
leaf-connection:["db.IaUserInvitation","leaf-card:23"]	31209.23,16247.68 31504.560000000001,16858.82
leaf-connection:["db.IaPartnerDataCollection","leaf-card:10"]	24388.490000000002,17390.66 25320.779999999999,17226.73
leaf-connection:["db.InvestmentAssociationIndividualPartnerLegalRepresentative","leaf-card:26"]	33537.300000000003,16498.34 33372.019999999997,16522.580000000002
leaf-connection:["db.ImContactRequestIntention","leaf-card:28"]	28144.259999999998,9500.9799999999996 28323.84,9672.1800000000003
leaf-connection:["db.InvestorMatching","leaf-card:27"]	27342.110000000001,9830.9300000000003 26650.73,9085.8099999999995
leaf-connection:["db.AgendaDirectorChange","leaf-card:45"]	13890.82,22743.279999999999 14378.1,22544.619999999999
leaf-connection:["db.IncorporationRequest","leaf-card:33"]	21596.110000000001,15069.379999999999 21462.369999999999,15075.66
leaf-connection:["db.IncorporationRequestPromoterCustodian","leaf-card:11"]	22361.189999999999,17888.470000000001 22042.290000000001,17998.98
leaf-connection:["db.IndividualInvestorCompanyCeo","leaf-card:12"]	25859.93,22363.18 24981.720000000001,23274.939999999999
leaf-connection:["db.IndividualInvestorCompany","leaf-card:34"]	29153.049999999999,26482.040000000001 29527.630000000001,26227.330000000002
leaf-connection:["db.IrAlertInvestorRelations","leaf-card:47"]	31173.669999999998,6946.0600000000004 31917.790000000001,7753.3999999999996
leaf-connection:["db.InvestorRelations","leaf-card:4"]	29607.919999999998,4966.79 28502.27,4924.8699999999999
leaf-connection:["db.Stakeholder","leaf-card:35"]	10723.65,23485.68 11781.49,19264.73
leaf-connection:["db.LegalPartner","leaf-card:3"]	22250.669999999998,14354.719999999999 21993.369999999999,14086.32
leaf-connection:["db.MeetingDocument","leaf-card:7"]	18307.459999999999,27758.560000000001 16073.120000000001,27003.25
leaf-connection:["db.MembershipContent","leaf-card:2"]	2550,1515.04 2685.7600000000002,1804.78
leaf-connection:["db.Event","leaf-card:8"]	16361.200000000001,12404.01 16330.76,16101.059999999999
leaf-connection:["db.PhantomStockVestingItem","leaf-card:41"]	10669.43,17327.68 10635.68,17452.25
leaf-connection:["db.QuestionThreadMessage","leaf-card:1"]	24644.09,9560.1399999999994 23885.029999999999,9577.25
leaf-connection:["db.AgendaHeadOfficeRelocation","leaf-card:17"]	19563.419999999998,24973.299999999999 18850.990000000002,22003.150000000001
leaf-connection:["db.RsuVestingItem","leaf-card:40"]	14807.120000000001,13535.26 14918.76,13682.6
leaf-connection:["db.SecondaryDeal","leaf-card:18"]	34998.599999999999,3089.3699999999999 34848.529999999999,2992.48
leaf-connection:["db.ShareholdersMeetingAgenda","leaf-card:30"]	17625.169999999998,22092.080000000002 17673.540000000001,21756.779999999999
leaf-connection:["db.ShareholdersMeetingShareholderAttendance","leaf-card:44"]	17209.5,24504.939999999999 17366.919999999998,24042.650000000001
leaf-connection:["db.Subscription","leaf-card:37"]	20612.349999999999,9447.9099999999999 19680.91,9828.3999999999996
leaf-connection:["db.VideoCollection","leaf-card:38"]	18748.209999999999,7846.4300000000003 18791.279999999999,7312.6400000000003
