edge:declared:db.AgendaBonusIssue:certificate_of_payment_for_the_share_file	18252.91,20182.58 20048.87,18649.19
edge:declared:db.AgendaBonusIssue:meeting_draft	18031.41,20301.63 17456.90,20496.16
edge:declared:db.AgendaBonusIssueNewIssueBalanceCertificateFile:agenda_bonus_issue	18848.97,19456.08 18229.64,20182.58
edge:declared:db.AgendaBonusIssueNewIssueMinutesFile:agenda_bonus_issue	19315.64,19323.97 18257.39,20182.58
edge:declared:db.AgendaBonusIssueSharesToIssue:agenda_bonus_issue	17083.22,18876.21 18110.03,20182.58
edge:declared:db.AgendaBonusIssueSharesToIssue:share_class	17025.09,18802.21 16625.07,18292.64
edge:declared:db.AgendaBorrowCapital:meeting_draft	17501.06,20201.81 17381.83,20405.34
edge:declared:db.AgendaBranchChange:address	18128.21,20015.99 22563.75,18979.25
edge:declared:db.AgendaBranchChange:installation_event	18029.84,19995.97 18896.09,18340.00
edge:declared:db.AgendaBranchChange:meeting_draft	17935.63,20093.97 17456.90,20436.02
edge:declared:db.AgendaCashDividends:meeting_draft	16867.63,20558.28 17136.90,20553.30
edge:declared:db.AgendaCeoAddressChange:meeting_draft	14715.98,22044.36 17136.90,20642.96
edge:declared:db.AgendaCeoAddressChangeItem:agenda_ceo_address_change	14057.23,21461.80 14606.49,22044.36
edge:declared:db.AgendaCeoAddressChangeItem:stakeholder	13998.82,21387.80 12786.53,19481.54
edge:declared:db.AgendaChangeOfAoiClassStock:aoi	19428.65,20567.74 19287.57,20564.69
edge:declared:db.AgendaChangeOfAoiCustom:aoi	19732.71,19711.31 19152.18,20495.73
edge:declared:db.AgendaChangeOfAoiCustom:changed_part	19779.54,19629.31 20151.62,18703.97
edge:declared:db.AgendaChangeOfAoiDirectorCompensationRule:aoi	19579.44,20663.76 19287.57,20600.50
edge:declared:db.AgendaChangeOfAoiNumberOfDirectors:aoi	19096.31,20909.92 19102.63,20625.73
edge:declared:db.AgendaChangeOfAoiThirdPartyAllocation:aoi	19155.41,20741.58 19122.52,20625.73
edge:declared:db.AgendaChangeOfArticlesOfIncorporation:_deprecated_changed_part	19139.90,20495.73 20127.63,18703.97
edge:declared:db.AgendaChangeOfArticlesOfIncorporation:meeting_draft	18920.57,20573.16 17456.90,20672.29
edge:declared:db.AgendaCoCeoSystemChange:meeting_draft	16916.66,21048.99 17186.33,20695.34
edge:declared:db.AgendaCompanyNameChange:meeting_draft	17730.98,20888.97 17456.90,20675.16
edge:declared:db.AgendaCustom:meeting_draft	17024.87,20893.72 17182.03,20695.34
edge:declared:db.AgendaDirectorChange:stakeholder	14312.60,22782.08 12760.51,19481.54
edge:declared:db.AgendaDirectorCompensationItem:director_compensation	14174.36,22637.05 16312.94,21832.67
edge:declared:db.AgendaDirectorCompensationItem:stakeholder	14060.64,22637.05 12751.80,19481.54
edge:declared:db.AgendaDirectorCompensationRule:meeting_draft	17376.47,21124.85 17316.98,20695.34
edge:declared:db.AgendaFinancialStatements:audit_report	18331.89,19833.96 20048.87,18621.18
edge:declared:db.AgendaFinancialStatements:meeting_draft	18191.62,19931.96 17456.90,20439.76
edge:declared:db.AgendaHeadOfficeRelocation:address	18807.49,21607.82 22563.75,19048.19
edge:declared:db.AgendaHeadOfficeRelocation:meeting_draft	18661.32,21607.82 17456.90,20674.34
edge:declared:db.AgendaHeadOfficeRelocationAoiChange:meeting_draft	18562.07,22153.86 17411.30,20695.34
edge:declared:db.AgendaMethodOfGivingPublicNoticeChange:daily_newspaper	17708.99,20515.00 18011.10,15194.36
edge:declared:db.AgendaMethodOfGivingPublicNoticeChange:meeting_draft	17521.66,20570.32 17456.90,20642.44
edge:declared:db.AgendaNewIssue:financial_statements	17120.25,22275.97 20060.27,18703.97
edge:declared:db.AgendaNewIssue:meeting_draft	17061.87,22275.97 17277.15,20695.34
edge:declared:db.AgendaNewIssueItem:new_issue	19411.41,25315.16 17118.23,22445.97
edge:declared:db.AgendaNewIssueItemFromConversion:new_issue_item	19411.90,25767.38 19454.72,25445.16
edge:declared:db.AgendaNewIssueItemFromPayment:new_issue_item	19064.86,25490.84 19333.36,25416.27
edge:declared:db.AgendaNewIssueItemInstitutionMember:institution	20753.81,25947.16 19681.33,24969.16
edge:declared:db.AgendaNewIssueItemInstitutionMemberCeo:member	19914.85,25567.31 20716.31,25947.16
edge:declared:db.AgendaNewIssueItemShareClass:item	19060.20,25213.61 19333.36,25326.46
edge:declared:db.AgendaNewIssueItemShareholder:item	19626.11,24969.16 19489.10,25315.16
edge:declared:db.AgendaNewIssueNewShareClass:new_issue	17326.92,22392.96 17186.29,22376.69
edge:declared:db.AgendaNewOptionsRule:meeting_draft	17423.03,21002.47 17337.35,20695.34
edge:declared:db.AgendaNewOrChangeRsuRule:meeting_draft	17453.86,20846.60 17373.72,20695.34
edge:declared:db.AgendaOptionCancel:meeting_draft	16270.24,20904.06 17136.90,20577.33
edge:declared:db.AgendaOptionCancelGrantee:option_cancel	15685.43,20903.35 16022.24,20921.68
edge:declared:db.AgendaOptionCancelGrantee:option_grantee	15558.99,20855.49 15541.54,19220.79
edge:declared:db.AgendaOptionCancelOption:_deprecated_grantee	15762.33,21016.56 15628.71,20937.49
edge:declared:db.AgendaOptionCancelOption:option_cancel	15931.51,21016.56 16026.86,20977.43
edge:declared:db.AgendaOptionCancelOptionDistribution:option	15738.86,21164.88 15796.18,21098.56
edge:declared:db.AgendaOptionExercise:meeting_draft	14755.76,21841.11 17136.90,20631.61
edge:declared:db.AgendaOptionExerciseClaim:option_exercise	14803.29,21482.52 14676.60,21841.11
edge:declared:db.AgendaOptionExerciseClaim:option_exercise_claim	14804.55,21400.52 13661.13,17857.06
edge:declared:db.AgendaOptionExerciseGrantee:option_exercise	15191.82,21365.17 14709.00,21841.11
edge:declared:db.AgendaOptionExerciseGrantee:option_grantee	15243.80,21275.17 15532.91,19220.79
edge:declared:db.AgendaOptionExerciseGranteeOption:grantee	15217.91,21704.78 15235.18,21365.17
edge:declared:db.AgendaOptionGrant:meeting_draft	16677.94,19741.80 17185.90,20405.34
edge:declared:db.AgendaOptionGrantGrantee:_deprecated_option_grant_event	15994.38,19145.13 16219.57,18589.07
edge:declared:db.AgendaOptionGrantGrantee:option_grant	16039.74,19243.13 16583.60,19651.80
edge:declared:db.AgendaOptionGrantGrantee:option_grantee	15850.53,19185.45 15670.93,19172.89
edge:declared:db.AgendaOptionGrantGrantee:stakeholder	15850.53,19199.05 12852.68,19317.96
edge:declared:db.AgendaPurposeChange:meeting_draft	18162.98,21645.39 17411.58,20695.34
edge:declared:db.AgendaPurposeChangeItem:agenda_purpose_change	18136.96,21877.65 18182.88,21727.39
edge:declared:db.AgendaRsuGrant:meeting_draft	16691.60,20725.08 17136.90,20568.97
edge:declared:db.AgendaRsuGrantGrantee:rsu	14937.92,18087.11 16000.08,15338.45
edge:declared:db.AgendaRsuGrantGrantee:rsu_grant	14946.63,18169.11 16467.23,20707.99
edge:declared:db.AgendaRsuGrantGrantee:stakeholder	14845.31,18169.11 12852.68,19233.37
edge:declared:db.AgendaSubsidiaryEstablishment:meeting_draft	16704.57,21512.55 17207.64,20695.34
edge:declared:db.AgendaTemplate:company	23193.48,8416.32 17154.62,12342.97
edge:declared:db.AiPayrollLedger:payroll	7845.43,5338.72 8879.68,4949.87
edge:declared:db.AlimtalkActivityRecipient:activity	30835.01,14331.59 31347.38,14144.82
edge:declared:db.AlimtalkActivityRecipientStatusHistory:recipient	30686.05,14462.19 30705.84,14413.59
edge:declared:db.AllocatedSeat:stakeholder	11234.36,13426.76 12648.02,19167.54
edge:declared:db.Announcement:company_set	20561.03,12266.01 17154.62,12455.92
edge:declared:db.Announcement:subscription_plan_set	20623.50,12218.10 20490.66,12129.58
edge:declared:db.AnnualSalary:employee	12585.21,14978.72 11784.96,15035.75
edge:declared:db.AnnualSalary:ledger	12821.21,14988.22 13485.23,15088.98
edge:declared:db.Article:third_party_provider	20125.74,19695.78 20119.68,19871.00
edge:declared:db.Article:thumbnail_image	20131.08,19613.78 20218.12,18703.97
edge:declared:db.ArticlePublishHistory:article	20242.82,19754.05 20174.93,19695.78
edge:declared:db.ArticlesOfIncorporation:_deprecated_daily_newspaper	17843.58,15257.22 17946.38,15194.36
edge:declared:db.ArticlesOfIncorporation:articles_of_incorporation_file	17795.08,15371.22 20068.67,18269.97
edge:declared:db.ArticlesOfIncorporation:company	17734.64,15257.22 17024.50,12683.51
edge:declared:db.ArticlesOfIncorporation:source_meeting	17752.90,15371.22 17845.60,17463.80
edge:declared:db.ArticlesOfIncorporationAnalyzationRequest:company	14979.36,7965.84 16868.90,12249.51
edge:declared:db.ArticlesOfIncorporationAnalyzationResult:request	13319.72,7976.96 14780.54,7934.18
edge:declared:db.AuditLog:actor_api_key	18715.08,6174.64 18197.78,7465.80
edge:declared:db.AvailableModusignRequest:company	21318.15,20580.00 17081.06,12683.51
edge:declared:db.AvailableModusignRequest:modusign_account	21361.88,20580.00 21410.13,20505.26
edge:declared:db.BalanceCertificateDocument:new_issue_agenda	15382.27,22445.61 16914.29,22367.87
edge:declared:db.BalanceCertificateDocument:option_exercise_agenda	15185.47,22412.50 14708.65,21939.11
edge:declared:db.BaseModusignDocumentUsageHistory:modusign_document	23482.20,13792.20 22462.81,20558.85
edge:declared:db.BaseModusignDocumentUsageHistory:purchase	23332.88,13757.15 22057.74,13805.97
edge:declared:db.BranchAbolitionEvent:installation_event	18837.76,18131.39 18895.94,18242.00
edge:declared:db.BranchChangeEvent:address	19405.56,18532.63 22563.75,18924.16
edge:declared:db.BranchChangeEvent:installation_event	19216.35,18476.26 18999.65,18340.00
edge:declared:db.BranchInstallationEvent:address	19045.72,18312.31 22563.75,18916.79
edge:declared:db.BulkEmail:sender_mail_integration	15128.96,17202.39 14951.29,17135.95
edge:declared:db.BulkEmail:template_revision	15388.96,17213.54 17672.39,16555.47
edge:declared:db.BulkEmailCommonAttachment:bulk_email	16953.73,17379.13 15388.96,17260.83
edge:declared:db.BulkEmailRecipient:bulk_email	17789.38,19064.66 15355.23,17320.00
edge:declared:db.BulkEmailRecipient:email_activity_recipient	17965.48,19178.66 23649.84,23064.19
edge:declared:db.BulkEmailRecipientAttachment:recipient	18708.30,18855.48 18012.49,19079.76
edge:declared:db.BulkEmailTemplateRevision:template	17831.25,16483.83 19201.48,15179.34
edge:declared:db.BusinessPlan:company	15568.53,11975.94 16774.62,12399.75
edge:declared:db.BusinessPlanAiAnalysis:business_plan_ai_review	14144.48,11163.46 15315.10,11753.84
edge:declared:db.BusinessPlanAiAnalysisItem:ai_analysis_feedback	12876.48,10539.60 12613.80,10401.16
edge:declared:db.BusinessPlanAiAnalysisItem:business_plan_ai_analysis	13038.17,10621.60 13995.41,11089.46
edge:declared:db.BusinessPlanAiAnalysisItemImprovement:ai_analysis_feedback	12569.51,10496.90 12550.81,10401.16
edge:declared:db.BusinessPlanAiAnalysisItemImprovement:business_plan_ai_analysis_item	12748.23,10555.11 12821.28,10564.15
edge:declared:db.BusinessPlanAiReview:business_plan	15415.41,11835.84 15446.07,11901.94
edge:declared:db.BusinessPlanAiReview:company	15492.13,11835.84 16774.62,12385.13
edge:declared:db.BusinessRegistrationCertificate:company	22885.37,8792.01 17154.62,12348.59
edge:declared:db.CaptableRequest:captable_file	18347.98,15387.93 20101.19,18269.97
edge:declared:db.CaptableRequest:company	18291.51,15305.93 17066.03,12683.51
edge:declared:db.CashIncentive:category	13333.01,13874.44 14558.69,13423.30
edge:declared:db.CashIncentive:employee	13164.36,13956.44 11784.01,14944.87
edge:declared:db.CashIncentiveCategory:company	14751.95,13349.30 16774.62,12542.31
edge:declared:db.CashIncentiveItem:cash_incentive	13017.29,13950.69 13097.62,13936.83
edge:declared:db.CashPayment:purchase	22006.42,14078.50 21947.78,13916.64
edge:declared:db.CeoAddressChangeEvent:director	16955.62,15966.64 17338.08,16370.13
edge:declared:db.Charge:credit	20238.25,13684.48 20406.01,13820.12
edge:declared:db.Charge:meeting	20163.21,13684.48 17920.22,17463.80
edge:declared:db.CmeBulkEmail:cme	18217.46,16505.41 19868.72,14548.89
edge:declared:db.CmeBulkEmailRecipient:_deprecated_cme_bulk_email	18712.86,16641.99 18306.86,16568.77
edge:declared:db.CmeBulkEmailRecipient:cme_company	18841.49,16623.35 19121.05,14147.59
edge:declared:db.CmeBulkEmailTemplate:cme	19780.58,15039.99 19911.70,14548.89
edge:declared:db.CmeCompany:company	19051.58,14033.59 17154.62,12609.18
edge:declared:db.CmeCompany:company_managing_entity	19242.87,14147.59 19793.58,14419.66
edge:declared:db.CmeCompany:contact_set	19246.17,14147.59 20196.09,14603.83
edge:declared:db.CmeCompanyContact:cme_company	19485.20,14163.64 19257.49,14117.14
edge:declared:db.CmeCompanyContactNotificationSettings:cme_company_contact	19582.71,14108.06 19593.69,14150.74
edge:declared:db.CmeCompanyDirectorTermManagement:cme_company	19466.14,13992.05 19257.49,14052.76
edge:declared:db.CmeCompanyNote:cme_company	19202.94,13898.34 19149.86,14033.59
edge:declared:db.CmeCompanyRegistration:cme_contact	20223.69,14735.89 20255.62,14693.83
edge:declared:db.CmeCompanyRegistration:company_managing_entity	20154.92,14735.89 19983.25,14548.89
edge:declared:db.CmeCompanyRegistrationFile:cme_company_registration	20297.67,14859.91 20244.47,14817.89
edge:declared:db.CmeContact:company_managing_entity	20189.87,14603.83 20053.58,14542.44
edge:declared:db.CmeMemberRelation:company_managing_entity	20232.98,14465.66 20053.58,14476.23
edge:declared:db.Company:sso_configuration	16774.62,12482.77 16377.37,12516.75
edge:declared:db.CompanyAddressChangeEvent:address	19485.89,18400.32 22563.75,18917.38
edge:declared:db.CompanyAppointedTransferAgentChange:company	20934.35,9383.61 17154.62,12318.96
edge:declared:db.CompanyAuthorizedSharesChange:company	22334.47,9477.42 17154.62,12360.75
edge:declared:db.CompanyBenefit:company	18624.02,8787.26 17062.49,12249.51
edge:declared:db.CompanyBulkEmailTemplate:company	18830.66,14449.17 17154.62,12668.38
edge:declared:db.CompanyCreateAssignmentReadiness:company	18342.30,9451.84 17063.79,12249.51
edge:declared:db.CompanyCreateProgress:company_create_request	22249.75,16731.64 22155.48,16726.66
edge:declared:db.CompanyCreateRequest:address	22045.72,16784.79 22678.83,18818.25
edge:declared:db.CompanyCreateRequest:articles_of_incorporation_attachment	21959.77,16784.79 20428.87,18299.04
edge:declared:db.CompanyCreateRequest:company	21948.14,16654.79 17154.62,12626.19
edge:declared:db.CompanyDepartment:department_code	12544.84,14084.79 12497.99,14042.47
edge:declared:db.CompanyDepartmentCode:organization_chart	12567.75,13953.36 14231.79,13415.14
edge:declared:db.CompanyDocumentAIAnalysis:company	19096.10,15915.53 17098.73,12683.51
edge:declared:db.CompanyDocumentAIAnalysis:file	19139.55,15997.53 20143.05,18269.97
edge:declared:db.CompanyDocumentDelivery:company	18380.13,12552.48 17154.62,12478.05
edge:declared:db.CompanyEndorsement:company	23586.67,6923.18 17154.62,12307.46
edge:declared:db.CompanyEndorsementFeed:company_endorsement	24147.86,6477.58 23677.68,6849.18
edge:declared:db.CompanyExpertClientRelation:company	20847.99,14467.72 17154.62,12564.42
edge:declared:db.CompanyExpertClientRelation:expert_client	20934.09,14541.72 20966.37,14625.26
edge:declared:db.CompanyFeed:company	25223.59,3723.80 17154.62,12265.38
edge:declared:db.CompanyFeedAccessLog:company_feeds	34766.82,3986.60 25397.66,3674.93
edge:declared:db.CompanyFeedAccessLog:venture_capital	34874.58,4027.53 32598.21,12250.52
edge:declared:db.CompanyFeedRating:company_feed	26762.14,3647.39 25397.66,3668.85
edge:declared:db.CompanyGuideState:company	19001.34,12709.47 17154.62,12489.18
edge:declared:db.CompanyInvestmentContractInfo:company	18627.48,12822.63 17154.62,12507.20
edge:declared:db.CompanyInvestorInterest:company	27258.20,8288.00 17154.62,12390.97
edge:declared:db.CompanyInvestorInterest:venture_capital	27394.94,8288.00 32357.46,12311.99
edge:declared:db.CompanyInvitation:invitee	20158.44,9371.53 17154.62,12282.39
edge:declared:db.CompanyIrClosingFeed:investor_relations	26389.46,6303.24 27225.34,7455.18
edge:declared:db.CompanyIrNewCommitFeed:investor_relations	26791.32,6162.31 27271.08,7455.18
edge:declared:db.CompanyIrOpenFeed:investor_relations	26914.79,5638.31 27292.16,7455.18
edge:declared:db.CompanyIrSetting:company	20360.08,9172.45 17154.62,12282.18
edge:declared:db.CompanyLegalPartnerRelation:company	21402.68,14388.89 17154.62,12548.81
edge:declared:db.CompanyLegalPartnerRelation:legal_partner	21496.89,14462.89 21537.00,14631.67
edge:declared:db.CompanyManagementAssignment:company	18328.07,9003.53 17047.58,12249.51
edge:declared:db.CompanyManagingEntity:expert_client	20053.58,14507.20 20861.31,14652.02
edge:declared:db.CompanyManagingEntity:expert_partner	20053.58,14505.47 21412.71,14731.10
edge:declared:db.CompanyManagingEntity:holding_company	19944.22,14418.89 19957.56,14376.87
edge:declared:db.CompanyMethodOfGivingPublicNoticeChange:company	17572.35,14576.04 17026.09,12683.51
edge:declared:db.CompanyMethodOfGivingPublicNoticeChange:daily_newspaper	17612.50,14650.04 17980.77,15112.36
edge:declared:db.CompanyMnaSetting:company	20083.35,8841.85 17151.33,12249.51
edge:declared:db.CompanyNameChange:company	14789.25,10909.21 16774.62,12330.49
edge:declared:db.CompanyNews:company	18170.82,8854.19 17037.08,12249.51
edge:declared:db.CompanyNewsFeed:company_news	20752.18,7487.97 18263.95,8772.19
edge:declared:db.CompanyNewsLink:company_news	18790.34,7767.92 18208.27,8772.19
edge:declared:db.CompanyNotificationSetting:company	16320.36,11608.47 16801.69,12249.51
edge:declared:db.CompanyNotificationTrigger:notification_setting	15972.74,11035.81 16270.49,11534.47
edge:declared:db.CompanyOptionRule:company	18386.19,12939.50 17154.62,12529.73
edge:declared:db.CompanyOverview:company	17384.59,9072.29 16991.47,12249.51
edge:declared:db.CompanyOwnerAddRequest:company	20434.02,9965.28 17154.62,12329.53
edge:declared:db.CompanyOwnerAuditLog:company	12320.38,8173.67 16774.62,12290.89
edge:declared:db.CompanyOwnerAuditLogOwnerRoleRelation:company_owner_audit_log	11668.78,8056.92 12152.02,8117.20
edge:declared:db.CompanyOwnerAuditLogOwnerRoleRelation:owner_role	11503.78,8072.03 12352.07,11062.43
edge:declared:db.CompanyOwnerNotificationTrigger:trigger	15890.27,11192.14 15939.10,11035.81
edge:declared:db.CompanyParValueChange:_deprecated_articles_of_incorporation	17626.91,15071.17 17721.42,15257.22
edge:declared:db.CompanyParValueChange:company	17598.85,14997.17 17019.00,12683.51
edge:declared:db.CompanyPaymentLink:company	21700.28,12206.22 17154.62,12456.07
edge:declared:db.CompanyPolicyFile:company	20593.53,8601.83 17154.62,12264.17
edge:declared:db.CompanyProfileAccessLog:company	27196.10,8513.52 17154.62,12393.10
edge:declared:db.CompanyProfileAccessLog:venture_capital	27340.68,8513.52 32357.46,12316.05
edge:declared:db.CompanyPromotionWinLog:company	15708.26,8233.50 16900.22,12249.51
edge:declared:db.CompanyPromotionWinLog:prize_type	15820.09,8184.58 16506.76,8140.73
edge:declared:db.CompanyPromotionWinLog:promotion	15748.62,8233.50 16224.87,8605.24
edge:declared:db.CompanyPurposeChange:company	17585.01,14133.34 17045.39,12683.51
edge:declared:db.CompanyPurposeChangeItem:company_purpose_change	17730.12,14442.25 17616.65,14207.34
edge:declared:db.CompanyPurposeChangeItem:industrial_code	17764.54,14516.25 17848.80,14704.62
edge:declared:db.CompanyQuestionThread:company	18985.06,14210.59 17154.62,12630.52
edge:declared:db.CompanyQuestionThread:expert_partner	19230.16,14325.78 21412.71,14728.27
edge:declared:db.CompanyRegistrationAssignment:company	21431.35,9977.78 17154.62,12360.65
edge:declared:db.CompanyRegistrationAssignmentLog:company	20005.77,11855.07 17154.62,12428.31
edge:declared:db.CompanyRsuRule:_deprecate_articles_of_incorporation	17668.74,15213.50 17704.18,15257.22
edge:declared:db.CompanyRsuRule:company	17629.53,15139.50 17017.13,12683.51
edge:declared:db.CompanySsoEmailDomain:configuration	15292.07,12504.72 16129.37,12524.44
edge:declared:db.CompanySsoIdentity:configuration	15926.77,12622.67 16129.37,12563.54
edge:declared:db.CompanyStockTransferRestrictedChange:company	17857.22,9000.90 17020.51,12249.51
edge:declared:db.CompanyStockValue:company	20825.34,10490.97 17154.62,12369.29
edge:declared:db.CompanyTag:company_set	21794.30,9195.56 17154.62,12337.83
edge:declared:db.CompanyTanTableView:company	13113.21,10055.47 16774.62,12347.57
edge:declared:db.CompanyTodo:company	22388.13,9847.16 17154.62,12374.75
edge:declared:db.CompanyUpdateRequest:change_detection	18473.88,14076.29 18490.04,14408.24
edge:declared:db.CompanyUpdateRequest:company	18432.49,13994.29 17154.62,12664.26
edge:declared:db.CompanyUpdateRequest:company_question_thread	18567.49,14076.29 18946.16,14238.69
edge:declared:db.CompanyUserRelation:company	11103.21,12371.80 16774.62,12463.44
edge:declared:db.CompanyUserRelation:stakeholder	10991.24,12418.80 12648.14,19167.54
edge:declared:db.CompanyUserRelationOwnerRoleRelation:company_user_relation	11700.40,11588.14 11024.42,12320.80
edge:declared:db.CompanyUserRelationOwnerRoleRelation:owner_role	11787.67,11514.14 12295.61,11160.43
edge:declared:db.ConsentForm:investor	25305.98,36661.19 13259.22,22796.06
edge:declared:db.ConsentForm:item	25336.21,36661.19 22868.69,26867.93
edge:declared:db.ConsentForm:uploaded_consent_form_file	25334.82,36661.19 20299.98,18703.97
edge:declared:db.ConsentFormModusignDocument:consent_form	25348.51,35773.99 25348.55,36661.19
edge:declared:db.ConsentFormModusignEmbeddedDraft:consent_form	22574.18,23842.95 25337.99,36661.19
edge:declared:db.CorporateRegistration:attachment	19001.24,15660.65 20143.85,18269.97
edge:declared:db.CorporateRegistration:company	18948.38,15562.65 17103.66,12683.51
edge:declared:db.CorporateRegistrationChangeConfirmation:change_detection	18665.36,14336.70 18562.72,14408.24
edge:declared:db.CorporateRegistrationChangeConfirmation:staff_review_required_question_thread	18889.95,14299.65 18946.16,14299.63
edge:declared:db.CorporateRegistrationChangeDetection:company	18454.81,14408.24 17131.16,12683.51
edge:declared:db.CorporateRegistrationChangeDetection:xml_file	18513.66,14506.24 20144.83,18269.97
edge:declared:db.CorporateRegistrationChangeDetectionParseResult:change_detection	18549.06,14193.86 18502.96,14408.24
edge:declared:db.CorporateRegistrationExtractionLog:corporate_registration_issue_log	20303.94,16046.65 20432.90,15884.44
edge:declared:db.CorporateRegistrationIssueCoupon:company	18583.56,13516.63 17154.62,12606.79
edge:declared:db.CorporateRegistrationIssueCouponIssueLog:coupon	18974.40,13765.79 18712.25,13598.63
edge:declared:db.CorporateRegistrationIssueCouponUseRequest:coupon	19257.85,14641.41 18671.02,13598.63
edge:declared:db.CorporateRegistrationIssueCouponUseResult:corporate_registration	19188.26,15595.85 19103.78,15602.26
edge:declared:db.CorporateRegistrationIssueCouponUseResult:log	19556.76,15622.27 20331.35,15802.71
edge:declared:db.CorporateRegistrationIssueCouponUseResult:request	19376.13,15540.27 19282.85,14715.41
edge:declared:db.CorporateRegistrationIssueLog:_deprecated_staff_review_required_question_thread	20427.70,15786.44 19168.34,14388.59
edge:declared:db.CorporateRegistrationIssueLog:pdf_file	20467.54,15884.44 20257.94,18269.97
edge:declared:db.CorporateRegistrationIssueMaintenance:third_party_api_notice	29446.82,15830.26 28922.56,15812.21
edge:declared:db.CorporateRegistrationIssueRequest:delivery	19215.60,12490.52 19319.37,12448.50
edge:declared:db.CorporateRegistrationPaidIssue:company	19947.17,13809.14 17154.62,12552.04
edge:declared:db.CorporateRegistrationPaidIssue:corporate_registration	20013.61,13891.14 19009.22,15562.65
edge:declared:db.CorporationPostRegistrationEmail:company	15089.23,7652.40 16880.09,12249.51
edge:declared:db.CorporationPostRegistrationScheduledEmail:corporation_post_registration_email	16227.37,7721.43 15220.32,7628.79
edge:declared:db.CorporationPostRegistrationScheduledEmailPeriodicTaskRelation:corporation_post_registration_scheduled_email	16133.66,7626.57 16318.33,7701.22
edge:declared:db.Credit:company	20349.15,13820.12 17154.62,12542.50
edge:declared:db.CreditCard:company	22822.84,13369.51 17154.62,12495.80
edge:declared:db.CreditCard:investment_association	23013.52,13437.62 27213.38,16524.28
edge:declared:db.CreditCard:legal_partner	22897.41,13437.62 21692.81,14631.67
edge:declared:db.CreditCard:venture_capital	23070.84,13376.57 32357.46,12473.41
edge:declared:db.CreditUse:credit	21318.79,13903.91 20585.67,13870.73
edge:declared:db.CreditUse:purchase	21554.79,13884.90 21761.74,13842.18
edge:declared:db.CsAgentResponse:inquiry_thread_message	23485.51,11403.24 22952.31,11442.36
edge:declared:db.CsAgentResponseFeedBack:cs_agent_response	23916.39,11337.81 23733.51,11371.38
edge:declared:db.DebtConfirmationAndOffsetContractDocument:new_issue_item	18259.10,25300.27 19333.36,25371.54
edge:declared:db.DepartmentStaffUserRelation:department	18333.43,31815.04 16423.26,32255.76
edge:declared:db.DirectorAppointmentEvent:director	17054.58,16291.27 17271.28,16384.57
edge:declared:db.DirectorCompensationDecisionEvent:director	17302.36,16821.22 17387.02,16516.13
edge:declared:db.DirectorCompensationLimitEvent:director	17272.88,16648.76 17359.57,16516.13
edge:declared:db.DirectorTermEndEvent:appointment_event	17053.32,16373.23 16990.69,16291.27
edge:declared:db.DirectorTermEndEvent:director	17208.64,16425.34 17271.28,16430.95
edge:declared:db.DirectorVote:agenda	16280.77,20711.17 16410.25,20917.80
edge:declared:db.DirectorVote:attended_director	16218.89,20637.17 16108.86,20531.95
edge:declared:db.DirectorVotingRightsPerAgenda:agenda	15989.26,20775.44 16326.53,20941.07
edge:declared:db.DirectorVotingRightsPerAgenda:director	15932.92,20701.44 16019.97,20531.95
edge:declared:db.DirectorsMeeting:chairperson	16468.07,20236.73 16149.46,20417.95
edge:declared:db.DirectorsMeeting:meeting	16605.29,20114.73 17793.28,17697.80
edge:declared:db.DirectorsMeeting:sealed_meeting_minutes_file	16705.31,20115.81 20048.87,18574.55
edge:declared:db.DirectorsMeetingAgenda:agenda_bonus_issue	16610.53,20947.68 18031.41,20316.04
edge:declared:db.DirectorsMeetingAgenda:agenda_branch_change	16610.53,20921.49 17926.30,20093.97
edge:declared:db.DirectorsMeetingAgenda:agenda_co_ceo_system_change	16610.53,21037.77 16761.40,21066.43
edge:declared:db.DirectorsMeetingAgenda:agenda_custom	16610.53,20990.18 16868.39,20952.73
edge:declared:db.DirectorsMeetingAgenda:agenda_director_change	16359.89,21103.80 14399.43,22782.08
edge:declared:db.DirectorsMeetingAgenda:agenda_director_compensation_decision	16464.23,21103.80 16434.66,21742.67
edge:declared:db.DirectorsMeetingAgenda:agenda_financial_statements	16610.53,20921.53 18184.58,19931.96
edge:declared:db.DirectorsMeetingAgenda:agenda_head_office_relocation	16610.53,21051.62 18600.21,21623.59
edge:declared:db.DirectorsMeetingAgenda:agenda_new_issue	16508.60,21103.80 17013.67,22275.97
edge:declared:db.DirectorsMeetingAgenda:agenda_option_cancel	16326.53,20974.51 16270.24,20960.12
edge:declared:db.DirectorsMeetingAgenda:agenda_rsu_grant	16544.90,20917.80 16599.70,20797.99
edge:declared:db.DirectorsMeetingAgenda:agenda_shareholders_meeting_convocation	16569.10,21103.80 16792.25,21310.14
edge:declared:db.DirectorsMeetingAgenda:agenda_subsidiary_establishment	16504.65,21103.80 16663.41,21512.55
edge:declared:db.DirectorsMeetingAgenda:meeting	16480.42,20917.80 16567.51,20236.73
edge:declared:db.DirectorsMeetingDirectorAttendance:stakeholder	15884.25,20418.50 12852.68,19381.33
edge:declared:db.DirectorsMeetingNoticeEmail:directors_meeting	16659.13,19174.76 16580.42,20114.73
edge:declared:db.DirectorsMeetingNoticeEmailRecipient:director	16974.51,19337.35 16095.61,20417.95
edge:declared:db.DirectorsMeetingNoticeEmailRecipient:email	16920.79,19255.35 16749.63,19174.76
edge:declared:db.DocumentDelivery:delivery	19670.43,12607.27 20090.15,12423.34
edge:declared:db.DocumentDeliveryQuestionThreadRelation:document_delivery	19953.94,12636.91 19700.87,12644.53
edge:declared:db.DocumentDeliveryQuestionThreadRelation:question_thread	20296.94,12644.02 20355.29,12648.20
edge:declared:db.DocumentParseResult:attachment	19939.91,16883.72 19927.74,17030.93
edge:declared:db.DormantUserEmail:user	5118.93,30184.37 3994.36,31157.77
edge:declared:db.DormantUserPhone:user	4524.61,29620.53 3962.00,31157.77
edge:declared:db.DormantUserReactivationToken:user	5253.19,30317.38 4007.75,31157.77
edge:declared:db.ESOP:company	12326.16,16384.15 16774.62,12626.98
edge:declared:db.ESOP:shareholder	12267.23,16498.15 13193.45,22666.06
edge:declared:db.ESOPParticipant:esop	12107.20,16040.01 12237.15,16384.15
edge:declared:db.EditableCompanyOwnerAuditLog:company	23682.17,9372.01 17154.62,12378.98
edge:declared:db.ElectronicCertificate:company	17782.63,16942.01 17004.28,12683.51
edge:declared:db.ElectronicCertificate:director	17720.95,16942.01 17512.22,16516.13
edge:declared:db.ElectronicCertificateApplicationFormDocument:stakeholder	11817.75,25558.91 12664.80,19481.54
edge:declared:db.ElectronicCertificateCaseReportDocument:stakeholder	11789.88,23871.83 12655.72,19481.54
edge:declared:db.ElectronicCertificateFileDownloadHistory:file_uploaded	18544.16,17260.76 18449.86,17210.26
edge:declared:db.ElectronicCertificateFileUploadRequest:electronic_certificate	17988.44,17006.72 17914.85,16999.38
edge:declared:db.ElectronicCertificateFileUploaded:file_upload_request	18326.10,17136.26 18214.62,17060.83
edge:declared:db.ElectronicCertificateReturnRequest:electronic_certificate	21185.51,19055.24 17914.85,17032.01
edge:declared:db.ElectronicCertificateReturnRequest:recipient_address	21398.32,19076.53 22563.75,18956.83
edge:declared:db.EmailActivityRecipient:email_activity	23723.99,23162.19 23848.97,25638.19
edge:declared:db.EmailActivityRecipientStatusHistory:recipient	24056.68,24590.59 23732.64,23162.19
edge:declared:db.EmailVerification:email	23516.23,4779.00 23091.35,4553.93
edge:declared:db.Employee:department_code_set	11719.81,14944.87 12406.47,14042.47
edge:declared:db.Employee:group_set	11784.96,14967.30 13716.61,13917.18
edge:declared:db.EmployeeDepartmentCodeRelation:department_code	12034.30,14303.50 12379.04,14042.47
edge:declared:db.EmployeeDepartmentCodeRelation:employee	11967.48,14377.50 11692.00,14944.87
edge:declared:db.EmployeeGroup:company	13867.81,13843.18 16774.62,12549.63
edge:declared:db.EmployeeNumber:company	13837.44,13990.22 16774.62,12559.09
edge:declared:db.EmployeeNumber:employee	13684.56,14064.22 11784.96,14977.59
edge:declared:db.EmployeeOption:company	13067.57,12782.78 16774.62,12481.93
edge:declared:db.EmployeeOption:grantee	12887.79,12845.84 11985.28,13703.36
edge:declared:db.EmployeeOptionExerciseCandidate:management	13937.72,13280.28 14464.26,13576.24
edge:declared:db.EmployeeOptionExerciseCandidate:option	13764.69,13190.28 13053.07,12845.84
edge:declared:db.EmployeeOptionExerciseCandidate:option_exercise_claim	14005.66,13201.72 14584.09,13070.54
edge:declared:db.EmployeeOptionExerciseCandidateFile:candidate	13437.60,12879.89 13804.47,13190.28
edge:declared:db.EmployeeOptionExerciseClaim:company	14850.09,13006.42 16774.62,12515.02
edge:declared:db.EmployeeOptionExerciseClaimOption:option	13760.37,12782.26 13067.57,12791.23
edge:declared:db.EmployeeOptionExerciseClaimOption:option_exercise_claim	14027.70,12817.28 14590.40,12999.38
edge:declared:db.EmployeeOptionExerciseManagement:company	14623.70,13576.24 16774.62,12556.58
edge:declared:db.EmployeeOptionExerciseManagementEmail:management	15032.08,15130.19 14550.62,13658.24
edge:declared:db.EmployeeOptionVesting:employee_option	12261.69,12994.07 12819.57,12829.43
edge:declared:db.EmployeeOptionVestingItem:option_vesting	12087.72,13212.55 12132.41,13065.89
edge:declared:db.EmployeeOptionVestingTraceable:option	12825.11,13149.49 12925.97,12845.84
edge:declared:db.EmployeeStock:participant	12158.33,15907.99 12125.44,15950.01
edge:declared:db.EmployeeStockGuide:esop	12497.91,16444.57 12388.67,16443.01
edge:declared:db.EmployeeStockGuideAudience:employee_stock_guide	12984.54,15900.80 12649.16,16405.34
edge:declared:db.EmployeeStockGuideAudience:participant	12885.63,15881.43 12214.21,15977.30
edge:declared:db.EmployeeStockGuideEmail:employee_stock_guide	14172.23,17095.65 12719.80,16487.34
edge:declared:db.EmployeeStockTag:category	12491.76,16164.10 12430.60,16156.82
edge:declared:db.EmployeeStockTag:employee_stock_set	12558.70,16137.87 12238.79,15907.99
edge:declared:db.EmployeeStockTag:esop	12559.94,16219.87 12336.27,16384.15
edge:declared:db.EmployeeStockTagCategory:esop	12305.91,16179.76 12268.97,16384.15
edge:declared:db.EmployeeStockWithdrawRequest:account	13106.50,16839.16 13598.84,16930.38
edge:declared:db.EmployeeStockWithdrawRequest:esop	12904.54,16777.89 12368.00,16498.15
edge:declared:db.EmploymentCertificateDocumentRequest:company	14457.09,14243.60 16774.62,12601.16
edge:declared:db.EmploymentCertificateDocumentRequest:history	14244.38,14316.62 12857.40,14627.91
edge:declared:db.EmploymentStatusHistory:connected_hrm_status_event	12609.40,14698.12 9338.30,15815.98
edge:declared:db.EmploymentStatusHistory:employee	12609.40,14700.10 11784.96,14995.07
edge:declared:db.EmploymentStatusHistory:related_events	12813.09,14700.74 16539.11,16804.85
edge:declared:db.Event:company	16693.95,16779.43 16951.00,12683.51
edge:declared:db.EventAttachment:company	16836.90,14628.34 16951.80,12683.51
edge:declared:db.EventAttachment:event	16832.25,14702.34 16694.35,16779.43
edge:declared:db.ExpertClientIncorporationSupport:contact_set	20664.84,14815.00 20391.35,14693.83
edge:declared:db.ExpertClientIncorporationSupport:expert_client	20808.80,14815.00 20923.86,14723.26
edge:declared:db.ExpertClientIncorporationSupport:incorporation_request	20770.53,14897.00 21082.59,15869.89
edge:declared:db.ExpertClientSignupChannel:expert_client	22640.92,14895.20 21109.31,14690.81
edge:declared:db.ExpertClientTaxServiceSettings:expert_client	20974.26,14960.31 20983.42,14723.26
edge:declared:db.ExpertClientTaxServiceSettings:legal_partner	21064.14,14960.31 21412.71,14819.07
edge:declared:db.ExpressDelivery1:order_status_history	5842.05,9819.60 5897.44,9962.89
edge:declared:db.ExpressDelivery1:seal_card_return_status_history	5709.75,9791.83 5625.38,9798.43
edge:declared:db.ExternalStockInfo:company	17580.81,8840.37 17001.50,12249.51
edge:declared:db.FABContent:thumbnail_image	21129.54,17944.57 20428.87,18371.26
edge:declared:db.FinancialAccount:institution	13732.27,16904.35 13784.10,16635.21
edge:declared:db.FinancialStatementsForNewIssueFromConversionDocument:new_issue	16914.14,23392.83 17039.08,22445.97
edge:declared:db.Fund:fund_partners	30259.10,13715.77 30706.13,13901.74
edge:declared:db.Fund:portfolio_company_set	30026.93,13699.48 27535.26,14276.29
edge:declared:db.Fund:venture_capital	30239.45,13625.77 32357.46,12549.06
edge:declared:db.FundPartner:venture_capital	30852.56,13901.74 32357.46,12613.08
edge:declared:db.FundingNewsDistributionServiceRequest:company	18741.96,15083.81 17111.98,12683.51
edge:declared:db.FundingNewsDistributionServiceRequest:company_question_thread	18789.65,15083.81 19054.28,14388.59
edge:declared:db.FundingNewsDistributionServiceRequest:logo	18792.17,15173.81 20144.12,18269.97
edge:declared:db.HelpTemplate:partners_to_share	10255.45,9109.46 21412.71,14679.79
edge:declared:db.Hrm:company	5517.40,16065.54 16774.62,12526.25
edge:declared:db.HrmAlpConfig:hrm	4141.43,15859.59 5197.40,16082.12
edge:declared:db.HrmAlpConfigIndivApprovalTemplateRel:alp_config	4327.95,15618.32 4075.50,15797.72
edge:declared:db.HrmAlpExcludedEmp:emp	9547.49,17976.80 9052.82,18071.71
edge:declared:db.HrmAlpLaborReceiptRefusal:emp	9197.19,18834.94 8955.77,18277.71
edge:declared:db.HrmAlpTarget:emp	9214.73,18516.08 9021.24,18277.71
edge:declared:db.HrmAlpUsageDesignation:target	9524.55,18615.32 9372.01,18583.19
edge:declared:db.HrmAlpUsageDesignationDate:leave_usage	10121.44,18446.34 10414.26,18420.96
edge:declared:db.HrmAlpUsageDesignationDate:usage_designation	9923.23,18494.34 9713.76,18603.17
edge:declared:db.HrmAlpUsagePlan:target	9476.20,18231.65 9276.76,18516.08
edge:declared:db.HrmAlpUsagePlanDate:usage_plan	9685.67,18185.45 9628.95,18187.08
edge:declared:db.HrmAnnualLeaveAdjustment:emp	9338.47,18077.26 9052.82,18094.39
edge:declared:db.HrmAnnualLeaveConfigBase:annual_leave	8320.97,22527.42 8333.24,21763.28
edge:declared:db.HrmApproval:approvable	7997.33,18061.40 7717.52,17881.86
edge:declared:db.HrmApproval:requestor	8191.46,18106.14 8708.82,18105.07
edge:declared:db.HrmApprovalLine:actual_approver	8292.52,18215.87 8708.82,18137.21
edge:declared:db.HrmApprovalLine:approval	8137.34,18198.30 8101.68,18151.40
edge:declared:db.HrmApprovalLine:approver	8085.20,18280.30 7668.41,18485.38
edge:declared:db.HrmApprovalReview:approval	7844.67,18271.91 8006.89,18151.40
edge:declared:db.HrmApprovalReview:approver	7757.11,18345.91 7614.79,18485.38
edge:declared:db.HrmApprovalTemplate:hrm	7048.97,18045.84 5480.98,16256.84
edge:declared:db.HrmApprovalTemplateLine:approver	7437.83,18392.46 7516.07,18485.38
edge:declared:db.HrmApprovalTemplateLine:template	7362.36,18318.46 7134.02,18127.84
edge:declared:db.HrmApprovalTemplateReview:approver	7185.24,18357.51 7450.68,18485.38
edge:declared:db.HrmApprovalTemplateReview:template	7104.71,18283.51 7089.04,18127.84
edge:declared:db.HrmApprover:dept	7436.70,18541.75 5892.95,18583.73
edge:declared:db.HrmApprover:emp	7684.70,18497.65 8708.82,18161.21
edge:declared:db.HrmAttendance:emp	8420.98,17900.63 8708.82,18028.37
edge:declared:db.HrmAttendanceItem:attendance	8517.61,17770.10 8415.16,17818.63
edge:declared:db.HrmAttendanceItem:emp	8634.37,17770.10 8753.40,17931.71
edge:declared:db.HrmAttendanceLocation:attendance_item	9335.00,17155.83 8656.44,17688.10
edge:declared:db.HrmAttendanceLocation:ongoing_attendance	9457.20,17155.83 9754.65,17399.86
edge:declared:db.HrmAttendanceLocation:personal_location	9442.87,17057.83 10097.69,16351.01
edge:declared:db.HrmAttendanceLocation:work_location	9360.16,17057.83 8130.22,15442.50
edge:declared:db.HrmCertificateConfig:hrm	4947.95,16165.95 5197.40,16135.42
edge:declared:db.HrmCertificateConfigIndividualApprovalTemplateRelation:certificate_config	4345.48,16614.59 4788.67,16217.39
edge:declared:db.HrmCertificateIssue:connected_status_event	9749.00,16108.09 9327.78,15911.36
edge:declared:db.HrmCertificateIssue:emp	9816.74,16190.09 8965.39,17931.71
edge:declared:db.HrmCommonLocation:work_location_config	9226.91,15566.98 9669.42,15350.87
edge:declared:db.HrmConciergeRequest:company	18192.13,10601.29 17107.43,12249.51
edge:declared:db.HrmDailyLeaveUsageItem:usage	9412.80,20641.31 10515.36,18466.70
edge:declared:db.HrmDept:hrm	5752.94,18526.26 5380.54,16256.84
edge:declared:db.HrmDeptName:dept	4739.30,19529.86 5696.70,18648.26
edge:declared:db.HrmDeptName:event	4688.95,19603.86 4567.63,20045.40
edge:declared:db.HrmDeptParent:dept	5330.72,19521.19 5734.72,18648.26
edge:declared:db.HrmDeptParent:event	5325.37,19603.19 5446.23,19966.90
edge:declared:db.HrmDeptReorg:hrm	4893.33,15381.55 5268.29,15974.84
edge:declared:db.HrmDeptStatus:dept	5743.73,19746.40 5761.94,18648.26
edge:declared:db.HrmDeptStatus:event	5739.37,19820.40 5586.78,21326.54
edge:declared:db.HrmDocument:emp	7146.92,15650.14 8760.98,17931.71
edge:declared:db.HrmDocument:form	7052.08,15552.14 5840.89,14565.99
edge:declared:db.HrmDocument:hrm	6988.26,15637.60 5517.40,16070.07
edge:declared:db.HrmDocumentDraft:emp	6121.49,13750.55 8771.19,17931.71
edge:declared:db.HrmDocumentDraft:form	6079.53,13750.55 5799.81,14467.99
edge:declared:db.HrmDocumentDraftFieldAttachment:field_value	6064.52,11388.31 5315.04,12889.69
edge:declared:db.HrmDocumentDraftFieldMultiSelectValue:field_value	5153.01,13277.11 5274.24,12979.69
edge:declared:db.HrmDocumentDraftFieldMultiSelectValue:selected_option	5094.41,13351.11 4965.75,13460.49
edge:declared:db.HrmDocumentDraftFieldValue:draft	5339.21,12979.69 6053.02,13668.55
edge:declared:db.HrmDocumentDraftFieldValue:field_definition	5235.51,12979.69 4020.74,13937.59
edge:declared:db.HrmDocumentFieldAttachment:field_value	5335.23,14244.64 5863.86,14206.51
edge:declared:db.HrmDocumentFieldMultiSelectValue:field_value	5486.84,13872.64 5918.47,14152.57
edge:declared:db.HrmDocumentFieldMultiSelectValue:selected_option	5373.07,13798.64 4980.38,13542.49
edge:declared:db.HrmDocumentFieldValue:document	6023.91,14242.57 7073.01,15552.14
edge:declared:db.HrmDocumentFieldValue:field_definition	5863.86,14184.40 4111.67,13998.31
edge:declared:db.HrmDocumentForm:hrm	5767.74,14565.99 5394.73,15974.84
edge:declared:db.HrmDocumentFormFieldDefinition:form	4111.67,14026.12 5656.71,14480.52
edge:declared:db.HrmDocumentFormFieldSelectOption:field_definition	4836.23,13542.49 4052.89,13937.59
edge:declared:db.HrmDocumentFormIndividualApprovalTemplateRelation:document_form	5177.40,14672.91 5656.71,14549.04
edge:declared:db.HrmEmp:connected_employee	9037.04,17931.71 11551.76,15146.87
edge:declared:db.HrmEmp:hrm	8708.82,18007.62 5517.40,16206.16
edge:declared:db.HrmEmpAffiliation:emp	7390.61,17797.21 8708.82,18067.60
edge:declared:db.HrmEmpAffiliation:event	7315.81,17730.78 8134.60,17048.41
edge:declared:db.HrmEmpAffiliationDept:affiliation	6980.62,17756.74 7142.61,17765.26
edge:declared:db.HrmEmpAffiliationDept:dept	6813.99,17787.54 5843.12,18526.26
edge:declared:db.HrmEmpContract:emp	8955.50,33072.72 8881.68,18277.71
edge:declared:db.HrmEmpContract:mgmt	8945.77,33072.72 6717.25,23874.53
edge:declared:db.HrmEmpContractCommonVar:hrm	5629.01,15684.21 5446.13,15974.84
edge:declared:db.HrmEmpContractMgmt:hrm	6700.15,23792.53 5382.06,16256.84
edge:declared:db.HrmEmpContractMgmt:template_revision	6660.48,23792.53 5037.47,22372.00
edge:declared:db.HrmEmpContractModusignDocument:hrm_emp_contract	25827.80,37270.19 9079.70,33144.27
edge:declared:db.HrmEmpContractTemplate:hrm	4288.42,20203.10 5320.52,16256.84
edge:declared:db.HrmEmpContractTemplateRevision:template	4976.67,22290.00 4291.34,20277.10
edge:declared:db.HrmEmpContractTemplateRevisionSigner:revision	4399.75,22823.82 4941.47,22372.00
edge:declared:db.HrmEmpEmploymentType:emp	8929.14,17490.84 8894.44,17931.71
edge:declared:db.HrmEmpEmploymentType:event	8924.56,17416.84 8904.49,17317.79
edge:declared:db.HrmEmpJob:emp	7468.96,16801.62 8708.82,17945.96
edge:declared:db.HrmEmpJob:event	7535.54,16729.28 7928.44,16668.00
edge:declared:db.HrmEmpJob:level	7287.54,16757.15 6944.03,16780.77
edge:declared:db.HrmEmpJob:position	7318.93,16695.62 7008.95,16518.21
edge:declared:db.HrmEmpJob:role	7287.54,16723.89 6770.30,16620.74
edge:declared:db.HrmEmpJob:title	7356.74,16695.62 6614.03,15977.34
edge:declared:db.HrmEmpJobLevel:hrm	6745.29,16751.88 5517.40,16189.16
edge:declared:db.HrmEmpJobPosition:hrm	6826.30,16454.04 5517.40,16152.68
edge:declared:db.HrmEmpJobRole:hrm	6552.77,16560.21 5517.40,16175.32
edge:declared:db.HrmEmpJobTitle:hrm	6457.77,15957.34 5517.40,16092.79
edge:declared:db.HrmEmpMov:hrm	5936.54,15803.89 5517.40,16029.66
edge:declared:db.HrmEmpReturnToWorkEvent:absence_event	9160.10,15720.00 9087.10,15720.00
edge:declared:db.HrmEmpSalaryAccount:emp	12171.49,16959.79 9052.82,18044.87
edge:declared:db.HrmEmpSalaryAccount:institution	12395.83,16896.88 13668.76,16617.43
edge:declared:db.HrmEmpStatus:emp	10408.62,16190.33 9018.89,17931.71
edge:declared:db.HrmEmpStatus:event	10320.15,16124.89 9338.30,15888.25
edge:declared:db.HrmEmpUserInvitation:emp	7326.15,17911.80 8708.82,18083.37
edge:declared:db.HrmEmpUserInvitation:hrm	7159.67,17855.41 5503.48,16256.84
edge:declared:db.HrmEmpUserInvitationInvitee:invitation	7409.21,18161.48 7234.18,17937.41
edge:declared:db.HrmEmpWorkAssignment:emp	7977.84,18818.64 8708.82,18240.70
edge:declared:db.HrmEmpWorkAssignment:work	7813.04,18874.34 7033.73,18997.84
edge:declared:db.HrmEmpWorkLocationAssignment:work_location	8487.65,16143.72 8118.69,15442.50
edge:declared:db.HrmEmpWorkLocationAssignment:work_location_config	8498.87,16217.72 8430.48,16524.38
edge:declared:db.HrmEmpWorkLocationConfig:emp	8433.58,16606.38 8829.18,17931.71
edge:declared:db.HrmEmpWorkLocationConfig:work_location_set	8409.85,16524.38 8106.64,15442.50
edge:declared:db.HrmFixedWorkSchedule:fixed_work	6992.19,18678.19 6963.99,18720.21
edge:declared:db.HrmGoogleCalendarIntegration:hrm	5188.55,15497.55 5318.89,15974.84
edge:declared:db.HrmLeaveBase:hrm	7850.64,20874.35 5431.28,16256.84
edge:declared:db.HrmLeaveCommonConfig:leave	7047.41,20946.28 7752.89,20947.18
edge:declared:db.HrmLeaveGrant:emp	8396.18,19187.45 8803.38,18277.71
edge:declared:db.HrmLeaveGrant:grantable_leave	8369.44,19261.45 8119.79,20169.05
edge:declared:db.HrmLeaveIndividualApprovalTemplateRelation:leave	6652.39,19983.44 7795.25,20874.35
edge:declared:db.HrmLeaveUsage:emp	10414.26,18385.86 9052.82,18136.25
edge:declared:db.HrmLeaveUsage:leave	10484.62,18466.70 7965.28,20874.35
edge:declared:db.HrmLeaveUsageAttachment:usage	10620.68,19332.28 10548.98,18466.70
edge:declared:db.HrmLeaveUsageItem:emp	8833.32,19191.24 8873.26,18277.71
edge:declared:db.HrmLeaveUsageItem:leave	8809.00,19273.24 7929.01,20874.35
edge:declared:db.HrmLeaveUsageItem:usage	8916.90,19191.24 10425.57,18466.70
edge:declared:db.HrmOngoingAttendance:emp	9747.57,17481.86 9052.82,17981.11
edge:declared:db.HrmOngoingAttendanceClockedSchedule:ongoing_attendance	10414.72,17144.97 9889.17,17399.86
edge:declared:db.HrmPersonalLocation:hrm_emp	10107.60,16351.01 8991.30,17931.71
edge:declared:db.HrmPersonalLocation:work_location_config	10121.94,16261.01 9769.26,15350.87
edge:declared:db.HrmRequestor:dept	6360.63,19149.55 5827.79,18648.26
edge:declared:db.HrmRequestor:emp	6484.81,19149.55 8708.82,18179.71
edge:declared:db.HrmSelectiveWorkPlan:emp	8599.94,18118.22 8708.82,18112.98
edge:declared:db.HrmSelectiveWorkPlanConfig:selective_work	6904.07,19518.18 7002.87,19292.32
edge:declared:db.HrmSelectiveWorkPlanItem:emp	7658.66,18082.68 8708.82,18101.61
edge:declared:db.HrmSelectiveWorkPlanItem:plan	7658.66,18086.11 8351.94,18118.40
edge:declared:db.HrmSelectiveWorkSchedule:selective_work	7209.88,19252.14 7146.55,19250.51
edge:declared:db.HrmSelectiveWorkSettlementConfig:selective_work	6516.95,19518.18 6938.55,19292.32
edge:declared:db.HrmSigner:hrm	5064.94,15997.31 5197.40,16051.00
edge:declared:db.HrmSlackChannelConfig:integration	5039.63,16466.93 5077.10,16542.72
edge:declared:db.HrmSlackIntegration:hrm	5116.29,16542.72 5277.76,16256.84
edge:declared:db.HrmStaffNote:hrm	4744.20,16050.00 5197.40,16098.66
edge:declared:db.HrmStaggeredWorkSchedule:staggered_work	6585.24,20425.06 6128.29,19581.01
edge:declared:db.HrmStandardWork:hrm	4812.39,16684.92 5222.36,16256.84
edge:declared:db.HrmStandardWorkSchedule:standard_work	4536.76,17649.62 4767.38,16758.92
edge:declared:db.HrmTag:hrm_set	4912.56,15729.55 5197.40,15976.90
edge:declared:db.HrmWorkAutoClockOutConfig:work	6516.95,18962.14 6773.73,18999.52
edge:declared:db.HrmWorkBase:emp_set	7033.73,18958.36 8708.82,18184.20
edge:declared:db.HrmWorkBase:hrm	6871.23,18957.44 5432.52,16256.84
edge:declared:db.HrmWorkIndividualApprovalTemplateRelation:work	7225.94,19052.88 7033.73,19032.34
edge:declared:db.HrmWorkLocation:hrm	7968.91,15426.24 5517.40,16073.59
edge:declared:db.HrmWorkLocationGpsConfig:work_location	9627.37,15316.22 8216.91,15387.25
edge:declared:db.HrmWorkOvertime:work	6543.97,18864.64 6773.73,18962.86
edge:declared:db.IBKSignupChannel:ibk_user_login_token	24052.24,14567.08 24030.86,14517.72
edge:declared:db.IBKUserLoginToken:ibk_user	24032.88,14443.72 24053.39,14401.70
edge:declared:db.IaAccountInfo:investment_association	29931.92,18190.68 27521.38,16730.73
edge:declared:db.IaCertificateOfInvestmentDocument:partner	31933.75,18532.17 33528.48,18288.00
edge:declared:db.IaCertificateOfInvestmentDocumentRecipient:certificate_of_investment_document_email	3845.59,20069.67 3826.20,20147.16
edge:declared:db.IaConfirmationRequest:investment_association	23438.63,18890.24 27213.38,16725.77
edge:declared:db.IaConfirmationRequest:partner_list_file	23178.65,18909.17 20428.87,18514.26
edge:declared:db.IaConsentForm:consent_form_or_meeting	30425.02,18963.14 29570.35,19159.74
edge:declared:db.IaConsentFormDocument:consent_form	31294.36,18533.10 30638.05,18892.67
edge:declared:db.IaConsentFormDocument:partner	31554.19,18473.84 33528.48,18279.01
edge:declared:db.IaConsentFormOrMeeting:investment_association	29336.33,19151.02 27471.56,16770.46
edge:declared:db.IaConsentFormOrMeetingDocumentGeneration:consent_form_or_meeting	29658.24,19200.98 29570.35,19201.93
edge:declared:db.IaConsentFormOrMeetingDocumentGenerationItem:document	30646.04,19194.59 30927.38,19279.89
edge:declared:db.IaConsentFormOrMeetingDocumentGenerationItem:generation	30334.00,19168.96 30001.24,19188.86
edge:declared:db.IaConsentFormOrMeetingElectronicSignatureRequest:document	28860.04,20739.20 29527.52,19996.17
edge:declared:db.IaConsentFormOrMeetingElectronicSignatureRequestModusignDocument:electronic_signature_request	26787.22,20309.89 28614.43,20745.05
edge:declared:db.IaConsentFormOrMeetingElectronicSignatureRequestModusignEmbeddedDraft:electronic_signature_request	26878.20,20594.48 28614.43,20771.96
edge:declared:db.IaConsentFormOrMeetingElectronicSignatureRequestStatusHistory:electronic_signature_request	28862.15,21472.29 28816.30,20845.20
edge:declared:db.IaConsentFormOrMeetingElectronicSignatureRequestUploadedModusignDocument:electronic_signature_request	26479.34,21146.39 28614.43,20822.26
edge:declared:db.IaConsentFormOrMeetingElectronicSignatureRequiredDocument:consent_form_or_meeting	29560.98,19890.17 29392.00,19257.02
edge:declared:db.IaConsentFormOrMeetingElectronicSignatureRequiredDocument:edited_file	29377.13,19912.29 20428.87,18516.60
edge:declared:db.IaConsentFormOrMeetingElectronicSignatureRequiredDocument:partner	29704.86,19890.17 33528.48,18328.10
edge:declared:db.IaConsentFormOrMeetingEsigRequiredDocumentPageRange:esig_required_document	30286.12,19427.67 29648.23,19890.17
edge:declared:db.IaConsentFormOrMeetingEsigRequiredDocumentPageRange:page_range_document	30535.15,19372.46 30927.38,19336.39
edge:declared:db.IaConsentFormOrMeetingGuideEmail:consent_form_or_meeting	29655.98,18923.28 29430.36,19151.02
edge:declared:db.IaConsentFormOrMeetingGuideEmailRecipient:consent_form_or_meeting_guide_email	29663.61,18710.10 29686.54,18849.28
edge:declared:db.IaDocumentArchive:investment_association	28742.79,15038.08 27481.76,16504.46
edge:declared:db.IaDocumentArchiveAttachment:ia_document_archive	28521.96,15099.00 28679.15,15038.08
edge:declared:db.IaExpertPartnerBulkEmailTemplate:legal_partner	20929.78,15332.37 21428.41,14881.67
edge:declared:db.IaFoundingProgressStatus:investment_association	28390.67,17589.15 27510.39,16770.46
edge:declared:db.IaGpAppointmentEvent:partner	31033.61,17906.42 33528.48,18242.79
edge:declared:db.IaGpTerminationEvent:appointment_event	31114.98,18154.32 30941.41,17930.56
edge:declared:db.IaGpTerminationEvent:partner	31270.78,18198.80 33528.48,18259.72
edge:declared:db.IaInvestmentCertificateRegistrationRequest:partner	33727.96,19785.00 33688.52,18372.96
edge:declared:db.IaLegalPartnerRelation:investment_association	24832.90,15522.03 27213.38,16567.18
edge:declared:db.IaLegalPartnerRelation:legal_partner	24630.63,15457.92 21720.71,14789.50
edge:declared:db.IaMeeting:consent_form_or_meeting	29978.07,20733.53 29398.65,19257.02
edge:declared:db.IaMeetingAgenda:meeting	30749.40,20566.87 30141.01,20752.19
edge:declared:db.IaMeetingAgendaVote:agenda	30680.88,22522.07 30879.83,20566.87
edge:declared:db.IaMeetingAgendaVote:electronic_signature	30633.55,22522.07 28868.23,20845.20
edge:declared:db.IaMeetingAgendaVote:partner	30705.39,22522.07 33609.20,18372.96
edge:declared:db.IaMeetingConvocationNoticeEmail:ia_meeting	30529.72,22072.45 30027.20,20855.53
edge:declared:db.IaMeetingConvocationNoticeRecipient:convocation_notice_email	30415.17,21282.65 30539.19,22072.45
edge:declared:db.IaMeetingMinutesDocument:meeting	30553.53,20062.33 30047.96,20733.53
edge:declared:db.IaMeetingNoticeDocument:meeting	30347.39,19946.31 30026.85,20733.53
edge:declared:db.IaMeetingSealedNoticeDocumentFile:ia_meeting	28894.73,20105.49 29903.98,20733.53
edge:declared:db.IaMeetingShortenPeriodDocument:meeting	31568.48,19472.88 30074.31,20733.53
edge:declared:db.IaMeetingShortenPeriodDocument:partner	31689.68,19390.88 33528.48,18352.61
edge:declared:db.IaModusignDocumentUsageHistory:investment_association	25174.22,14702.71 27216.62,16504.46
edge:declared:db.IaOperation:_deprecated_investment_association	30229.70,16426.81 27521.38,16626.13
edge:declared:db.IaOperation:ia_operation_management	30319.54,16455.13 30209.97,16599.06
edge:declared:db.IaOperationManagement:investment_association	30063.81,16636.12 27521.38,16637.39
edge:declared:db.IaOwner:investment_association	30088.16,17133.98 27521.38,16665.57
edge:declared:db.IaOwner:partner	30340.16,17197.28 33528.48,18213.90
edge:declared:db.IaOwnerAuditLog:investment_association	23419.54,8071.04 27306.09,16504.46
edge:declared:db.IaPartnerDataCollection:investment_association	24754.22,17673.28 27213.38,16698.51
edge:declared:db.IaPartnerDataCollectionItem:address	23611.63,17949.09 22830.14,18818.25
edge:declared:db.IaPartnerDataCollectionItem:ia_partner_data_collection	23785.49,17881.60 24526.79,17738.26
edge:declared:db.IaPartnerDataCollectionItemReply:address	23748.01,18235.83 22871.75,18837.51
edge:declared:db.IaPartnerDataCollectionItemReply:ia_partner_data_collection	23879.65,18153.83 24578.86,17755.28
edge:declared:db.IaPartnerDataCollectionItemReply:ia_partner_data_collection_item	23784.95,18153.83 23671.26,17949.09
edge:declared:db.IaPartnerInvestmentConfirmation:partner	30821.61,17130.86 33528.48,18201.84
edge:declared:db.IaPartnerInvestmentConfirmationEmailRecipient:ia_partner_investment_confirmation_email	14082.71,5684.64 14031.45,5727.04
edge:declared:db.IaPartnerWithdrawalEvent:partner	33681.98,18003.44 33684.02,18154.96
edge:declared:db.IaPaymentLink:investment_association	25113.67,13306.42 27277.40,16504.46
edge:declared:db.IaPfCompany:investment_association	28488.40,18724.69 27438.81,16770.46
edge:declared:db.IaPfCompanyInvestment:ia_pf_company	28627.45,20548.45 28510.74,18798.69
edge:declared:db.IaPfCompanyInvestmentSalesIntent:ia_pf_company_investment	30404.31,22803.93 28663.03,20630.45
edge:declared:db.IaPfCompanyInvestmentStock:ia_pf_company_investment	28008.63,20485.25 28506.18,20568.66
edge:declared:db.IaQuestionThread:investment_association	24500.47,13679.42 27238.48,16504.46
edge:declared:db.IaRule:address	25022.82,19251.37 22871.75,18963.84
edge:declared:db.IaRule:file	25022.82,19248.07 20428.87,18517.20
edge:declared:db.IaRule:investment_association	25204.16,19207.75 27255.44,16770.46
edge:declared:db.IaRuleCompensation:rule	25480.72,19193.37 25282.82,19238.87
edge:declared:db.IaRuleDocument:rule	28476.83,19224.95 25282.82,19267.04
edge:declared:db.IaRuleInvestment:rule	25829.51,18900.91 25265.04,19207.75
edge:declared:db.IaRuleMeeting:rule	25534.34,19084.97 25279.45,19207.75
edge:declared:db.IaRulePartner:rule	25653.09,19398.93 25282.82,19302.58
edge:declared:db.IaSealStamp:image_file	21958.39,18236.09 20428.87,18459.25
edge:declared:db.IaSealStamp:investment_association	22206.39,18180.92 27213.38,16683.52
edge:declared:db.IaSealStampImage:seal_stamp	21467.74,18250.01 21958.39,18224.46
edge:declared:db.IaUserInvitation:ia_owner	29850.06,16857.58 30164.30,17115.97
edge:declared:db.IaUserInvitation:investment_association	29676.20,16807.45 27521.38,16648.80
edge:declared:db.IaUserInvitationInvitee:_deprecated_individual_partner	31996.71,16682.80 31601.55,17050.57
edge:declared:db.IaUserInvitationInvitee:invitation	31925.36,16643.88 29924.20,16806.50
edge:declared:db.IaUserInvitationInvitee:legal_representative	32049.99,16682.80 32054.04,16996.60
edge:declared:db.IaUserInvitationInvitee:manager	32081.54,16682.80 32627.35,17514.02
edge:declared:db.IaUserInvitationInvitee:partner	32098.36,16682.80 33576.07,18154.96
edge:declared:db.IaWrittenResolutionDocument:meeting	31971.52,19614.26 30103.80,20733.53
edge:declared:db.IaWrittenResolutionDocument:partner	32091.47,19532.26 33548.49,18372.96
edge:declared:db.ImAccessLog:investor_matching	27353.65,11225.34 25881.40,10974.96
edge:declared:db.ImAccessLog:venture_capital	27589.65,11273.57 32357.46,12411.60
edge:declared:db.ImAttachment:investor_matching	28697.54,11212.16 25881.40,10963.36
edge:declared:db.ImAttachmentDownloadLog:attachment	29962.79,11726.56 28914.48,11264.12
edge:declared:db.ImAttachmentDownloadLog:venture_capital	30164.67,11796.29 32357.46,12404.49
edge:declared:db.ImAttachmentPdfEvent:attachment	29803.23,11531.61 28945.54,11262.09
edge:declared:db.ImAttachmentPdfEvent:pdf_event	29907.43,11529.58 29886.48,11486.17
edge:declared:db.ImAttachmentPdfEvent:venture_capital	30048.35,11611.58 32357.46,12393.23
edge:declared:db.ImBrokerAssignment:_deprecated_assigned_companies	26364.00,11703.07 17154.62,12451.08
edge:declared:db.ImBrokerAssignment:assigned_investors	26612.00,11708.62 32357.46,12432.34
edge:declared:db.ImBrokerAssignment:im_broker	26612.00,11719.95 28847.52,12205.90
edge:declared:db.ImBrokerAssignment:investor_matching	26438.58,11644.00 25833.20,11043.81
edge:declared:db.ImBrokerAssignmentInvitedUser:broker_assignment	28178.25,11845.10 26612.00,11704.16
edge:declared:db.ImBrokerAssignmentInvitedUser:venture_capital	28455.25,11877.16 32357.46,12429.48
edge:declared:db.ImConsultingRequest:company	24794.99,9393.79 17154.62,12391.95
edge:declared:db.ImConsultingRequest:investor_matching	24921.02,9393.79 25690.52,10857.81
edge:declared:db.ImContactRequest:investor_matching	27263.64,11514.89 25881.40,11003.36
edge:declared:db.ImContactRequest:venture_capital	27498.43,11577.48 32357.46,12423.48
edge:declared:db.ImContactRequestIntention:im_contact_request	27150.33,11377.17 27323.02,11514.89
edge:declared:db.ImDay:recipients	29591.62,10959.01 29639.69,10837.43
edge:declared:db.ImDay:venture_capitals	29672.75,11057.01 32357.46,12365.82
edge:declared:db.ImDayParticipation:im_day	29031.04,10699.17 29486.37,10959.01
edge:declared:db.ImDayParticipation:investor_matching	28821.17,10661.80 25881.40,10937.49
edge:declared:db.ImDayParticipation:venture_capital	29042.78,10699.17 32357.46,12363.15
edge:declared:db.ImDayParticipationAttachment:participation	28802.55,10282.21 28926.18,10601.17
edge:declared:db.ImDaySurvey:im_day	27708.84,10912.23 29448.24,11001.64
edge:declared:db.ImDaySurvey:investor_matching	27472.84,10909.01 25881.40,10947.39
edge:declared:db.ImDisclosing:investor_matching	26441.88,9787.51 25795.56,10857.81
edge:declared:db.ImInvestorBroker:venture_capital	30731.10,12332.47 32357.46,12443.01
edge:declared:db.ImInvestorMemo:investor_matching	26828.55,11525.15 25881.40,11025.69
edge:declared:db.ImInvestorMemo:venture_capital	27016.72,11580.83 32357.46,12426.39
edge:declared:db.ImIrPartnerBrokerOwnerRelation:im_ir_partner_broker	27485.43,12162.88 27631.20,12117.18
edge:declared:db.ImNote:investor_matching	26211.92,10418.95 25822.02,10857.81
edge:declared:db.ImTag:investor_matching_set	27294.44,10446.09 25881.40,10904.72
edge:declared:db.ImWatching:_deprecated_investor_matching	25997.50,11756.64 25769.19,11043.81
edge:declared:db.ImWatching:company	25886.63,11806.81 17154.62,12452.46
edge:declared:db.ImWatching:venture_capital	26134.63,11810.13 32357.46,12436.98
edge:declared:db.InauguralConsentDocument:director_change_agenda	14983.17,23002.30 14461.52,22867.20
edge:declared:db.IncorporationBenefitRequest:incorporation_request	21461.46,15929.30 21264.27,15955.34
edge:declared:db.IncorporationBenefitRequest:tax_partner	21584.38,15875.98 21568.68,14881.67
edge:declared:db.IncorporationRequest:address	21172.92,16079.89 22650.31,18818.25
edge:declared:db.IncorporationRequest:balance_certificate_account_file	21079.60,16079.89 20314.67,18269.97
edge:declared:db.IncorporationRequest:balance_certificate_account_holder	21186.03,16079.89 22045.15,17373.06
edge:declared:db.IncorporationRequest:company	20992.02,15869.89 17154.62,12627.07
edge:declared:db.IncorporationRequest:company_question_thread	20989.16,15869.89 19195.90,14388.59
edge:declared:db.IncorporationRequestAoiFile:incorporation_request	21333.11,15809.19 21253.68,15869.89
edge:declared:db.IncorporationRequestAssistance:incorporation_request	21423.82,16020.51 21264.27,15996.84
edge:declared:db.IncorporationRequestAssistance:legal_partner	21564.40,16000.35 21566.48,14881.67
edge:declared:db.IncorporationRequestAssistanceReceipt:incorporation_request_assistance	21286.46,17087.76 21553.43,16082.35
edge:declared:db.IncorporationRequestDirector:address	22323.51,18605.92 22571.66,18818.25
edge:declared:db.IncorporationRequestDirector:incorporation_request	22263.66,18531.92 21163.39,16079.89
edge:declared:db.IncorporationRequestPromoter:address	22098.32,17471.06 22665.16,18818.25
edge:declared:db.IncorporationRequestPromoterCustodian:address	22352.15,17615.07 22683.34,18818.25
edge:declared:db.IncorporationRequestPromoterCustodian:promoter	22279.29,17541.07 22160.71,17471.06
edge:declared:db.IncorporationRequestPromoterInstitutionCeo:promoter	22124.57,17056.64 22083.99,17373.06
edge:declared:db.IncorporationRequestPurpose:incorporation_request	20793.13,16053.58 20968.27,16010.93
edge:declared:db.IndividualInvestorCompanyCeo:company_info	25146.48,22006.65 25249.71,22619.97
edge:declared:db.IndividualInvestorCompanyInfo:address	25228.62,22619.97 22803.11,19068.25
edge:declared:db.IndividualInvestorCompanyInfo:company	25313.66,22701.97 28635.97,25089.64
edge:declared:db.IndividualInvestorCompanyName:non_unified_share_company	30256.29,25146.81 28856.41,25153.97
edge:declared:db.IndividualInvestorCompanyParValue:non_unified_share_company	27921.85,25162.75 28596.41,25155.95
edge:declared:db.IndividualInvestorCompanyShareClass:non_unified_share_company	28396.72,27213.61 28716.00,25219.64
edge:declared:db.IndividualInvestorCompanyShareStock:_deprecated_non_unified_stock_create_request	28046.57,26569.55 27811.12,28036.38
edge:declared:db.IndividualInvestorCompanyShareStock:_deprecated_stock_unissued_confirmation_file	28053.04,26569.55 27979.15,29156.25
edge:declared:db.IndividualInvestorCompanyShareStock:management_history	27887.94,26566.14 27295.79,26728.29
edge:declared:db.IndividualInvestorCompanyShareStock:non_unified_share_company	28078.55,26471.55 28694.43,25219.64
edge:declared:db.IndividualInvestorCompanyShareStock:share_class	28077.02,26569.55 28373.75,27213.61
edge:declared:db.IndividualInvestorEvent:company	31873.04,27948.39 28799.62,25219.64
edge:declared:db.IndividualInvestorStakeholder:address	26194.80,22396.75 22843.60,19068.25
edge:declared:db.IndividualInvestorStakeholder:company	26273.66,22478.75 28666.83,25089.64
edge:declared:db.IndividualInvestorUser:address	23828.32,20218.26 22826.63,19068.25
edge:declared:db.IndividualStockOption:company	27173.54,23233.43 28673.87,25089.64
edge:declared:db.IndividualStockOption:create_request	27257.47,23149.46 27819.50,23032.84
edge:declared:db.IndividualStockOption:grantee	27111.86,23119.43 26842.91,22137.34
edge:declared:db.IndividualStockOptionCreateRequestEtcFile:create_request	28663.78,22974.77 28133.50,22994.44
edge:declared:db.IndividualStockOptionGrantContract:individual_stock_option	26858.60,22886.43 27074.62,23119.43
edge:declared:db.IndividualStockOptionGrantee:stakeholder	26767.35,22137.34 26308.58,22396.75
edge:declared:db.IndividualStockOptionResumeEvent:pause_event	29336.19,29352.56 28775.31,27312.26
edge:declared:db.IndividualStockOptionSalesIntent:individual_stock_option	29511.75,23102.10 27257.47,23172.38
edge:declared:db.IndividualStockOptionVesting:individual_stock_option	27651.64,23542.36 27209.12,23233.43
edge:declared:db.IndividualStockOptionVestingItem:individual_stock_option_vesting	27781.35,23405.21 27720.94,23542.36
edge:declared:db.IndividualStockOptionVestingTraceable:individual_stock_option	27420.31,22840.59 27177.17,23119.43
edge:declared:db.InputSignupChannel:input_channel	24175.34,15114.74 24477.64,15270.73
edge:declared:db.InstitutionStakeholderManager:institution_stakeholder	12735.23,21567.98 12752.04,21198.17
edge:declared:db.InternetRegistryOfficeOtp:company	17638.11,16237.67 17003.37,12683.51
edge:declared:db.InternetRegistryOfficeOtp:director	17586.06,16319.67 17512.99,16370.13
edge:declared:db.InternetRegistryOfficeOtpReturnRequest:internet_registry_office_otp	21958.70,19891.02 17694.39,16319.67
edge:declared:db.InternetRegistryOfficeOtpReturnRequest:recipient_address	22029.74,19891.02 22627.01,19068.25
edge:declared:db.InvestmentAgreement:document	18042.68,16005.19 18491.03,15415.32
edge:declared:db.InvestmentAgreement:stakeholder	17954.52,16079.19 12852.68,19223.06
edge:declared:db.InvestmentAgreementDocument:company	18592.55,15317.32 17088.54,12683.51
edge:declared:db.InvestmentAgreementDocument:pdf_file	18645.94,15415.32 20126.34,18269.97
edge:declared:db.InvestmentAssociation:venture_capital	27521.38,16512.99 32357.46,12604.24
edge:declared:db.InvestmentAssociationDocument:investment_association	30986.28,19262.24 27521.38,16749.16
edge:declared:db.InvestmentAssociationEvent:investment_association	29237.77,17616.12 27521.38,16718.04
edge:declared:db.InvestmentAssociationIndividualPartnerLegalRepresentative:ward	31856.52,17056.69 31731.50,17071.28
edge:declared:db.InvestmentAssociationOrganizationPartnerCeo:organization_partner	33190.49,16828.83 32917.51,16857.27
edge:declared:db.InvestmentAssociationOrganizationPartnerCorporationSignerCeo:corporation	33187.27,14974.87 33120.14,14920.73
edge:declared:db.InvestmentAssociationOrganizationPartnerManager:organization_partner	30531.75,15493.46 32657.90,16827.18
edge:declared:db.InvestmentAssociationOrganizationPartnerSigner:_deprecated_manager	32381.09,15142.34 30670.77,15423.87
edge:declared:db.InvestmentAssociationOrganizationPartnerSigner:organization_partner	32583.09,15154.75 32731.66,16827.18
edge:declared:db.InvestmentAssociationPartner:address	33528.48,18272.63 22871.75,18861.36
edge:declared:db.InvestmentAssociationPartner:investment_association	33528.48,18223.54 27521.38,16677.19
edge:declared:db.InvestmentAssociationPartnerManager:partner	32704.94,17588.02 33528.48,18155.73
edge:declared:db.InvestmentAssociationPartnerResume:partner	34756.05,16751.80 33762.65,18154.96
edge:declared:db.InvestmentAssociationPartnerResume:signer	34728.63,16669.80 32641.09,15154.75
edge:declared:db.InvestmentAssociationPartnerResumeItem:resume	34894.65,16384.37 34798.88,16669.80
edge:declared:db.InvestmentAssociationPartnerSalesIntent:partner	31946.11,21784.40 33631.63,18372.96
edge:declared:db.InvestmentAssociationShare:investment_association	29992.08,17482.16 27521.38,16687.03
edge:declared:db.InvestmentAssociationShare:partner	30227.05,17544.24 33528.48,18231.29
edge:declared:db.InvestmentRound:company	16828.87,10374.16 16950.54,12249.51
edge:declared:db.InvestmentRoundNewIssueEvent:investment_round	17027.04,10207.92 16891.96,10292.16
edge:declared:db.InvestmentRoundNewIssueEvent:new_issue_event	17080.71,10133.92 17019.16,9731.32
edge:declared:db.InvestmentSimulation:company	16761.19,6667.79 16957.01,12249.51
edge:declared:db.InvestmentSimulationInitialOption:option_grantee	13678.32,6684.49 13998.29,6777.98
edge:declared:db.InvestmentSimulationInitialOptionGrantee:simulation	14303.92,6801.92 16635.61,6631.84
edge:declared:db.InvestmentSimulationInitialShareholder:simulation	12759.37,6006.24 16635.61,6603.68
edge:declared:db.InvestmentSimulationInitialStock:shareholder	11230.56,4013.06 12565.78,5943.35
edge:declared:db.InvestmentSimulationInvestor:simulation_round	18462.65,3990.83 15719.43,6339.40
edge:declared:db.InvestmentSimulationNewIssueInvestment:investor	18148.56,5392.95 18500.26,3990.83
edge:declared:db.InvestmentSimulationPurchaseInvestment:investor	20670.15,5638.31 18562.98,3990.83
edge:declared:db.InvestmentSimulationPurchaseSellStock:seller	20970.64,5233.09 20738.65,5638.31
edge:declared:db.InvestmentSimulationRound:simulation	15794.21,6403.24 16635.61,6594.59
edge:declared:db.InvestorInterest:venture_capital	33641.24,13520.21 32725.46,12633.65
edge:declared:db.InvestorMatching:_deprecated_excluded_companies	25597.40,10975.34 17154.62,12433.69
edge:declared:db.InvestorMatching:excluded_investors	25881.40,10982.22 32357.46,12414.82
edge:declared:db.InvestorRelations:previous_investors	27457.25,7713.18 32357.46,12283.89
edge:declared:db.InvestorRelationsSurvey:_deprecated_preferred_investors	31017.66,10539.71 32378.41,12250.52
edge:declared:db.InvestorRelationsSurvey:investor_relations	30941.71,10465.71 27472.95,7706.67
edge:declared:db.InvitationSeat:allocated_seat	11687.42,13484.75 11343.25,13414.01
edge:declared:db.InvitationSeat:invitation_seat_request	11819.33,13472.00 12626.57,11325.38
edge:declared:db.InvitationSeatRequest:company	12765.99,11318.29 16774.62,12414.55
edge:declared:db.IrAiAnalysis:investor_relations	27852.61,7156.64 27472.95,7460.80
edge:declared:db.IrAiAnalysisLike:ai_analysis	28242.03,6723.17 27930.82,7082.64
edge:declared:db.IrAiSummary:investor_relations	28442.93,7300.65 27472.95,7545.33
edge:declared:db.IrAlert:ir_set	30491.49,9473.95 27472.95,7675.91
edge:declared:db.IrAlert:venture_capital	30587.94,9555.95 32403.35,12250.52
edge:declared:db.IrAlertInvestorRelations:investor_relations	29734.98,9191.77 27472.95,7686.65
edge:declared:db.IrAlertInvestorRelations:ir_alert	29890.11,9265.77 30450.05,9473.95
edge:declared:db.IrApproval:investor_relations	27395.85,7090.63 27339.05,7455.18
edge:declared:db.IrApprovalNotificationDismiss:ir_approval	27480.29,6753.53 27411.32,7016.63
edge:declared:db.IrBrokerActivity:investor_relations	27728.75,9091.95 27352.12,7713.18
edge:declared:db.IrBrokerActivity:vc_user_relations	27781.53,9165.95 29605.31,10747.43
edge:declared:db.IrClosing:investor_relations	29027.06,6747.18 27472.95,7508.72
edge:declared:db.IrCommittedInvestmentAmount:investor_relations	30200.31,10053.18 27469.49,7713.18
edge:declared:db.IrCommittedInvestmentAmount:venture_capital	30279.44,10127.18 32357.46,12266.13
edge:declared:db.IrCompanyCreate:company	18270.12,10119.14 17086.48,12249.51
edge:declared:db.IrFeed:investor_relations	27153.14,7996.03 27267.01,7713.18
edge:declared:db.IrFeedAccessLog:ir_feeds	27649.88,8230.95 27257.01,8086.03
edge:declared:db.IrFeedAccessLog:venture_capital	27792.52,8304.95 32357.46,12294.70
edge:declared:db.IrFeedRating:ir_feed	26768.74,7588.32 27098.61,7996.03
edge:declared:db.IrFundRaising:investor_relations	31188.37,7580.05 27472.95,7584.02
edge:declared:db.IrFundRaising:venture_capital	31323.71,7624.92 32489.78,12250.52
edge:declared:db.IrFundRaisingMemo:fund_raising	30726.64,7814.21 31199.87,7624.92
edge:declared:db.IrFundRaisingStageLog:fund_raising	30852.05,5291.39 31303.32,7534.92
edge:declared:db.IrInsightClub:pitching_day_hall	31064.50,8810.72 30906.43,8766.08
edge:declared:db.IrInsightClub:venture_capitals	31203.87,8886.73 32464.63,12250.52
edge:declared:db.IrInsightClubParticipation:investor_relations	30477.47,8056.74 27472.95,7607.22
edge:declared:db.IrInsightClubParticipation:ir_insight_club	30640.97,8121.12 31157.52,8804.73
edge:declared:db.IrInsightClubParticipationAttendee:ir_insight_club_participation	30323.72,7756.06 30567.15,8031.12
edge:declared:db.IrInsightClubSurvey:ir_insight_club_participation	30876.12,8129.72 30736.47,8101.91
edge:declared:db.IrInvestorFeedback:venture_capital	32639.52,12737.70 32612.70,12660.52
edge:declared:db.IrNote:investor_relations	28717.38,7429.31 27472.95,7567.12
edge:declared:db.IrSearchMetadata:investor_relations	28540.03,8074.85 27472.95,7646.06
edge:declared:db.IrSubscription:company	15380.53,7773.30 16891.38,12249.51
edge:declared:db.IrSubscriptionMarketingRequest:ir_subscription	15702.14,7949.98 15425.89,7773.30
edge:declared:db.IrTeamMember:investor_relations	28717.38,7536.28 27472.95,7578.91
edge:declared:db.IrTranscript:investor_relations	28425.38,7642.07 27472.95,7592.24
edge:declared:db.IrosOtpIssueMeetingDocument:stakeholder	12443.11,22543.81 12674.80,19481.54
edge:declared:db.LawtalkSignup:company	18570.06,15921.44 17065.46,12683.51
edge:declared:db.LawtalkSignupAttachment:lawtalk_signup	19028.19,16871.80 18605.11,15995.44
edge:declared:db.LedgerByCustomerDocument:new_issue	17806.07,23425.52 17110.06,22445.97
edge:declared:db.LegalPartner:address_for_express_delivery	21720.71,14655.59 22333.96,14253.07
edge:declared:db.LegalPartner:logo	21522.22,14881.67 20316.12,18269.97
edge:declared:db.LegalPartnerEmail:legal_partner	21883.78,14277.17 21652.15,14631.67
edge:declared:db.LegalPartnerPaypleSettings:legal_partner	22166.94,15350.88 21692.98,14881.67
edge:declared:db.LegalPartnerRegistrationAssistanceSettings:legal_partner	21755.33,16130.38 21583.87,14881.67
edge:declared:db.LegalPartnerSignupChannel:legal_partner	22460.08,14765.74 21720.71,14758.23
edge:declared:db.LegalPartnerSlackChannels:legal_partner	22165.20,15775.73 21640.12,14881.67
edge:declared:db.LegalPartnerUserRelation:legal_partner	22080.92,15932.31 21621.38,14881.67
edge:declared:db.ManualOptionVestingItem:manual_option_vesting	15798.41,18730.99 15881.85,18627.34
edge:declared:db.Meeting:company	17830.51,17463.80 17002.22,12683.51
edge:declared:db.Meeting:electronic_signature_selected_ceo	17805.17,17463.80 17435.74,16516.13
edge:declared:db.Meeting:employee_attorney	17998.78,17546.80 18099.03,17523.77
edge:declared:db.Meeting:meeting_draft	17828.96,17697.80 17323.94,20405.34
edge:declared:db.Meeting:new_articles_of_incorporation_file	17998.78,17594.40 20048.87,18417.48
edge:declared:db.Meeting:new_corporate_registration	17911.57,17463.80 18934.60,15660.65
edge:declared:db.MeetingAttachment:meeting	18580.96,17659.11 17998.78,17546.89
edge:declared:db.MeetingDirectorContact:meeting	15709.26,18109.46 17702.78,17617.34
edge:declared:db.MeetingDirectorContact:stakeholder	15500.64,18175.59 12852.68,19256.76
edge:declared:db.MeetingDocument:directors_meeting	16112.77,25879.48 16570.36,20236.73
edge:declared:db.MeetingDocument:meeting	16137.46,25879.48 17826.63,17697.80
edge:declared:db.MeetingDocument:shareholders_meeting	16138.64,25879.48 16800.58,22763.19
edge:declared:db.MeetingDocumentCache:meeting_document	19623.64,26827.72 16274.79,26118.00
edge:declared:db.MeetingDocumentGeneration:meeting	20233.74,21016.21 17931.94,17697.80
edge:declared:db.MeetingDocumentGenerationItem:meeting_document	21294.84,26498.94 16274.79,26090.95
edge:declared:db.MeetingDocumentGenerationItem:meeting_document_generation	21421.41,26472.87 20267.33,21090.21
edge:declared:db.MeetingDocumentManualModification:meeting_document	19396.84,28595.44 16274.79,26212.35
edge:declared:db.MeetingDraft:company	17290.94,20405.34 16973.54,12683.51
edge:declared:db.MeetingDraftAgendaDirectorChange:meeting_draft	15328.16,20374.22 17136.90,20532.18
edge:declared:db.MeetingDraftAgendaDirectorChange:stakeholder	15089.33,20324.16 12852.68,19397.71
edge:declared:db.MeetingDraftAgendaDirectorCompensation:meeting_draft	15361.93,19556.95 17136.90,20468.20
edge:declared:db.MeetingDraftAgendaDirectorCompensationItem:director_compensation	14742.86,19759.18 15205.26,19556.95
edge:declared:db.MeetingDraftAgendaDirectorCompensationItem:stakeholder	14503.59,19759.18 12852.68,19364.25
edge:declared:db.MeetingDraftRegistrationAssistance:meeting_draft	17072.93,19834.33 17251.54,20405.34
edge:declared:db.MeetingDraftSchedule:meeting_draft	16848.69,20423.87 17136.90,20505.19
edge:declared:db.MembershipContentAccessLog:membership_content	4155.29,4545.81 4572.84,5002.71
edge:declared:db.MembershipContentAuthorRelation:author	25366.27,25502.69 25239.58,25321.00
edge:declared:db.MiraeassetAccount:relation	10628.03,11983.35 10934.68,12320.80
edge:declared:db.MnaBuyer:company	15042.85,8118.00 16868.72,12249.51
edge:declared:db.MnaBuyerAttachment:mna_buyer	14457.69,8370.43 14953.78,8118.00
edge:declared:db.ModusignApiLog:modusign_account	21467.44,20066.02 21444.98,20407.26
edge:declared:db.ModusignAuthentication:modusign_account	21306.11,20187.44 21417.03,20407.26
edge:declared:db.ModusignCompanyUserConnection:company	23679.08,9488.01 17154.62,12382.23
edge:declared:db.ModusignDocument:_option_grant_contract	22350.04,20558.85 20475.74,19049.34
edge:declared:db.ModusignDocument:audit_trail_file	22367.40,20558.85 20428.87,18671.91
edge:declared:db.ModusignDocumentActionHistory:modusign_document	22760.49,20536.73 22586.61,20594.59
edge:declared:db.ModusignDocumentActionHistory:modusign_document_participant	22854.17,20462.73 22737.91,20217.13
edge:declared:db.ModusignDocumentModusignAccountRelation:modusign_account	21678.87,20336.33 21538.63,20407.26
edge:declared:db.ModusignDocumentModusignAccountRelation:modusign_document	21827.93,20336.33 22314.61,20573.56
edge:declared:db.ModusignDocumentModusignApiKeyRelation:modusign_api_key	22007.62,20853.06 21883.68,21022.47
edge:declared:db.ModusignDocumentModusignApiKeyRelation:modusign_document	22122.02,20779.06 22314.61,20697.47
edge:declared:db.ModusignDocumentParticipant:modusign_document	22698.69,20217.13 22498.15,20558.85
edge:declared:db.ModusignEmbeddedDraft:modusign_account	21931.86,21834.87 21459.18,20505.26
edge:declared:db.ModusignEmbeddedDraft:modusign_api_key	21944.68,21834.87 21860.81,21096.47
edge:declared:db.ModusignEmbeddedDraft:modusign_document	21971.93,21834.87 22418.16,20720.85
edge:declared:db.ModusignExceededSignings:company	20949.61,8866.03 17154.62,12294.84
edge:declared:db.ModusignIaUserConnection:investment_association	27737.85,15850.23 27429.97,16504.46
edge:declared:db.NaverWorkplaceEmployee:naver_workplace_company	24788.93,14953.88 24902.06,15026.81
edge:declared:db.NcpSignupChannel:naver_workplace_company	24750.85,15044.07 24841.45,15052.64
edge:declared:db.NewIssueNoticeEmail:new_issue	14968.96,20854.84 16931.88,22275.97
edge:declared:db.NewIssueNoticeEmailRecipient:bulk_email_recipient	15272.04,20443.06 17769.89,19178.66
edge:declared:db.NewIssueNoticeEmailRecipient:email	15156.39,20525.06 14946.98,20772.84
edge:declared:db.NewIssueNoticeEmailRecipient:shareholder	15154.77,20525.06 13260.72,22666.06
edge:declared:db.NewIssueSkipNoticeDocument:new_issue_agenda	16498.09,23026.86 16979.80,22445.97
edge:declared:db.NewIssueSkipNoticeDocument:shareholder	16301.09,23051.02 13333.21,22744.48
edge:declared:db.NewIssueStockAcceptanceDocument:new_issue_item	18408.12,26011.25 19354.67,25445.16
edge:declared:db.NewIssueStockAllocationDocument:bonus_issue_agenda	18302.13,23847.48 18170.15,20328.58
edge:declared:db.NewIssueStockAllocationDocument:new_issue_agenda	18270.03,23847.48 17120.04,22445.97
edge:declared:db.NewIssueStockAllocationRecordDateNoticeDocument:bonus_issue_agenda	20086.75,23863.75 18206.24,20328.58
edge:declared:db.NewIssueStockSubscriptionDocument:new_issue_item	18314.26,25160.49 19333.36,25355.31
edge:declared:db.NewIssueStockUnissuedConfirmationDocument:new_issue_item	18725.60,25399.84 19333.36,25383.63
edge:declared:db.NonUnifiedShareCreateRequest:stock_unissued_confirmation_file	27810.89,28126.38 27970.87,29156.25
edge:declared:db.NonUnifiedShareEtcFile:create_request	27606.33,27333.33 27792.02,28036.38
edge:declared:db.NonUnifiedShareEtcFile:management_history	27564.43,27259.33 27186.31,26823.87
edge:declared:db.NonUnifiedShareManagement:non_unified_share_company	28477.87,25246.84 28596.41,25202.87
edge:declared:db.NonUnifiedShareManagementHistory:create_request	27167.13,26823.87 27781.11,28036.38
edge:declared:db.NonUnifiedShareManagementHistory:management	27183.87,26717.87 28319.56,25336.84
edge:declared:db.NonUnifiedShareManagementHistory:renew_request	27071.60,26717.87 26595.62,26350.62
edge:declared:db.NonUnifiedShareManagementHistory:stock_unissued_confirmation_file	27158.56,26823.87 27962.35,29156.25
edge:declared:db.NonUnifiedShareManagementSalesIntent:non_unified_share_management	29085.43,25054.41 28482.57,25250.79
edge:declared:db.NonUnifiedShareSucPoaDocument:modusign_document	23570.99,20914.30 23413.41,20990.30
edge:declared:db.NonUnifiedShareSucPoaDocument:request	23677.75,20914.30 26513.43,26260.62
edge:declared:db.NonUnifiedShareSucPoaDocument:user_address	23636.07,20832.30 22778.52,19068.25
edge:declared:db.NonUnifiedShareSucRenewRequest:management	26618.05,26260.62 28275.82,25336.84
edge:declared:db.NonUnifiedShareSucRenewRequest:renew_stock_unissued_confirmation_file	26559.69,26350.62 27955.47,29156.25
edge:declared:db.NotarizationPoA:meeting	16615.55,22806.00 16692.01,22763.19
edge:declared:db.NotarizationPoaDirectorSigner:director	16092.82,22900.10 15414.77,22784.38
edge:declared:db.NotarizationPoaDirectorSigner:notarization_poa	16361.82,22890.58 16418.33,22876.94
edge:declared:db.NotarizationPoaShareholderSigner:notarization_poa	16878.58,22992.34 16637.18,22888.00
edge:declared:db.NotarizationPoaShareholderSigner:shareholder	17109.68,23062.71 17526.95,23158.41
edge:declared:db.Notification:company	16251.74,9584.34 16910.95,12249.51
edge:declared:db.NotificationInbox:notification	16222.07,9391.91 16237.71,9510.34
edge:declared:db.Option:company	17511.31,17304.59 16989.14,12683.51
edge:declared:db.Option:grantee	17467.39,17394.59 15603.00,19106.79
edge:declared:db.Option:sealed_contract_file	17624.10,17394.59 20048.87,18407.59
edge:declared:db.Option:source_meeting	17581.47,17394.59 17702.78,17478.47
edge:declared:db.OptionAdjustment:event	16596.29,16064.61 16675.09,16779.43
edge:declared:db.OptionContractTemplatePermission:company	20040.21,10072.73 17154.62,12318.63
edge:declared:db.OptionExerciseClaim:company	13680.74,17727.06 16829.16,12683.51
edge:declared:db.OptionExerciseClaim:financial_account	13646.57,17727.06 13718.01,17002.35
edge:declared:db.OptionExerciseClaimAttachment:attachment_setting_item	14631.80,17518.86 14655.81,17411.32
edge:declared:db.OptionExerciseClaimAttachment:option_exercise_claim	14482.14,17593.07 13770.16,17761.34
edge:declared:db.OptionExerciseClaimCandidate:option_exercise_claim	14130.74,17645.09 13770.16,17753.11
edge:declared:db.OptionExerciseClaimCandidate:option_exercise_management	14292.59,17559.05 15076.48,16139.59
edge:declared:db.OptionExerciseClaimCandidate:option_grantee	14304.47,17649.05 15494.40,19106.79
edge:declared:db.OptionExerciseClaimCandidate:stock_subscription_file	14404.74,17624.31 20048.87,18458.88
edge:declared:db.OptionExerciseClaimDocumentSetting:management	15021.68,16674.74 15102.56,16139.59
edge:declared:db.OptionExerciseClaimEventRelation:_deprecated_payment	13786.83,18165.81 13898.92,18129.70
edge:declared:db.OptionExerciseClaimEventRelation:claim	13657.64,18165.81 13643.20,17857.06
edge:declared:db.OptionExerciseClaimEventRelation:event	13641.95,18247.81 13592.61,18362.66
edge:declared:db.OptionExerciseClaimMeetingDocument:exercise_claim	14929.80,21535.28 14866.77,21482.52
edge:declared:db.OptionExerciseClaimMeetingDocument:grantee	15020.20,21535.28 15192.02,21365.17
edge:declared:db.OptionExerciseClaimOption:option_exercise_claim	13868.18,17818.49 13770.16,17807.13
edge:declared:db.OptionExerciseClaimOptionTaxation:_deprecated_claim	14001.92,17937.62 13770.16,17844.37
edge:declared:db.OptionExerciseClaimOptionTaxation:claim_option	14066.38,17937.62 14015.68,17869.40
edge:declared:db.OptionExerciseClaimPayment:option_exercise_claim	13967.80,18055.70 13720.94,17857.06
edge:declared:db.OptionExerciseManagement:company	15145.75,16009.59 16853.22,12683.51
edge:declared:db.OptionExerciseManagement:excluded_institution_set	14982.38,16125.39 13907.93,16545.21
edge:declared:db.OptionExerciseManagementAttachmentSetting:management	14249.13,17313.93 15067.11,16139.59
edge:declared:db.OptionExerciseManagementAttachmentSettingItem:setting	14466.07,17363.81 14405.86,17360.62
edge:declared:db.OptionExerciseManagementCommonSetting:management	15407.18,16196.43 15242.38,16128.32
edge:declared:db.OptionExerciseManagementEmail:option_exercise_management	15329.59,16468.66 15148.21,16139.59
edge:declared:db.OptionExerciseManagementPaymentBankSetting:company	14975.93,12380.31 16774.62,12458.27
edge:declared:db.OptionExerciseManagementReminderSetting:management	15335.51,16017.64 15242.38,16041.41
edge:declared:db.OptionExerciseManagementTaxation:management	14925.87,16085.34 14982.38,16082.08
edge:declared:db.OptionExerciseManagementTaxationDefaultSetting:company	18641.66,12263.82 17154.62,12443.55
edge:declared:db.OptionGrantContract:_deprecated_template	20384.82,18935.34 19428.33,16229.79
edge:declared:db.OptionGrantContract:_grantee	20274.97,18998.26 16098.53,19188.48
edge:declared:db.OptionGrantContract:contract_file	20386.24,18935.34 20310.19,18703.97
edge:declared:db.OptionGrantContract:template_revision	20397.72,18935.34 20093.95,16545.81
edge:declared:db.OptionGrantContractModusignDocument:option_grant_contract	20875.70,19414.62 20468.51,19049.34
edge:declared:db.OptionGrantContractModusignEmbeddedDraft:option_grant_contract	21287.21,20854.37 20431.98,19049.34
edge:declared:db.OptionGrantContractStakeholder:company	19180.50,15320.03 17133.13,12683.51
edge:declared:db.OptionGrantContractTemplate:_deprecated_stakeholder	19397.20,16123.79 19234.05,15426.03
edge:declared:db.OptionGrantContractTemplate:company	19374.66,16123.79 17107.62,12683.51
edge:declared:db.OptionGrantContractTemplateDraft:company	18602.55,14574.10 17134.75,12683.51
edge:declared:db.OptionGrantContractTemplateDraft:stakeholder_set	18659.97,14648.10 19180.92,15320.03
edge:declared:db.OptionGrantContractTemplateRevision:stakeholder_set	20053.65,16455.81 19262.38,15426.03
edge:declared:db.OptionGrantContractTemplateRevision:template	19993.98,16455.81 19520.60,16229.79
edge:declared:db.OptionGrantEvent:_deprecated_grantee	16184.54,18589.07 15604.76,19106.79
edge:declared:db.OptionGrantEvent:share_class	16295.52,18491.07 16522.76,18292.64
edge:declared:db.OptionManagement:agenda_option_grant	16055.73,19439.54 16540.68,19651.80
edge:declared:db.OptionManagementStakeholderSeat:option_management	15759.14,19356.70 15853.20,19377.03
edge:declared:db.OptionManagementStakeholderSeat:stakeholder_seat	15475.14,19327.35 11793.19,19362.04
edge:declared:db.OptionResumeEvent:pause_event	30177.09,4403.05 30081.98,4503.89
edge:declared:db.OptionTag:category	15661.39,14269.35 15704.37,14211.50
edge:declared:db.OptionTag:company	15660.67,14269.35 16807.67,12683.51
edge:declared:db.OptionTagCategory:company	15758.56,14137.50 16808.00,12683.51
edge:declared:db.OptionTaxCalculatorSetting:company	23675.74,9604.01 17154.62,12385.47
edge:declared:db.OptionValueChange:company	16584.12,10239.69 16927.54,12249.51
edge:declared:db.OptionValueChange:investment_round	16648.25,10239.69 16748.15,10292.16
edge:declared:db.OptionVesting:_deprecated_grant_event	16028.32,18447.59 16127.57,18491.07
edge:declared:db.Order:seal_card	6684.15,8304.73 5310.99,8386.44
edge:declared:db.OrderPromotionRelation:order	7703.23,9590.58 6842.06,8346.35
edge:declared:db.OrderPromotionRelation:promotion	7753.60,9590.58 8146.02,9004.12
edge:declared:db.OrderStaffInChargeRelation:order	6656.86,6785.83 6803.25,8248.35
edge:declared:db.OrderStaffInChargeRelation:staff_in_charge	6526.16,6758.42 5898.24,6805.86
edge:declared:db.OrderStatusHistory:order	5934.79,9962.89 6782.46,8346.35
edge:declared:db.OrganizationChart:company	14452.45,13341.14 16774.62,12532.66
edge:declared:db.OtherDocumentArchive:company	19454.25,16348.89 17103.78,12683.51
edge:declared:db.OtherDocumentArchiveAttachment:other_document_archive	19897.67,17030.93 19502.05,16422.89
edge:declared:db.OwnerRole:company	12489.97,11147.97 16774.62,12410.52
edge:declared:db.OwnerRolePermissionRelation:owner_permission	11854.93,10680.02 11639.39,10594.96
edge:declared:db.OwnerRolePermissionRelation:owner_role	11987.84,10754.02 12314.13,11062.43
edge:declared:db.Payment:_company	20485.24,13443.49 17154.62,12519.24
edge:declared:db.Payment:app_card	20692.99,13536.57 20752.31,13580.06
edge:declared:db.Payment:charge	20485.24,13529.39 20294.52,13602.48
edge:declared:db.Payment:credit_card	20745.24,13474.50 22822.84,13393.46
edge:declared:db.Payment:purchase	20745.24,13512.92 21761.74,13773.67
edge:declared:db.PaymentLink:payment_store	23374.41,13264.83 22782.50,13997.30
edge:declared:db.PaymentLink:question_threads	23286.77,13196.02 20615.29,12683.00
edge:declared:db.PaymentRefund:payment	20846.03,13388.44 20745.24,13428.24
edge:declared:db.PaymentRefund:payment_status_history	20901.02,13314.44 20857.05,13272.42
edge:declared:db.PaymentStatusHistory:payment	20787.55,13272.42 20662.65,13422.57
edge:declared:db.PaymentStore:legal_partner	22671.84,14087.30 21720.71,14663.39
edge:declared:db.Payroll:company	9073.81,4961.99 16774.62,12287.00
edge:declared:db.Payroll:setting	9008.06,4961.99 8823.74,11882.91
edge:declared:db.PayrollAnnualSalaryInfo:employee	11368.21,15036.58 11500.96,15041.07
edge:declared:db.PayrollAnnualSalaryItem:item_setting_relation	11032.79,14056.97 10210.94,12379.42
edge:declared:db.PayrollAnnualSalaryItem:payroll_annual_salary_info	11058.77,14130.97 11242.35,14995.59
edge:declared:db.PayrollDocumentSealStampSetting:_deprecated_ceo	17076.11,15105.19 17389.21,16370.13
edge:declared:db.PayrollDocumentSealStampSetting:company	17064.36,15023.19 16973.09,12683.51
edge:declared:db.PayrollDocumentSealStampSetting:seal_stamp	17082.60,15105.19 17291.47,15619.95
edge:declared:db.PayrollEmployeeMonthlyWage:hrm_emp	8535.93,18527.56 8739.72,18277.71
edge:declared:db.PayrollLedger:company	13676.56,15054.79 16774.62,12616.07
edge:declared:db.PayrollLedgerAttachment:payroll_ldeger	13251.07,14766.85 13553.55,15054.79
edge:declared:db.PayrollLedgerFile:payroll_ledger	13542.84,14759.97 13599.11,15054.79
edge:declared:db.PayrollLedgerFileModificationRequest:payroll_ledger_file	13837.94,14581.58 13614.85,14685.97
edge:declared:db.PayrollLedgerItemSettingRelation:ledger_item	10033.40,12304.52 8913.75,12089.20
edge:declared:db.PayrollLedgerItemSettingRelation:setting	10039.21,12289.42 8947.34,11961.19
edge:declared:db.PayrollManagementRelation:payroll	10948.83,7173.09 9061.74,4961.99
edge:declared:db.PayrollSetting:ledger_item_set	8815.41,11964.91 8802.91,12029.51
edge:declared:db.PayrollSettlement:company_question_thread_set	13728.39,9687.06 18984.74,14210.59
edge:declared:db.PayrollSettlement:payroll	13640.39,9605.06 9069.73,4961.99
edge:declared:db.PayrollSettlementAutoCreation:payroll	9816.80,6167.31 9048.56,4961.99
edge:declared:db.PayrollSettlementAutoCreation:payroll_question_help_template	9844.78,6241.31 10176.94,9035.46
edge:declared:db.PayrollSettlementProgressLog:payroll_settlement	13174.61,9736.98 13556.75,9668.33
edge:declared:db.PayrollSocialInsuranceSetting:hrm	5333.07,16878.49 5352.90,16256.84
edge:declared:db.PayrollStaffUserRelation:payroll	8718.58,5093.83 8917.60,4961.99
edge:declared:db.PayrollStatement:_deprecated_employee	11804.38,15727.15 11666.89,15146.87
edge:declared:db.PayrollStatement:hrm_emp	11741.47,15849.15 9052.82,17969.09
edge:declared:db.PayrollStatement:payroll_ledger	11948.83,15738.75 13485.23,15154.92
edge:declared:db.PayrollStatementAttendance:payroll_statement	11766.90,16124.25 11809.40,15849.15
edge:declared:db.PayrollStatementDocument:payroll_statement	13100.71,15457.31 11948.83,15754.60
edge:declared:db.PayrollStatementEmail:payroll_ledger	13022.94,17067.92 13593.37,15160.79
edge:declared:db.PayrollStatementEmailRecipient:email	12852.22,18585.13 13004.68,17157.92
edge:declared:db.PayrollStatementEmailRecipient:payroll_statement	12832.98,18585.13 11840.95,15849.15
edge:declared:db.PayrollStatementItem:ledger_item_setting_relation	10891.01,12948.89 10240.32,12379.42
edge:declared:db.PayrollStatementItem:payroll_statement	10944.98,13022.89 11799.55,15727.15
edge:declared:db.PayrollStatementPayrollInformation:payroll_statement	12172.22,15764.99 11948.83,15779.63
edge:declared:db.PayrollStatementScheduledEmail:payroll_statement_email	12785.98,17159.12 12885.48,17138.55
edge:declared:db.PayrollStatementScheduledEmailPeriodicTaskRelation:payroll_statement_scheduled_email	12626.60,17325.14 12641.86,17224.74
edge:declared:db.PeriodicOptionVestingItem:periodic_option_vesting	15607.28,18470.59 15612.92,18526.22
edge:declared:db.PhantomStock:company	12044.55,17107.27 16774.62,12645.72
edge:declared:db.PhantomStock:grantee	12001.27,17205.27 12165.20,18132.18
edge:declared:db.PhantomStockGrantContract:phantom_stock	11755.13,17443.95 11952.15,17205.27
edge:declared:db.PhantomStockResumeEvent:pause_event	16487.46,16188.93 16381.18,16235.03
edge:declared:db.PhantomStockVesting:phantom_stock	11713.66,17619.30 11963.08,17205.27
edge:declared:db.PhantomStockVestingItem:phantom_stock_vesting	11633.48,17934.66 11683.68,17693.30
edge:declared:db.PhantomStockVestingTraceable:phantom_stock	11864.07,17791.99 11982.69,17205.27
edge:declared:db.PhantomStockVestingTraceable:source_vesting_item	11798.16,17865.99 11689.70,17934.66
edge:declared:db.PhoneVerification:phone	9582.71,14002.28 8068.30,12573.25
edge:declared:db.PingpongDelivery:dropoff_address	20260.76,12423.34 22348.52,14163.07
edge:declared:db.PitchingDayHall:assigned_irs	30658.43,8690.01 27472.95,7635.18
edge:declared:db.PitchingDayHallAccessLog:pitching_day_hall	30912.53,8954.36 30808.65,8776.07
edge:declared:db.PitchingDayHallAccessLog:venture_capital	30951.26,9028.36 32446.34,12250.52
edge:declared:db.PitchingDayHallAssignedIrs:investor_relations	29117.86,8001.39 27472.95,7619.90
edge:declared:db.PitchingDayHallAssignedIrs:pitching_day_hall	29326.10,8067.84 30683.62,8686.07
edge:declared:db.PortalMenuVisibilitySetting:company	17556.60,10237.25 17022.25,12249.51
edge:declared:db.PortalSetting:company	21005.72,10086.44 17154.62,12354.61
edge:declared:db.PortfolioCompany:company	27275.26,14283.47 17154.62,12499.99
edge:declared:db.PortfolioCompany:venture_capital	27535.26,14259.53 32357.46,12521.83
edge:declared:db.PortfolioCompanyFund:fund	28483.54,14414.75 30050.08,13715.77
edge:declared:db.PortfolioCompanyFund:portfolio_company	28282.62,14434.52 27535.26,14325.37
edge:declared:db.PortfolioCompanyManager:portfolio_company	27409.18,17016.11 27405.35,14371.38
edge:declared:db.PortfolioCompanyUserRelation:portfolio_company	27537.52,14413.40 27485.59,14371.38
edge:declared:db.PrivacyPolicyLog:privacy_policy	5715.39,29969.49 5725.03,29876.30
edge:declared:db.PromotionAddress:promotion	8103.98,7240.24 8169.35,8930.12
edge:declared:db.PromotionCodeUsageHistory:promotion_code	24309.32,12617.97 24206.78,12411.41
edge:declared:db.PromotionCodeUsageHistory:service_fee_item	24321.65,12691.97 24301.71,12814.02
edge:declared:db.Purchase:_corporate_registration_paid_issue	21761.74,13814.68 20182.74,13847.17
edge:declared:db.Purchase:_credit	21761.74,13817.10 20585.67,13860.54
edge:declared:db.Purchase:_deprecated_payment_store	22057.74,13852.45 22622.14,14008.10
edge:declared:db.Purchase:_incorporation_request	21871.23,13916.64 21154.78,15869.89
edge:declared:db.Purchase:_invitation_seat_request	21761.74,13771.28 12765.99,11318.19
edge:declared:db.Purchase:_meeting	21796.67,13916.64 17976.78,17463.80
edge:declared:db.Purchase:_payment_store_legal_partner	21871.63,13916.64 21612.08,14631.67
edge:declared:db.Purchase:_subscription_payment_request	21877.00,13706.64 21266.11,11747.60
edge:declared:db.Purchase:basket	22015.08,13706.64 22124.33,13597.75
edge:declared:db.Purchase:company	21761.74,13771.38 17154.62,12518.19
edge:declared:db.Purchase:investment_association	22057.74,13888.27 27213.38,16557.73
edge:declared:db.Purchase:service_fee	22057.74,13749.87 22374.48,13617.67
edge:declared:db.Purchase:venture_capital	22057.74,13792.76 32357.46,12478.99
edge:declared:db.PurchaseItem:payment_store	22713.16,13925.38 22733.45,13997.30
edge:declared:db.PurchaseItem:purchase	22584.72,13876.96 22057.74,13825.96
edge:declared:db.PurchaseStatusHistory:purchase	21386.48,13750.77 21761.74,13794.42
edge:declared:db.Purpose:articles_of_incorporation	17902.52,15044.82 17782.56,15257.22
edge:declared:db.Purpose:industrial_code	17915.35,14970.82 17873.42,14778.62
edge:declared:db.QrReplyPasswordReset:request	23399.70,16373.08 23368.10,16647.20
edge:declared:db.QrReplyPasswordResetRequest:reply	23340.56,16721.20 23064.59,17160.09
edge:declared:db.QuarterlyReportRequest:quarterly_report	25963.54,16785.86 26550.87,16049.32
edge:declared:db.QuarterlyReportRequestAttachment:quarterly_report_request	25566.36,16867.74 25757.66,16848.21
edge:declared:db.QuarterlyReportRequestRecipient:email_activity_recipient	27361.23,17276.99 23752.08,23064.19
edge:declared:db.QuarterlyReportRequestRecipient:portfolio_company	27389.54,17186.99 27404.91,14371.38
edge:declared:db.QuarterlyReportRequestRecipient:portfolio_company_manager	27394.31,17186.99 27405.11,17090.11
edge:declared:db.QuarterlyReportRequestRecipient:quarterly_report_request	27225.32,17186.99 26091.63,16875.86
edge:declared:db.QuarterlyReportRequestReportItem:quarterly_report_item	25480.28,16715.43 25395.76,16628.89
edge:declared:db.QuarterlyReportRequestReportItem:quarterly_report_request	25665.92,16753.84 25774.73,16785.86
edge:declared:db.QuarterlyReportSettings:quarterly_report	26465.67,15966.97 26528.60,15974.58
edge:declared:db.QuarterlyReportSignupChannel:portfolio_company	25678.31,14795.07 27275.26,14343.17
edge:declared:db.QuarterlyReportSignupChannel:quarterly_report	25581.44,14874.84 26619.31,15935.32
edge:declared:db.QuestionMessageAttachment:message	21420.22,15069.23 22788.13,11525.34
edge:declared:db.QuestionMessageScheduled:question_thread_message	23042.88,10941.49 22848.69,11379.34
edge:declared:db.QuestionThread:_company	20355.29,12650.46 17154.62,12476.82
edge:declared:db.QuestionThreadAssignment:question_thread	19725.64,12753.81 20355.29,12673.99
edge:declared:db.QuestionThreadMessage:question_thread	22680.31,11522.65 20615.29,12590.30
edge:declared:db.QuestionThreadMessageAccessLog:message	22922.53,11786.30 22839.53,11525.34
edge:declared:db.QuestionThreadMessageCategory:question_thread_message	23600.18,11532.04 22952.31,11466.17
edge:declared:db.QuestionThreadMessagePeriodicTaskRelation:question_message_scheduled	22940.91,10786.67 23022.12,10867.49
edge:declared:db.QuestionThreadMessageProfile:message	23221.56,11238.90 22952.31,11380.71
edge:declared:db.QuestionThreadMessageReminder:message	23600.18,11631.05 22952.31,11483.35
edge:declared:db.QuestionThreadMessageReview:message	23315.62,11740.71 22942.71,11525.34
edge:declared:db.QuestionThreadMessageReviewRequest:message	23630.25,11740.71 22952.31,11500.52
edge:declared:db.QuestionThreadTag:question_thread_set	20525.46,12899.32 20496.75,12726.51
edge:declared:db.RebootProductContactRequest:company	14983.20,12004.41 16774.62,12422.20
edge:declared:db.RegisteredMail:order_status_history	5652.54,10053.28 5789.29,10027.38
edge:declared:db.RegisteredMail:seal_card_return_status_history	5528.13,10038.63 5495.48,9850.15
edge:declared:db.Registration:meeting	15988.68,19485.32 17736.39,17697.80
edge:declared:db.RegistrationAgenda:agenda_ceo_address_change	14336.82,21782.13 14603.46,22044.36
edge:declared:db.RegistrationAgenda:agenda_director_change	14292.96,21782.13 14335.28,22782.08
edge:declared:db.RegistrationAgenda:agenda_option_exercise	14399.38,21782.13 14541.34,21841.11
edge:declared:db.RegistrationAgenda:registration	14324.80,21692.13 15917.86,19567.32
edge:declared:db.RegistrationAssistance:legal_partner	20875.57,16807.56 21524.59,14881.67
edge:declared:db.RegistrationAssistance:meeting	20737.75,16878.72 17998.78,17544.81
edge:declared:db.RegistrationAssistanceReceipt:registration_assistance	20954.10,16931.58 20907.36,16889.56
edge:declared:db.RegistrationCaseReport:company	14982.49,8317.13 16860.96,12249.51
edge:declared:db.RegistrationCaseReport:jurisdiction	14965.25,8317.13 14983.39,9887.00
edge:declared:db.RegistrationCaseReportUpdateLog:company	20261.84,9676.06 17154.62,12305.71
edge:declared:db.RegistrationDirector:registration	16045.46,19647.24 15981.44,19567.32
edge:declared:db.RegistrationFormCaptable:agenda	18729.26,23669.76 17939.91,21522.88
edge:declared:db.RegistrationFormCaptableDocument:captable	17927.25,24590.01 18706.23,23751.76
edge:declared:db.RegistrationFormCaptableNotarizationRequestor:registration_form_captable	18315.80,23301.03 18701.45,23669.76
edge:declared:db.RegistrationFormCaptableNotarizationRequestor:shareholder	18079.60,23242.05 17901.95,23222.28
edge:declared:db.RegistrationFormHeadOfficeInsideRelocationDocument:head_office_relocation_agenda	19329.58,23815.34 18744.46,21713.82
edge:declared:db.RegistrationFormHeadOfficeOutsideRelocationDocument:head_office_relocation_agenda	19605.07,23940.23 18750.06,21713.82
edge:declared:db.RegistrationHelp:company_question_thread	18102.30,16768.18 19052.62,14388.59
edge:declared:db.RegistrationHelp:meeting	18076.23,16842.18 17886.49,17463.80
edge:declared:db.ResignationLetterDocument:director_change_agenda	14846.18,24214.90 14357.06,22888.08
edge:declared:db.RightToConsentOrConsult:company	15604.95,16632.02 16893.79,12683.51
edge:inheritance:db.RsuAdjustEvent->db.Event	16170.76,16654.42 16539.11,16821.36
edge:declared:db.RsuExerciseClaim:company	15134.68,15384.09 16828.52,12683.51
edge:declared:db.RsuExerciseClaim:financial_account	15053.25,15490.09 13767.39,16904.35
edge:declared:db.RsuExerciseClaimAttachment:attachment_setting_item	14725.23,15565.37 14654.96,15632.15
edge:declared:db.RsuExerciseClaimAttachment:rsu_exercise_claim	14887.66,15494.95 14977.44,15470.65
edge:declared:db.RsuExerciseClaimCandidate:hrm_emp	13979.32,16525.33 9052.82,18051.43
edge:declared:db.RsuExerciseClaimCandidate:rsu_exercise_claim	14151.84,16437.30 15051.12,15490.09
edge:declared:db.RsuExerciseClaimCandidate:rsu_exercise_management	14096.50,16437.30 14033.41,16086.67
edge:declared:db.RsuExerciseClaimCandidate:rsu_grantee	14118.19,16535.30 14202.02,16854.50
edge:declared:db.RsuExerciseClaimCandidateEmailRecipient:candidate	14364.67,16619.79 14200.52,16535.30
edge:declared:db.RsuExerciseClaimEventRelation:claim	15479.07,15625.95 15207.41,15490.09
edge:declared:db.RsuExerciseClaimEventRelation:event	15581.64,15699.95 16145.92,16430.24
edge:declared:db.RsuExerciseClaimRsu:rsu	15598.05,15305.17 15892.29,15278.01
edge:declared:db.RsuExerciseClaimRsu:rsu_exercise_claim	15364.30,15353.07 15225.44,15397.45
edge:declared:db.RsuExerciseManagement:company	14064.93,15988.67 16785.97,12683.51
edge:declared:db.RsuExerciseManagement:excluded_institution_set	14004.03,16086.67 13811.64,16545.21
edge:declared:db.RsuExerciseManagementAttachmentSetting:management	14388.10,15868.34 14129.78,15988.67
edge:declared:db.RsuExerciseManagementAttachmentSettingItem:setting	14582.15,15706.15 14501.41,15794.34
edge:declared:db.RsuExerciseManagementEmail:rsu_exercise_management	14292.12,16233.05 14091.69,16086.67
edge:declared:db.RsuExtraAttachment:rsu	16352.36,14908.78 16094.62,15192.45
edge:declared:db.RsuGrantContract:rsu	16520.99,15047.97 16164.29,15205.42
edge:declared:db.RsuGrantContract:template	16627.44,14957.97 16695.00,14283.36
edge:declared:db.RsuGrantContractModusignDocument:rsu_grant_contract	21002.73,19266.51 16669.16,15047.97
edge:declared:db.RsuGrantContractTemplate:company	16823.11,14201.36 16924.95,12683.51
edge:declared:db.RsuGrantContractTemplate:stakeholder_set	16697.15,14201.36 16684.17,13930.63
edge:declared:db.RsuGrantContractTemplateStakeholder:company	16689.72,13856.63 16921.71,12683.51
edge:declared:db.RsuMeeting:company	16894.54,15260.78 16959.18,12683.51
edge:declared:db.RsuMeeting:meeting	16912.35,15350.78 17801.55,17463.80
edge:declared:db.RsuMeetingAttachment:meeting	16518.49,15405.82 16769.42,15338.87
edge:declared:db.RsuPerformanceCondition:company	15963.92,14386.08 16851.50,12683.51
edge:declared:db.RsuResumeEvent:pause_event	16280.00,17272.18 16155.35,17355.62
edge:declared:db.RsuRsa:company	16052.71,15192.45 16892.03,12683.51
edge:declared:db.RsuRsa:grantee	15946.98,15338.45 14258.45,16854.50
edge:declared:db.RsuRsa:grantee_hrm_emp	15892.29,15319.47 9052.82,18036.38
edge:declared:db.RsuRsa:source_meeting	16164.29,15271.79 16769.42,15300.00
edge:declared:db.RsuRsaSealedContractFile:company	16459.21,14501.16 16910.72,12683.51
edge:declared:db.RsuRsaSealedContractFile:grant_contract	16463.78,14575.16 16606.20,14957.97
edge:declared:db.RsuTag:category	16302.20,14327.45 16246.18,14267.16
edge:declared:db.RsuTag:company	16353.76,14327.45 16893.39,12683.51
edge:declared:db.RsuTag:rsu_set	16326.04,14409.45 16053.68,15192.45
edge:declared:db.RsuTagCategory:company	16227.59,14193.16 16871.99,12683.51
edge:declared:db.RsuVesting:rsu	15647.36,15201.42 15892.29,15242.59
edge:declared:db.RsuVestingItem:performance_condition	15719.15,14808.20 15922.97,14460.08
edge:declared:db.RsuVestingItem:rsu_vesting	15670.40,14898.20 15547.78,15144.58
edge:declared:db.RsuVestingTraceable:rsu	15908.21,15126.72 15965.11,15192.45
edge:declared:db.RsuVestingTraceable:source_vesting_item	15847.50,15052.72 15727.69,14898.20
edge:declared:db.RtccConsentSummary:company	15679.57,10982.59 16776.70,12249.51
edge:declared:db.RtccConsentSummary:source_result	15625.13,10908.59 15319.99,10404.44
edge:declared:db.RtccEmail:right_to_consent_or_consult	15502.42,17047.42 15581.81,16714.02
edge:declared:db.RtccEmailAuthentication:rtcc_investor	16123.52,17629.54 16048.18,17684.46
edge:declared:db.RtccInvestor:right_to_consent_or_consult	15969.63,17684.46 15606.90,16714.02
edge:declared:db.RtccInvestor:stakeholder	15893.36,17774.46 12852.68,19244.30
edge:declared:db.RtccInvestorFile:investor	17240.90,17715.55 16141.95,17727.74
edge:declared:db.RtccSummaryAnalysisRequest:company	15671.32,10160.12 16842.94,12249.51
edge:declared:db.RtccSummaryAnalysisRequestDocument:document	15731.50,10304.25 18592.56,15317.32
edge:declared:db.RtccSummaryAnalysisRequestDocument:request	15694.88,10230.25 15665.50,10160.12
edge:declared:db.RtccSummaryAnalysisResult:request	15354.43,10322.44 15589.07,10160.12
edge:declared:db.RtccSummaryAnalysisResultDocument:document	15224.46,9413.92 18592.57,15317.32
edge:declared:db.RtccSummaryAnalysisResultDocument:result	15206.79,9413.92 15291.35,10322.44
edge:declared:db.Safe:company	14912.96,14715.85 16774.62,12674.82
edge:declared:db.Safe:holder	14843.92,14789.85 13826.98,15856.14
edge:declared:db.SafeCreateEvent:contract_file	17517.41,17553.22 20048.87,18421.78
edge:declared:db.SalesMetric:legal_partner	22125.79,14706.38 21720.71,14742.82
edge:declared:db.SdContactRequest:secondary_deal	32589.63,8593.53 33306.65,6275.29
edge:declared:db.SdContactRequest:venture_capital	32577.83,8667.53 32543.43,12250.52
edge:declared:db.SealCardReturnRequest:seal_card	4690.12,8469.95 5062.99,8412.82
edge:declared:db.SealCardReturnStatusHistory:seal_card_return_request	5459.74,9768.15 4594.76,8529.95
edge:declared:db.SealCertificateDelivery:company	19316.38,12402.86 17154.62,12461.37
edge:declared:db.SealCertificateDelivery:seal_card_pickup_delivery	19564.38,12395.40 20077.96,12378.43
edge:declared:db.SealCertificateIssueRequest:delivery	19547.99,12490.52 19498.31,12448.50
edge:declared:db.SealStamp:attachment	17417.85,15725.95 20048.87,18300.82
edge:declared:db.SealStamp:company	17307.22,15619.95 16988.20,12683.51
edge:declared:db.SealStamp:director	17319.47,15725.95 17398.34,16370.13
edge:declared:db.SealStampCardContinuedUseApplicationFormDocument:stakeholder	12166.55,23139.50 12665.28,19481.54
edge:declared:db.SealStampDeclarationDocument:stakeholder	12454.36,22895.39 12676.47,19481.54
edge:declared:db.SealStampImage:seal_stamp	17686.33,15783.97 17436.98,15709.82
edge:declared:db.SealStampUsageHistory:employee	13103.19,15270.73 11784.96,15067.74
edge:declared:db.SealStampUsageHistory:payroll_statement_document	13223.91,15342.83 13221.00,15389.86
edge:declared:db.SealStampUsageHistory:seal_stamp	13351.19,15301.46 17188.98,15661.32
edge:declared:db.SealStampUsageHistory:wht_book	13103.19,15294.79 12384.65,15323.51
edge:declared:db.SealStampUsageHistory:wht_certificate	13246.91,15236.83 13271.77,15170.04
edge:declared:db.SealStampUsageHistory:wht_receipt	13103.19,15246.58 12967.84,15199.37
edge:declared:db.SecondaryDeal:assigned_investors	33328.66,6275.29 32567.57,12250.52
edge:declared:db.SecondaryDeal:business_line	33190.07,6134.56 32755.93,6078.92
edge:declared:db.SecondaryDeal:corporate_registration	33190.07,6050.45 33042.96,5951.26
edge:declared:db.SecondaryDeal:operating_profit	33319.86,6033.29 33043.86,4654.06
edge:declared:db.SelfRegistration:meeting	18091.94,17417.64 17998.78,17480.67
edge:declared:db.ServiceFee:basket	22348.72,13570.33 22279.45,13566.79
edge:declared:db.ServiceFeeItem:product	24214.75,12814.02 23221.03,12306.37
edge:declared:db.ServiceFeeItem:service_fee	24191.48,12896.02 22576.25,13535.67
edge:declared:db.ShareClass:company	16586.96,18186.64 16950.29,12683.51
edge:declared:db.ShareholderInstitutionMember:institution	12864.64,21971.14 13174.25,22666.06
edge:declared:db.ShareholderInstitutionMember:manager	12832.14,21889.14 12746.39,21641.98
edge:declared:db.ShareholderInstitutionMemberCeo:member	12811.76,22574.59 12844.17,21971.14
edge:declared:db.ShareholderVote:agenda	17872.13,22696.08 17932.57,21522.88
edge:declared:db.ShareholderVote:attended_shareholder	17793.24,22770.08 17727.05,23132.41
edge:declared:db.ShareholderVotingRightsPerAgenda:agenda	17642.72,22574.37 17861.09,21522.88
edge:declared:db.ShareholderVotingRightsPerAgenda:shareholder	17640.01,22648.37 17705.16,23132.41
edge:declared:db.ShareholdersAgreementStakeholder:stakeholder	11968.03,19095.99 12520.68,19271.75
edge:declared:db.ShareholdersMeeting:chairperson	16685.24,22699.25 15414.77,22748.75
edge:declared:db.ShareholdersMeeting:meeting	16829.21,22625.19 17827.09,17697.80
edge:declared:db.ShareholdersMeeting:sealed_meeting_minutes_file	16871.39,22625.19 20062.29,18703.97
edge:declared:db.ShareholdersMeetingAgenda:agenda_authorized_shares_change	17729.54,21489.23 17413.90,21693.11
edge:declared:db.ShareholdersMeetingAgenda:agenda_bonus_issue	17923.22,21248.88 18149.47,20328.58
edge:declared:db.ShareholdersMeetingAgenda:agenda_branch_change	17901.25,21248.88 18000.02,20093.97
edge:declared:db.ShareholdersMeetingAgenda:agenda_change_of_articles_of_incorporation	18049.54,21362.24 19018.55,20625.73
edge:declared:db.ShareholdersMeetingAgenda:agenda_co_ceo_system_change	17729.54,21338.73 17009.40,21126.53
edge:declared:db.ShareholdersMeetingAgenda:agenda_company_name_change	17856.44,21248.88 17787.35,20962.97
edge:declared:db.ShareholdersMeetingAgenda:agenda_custom	17729.54,21305.41 17073.92,20975.72
edge:declared:db.ShareholdersMeetingAgenda:agenda_director_change	17729.54,21451.15 14461.52,22784.49
edge:declared:db.ShareholdersMeetingAgenda:agenda_director_compensation_decision	17729.54,21430.00 16558.58,21752.92
edge:declared:db.ShareholdersMeetingAgenda:agenda_director_compensation_rule	17729.54,21315.31 17465.48,21198.85
edge:declared:db.ShareholdersMeetingAgenda:agenda_financial_statements	17923.54,21248.88 18250.36,19931.96
edge:declared:db.ShareholdersMeetingAgenda:agenda_head_office_relocation	18049.54,21438.24 18600.21,21618.44
edge:declared:db.ShareholdersMeetingAgenda:agenda_head_office_relocation_aoi_change	18008.96,21522.88 18559.01,22153.86
edge:declared:db.ShareholdersMeetingAgenda:agenda_method_of_giving_public_notice_change	17859.35,21248.88 17715.70,20597.00
edge:declared:db.ShareholdersMeetingAgenda:agenda_new_issue	17729.54,21522.88 17099.83,22275.97
edge:declared:db.ShareholdersMeetingAgenda:agenda_new_options_rule	17729.54,21264.38 17482.08,21076.47
edge:declared:db.ShareholdersMeetingAgenda:agenda_new_or_change_rsu_rule	17776.05,21248.88 17504.11,20920.60
edge:declared:db.ShareholdersMeetingAgenda:agenda_option_cancel	17729.54,21343.89 16270.24,20960.96
edge:declared:db.ShareholdersMeetingAgenda:agenda_option_grant	17788.47,21248.88 16676.69,19741.80
edge:declared:db.ShareholdersMeetingAgenda:agenda_purpose_change	18028.98,21522.88 18153.68,21645.39
edge:declared:db.ShareholdersMeetingAgenda:agenda_rsu_grant	17729.54,21309.27 16661.59,20797.99
edge:declared:db.ShareholdersMeetingAgenda:agenda_subsidiary_establishment	17729.54,21408.04 16816.33,21534.57
edge:declared:db.ShareholdersMeetingAgenda:meeting	17777.04,21522.88 16871.90,22625.19
edge:declared:db.ShareholdersMeetingConvocationNoticeEmail:shareholders_meeting	18399.04,20794.45 16872.76,22625.19
edge:declared:db.ShareholdersMeetingConvocationNoticeEmailAttachment:convocation_notice_email	19639.78,20425.79 18623.82,20696.45
edge:declared:db.ShareholdersMeetingConvocationNoticeEmailNewIssueAttachment:email	17321.73,22148.01 18400.33,20794.45
edge:declared:db.ShareholdersMeetingConvocationNoticeEmailNewIssueAttachment:new_issue	17404.48,22222.01 17186.29,22307.61
edge:declared:db.ShareholdersMeetingConvocationNoticeEmailRecipient:email_activity_recipient	21884.69,22421.08 23597.52,23066.47
edge:declared:db.ShareholdersMeetingConvocationNoticeRecipient:bulk_email_recipient	20429.88,21905.24 17933.38,19178.66
edge:declared:db.ShareholdersMeetingConvocationNoticeRecipient:convocation_notice_email	20395.13,21905.24 18520.41,20794.45
edge:declared:db.ShareholdersMeetingConvocationNoticeRecipient:shareholder	20371.93,21995.24 17866.47,23132.41
edge:declared:db.ShareholdersMeetingDirectorAttendance:stakeholder	15208.20,22706.37 12801.12,19481.54
edge:declared:db.ShareholdersMeetingPowerOfAttorneyIndividualDocument:shareholder	17165.94,23555.03 17607.42,23270.41
edge:declared:db.ShareholdersMeetingShareholderAttendance:meeting	17592.13,23132.41 16937.56,22763.19
edge:declared:db.ShareholdersMeetingShareholderAttendance:original_shareholder	17526.95,23181.86 13333.21,22744.61
edge:declared:db.ShareholdersMeetingShortenPeriodIndividualDocument:shareholder	17423.04,23231.99 17526.95,23221.08
edge:declared:db.ShareholdersMeetingWrittenDecisionIndividualDocument:shareholder	17294.25,23731.97 17659.80,23270.41
edge:declared:db.Stakeholder:company	12784.62,19167.54 16829.26,12683.51
edge:declared:db.Stakeholder:standardized_address	12852.68,19318.23 22563.75,18949.10
edge:declared:db.StakeholderAccount:account	13361.65,17935.14 13704.81,17002.35
edge:declared:db.StakeholderAccount:stakeholder	13329.95,18009.14 12763.46,19167.54
edge:declared:db.StakeholderCustodian:stakeholder	12308.31,19299.45 12520.68,19313.53
edge:declared:db.StakeholderSeat:stakeholder	11793.19,19359.33 12520.68,19336.59
edge:declared:db.StarredQuestionThread:question_thread	20130.70,12806.80 20355.29,12712.25
edge:declared:db.Stock:company	16565.34,18415.79 16950.06,12683.51
edge:declared:db.Stock:share_class	16566.53,18415.79 16578.37,18292.64
edge:declared:db.Stock:shareholder	16530.37,18497.79 13254.30,22666.06
edge:declared:db.StockDocumentAnalysis:document_ai_process_request	25820.92,27607.59 26369.23,27351.41
edge:declared:db.StockDocumentAnalysis:stock_reregistration_event	25769.97,27681.59 25875.47,27819.83
edge:declared:db.StockTransferAgreement:company	17765.33,18485.52 16993.49,12683.51
edge:declared:db.StockTransferAgreement:purchaser	17639.57,18582.88 12852.68,19299.68
edge:declared:db.StockTransferAgreement:sealed_agreement_file	17911.57,18571.17 20048.87,18496.78
edge:declared:db.StockTransferAgreement:seller	17642.95,18639.52 13287.65,22666.06
edge:declared:db.StockTransferAgreement:stock_transfer_event	17666.20,18485.52 17539.51,18396.32
edge:declared:db.StockTransferAgreementClauses:stock_transfer_agreement	17927.96,18325.64 17911.57,18503.81
edge:declared:db.StockTransferAgreementItem:agreement	17220.35,18359.11 17639.57,18512.69
edge:declared:db.StockTransferAgreementItem:share_class	16995.85,18303.10 16707.46,18258.72
edge:declared:db.StockTransferAgreementManagement:company	18156.28,13151.61 17154.62,12575.74
edge:declared:db.StockTransferAgreementManagement:related_tax_advices	18386.06,13160.32 20355.29,12688.65
edge:declared:db.StockTransferAgreementManagement:stock_transfer_agreement	18230.71,13241.61 17782.16,18485.52
edge:declared:db.StockTransferAgreementManagementStakeholderSeat:stakeholder_seat	9894.25,8571.11 11662.12,19322.21
edge:declared:db.StockTransferAgreementManagementStakeholderSeat:stock_transfer_agreement_management	9954.41,8571.11 18156.07,13151.61
edge:declared:db.StockTransferAgreementModusignDocument:stock_transfer_agreement	20098.99,20217.20 17883.69,18639.52
edge:declared:db.StockTransferAgreementModusignEmbeddedDraft:stock_transfer_agreement	20282.70,20569.69 17871.22,18639.52
edge:declared:db.StockTransferAgreementPurchaserInstitution:agreement	17944.46,18934.50 17820.60,18639.52
edge:declared:db.StockTransferAgreementSellerInstitution:agreement	18290.88,18750.36 17911.57,18612.09
edge:declared:db.StockTransferAgreementSurvey:company	19597.09,9438.58 17153.28,12249.51
edge:declared:db.StockTransferPrice:share_class	17245.00,18182.99 16707.46,18229.02
edge:declared:db.StockTransferPrice:stock_transfer_event	17387.60,18209.89 17462.35,18322.32
edge:declared:db.StockUnissuedConfirmationRequest:company	18971.74,16204.93 17081.13,12683.51
edge:declared:db.StockUnissuedConfirmationRequest:stock_unissued_confirmation_file	19016.53,16286.93 20118.31,18269.97
edge:declared:db.StripeCard:customer	6254.03,7287.11 6300.14,7658.11
edge:declared:db.StripePayment:card	5456.35,7938.15 6206.78,7287.11
edge:declared:db.StripePayment:order	5533.09,8007.35 6684.15,8269.15
edge:declared:db.StripePayment:seal_card_return_request	5341.30,8020.15 4633.91,8447.95
edge:declared:db.Subscription:company	20780.35,11218.75 17154.62,12404.38
edge:declared:db.Subscription:subscription_contract	20780.35,11221.18 19599.11,11628.51
edge:declared:db.Subscription:subscription_package	20780.35,11233.37 19870.96,11628.51
edge:declared:db.Subscription:subscription_plan	20870.25,11255.28 20437.56,12015.58
edge:declared:db.Subscription:subscription_policy	20780.35,11252.29 19861.73,11779.24
edge:declared:db.Subscription:subscription_promotion	20780.35,11203.71 20132.18,11343.96
edge:declared:db.SubscriptionBonus:subscription	21487.45,11273.10 21052.35,11197.81
edge:declared:db.SubscriptionContract:company	19375.07,11702.51 17154.62,12406.29
edge:declared:db.SubscriptionModusignDocumentUsageHistory:subscription	24019.35,13701.24 21015.81,11255.28
edge:declared:db.SubscriptionPackage:company	19667.81,11699.01 17154.62,12412.56
edge:declared:db.SubscriptionPaymentRequest:company	21127.32,11728.93 17154.62,12432.84
edge:declared:db.SubscriptionPaymentRequest:subscription	21227.37,11665.60 20967.62,11255.28
edge:declared:db.SubscriptionPenaltyPayment:company	19371.81,11814.04 17154.62,12415.01
edge:declared:db.SubscriptionPenaltyPayment:subscription	19578.61,11744.51 20780.35,11232.25
edge:declared:db.SubscriptionPeriod:subscription	21784.77,10889.50 21052.35,11129.68
edge:declared:db.SubscriptionPerk:subscription	21440.83,11436.85 21052.35,11242.37
edge:declared:db.SubscriptionPlan:permissions	20275.12,12065.37 19951.48,12047.43
edge:declared:db.SubscriptionPlanOffering:subscription_plan	20593.69,12041.02 20535.12,12050.82
edge:declared:db.SubscriptionPlanPerk:subscription_plan	20625.64,11942.25 20501.56,12015.58
edge:declared:db.SubscriptionPolicy:company	19679.23,11844.89 17154.62,12420.38
edge:declared:db.SubscriptionPromotion:company	19911.33,11406.49 17154.62,12398.16
edge:declared:db.SubscriptionReservation:company	19216.66,12219.90 17154.62,12445.70
edge:declared:db.SubscriptionReservation:subscription_plan	19452.66,12192.16 20275.12,12088.90
edge:declared:db.SubscriptionSuspensionHistory:subscription	21411.14,11151.28 21052.35,11167.96
edge:declared:db.TalingCoupon:_company	13181.80,11769.23 16774.62,12431.49
edge:declared:db.TaxBookkeepingServiceRequest:company	20507.37,14284.40 17154.62,12564.00
edge:declared:db.TaxBookkeepingServiceRequest:incorporation_request	20600.42,14366.40 21082.60,15869.89
edge:declared:db.TaxPartnerTbkContract:legal_partner	22531.43,14445.57 21720.71,14707.01
edge:declared:db.TaxPartnerTbkContractItem:tax_partner_tbk_contract	22679.20,14606.80 22652.33,14445.57
edge:declared:db.TaxPartnerTbkSettings:legal_partner	21828.06,15698.88 21601.38,14881.67
edge:declared:db.TbkConsulting:tax_bookkeeping_service_request	20834.82,14256.40 20724.27,14287.21
edge:declared:db.TbkConsulting:tbk_question_thread	20834.82,14226.99 19230.16,14293.69
edge:declared:db.TbkConsultingMemo:tbk_consulting	21262.10,14062.27 21051.95,14172.83
edge:declared:db.TbkConsultingRefusal:incorporation_request	20810.46,15540.71 21042.31,15869.89
edge:declared:db.TbkConsultingStatusLog:tbk_consulting	20858.30,13987.41 20937.81,14172.83
edge:declared:db.TbkContract:tbk_consulting	22062.98,15052.51 21023.95,14270.83
edge:declared:db.TbkContractBenefit:tbk_contract	22200.92,15176.53 22158.68,15134.51
edge:declared:db.TbkContractSettlement:tbk_contract	22165.93,15010.49 22141.41,15052.51
edge:declared:db.ThirdPartyArticleProviderUserRelation:article_provider	20124.45,19992.72 20121.04,19945.00
edge:declared:db.UserApiKeyCompanyAccess:api_key	17769.82,8205.17 18157.19,7547.80
edge:declared:db.UserApiKeyCompanyAccess:selected_companies	17738.07,8287.17 17004.78,12249.51
edge:declared:db.UserApiKeyCompanyRelation:company	17565.20,7841.69 16992.80,12249.51
edge:declared:db.UserApiKeyCompanyRelation:company_access	17584.72,7841.69 17729.35,8205.17
edge:declared:db.UserApiKeyRevocation:api_key	17878.20,7490.00 18057.35,7499.93
edge:declared:db.UserInvitation:company	12617.04,11781.94 16774.62,12436.59
edge:declared:db.UserInvitation:company_user_relation	12380.88,11807.42 11101.34,12320.80
edge:declared:db.UserInvitationInvitee:invitation	11112.64,12666.77 12424.35,11807.42
edge:declared:db.UserInvitationInvitee:stakeholder	11065.27,12740.77 12648.02,19167.54
edge:declared:db.UserInvitationOwnerRoleRelation:owner_role	12291.28,11299.76 12346.54,11160.43
edge:declared:db.UserInvitationOwnerRoleRelation:user_invitation	12295.42,11373.76 12470.16,11717.42
edge:declared:db.UserProfileImageMapping:profile_image	21084.25,18792.39 21025.27,18776.65
edge:declared:db.UserSealCardRelation:seal_card	4982.38,8539.63 5129.46,8434.82
edge:declared:db.ValuationHistory:company	18673.90,12498.67 17154.62,12470.08
edge:declared:db.ValuationServiceRequest:company	17815.37,13356.41 17154.62,12665.25
edge:declared:db.ValuationServiceRequest:company_question_thread	17901.26,13430.41 18966.63,14210.59
edge:declared:db.VcIrRecommendationRequest:venture_capital	31103.25,9777.84 32431.35,12250.52
edge:declared:db.VcIrRecommendationRequestResult:investor_relations	29744.96,8798.41 27472.95,7661.26
edge:declared:db.VcIrRecommendationRequestResult:request	29870.56,8872.41 31031.71,9703.84
edge:declared:db.VcLpReport:venture_capital	32212.35,12996.54 32416.75,12660.52
edge:declared:db.VcLpReportRequest:alimtalk_activity	32656.78,13375.27 31509.89,14070.82
edge:declared:db.VcLpReportRequest:vc_lp_report	32651.51,13293.27 32255.61,13070.54
edge:declared:db.VcLpReportRequestRecipient:alimtalk_activity_recipient	31160.01,13937.63 30763.77,14331.59
edge:declared:db.VcLpReportRequestRecipient:fund_partner	31068.25,13912.09 30928.68,13928.32
edge:declared:db.VcLpReportRequestRecipient:vc_lp_report_request	31312.30,13855.63 32613.34,13375.27
edge:declared:db.VcNameAlias:venture_capital	33261.26,12104.13 32725.46,12365.70
edge:declared:db.VcSearchLog:company	26374.57,6857.01 17154.62,12353.25
edge:declared:db.VcSearchLog:investor_relations	26490.08,6857.01 27171.91,7455.18
edge:declared:db.VcSearchLog:venture_capital	26487.68,6857.01 32357.46,12285.36
edge:declared:db.VcUserRole:venture_capital	28111.60,9285.75 32357.46,12323.86
edge:declared:db.VentureBusinessCertification:attachment	18633.36,15539.32 20120.68,18269.97
edge:declared:db.VentureBusinessCertification:company	18588.77,15457.32 17082.46,12683.51
edge:declared:db.VentureBusinessCertificationExpirationNotificationLog:venture_business_certification	18450.86,15593.51 18542.04,15539.32
edge:declared:db.VentureCapitalEmailTemplates:venture_capital	32877.51,12563.15 32725.46,12514.45
edge:declared:db.VentureCapitalPaymentLink:venture_capital	30130.56,12627.43 32357.46,12468.64
edge:declared:db.VentureCapitalQuarterlyReport:content_template	26700.39,15935.32 27847.56,13386.43
edge:declared:db.VentureCapitalQuarterlyReport:venture_capital	26769.64,15935.32 32357.46,12566.45
edge:declared:db.VentureCapitalQuarterlyReportContentTemplate:venture_capital	28060.66,13312.43 32357.46,12503.17
edge:declared:db.VentureCapitalQuarterlyReportItem:quarterly_report	25446.54,16546.89 26548.83,16049.32
edge:declared:db.VentureCapitalQuarterlyReportItemReply:file_attachment	23722.43,17203.05 20428.87,18416.94
edge:declared:db.VentureCapitalQuarterlyReportItemReply:item	23942.36,17121.05 25247.02,16628.89
edge:declared:db.VentureCapitalQuarterlyReportItemReply:reply	23652.17,17176.18 23192.72,17211.94
edge:declared:db.VentureCapitalQuarterlyReportReply:_deprecated_captable	22880.27,17290.09 20428.87,18400.88
edge:declared:db.VentureCapitalQuarterlyReportReply:company_create_request	22895.31,17160.09 22153.89,16784.79
edge:declared:db.VentureCapitalQuarterlyReportReply:portfolio_company	23121.30,17160.09 27307.68,14371.38
edge:declared:db.VentureCapitalQuarterlyReportReply:quarterly_report	23192.72,17168.03 26528.60,16041.78
edge:declared:db.VentureCapitalSubscription:subscription_plan	33151.49,11067.98 33270.23,11252.78
edge:declared:db.VentureCapitalSubscription:venture_capital	33112.48,11067.98 32625.82,12250.52
edge:declared:db.VentureCapitalSubscriptionPlanPermission:subscription_plan	34225.67,11247.92 33441.08,11286.65
edge:declared:db.VentureCapitalSubscriptionPlanPrice:subscription_plan	33226.51,11911.54 33291.93,11334.78
edge:declared:db.VentureCapitalUserRelation:roles	29610.85,10747.43 28096.05,9285.75
edge:declared:db.VentureCapitalUserRelation:venture_capital	29735.71,10837.43 32357.46,12345.74
edge:declared:db.VentureComplex:address	23527.43,18512.16 22871.75,18861.26
edge:declared:db.VideoCollection:video_contents	18894.86,9480.09 19358.26,8888.25
edge:declared:db.VideoCollectionFeedback:company	18298.50,9942.73 17079.31,12249.51
edge:declared:db.VideoCollectionFeedback:video_collection	18370.70,9868.73 18795.60,9570.09
edge:declared:db.VideoCollectionPermission:company	18736.76,9867.80 17112.60,12249.51
edge:declared:db.VideoCollectionPermission:video_collection	18773.81,9793.80 18845.26,9570.09
edge:declared:db.VideoContentHistory:company	19050.13,9709.57 17128.77,12249.51
edge:declared:db.VideoContentHistory:video_collection	19017.84,9627.57 18929.10,9570.09
edge:declared:db.VideoContentHistory:video_content	19096.58,9627.57 19374.92,8888.25
edge:declared:db.VideoContentSpeecher:video_content	19145.48,8794.60 19266.36,8820.59
edge:declared:db.WhitepaperPreviewFile:whitepaper	5849.24,6322.44 5824.47,6437.36
edge:declared:db.WhitepaperWatermarkFile:whitepaper	6724.35,5947.75 5885.85,6437.36
edge:declared:db.WhtBook:employee	12171.03,15287.47 11784.96,15110.84
edge:declared:db.WhtBook:wht_book_without_date	12210.88,15369.47 12088.98,15469.90
edge:declared:db.WhtBookWithoutDate:employee	12011.88,15469.90 11730.83,15146.87
edge:declared:db.WhtCertificate:employee	13167.54,15122.22 11784.96,15042.62
edge:declared:db.WhtReceipt:employee	12743.76,15151.09 11784.96,15059.44
edge:declared:db.YearEndTaxSettlement:payroll	10961.92,18573.84 9018.39,4961.99
edge:declared:db.YearEndTaxSettlementConfirmationSchedule:year_end_tax_settlement	10440.27,18001.66 10930.17,18573.84
edge:declared:db.YetsAssistance:employee	15432.40,30620.39 9559.64,30487.80
edge:declared:db.YetsAssistanceCreatorYetsEmployee:yets_employee	10828.26,30182.97 9559.64,30453.28
edge:declared:db.YetsAssistanceMessage:assistance	18861.19,30098.84 15680.40,30603.52
edge:declared:db.YetsAssistanceMessage:creator	18861.19,30080.14 14336.11,30115.70
edge:declared:db.YetsAssistanceMessageFile:message	23370.82,31800.02 19099.87,30124.17
edge:declared:db.YetsAssistanceStaffAccessLog:assistance	14964.17,30746.63 15432.40,30649.03
edge:declared:db.YetsAssistanceStaffFavoriteRelation:assistance	16046.51,30446.39 15680.40,30578.46
edge:declared:db.YetsEmail:year_end_tax_settlement	11827.06,19983.99 10992.14,18663.84
edge:declared:db.YetsEmailAuthentication:yets_employee	9354.58,30936.81 9404.72,30549.49
edge:declared:db.YetsEmployee:employee	9422.53,30419.49 11628.37,15146.87
edge:declared:db.YetsEmployee:year_end_tax_settlement	9421.66,30419.49 10962.80,18663.84
edge:declared:db.YetsEmployeeFile:employee	23577.07,32167.91 9559.64,30501.90
edge:declared:db.YetsEmployeeResult:yets_employee	10800.15,29922.56 9559.64,30425.14
edge:declared:db.YetsEmployeeResultAssistanceMessageRelation:assistance_message	14798.47,30026.27 18861.19,30077.60
edge:declared:db.YetsEmployeeResultAssistanceMessageRelation:result	14410.47,30016.14 11035.22,29882.47
edge:declared:db.YetsEmployeeResultStatusLog:result	11218.19,29004.42 10927.04,29832.56
edge:declared:db.YetsEmployeeResultWhtReceipt:result	22610.82,30012.14 11035.22,29878.99
edge:declared:db.YetsEmployeeSubmissionLog:yets_employee	9832.02,30611.71 9559.64,30528.98
edge:declared:db.YetsEmployeeUploadForm:yets_employee	11442.19,30805.21 9559.64,30507.65
edge:declared:db.YetsEmployeeUploadFormStatusLog:yets_employee_upload_form	11201.40,31511.65 11540.89,30860.86
edge:declared:db.ZuzuTaxPhoneToken:phone	8313.29,12382.39 8097.43,12499.25
edge:declared:document_ai.DocumentAiProcessResult:request	25924.52,29760.47 26440.50,27351.41
edge:declared:fi_sta.FiStaCompanyCeo:fi_sta_company	31002.89,30339.64 30296.38,32704.35
edge:declared:fi_sta.FiStaCompanySearchResult:fi_sta_company	30336.27,31501.21 30285.85,32704.35
edge:declared:fi_sta.FiStaContractDocument:participant	28616.92,33259.03 29025.14,33632.44
edge:declared:fi_sta.FiStaContractDocument:stock_transfer_agreement_document	28443.72,33243.42 26714.66,33653.23
edge:declared:fi_sta.FiStaContractDocument:stock_transfer_notice_poa_document	28582.18,33259.03 28655.86,33488.29
edge:declared:fi_sta.FiStaContractDocument:stock_unissued_confirmation_poa_document	28566.64,33169.03 28497.60,30285.88
edge:declared:fi_sta.FiStaManagement:fi_sta_company	31987.46,35037.47 30314.60,32786.35
edge:declared:fi_sta.FiStaParticipant:fi_sta_user	29192.06,33730.44 30759.02,34407.84
edge:declared:fi_sta.FiStaStockTransferAgreementDocument:starter	26714.66,33692.71 28954.71,33682.03
edge:declared:fi_sta.FiStaStockTransferNoticePoaDocument:signer	28765.13,33562.29 28954.71,33634.32
edge:declared:fi_sta.FiStaStockUnissuedConfirmationPoaDocument:signer	28502.98,30285.88 29070.40,33632.44
edge:declared:fi_sta.FiStaTransferStock:stock_transfer_agreement_document	28098.34,33904.52 26714.66,33716.61
edge:declared:fi_sta.FiStaUser:fi_sta_management	30913.39,34481.84 31946.18,35037.47
edge:declared:vertex_ai.VertexAiPredictionResult:request	33823.32,17455.89 33767.20,17538.45
edge:inheritance:db.AgendaBonusIssueNewIssueBalanceCertificateFile->db.FileAttachment	18934.43,19382.08 20048.87,18617.35
edge:inheritance:db.AgendaBonusIssueNewIssueMinutesFile->db.FileAttachment	19401.83,19249.97 20048.87,18660.16
edge:inheritance:db.Announcement->db.QuestionThread	20664.47,12300.10 20519.88,12588.51
edge:inheritance:db.AppointedDirectorCertificateOfSealDocument->db.MeetingDocument	17324.55,28793.40 16185.81,26273.48
edge:inheritance:db.AppointedDirectorResidentRegistrationDocument->db.MeetingDocument	18633.54,26396.98 16274.79,26098.97
edge:inheritance:db.ArticlesOfIncorporationAfterChangeDocument->db.MeetingDocument	20938.61,27754.68 16274.79,26138.18
edge:inheritance:db.ArticlesOfIncorporationBeforeChangeDocument->db.MeetingDocument	17422.21,26005.58 16274.79,26066.96
edge:inheritance:db.ArticlesOfIncorporationDocument->db.MeetingDocument	19845.60,26352.92 16274.79,26089.61
edge:inheritance:db.AuditReportDocument->db.MeetingDocument	19077.33,29096.27 16274.79,26256.82
edge:inheritance:db.BalanceCertificateDocument->db.MeetingDocument	15236.62,22494.50 16049.48,25879.48
edge:inheritance:db.BeforeunloadPdfEvent->db.PdfEvent	29281.42,11182.08 29775.47,11404.17
edge:inheritance:db.BigNumberValueWithVisibility->db.ValueWithVisibility	32987.16,4654.06 32016.68,5875.20
edge:inheritance:db.BranchAbolitionEvent->db.Event	18752.91,18057.39 16835.11,16972.18
edge:inheritance:db.BranchChangeEvent->db.Event	19216.25,18476.26 16835.11,16981.35
edge:inheritance:db.BranchInstallationEvent->db.Event	18843.65,18242.00 16835.11,16981.32
edge:inheritance:db.BulkEmailCommonAttachment->db.FileAttachment	17180.31,17425.20 20048.87,18421.01
edge:inheritance:db.BulkEmailRecipientAttachment->db.FileAttachment	18954.09,18787.81 20048.87,18531.46
edge:inheritance:db.CapitalChangeEvent->db.Event	16234.80,16118.40 16623.08,16779.43
edge:inheritance:db.CaptableAfterNewIssueDocument->db.MeetingDocument	18639.90,27072.83 16274.79,26146.22
edge:inheritance:db.CaptableAtRecordDateDocument->db.MeetingDocument	19338.54,26243.95 16274.79,26085.68
edge:inheritance:db.CaptableBeforeNewIssueDocument->db.MeetingDocument	17570.82,25766.43 16274.79,26039.04
edge:inheritance:db.CeoAddressChangeEvent->db.Event	16911.54,15966.64 16713.65,16779.43
edge:inheritance:db.CeoConfirmationDocument->db.MeetingDocument	18624.28,26111.72 16274.79,26078.96
edge:inheritance:db.CeoTypeChangedCeoResidentRegistrationDocument->db.MeetingDocument	15350.29,24523.68 16002.08,25879.48
edge:inheritance:db.CertificateOfCorporateSealDocument->db.MeetingDocument	19032.81,26561.69 16274.79,26105.12
edge:inheritance:db.CertificateOfSealNotarizationPoaDocument->db.MeetingDocument	16012.38,27601.56 16085.89,26273.48
edge:inheritance:db.CmeBulkEmail->db.BulkEmail	18058.86,16576.33 15388.96,17219.68
edge:inheritance:db.CmeBulkEmailRecipient->db.BulkEmailRecipient	18820.94,16705.35 17904.63,19064.66
edge:inheritance:db.CmeBulkEmailTemplate->db.BulkEmailTemplate	19652.70,15096.33 19368.55,15142.91
edge:inheritance:db.CoCeoSystemChangeEvent->db.Event	16822.82,15531.09 16703.26,16779.43
edge:inheritance:db.CompanyAddressChangeEvent->db.Event	19299.45,18343.16 16835.11,16970.85
edge:inheritance:db.CompanyBulkEmailTemplate->db.BulkEmailTemplate	18886.99,14523.17 19220.72,15097.34
edge:inheritance:db.CompanyDocumentDelivery->db.DocumentDelivery	18616.13,12569.34 19452.87,12638.08
edge:inheritance:db.CompanyEndorsementFeed->db.CompanyFeed	24209.08,6403.58 25253.01,3723.80
edge:inheritance:db.CompanyFeed->db.Feed	25275.93,3723.80 25419.26,7065.86
edge:inheritance:db.CompanyIrClosingFeed->db.CompanyFeed	26347.09,6229.24 25295.90,3723.80
edge:inheritance:db.CompanyIrNewCommitFeed->db.CompanyFeed	26754.92,6088.31 25306.13,3723.80
edge:inheritance:db.CompanyIrOpenFeed->db.CompanyFeed	26875.79,5564.31 25318.50,3723.80
edge:inheritance:db.CompanyNewsFeed->db.CompanyFeed	20867.42,7413.97 25211.27,3723.80
edge:inheritance:db.CompanyOwnerAuditLog->db.AuditLog	12400.02,8094.34 18611.90,6174.12
edge:inheritance:db.CompanyPaymentLink->db.PaymentLink	21876.04,12236.73 23340.52,13174.83
edge:inheritance:db.CompanyQuestionThread->db.QuestionThread	19115.18,14210.59 20402.66,12726.51
edge:inheritance:db.CompanyTanTableView->db.TanTableView	13138.82,9981.47 13429.00,9854.73
edge:inheritance:db.ConsentFormModusignDocument->db.ModusignDocument	25341.41,35699.99 22466.16,20720.85
edge:inheritance:db.ConsentFormModusignEmbeddedDraft->db.ModusignEmbeddedDraft	22554.33,23768.95 21967.71,21940.87
edge:inheritance:db.ConsentFormOptionItem->db.ConsentFormItem	22336.29,24297.48 22851.63,26793.93
edge:inheritance:db.CorporateRegistrationDocument->db.MeetingDocument	17465.15,28971.55 16189.90,26273.48
edge:inheritance:db.CustomOptionGrantContractTemplate->db.OptionGrantContractTemplate	19682.00,16178.51 19542.59,16177.63
edge:inheritance:db.CustomOptionGrantContractTemplateRevision->db.OptionGrantContractTemplateRevision	20318.00,16606.65 20185.92,16545.81
edge:inheritance:db.DebtConfirmationAndOffsetContractDocument->db.MeetingDocument	17997.38,25326.12 16274.79,26006.20
edge:inheritance:db.Director->db.Stakeholder	17287.68,16516.13 12852.68,19223.22
edge:inheritance:db.DirectorAppointmentEvent->db.Event	16941.87,16291.27 16733.61,16779.43
edge:inheritance:db.DirectorCompensationDecisionEvent->db.Event	17142.59,16865.68 16835.11,16881.04
edge:inheritance:db.DirectorCompensationLimitEvent->db.Event	17126.49,16722.76 16835.11,16851.50
edge:inheritance:db.DirectorDecisionDocument->db.MeetingDocument	19091.91,26983.72 16274.79,26130.40
edge:inheritance:db.DirectorResidentRegistrationWithAddressChangeHistoryDocument->db.MeetingDocument	15991.74,24711.53 16081.63,25879.48
edge:inheritance:db.DirectorTermEndEvent->db.Event	17050.27,16455.23 16778.49,16779.43
edge:inheritance:db.DirectorsMeetingMinutesDocument->db.MeetingDocument	17466.32,25872.63 16274.79,26049.98
edge:inheritance:db.DirectorsMeetingNoticeDocument->db.MeetingDocument	17230.13,29142.83 16169.60,26273.48
edge:inheritance:db.DirectorsMeetingNoticeEmail->db.BulkEmail	16631.99,19092.76 15310.40,17320.00
edge:inheritance:db.DirectorsMeetingNoticeEmailRecipient->db.BulkEmailRecipient	17163.36,19265.29 17752.49,19147.62
edge:inheritance:db.DirectorsMeetingSkipNoticeDocument->db.MeetingDocument	16812.09,29450.49 16138.55,26273.48
edge:inheritance:db.DocumentLoadedPdfEvent->db.PdfEvent	29693.67,11268.67 29826.49,11404.17
edge:inheritance:db.ESOPParticipant->db.Employee	11994.01,15950.01 11671.98,15146.87
edge:inheritance:db.ElectronicCertificateApplicationFormDocument->db.MeetingDocument	12010.59,25618.12 15918.79,26056.51
edge:inheritance:db.ElectronicCertificateCaseReportDocument->db.MeetingDocument	11856.22,23945.83 15918.79,25987.04
edge:inheritance:db.Employee->db.Stakeholder	11667.60,15146.87 12648.38,19167.54
edge:inheritance:db.EmployeeOptionExerciseEvent->db.Event	16793.70,17206.37 16723.65,16997.43
edge:inheritance:db.EmployeeOptionExerciseManagementEmail->db.BulkEmail	15047.99,15204.19 15251.85,17182.00
edge:inheritance:db.EmployeeOptionGrantee->db.Employee	11937.74,13777.36 11666.43,14944.87
edge:inheritance:db.EmployeeStockGuideEmail->db.BulkEmail	14378.57,17146.64 15128.96,17235.59
edge:inheritance:db.ExpertClientSignupChannel->db.SignupChannel	22836.11,14874.21 23328.23,14632.05
edge:inheritance:db.FeeReceiptDocument->db.MeetingDocument	17396.15,28162.99 16219.47,26273.48
edge:inheritance:db.FileValueWithVisibility->db.ValueWithVisibility	32828.43,5896.66 32105.27,5910.02
edge:inheritance:db.FinancialStatementsDocument->db.MeetingDocument	19917.03,27865.46 16274.79,26159.84
edge:inheritance:db.FinancialStatementsForNewIssueFromConversionDocument->db.MeetingDocument	16897.90,23466.83 16157.26,25879.48
edge:inheritance:db.HrmAlpUsagePlan->db.HrmApprovable	9380.95,18166.85 7765.16,17856.66
edge:inheritance:db.HrmAnnualLeave->db.HrmLeaveBase	8312.69,21689.28 7930.59,21020.35
edge:inheritance:db.HrmAnnualLeaveFiscalBasedConfig->db.HrmAnnualLeaveConfigBase	8543.67,24949.68 8323.84,22601.42
edge:inheritance:db.HrmAnnualLeaveHireBasedConfig->db.HrmAnnualLeaveConfigBase	8257.24,24137.47 8318.89,22601.42
edge:inheritance:db.HrmAttendance->db.HrmApprovable	8204.60,17854.80 7765.16,17837.69
edge:inheritance:db.HrmAttendanceLocation->db.HrmApprovable	9278.94,17155.83 7759.69,17783.86
edge:inheritance:db.HrmCertificateIssue->db.HrmApprovable	9783.32,16190.09 7705.06,17783.86
edge:inheritance:db.HrmCompensatoryLeave->db.HrmLeaveBase	7047.41,20742.81 7752.89,20914.29
edge:inheritance:db.HrmCustomLeave->db.HrmLeaveBase	7387.88,20751.13 7752.89,20894.09
edge:inheritance:db.HrmDeptAbolishedEvent->db.HrmDeptStatusEventBase	5632.28,22514.08 5584.41,21408.54
edge:inheritance:db.HrmDeptCreatedEvent->db.HrmDeptStatusEventBase	5505.23,20734.40 5577.62,21326.54
edge:inheritance:db.HrmDeptNameChangedEvent->db.HrmDeptNameEventBase	4831.37,19817.27 4595.69,20045.40
edge:inheritance:db.HrmDeptNameEventBase->db.HrmDeptEventBase	4596.05,20119.40 4771.09,20287.23
edge:inheritance:db.HrmDeptParentChangedEvent->db.HrmDeptParentEventBase	5065.12,19984.29 5340.53,19998.02
edge:inheritance:db.HrmDeptParentEventBase->db.HrmDeptEventBase	5383.58,20040.90 4884.63,20287.23
edge:inheritance:db.HrmDeptStatusEventBase->db.HrmDeptEventBase	5552.25,21326.54 4837.09,20361.23
edge:inheritance:db.HrmDocument->db.HrmApprovable	7123.87,15650.14 7629.55,17783.86
edge:inheritance:db.HrmEmpAbsenceEvent->db.HrmEmpStatusEventBase	9034.67,15757.00 9120.37,15805.36
edge:inheritance:db.HrmEmpAffiliationChangedEvent->db.HrmEmpAffiliationEventBase	7835.82,16887.76 8076.31,16974.41
edge:inheritance:db.HrmEmpAffiliationEventBase->db.HrmEmpEventBase	8230.98,16974.41 8452.95,16816.42
edge:inheritance:db.HrmEmpContractModusignDocument->db.ModusignDocument	25961.99,37268.17 22467.71,20720.85
edge:inheritance:db.HrmEmpDepartedEvent->db.HrmEmpStatusEventBase	9635.83,15860.24 9338.30,15858.91
edge:inheritance:db.HrmEmpEmploymentTypeChangedEvent->db.HrmEmpEmploymentTypeEventBase	8979.29,17181.91 8927.79,17243.79
edge:inheritance:db.HrmEmpEmploymentTypeEventBase->db.HrmEmpEventBase	8868.07,17243.79 8533.86,16816.42
edge:inheritance:db.HrmEmpJobChangedEvent->db.HrmEmpJobEventBase	8114.32,16311.10 8053.86,16612.59
edge:inheritance:db.HrmEmpJobEventBase->db.HrmEmpEventBase	8164.44,16683.00 8386.93,16746.01
edge:inheritance:db.HrmEmpJoinedEvent->db.HrmEmpStatusEventBase	9169.72,16454.04 9210.33,15911.36
edge:inheritance:db.HrmEmpReturnToWorkEvent->db.HrmEmpStatusEventBase	9262.50,15757.00 9239.51,15805.36
edge:inheritance:db.HrmEmpStatusEventBase->db.HrmEmpEventBase	9173.48,15911.36 8533.43,16742.42
edge:inheritance:db.HrmFamilyCareLeave->db.HrmLeaveBase	7047.41,20844.55 7752.89,20930.73
edge:inheritance:db.HrmFixedWork->db.HrmWorkBase	6934.13,18794.21 6912.00,18957.44
edge:inheritance:db.HrmGrantableLeave->db.HrmLeaveBase	8098.59,20243.05 7910.63,20874.35
edge:inheritance:db.HrmInfertilityTreatmentLeave->db.HrmLeaveBase	7727.07,20333.24 7869.65,20874.35
edge:inheritance:db.HrmLeaveUsage->db.HrmApprovable	10414.26,18383.87 7765.16,17857.50
edge:inheritance:db.HrmMaternityLeave->db.HrmLeaveBase	7047.41,21048.01 7752.89,20963.62
edge:inheritance:db.HrmMenstrualLeave->db.HrmLeaveBase	7388.29,21271.52 7776.16,21020.35
edge:inheritance:db.HrmMiscarriageLeave->db.HrmLeaveBase	7047.41,21149.75 7752.89,20980.06
edge:inheritance:db.HrmPaternityLeave->db.HrmLeaveBase	7388.88,21141.13 7752.89,21000.06
edge:inheritance:db.HrmPersonalLocation->db.HrmApprovable	10065.75,16351.01 7721.33,17783.86
edge:inheritance:db.HrmReserveTrainingLeave->db.HrmLeaveBase	7223.33,21586.26 7812.85,21020.35
edge:inheritance:db.HrmSelectiveWork->db.HrmWorkBase	6999.19,19202.32 6935.40,19079.44
edge:inheritance:db.HrmSelectiveWorkPlan->db.HrmApprovable	8358.45,18083.18 7765.16,17876.13
edge:inheritance:db.HrmStaggeredWork->db.HrmWorkBase	6164.26,19507.01 6811.40,19079.44
edge:inheritance:db.IBKSignupChannel->db.SignupChannel	23950.27,14601.74 23535.55,14593.51
edge:inheritance:db.IaCertificateOfInvestmentDocument->db.InvestmentAssociationDocument	31746.52,18592.43 31126.82,19262.24
edge:inheritance:db.IaConsentFormDocument->db.InvestmentAssociationDocument	31354.45,18533.10 31092.31,19262.24
edge:inheritance:db.IaConsentFormOrMeetingElectronicSignatureRequestModusignDocument->db.ModusignDocument	26433.86,20290.27 22586.61,20627.91
edge:inheritance:db.IaConsentFormOrMeetingElectronicSignatureRequestModusignEmbeddedDraft->db.ModusignEmbeddedDraft	26546.99,20611.24 22074.70,21853.43
edge:inheritance:db.IaConsentFormOrMeetingElectronicSignatureRequiredDocument->db.InvestmentAssociationDocument	29702.96,19890.17 30927.38,19382.53
edge:inheritance:db.IaExpertPartnerBulkEmailTemplate->db.BulkEmailTemplate	20735.84,15347.87 19368.55,15155.76
edge:inheritance:db.IaExplanationFormForElectronicSignatureDocument->db.InvestmentAssociationDocument	32304.59,18604.72 31175.16,19262.24
edge:inheritance:db.IaGpAppointmentEvent->db.InvestmentAssociationEvent	30785.61,17871.25 29428.48,17670.84
edge:inheritance:db.IaGpTerminationEvent->db.InvestmentAssociationEvent	31022.78,18158.75 29428.48,17688.51
edge:inheritance:db.IaMeetingAgendaCustom->db.IaMeetingAgenda	31145.39,20827.77 30919.50,20566.87
edge:inheritance:db.IaMeetingMinutesDocument->db.InvestmentAssociationDocument	30607.17,19988.33 31027.90,19384.24
edge:inheritance:db.IaMeetingNoticeDocument->db.InvestmentAssociationDocument	30407.15,19872.31 30996.70,19384.24
edge:inheritance:db.IaMeetingSealedNoticeDocumentFile->db.FileAttachment	28678.27,20039.61 20428.87,18521.92
edge:inheritance:db.IaMeetingShortenPeriodDocument->db.InvestmentAssociationDocument	31419.07,19392.53 31213.38,19351.66
edge:inheritance:db.IaModusignDocumentUsageHistory->db.BaseModusignDocumentUsageHistory	25065.77,14628.71 23562.08,13792.20
edge:inheritance:db.IaOwnerAuditLog->db.AuditLog	23311.32,7997.04 18821.07,6174.64
edge:inheritance:db.IaPartnerListDocument->db.InvestmentAssociationDocument	30972.12,19133.84 31038.73,19262.24
edge:inheritance:db.IaPaymentLink->db.PaymentLink	24970.64,13265.93 23534.77,13223.49
edge:inheritance:db.IaPfCompanyInvestmentSalesIntent->db.SalesIntent	30505.88,22877.93 30828.78,23044.03
edge:inheritance:db.IaQuestionThread->db.QuestionThread	24315.12,13605.42 20615.29,12689.69
edge:inheritance:db.IaRuleDocument->db.InvestmentAssociationDocument	28712.83,19228.16 30927.38,19317.47
edge:inheritance:db.IaSealStampImage->db.FileAttachment	21231.74,18280.68 20428.87,18447.49
edge:inheritance:db.IaWrittenResolutionDocument->db.InvestmentAssociationDocument	31880.94,19532.26 31213.38,19360.12
edge:inheritance:db.ImAcVcBroker->db.ImZuzuBroker	26538.27,12334.43 28243.63,12230.49
edge:inheritance:db.ImIndividualGpBroker->db.ImZuzuBroker	28107.36,12375.35 28299.75,12260.30
edge:inheritance:db.ImInvestorBroker->db.ImBroker	30495.10,12317.87 29095.52,12239.77
edge:inheritance:db.ImIrPartnerBroker->db.ImBroker	27867.20,12094.93 28847.52,12217.36
edge:inheritance:db.ImPitchingDay->db.ImDay	28851.91,10866.81 29448.24,10983.70
edge:inheritance:db.ImPitchingDayParticipation->db.ImDayParticipation	27722.01,9637.82 28885.97,10601.17
edge:inheritance:db.ImZuzuBroker->db.ImBroker	28479.63,12225.15 28847.52,12230.91
edge:inheritance:db.InauguralConsentDocument->db.MeetingDocument	15137.01,23076.08 16033.77,25879.48
edge:inheritance:db.IncorporationRequestAssistanceReceipt->db.FileAttachment	21248.45,17161.76 20404.19,18269.97
edge:inheritance:db.IndividualStakeholder->db.Stakeholder	11110.49,21908.41 12590.91,19481.54
edge:inheritance:db.IndividualStockOptionCancelEvent->db.IndividualInvestorEvent	32901.09,28652.32 31990.47,28038.39
edge:inheritance:db.IndividualStockOptionExerciseEvent->db.IndividualInvestorEvent	33206.59,29717.13 31957.21,28038.39
edge:inheritance:db.IndividualStockOptionGrantEvent->db.IndividualInvestorEvent	32029.29,26310.48 31926.54,27948.39
edge:inheritance:db.IndividualStockOptionPauseEvent->db.IndividualInvestorEvent	28910.64,27308.34 31799.72,27965.20
edge:inheritance:db.IndividualStockOptionResumeEvent->db.IndividualInvestorEvent	29414.66,29352.56 31840.65,28038.39
edge:inheritance:db.IndividualStockOptionSalesIntent->db.SalesIntent	29810.75,23095.46 30782.71,23082.59
edge:inheritance:db.InputSignupChannel->db.SignupChannel	24051.02,15040.74 23469.85,14632.05
edge:inheritance:db.InstitutionStakeholder->db.Stakeholder	12752.37,21124.17 12692.41,19481.54
edge:inheritance:db.InvestmentAssociationAssociationPartner->db.InvestmentAssociationOrganizationPartner	31529.06,15931.91 32673.38,16827.18
edge:inheritance:db.InvestmentAssociationCorporationPartner->db.InvestmentAssociationOrganizationPartner	33445.13,15978.35 32774.71,16827.18
edge:inheritance:db.InvestmentAssociationIndividualPartner->db.InvestmentAssociationPartner	31631.64,17132.57 33528.48,18177.47
edge:inheritance:db.InvestmentAssociationOrganizationPartner->db.InvestmentAssociationPartner	32769.35,16925.18 33610.89,18154.96
edge:inheritance:db.InvestmentAssociationOrganizationPartnerCorporationSigner->db.InvestmentAssociationOrganizationPartnerSigner	32993.20,14920.73 32677.68,15064.75
edge:inheritance:db.InvestmentAssociationOrganizationPartnerIndividualSigner->db.InvestmentAssociationOrganizationPartnerSigner	32463.43,14978.90 32539.32,15064.75
edge:inheritance:db.InvestmentAssociationPartnerSalesIntent->db.SalesIntent	31897.68,21858.40 30930.88,23044.03
edge:inheritance:db.InvestmentContractHolder->db.Stakeholder	13779.78,15930.14 12737.24,19167.54
edge:inheritance:db.InvestorRelations->db.InvestorMatching	27258.43,7713.18 25783.03,10857.81
edge:inheritance:db.IrClosingComplete->db.IrClosing	28314.92,5185.98 29089.27,6665.18
edge:inheritance:db.IrClosingExpired->db.IrClosing	29101.22,7228.66 29109.98,6747.18
edge:inheritance:db.IrClosingIncomplete->db.IrClosing	29845.06,6737.09 29234.73,6711.40
edge:inheritance:db.IrConsultingRequest->db.ImConsultingRequest	25402.54,9929.20 24935.25,9393.79
edge:inheritance:db.IrFeed->db.Feed	27052.80,7996.03 25488.45,7139.86
edge:inheritance:db.IrosOtpIssueMeetingDocument->db.MeetingDocument	12479.01,22617.81 15918.79,25906.31
edge:inheritance:db.LawtalkSignupAttachment->db.FileAttachment	19074.02,16945.80 20074.86,18269.97
edge:inheritance:db.LedgerByCustomerDocument->db.MeetingDocument	17807.72,23499.52 16222.82,25879.48
edge:inheritance:db.LegalPartnerSignupChannel->db.SignupChannel	22700.08,14741.57 23287.55,14617.28
edge:inheritance:db.ManualOptionVesting->db.OptionVesting	15918.27,18553.34 15937.24,18447.59
edge:inheritance:db.ManualProduct->db.Product	23002.66,12165.63 23096.55,12232.37
edge:inheritance:db.MeetingAttachment->db.FileAttachment	18769.48,17718.86 20048.87,18390.15
edge:inheritance:db.Mna->db.InvestorMatching	25452.63,10755.80 25602.64,10857.81
edge:inheritance:db.MnaConsultingRequest->db.ImConsultingRequest	24544.54,9407.19 24775.47,9371.79
edge:inheritance:db.NcpSignupChannel->db.SignupChannel	24530.58,14995.90 23524.88,14632.05
edge:inheritance:db.NewCeoCertificateOfSealDocument->db.MeetingDocument	19754.90,29213.77 16274.79,26229.14
edge:inheritance:db.NewCeoResidentRegistrationDocument->db.MeetingDocument	17874.11,29348.50 16203.80,26273.48
edge:inheritance:db.NewIssueNoticeEmail->db.BulkEmail	14916.36,20772.84 15252.24,17320.00
edge:inheritance:db.NewIssueSkipNoticeDocument->db.MeetingDocument	16459.08,23108.86 16120.84,25879.48
edge:inheritance:db.NewIssueStockAcceptanceDocument->db.MeetingDocument	18170.75,26050.45 16274.79,26074.25
edge:inheritance:db.NewIssueStockAllocationDocument->db.MeetingDocument	18262.32,23929.48 16274.79,25900.00
edge:inheritance:db.NewIssueStockAllocationRecordDateNoticeDocument->db.MeetingDocument	20038.24,23937.75 16274.79,25979.89
edge:inheritance:db.NewIssueStockSubscriptionDocument->db.MeetingDocument	18052.58,25162.60 16274.79,25993.31
edge:inheritance:db.NewIssueStockUnissuedConfirmationDocument->db.MeetingDocument	18393.63,25442.12 16274.79,26027.32
edge:inheritance:db.NonUnifiedShareManagementSalesIntent->db.SalesIntent	29231.53,24980.41 30868.19,23118.03
edge:inheritance:db.NonUnifiedShareSucPoaModusignDocument->db.ModusignDocument	23252.07,20990.30 22586.61,20699.32
edge:inheritance:db.NotarizationPoaDocument->db.MeetingDocument	19720.27,27048.33 16274.79,26123.51
edge:inheritance:db.OptionExerciseClaimAttachment->db.FileAttachment	14763.14,17583.05 20048.87,18455.60
edge:inheritance:db.OptionExerciseClaimMeetingDocument->db.MeetingDocument	14988.98,21617.28 16047.85,25879.48
edge:inheritance:db.OptionExerciseManagementEmail->db.BulkEmail	15345.46,16542.66 15267.38,17182.00
edge:inheritance:db.OptionGrantContractCeo->db.OptionGrantContractStakeholder	19550.71,15418.83 19366.16,15393.14
edge:inheritance:db.OptionGrantContractFirstRefusalRightHolder->db.OptionGrantContractStakeholder	19514.34,15340.68 19366.16,15357.06
edge:inheritance:db.OptionGrantContractModusignDocument->db.ModusignDocument	20964.70,19488.62 22346.06,20558.85
edge:inheritance:db.OptionGrantContractModusignEmbeddedDraft->db.ModusignEmbeddedDraft	21328.73,20928.37 21916.34,21834.87
edge:inheritance:db.OptionGrantEvent->db.Event	16252.69,18491.07 16657.56,16997.43
edge:inheritance:db.OptionGrantee->db.Stakeholder	15410.93,19171.11 12852.68,19315.19
edge:inheritance:db.OptionWithdrawEvent->db.Event	16422.41,15944.34 16656.55,16779.43
edge:inheritance:db.OtherDocumentArchiveAttachment->db.FileAttachment	19933.46,17112.93 20190.64,18269.97
edge:inheritance:db.PageNumberUpdatedPdfEvent->db.PdfEvent	30137.70,11492.65 29990.68,11466.89
edge:inheritance:db.PayrollStatementEmail->db.BulkEmail	13133.48,17120.54 15128.96,17243.02
edge:inheritance:db.PayrollStatementEmailRecipient->db.BulkEmailRecipient	12992.34,18640.35 17752.49,19108.86
edge:inheritance:db.PerformanceRsuVestingItem->db.RsuVestingItem	15880.64,14836.28 15816.80,14842.03
edge:inheritance:db.PeriodPhantomStockVestingItem->db.PhantomStockVestingItem	11795.67,18299.51 11646.56,18016.66
edge:inheritance:db.PeriodRsuVestingItem->db.RsuVestingItem	15971.48,14735.00 15798.90,14808.20
edge:inheritance:db.PeriodicOptionVesting->db.OptionVesting	15695.98,18526.22 15864.55,18447.59
edge:inheritance:db.PhantomStockCancelEvent->db.Event	16061.89,17131.03 16539.11,16945.86
edge:inheritance:db.PhantomStockExerciseEvent->db.Event	16420.38,17365.20 16626.13,16997.43
edge:inheritance:db.PhantomStockGrantEvent->db.Event	16058.30,16929.56 16539.11,16898.11
edge:inheritance:db.PhantomStockGrantee->db.Stakeholder	12188.23,18206.18 12616.71,19167.54
edge:inheritance:db.PhantomStockPauseEvent->db.Event	16319.36,16309.03 16617.93,16779.43
edge:inheritance:db.PhantomStockResumeEvent->db.Event	16578.50,16188.93 16670.19,16779.43
edge:inheritance:db.PingpongDeliveryAddress->db.Address	22405.52,14253.07 22709.43,18818.25
edge:inheritance:db.Playbook->db.MembershipContent	4432.37,4545.81 4597.68,5002.71
edge:inheritance:db.Post->db.MembershipContent	4325.72,5028.01 4489.96,5039.23
edge:inheritance:db.ProofOfEmploymentDocument->db.MeetingDocument	18846.94,27962.49 16274.79,26198.55
edge:inheritance:db.QuarterlyReportRequestAttachment->db.FileAttachment	25301.35,16919.59 20428.87,18428.14
edge:inheritance:db.QuarterlyReportSignupChannel->db.SignupChannel	25404.31,14818.22 23535.55,14605.19
edge:inheritance:db.QuestionMessageAttachment->db.FileAttachment	21393.16,15143.23 20313.79,18269.97
edge:inheritance:db.RegistrationAssistanceReceipt->db.FileAttachment	20976.83,17005.58 20346.97,18269.97
edge:inheritance:db.RegistrationFormAllInOneDocument->db.MeetingDocument	17632.22,25627.95 16274.79,26024.48
edge:inheritance:db.RegistrationFormAoiChangeDocument->db.MeetingDocument	15234.49,26218.99 15918.79,26105.90
edge:inheritance:db.RegistrationFormBranchChangeDocument->db.MeetingDocument	19472.50,28056.69 16274.79,26180.90
edge:inheritance:db.RegistrationFormCaptableDocument->db.MeetingDocument	17847.02,24664.01 16274.79,25932.83
edge:inheritance:db.RegistrationFormCeoAddressChangeDocument->db.MeetingDocument	17871.80,24912.62 16274.79,25959.77
edge:inheritance:db.RegistrationFormDirectorChangeDocument->db.MeetingDocument	18255.42,27956.96 16274.79,26231.54
edge:inheritance:db.RegistrationFormHeadOfficeInsideRelocationDocument->db.MeetingDocument	19285.93,23889.34 16274.79,25954.41
edge:inheritance:db.RegistrationFormHeadOfficeOutsideRelocationDocument->db.MeetingDocument	19557.19,24014.23 16274.79,25970.40
edge:inheritance:db.RegistrationFormNewIssueDocument->db.MeetingDocument	17369.97,24778.91 16274.79,25895.07
edge:inheritance:db.RegistrationFormNewOptionsRuleDocument->db.MeetingDocument	15926.01,27732.08 16076.47,26273.48
edge:inheritance:db.RegistrationPoaDocument->db.MeetingDocument	17061.84,29593.34 16150.85,26273.48
edge:inheritance:db.RegularProduct->db.Product	23037.95,12400.11 23117.29,12306.37
edge:inheritance:db.ResignationLetterDocument->db.MeetingDocument	14884.90,24288.90 15963.23,25879.48
edge:inheritance:db.ResignedDirectorCertificateOfSealDocument->db.MeetingDocument	15554.94,25949.00 15918.79,26034.60
edge:inheritance:db.RsaForfeitEvent->db.Event	16354.72,16865.62 16539.11,16878.27
edge:inheritance:db.RsaVestConfirmEvent->db.Event	16963.45,16574.94 16783.19,16779.43
edge:inheritance:db.RsuCancelEvent->db.Event	16385.43,15818.02 16656.39,16779.43
edge:inheritance:db.RsuExerciseClaimCandidateEmailRecipient->db.BulkEmailRecipient	14488.28,16693.79 17803.03,19064.66
edge:inheritance:db.RsuExerciseEvent->db.Event	16219.54,16504.24 16554.45,16779.43
edge:inheritance:db.RsuExerciseManagementEmail->db.BulkEmail	14377.35,16307.05 15194.51,17182.00
edge:inheritance:db.RsuGrantContractModusignDocument->db.ModusignDocument	21079.77,19340.51 22365.15,20558.85
edge:inheritance:db.RsuGrantEvent->db.Event	16213.07,16768.57 16539.11,16851.01
edge:inheritance:db.RsuGrantee->db.Stakeholder	14187.03,16936.50 12785.32,19167.54
edge:inheritance:db.RsuPauseEvent->db.Event	16143.16,17355.62 16560.20,16997.43
edge:inheritance:db.RsuPerformanceAchievementEvent->db.Event	16456.51,16643.69 16584.41,16779.43
edge:inheritance:db.RsuResumeEvent->db.Event	16372.81,17198.18 16576.51,16997.43
edge:inheritance:db.RtccEmail->db.BulkEmail	15441.49,17121.42 15356.15,17182.00
edge:inheritance:db.RtccInvestorFile->db.FileAttachment	17544.31,17750.69 20048.87,18435.05
edge:inheritance:db.SafeCreateEvent->db.Event	17366.99,17479.22 16812.55,16997.43
edge:inheritance:db.SalesReportDocument->db.MeetingDocument	15602.63,27491.74 16028.00,26273.48
edge:inheritance:db.SealStampCardContinuedUseApplicationFormDocument->db.MeetingDocument	12211.72,23213.50 15918.79,25945.31
edge:inheritance:db.SealStampDeclarationDocument->db.MeetingDocument	12494.84,22969.39 15918.79,25922.93
edge:inheritance:db.SealStampImage->db.FileAttachment	17838.09,15856.06 20048.87,18278.76
edge:inheritance:db.SealedOptionGrantContractDocument->db.MeetingDocument	19792.50,26205.89 16274.79,26082.71
edge:inheritance:db.SealedOptionGrantShareholdersMeetingResolutionDocument->db.MeetingDocument	14856.31,26420.91 15918.79,26125.90
edge:inheritance:db.Shareholder->db.Stakeholder	13193.36,22666.06 12710.49,19481.54
edge:inheritance:db.ShareholdersAgreementModusignDocument->db.ModusignDocument	21849.29,20602.43 22314.61,20631.39
edge:inheritance:db.ShareholdersAgreementModusignEmbeddedDraft->db.ModusignEmbeddedDraft	21684.47,21976.43 21826.70,21929.12
edge:inheritance:db.ShareholdersCertificateOfSealDocument->db.MeetingDocument	15271.29,27864.62 16005.84,26273.48
edge:inheritance:db.ShareholdersMeetingAuditReportDocument->db.MeetingDocument	18584.25,29412.03 16243.70,26273.48
edge:inheritance:db.ShareholdersMeetingConvocationNoticeEmail->db.BulkEmail	18395.34,20696.45 15321.77,17320.00
edge:inheritance:db.ShareholdersMeetingConvocationNoticeEmailAttachment->db.FileAttachment	19787.62,20351.79 20186.36,18703.97
edge:inheritance:db.ShareholdersMeetingConvocationNoticeEmailRecipient->db.ShareholdersMeetingConvocationNoticeRecipient	21674.31,22347.08 20607.52,21995.24
edge:inheritance:db.ShareholdersMeetingConvocationNoticeWrittenRecipient->db.ShareholdersMeetingConvocationNoticeRecipient	19514.00,21757.89 20273.08,21910.45
edge:inheritance:db.ShareholdersMeetingMinutesDocument->db.MeetingDocument	15629.78,26446.39 15918.79,26217.47
edge:inheritance:db.ShareholdersMeetingNoticeDocument->db.MeetingDocument	20547.49,27128.00 16274.79,26118.53
edge:inheritance:db.ShareholdersMeetingPowerOfAttorneyDocument->db.MeetingDocument	19026.26,27424.29 16274.79,26158.38
edge:inheritance:db.ShareholdersMeetingPowerOfAttorneyIndividualDocument->db.MeetingDocument	17093.48,23629.03 16177.02,25879.48
edge:inheritance:db.ShareholdersMeetingShortenPeriodDocument->db.MeetingDocument	13911.28,29183.00 15958.20,26273.48
edge:inheritance:db.ShareholdersMeetingShortenPeriodIndividualDocument->db.MeetingDocument	17210.24,23289.76 16174.08,25879.48
edge:inheritance:db.ShareholdersMeetingSkipNoticeDocument->db.MeetingDocument	16284.08,28075.63 16115.25,26273.48
edge:inheritance:db.ShareholdersMeetingWrittenDecisionDocument->db.MeetingDocument	15094.70,26586.24 15918.79,26167.03
edge:inheritance:db.ShareholdersMeetingWrittenDecisionIndividualDocument->db.MeetingDocument	17246.22,23805.97 16196.52,25879.48
edge:inheritance:db.ShareholdersWrittenResolutionDocument->db.MeetingDocument	20332.31,28269.46 16274.79,26168.64
edge:inheritance:db.StockTransferAgreementModusignDocument->db.ModusignDocument	20322.44,20282.96 22314.61,20617.04
edge:inheritance:db.StockTransferAgreementModusignEmbeddedDraft->db.ModusignEmbeddedDraft	20375.77,20643.69 21883.61,21834.87
edge:inheritance:db.SubscriptionModusignDocumentUsageHistory->db.BaseModusignDocumentUsageHistory	23885.78,13742.26 23643.88,13747.70
edge:inheritance:db.TaxReceiptDocument->db.MeetingDocument	16981.37,24982.00 16256.01,25879.48
edge:inheritance:db.Template->db.MembershipContent	4353.18,5195.46 4534.53,5092.71
edge:inheritance:db.TextValueWithVisibility->db.ValueWithVisibility	32495.93,6031.72 32105.27,5939.93
edge:inheritance:db.UserProfileImage->db.FileAttachment	20795.26,18702.56 20428.87,18560.86
edge:inheritance:db.VentureCapitalPaymentLink->db.PaymentLink	29890.56,12646.61 23534.77,13208.86
edge:inheritance:db.Webinar->db.MembershipContent	4180.85,4777.81 4541.75,5002.71
edge:inheritance:db.Whitepaper->db.MembershipContent	5781.19,6437.36 4651.76,5092.71
edge:inheritance:db.WrittenStatementDocument->db.MeetingDocument	15635.31,26039.87 15918.79,26062.36
edge:inheritance:db.YetsAssistanceCreatorUser->db.YetsAssistanceCreator	13957.16,30303.78 14166.52,30153.63
edge:inheritance:db.YetsAssistanceCreatorYetsEmployee->db.YetsAssistanceCreator	11105.26,30151.89 14100.11,30117.97
edge:inheritance:db.YetsAssistanceMessageFile->db.FileAttachment	23456.18,31800.02 20291.32,18703.97
edge:inheritance:db.YetsEmail->db.BulkEmail	11895.97,19983.99 15172.87,17320.00
edge:inheritance:db.YetsEmployeeFile->db.FileAttachment	23687.73,32145.17 20293.67,18703.97
edge:inheritance:db.YetsEmployeeResultWhtReceipt->db.FileAttachment	22737.27,29976.69 20286.06,18703.97
edge:inheritance:db.ZuzuOptionGrantContractTemplate->db.OptionGrantContractTemplate	19801.07,16036.82 19542.59,16129.24
edge:inheritance:db.ZuzuOptionGrantContractTemplateRevision->db.OptionGrantContractTemplateRevision	20165.60,16333.50 20109.04,16455.81
