edge:declared:db.AgendaBonusIssue:certificate_of_payment_for_the_share_file	db.AgendaBonusIssue	db.FileAttachment	foreign_key	declared
edge:declared:db.AgendaBonusIssue:meeting_draft	db.AgendaBonusIssue	db.MeetingDraft	foreign_key	declared
edge:declared:db.AgendaBonusIssueNewIssueBalanceCertificateFile:agenda_bonus_issue	db.AgendaBonusIssueNewIssueBalanceCertificateFile	db.AgendaBonusIssue	foreign_key	declared
edge:declared:db.AgendaBonusIssueNewIssueMinutesFile:agenda_bonus_issue	db.AgendaBonusIssueNewIssueMinutesFile	db.AgendaBonusIssue	foreign_key	declared
edge:declared:db.AgendaBonusIssueSharesToIssue:agenda_bonus_issue	db.AgendaBonusIssueSharesToIssue	db.AgendaBonusIssue	foreign_key	declared
edge:declared:db.AgendaBonusIssueSharesToIssue:share_class	db.AgendaBonusIssueSharesToIssue	db.ShareClass	foreign_key	declared
edge:declared:db.AgendaBorrowCapital:meeting_draft	db.AgendaBorrowCapital	db.MeetingDraft	foreign_key	declared
edge:declared:db.AgendaBranchChange:address	db.AgendaBranchChange	db.Address	foreign_key	declared
edge:declared:db.AgendaBranchChange:installation_event	db.AgendaBranchChange	db.BranchInstallationEvent	foreign_key	declared
edge:declared:db.AgendaBranchChange:meeting_draft	db.AgendaBranchChange	db.MeetingDraft	foreign_key	declared
edge:declared:db.AgendaCashDividends:meeting_draft	db.AgendaCashDividends	db.MeetingDraft	foreign_key	declared
edge:declared:db.AgendaCeoAddressChange:meeting_draft	db.AgendaCeoAddressChange	db.MeetingDraft	foreign_key	declared
edge:declared:db.AgendaCeoAddressChangeItem:agenda_ceo_address_change	db.AgendaCeoAddressChangeItem	db.AgendaCeoAddressChange	foreign_key	declared
edge:declared:db.AgendaCeoAddressChangeItem:stakeholder	db.AgendaCeoAddressChangeItem	db.Stakeholder	foreign_key	declared
edge:declared:db.AgendaChangeOfAoiClassStock:aoi	db.AgendaChangeOfAoiClassStock	db.AgendaChangeOfArticlesOfIncorporation	foreign_key	declared
edge:declared:db.AgendaChangeOfAoiCustom:aoi	db.AgendaChangeOfAoiCustom	db.AgendaChangeOfArticlesOfIncorporation	foreign_key	declared
edge:declared:db.AgendaChangeOfAoiCustom:changed_part	db.AgendaChangeOfAoiCustom	db.FileAttachment	foreign_key	declared
edge:declared:db.AgendaChangeOfAoiDirectorCompensationRule:aoi	db.AgendaChangeOfAoiDirectorCompensationRule	db.AgendaChangeOfArticlesOfIncorporation	foreign_key	declared
edge:declared:db.AgendaChangeOfAoiNumberOfDirectors:aoi	db.AgendaChangeOfAoiNumberOfDirectors	db.AgendaChangeOfArticlesOfIncorporation	foreign_key	declared
edge:declared:db.AgendaChangeOfAoiThirdPartyAllocation:aoi	db.AgendaChangeOfAoiThirdPartyAllocation	db.AgendaChangeOfArticlesOfIncorporation	foreign_key	declared
edge:declared:db.AgendaChangeOfArticlesOfIncorporation:_deprecated_changed_part	db.AgendaChangeOfArticlesOfIncorporation	db.FileAttachment	foreign_key	declared
edge:declared:db.AgendaChangeOfArticlesOfIncorporation:meeting_draft	db.AgendaChangeOfArticlesOfIncorporation	db.MeetingDraft	foreign_key	declared
edge:declared:db.AgendaCoCeoSystemChange:meeting_draft	db.AgendaCoCeoSystemChange	db.MeetingDraft	foreign_key	declared
edge:declared:db.AgendaCompanyNameChange:meeting_draft	db.AgendaCompanyNameChange	db.MeetingDraft	foreign_key	declared
edge:declared:db.AgendaCustom:meeting_draft	db.AgendaCustom	db.MeetingDraft	foreign_key	declared
edge:declared:db.AgendaDirectorChange:stakeholder	db.AgendaDirectorChange	db.Stakeholder	foreign_key	declared
edge:declared:db.AgendaDirectorCompensationItem:director_compensation	db.AgendaDirectorCompensationItem	db.AgendaDirectorCompensation	foreign_key	declared
edge:declared:db.AgendaDirectorCompensationItem:stakeholder	db.AgendaDirectorCompensationItem	db.Stakeholder	foreign_key	declared
edge:declared:db.AgendaDirectorCompensationRule:meeting_draft	db.AgendaDirectorCompensationRule	db.MeetingDraft	foreign_key	declared
edge:declared:db.AgendaFinancialStatements:audit_report	db.AgendaFinancialStatements	db.FileAttachment	foreign_key	declared
edge:declared:db.AgendaFinancialStatements:meeting_draft	db.AgendaFinancialStatements	db.MeetingDraft	foreign_key	declared
edge:declared:db.AgendaHeadOfficeRelocation:address	db.AgendaHeadOfficeRelocation	db.Address	foreign_key	declared
edge:declared:db.AgendaHeadOfficeRelocation:meeting_draft	db.AgendaHeadOfficeRelocation	db.MeetingDraft	foreign_key	declared
edge:declared:db.AgendaHeadOfficeRelocationAoiChange:meeting_draft	db.AgendaHeadOfficeRelocationAoiChange	db.MeetingDraft	foreign_key	declared
edge:declared:db.AgendaMethodOfGivingPublicNoticeChange:daily_newspaper	db.AgendaMethodOfGivingPublicNoticeChange	db.DailyNewspaper	foreign_key	declared
edge:declared:db.AgendaMethodOfGivingPublicNoticeChange:meeting_draft	db.AgendaMethodOfGivingPublicNoticeChange	db.MeetingDraft	foreign_key	declared
edge:declared:db.AgendaNewIssue:financial_statements	db.AgendaNewIssue	db.FileAttachment	foreign_key	declared
edge:declared:db.AgendaNewIssue:meeting_draft	db.AgendaNewIssue	db.MeetingDraft	foreign_key	declared
edge:declared:db.AgendaNewIssueItem:new_issue	db.AgendaNewIssueItem	db.AgendaNewIssue	foreign_key	declared
edge:declared:db.AgendaNewIssueItemFromConversion:new_issue_item	db.AgendaNewIssueItemFromConversion	db.AgendaNewIssueItem	foreign_key	declared
edge:declared:db.AgendaNewIssueItemFromPayment:new_issue_item	db.AgendaNewIssueItemFromPayment	db.AgendaNewIssueItem	foreign_key	declared
edge:declared:db.AgendaNewIssueItemInstitutionMember:institution	db.AgendaNewIssueItemInstitutionMember	db.AgendaNewIssueItemShareholder	foreign_key	declared
edge:declared:db.AgendaNewIssueItemInstitutionMemberCeo:member	db.AgendaNewIssueItemInstitutionMemberCeo	db.AgendaNewIssueItemInstitutionMember	foreign_key	declared
edge:declared:db.AgendaNewIssueItemShareClass:item	db.AgendaNewIssueItemShareClass	db.AgendaNewIssueItem	foreign_key	declared
edge:declared:db.AgendaNewIssueItemShareholder:item	db.AgendaNewIssueItemShareholder	db.AgendaNewIssueItem	foreign_key	declared
edge:declared:db.AgendaNewIssueNewShareClass:new_issue	db.AgendaNewIssueNewShareClass	db.AgendaNewIssue	foreign_key	declared
edge:declared:db.AgendaNewOptionsRule:meeting_draft	db.AgendaNewOptionsRule	db.MeetingDraft	foreign_key	declared
edge:declared:db.AgendaNewOrChangeRsuRule:meeting_draft	db.AgendaNewOrChangeRsuRule	db.MeetingDraft	foreign_key	declared
edge:declared:db.AgendaOptionCancel:meeting_draft	db.AgendaOptionCancel	db.MeetingDraft	foreign_key	declared
edge:declared:db.AgendaOptionCancelGrantee:option_cancel	db.AgendaOptionCancelGrantee	db.AgendaOptionCancel	foreign_key	declared
edge:declared:db.AgendaOptionCancelGrantee:option_grantee	db.AgendaOptionCancelGrantee	db.OptionGrantee	foreign_key	declared
edge:declared:db.AgendaOptionCancelOption:_deprecated_grantee	db.AgendaOptionCancelOption	db.AgendaOptionCancelGrantee	foreign_key	declared
edge:declared:db.AgendaOptionCancelOption:option_cancel	db.AgendaOptionCancelOption	db.AgendaOptionCancel	foreign_key	declared
edge:declared:db.AgendaOptionExercise:meeting_draft	db.AgendaOptionExercise	db.MeetingDraft	foreign_key	declared
edge:declared:db.AgendaOptionExerciseClaim:option_exercise	db.AgendaOptionExerciseClaim	db.AgendaOptionExercise	foreign_key	declared
edge:declared:db.AgendaOptionExerciseClaim:option_exercise_claim	db.AgendaOptionExerciseClaim	db.OptionExerciseClaim	foreign_key	declared
edge:declared:db.AgendaOptionExerciseGrantee:option_exercise	db.AgendaOptionExerciseGrantee	db.AgendaOptionExercise	foreign_key	declared
edge:declared:db.AgendaOptionExerciseGrantee:option_grantee	db.AgendaOptionExerciseGrantee	db.OptionGrantee	foreign_key	declared
edge:declared:db.AgendaOptionExerciseGranteeOption:grantee	db.AgendaOptionExerciseGranteeOption	db.AgendaOptionExerciseGrantee	foreign_key	declared
edge:declared:db.AgendaOptionGrant:meeting_draft	db.AgendaOptionGrant	db.MeetingDraft	foreign_key	declared
edge:declared:db.AgendaOptionGrantGrantee:_deprecated_option_grant_event	db.AgendaOptionGrantGrantee	db.OptionGrantEvent	foreign_key	declared
edge:declared:db.AgendaOptionGrantGrantee:option_grant	db.AgendaOptionGrantGrantee	db.AgendaOptionGrant	foreign_key	declared
edge:declared:db.AgendaOptionGrantGrantee:option_grantee	db.AgendaOptionGrantGrantee	db.OptionGrantee	foreign_key	declared
edge:declared:db.AgendaOptionGrantGrantee:stakeholder	db.AgendaOptionGrantGrantee	db.Stakeholder	foreign_key	declared
edge:declared:db.AgendaPurposeChange:meeting_draft	db.AgendaPurposeChange	db.MeetingDraft	foreign_key	declared
edge:declared:db.AgendaPurposeChangeItem:agenda_purpose_change	db.AgendaPurposeChangeItem	db.AgendaPurposeChange	foreign_key	declared
edge:declared:db.AgendaRsuGrant:meeting_draft	db.AgendaRsuGrant	db.MeetingDraft	foreign_key	declared
edge:declared:db.AgendaRsuGrantGrantee:rsu	db.AgendaRsuGrantGrantee	db.Rsu	foreign_key	declared
edge:declared:db.AgendaRsuGrantGrantee:rsu_grant	db.AgendaRsuGrantGrantee	db.AgendaRsuGrant	foreign_key	declared
edge:declared:db.AgendaRsuGrantGrantee:stakeholder	db.AgendaRsuGrantGrantee	db.Stakeholder	foreign_key	declared
edge:declared:db.AgendaSubsidiaryEstablishment:meeting_draft	db.AgendaSubsidiaryEstablishment	db.MeetingDraft	foreign_key	declared
edge:declared:db.AgendaTemplate:company	db.AgendaTemplate	db.Company	foreign_key	declared
edge:declared:db.AiPayrollLedger:payroll	db.AiPayrollLedger	db.Payroll	foreign_key	declared
edge:declared:db.AlimtalkActivityRecipient:activity	db.AlimtalkActivityRecipient	db.AlimtalkActivity	foreign_key	declared
edge:declared:db.AlimtalkActivityRecipientStatusHistory:recipient	db.AlimtalkActivityRecipientStatusHistory	db.AlimtalkActivityRecipient	foreign_key	declared
edge:declared:db.AllocatedSeat:stakeholder	db.AllocatedSeat	db.Stakeholder	foreign_key	declared
edge:declared:db.Announcement:company_set	db.Announcement	db.Company	foreign_key	declared
edge:declared:db.Announcement:subscription_plan_set	db.Announcement	db.SubscriptionPlan	foreign_key	declared
edge:declared:db.AnnualSalary:employee	db.AnnualSalary	db.Employee	foreign_key	declared
edge:declared:db.AnnualSalary:ledger	db.AnnualSalary	db.PayrollLedger	foreign_key	declared
edge:declared:db.AppointedDirectorCertificateOfSealDocument:meeting_document	db.AppointedDirectorCertificateOfSealDocument	db.MeetingDocument	foreign_key	declared
edge:declared:db.AppointedDirectorResidentRegistrationDocument:meeting_document	db.AppointedDirectorResidentRegistrationDocument	db.MeetingDocument	foreign_key	declared
edge:declared:db.Article:third_party_provider	db.Article	db.ThirdPartyArticleProvider	foreign_key	declared
edge:declared:db.Article:thumbnail_image	db.Article	db.FileAttachment	foreign_key	declared
edge:declared:db.ArticlePublishHistory:article	db.ArticlePublishHistory	db.Article	foreign_key	declared
edge:declared:db.ArticlesOfIncorporation:_deprecated_daily_newspaper	db.ArticlesOfIncorporation	db.DailyNewspaper	foreign_key	declared
edge:declared:db.ArticlesOfIncorporation:articles_of_incorporation_file	db.ArticlesOfIncorporation	db.FileAttachment	foreign_key	declared
edge:declared:db.ArticlesOfIncorporation:company	db.ArticlesOfIncorporation	db.Company	foreign_key	declared
edge:declared:db.ArticlesOfIncorporation:source_meeting	db.ArticlesOfIncorporation	db.Meeting	foreign_key	declared
edge:declared:db.ArticlesOfIncorporationAfterChangeDocument:meeting_document	db.ArticlesOfIncorporationAfterChangeDocument	db.MeetingDocument	foreign_key	declared
edge:declared:db.ArticlesOfIncorporationAnalyzationRequest:company	db.ArticlesOfIncorporationAnalyzationRequest	db.Company	foreign_key	declared
edge:declared:db.ArticlesOfIncorporationAnalyzationResult:request	db.ArticlesOfIncorporationAnalyzationResult	db.ArticlesOfIncorporationAnalyzationRequest	foreign_key	declared
edge:declared:db.ArticlesOfIncorporationBeforeChangeDocument:meeting_document	db.ArticlesOfIncorporationBeforeChangeDocument	db.MeetingDocument	foreign_key	declared
edge:declared:db.ArticlesOfIncorporationDocument:meeting_document	db.ArticlesOfIncorporationDocument	db.MeetingDocument	foreign_key	declared
edge:declared:db.ArticlesOfIncorporationInputterMemo:articles_of_incorporation	db.ArticlesOfIncorporationInputterMemo	db.ArticlesOfIncorporation	foreign_key	declared
edge:declared:db.AuditLog:actor_api_key	db.AuditLog	db.UserApiKey	foreign_key	declared
edge:declared:db.AuditReportDocument:meeting_document	db.AuditReportDocument	db.MeetingDocument	foreign_key	declared
edge:declared:db.AvailableModusignRequest:company	db.AvailableModusignRequest	db.Company	foreign_key	declared
edge:declared:db.AvailableModusignRequest:modusign_account	db.AvailableModusignRequest	db.ModusignAccount	foreign_key	declared
edge:declared:db.BalanceCertificateDocument:meeting_document	db.BalanceCertificateDocument	db.MeetingDocument	foreign_key	declared
edge:declared:db.BalanceCertificateDocument:new_issue_agenda	db.BalanceCertificateDocument	db.AgendaNewIssue	foreign_key	declared
edge:declared:db.BalanceCertificateDocument:option_exercise_agenda	db.BalanceCertificateDocument	db.AgendaOptionExercise	foreign_key	declared
edge:declared:db.BaseModusignDocumentUsageHistory:modusign_document	db.BaseModusignDocumentUsageHistory	db.ModusignDocument	foreign_key	declared
edge:declared:db.BaseModusignDocumentUsageHistory:purchase	db.BaseModusignDocumentUsageHistory	db.Purchase	foreign_key	declared
edge:declared:db.BranchAbolitionEvent:installation_event	db.BranchAbolitionEvent	db.BranchInstallationEvent	foreign_key	declared
edge:declared:db.BranchChangeEvent:address	db.BranchChangeEvent	db.Address	foreign_key	declared
edge:declared:db.BranchChangeEvent:installation_event	db.BranchChangeEvent	db.BranchInstallationEvent	foreign_key	declared
edge:declared:db.BranchInstallationEvent:address	db.BranchInstallationEvent	db.Address	foreign_key	declared
edge:declared:db.BulkEmail:template_revision	db.BulkEmail	db.BulkEmailTemplateRevision	foreign_key	declared
edge:declared:db.BulkEmailCommonAttachment:bulk_email	db.BulkEmailCommonAttachment	db.BulkEmail	foreign_key	declared
edge:declared:db.BulkEmailRecipient:bulk_email	db.BulkEmailRecipient	db.BulkEmail	foreign_key	declared
edge:declared:db.BulkEmailRecipient:email_activity_recipient	db.BulkEmailRecipient	db.EmailActivityRecipient	foreign_key	declared
edge:declared:db.BulkEmailRecipientAttachment:recipient	db.BulkEmailRecipientAttachment	db.BulkEmailRecipient	foreign_key	declared
edge:declared:db.BulkEmailTemplateRevision:template	db.BulkEmailTemplateRevision	db.BulkEmailTemplate	foreign_key	declared
edge:declared:db.BusinessPlan:company	db.BusinessPlan	db.Company	foreign_key	declared
edge:declared:db.BusinessPlanAiAnalysis:business_plan_ai_review	db.BusinessPlanAiAnalysis	db.BusinessPlanAiReview	foreign_key	declared
edge:declared:db.BusinessPlanAiAnalysisItem:ai_analysis_feedback	db.BusinessPlanAiAnalysisItem	db.AiAnalysisFeedback	foreign_key	declared
edge:declared:db.BusinessPlanAiAnalysisItem:business_plan_ai_analysis	db.BusinessPlanAiAnalysisItem	db.BusinessPlanAiAnalysis	foreign_key	declared
edge:declared:db.BusinessPlanAiAnalysisItemImprovement:ai_analysis_feedback	db.BusinessPlanAiAnalysisItemImprovement	db.AiAnalysisFeedback	foreign_key	declared
edge:declared:db.BusinessPlanAiAnalysisItemImprovement:business_plan_ai_analysis_item	db.BusinessPlanAiAnalysisItemImprovement	db.BusinessPlanAiAnalysisItem	foreign_key	declared
edge:declared:db.BusinessPlanAiReview:business_plan	db.BusinessPlanAiReview	db.BusinessPlan	foreign_key	declared
edge:declared:db.BusinessPlanAiReview:company	db.BusinessPlanAiReview	db.Company	foreign_key	declared
edge:declared:db.BusinessRegistrationCertificate:company	db.BusinessRegistrationCertificate	db.Company	foreign_key	declared
edge:declared:db.CaptableAfterNewIssueDocument:meeting_document	db.CaptableAfterNewIssueDocument	db.MeetingDocument	foreign_key	declared
edge:declared:db.CaptableAtRecordDateDocument:meeting_document	db.CaptableAtRecordDateDocument	db.MeetingDocument	foreign_key	declared
edge:declared:db.CaptableBeforeNewIssueDocument:meeting_document	db.CaptableBeforeNewIssueDocument	db.MeetingDocument	foreign_key	declared
edge:declared:db.CaptableRequest:captable_file	db.CaptableRequest	db.FileAttachment	foreign_key	declared
edge:declared:db.CaptableRequest:company	db.CaptableRequest	db.Company	foreign_key	declared
edge:declared:db.CashIncentive:category	db.CashIncentive	db.CashIncentiveCategory	foreign_key	declared
edge:declared:db.CashIncentive:employee	db.CashIncentive	db.Employee	foreign_key	declared
edge:declared:db.CashIncentiveCategory:company	db.CashIncentiveCategory	db.Company	foreign_key	declared
edge:declared:db.CashIncentiveItem:cash_incentive	db.CashIncentiveItem	db.CashIncentive	foreign_key	declared
edge:declared:db.CashPayment:purchase	db.CashPayment	db.Purchase	foreign_key	declared
edge:declared:db.CeoAddressChangeEvent:director	db.CeoAddressChangeEvent	db.Director	foreign_key	declared
edge:declared:db.CeoConfirmationDocument:meeting_document	db.CeoConfirmationDocument	db.MeetingDocument	foreign_key	declared
edge:declared:db.CeoTypeChangedCeoResidentRegistrationDocument:meeting_document	db.CeoTypeChangedCeoResidentRegistrationDocument	db.MeetingDocument	foreign_key	declared
edge:declared:db.CertificateOfCorporateSealDocument:meeting_document	db.CertificateOfCorporateSealDocument	db.MeetingDocument	foreign_key	declared
edge:declared:db.CertificateOfSealNotarizationPoaDocument:meeting_document	db.CertificateOfSealNotarizationPoaDocument	db.MeetingDocument	foreign_key	declared
edge:declared:db.Charge:credit	db.Charge	db.Credit	foreign_key	declared
edge:declared:db.Charge:meeting	db.Charge	db.Meeting	foreign_key	declared
edge:declared:db.CmeBulkEmail:cme	db.CmeBulkEmail	db.CompanyManagingEntity	foreign_key	declared
edge:declared:db.CmeBulkEmailRecipient:_deprecated_cme_bulk_email	db.CmeBulkEmailRecipient	db.CmeBulkEmail	foreign_key	declared
edge:declared:db.CmeBulkEmailRecipient:cme_company	db.CmeBulkEmailRecipient	db.CmeCompany	foreign_key	declared
edge:declared:db.CmeBulkEmailTemplate:cme	db.CmeBulkEmailTemplate	db.CompanyManagingEntity	foreign_key	declared
edge:declared:db.CmeCompany:company	db.CmeCompany	db.Company	foreign_key	declared
edge:declared:db.CmeCompany:company_managing_entity	db.CmeCompany	db.CompanyManagingEntity	foreign_key	declared
edge:declared:db.CmeCompany:contact_set	db.CmeCompany	db.CmeContact	foreign_key	declared
edge:declared:db.CmeCompanyContact:cme_company	db.CmeCompanyContact	db.CmeCompany	foreign_key	declared
edge:declared:db.CmeCompanyContactNotificationSettings:cme_company_contact	db.CmeCompanyContactNotificationSettings	db.CmeCompanyContact	foreign_key	declared
edge:declared:db.CmeCompanyDirectorTermManagement:cme_company	db.CmeCompanyDirectorTermManagement	db.CmeCompany	foreign_key	declared
edge:declared:db.CmeCompanyNote:cme_company	db.CmeCompanyNote	db.CmeCompany	foreign_key	declared
edge:declared:db.CmeCompanyRegistration:cme_contact	db.CmeCompanyRegistration	db.CmeContact	foreign_key	declared
edge:declared:db.CmeCompanyRegistration:company_managing_entity	db.CmeCompanyRegistration	db.CompanyManagingEntity	foreign_key	declared
edge:declared:db.CmeCompanyRegistrationFile:cme_company_registration	db.CmeCompanyRegistrationFile	db.CmeCompanyRegistration	foreign_key	declared
edge:declared:db.CmeContact:company_managing_entity	db.CmeContact	db.CompanyManagingEntity	foreign_key	declared
edge:declared:db.CmeMemberRelation:company_managing_entity	db.CmeMemberRelation	db.CompanyManagingEntity	foreign_key	declared
edge:declared:db.CompanyAddressChangeEvent:address	db.CompanyAddressChangeEvent	db.Address	foreign_key	declared
edge:declared:db.CompanyAppointedTransferAgentChange:company	db.CompanyAppointedTransferAgentChange	db.Company	foreign_key	declared
edge:declared:db.CompanyAuthorizedSharesChange:company	db.CompanyAuthorizedSharesChange	db.Company	foreign_key	declared
edge:declared:db.CompanyBenefit:company	db.CompanyBenefit	db.Company	foreign_key	declared
edge:declared:db.CompanyBulkEmailTemplate:company	db.CompanyBulkEmailTemplate	db.Company	foreign_key	declared
edge:declared:db.CompanyCreateAssignmentReadiness:company	db.CompanyCreateAssignmentReadiness	db.Company	foreign_key	declared
edge:declared:db.CompanyCreateProgress:company_create_request	db.CompanyCreateProgress	db.CompanyCreateRequest	foreign_key	declared
edge:declared:db.CompanyCreateRequest:address	db.CompanyCreateRequest	db.Address	foreign_key	declared
edge:declared:db.CompanyCreateRequest:articles_of_incorporation_attachment	db.CompanyCreateRequest	db.FileAttachment	foreign_key	declared
edge:declared:db.CompanyCreateRequest:company	db.CompanyCreateRequest	db.Company	foreign_key	declared
edge:declared:db.CompanyDepartment:department_code	db.CompanyDepartment	db.CompanyDepartmentCode	foreign_key	declared
edge:declared:db.CompanyDepartmentCode:organization_chart	db.CompanyDepartmentCode	db.OrganizationChart	foreign_key	declared
edge:declared:db.CompanyDocumentDelivery:company	db.CompanyDocumentDelivery	db.Company	foreign_key	declared
edge:declared:db.CompanyEndorsement:company	db.CompanyEndorsement	db.Company	foreign_key	declared
edge:declared:db.CompanyEndorsementFeed:company_endorsement	db.CompanyEndorsementFeed	db.CompanyEndorsement	foreign_key	declared
edge:declared:db.CompanyExpertClientRelation:company	db.CompanyExpertClientRelation	db.Company	foreign_key	declared
edge:declared:db.CompanyExpertClientRelation:expert_client	db.CompanyExpertClientRelation	db.ExpertClient	foreign_key	declared
edge:declared:db.CompanyFeed:company	db.CompanyFeed	db.Company	foreign_key	declared
edge:declared:db.CompanyFeedAccessLog:company_feeds	db.CompanyFeedAccessLog	db.CompanyFeed	foreign_key	declared
edge:declared:db.CompanyFeedAccessLog:venture_capital	db.CompanyFeedAccessLog	db.VentureCapital	foreign_key	declared
edge:declared:db.CompanyFeedRating:company_feed	db.CompanyFeedRating	db.CompanyFeed	foreign_key	declared
edge:declared:db.CompanyGuideState:company	db.CompanyGuideState	db.Company	foreign_key	declared
edge:declared:db.CompanyInvestmentContractInfo:company	db.CompanyInvestmentContractInfo	db.Company	foreign_key	declared
edge:declared:db.CompanyInvestorInterest:company	db.CompanyInvestorInterest	db.Company	foreign_key	declared
edge:declared:db.CompanyInvestorInterest:venture_capital	db.CompanyInvestorInterest	db.VentureCapital	foreign_key	declared
edge:declared:db.CompanyInvitation:invitee	db.CompanyInvitation	db.Company	foreign_key	declared
edge:declared:db.CompanyIrClosingFeed:investor_relations	db.CompanyIrClosingFeed	db.InvestorRelations	foreign_key	declared
edge:declared:db.CompanyIrNewCommitFeed:investor_relations	db.CompanyIrNewCommitFeed	db.InvestorRelations	foreign_key	declared
edge:declared:db.CompanyIrOpenFeed:investor_relations	db.CompanyIrOpenFeed	db.InvestorRelations	foreign_key	declared
edge:declared:db.CompanyIrSetting:company	db.CompanyIrSetting	db.Company	foreign_key	declared
edge:declared:db.CompanyLegalPartnerRelation:company	db.CompanyLegalPartnerRelation	db.Company	foreign_key	declared
edge:declared:db.CompanyLegalPartnerRelation:legal_partner	db.CompanyLegalPartnerRelation	db.LegalPartner	foreign_key	declared
edge:declared:db.CompanyManagementAssignment:company	db.CompanyManagementAssignment	db.Company	foreign_key	declared
edge:declared:db.CompanyManagingEntity:expert_client	db.CompanyManagingEntity	db.ExpertClient	foreign_key	declared
edge:declared:db.CompanyManagingEntity:expert_partner	db.CompanyManagingEntity	db.LegalPartner	foreign_key	declared
edge:declared:db.CompanyManagingEntity:holding_company	db.CompanyManagingEntity	db.HoldingCompany	foreign_key	declared
edge:declared:db.CompanyMethodOfGivingPublicNoticeChange:company	db.CompanyMethodOfGivingPublicNoticeChange	db.Company	foreign_key	declared
edge:declared:db.CompanyMethodOfGivingPublicNoticeChange:daily_newspaper	db.CompanyMethodOfGivingPublicNoticeChange	db.DailyNewspaper	foreign_key	declared
edge:declared:db.CompanyMnaSetting:company	db.CompanyMnaSetting	db.Company	foreign_key	declared
edge:declared:db.CompanyNameChange:company	db.CompanyNameChange	db.Company	foreign_key	declared
edge:declared:db.CompanyNews:company	db.CompanyNews	db.Company	foreign_key	declared
edge:declared:db.CompanyNewsFeed:company_news	db.CompanyNewsFeed	db.CompanyNews	foreign_key	declared
edge:declared:db.CompanyNewsLink:company_news	db.CompanyNewsLink	db.CompanyNews	foreign_key	declared
edge:declared:db.CompanyNotificationSetting:company	db.CompanyNotificationSetting	db.Company	foreign_key	declared
edge:declared:db.CompanyNotificationTrigger:notification_setting	db.CompanyNotificationTrigger	db.CompanyNotificationSetting	foreign_key	declared
edge:declared:db.CompanyOptionRule:company	db.CompanyOptionRule	db.Company	foreign_key	declared
edge:declared:db.CompanyOverview:company	db.CompanyOverview	db.Company	foreign_key	declared
edge:declared:db.CompanyOwnerAddRequest:company	db.CompanyOwnerAddRequest	db.Company	foreign_key	declared
edge:declared:db.CompanyOwnerAuditLog:company	db.CompanyOwnerAuditLog	db.Company	foreign_key	declared
edge:declared:db.CompanyOwnerAuditLogOwnerRoleRelation:company_owner_audit_log	db.CompanyOwnerAuditLogOwnerRoleRelation	db.CompanyOwnerAuditLog	foreign_key	declared
edge:declared:db.CompanyOwnerAuditLogOwnerRoleRelation:owner_role	db.CompanyOwnerAuditLogOwnerRoleRelation	db.OwnerRole	foreign_key	declared
edge:declared:db.CompanyOwnerNotificationTrigger:trigger	db.CompanyOwnerNotificationTrigger	db.CompanyNotificationTrigger	foreign_key	declared
edge:declared:db.CompanyParValueChange:_deprecated_articles_of_incorporation	db.CompanyParValueChange	db.ArticlesOfIncorporation	foreign_key	declared
edge:declared:db.CompanyParValueChange:company	db.CompanyParValueChange	db.Company	foreign_key	declared
edge:declared:db.CompanyPaymentLink:company	db.CompanyPaymentLink	db.Company	foreign_key	declared
edge:declared:db.CompanyPolicyFile:company	db.CompanyPolicyFile	db.Company	foreign_key	declared
edge:declared:db.CompanyProfileAccessLog:company	db.CompanyProfileAccessLog	db.Company	foreign_key	declared
edge:declared:db.CompanyProfileAccessLog:venture_capital	db.CompanyProfileAccessLog	db.VentureCapital	foreign_key	declared
edge:declared:db.CompanyPromotionWinLog:company	db.CompanyPromotionWinLog	db.Company	foreign_key	declared
edge:declared:db.CompanyPromotionWinLog:prize_type	db.CompanyPromotionWinLog	db.CompanyPromotionPrizeType	foreign_key	declared
edge:declared:db.CompanyPromotionWinLog:promotion	db.CompanyPromotionWinLog	db.CompanyPromotionInfo	foreign_key	declared
edge:declared:db.CompanyPurposeChange:company	db.CompanyPurposeChange	db.Company	foreign_key	declared
edge:declared:db.CompanyPurposeChangeItem:company_purpose_change	db.CompanyPurposeChangeItem	db.CompanyPurposeChange	foreign_key	declared
edge:declared:db.CompanyPurposeChangeItem:industrial_code	db.CompanyPurposeChangeItem	db.IndustrialCode	foreign_key	declared
edge:declared:db.CompanyQuestionThread:company	db.CompanyQuestionThread	db.Company	foreign_key	declared
edge:declared:db.CompanyQuestionThread:expert_partner	db.CompanyQuestionThread	db.LegalPartner	foreign_key	declared
edge:declared:db.CompanyRegistrationAssignment:company	db.CompanyRegistrationAssignment	db.Company	foreign_key	declared
edge:declared:db.CompanyRegistrationAssignmentLog:company	db.CompanyRegistrationAssignmentLog	db.Company	foreign_key	declared
edge:declared:db.CompanyRsuRule:_deprecate_articles_of_incorporation	db.CompanyRsuRule	db.ArticlesOfIncorporation	foreign_key	declared
edge:declared:db.CompanyRsuRule:company	db.CompanyRsuRule	db.Company	foreign_key	declared
edge:declared:db.CompanyStockTransferRestrictedChange:company	db.CompanyStockTransferRestrictedChange	db.Company	foreign_key	declared
edge:declared:db.CompanyStockValue:company	db.CompanyStockValue	db.Company	foreign_key	declared
edge:declared:db.CompanyTag:company_set	db.CompanyTag	db.Company	foreign_key	declared
edge:declared:db.CompanyTanTableView:company	db.CompanyTanTableView	db.Company	foreign_key	declared
edge:declared:db.CompanyTodo:company	db.CompanyTodo	db.Company	foreign_key	declared
edge:declared:db.CompanyUpdateRequest:change_detection	db.CompanyUpdateRequest	db.CorporateRegistrationChangeDetection	foreign_key	declared
edge:declared:db.CompanyUpdateRequest:company	db.CompanyUpdateRequest	db.Company	foreign_key	declared
edge:declared:db.CompanyUpdateRequest:company_question_thread	db.CompanyUpdateRequest	db.CompanyQuestionThread	foreign_key	declared
edge:declared:db.CompanyUserRelation:company	db.CompanyUserRelation	db.Company	foreign_key	declared
edge:declared:db.CompanyUserRelation:stakeholder	db.CompanyUserRelation	db.Stakeholder	foreign_key	declared
edge:declared:db.CompanyUserRelationOwnerRoleRelation:company_user_relation	db.CompanyUserRelationOwnerRoleRelation	db.CompanyUserRelation	foreign_key	declared
edge:declared:db.CompanyUserRelationOwnerRoleRelation:owner_role	db.CompanyUserRelationOwnerRoleRelation	db.OwnerRole	foreign_key	declared
edge:declared:db.ConsentForm:investor	db.ConsentForm	db.Shareholder	foreign_key	declared
edge:declared:db.ConsentForm:item	db.ConsentForm	db.ConsentFormItem	foreign_key	declared
edge:declared:db.ConsentForm:uploaded_consent_form_file	db.ConsentForm	db.FileAttachment	foreign_key	declared
edge:declared:db.ConsentFormModusignDocument:consent_form	db.ConsentFormModusignDocument	db.ConsentForm	foreign_key	declared
edge:declared:db.ConsentFormModusignEmbeddedDraft:consent_form	db.ConsentFormModusignEmbeddedDraft	db.ConsentForm	foreign_key	declared
edge:declared:db.CorporateRegistration:attachment	db.CorporateRegistration	db.FileAttachment	foreign_key	declared
edge:declared:db.CorporateRegistration:company	db.CorporateRegistration	db.Company	foreign_key	declared
edge:declared:db.CorporateRegistrationChangeConfirmation:change_detection	db.CorporateRegistrationChangeConfirmation	db.CorporateRegistrationChangeDetection	foreign_key	declared
edge:declared:db.CorporateRegistrationChangeConfirmation:staff_review_required_question_thread	db.CorporateRegistrationChangeConfirmation	db.CompanyQuestionThread	foreign_key	declared
edge:declared:db.CorporateRegistrationChangeDetection:company	db.CorporateRegistrationChangeDetection	db.Company	foreign_key	declared
edge:declared:db.CorporateRegistrationChangeDetection:xml_file	db.CorporateRegistrationChangeDetection	db.FileAttachment	foreign_key	declared
edge:declared:db.CorporateRegistrationChangeDetectionParseResult:change_detection	db.CorporateRegistrationChangeDetectionParseResult	db.CorporateRegistrationChangeDetection	foreign_key	declared
edge:declared:db.CorporateRegistrationDocument:meeting_document	db.CorporateRegistrationDocument	db.MeetingDocument	foreign_key	declared
edge:declared:db.CorporateRegistrationExtractionLog:corporate_registration_issue_log	db.CorporateRegistrationExtractionLog	db.CorporateRegistrationIssueLog	foreign_key	declared
edge:declared:db.CorporateRegistrationIssueCoupon:company	db.CorporateRegistrationIssueCoupon	db.Company	foreign_key	declared
edge:declared:db.CorporateRegistrationIssueCouponIssueLog:coupon	db.CorporateRegistrationIssueCouponIssueLog	db.CorporateRegistrationIssueCoupon	foreign_key	declared
edge:declared:db.CorporateRegistrationIssueCouponUseRequest:coupon	db.CorporateRegistrationIssueCouponUseRequest	db.CorporateRegistrationIssueCoupon	foreign_key	declared
edge:declared:db.CorporateRegistrationIssueCouponUseResult:corporate_registration	db.CorporateRegistrationIssueCouponUseResult	db.CorporateRegistration	foreign_key	declared
edge:declared:db.CorporateRegistrationIssueCouponUseResult:log	db.CorporateRegistrationIssueCouponUseResult	db.CorporateRegistrationIssueLog	foreign_key	declared
edge:declared:db.CorporateRegistrationIssueCouponUseResult:request	db.CorporateRegistrationIssueCouponUseResult	db.CorporateRegistrationIssueCouponUseRequest	foreign_key	declared
edge:declared:db.CorporateRegistrationIssueLog:_deprecated_staff_review_required_question_thread	db.CorporateRegistrationIssueLog	db.CompanyQuestionThread	foreign_key	declared
edge:declared:db.CorporateRegistrationIssueLog:pdf_file	db.CorporateRegistrationIssueLog	db.FileAttachment	foreign_key	declared
edge:declared:db.CorporateRegistrationIssueMaintenance:third_party_api_notice	db.CorporateRegistrationIssueMaintenance	db.ThirdPartyApiNotice	foreign_key	declared
edge:declared:db.CorporateRegistrationIssueRequest:delivery	db.CorporateRegistrationIssueRequest	db.SealCertificateDelivery	foreign_key	declared
edge:declared:db.CorporateRegistrationPaidIssue:company	db.CorporateRegistrationPaidIssue	db.Company	foreign_key	declared
edge:declared:db.CorporateRegistrationPaidIssue:corporate_registration	db.CorporateRegistrationPaidIssue	db.CorporateRegistration	foreign_key	declared
edge:declared:db.CorporationPostRegistrationEmail:company	db.CorporationPostRegistrationEmail	db.Company	foreign_key	declared
edge:declared:db.CorporationPostRegistrationScheduledEmail:corporation_post_registration_email	db.CorporationPostRegistrationScheduledEmail	db.CorporationPostRegistrationEmail	foreign_key	declared
edge:declared:db.CorporationPostRegistrationScheduledEmailPeriodicTaskRelation:corporation_post_registration_scheduled_email	db.CorporationPostRegistrationScheduledEmailPeriodicTaskRelation	db.CorporationPostRegistrationScheduledEmail	foreign_key	declared
edge:declared:db.Credit:company	db.Credit	db.Company	foreign_key	declared
edge:declared:db.CreditCard:company	db.CreditCard	db.Company	foreign_key	declared
edge:declared:db.CreditCard:investment_association	db.CreditCard	db.InvestmentAssociation	foreign_key	declared
edge:declared:db.CreditCard:legal_partner	db.CreditCard	db.LegalPartner	foreign_key	declared
edge:declared:db.CreditCard:venture_capital	db.CreditCard	db.VentureCapital	foreign_key	declared
edge:declared:db.CreditUse:credit	db.CreditUse	db.Credit	foreign_key	declared
edge:declared:db.CreditUse:purchase	db.CreditUse	db.Purchase	foreign_key	declared
edge:declared:db.CsAgentResponse:inquiry_thread_message	db.CsAgentResponse	db.QuestionThreadMessage	foreign_key	declared
edge:declared:db.CsAgentResponseFeedBack:cs_agent_response	db.CsAgentResponseFeedBack	db.CsAgentResponse	foreign_key	declared
edge:declared:db.DebtConfirmationAndOffsetContractDocument:meeting_document	db.DebtConfirmationAndOffsetContractDocument	db.MeetingDocument	foreign_key	declared
edge:declared:db.DebtConfirmationAndOffsetContractDocument:new_issue_item	db.DebtConfirmationAndOffsetContractDocument	db.AgendaNewIssueItem	foreign_key	declared
edge:declared:db.DepartmentStaffUserRelation:department	db.DepartmentStaffUserRelation	db.Department	foreign_key	declared
edge:declared:db.DirectorAppointmentEvent:director	db.DirectorAppointmentEvent	db.Director	foreign_key	declared
edge:declared:db.DirectorCompensationDecisionEvent:director	db.DirectorCompensationDecisionEvent	db.Director	foreign_key	declared
edge:declared:db.DirectorCompensationLimitEvent:director	db.DirectorCompensationLimitEvent	db.Director	foreign_key	declared
edge:declared:db.DirectorDecisionDocument:meeting_document	db.DirectorDecisionDocument	db.MeetingDocument	foreign_key	declared
edge:declared:db.DirectorResidentRegistrationWithAddressChangeHistoryDocument:meeting_document	db.DirectorResidentRegistrationWithAddressChangeHistoryDocument	db.MeetingDocument	foreign_key	declared
edge:declared:db.DirectorTermEndEvent:appointment_event	db.DirectorTermEndEvent	db.DirectorAppointmentEvent	foreign_key	declared
edge:declared:db.DirectorTermEndEvent:director	db.DirectorTermEndEvent	db.Director	foreign_key	declared
edge:declared:db.DirectorVote:agenda	db.DirectorVote	db.DirectorsMeetingAgenda	foreign_key	declared
edge:declared:db.DirectorVote:attended_director	db.DirectorVote	db.DirectorsMeetingDirectorAttendance	foreign_key	declared
edge:declared:db.DirectorVotingRightsPerAgenda:agenda	db.DirectorVotingRightsPerAgenda	db.DirectorsMeetingAgenda	foreign_key	declared
edge:declared:db.DirectorVotingRightsPerAgenda:director	db.DirectorVotingRightsPerAgenda	db.DirectorsMeetingDirectorAttendance	foreign_key	declared
edge:declared:db.DirectorsMeeting:chairperson	db.DirectorsMeeting	db.DirectorsMeetingDirectorAttendance	foreign_key	declared
edge:declared:db.DirectorsMeeting:meeting	db.DirectorsMeeting	db.Meeting	foreign_key	declared
edge:declared:db.DirectorsMeeting:sealed_meeting_minutes_file	db.DirectorsMeeting	db.FileAttachment	foreign_key	declared
edge:declared:db.DirectorsMeetingAgenda:agenda_bonus_issue	db.DirectorsMeetingAgenda	db.AgendaBonusIssue	foreign_key	declared
edge:declared:db.DirectorsMeetingAgenda:agenda_branch_change	db.DirectorsMeetingAgenda	db.AgendaBranchChange	foreign_key	declared
edge:declared:db.DirectorsMeetingAgenda:agenda_co_ceo_system_change	db.DirectorsMeetingAgenda	db.AgendaCoCeoSystemChange	foreign_key	declared
edge:declared:db.DirectorsMeetingAgenda:agenda_custom	db.DirectorsMeetingAgenda	db.AgendaCustom	foreign_key	declared
edge:declared:db.DirectorsMeetingAgenda:agenda_director_change	db.DirectorsMeetingAgenda	db.AgendaDirectorChange	foreign_key	declared
edge:declared:db.DirectorsMeetingAgenda:agenda_director_compensation_decision	db.DirectorsMeetingAgenda	db.AgendaDirectorCompensation	foreign_key	declared
edge:declared:db.DirectorsMeetingAgenda:agenda_financial_statements	db.DirectorsMeetingAgenda	db.AgendaFinancialStatements	foreign_key	declared
edge:declared:db.DirectorsMeetingAgenda:agenda_head_office_relocation	db.DirectorsMeetingAgenda	db.AgendaHeadOfficeRelocation	foreign_key	declared
edge:declared:db.DirectorsMeetingAgenda:agenda_new_issue	db.DirectorsMeetingAgenda	db.AgendaNewIssue	foreign_key	declared
edge:declared:db.DirectorsMeetingAgenda:agenda_option_cancel	db.DirectorsMeetingAgenda	db.AgendaOptionCancel	foreign_key	declared
edge:declared:db.DirectorsMeetingAgenda:agenda_rsu_grant	db.DirectorsMeetingAgenda	db.AgendaRsuGrant	foreign_key	declared
edge:declared:db.DirectorsMeetingAgenda:agenda_shareholders_meeting_convocation	db.DirectorsMeetingAgenda	db.AgendaShareholdersMeetingConvocation	foreign_key	declared
edge:declared:db.DirectorsMeetingAgenda:agenda_subsidiary_establishment	db.DirectorsMeetingAgenda	db.AgendaSubsidiaryEstablishment	foreign_key	declared
edge:declared:db.DirectorsMeetingAgenda:meeting	db.DirectorsMeetingAgenda	db.DirectorsMeeting	foreign_key	declared
edge:declared:db.DirectorsMeetingDirectorAttendance:stakeholder	db.DirectorsMeetingDirectorAttendance	db.Stakeholder	foreign_key	declared
edge:declared:db.DirectorsMeetingMinutesDocument:meeting_document	db.DirectorsMeetingMinutesDocument	db.MeetingDocument	foreign_key	declared
edge:declared:db.DirectorsMeetingNoticeDocument:meeting_document	db.DirectorsMeetingNoticeDocument	db.MeetingDocument	foreign_key	declared
edge:declared:db.DirectorsMeetingNoticeEmail:directors_meeting	db.DirectorsMeetingNoticeEmail	db.DirectorsMeeting	foreign_key	declared
edge:declared:db.DirectorsMeetingNoticeEmailRecipient:director	db.DirectorsMeetingNoticeEmailRecipient	db.DirectorsMeetingDirectorAttendance	foreign_key	declared
edge:declared:db.DirectorsMeetingNoticeEmailRecipient:email	db.DirectorsMeetingNoticeEmailRecipient	db.DirectorsMeetingNoticeEmail	foreign_key	declared
edge:declared:db.DirectorsMeetingSkipNoticeDocument:meeting_document	db.DirectorsMeetingSkipNoticeDocument	db.MeetingDocument	foreign_key	declared
edge:declared:db.DocumentDelivery:delivery	db.DocumentDelivery	db.PingpongDelivery	foreign_key	declared
edge:declared:db.DocumentDeliveryQuestionThreadRelation:document_delivery	db.DocumentDeliveryQuestionThreadRelation	db.DocumentDelivery	foreign_key	declared
edge:declared:db.DocumentDeliveryQuestionThreadRelation:question_thread	db.DocumentDeliveryQuestionThreadRelation	db.QuestionThread	foreign_key	declared
edge:declared:db.DocumentParseResult:attachment	db.DocumentParseResult	db.OtherDocumentArchiveAttachment	foreign_key	declared
edge:declared:db.DormantUserEmail:user	db.DormantUserEmail	db.DormantUser	foreign_key	declared
edge:declared:db.DormantUserPhone:user	db.DormantUserPhone	db.DormantUser	foreign_key	declared
edge:declared:db.DormantUserReactivationToken:user	db.DormantUserReactivationToken	db.DormantUser	foreign_key	declared
edge:declared:db.ESOP:company	db.ESOP	db.Company	foreign_key	declared
edge:declared:db.ESOP:shareholder	db.ESOP	db.Shareholder	foreign_key	declared
edge:declared:db.ESOPParticipant:esop	db.ESOPParticipant	db.ESOP	foreign_key	declared
edge:declared:db.EditableCompanyOwnerAuditLog:company	db.EditableCompanyOwnerAuditLog	db.Company	foreign_key	declared
edge:declared:db.ElectronicCertificate:company	db.ElectronicCertificate	db.Company	foreign_key	declared
edge:declared:db.ElectronicCertificate:director	db.ElectronicCertificate	db.Director	foreign_key	declared
edge:declared:db.ElectronicCertificateApplicationFormDocument:meeting_document	db.ElectronicCertificateApplicationFormDocument	db.MeetingDocument	foreign_key	declared
edge:declared:db.ElectronicCertificateCaseReportDocument:meeting_document	db.ElectronicCertificateCaseReportDocument	db.MeetingDocument	foreign_key	declared
edge:declared:db.ElectronicCertificateFileDownloadHistory:file_uploaded	db.ElectronicCertificateFileDownloadHistory	db.ElectronicCertificateFileUploaded	foreign_key	declared
edge:declared:db.ElectronicCertificateFileUploadRequest:electronic_certificate	db.ElectronicCertificateFileUploadRequest	db.ElectronicCertificate	foreign_key	declared
edge:declared:db.ElectronicCertificateFileUploaded:file_upload_request	db.ElectronicCertificateFileUploaded	db.ElectronicCertificateFileUploadRequest	foreign_key	declared
edge:declared:db.ElectronicCertificateReturnRequest:electronic_certificate	db.ElectronicCertificateReturnRequest	db.ElectronicCertificate	foreign_key	declared
edge:declared:db.ElectronicCertificateReturnRequest:recipient_address	db.ElectronicCertificateReturnRequest	db.Address	foreign_key	declared
edge:declared:db.EmailActivityRecipient:email_activity	db.EmailActivityRecipient	db.EmailActivity	foreign_key	declared
edge:declared:db.EmailActivityRecipientStatusHistory:recipient	db.EmailActivityRecipientStatusHistory	db.EmailActivityRecipient	foreign_key	declared
edge:declared:db.EmailVerification:email	db.EmailVerification	db.Email	foreign_key	declared
edge:declared:db.Employee:department_code_set	db.Employee	db.CompanyDepartmentCode	foreign_key	declared
edge:declared:db.Employee:group_set	db.Employee	db.EmployeeGroup	foreign_key	declared
edge:declared:db.EmployeeDepartmentCodeRelation:department_code	db.EmployeeDepartmentCodeRelation	db.CompanyDepartmentCode	foreign_key	declared
edge:declared:db.EmployeeDepartmentCodeRelation:employee	db.EmployeeDepartmentCodeRelation	db.Employee	foreign_key	declared
edge:declared:db.EmployeeGroup:company	db.EmployeeGroup	db.Company	foreign_key	declared
edge:declared:db.EmployeeNumber:company	db.EmployeeNumber	db.Company	foreign_key	declared
edge:declared:db.EmployeeNumber:employee	db.EmployeeNumber	db.Employee	foreign_key	declared
edge:declared:db.EmployeeOption:company	db.EmployeeOption	db.Company	foreign_key	declared
edge:declared:db.EmployeeOption:grantee	db.EmployeeOption	db.EmployeeOptionGrantee	foreign_key	declared
edge:declared:db.EmployeeOptionExerciseCandidate:management	db.EmployeeOptionExerciseCandidate	db.EmployeeOptionExerciseManagement	foreign_key	declared
edge:declared:db.EmployeeOptionExerciseCandidate:option	db.EmployeeOptionExerciseCandidate	db.EmployeeOption	foreign_key	declared
edge:declared:db.EmployeeOptionExerciseCandidate:option_exercise_claim	db.EmployeeOptionExerciseCandidate	db.EmployeeOptionExerciseClaim	foreign_key	declared
edge:declared:db.EmployeeOptionExerciseCandidateFile:candidate	db.EmployeeOptionExerciseCandidateFile	db.EmployeeOptionExerciseCandidate	foreign_key	declared
edge:declared:db.EmployeeOptionExerciseClaim:company	db.EmployeeOptionExerciseClaim	db.Company	foreign_key	declared
edge:declared:db.EmployeeOptionExerciseClaimOption:option	db.EmployeeOptionExerciseClaimOption	db.EmployeeOption	foreign_key	declared
edge:declared:db.EmployeeOptionExerciseClaimOption:option_exercise_claim	db.EmployeeOptionExerciseClaimOption	db.EmployeeOptionExerciseClaim	foreign_key	declared
edge:declared:db.EmployeeOptionExerciseManagement:company	db.EmployeeOptionExerciseManagement	db.Company	foreign_key	declared
edge:declared:db.EmployeeOptionExerciseManagementEmail:management	db.EmployeeOptionExerciseManagementEmail	db.EmployeeOptionExerciseManagement	foreign_key	declared
edge:declared:db.EmployeeOptionVesting:employee_option	db.EmployeeOptionVesting	db.EmployeeOption	foreign_key	declared
edge:declared:db.EmployeeOptionVestingItem:option_vesting	db.EmployeeOptionVestingItem	db.EmployeeOptionVesting	foreign_key	declared
edge:declared:db.EmployeeOptionVestingTraceable:option	db.EmployeeOptionVestingTraceable	db.EmployeeOption	foreign_key	declared
edge:declared:db.EmployeeStock:participant	db.EmployeeStock	db.ESOPParticipant	foreign_key	declared
edge:declared:db.EmployeeStockGuide:esop	db.EmployeeStockGuide	db.ESOP	foreign_key	declared
edge:declared:db.EmployeeStockGuideAudience:employee_stock_guide	db.EmployeeStockGuideAudience	db.EmployeeStockGuide	foreign_key	declared
edge:declared:db.EmployeeStockGuideAudience:participant	db.EmployeeStockGuideAudience	db.ESOPParticipant	foreign_key	declared
edge:declared:db.EmployeeStockGuideEmail:employee_stock_guide	db.EmployeeStockGuideEmail	db.EmployeeStockGuide	foreign_key	declared
edge:declared:db.EmployeeStockTag:category	db.EmployeeStockTag	db.EmployeeStockTagCategory	foreign_key	declared
edge:declared:db.EmployeeStockTag:employee_stock_set	db.EmployeeStockTag	db.EmployeeStock	foreign_key	declared
edge:declared:db.EmployeeStockTag:esop	db.EmployeeStockTag	db.ESOP	foreign_key	declared
edge:declared:db.EmployeeStockTagCategory:esop	db.EmployeeStockTagCategory	db.ESOP	foreign_key	declared
edge:declared:db.EmployeeStockWithdrawRequest:account	db.EmployeeStockWithdrawRequest	db.FinancialAccount	foreign_key	declared
edge:declared:db.EmployeeStockWithdrawRequest:esop	db.EmployeeStockWithdrawRequest	db.ESOP	foreign_key	declared
edge:declared:db.EmploymentCertificateDocumentRequest:company	db.EmploymentCertificateDocumentRequest	db.Company	foreign_key	declared
edge:declared:db.EmploymentCertificateDocumentRequest:history	db.EmploymentCertificateDocumentRequest	db.EmploymentStatusHistory	foreign_key	declared
edge:declared:db.EmploymentStatusHistory:connected_hrm_status_event	db.EmploymentStatusHistory	db.HrmEmpStatusEventBase	foreign_key	declared
edge:declared:db.EmploymentStatusHistory:employee	db.EmploymentStatusHistory	db.Employee	foreign_key	declared
edge:declared:db.EmploymentStatusHistory:related_events	db.EmploymentStatusHistory	db.Event	foreign_key	declared
edge:declared:db.Event:company	db.Event	db.Company	foreign_key	declared
edge:declared:db.EventAttachment:company	db.EventAttachment	db.Company	foreign_key	declared
edge:declared:db.EventAttachment:event	db.EventAttachment	db.Event	foreign_key	declared
edge:declared:db.ExpertClientIncorporationSupport:contact_set	db.ExpertClientIncorporationSupport	db.CmeContact	foreign_key	declared
edge:declared:db.ExpertClientIncorporationSupport:expert_client	db.ExpertClientIncorporationSupport	db.ExpertClient	foreign_key	declared
edge:declared:db.ExpertClientIncorporationSupport:incorporation_request	db.ExpertClientIncorporationSupport	db.IncorporationRequest	foreign_key	declared
edge:declared:db.ExpertClientSignupChannel:expert_client	db.ExpertClientSignupChannel	db.ExpertClient	foreign_key	declared
edge:declared:db.ExpertClientTaxServiceSettings:expert_client	db.ExpertClientTaxServiceSettings	db.ExpertClient	foreign_key	declared
edge:declared:db.ExpertClientTaxServiceSettings:legal_partner	db.ExpertClientTaxServiceSettings	db.LegalPartner	foreign_key	declared
edge:declared:db.ExpressDelivery1:order_status_history	db.ExpressDelivery1	db.OrderStatusHistory	foreign_key	declared
edge:declared:db.ExpressDelivery1:seal_card_return_status_history	db.ExpressDelivery1	db.SealCardReturnStatusHistory	foreign_key	declared
edge:declared:db.ExternalStockInfo:company	db.ExternalStockInfo	db.Company	foreign_key	declared
edge:declared:db.FABContent:thumbnail_image	db.FABContent	db.FileAttachment	foreign_key	declared
edge:declared:db.FeeReceiptDocument:meeting_document	db.FeeReceiptDocument	db.MeetingDocument	foreign_key	declared
edge:declared:db.FinancialAccount:institution	db.FinancialAccount	db.FinancialInstitution	foreign_key	declared
edge:declared:db.FinancialStatementsDocument:meeting_document	db.FinancialStatementsDocument	db.MeetingDocument	foreign_key	declared
edge:declared:db.FinancialStatementsForNewIssueFromConversionDocument:meeting_document	db.FinancialStatementsForNewIssueFromConversionDocument	db.MeetingDocument	foreign_key	declared
edge:declared:db.FinancialStatementsForNewIssueFromConversionDocument:new_issue	db.FinancialStatementsForNewIssueFromConversionDocument	db.AgendaNewIssue	foreign_key	declared
edge:declared:db.Fund:fund_partners	db.Fund	db.FundPartner	foreign_key	declared
edge:declared:db.Fund:portfolio_company_set	db.Fund	db.PortfolioCompany	foreign_key	declared
edge:declared:db.Fund:venture_capital	db.Fund	db.VentureCapital	foreign_key	declared
edge:declared:db.FundPartner:venture_capital	db.FundPartner	db.VentureCapital	foreign_key	declared
edge:declared:db.FundingNewsDistributionServiceRequest:company	db.FundingNewsDistributionServiceRequest	db.Company	foreign_key	declared
edge:declared:db.FundingNewsDistributionServiceRequest:company_question_thread	db.FundingNewsDistributionServiceRequest	db.CompanyQuestionThread	foreign_key	declared
edge:declared:db.FundingNewsDistributionServiceRequest:logo	db.FundingNewsDistributionServiceRequest	db.FileAttachment	foreign_key	declared
edge:declared:db.HelpTemplate:partners_to_share	db.HelpTemplate	db.LegalPartner	foreign_key	declared
edge:declared:db.Hrm:company	db.Hrm	db.Company	foreign_key	declared
edge:declared:db.HrmAnnualLeaveAdjustment:emp	db.HrmAnnualLeaveAdjustment	db.HrmEmp	foreign_key	declared
edge:declared:db.HrmAnnualLeaveConfigBase:annual_leave	db.HrmAnnualLeaveConfigBase	db.HrmAnnualLeave	foreign_key	declared
edge:declared:db.HrmApproval:approvable	db.HrmApproval	db.HrmApprovable	foreign_key	declared
edge:declared:db.HrmApproval:requestor	db.HrmApproval	db.HrmEmp	foreign_key	declared
edge:declared:db.HrmApprovalLine:actual_approver	db.HrmApprovalLine	db.HrmEmp	foreign_key	declared
edge:declared:db.HrmApprovalLine:approval	db.HrmApprovalLine	db.HrmApproval	foreign_key	declared
edge:declared:db.HrmApprovalLine:approver	db.HrmApprovalLine	db.HrmApprover	foreign_key	declared
edge:declared:db.HrmApprovalReview:approval	db.HrmApprovalReview	db.HrmApproval	foreign_key	declared
edge:declared:db.HrmApprovalReview:approver	db.HrmApprovalReview	db.HrmApprover	foreign_key	declared
edge:declared:db.HrmApprovalTemplate:hrm	db.HrmApprovalTemplate	db.Hrm	foreign_key	declared
edge:declared:db.HrmApprovalTemplateLine:approver	db.HrmApprovalTemplateLine	db.HrmApprover	foreign_key	declared
edge:declared:db.HrmApprovalTemplateLine:template	db.HrmApprovalTemplateLine	db.HrmApprovalTemplate	foreign_key	declared
edge:declared:db.HrmApprovalTemplateReview:approver	db.HrmApprovalTemplateReview	db.HrmApprover	foreign_key	declared
edge:declared:db.HrmApprovalTemplateReview:template	db.HrmApprovalTemplateReview	db.HrmApprovalTemplate	foreign_key	declared
edge:declared:db.HrmApprover:dept	db.HrmApprover	db.HrmDept	foreign_key	declared
edge:declared:db.HrmApprover:emp	db.HrmApprover	db.HrmEmp	foreign_key	declared
edge:declared:db.HrmAttendance:emp	db.HrmAttendance	db.HrmEmp	foreign_key	declared
edge:declared:db.HrmAttendanceItem:attendance	db.HrmAttendanceItem	db.HrmAttendance	foreign_key	declared
edge:declared:db.HrmAttendanceItem:emp	db.HrmAttendanceItem	db.HrmEmp	foreign_key	declared
edge:declared:db.HrmCertificateConfig:hrm	db.HrmCertificateConfig	db.Hrm	foreign_key	declared
edge:declared:db.HrmCertificateConfigIndividualApprovalTemplateRelation:certificate_config	db.HrmCertificateConfigIndividualApprovalTemplateRelation	db.HrmCertificateConfig	foreign_key	declared
edge:declared:db.HrmCertificateIssue:connected_status_event	db.HrmCertificateIssue	db.HrmEmpStatusEventBase	foreign_key	declared
edge:declared:db.HrmCertificateIssue:emp	db.HrmCertificateIssue	db.HrmEmp	foreign_key	declared
edge:declared:db.HrmConciergeRequest:company	db.HrmConciergeRequest	db.Company	foreign_key	declared
edge:declared:db.HrmDept:hrm	db.HrmDept	db.Hrm	foreign_key	declared
edge:declared:db.HrmDeptName:dept	db.HrmDeptName	db.HrmDept	foreign_key	declared
edge:declared:db.HrmDeptName:event	db.HrmDeptName	db.HrmDeptNameEventBase	foreign_key	declared
edge:declared:db.HrmDeptParent:dept	db.HrmDeptParent	db.HrmDept	foreign_key	declared
edge:declared:db.HrmDeptParent:event	db.HrmDeptParent	db.HrmDeptParentEventBase	foreign_key	declared
edge:declared:db.HrmDeptReorg:hrm	db.HrmDeptReorg	db.Hrm	foreign_key	declared
edge:declared:db.HrmDeptStatus:dept	db.HrmDeptStatus	db.HrmDept	foreign_key	declared
edge:declared:db.HrmDeptStatus:event	db.HrmDeptStatus	db.HrmDeptStatusEventBase	foreign_key	declared
edge:declared:db.HrmDocument:emp	db.HrmDocument	db.HrmEmp	foreign_key	declared
edge:declared:db.HrmDocument:form	db.HrmDocument	db.HrmDocumentForm	foreign_key	declared
edge:declared:db.HrmDocument:hrm	db.HrmDocument	db.Hrm	foreign_key	declared
edge:declared:db.HrmDocumentDraft:emp	db.HrmDocumentDraft	db.HrmEmp	foreign_key	declared
edge:declared:db.HrmDocumentDraft:form	db.HrmDocumentDraft	db.HrmDocumentForm	foreign_key	declared
edge:declared:db.HrmDocumentDraftFieldAttachment:field_value	db.HrmDocumentDraftFieldAttachment	db.HrmDocumentDraftFieldValue	foreign_key	declared
edge:declared:db.HrmDocumentDraftFieldMultiSelectValue:field_value	db.HrmDocumentDraftFieldMultiSelectValue	db.HrmDocumentDraftFieldValue	foreign_key	declared
edge:declared:db.HrmDocumentDraftFieldMultiSelectValue:selected_option	db.HrmDocumentDraftFieldMultiSelectValue	db.HrmDocumentFormFieldSelectOption	foreign_key	declared
edge:declared:db.HrmDocumentDraftFieldValue:draft	db.HrmDocumentDraftFieldValue	db.HrmDocumentDraft	foreign_key	declared
edge:declared:db.HrmDocumentDraftFieldValue:field_definition	db.HrmDocumentDraftFieldValue	db.HrmDocumentFormFieldDefinition	foreign_key	declared
edge:declared:db.HrmDocumentFieldAttachment:field_value	db.HrmDocumentFieldAttachment	db.HrmDocumentFieldValue	foreign_key	declared
edge:declared:db.HrmDocumentFieldMultiSelectValue:field_value	db.HrmDocumentFieldMultiSelectValue	db.HrmDocumentFieldValue	foreign_key	declared
edge:declared:db.HrmDocumentFieldMultiSelectValue:selected_option	db.HrmDocumentFieldMultiSelectValue	db.HrmDocumentFormFieldSelectOption	foreign_key	declared
edge:declared:db.HrmDocumentFieldValue:document	db.HrmDocumentFieldValue	db.HrmDocument	foreign_key	declared
edge:declared:db.HrmDocumentFieldValue:field_definition	db.HrmDocumentFieldValue	db.HrmDocumentFormFieldDefinition	foreign_key	declared
edge:declared:db.HrmDocumentForm:hrm	db.HrmDocumentForm	db.Hrm	foreign_key	declared
edge:declared:db.HrmDocumentFormFieldDefinition:form	db.HrmDocumentFormFieldDefinition	db.HrmDocumentForm	foreign_key	declared
edge:declared:db.HrmDocumentFormFieldSelectOption:field_definition	db.HrmDocumentFormFieldSelectOption	db.HrmDocumentFormFieldDefinition	foreign_key	declared
edge:declared:db.HrmDocumentFormIndividualApprovalTemplateRelation:document_form	db.HrmDocumentFormIndividualApprovalTemplateRelation	db.HrmDocumentForm	foreign_key	declared
edge:declared:db.HrmEmp:connected_employee	db.HrmEmp	db.Employee	foreign_key	declared
edge:declared:db.HrmEmp:hrm	db.HrmEmp	db.Hrm	foreign_key	declared
edge:declared:db.HrmEmpAffiliation:emp	db.HrmEmpAffiliation	db.HrmEmp	foreign_key	declared
edge:declared:db.HrmEmpAffiliation:event	db.HrmEmpAffiliation	db.HrmEmpAffiliationEventBase	foreign_key	declared
edge:declared:db.HrmEmpAffiliationDept:affiliation	db.HrmEmpAffiliationDept	db.HrmEmpAffiliation	foreign_key	declared
edge:declared:db.HrmEmpAffiliationDept:dept	db.HrmEmpAffiliationDept	db.HrmDept	foreign_key	declared
edge:declared:db.HrmEmpContract:emp	db.HrmEmpContract	db.HrmEmp	foreign_key	declared
edge:declared:db.HrmEmpContract:mgmt	db.HrmEmpContract	db.HrmEmpContractMgmt	foreign_key	declared
edge:declared:db.HrmEmpContractCommonVar:hrm	db.HrmEmpContractCommonVar	db.Hrm	foreign_key	declared
edge:declared:db.HrmEmpContractMgmt:hrm	db.HrmEmpContractMgmt	db.Hrm	foreign_key	declared
edge:declared:db.HrmEmpContractMgmt:template_revision	db.HrmEmpContractMgmt	db.HrmEmpContractTemplateRevision	foreign_key	declared
edge:declared:db.HrmEmpContractModusignDocument:hrm_emp_contract	db.HrmEmpContractModusignDocument	db.HrmEmpContract	foreign_key	declared
edge:declared:db.HrmEmpContractTemplate:hrm	db.HrmEmpContractTemplate	db.Hrm	foreign_key	declared
edge:declared:db.HrmEmpContractTemplateRevision:template	db.HrmEmpContractTemplateRevision	db.HrmEmpContractTemplate	foreign_key	declared
edge:declared:db.HrmEmpContractTemplateRevisionSigner:revision	db.HrmEmpContractTemplateRevisionSigner	db.HrmEmpContractTemplateRevision	foreign_key	declared
edge:declared:db.HrmEmpEmploymentType:emp	db.HrmEmpEmploymentType	db.HrmEmp	foreign_key	declared
edge:declared:db.HrmEmpEmploymentType:event	db.HrmEmpEmploymentType	db.HrmEmpEmploymentTypeEventBase	foreign_key	declared
edge:declared:db.HrmEmpJob:emp	db.HrmEmpJob	db.HrmEmp	foreign_key	declared
edge:declared:db.HrmEmpJob:event	db.HrmEmpJob	db.HrmEmpJobEventBase	foreign_key	declared
edge:declared:db.HrmEmpJob:level	db.HrmEmpJob	db.HrmEmpJobLevel	foreign_key	declared
edge:declared:db.HrmEmpJob:position	db.HrmEmpJob	db.HrmEmpJobPosition	foreign_key	declared
edge:declared:db.HrmEmpJob:role	db.HrmEmpJob	db.HrmEmpJobRole	foreign_key	declared
edge:declared:db.HrmEmpJob:title	db.HrmEmpJob	db.HrmEmpJobTitle	foreign_key	declared
edge:declared:db.HrmEmpJobLevel:hrm	db.HrmEmpJobLevel	db.Hrm	foreign_key	declared
edge:declared:db.HrmEmpJobPosition:hrm	db.HrmEmpJobPosition	db.Hrm	foreign_key	declared
edge:declared:db.HrmEmpJobRole:hrm	db.HrmEmpJobRole	db.Hrm	foreign_key	declared
edge:declared:db.HrmEmpJobTitle:hrm	db.HrmEmpJobTitle	db.Hrm	foreign_key	declared
edge:declared:db.HrmEmpMov:hrm	db.HrmEmpMov	db.Hrm	foreign_key	declared
edge:declared:db.HrmEmpReturnToWorkEvent:absence_event	db.HrmEmpReturnToWorkEvent	db.HrmEmpAbsenceEvent	foreign_key	declared
edge:declared:db.HrmEmpStatus:emp	db.HrmEmpStatus	db.HrmEmp	foreign_key	declared
edge:declared:db.HrmEmpStatus:event	db.HrmEmpStatus	db.HrmEmpStatusEventBase	foreign_key	declared
edge:declared:db.HrmEmpUserInvitation:emp	db.HrmEmpUserInvitation	db.HrmEmp	foreign_key	declared
edge:declared:db.HrmEmpUserInvitation:hrm	db.HrmEmpUserInvitation	db.Hrm	foreign_key	declared
edge:declared:db.HrmEmpUserInvitationInvitee:invitation	db.HrmEmpUserInvitationInvitee	db.HrmEmpUserInvitation	foreign_key	declared
edge:declared:db.HrmEmpWorkAssignment:emp	db.HrmEmpWorkAssignment	db.HrmEmp	foreign_key	declared
edge:declared:db.HrmEmpWorkAssignment:work	db.HrmEmpWorkAssignment	db.HrmWorkBase	foreign_key	declared
edge:declared:db.HrmFixedWorkSchedule:fixed_work	db.HrmFixedWorkSchedule	db.HrmFixedWork	foreign_key	declared
edge:declared:db.HrmLeaveBase:hrm	db.HrmLeaveBase	db.Hrm	foreign_key	declared
edge:declared:db.HrmLeaveCommonConfig:leave	db.HrmLeaveCommonConfig	db.HrmLeaveBase	foreign_key	declared
edge:declared:db.HrmLeaveGrant:emp	db.HrmLeaveGrant	db.HrmEmp	foreign_key	declared
edge:declared:db.HrmLeaveGrant:grantable_leave	db.HrmLeaveGrant	db.HrmGrantableLeave	foreign_key	declared
edge:declared:db.HrmLeaveIndividualApprovalTemplateRelation:leave	db.HrmLeaveIndividualApprovalTemplateRelation	db.HrmLeaveBase	foreign_key	declared
edge:declared:db.HrmLeaveUsage:emp	db.HrmLeaveUsage	db.HrmEmp	foreign_key	declared
edge:declared:db.HrmLeaveUsage:leave	db.HrmLeaveUsage	db.HrmLeaveBase	foreign_key	declared
edge:declared:db.HrmLeaveUsageAttachment:usage	db.HrmLeaveUsageAttachment	db.HrmLeaveUsage	foreign_key	declared
edge:declared:db.HrmLeaveUsageItemBase:usage	db.HrmLeaveUsageItemBase	db.HrmLeaveUsage	foreign_key	declared
edge:declared:db.HrmOngoingAttendance:emp	db.HrmOngoingAttendance	db.HrmEmp	foreign_key	declared
edge:declared:db.HrmOngoingAttendanceClockedSchedule:ongoing_attendance	db.HrmOngoingAttendanceClockedSchedule	db.HrmOngoingAttendance	foreign_key	declared
edge:declared:db.HrmRequestor:dept	db.HrmRequestor	db.HrmDept	foreign_key	declared
edge:declared:db.HrmRequestor:emp	db.HrmRequestor	db.HrmEmp	foreign_key	declared
edge:declared:db.HrmSigner:hrm	db.HrmSigner	db.Hrm	foreign_key	declared
edge:declared:db.HrmStaffNote:hrm	db.HrmStaffNote	db.Hrm	foreign_key	declared
edge:declared:db.HrmStaggeredWorkSchedule:staggered_work	db.HrmStaggeredWorkSchedule	db.HrmStaggeredWork	foreign_key	declared
edge:declared:db.HrmTag:hrm_set	db.HrmTag	db.Hrm	foreign_key	declared
edge:declared:db.HrmWorkAutoClockOutConfig:work	db.HrmWorkAutoClockOutConfig	db.HrmWorkBase	foreign_key	declared
edge:declared:db.HrmWorkBase:emp_set	db.HrmWorkBase	db.HrmEmp	foreign_key	declared
edge:declared:db.HrmWorkBase:hrm	db.HrmWorkBase	db.Hrm	foreign_key	declared
edge:declared:db.HrmWorkIndividualApprovalTemplateRelation:work	db.HrmWorkIndividualApprovalTemplateRelation	db.HrmWorkBase	foreign_key	declared
edge:declared:db.HrmWorkOvertime:work	db.HrmWorkOvertime	db.HrmWorkBase	foreign_key	declared
edge:declared:db.IBKSignupChannel:ibk_user_login_token	db.IBKSignupChannel	db.IBKUserLoginToken	foreign_key	declared
edge:declared:db.IBKUserLoginToken:ibk_user	db.IBKUserLoginToken	db.IBKUser	foreign_key	declared
edge:declared:db.IaAccountInfo:investment_association	db.IaAccountInfo	db.InvestmentAssociation	foreign_key	declared
edge:declared:db.IaCertificateOfInvestmentDocument:partner	db.IaCertificateOfInvestmentDocument	db.InvestmentAssociationPartner	foreign_key	declared
edge:declared:db.IaCertificateOfInvestmentDocumentRecipient:certificate_of_investment_document_email	db.IaCertificateOfInvestmentDocumentRecipient	db.IaCertificateOfInvestmentDocumentEmail	foreign_key	declared
edge:declared:db.IaConfirmationRequest:investment_association	db.IaConfirmationRequest	db.InvestmentAssociation	foreign_key	declared
edge:declared:db.IaConfirmationRequest:partner_list_file	db.IaConfirmationRequest	db.FileAttachment	foreign_key	declared
edge:declared:db.IaConsentForm:consent_form_or_meeting	db.IaConsentForm	db.IaConsentFormOrMeeting	foreign_key	declared
edge:declared:db.IaConsentFormDocument:consent_form	db.IaConsentFormDocument	db.IaConsentForm	foreign_key	declared
edge:declared:db.IaConsentFormDocument:partner	db.IaConsentFormDocument	db.InvestmentAssociationPartner	foreign_key	declared
edge:declared:db.IaConsentFormOrMeeting:investment_association	db.IaConsentFormOrMeeting	db.InvestmentAssociation	foreign_key	declared
edge:declared:db.IaConsentFormOrMeetingDocumentGeneration:consent_form_or_meeting	db.IaConsentFormOrMeetingDocumentGeneration	db.IaConsentFormOrMeeting	foreign_key	declared
edge:declared:db.IaConsentFormOrMeetingDocumentGenerationItem:document	db.IaConsentFormOrMeetingDocumentGenerationItem	db.InvestmentAssociationDocument	foreign_key	declared
edge:declared:db.IaConsentFormOrMeetingDocumentGenerationItem:generation	db.IaConsentFormOrMeetingDocumentGenerationItem	db.IaConsentFormOrMeetingDocumentGeneration	foreign_key	declared
edge:declared:db.IaConsentFormOrMeetingElectronicSignatureRequest:document	db.IaConsentFormOrMeetingElectronicSignatureRequest	db.IaConsentFormOrMeetingElectronicSignatureRequiredDocument	foreign_key	declared
edge:declared:db.IaConsentFormOrMeetingElectronicSignatureRequestModusignDocument:electronic_signature_request	db.IaConsentFormOrMeetingElectronicSignatureRequestModusignDocument	db.IaConsentFormOrMeetingElectronicSignatureRequest	foreign_key	declared
edge:declared:db.IaConsentFormOrMeetingElectronicSignatureRequestModusignEmbeddedDraft:electronic_signature_request	db.IaConsentFormOrMeetingElectronicSignatureRequestModusignEmbeddedDraft	db.IaConsentFormOrMeetingElectronicSignatureRequest	foreign_key	declared
edge:declared:db.IaConsentFormOrMeetingElectronicSignatureRequestStatusHistory:electronic_signature_request	db.IaConsentFormOrMeetingElectronicSignatureRequestStatusHistory	db.IaConsentFormOrMeetingElectronicSignatureRequest	foreign_key	declared
edge:declared:db.IaConsentFormOrMeetingElectronicSignatureRequestUploadedModusignDocument:electronic_signature_request	db.IaConsentFormOrMeetingElectronicSignatureRequestUploadedModusignDocument	db.IaConsentFormOrMeetingElectronicSignatureRequest	foreign_key	declared
edge:declared:db.IaConsentFormOrMeetingElectronicSignatureRequiredDocument:consent_form_or_meeting	db.IaConsentFormOrMeetingElectronicSignatureRequiredDocument	db.IaConsentFormOrMeeting	foreign_key	declared
edge:declared:db.IaConsentFormOrMeetingElectronicSignatureRequiredDocument:edited_file	db.IaConsentFormOrMeetingElectronicSignatureRequiredDocument	db.FileAttachment	foreign_key	declared
edge:declared:db.IaConsentFormOrMeetingElectronicSignatureRequiredDocument:partner	db.IaConsentFormOrMeetingElectronicSignatureRequiredDocument	db.InvestmentAssociationPartner	foreign_key	declared
edge:declared:db.IaConsentFormOrMeetingEsigRequiredDocumentPageRange:esig_required_document	db.IaConsentFormOrMeetingEsigRequiredDocumentPageRange	db.IaConsentFormOrMeetingElectronicSignatureRequiredDocument	foreign_key	declared
edge:declared:db.IaConsentFormOrMeetingEsigRequiredDocumentPageRange:page_range_document	db.IaConsentFormOrMeetingEsigRequiredDocumentPageRange	db.InvestmentAssociationDocument	foreign_key	declared
edge:declared:db.IaConsentFormOrMeetingGuideEmail:consent_form_or_meeting	db.IaConsentFormOrMeetingGuideEmail	db.IaConsentFormOrMeeting	foreign_key	declared
edge:declared:db.IaConsentFormOrMeetingGuideEmailRecipient:consent_form_or_meeting_guide_email	db.IaConsentFormOrMeetingGuideEmailRecipient	db.IaConsentFormOrMeetingGuideEmail	foreign_key	declared
edge:declared:db.IaDocumentArchive:investment_association	db.IaDocumentArchive	db.InvestmentAssociation	foreign_key	declared
edge:declared:db.IaDocumentArchiveAttachment:ia_document_archive	db.IaDocumentArchiveAttachment	db.IaDocumentArchive	foreign_key	declared
edge:declared:db.IaExpertPartnerBulkEmailTemplate:legal_partner	db.IaExpertPartnerBulkEmailTemplate	db.LegalPartner	foreign_key	declared
edge:declared:db.IaFoundingProgressStatus:investment_association	db.IaFoundingProgressStatus	db.InvestmentAssociation	foreign_key	declared
edge:declared:db.IaGpAppointmentEvent:partner	db.IaGpAppointmentEvent	db.InvestmentAssociationPartner	foreign_key	declared
edge:declared:db.IaGpTerminationEvent:appointment_event	db.IaGpTerminationEvent	db.IaGpAppointmentEvent	foreign_key	declared
edge:declared:db.IaGpTerminationEvent:partner	db.IaGpTerminationEvent	db.InvestmentAssociationPartner	foreign_key	declared
edge:declared:db.IaInvestmentCertificateRegistrationRequest:partner	db.IaInvestmentCertificateRegistrationRequest	db.InvestmentAssociationPartner	foreign_key	declared
edge:declared:db.IaLegalPartnerRelation:investment_association	db.IaLegalPartnerRelation	db.InvestmentAssociation	foreign_key	declared
edge:declared:db.IaLegalPartnerRelation:legal_partner	db.IaLegalPartnerRelation	db.LegalPartner	foreign_key	declared
edge:declared:db.IaMeeting:consent_form_or_meeting	db.IaMeeting	db.IaConsentFormOrMeeting	foreign_key	declared
edge:declared:db.IaMeetingAgenda:meeting	db.IaMeetingAgenda	db.IaMeeting	foreign_key	declared
edge:declared:db.IaMeetingAgendaVote:agenda	db.IaMeetingAgendaVote	db.IaMeetingAgenda	foreign_key	declared
edge:declared:db.IaMeetingAgendaVote:electronic_signature	db.IaMeetingAgendaVote	db.IaConsentFormOrMeetingElectronicSignatureRequest	foreign_key	declared
edge:declared:db.IaMeetingAgendaVote:partner	db.IaMeetingAgendaVote	db.InvestmentAssociationPartner	foreign_key	declared
edge:declared:db.IaMeetingConvocationNoticeEmail:ia_meeting	db.IaMeetingConvocationNoticeEmail	db.IaMeeting	foreign_key	declared
edge:declared:db.IaMeetingConvocationNoticeRecipient:convocation_notice_email	db.IaMeetingConvocationNoticeRecipient	db.IaMeetingConvocationNoticeEmail	foreign_key	declared
edge:declared:db.IaMeetingMinutesDocument:meeting	db.IaMeetingMinutesDocument	db.IaMeeting	foreign_key	declared
edge:declared:db.IaMeetingNoticeDocument:meeting	db.IaMeetingNoticeDocument	db.IaMeeting	foreign_key	declared
edge:declared:db.IaMeetingSealedNoticeDocumentFile:ia_meeting	db.IaMeetingSealedNoticeDocumentFile	db.IaMeeting	foreign_key	declared
edge:declared:db.IaMeetingShortenPeriodDocument:meeting	db.IaMeetingShortenPeriodDocument	db.IaMeeting	foreign_key	declared
edge:declared:db.IaMeetingShortenPeriodDocument:partner	db.IaMeetingShortenPeriodDocument	db.InvestmentAssociationPartner	foreign_key	declared
edge:declared:db.IaModusignDocumentUsageHistory:investment_association	db.IaModusignDocumentUsageHistory	db.InvestmentAssociation	foreign_key	declared
edge:declared:db.IaOperation:_deprecated_investment_association	db.IaOperation	db.InvestmentAssociation	foreign_key	declared
edge:declared:db.IaOperation:ia_operation_management	db.IaOperation	db.IaOperationManagement	foreign_key	declared
edge:declared:db.IaOperationManagement:investment_association	db.IaOperationManagement	db.InvestmentAssociation	foreign_key	declared
edge:declared:db.IaOwner:investment_association	db.IaOwner	db.InvestmentAssociation	foreign_key	declared
edge:declared:db.IaOwner:partner	db.IaOwner	db.InvestmentAssociationPartner	foreign_key	declared
edge:declared:db.IaOwnerAuditLog:investment_association	db.IaOwnerAuditLog	db.InvestmentAssociation	foreign_key	declared
edge:declared:db.IaPartnerDataCollection:investment_association	db.IaPartnerDataCollection	db.InvestmentAssociation	foreign_key	declared
edge:declared:db.IaPartnerDataCollectionItem:address	db.IaPartnerDataCollectionItem	db.Address	foreign_key	declared
edge:declared:db.IaPartnerDataCollectionItem:ia_partner_data_collection	db.IaPartnerDataCollectionItem	db.IaPartnerDataCollection	foreign_key	declared
edge:declared:db.IaPartnerDataCollectionItemReply:address	db.IaPartnerDataCollectionItemReply	db.Address	foreign_key	declared
edge:declared:db.IaPartnerDataCollectionItemReply:ia_partner_data_collection	db.IaPartnerDataCollectionItemReply	db.IaPartnerDataCollection	foreign_key	declared
edge:declared:db.IaPartnerDataCollectionItemReply:ia_partner_data_collection_item	db.IaPartnerDataCollectionItemReply	db.IaPartnerDataCollectionItem	foreign_key	declared
edge:declared:db.IaPartnerInvestmentConfirmation:partner	db.IaPartnerInvestmentConfirmation	db.InvestmentAssociationPartner	foreign_key	declared
edge:declared:db.IaPartnerInvestmentConfirmationEmailRecipient:ia_partner_investment_confirmation_email	db.IaPartnerInvestmentConfirmationEmailRecipient	db.IaPartnerInvestmentConfirmationEmail	foreign_key	declared
edge:declared:db.IaPaymentLink:investment_association	db.IaPaymentLink	db.InvestmentAssociation	foreign_key	declared
edge:declared:db.IaPfCompany:investment_association	db.IaPfCompany	db.InvestmentAssociation	foreign_key	declared
edge:declared:db.IaPfCompanyInvestment:ia_pf_company	db.IaPfCompanyInvestment	db.IaPfCompany	foreign_key	declared
edge:declared:db.IaPfCompanyInvestmentSalesIntent:ia_pf_company_investment	db.IaPfCompanyInvestmentSalesIntent	db.IaPfCompanyInvestment	foreign_key	declared
edge:declared:db.IaPfCompanyInvestmentStock:ia_pf_company_investment	db.IaPfCompanyInvestmentStock	db.IaPfCompanyInvestment	foreign_key	declared
edge:declared:db.IaQuestionThread:investment_association	db.IaQuestionThread	db.InvestmentAssociation	foreign_key	declared
edge:declared:db.IaRule:address	db.IaRule	db.Address	foreign_key	declared
edge:declared:db.IaRule:file	db.IaRule	db.FileAttachment	foreign_key	declared
edge:declared:db.IaRule:investment_association	db.IaRule	db.InvestmentAssociation	foreign_key	declared
edge:declared:db.IaRuleCompensation:rule	db.IaRuleCompensation	db.IaRule	foreign_key	declared
edge:declared:db.IaRuleDocument:rule	db.IaRuleDocument	db.IaRule	foreign_key	declared
edge:declared:db.IaRuleInvestment:rule	db.IaRuleInvestment	db.IaRule	foreign_key	declared
edge:declared:db.IaRuleMeeting:rule	db.IaRuleMeeting	db.IaRule	foreign_key	declared
edge:declared:db.IaRulePartner:rule	db.IaRulePartner	db.IaRule	foreign_key	declared
edge:declared:db.IaSealStamp:image_file	db.IaSealStamp	db.FileAttachment	foreign_key	declared
edge:declared:db.IaSealStamp:investment_association	db.IaSealStamp	db.InvestmentAssociation	foreign_key	declared
edge:declared:db.IaSealStampImage:seal_stamp	db.IaSealStampImage	db.IaSealStamp	foreign_key	declared
edge:declared:db.IaUserInvitation:ia_owner	db.IaUserInvitation	db.IaOwner	foreign_key	declared
edge:declared:db.IaUserInvitation:investment_association	db.IaUserInvitation	db.InvestmentAssociation	foreign_key	declared
edge:declared:db.IaUserInvitationInvitee:_deprecated_individual_partner	db.IaUserInvitationInvitee	db.InvestmentAssociationIndividualPartner	foreign_key	declared
edge:declared:db.IaUserInvitationInvitee:invitation	db.IaUserInvitationInvitee	db.IaUserInvitation	foreign_key	declared
edge:declared:db.IaUserInvitationInvitee:legal_representative	db.IaUserInvitationInvitee	db.InvestmentAssociationIndividualPartnerLegalRepresentative	foreign_key	declared
edge:declared:db.IaUserInvitationInvitee:manager	db.IaUserInvitationInvitee	db.InvestmentAssociationPartnerManager	foreign_key	declared
edge:declared:db.IaUserInvitationInvitee:partner	db.IaUserInvitationInvitee	db.InvestmentAssociationPartner	foreign_key	declared
edge:declared:db.IaWrittenResolutionDocument:meeting	db.IaWrittenResolutionDocument	db.IaMeeting	foreign_key	declared
edge:declared:db.IaWrittenResolutionDocument:partner	db.IaWrittenResolutionDocument	db.InvestmentAssociationPartner	foreign_key	declared
edge:declared:db.ImAccessLog:investor_matching	db.ImAccessLog	db.InvestorMatching	foreign_key	declared
edge:declared:db.ImAccessLog:venture_capital	db.ImAccessLog	db.VentureCapital	foreign_key	declared
edge:declared:db.ImAttachment:investor_matching	db.ImAttachment	db.InvestorMatching	foreign_key	declared
edge:declared:db.ImAttachmentDownloadLog:attachment	db.ImAttachmentDownloadLog	db.ImAttachment	foreign_key	declared
edge:declared:db.ImAttachmentDownloadLog:venture_capital	db.ImAttachmentDownloadLog	db.VentureCapital	foreign_key	declared
edge:declared:db.ImAttachmentPdfEvent:attachment	db.ImAttachmentPdfEvent	db.ImAttachment	foreign_key	declared
edge:declared:db.ImAttachmentPdfEvent:pdf_event	db.ImAttachmentPdfEvent	db.PdfEvent	foreign_key	declared
edge:declared:db.ImAttachmentPdfEvent:venture_capital	db.ImAttachmentPdfEvent	db.VentureCapital	foreign_key	declared
edge:declared:db.ImBrokerAssignment:_deprecated_assigned_companies	db.ImBrokerAssignment	db.Company	foreign_key	declared
edge:declared:db.ImBrokerAssignment:assigned_investors	db.ImBrokerAssignment	db.VentureCapital	foreign_key	declared
edge:declared:db.ImBrokerAssignment:im_broker	db.ImBrokerAssignment	db.ImBroker	foreign_key	declared
edge:declared:db.ImBrokerAssignment:investor_matching	db.ImBrokerAssignment	db.InvestorMatching	foreign_key	declared
edge:declared:db.ImBrokerAssignmentInvitedUser:broker_assignment	db.ImBrokerAssignmentInvitedUser	db.ImBrokerAssignment	foreign_key	declared
edge:declared:db.ImBrokerAssignmentInvitedUser:venture_capital	db.ImBrokerAssignmentInvitedUser	db.VentureCapital	foreign_key	declared
edge:declared:db.ImConsultingRequest:company	db.ImConsultingRequest	db.Company	foreign_key	declared
edge:declared:db.ImConsultingRequest:investor_matching	db.ImConsultingRequest	db.InvestorMatching	foreign_key	declared
edge:declared:db.ImContactRequest:investor_matching	db.ImContactRequest	db.InvestorMatching	foreign_key	declared
edge:declared:db.ImContactRequest:venture_capital	db.ImContactRequest	db.VentureCapital	foreign_key	declared
edge:declared:db.ImContactRequestIntention:im_contact_request	db.ImContactRequestIntention	db.ImContactRequest	foreign_key	declared
edge:declared:db.ImDay:recipients	db.ImDay	db.VentureCapitalUserRelation	foreign_key	declared
edge:declared:db.ImDay:venture_capitals	db.ImDay	db.VentureCapital	foreign_key	declared
edge:declared:db.ImDayParticipation:im_day	db.ImDayParticipation	db.ImDay	foreign_key	declared
edge:declared:db.ImDayParticipation:investor_matching	db.ImDayParticipation	db.InvestorMatching	foreign_key	declared
edge:declared:db.ImDayParticipation:venture_capital	db.ImDayParticipation	db.VentureCapital	foreign_key	declared
edge:declared:db.ImDayParticipationAttachment:participation	db.ImDayParticipationAttachment	db.ImDayParticipation	foreign_key	declared
edge:declared:db.ImDaySurvey:im_day	db.ImDaySurvey	db.ImDay	foreign_key	declared
edge:declared:db.ImDaySurvey:investor_matching	db.ImDaySurvey	db.InvestorMatching	foreign_key	declared
edge:declared:db.ImDisclosing:investor_matching	db.ImDisclosing	db.InvestorMatching	foreign_key	declared
edge:declared:db.ImInvestorBroker:venture_capital	db.ImInvestorBroker	db.VentureCapital	foreign_key	declared
edge:declared:db.ImInvestorMemo:investor_matching	db.ImInvestorMemo	db.InvestorMatching	foreign_key	declared
edge:declared:db.ImInvestorMemo:venture_capital	db.ImInvestorMemo	db.VentureCapital	foreign_key	declared
edge:declared:db.ImIrPartnerBrokerOwnerRelation:im_ir_partner_broker	db.ImIrPartnerBrokerOwnerRelation	db.ImIrPartnerBroker	foreign_key	declared
edge:declared:db.ImNote:investor_matching	db.ImNote	db.InvestorMatching	foreign_key	declared
edge:declared:db.ImTag:investor_matching_set	db.ImTag	db.InvestorMatching	foreign_key	declared
edge:declared:db.ImWatching:_deprecated_investor_matching	db.ImWatching	db.InvestorMatching	foreign_key	declared
edge:declared:db.ImWatching:company	db.ImWatching	db.Company	foreign_key	declared
edge:declared:db.ImWatching:venture_capital	db.ImWatching	db.VentureCapital	foreign_key	declared
edge:declared:db.InauguralConsentDocument:director_change_agenda	db.InauguralConsentDocument	db.AgendaDirectorChange	foreign_key	declared
edge:declared:db.InauguralConsentDocument:meeting_document	db.InauguralConsentDocument	db.MeetingDocument	foreign_key	declared
edge:declared:db.IncorporationBenefitRequest:incorporation_request	db.IncorporationBenefitRequest	db.IncorporationRequest	foreign_key	declared
edge:declared:db.IncorporationBenefitRequest:tax_partner	db.IncorporationBenefitRequest	db.LegalPartner	foreign_key	declared
edge:declared:db.IncorporationRequest:address	db.IncorporationRequest	db.Address	foreign_key	declared
edge:declared:db.IncorporationRequest:balance_certificate_account_file	db.IncorporationRequest	db.FileAttachment	foreign_key	declared
edge:declared:db.IncorporationRequest:balance_certificate_account_holder	db.IncorporationRequest	db.IncorporationRequestPromoter	foreign_key	declared
edge:declared:db.IncorporationRequest:company	db.IncorporationRequest	db.Company	foreign_key	declared
edge:declared:db.IncorporationRequest:company_question_thread	db.IncorporationRequest	db.CompanyQuestionThread	foreign_key	declared
edge:declared:db.IncorporationRequestAoiFile:incorporation_request	db.IncorporationRequestAoiFile	db.IncorporationRequest	foreign_key	declared
edge:declared:db.IncorporationRequestAssistance:incorporation_request	db.IncorporationRequestAssistance	db.IncorporationRequest	foreign_key	declared
edge:declared:db.IncorporationRequestAssistance:legal_partner	db.IncorporationRequestAssistance	db.LegalPartner	foreign_key	declared
edge:declared:db.IncorporationRequestAssistanceReceipt:incorporation_request_assistance	db.IncorporationRequestAssistanceReceipt	db.IncorporationRequestAssistance	foreign_key	declared
edge:declared:db.IncorporationRequestDirector:address	db.IncorporationRequestDirector	db.Address	foreign_key	declared
edge:declared:db.IncorporationRequestDirector:incorporation_request	db.IncorporationRequestDirector	db.IncorporationRequest	foreign_key	declared
edge:declared:db.IncorporationRequestPromoter:address	db.IncorporationRequestPromoter	db.Address	foreign_key	declared
edge:declared:db.IncorporationRequestPromoterInstitutionCeo:promoter	db.IncorporationRequestPromoterInstitutionCeo	db.IncorporationRequestPromoter	foreign_key	declared
edge:declared:db.IncorporationRequestPurpose:incorporation_request	db.IncorporationRequestPurpose	db.IncorporationRequest	foreign_key	declared
edge:declared:db.IndividualInvestorCompanyCeo:company_info	db.IndividualInvestorCompanyCeo	db.IndividualInvestorCompanyInfo	foreign_key	declared
edge:declared:db.IndividualInvestorCompanyInfo:address	db.IndividualInvestorCompanyInfo	db.Address	foreign_key	declared
edge:declared:db.IndividualInvestorCompanyInfo:company	db.IndividualInvestorCompanyInfo	db.IndividualInvestorCompany	foreign_key	declared
edge:declared:db.IndividualInvestorCompanyName:non_unified_share_company	db.IndividualInvestorCompanyName	db.IndividualInvestorCompany	foreign_key	declared
edge:declared:db.IndividualInvestorCompanyParValue:non_unified_share_company	db.IndividualInvestorCompanyParValue	db.IndividualInvestorCompany	foreign_key	declared
edge:declared:db.IndividualInvestorCompanyShareClass:non_unified_share_company	db.IndividualInvestorCompanyShareClass	db.IndividualInvestorCompany	foreign_key	declared
edge:declared:db.IndividualInvestorCompanyShareStock:_deprecated_non_unified_stock_create_request	db.IndividualInvestorCompanyShareStock	db.NonUnifiedShareCreateRequest	foreign_key	declared
edge:declared:db.IndividualInvestorCompanyShareStock:_deprecated_stock_unissued_confirmation_file	db.IndividualInvestorCompanyShareStock	db.NonUnifiedShareStockUnissuedConfirmationFile	foreign_key	declared
edge:declared:db.IndividualInvestorCompanyShareStock:management_history	db.IndividualInvestorCompanyShareStock	db.NonUnifiedShareManagementHistory	foreign_key	declared
edge:declared:db.IndividualInvestorCompanyShareStock:non_unified_share_company	db.IndividualInvestorCompanyShareStock	db.IndividualInvestorCompany	foreign_key	declared
edge:declared:db.IndividualInvestorCompanyShareStock:share_class	db.IndividualInvestorCompanyShareStock	db.IndividualInvestorCompanyShareClass	foreign_key	declared
edge:declared:db.IndividualInvestorEvent:company	db.IndividualInvestorEvent	db.IndividualInvestorCompany	foreign_key	declared
edge:declared:db.IndividualInvestorStakeholder:address	db.IndividualInvestorStakeholder	db.Address	foreign_key	declared
edge:declared:db.IndividualInvestorStakeholder:company	db.IndividualInvestorStakeholder	db.IndividualInvestorCompany	foreign_key	declared
edge:declared:db.IndividualInvestorUser:address	db.IndividualInvestorUser	db.Address	foreign_key	declared
edge:declared:db.IndividualStockOption:company	db.IndividualStockOption	db.IndividualInvestorCompany	foreign_key	declared
edge:declared:db.IndividualStockOption:create_request	db.IndividualStockOption	db.IndividualStockOptionCreateRequest	foreign_key	declared
edge:declared:db.IndividualStockOption:grantee	db.IndividualStockOption	db.IndividualStockOptionGrantee	foreign_key	declared
edge:declared:db.IndividualStockOptionCreateRequestEtcFile:create_request	db.IndividualStockOptionCreateRequestEtcFile	db.IndividualStockOptionCreateRequest	foreign_key	declared
edge:declared:db.IndividualStockOptionGrantContract:individual_stock_option	db.IndividualStockOptionGrantContract	db.IndividualStockOption	foreign_key	declared
edge:declared:db.IndividualStockOptionGrantee:stakeholder	db.IndividualStockOptionGrantee	db.IndividualInvestorStakeholder	foreign_key	declared
edge:declared:db.IndividualStockOptionResumeEvent:pause_event	db.IndividualStockOptionResumeEvent	db.IndividualStockOptionPauseEvent	foreign_key	declared
edge:declared:db.IndividualStockOptionSalesIntent:individual_stock_option	db.IndividualStockOptionSalesIntent	db.IndividualStockOption	foreign_key	declared
edge:declared:db.IndividualStockOptionVesting:individual_stock_option	db.IndividualStockOptionVesting	db.IndividualStockOption	foreign_key	declared
edge:declared:db.IndividualStockOptionVestingItem:individual_stock_option_vesting	db.IndividualStockOptionVestingItem	db.IndividualStockOptionVesting	foreign_key	declared
edge:declared:db.IndividualStockOptionVestingTraceable:individual_stock_option	db.IndividualStockOptionVestingTraceable	db.IndividualStockOption	foreign_key	declared
edge:declared:db.InputSignupChannel:input_channel	db.InputSignupChannel	db.InputChannel	foreign_key	declared
edge:declared:db.InstitutionStakeholderManager:institution_stakeholder	db.InstitutionStakeholderManager	db.InstitutionStakeholder	foreign_key	declared
edge:declared:db.InternetRegistryOfficeOtp:company	db.InternetRegistryOfficeOtp	db.Company	foreign_key	declared
edge:declared:db.InternetRegistryOfficeOtp:director	db.InternetRegistryOfficeOtp	db.Director	foreign_key	declared
edge:declared:db.InternetRegistryOfficeOtpReturnRequest:internet_registry_office_otp	db.InternetRegistryOfficeOtpReturnRequest	db.InternetRegistryOfficeOtp	foreign_key	declared
edge:declared:db.InternetRegistryOfficeOtpReturnRequest:recipient_address	db.InternetRegistryOfficeOtpReturnRequest	db.Address	foreign_key	declared
edge:declared:db.InvestmentAgreement:stakeholder	db.InvestmentAgreement	db.Stakeholder	foreign_key	declared
edge:declared:db.InvestmentAgreementAttachment:investment_agreement	db.InvestmentAgreementAttachment	db.InvestmentAgreement	foreign_key	declared
edge:declared:db.InvestmentAssociation:venture_capital	db.InvestmentAssociation	db.VentureCapital	foreign_key	declared
edge:declared:db.InvestmentAssociationDocument:investment_association	db.InvestmentAssociationDocument	db.InvestmentAssociation	foreign_key	declared
edge:declared:db.InvestmentAssociationEvent:investment_association	db.InvestmentAssociationEvent	db.InvestmentAssociation	foreign_key	declared
edge:declared:db.InvestmentAssociationIndividualPartnerLegalRepresentative:ward	db.InvestmentAssociationIndividualPartnerLegalRepresentative	db.InvestmentAssociationIndividualPartner	foreign_key	declared
edge:declared:db.InvestmentAssociationOrganizationPartnerCeo:organization_partner	db.InvestmentAssociationOrganizationPartnerCeo	db.InvestmentAssociationOrganizationPartner	foreign_key	declared
edge:declared:db.InvestmentAssociationOrganizationPartnerCorporationSignerCeo:corporation	db.InvestmentAssociationOrganizationPartnerCorporationSignerCeo	db.InvestmentAssociationOrganizationPartnerCorporationSigner	foreign_key	declared
edge:declared:db.InvestmentAssociationOrganizationPartnerManager:organization_partner	db.InvestmentAssociationOrganizationPartnerManager	db.InvestmentAssociationOrganizationPartner	foreign_key	declared
edge:declared:db.InvestmentAssociationOrganizationPartnerSigner:_deprecated_manager	db.InvestmentAssociationOrganizationPartnerSigner	db.InvestmentAssociationOrganizationPartnerManager	foreign_key	declared
edge:declared:db.InvestmentAssociationOrganizationPartnerSigner:organization_partner	db.InvestmentAssociationOrganizationPartnerSigner	db.InvestmentAssociationOrganizationPartner	foreign_key	declared
edge:declared:db.InvestmentAssociationPartner:address	db.InvestmentAssociationPartner	db.Address	foreign_key	declared
edge:declared:db.InvestmentAssociationPartner:investment_association	db.InvestmentAssociationPartner	db.InvestmentAssociation	foreign_key	declared
edge:declared:db.InvestmentAssociationPartnerManager:partner	db.InvestmentAssociationPartnerManager	db.InvestmentAssociationPartner	foreign_key	declared
edge:declared:db.InvestmentAssociationPartnerResume:partner	db.InvestmentAssociationPartnerResume	db.InvestmentAssociationPartner	foreign_key	declared
edge:declared:db.InvestmentAssociationPartnerResume:signer	db.InvestmentAssociationPartnerResume	db.InvestmentAssociationOrganizationPartnerSigner	foreign_key	declared
edge:declared:db.InvestmentAssociationPartnerResumeItem:resume	db.InvestmentAssociationPartnerResumeItem	db.InvestmentAssociationPartnerResume	foreign_key	declared
edge:declared:db.InvestmentAssociationPartnerSalesIntent:partner	db.InvestmentAssociationPartnerSalesIntent	db.InvestmentAssociationPartner	foreign_key	declared
edge:declared:db.InvestmentAssociationShare:investment_association	db.InvestmentAssociationShare	db.InvestmentAssociation	foreign_key	declared
edge:declared:db.InvestmentAssociationShare:partner	db.InvestmentAssociationShare	db.InvestmentAssociationPartner	foreign_key	declared
edge:declared:db.InvestmentRound:company	db.InvestmentRound	db.Company	foreign_key	declared
edge:declared:db.InvestmentRoundNewIssueEvent:investment_round	db.InvestmentRoundNewIssueEvent	db.InvestmentRound	foreign_key	declared
edge:declared:db.InvestmentRoundNewIssueEvent:new_issue_event	db.InvestmentRoundNewIssueEvent	db.NewIssueEvent	foreign_key	declared
edge:declared:db.InvestmentSimulation:company	db.InvestmentSimulation	db.Company	foreign_key	declared
edge:declared:db.InvestmentSimulationInitialOption:option_grantee	db.InvestmentSimulationInitialOption	db.InvestmentSimulationInitialOptionGrantee	foreign_key	declared
edge:declared:db.InvestmentSimulationInitialOptionGrantee:simulation	db.InvestmentSimulationInitialOptionGrantee	db.InvestmentSimulation	foreign_key	declared
edge:declared:db.InvestmentSimulationInitialShareholder:simulation	db.InvestmentSimulationInitialShareholder	db.InvestmentSimulation	foreign_key	declared
edge:declared:db.InvestmentSimulationInitialStock:shareholder	db.InvestmentSimulationInitialStock	db.InvestmentSimulationInitialShareholder	foreign_key	declared
edge:declared:db.InvestmentSimulationInvestor:simulation_round	db.InvestmentSimulationInvestor	db.InvestmentSimulationRound	foreign_key	declared
edge:declared:db.InvestmentSimulationNewIssueInvestment:investor	db.InvestmentSimulationNewIssueInvestment	db.InvestmentSimulationInvestor	foreign_key	declared
edge:declared:db.InvestmentSimulationPurchaseInvestment:investor	db.InvestmentSimulationPurchaseInvestment	db.InvestmentSimulationInvestor	foreign_key	declared
edge:declared:db.InvestmentSimulationPurchaseSellStock:seller	db.InvestmentSimulationPurchaseSellStock	db.InvestmentSimulationPurchaseInvestment	foreign_key	declared
edge:declared:db.InvestmentSimulationRound:simulation	db.InvestmentSimulationRound	db.InvestmentSimulation	foreign_key	declared
edge:declared:db.InvestorInterest:venture_capital	db.InvestorInterest	db.VentureCapital	foreign_key	declared
edge:declared:db.InvestorMatching:_deprecated_excluded_companies	db.InvestorMatching	db.Company	foreign_key	declared
edge:declared:db.InvestorMatching:excluded_investors	db.InvestorMatching	db.VentureCapital	foreign_key	declared
edge:declared:db.InvestorRelations:previous_investors	db.InvestorRelations	db.VentureCapital	foreign_key	declared
edge:declared:db.InvestorRelationsSurvey:_deprecated_preferred_investors	db.InvestorRelationsSurvey	db.VentureCapital	foreign_key	declared
edge:declared:db.InvestorRelationsSurvey:investor_relations	db.InvestorRelationsSurvey	db.InvestorRelations	foreign_key	declared
edge:declared:db.InvitationSeat:allocated_seat	db.InvitationSeat	db.AllocatedSeat	foreign_key	declared
edge:declared:db.InvitationSeat:invitation_seat_request	db.InvitationSeat	db.InvitationSeatRequest	foreign_key	declared
edge:declared:db.InvitationSeatRequest:company	db.InvitationSeatRequest	db.Company	foreign_key	declared
edge:declared:db.IrAiAnalysis:investor_relations	db.IrAiAnalysis	db.InvestorRelations	foreign_key	declared
edge:declared:db.IrAiAnalysisLike:ai_analysis	db.IrAiAnalysisLike	db.IrAiAnalysis	foreign_key	declared
edge:declared:db.IrAiSummary:investor_relations	db.IrAiSummary	db.InvestorRelations	foreign_key	declared
edge:declared:db.IrAlert:ir_set	db.IrAlert	db.InvestorRelations	foreign_key	declared
edge:declared:db.IrAlert:venture_capital	db.IrAlert	db.VentureCapital	foreign_key	declared
edge:declared:db.IrAlertInvestorRelations:investor_relations	db.IrAlertInvestorRelations	db.InvestorRelations	foreign_key	declared
edge:declared:db.IrAlertInvestorRelations:ir_alert	db.IrAlertInvestorRelations	db.IrAlert	foreign_key	declared
edge:declared:db.IrApproval:investor_relations	db.IrApproval	db.InvestorRelations	foreign_key	declared
edge:declared:db.IrApprovalNotificationDismiss:ir_approval	db.IrApprovalNotificationDismiss	db.IrApproval	foreign_key	declared
edge:declared:db.IrBrokerActivity:investor_relations	db.IrBrokerActivity	db.InvestorRelations	foreign_key	declared
edge:declared:db.IrBrokerActivity:vc_user_relations	db.IrBrokerActivity	db.VentureCapitalUserRelation	foreign_key	declared
edge:declared:db.IrClosing:investor_relations	db.IrClosing	db.InvestorRelations	foreign_key	declared
edge:declared:db.IrCommittedInvestmentAmount:investor_relations	db.IrCommittedInvestmentAmount	db.InvestorRelations	foreign_key	declared
edge:declared:db.IrCommittedInvestmentAmount:venture_capital	db.IrCommittedInvestmentAmount	db.VentureCapital	foreign_key	declared
edge:declared:db.IrCompanyCreate:company	db.IrCompanyCreate	db.Company	foreign_key	declared
edge:declared:db.IrFeed:investor_relations	db.IrFeed	db.InvestorRelations	foreign_key	declared
edge:declared:db.IrFeedAccessLog:ir_feeds	db.IrFeedAccessLog	db.IrFeed	foreign_key	declared
edge:declared:db.IrFeedAccessLog:venture_capital	db.IrFeedAccessLog	db.VentureCapital	foreign_key	declared
edge:declared:db.IrFeedRating:ir_feed	db.IrFeedRating	db.IrFeed	foreign_key	declared
edge:declared:db.IrFundRaising:investor_relations	db.IrFundRaising	db.InvestorRelations	foreign_key	declared
edge:declared:db.IrFundRaising:venture_capital	db.IrFundRaising	db.VentureCapital	foreign_key	declared
edge:declared:db.IrFundRaisingMemo:fund_raising	db.IrFundRaisingMemo	db.IrFundRaising	foreign_key	declared
edge:declared:db.IrFundRaisingStageLog:fund_raising	db.IrFundRaisingStageLog	db.IrFundRaising	foreign_key	declared
edge:declared:db.IrInsightClub:pitching_day_hall	db.IrInsightClub	db.PitchingDayHall	foreign_key	declared
edge:declared:db.IrInsightClub:venture_capitals	db.IrInsightClub	db.VentureCapital	foreign_key	declared
edge:declared:db.IrInsightClubParticipation:investor_relations	db.IrInsightClubParticipation	db.InvestorRelations	foreign_key	declared
edge:declared:db.IrInsightClubParticipation:ir_insight_club	db.IrInsightClubParticipation	db.IrInsightClub	foreign_key	declared
edge:declared:db.IrInsightClubParticipationAttendee:ir_insight_club_participation	db.IrInsightClubParticipationAttendee	db.IrInsightClubParticipation	foreign_key	declared
edge:declared:db.IrInsightClubSurvey:ir_insight_club_participation	db.IrInsightClubSurvey	db.IrInsightClubParticipation	foreign_key	declared
edge:declared:db.IrInvestorFeedback:venture_capital	db.IrInvestorFeedback	db.VentureCapital	foreign_key	declared
edge:declared:db.IrNote:investor_relations	db.IrNote	db.InvestorRelations	foreign_key	declared
edge:declared:db.IrSubscription:company	db.IrSubscription	db.Company	foreign_key	declared
edge:declared:db.IrSubscriptionMarketingRequest:ir_subscription	db.IrSubscriptionMarketingRequest	db.IrSubscription	foreign_key	declared
edge:declared:db.IrTeamMember:investor_relations	db.IrTeamMember	db.InvestorRelations	foreign_key	declared
edge:declared:db.IrTranscript:investor_relations	db.IrTranscript	db.InvestorRelations	foreign_key	declared
edge:declared:db.IrosOtpIssueMeetingDocument:meeting_document	db.IrosOtpIssueMeetingDocument	db.MeetingDocument	foreign_key	declared
edge:declared:db.IrosOtpIssueMeetingDocument:stakeholder	db.IrosOtpIssueMeetingDocument	db.Stakeholder	foreign_key	declared
edge:declared:db.LawtalkSignup:company	db.LawtalkSignup	db.Company	foreign_key	declared
edge:declared:db.LawtalkSignupAttachment:lawtalk_signup	db.LawtalkSignupAttachment	db.LawtalkSignup	foreign_key	declared
edge:declared:db.LedgerByCustomerDocument:meeting_document	db.LedgerByCustomerDocument	db.MeetingDocument	foreign_key	declared
edge:declared:db.LedgerByCustomerDocument:new_issue	db.LedgerByCustomerDocument	db.AgendaNewIssue	foreign_key	declared
edge:declared:db.LegalPartner:address_for_express_delivery	db.LegalPartner	db.PingpongDeliveryAddress	foreign_key	declared
edge:declared:db.LegalPartner:logo	db.LegalPartner	db.FileAttachment	foreign_key	declared
edge:declared:db.LegalPartnerEmail:legal_partner	db.LegalPartnerEmail	db.LegalPartner	foreign_key	declared
edge:declared:db.LegalPartnerPaypleSettings:legal_partner	db.LegalPartnerPaypleSettings	db.LegalPartner	foreign_key	declared
edge:declared:db.LegalPartnerRegistrationAssistanceSettings:legal_partner	db.LegalPartnerRegistrationAssistanceSettings	db.LegalPartner	foreign_key	declared
edge:declared:db.LegalPartnerSignupChannel:legal_partner	db.LegalPartnerSignupChannel	db.LegalPartner	foreign_key	declared
edge:declared:db.LegalPartnerSlackChannels:legal_partner	db.LegalPartnerSlackChannels	db.LegalPartner	foreign_key	declared
edge:declared:db.LegalPartnerUserRelation:legal_partner	db.LegalPartnerUserRelation	db.LegalPartner	foreign_key	declared
edge:declared:db.ManualOptionVestingItem:manual_option_vesting	db.ManualOptionVestingItem	db.ManualOptionVesting	foreign_key	declared
edge:declared:db.Meeting:company	db.Meeting	db.Company	foreign_key	declared
edge:declared:db.Meeting:electronic_signature_selected_ceo	db.Meeting	db.Director	foreign_key	declared
edge:declared:db.Meeting:employee_attorney	db.Meeting	db.MeetingAttorney	foreign_key	declared
edge:declared:db.Meeting:meeting_draft	db.Meeting	db.MeetingDraft	foreign_key	declared
edge:declared:db.Meeting:new_articles_of_incorporation_file	db.Meeting	db.FileAttachment	foreign_key	declared
edge:declared:db.Meeting:new_corporate_registration	db.Meeting	db.CorporateRegistration	foreign_key	declared
edge:declared:db.MeetingAttachment:meeting	db.MeetingAttachment	db.Meeting	foreign_key	declared
edge:declared:db.MeetingDirectorContact:meeting	db.MeetingDirectorContact	db.Meeting	foreign_key	declared
edge:declared:db.MeetingDirectorContact:stakeholder	db.MeetingDirectorContact	db.Stakeholder	foreign_key	declared
edge:declared:db.MeetingDocument:directors_meeting	db.MeetingDocument	db.DirectorsMeeting	foreign_key	declared
edge:declared:db.MeetingDocument:meeting	db.MeetingDocument	db.Meeting	foreign_key	declared
edge:declared:db.MeetingDocument:shareholders_meeting	db.MeetingDocument	db.ShareholdersMeeting	foreign_key	declared
edge:declared:db.MeetingDocumentCache:meeting_document	db.MeetingDocumentCache	db.MeetingDocument	foreign_key	declared
edge:declared:db.MeetingDocumentGeneration:meeting	db.MeetingDocumentGeneration	db.Meeting	foreign_key	declared
edge:declared:db.MeetingDocumentGenerationItem:meeting_document	db.MeetingDocumentGenerationItem	db.MeetingDocument	foreign_key	declared
edge:declared:db.MeetingDocumentGenerationItem:meeting_document_generation	db.MeetingDocumentGenerationItem	db.MeetingDocumentGeneration	foreign_key	declared
edge:declared:db.MeetingDocumentManualModification:meeting_document	db.MeetingDocumentManualModification	db.MeetingDocument	foreign_key	declared
edge:declared:db.MeetingDraft:company	db.MeetingDraft	db.Company	foreign_key	declared
edge:declared:db.MeetingDraftAgendaDirectorChange:meeting_draft	db.MeetingDraftAgendaDirectorChange	db.MeetingDraft	foreign_key	declared
edge:declared:db.MeetingDraftAgendaDirectorChange:stakeholder	db.MeetingDraftAgendaDirectorChange	db.Stakeholder	foreign_key	declared
edge:declared:db.MeetingDraftAgendaDirectorCompensation:meeting_draft	db.MeetingDraftAgendaDirectorCompensation	db.MeetingDraft	foreign_key	declared
edge:declared:db.MeetingDraftAgendaDirectorCompensationItem:director_compensation	db.MeetingDraftAgendaDirectorCompensationItem	db.MeetingDraftAgendaDirectorCompensation	foreign_key	declared
edge:declared:db.MeetingDraftAgendaDirectorCompensationItem:stakeholder	db.MeetingDraftAgendaDirectorCompensationItem	db.Stakeholder	foreign_key	declared
edge:declared:db.MeetingDraftRegistrationAssistance:meeting_draft	db.MeetingDraftRegistrationAssistance	db.MeetingDraft	foreign_key	declared
edge:declared:db.MeetingDraftSchedule:meeting_draft	db.MeetingDraftSchedule	db.MeetingDraft	foreign_key	declared
edge:declared:db.MembershipContentAccessLog:membership_content	db.MembershipContentAccessLog	db.MembershipContent	foreign_key	declared
edge:declared:db.MembershipContentAuthorRelation:author	db.MembershipContentAuthorRelation	db.MembershipContentAuthor	foreign_key	declared
edge:declared:db.MiraeassetAccount:relation	db.MiraeassetAccount	db.CompanyUserRelation	foreign_key	declared
edge:declared:db.MnaBuyer:company	db.MnaBuyer	db.Company	foreign_key	declared
edge:declared:db.MnaBuyerAttachment:mna_buyer	db.MnaBuyerAttachment	db.MnaBuyer	foreign_key	declared
edge:declared:db.ModusignApiLog:modusign_account	db.ModusignApiLog	db.ModusignAccount	foreign_key	declared
edge:declared:db.ModusignAuthentication:modusign_account	db.ModusignAuthentication	db.ModusignAccount	foreign_key	declared
edge:declared:db.ModusignCompanyUserConnection:company	db.ModusignCompanyUserConnection	db.Company	foreign_key	declared
edge:declared:db.ModusignDocument:_option_grant_contract	db.ModusignDocument	db.OptionGrantContract	foreign_key	declared
edge:declared:db.ModusignDocument:audit_trail_file	db.ModusignDocument	db.FileAttachment	foreign_key	declared
edge:declared:db.ModusignDocumentActionHistory:modusign_document	db.ModusignDocumentActionHistory	db.ModusignDocument	foreign_key	declared
edge:declared:db.ModusignDocumentActionHistory:modusign_document_participant	db.ModusignDocumentActionHistory	db.ModusignDocumentParticipant	foreign_key	declared
edge:declared:db.ModusignDocumentModusignAccountRelation:modusign_account	db.ModusignDocumentModusignAccountRelation	db.ModusignAccount	foreign_key	declared
edge:declared:db.ModusignDocumentModusignAccountRelation:modusign_document	db.ModusignDocumentModusignAccountRelation	db.ModusignDocument	foreign_key	declared
edge:declared:db.ModusignDocumentModusignApiKeyRelation:modusign_api_key	db.ModusignDocumentModusignApiKeyRelation	db.ModusignApiKey	foreign_key	declared
edge:declared:db.ModusignDocumentModusignApiKeyRelation:modusign_document	db.ModusignDocumentModusignApiKeyRelation	db.ModusignDocument	foreign_key	declared
edge:declared:db.ModusignDocumentParticipant:modusign_document	db.ModusignDocumentParticipant	db.ModusignDocument	foreign_key	declared
edge:declared:db.ModusignEmbeddedDraft:modusign_account	db.ModusignEmbeddedDraft	db.ModusignAccount	foreign_key	declared
edge:declared:db.ModusignEmbeddedDraft:modusign_api_key	db.ModusignEmbeddedDraft	db.ModusignApiKey	foreign_key	declared
edge:declared:db.ModusignEmbeddedDraft:modusign_document	db.ModusignEmbeddedDraft	db.ModusignDocument	foreign_key	declared
edge:declared:db.ModusignExceededSignings:company	db.ModusignExceededSignings	db.Company	foreign_key	declared
edge:declared:db.ModusignIaUserConnection:investment_association	db.ModusignIaUserConnection	db.InvestmentAssociation	foreign_key	declared
edge:declared:db.NaverWorkplaceEmployee:naver_workplace_company	db.NaverWorkplaceEmployee	db.NaverWorkplaceCompany	foreign_key	declared
edge:declared:db.NcpSignupChannel:naver_workplace_company	db.NcpSignupChannel	db.NaverWorkplaceCompany	foreign_key	declared
edge:declared:db.NewCeoCertificateOfSealDocument:meeting_document	db.NewCeoCertificateOfSealDocument	db.MeetingDocument	foreign_key	declared
edge:declared:db.NewCeoResidentRegistrationDocument:meeting_document	db.NewCeoResidentRegistrationDocument	db.MeetingDocument	foreign_key	declared
edge:declared:db.NewIssueNoticeEmail:new_issue	db.NewIssueNoticeEmail	db.AgendaNewIssue	foreign_key	declared
edge:declared:db.NewIssueNoticeEmailRecipient:bulk_email_recipient	db.NewIssueNoticeEmailRecipient	db.BulkEmailRecipient	foreign_key	declared
edge:declared:db.NewIssueNoticeEmailRecipient:email	db.NewIssueNoticeEmailRecipient	db.NewIssueNoticeEmail	foreign_key	declared
edge:declared:db.NewIssueNoticeEmailRecipient:shareholder	db.NewIssueNoticeEmailRecipient	db.Shareholder	foreign_key	declared
edge:declared:db.NewIssueSkipNoticeDocument:meeting_document	db.NewIssueSkipNoticeDocument	db.MeetingDocument	foreign_key	declared
edge:declared:db.NewIssueSkipNoticeDocument:new_issue_agenda	db.NewIssueSkipNoticeDocument	db.AgendaNewIssue	foreign_key	declared
edge:declared:db.NewIssueSkipNoticeDocument:shareholder	db.NewIssueSkipNoticeDocument	db.Shareholder	foreign_key	declared
edge:declared:db.NewIssueStockAcceptanceDocument:meeting_document	db.NewIssueStockAcceptanceDocument	db.MeetingDocument	foreign_key	declared
edge:declared:db.NewIssueStockAcceptanceDocument:new_issue_item	db.NewIssueStockAcceptanceDocument	db.AgendaNewIssueItem	foreign_key	declared
edge:declared:db.NewIssueStockAllocationDocument:bonus_issue_agenda	db.NewIssueStockAllocationDocument	db.AgendaBonusIssue	foreign_key	declared
edge:declared:db.NewIssueStockAllocationDocument:meeting_document	db.NewIssueStockAllocationDocument	db.MeetingDocument	foreign_key	declared
edge:declared:db.NewIssueStockAllocationDocument:new_issue_agenda	db.NewIssueStockAllocationDocument	db.AgendaNewIssue	foreign_key	declared
edge:declared:db.NewIssueStockAllocationRecordDateNoticeDocument:bonus_issue_agenda	db.NewIssueStockAllocationRecordDateNoticeDocument	db.AgendaBonusIssue	foreign_key	declared
edge:declared:db.NewIssueStockAllocationRecordDateNoticeDocument:meeting_document	db.NewIssueStockAllocationRecordDateNoticeDocument	db.MeetingDocument	foreign_key	declared
edge:declared:db.NewIssueStockSubscriptionDocument:meeting_document	db.NewIssueStockSubscriptionDocument	db.MeetingDocument	foreign_key	declared
edge:declared:db.NewIssueStockSubscriptionDocument:new_issue_item	db.NewIssueStockSubscriptionDocument	db.AgendaNewIssueItem	foreign_key	declared
edge:declared:db.NewIssueStockUnissuedConfirmationDocument:meeting_document	db.NewIssueStockUnissuedConfirmationDocument	db.MeetingDocument	foreign_key	declared
edge:declared:db.NewIssueStockUnissuedConfirmationDocument:new_issue_item	db.NewIssueStockUnissuedConfirmationDocument	db.AgendaNewIssueItem	foreign_key	declared
edge:declared:db.NonUnifiedShareCreateRequest:stock_unissued_confirmation_file	db.NonUnifiedShareCreateRequest	db.NonUnifiedShareStockUnissuedConfirmationFile	foreign_key	declared
edge:declared:db.NonUnifiedShareEtcFile:create_request	db.NonUnifiedShareEtcFile	db.NonUnifiedShareCreateRequest	foreign_key	declared
edge:declared:db.NonUnifiedShareEtcFile:management_history	db.NonUnifiedShareEtcFile	db.NonUnifiedShareManagementHistory	foreign_key	declared
edge:declared:db.NonUnifiedShareManagement:non_unified_share_company	db.NonUnifiedShareManagement	db.IndividualInvestorCompany	foreign_key	declared
edge:declared:db.NonUnifiedShareManagementHistory:create_request	db.NonUnifiedShareManagementHistory	db.NonUnifiedShareCreateRequest	foreign_key	declared
edge:declared:db.NonUnifiedShareManagementHistory:management	db.NonUnifiedShareManagementHistory	db.NonUnifiedShareManagement	foreign_key	declared
edge:declared:db.NonUnifiedShareManagementHistory:renew_request	db.NonUnifiedShareManagementHistory	db.NonUnifiedShareSucRenewRequest	foreign_key	declared
edge:declared:db.NonUnifiedShareManagementHistory:stock_unissued_confirmation_file	db.NonUnifiedShareManagementHistory	db.NonUnifiedShareStockUnissuedConfirmationFile	foreign_key	declared
edge:declared:db.NonUnifiedShareManagementSalesIntent:non_unified_share_management	db.NonUnifiedShareManagementSalesIntent	db.NonUnifiedShareManagement	foreign_key	declared
edge:declared:db.NonUnifiedShareSucPoaDocument:modusign_document	db.NonUnifiedShareSucPoaDocument	db.NonUnifiedShareSucPoaModusignDocument	foreign_key	declared
edge:declared:db.NonUnifiedShareSucPoaDocument:request	db.NonUnifiedShareSucPoaDocument	db.NonUnifiedShareSucRenewRequest	foreign_key	declared
edge:declared:db.NonUnifiedShareSucPoaDocument:user_address	db.NonUnifiedShareSucPoaDocument	db.Address	foreign_key	declared
edge:declared:db.NonUnifiedShareSucRenewRequest:management	db.NonUnifiedShareSucRenewRequest	db.NonUnifiedShareManagement	foreign_key	declared
edge:declared:db.NonUnifiedShareSucRenewRequest:renew_stock_unissued_confirmation_file	db.NonUnifiedShareSucRenewRequest	db.NonUnifiedShareStockUnissuedConfirmationFile	foreign_key	declared
edge:declared:db.NotarizationPoA:meeting	db.NotarizationPoA	db.ShareholdersMeeting	foreign_key	declared
edge:declared:db.NotarizationPoaDirectorSigner:director	db.NotarizationPoaDirectorSigner	db.ShareholdersMeetingDirectorAttendance	foreign_key	declared
edge:declared:db.NotarizationPoaDirectorSigner:notarization_poa	db.NotarizationPoaDirectorSigner	db.NotarizationPoA	foreign_key	declared
edge:declared:db.NotarizationPoaDocument:meeting_document	db.NotarizationPoaDocument	db.MeetingDocument	foreign_key	declared
edge:declared:db.NotarizationPoaShareholderSigner:notarization_poa	db.NotarizationPoaShareholderSigner	db.NotarizationPoA	foreign_key	declared
edge:declared:db.NotarizationPoaShareholderSigner:shareholder	db.NotarizationPoaShareholderSigner	db.ShareholdersMeetingShareholderAttendance	foreign_key	declared
edge:declared:db.Notification:company	db.Notification	db.Company	foreign_key	declared
edge:declared:db.NotificationInbox:notification	db.NotificationInbox	db.Notification	foreign_key	declared
edge:declared:db.Option:company	db.Option	db.Company	foreign_key	declared
edge:declared:db.Option:grantee	db.Option	db.OptionGrantee	foreign_key	declared
edge:declared:db.Option:sealed_contract_file	db.Option	db.FileAttachment	foreign_key	declared
edge:declared:db.Option:source_meeting	db.Option	db.Meeting	foreign_key	declared
edge:declared:db.OptionAdjustment:event	db.OptionAdjustment	db.Event	foreign_key	declared
edge:declared:db.OptionContractTemplatePermission:company	db.OptionContractTemplatePermission	db.Company	foreign_key	declared
edge:declared:db.OptionExerciseClaim:company	db.OptionExerciseClaim	db.Company	foreign_key	declared
edge:declared:db.OptionExerciseClaim:financial_account	db.OptionExerciseClaim	db.FinancialAccount	foreign_key	declared
edge:declared:db.OptionExerciseClaimAttachment:attachment_setting_item	db.OptionExerciseClaimAttachment	db.OptionExerciseManagementAttachmentSettingItem	foreign_key	declared
edge:declared:db.OptionExerciseClaimAttachment:option_exercise_claim	db.OptionExerciseClaimAttachment	db.OptionExerciseClaim	foreign_key	declared
edge:declared:db.OptionExerciseClaimCandidate:option_exercise_claim	db.OptionExerciseClaimCandidate	db.OptionExerciseClaim	foreign_key	declared
edge:declared:db.OptionExerciseClaimCandidate:option_exercise_management	db.OptionExerciseClaimCandidate	db.OptionExerciseManagement	foreign_key	declared
edge:declared:db.OptionExerciseClaimCandidate:option_grantee	db.OptionExerciseClaimCandidate	db.OptionGrantee	foreign_key	declared
edge:declared:db.OptionExerciseClaimDocumentSetting:management	db.OptionExerciseClaimDocumentSetting	db.OptionExerciseManagement	foreign_key	declared
edge:declared:db.OptionExerciseClaimEventRelation:_deprecated_payment	db.OptionExerciseClaimEventRelation	db.OptionExerciseClaimPayment	foreign_key	declared
edge:declared:db.OptionExerciseClaimEventRelation:claim	db.OptionExerciseClaimEventRelation	db.OptionExerciseClaim	foreign_key	declared
edge:declared:db.OptionExerciseClaimEventRelation:event	db.OptionExerciseClaimEventRelation	db.OptionExerciseEvent	foreign_key	declared
edge:declared:db.OptionExerciseClaimMeetingDocument:exercise_claim	db.OptionExerciseClaimMeetingDocument	db.AgendaOptionExerciseClaim	foreign_key	declared
edge:declared:db.OptionExerciseClaimMeetingDocument:grantee	db.OptionExerciseClaimMeetingDocument	db.AgendaOptionExerciseGrantee	foreign_key	declared
edge:declared:db.OptionExerciseClaimMeetingDocument:meeting_document	db.OptionExerciseClaimMeetingDocument	db.MeetingDocument	foreign_key	declared
edge:declared:db.OptionExerciseClaimOption:option_exercise_claim	db.OptionExerciseClaimOption	db.OptionExerciseClaim	foreign_key	declared
edge:declared:db.OptionExerciseClaimOptionTaxation:_deprecated_claim	db.OptionExerciseClaimOptionTaxation	db.OptionExerciseClaim	foreign_key	declared
edge:declared:db.OptionExerciseClaimOptionTaxation:claim_option	db.OptionExerciseClaimOptionTaxation	db.OptionExerciseClaimOption	foreign_key	declared
edge:declared:db.OptionExerciseClaimPayment:option_exercise_claim	db.OptionExerciseClaimPayment	db.OptionExerciseClaim	foreign_key	declared
edge:declared:db.OptionExerciseManagement:company	db.OptionExerciseManagement	db.Company	foreign_key	declared
edge:declared:db.OptionExerciseManagement:excluded_institution_set	db.OptionExerciseManagement	db.FinancialInstitution	foreign_key	declared
edge:declared:db.OptionExerciseManagementAttachmentSetting:management	db.OptionExerciseManagementAttachmentSetting	db.OptionExerciseManagement	foreign_key	declared
edge:declared:db.OptionExerciseManagementAttachmentSettingItem:setting	db.OptionExerciseManagementAttachmentSettingItem	db.OptionExerciseManagementAttachmentSetting	foreign_key	declared
edge:declared:db.OptionExerciseManagementEmail:option_exercise_management	db.OptionExerciseManagementEmail	db.OptionExerciseManagement	foreign_key	declared
edge:declared:db.OptionExerciseManagementReminderSetting:management	db.OptionExerciseManagementReminderSetting	db.OptionExerciseManagement	foreign_key	declared
edge:declared:db.OptionExerciseManagementTaxation:management	db.OptionExerciseManagementTaxation	db.OptionExerciseManagement	foreign_key	declared
edge:declared:db.OptionExerciseManagementTaxationDefaultSetting:company	db.OptionExerciseManagementTaxationDefaultSetting	db.Company	foreign_key	declared
edge:declared:db.OptionGrantContract:_deprecated_template	db.OptionGrantContract	db.OptionGrantContractTemplate	foreign_key	declared
edge:declared:db.OptionGrantContract:_grantee	db.OptionGrantContract	db.AgendaOptionGrantGrantee	foreign_key	declared
edge:declared:db.OptionGrantContract:contract_file	db.OptionGrantContract	db.FileAttachment	foreign_key	declared
edge:declared:db.OptionGrantContract:template_revision	db.OptionGrantContract	db.OptionGrantContractTemplateRevision	foreign_key	declared
edge:declared:db.OptionGrantContractModusignDocument:option_grant_contract	db.OptionGrantContractModusignDocument	db.OptionGrantContract	foreign_key	declared
edge:declared:db.OptionGrantContractModusignEmbeddedDraft:option_grant_contract	db.OptionGrantContractModusignEmbeddedDraft	db.OptionGrantContract	foreign_key	declared
edge:declared:db.OptionGrantContractStakeholder:company	db.OptionGrantContractStakeholder	db.Company	foreign_key	declared
edge:declared:db.OptionGrantContractTemplate:_deprecated_stakeholder	db.OptionGrantContractTemplate	db.OptionGrantContractStakeholder	foreign_key	declared
edge:declared:db.OptionGrantContractTemplate:company	db.OptionGrantContractTemplate	db.Company	foreign_key	declared
edge:declared:db.OptionGrantContractTemplateDraft:company	db.OptionGrantContractTemplateDraft	db.Company	foreign_key	declared
edge:declared:db.OptionGrantContractTemplateDraft:stakeholder_set	db.OptionGrantContractTemplateDraft	db.OptionGrantContractStakeholder	foreign_key	declared
edge:declared:db.OptionGrantContractTemplateRevision:stakeholder_set	db.OptionGrantContractTemplateRevision	db.OptionGrantContractStakeholder	foreign_key	declared
edge:declared:db.OptionGrantContractTemplateRevision:template	db.OptionGrantContractTemplateRevision	db.OptionGrantContractTemplate	foreign_key	declared
edge:declared:db.OptionGrantEvent:_deprecated_grantee	db.OptionGrantEvent	db.OptionGrantee	foreign_key	declared
edge:declared:db.OptionGrantEvent:share_class	db.OptionGrantEvent	db.ShareClass	foreign_key	declared
edge:declared:db.OptionManagement:agenda_option_grant	db.OptionManagement	db.AgendaOptionGrant	foreign_key	declared
edge:declared:db.OptionManagementStakeholderSeat:option_management	db.OptionManagementStakeholderSeat	db.OptionManagement	foreign_key	declared
edge:declared:db.OptionManagementStakeholderSeat:stakeholder_seat	db.OptionManagementStakeholderSeat	db.StakeholderSeat	foreign_key	declared
edge:declared:db.OptionResumeEvent:pause_event	db.OptionResumeEvent	db.OptionPauseEvent	foreign_key	declared
edge:declared:db.OptionTag:category	db.OptionTag	db.OptionTagCategory	foreign_key	declared
edge:declared:db.OptionTag:company	db.OptionTag	db.Company	foreign_key	declared
edge:declared:db.OptionTagCategory:company	db.OptionTagCategory	db.Company	foreign_key	declared
edge:declared:db.OptionTaxCalculatorSetting:company	db.OptionTaxCalculatorSetting	db.Company	foreign_key	declared
edge:declared:db.OptionValueChange:company	db.OptionValueChange	db.Company	foreign_key	declared
edge:declared:db.OptionValueChange:investment_round	db.OptionValueChange	db.InvestmentRound	foreign_key	declared
edge:declared:db.OptionVesting:_deprecated_grant_event	db.OptionVesting	db.OptionGrantEvent	foreign_key	declared
edge:declared:db.Order:seal_card	db.Order	db.SealCard	foreign_key	declared
edge:declared:db.OrderPromotionRelation:order	db.OrderPromotionRelation	db.Order	foreign_key	declared
edge:declared:db.OrderPromotionRelation:promotion	db.OrderPromotionRelation	db.Promotion	foreign_key	declared
edge:declared:db.OrderStaffInChargeRelation:order	db.OrderStaffInChargeRelation	db.Order	foreign_key	declared
edge:declared:db.OrderStaffInChargeRelation:staff_in_charge	db.OrderStaffInChargeRelation	db.StaffInCharge	foreign_key	declared
edge:declared:db.OrderStatusHistory:order	db.OrderStatusHistory	db.Order	foreign_key	declared
edge:declared:db.OrganizationChart:company	db.OrganizationChart	db.Company	foreign_key	declared
edge:declared:db.OtherDocumentArchive:company	db.OtherDocumentArchive	db.Company	foreign_key	declared
edge:declared:db.OtherDocumentArchiveAttachment:other_document_archive	db.OtherDocumentArchiveAttachment	db.OtherDocumentArchive	foreign_key	declared
edge:declared:db.OwnerRole:company	db.OwnerRole	db.Company	foreign_key	declared
edge:declared:db.OwnerRolePermissionRelation:owner_permission	db.OwnerRolePermissionRelation	db.OwnerPermission	foreign_key	declared
edge:declared:db.OwnerRolePermissionRelation:owner_role	db.OwnerRolePermissionRelation	db.OwnerRole	foreign_key	declared
edge:declared:db.Payment:_company	db.Payment	db.Company	foreign_key	declared
edge:declared:db.Payment:app_card	db.Payment	db.AppCard	foreign_key	declared
edge:declared:db.Payment:charge	db.Payment	db.Charge	foreign_key	declared
edge:declared:db.Payment:credit_card	db.Payment	db.CreditCard	foreign_key	declared
edge:declared:db.Payment:purchase	db.Payment	db.Purchase	foreign_key	declared
edge:declared:db.PaymentLink:payment_store	db.PaymentLink	db.PaymentStore	foreign_key	declared
edge:declared:db.PaymentLink:question_threads	db.PaymentLink	db.QuestionThread	foreign_key	declared
edge:declared:db.PaymentRefund:payment	db.PaymentRefund	db.Payment	foreign_key	declared
edge:declared:db.PaymentRefund:payment_status_history	db.PaymentRefund	db.PaymentStatusHistory	foreign_key	declared
edge:declared:db.PaymentStatusHistory:payment	db.PaymentStatusHistory	db.Payment	foreign_key	declared
edge:declared:db.PaymentStore:legal_partner	db.PaymentStore	db.LegalPartner	foreign_key	declared
edge:declared:db.Payroll:company	db.Payroll	db.Company	foreign_key	declared
edge:declared:db.Payroll:setting	db.Payroll	db.PayrollSetting	foreign_key	declared
edge:declared:db.PayrollAnnualSalaryInfo:employee	db.PayrollAnnualSalaryInfo	db.Employee	foreign_key	declared
edge:declared:db.PayrollAnnualSalaryItem:item_setting_relation	db.PayrollAnnualSalaryItem	db.PayrollLedgerItemSettingRelation	foreign_key	declared
edge:declared:db.PayrollAnnualSalaryItem:payroll_annual_salary_info	db.PayrollAnnualSalaryItem	db.PayrollAnnualSalaryInfo	foreign_key	declared
edge:declared:db.PayrollDocumentSealStampSetting:_deprecated_ceo	db.PayrollDocumentSealStampSetting	db.Director	foreign_key	declared
edge:declared:db.PayrollDocumentSealStampSetting:company	db.PayrollDocumentSealStampSetting	db.Company	foreign_key	declared
edge:declared:db.PayrollDocumentSealStampSetting:seal_stamp	db.PayrollDocumentSealStampSetting	db.SealStamp	foreign_key	declared
edge:declared:db.PayrollLedger:company	db.PayrollLedger	db.Company	foreign_key	declared
edge:declared:db.PayrollLedgerAttachment:payroll_ldeger	db.PayrollLedgerAttachment	db.PayrollLedger	foreign_key	declared
edge:declared:db.PayrollLedgerFile:payroll_ledger	db.PayrollLedgerFile	db.PayrollLedger	foreign_key	declared
edge:declared:db.PayrollLedgerFileModificationRequest:payroll_ledger_file	db.PayrollLedgerFileModificationRequest	db.PayrollLedgerFile	foreign_key	declared
edge:declared:db.PayrollLedgerItemSettingRelation:ledger_item	db.PayrollLedgerItemSettingRelation	db.PayrollLedgerItem	foreign_key	declared
edge:declared:db.PayrollLedgerItemSettingRelation:setting	db.PayrollLedgerItemSettingRelation	db.PayrollSetting	foreign_key	declared
edge:declared:db.PayrollManagementRelation:payroll	db.PayrollManagementRelation	db.Payroll	foreign_key	declared
edge:declared:db.PayrollSetting:ledger_item_set	db.PayrollSetting	db.PayrollLedgerItem	foreign_key	declared
edge:declared:db.PayrollSettlement:company_question_thread_set	db.PayrollSettlement	db.CompanyQuestionThread	foreign_key	declared
edge:declared:db.PayrollSettlement:payroll	db.PayrollSettlement	db.Payroll	foreign_key	declared
edge:declared:db.PayrollSettlementAutoCreation:payroll	db.PayrollSettlementAutoCreation	db.Payroll	foreign_key	declared
edge:declared:db.PayrollSettlementAutoCreation:payroll_question_help_template	db.PayrollSettlementAutoCreation	db.HelpTemplate	foreign_key	declared
edge:declared:db.PayrollSettlementProgressLog:payroll_settlement	db.PayrollSettlementProgressLog	db.PayrollSettlement	foreign_key	declared
edge:declared:db.PayrollStaffUserRelation:payroll	db.PayrollStaffUserRelation	db.Payroll	foreign_key	declared
edge:declared:db.PayrollStatement:employee	db.PayrollStatement	db.Employee	foreign_key	declared
edge:declared:db.PayrollStatement:payroll_ledger	db.PayrollStatement	db.PayrollLedger	foreign_key	declared
edge:declared:db.PayrollStatementAttendance:payroll_statement	db.PayrollStatementAttendance	db.PayrollStatement	foreign_key	declared
edge:declared:db.PayrollStatementDocument:payroll_statement	db.PayrollStatementDocument	db.PayrollStatement	foreign_key	declared
edge:declared:db.PayrollStatementEmail:payroll_ledger	db.PayrollStatementEmail	db.PayrollLedger	foreign_key	declared
edge:declared:db.PayrollStatementEmailRecipient:email	db.PayrollStatementEmailRecipient	db.PayrollStatementEmail	foreign_key	declared
edge:declared:db.PayrollStatementEmailRecipient:payroll_statement	db.PayrollStatementEmailRecipient	db.PayrollStatement	foreign_key	declared
edge:declared:db.PayrollStatementItem:ledger_item_setting_relation	db.PayrollStatementItem	db.PayrollLedgerItemSettingRelation	foreign_key	declared
edge:declared:db.PayrollStatementItem:payroll_statement	db.PayrollStatementItem	db.PayrollStatement	foreign_key	declared
edge:declared:db.PayrollStatementPayrollInformation:payroll_statement	db.PayrollStatementPayrollInformation	db.PayrollStatement	foreign_key	declared
edge:declared:db.PayrollStatementScheduledEmail:payroll_statement_email	db.PayrollStatementScheduledEmail	db.PayrollStatementEmail	foreign_key	declared
edge:declared:db.PayrollStatementScheduledEmailPeriodicTaskRelation:payroll_statement_scheduled_email	db.PayrollStatementScheduledEmailPeriodicTaskRelation	db.PayrollStatementScheduledEmail	foreign_key	declared
edge:declared:db.PeriodicOptionVestingItem:periodic_option_vesting	db.PeriodicOptionVestingItem	db.PeriodicOptionVesting	foreign_key	declared
edge:declared:db.PhantomStock:company	db.PhantomStock	db.Company	foreign_key	declared
edge:declared:db.PhantomStock:grantee	db.PhantomStock	db.PhantomStockGrantee	foreign_key	declared
edge:declared:db.PhantomStockGrantContract:phantom_stock	db.PhantomStockGrantContract	db.PhantomStock	foreign_key	declared
edge:declared:db.PhantomStockResumeEvent:pause_event	db.PhantomStockResumeEvent	db.PhantomStockPauseEvent	foreign_key	declared
edge:declared:db.PhantomStockVesting:phantom_stock	db.PhantomStockVesting	db.PhantomStock	foreign_key	declared
edge:declared:db.PhantomStockVestingItem:phantom_stock_vesting	db.PhantomStockVestingItem	db.PhantomStockVesting	foreign_key	declared
edge:declared:db.PhantomStockVestingTraceable:phantom_stock	db.PhantomStockVestingTraceable	db.PhantomStock	foreign_key	declared
edge:declared:db.PhantomStockVestingTraceable:source_vesting_item	db.PhantomStockVestingTraceable	db.PhantomStockVestingItem	foreign_key	declared
edge:declared:db.PhoneVerification:phone	db.PhoneVerification	db.Phone	foreign_key	declared
edge:declared:db.PingpongDelivery:dropoff_address	db.PingpongDelivery	db.PingpongDeliveryAddress	foreign_key	declared
edge:declared:db.PitchingDayHall:assigned_irs	db.PitchingDayHall	db.InvestorRelations	foreign_key	declared
edge:declared:db.PitchingDayHallAccessLog:pitching_day_hall	db.PitchingDayHallAccessLog	db.PitchingDayHall	foreign_key	declared
edge:declared:db.PitchingDayHallAccessLog:venture_capital	db.PitchingDayHallAccessLog	db.VentureCapital	foreign_key	declared
edge:declared:db.PitchingDayHallAssignedIrs:investor_relations	db.PitchingDayHallAssignedIrs	db.InvestorRelations	foreign_key	declared
edge:declared:db.PitchingDayHallAssignedIrs:pitching_day_hall	db.PitchingDayHallAssignedIrs	db.PitchingDayHall	foreign_key	declared
edge:declared:db.PortalMenuVisibilitySetting:company	db.PortalMenuVisibilitySetting	db.Company	foreign_key	declared
edge:declared:db.PortalSetting:company	db.PortalSetting	db.Company	foreign_key	declared
edge:declared:db.PortfolioCompany:company	db.PortfolioCompany	db.Company	foreign_key	declared
edge:declared:db.PortfolioCompany:venture_capital	db.PortfolioCompany	db.VentureCapital	foreign_key	declared
edge:declared:db.PortfolioCompanyFund:fund	db.PortfolioCompanyFund	db.Fund	foreign_key	declared
edge:declared:db.PortfolioCompanyFund:portfolio_company	db.PortfolioCompanyFund	db.PortfolioCompany	foreign_key	declared
edge:declared:db.PortfolioCompanyManager:portfolio_company	db.PortfolioCompanyManager	db.PortfolioCompany	foreign_key	declared
edge:declared:db.PortfolioCompanyUserRelation:portfolio_company	db.PortfolioCompanyUserRelation	db.PortfolioCompany	foreign_key	declared
edge:declared:db.PrivacyPolicyLog:privacy_policy	db.PrivacyPolicyLog	db.PrivacyPolicy	foreign_key	declared
edge:declared:db.PromotionAddress:promotion	db.PromotionAddress	db.Promotion	foreign_key	declared
edge:declared:db.PromotionCodeUsageHistory:promotion_code	db.PromotionCodeUsageHistory	db.PromotionCode	foreign_key	declared
edge:declared:db.PromotionCodeUsageHistory:service_fee_item	db.PromotionCodeUsageHistory	db.ServiceFeeItem	foreign_key	declared
edge:declared:db.ProofOfEmploymentDocument:meeting_document	db.ProofOfEmploymentDocument	db.MeetingDocument	foreign_key	declared
edge:declared:db.Purchase:_corporate_registration_paid_issue	db.Purchase	db.CorporateRegistrationPaidIssue	foreign_key	declared
edge:declared:db.Purchase:_credit	db.Purchase	db.Credit	foreign_key	declared
edge:declared:db.Purchase:_deprecated_payment_store	db.Purchase	db.PaymentStore	foreign_key	declared
edge:declared:db.Purchase:_incorporation_request	db.Purchase	db.IncorporationRequest	foreign_key	declared
edge:declared:db.Purchase:_invitation_seat_request	db.Purchase	db.InvitationSeatRequest	foreign_key	declared
edge:declared:db.Purchase:_meeting	db.Purchase	db.Meeting	foreign_key	declared
edge:declared:db.Purchase:_payment_store_legal_partner	db.Purchase	db.LegalPartner	foreign_key	declared
edge:declared:db.Purchase:_subscription_payment_request	db.Purchase	db.SubscriptionPaymentRequest	foreign_key	declared
edge:declared:db.Purchase:basket	db.Purchase	db.Basket	foreign_key	declared
edge:declared:db.Purchase:company	db.Purchase	db.Company	foreign_key	declared
edge:declared:db.Purchase:investment_association	db.Purchase	db.InvestmentAssociation	foreign_key	declared
edge:declared:db.Purchase:service_fee	db.Purchase	db.ServiceFee	foreign_key	declared
edge:declared:db.Purchase:venture_capital	db.Purchase	db.VentureCapital	foreign_key	declared
edge:declared:db.PurchaseItem:payment_store	db.PurchaseItem	db.PaymentStore	foreign_key	declared
edge:declared:db.PurchaseItem:purchase	db.PurchaseItem	db.Purchase	foreign_key	declared
edge:declared:db.PurchaseStatusHistory:purchase	db.PurchaseStatusHistory	db.Purchase	foreign_key	declared
edge:declared:db.Purpose:articles_of_incorporation	db.Purpose	db.ArticlesOfIncorporation	foreign_key	declared
edge:declared:db.Purpose:industrial_code	db.Purpose	db.IndustrialCode	foreign_key	declared
edge:declared:db.QrReplyPasswordReset:request	db.QrReplyPasswordReset	db.QrReplyPasswordResetRequest	foreign_key	declared
edge:declared:db.QrReplyPasswordResetRequest:reply	db.QrReplyPasswordResetRequest	db.VentureCapitalQuarterlyReportReply	foreign_key	declared
edge:declared:db.QuarterlyReportRequest:quarterly_report	db.QuarterlyReportRequest	db.VentureCapitalQuarterlyReport	foreign_key	declared
edge:declared:db.QuarterlyReportRequestAttachment:quarterly_report_request	db.QuarterlyReportRequestAttachment	db.QuarterlyReportRequest	foreign_key	declared
edge:declared:db.QuarterlyReportRequestRecipient:email_activity_recipient	db.QuarterlyReportRequestRecipient	db.EmailActivityRecipient	foreign_key	declared
edge:declared:db.QuarterlyReportRequestRecipient:portfolio_company	db.QuarterlyReportRequestRecipient	db.PortfolioCompany	foreign_key	declared
edge:declared:db.QuarterlyReportRequestRecipient:portfolio_company_manager	db.QuarterlyReportRequestRecipient	db.PortfolioCompanyManager	foreign_key	declared
edge:declared:db.QuarterlyReportRequestRecipient:quarterly_report_request	db.QuarterlyReportRequestRecipient	db.QuarterlyReportRequest	foreign_key	declared
edge:declared:db.QuarterlyReportRequestReportItem:quarterly_report_item	db.QuarterlyReportRequestReportItem	db.VentureCapitalQuarterlyReportItem	foreign_key	declared
edge:declared:db.QuarterlyReportRequestReportItem:quarterly_report_request	db.QuarterlyReportRequestReportItem	db.QuarterlyReportRequest	foreign_key	declared
edge:declared:db.QuarterlyReportSettings:quarterly_report	db.QuarterlyReportSettings	db.VentureCapitalQuarterlyReport	foreign_key	declared
edge:declared:db.QuarterlyReportSignupChannel:portfolio_company	db.QuarterlyReportSignupChannel	db.PortfolioCompany	foreign_key	declared
edge:declared:db.QuarterlyReportSignupChannel:quarterly_report	db.QuarterlyReportSignupChannel	db.VentureCapitalQuarterlyReport	foreign_key	declared
edge:declared:db.QuestionMessageAttachment:message	db.QuestionMessageAttachment	db.QuestionThreadMessage	foreign_key	declared
edge:declared:db.QuestionMessageScheduled:question_thread_message	db.QuestionMessageScheduled	db.QuestionThreadMessage	foreign_key	declared
edge:declared:db.QuestionThread:_company	db.QuestionThread	db.Company	foreign_key	declared
edge:declared:db.QuestionThreadAssignment:question_thread	db.QuestionThreadAssignment	db.QuestionThread	foreign_key	declared
edge:declared:db.QuestionThreadMessage:question_thread	db.QuestionThreadMessage	db.QuestionThread	foreign_key	declared
edge:declared:db.QuestionThreadMessageAccessLog:message	db.QuestionThreadMessageAccessLog	db.QuestionThreadMessage	foreign_key	declared
edge:declared:db.QuestionThreadMessageCategory:question_thread_message	db.QuestionThreadMessageCategory	db.QuestionThreadMessage	foreign_key	declared
edge:declared:db.QuestionThreadMessagePeriodicTaskRelation:question_message_scheduled	db.QuestionThreadMessagePeriodicTaskRelation	db.QuestionMessageScheduled	foreign_key	declared
edge:declared:db.QuestionThreadMessageProfile:message	db.QuestionThreadMessageProfile	db.QuestionThreadMessage	foreign_key	declared
edge:declared:db.QuestionThreadMessageReminder:message	db.QuestionThreadMessageReminder	db.QuestionThreadMessage	foreign_key	declared
edge:declared:db.QuestionThreadMessageReview:message	db.QuestionThreadMessageReview	db.QuestionThreadMessage	foreign_key	declared
edge:declared:db.QuestionThreadMessageReviewRequest:message	db.QuestionThreadMessageReviewRequest	db.QuestionThreadMessage	foreign_key	declared
edge:declared:db.QuestionThreadTag:question_thread_set	db.QuestionThreadTag	db.QuestionThread	foreign_key	declared
edge:declared:db.RebootProductContactRequest:company	db.RebootProductContactRequest	db.Company	foreign_key	declared
edge:declared:db.RegisteredMail:order_status_history	db.RegisteredMail	db.OrderStatusHistory	foreign_key	declared
edge:declared:db.RegisteredMail:seal_card_return_status_history	db.RegisteredMail	db.SealCardReturnStatusHistory	foreign_key	declared
edge:declared:db.Registration:meeting	db.Registration	db.Meeting	foreign_key	declared
edge:declared:db.RegistrationAgenda:agenda_ceo_address_change	db.RegistrationAgenda	db.AgendaCeoAddressChange	foreign_key	declared
edge:declared:db.RegistrationAgenda:agenda_director_change	db.RegistrationAgenda	db.AgendaDirectorChange	foreign_key	declared
edge:declared:db.RegistrationAgenda:agenda_option_exercise	db.RegistrationAgenda	db.AgendaOptionExercise	foreign_key	declared
edge:declared:db.RegistrationAgenda:registration	db.RegistrationAgenda	db.Registration	foreign_key	declared
edge:declared:db.RegistrationAssistance:legal_partner	db.RegistrationAssistance	db.LegalPartner	foreign_key	declared
edge:declared:db.RegistrationAssistance:meeting	db.RegistrationAssistance	db.Meeting	foreign_key	declared
edge:declared:db.RegistrationAssistanceReceipt:registration_assistance	db.RegistrationAssistanceReceipt	db.RegistrationAssistance	foreign_key	declared
edge:declared:db.RegistrationCaseReport:company	db.RegistrationCaseReport	db.Company	foreign_key	declared
edge:declared:db.RegistrationCaseReport:jurisdiction	db.RegistrationCaseReport	db.Jurisdiction	foreign_key	declared
edge:declared:db.RegistrationCaseReportUpdateLog:company	db.RegistrationCaseReportUpdateLog	db.Company	foreign_key	declared
edge:declared:db.RegistrationDirector:registration	db.RegistrationDirector	db.Registration	foreign_key	declared
edge:declared:db.RegistrationFormAllInOneDocument:meeting_document	db.RegistrationFormAllInOneDocument	db.MeetingDocument	foreign_key	declared
edge:declared:db.RegistrationFormAoiChangeDocument:meeting_document	db.RegistrationFormAoiChangeDocument	db.MeetingDocument	foreign_key	declared
edge:declared:db.RegistrationFormBranchChangeDocument:meeting_document	db.RegistrationFormBranchChangeDocument	db.MeetingDocument	foreign_key	declared
edge:declared:db.RegistrationFormCaptable:agenda	db.RegistrationFormCaptable	db.ShareholdersMeetingAgenda	foreign_key	declared
edge:declared:db.RegistrationFormCaptableDocument:captable	db.RegistrationFormCaptableDocument	db.RegistrationFormCaptable	foreign_key	declared
edge:declared:db.RegistrationFormCaptableDocument:meeting_document	db.RegistrationFormCaptableDocument	db.MeetingDocument	foreign_key	declared
edge:declared:db.RegistrationFormCaptableNotarizationRequestor:registration_form_captable	db.RegistrationFormCaptableNotarizationRequestor	db.RegistrationFormCaptable	foreign_key	declared
edge:declared:db.RegistrationFormCaptableNotarizationRequestor:shareholder	db.RegistrationFormCaptableNotarizationRequestor	db.ShareholdersMeetingShareholderAttendance	foreign_key	declared
edge:declared:db.RegistrationFormCeoAddressChangeDocument:meeting_document	db.RegistrationFormCeoAddressChangeDocument	db.MeetingDocument	foreign_key	declared
edge:declared:db.RegistrationFormDirectorChangeDocument:meeting_document	db.RegistrationFormDirectorChangeDocument	db.MeetingDocument	foreign_key	declared
edge:declared:db.RegistrationFormHeadOfficeInsideRelocationDocument:head_office_relocation_agenda	db.RegistrationFormHeadOfficeInsideRelocationDocument	db.AgendaHeadOfficeRelocation	foreign_key	declared
edge:declared:db.RegistrationFormHeadOfficeInsideRelocationDocument:meeting_document	db.RegistrationFormHeadOfficeInsideRelocationDocument	db.MeetingDocument	foreign_key	declared
edge:declared:db.RegistrationFormHeadOfficeOutsideRelocationDocument:head_office_relocation_agenda	db.RegistrationFormHeadOfficeOutsideRelocationDocument	db.AgendaHeadOfficeRelocation	foreign_key	declared
edge:declared:db.RegistrationFormHeadOfficeOutsideRelocationDocument:meeting_document	db.RegistrationFormHeadOfficeOutsideRelocationDocument	db.MeetingDocument	foreign_key	declared
edge:declared:db.RegistrationFormNewIssueDocument:meeting_document	db.RegistrationFormNewIssueDocument	db.MeetingDocument	foreign_key	declared
edge:declared:db.RegistrationFormNewOptionsRuleDocument:meeting_document	db.RegistrationFormNewOptionsRuleDocument	db.MeetingDocument	foreign_key	declared
edge:declared:db.RegistrationHelp:company_question_thread	db.RegistrationHelp	db.CompanyQuestionThread	foreign_key	declared
edge:declared:db.RegistrationHelp:meeting	db.RegistrationHelp	db.Meeting	foreign_key	declared
edge:declared:db.RegistrationPoaDocument:meeting_document	db.RegistrationPoaDocument	db.MeetingDocument	foreign_key	declared
edge:declared:db.ResignationLetterDocument:director_change_agenda	db.ResignationLetterDocument	db.AgendaDirectorChange	foreign_key	declared
edge:declared:db.ResignationLetterDocument:meeting_document	db.ResignationLetterDocument	db.MeetingDocument	foreign_key	declared
edge:declared:db.ResignedDirectorCertificateOfSealDocument:meeting_document	db.ResignedDirectorCertificateOfSealDocument	db.MeetingDocument	foreign_key	declared
edge:declared:db.RightToConsentOrConsult:company	db.RightToConsentOrConsult	db.Company	foreign_key	declared
edge:declared:db.Rsu:company	db.Rsu	db.Company	foreign_key	declared
edge:declared:db.Rsu:grantee	db.Rsu	db.RsuGrantee	foreign_key	declared
edge:declared:db.Rsu:source_meeting	db.Rsu	db.RsuMeeting	foreign_key	declared
edge:declared:db.RsuAdjustEvent:source_event	db.RsuAdjustEvent	db.Event	foreign_key	declared
edge:declared:db.RsuGrantContract:rsu	db.RsuGrantContract	db.Rsu	foreign_key	declared
edge:declared:db.RsuGrantContract:template	db.RsuGrantContract	db.RsuGrantContractTemplate	foreign_key	declared
edge:declared:db.RsuGrantContractModusignDocument:rsu_grant_contract	db.RsuGrantContractModusignDocument	db.RsuGrantContract	foreign_key	declared
edge:declared:db.RsuGrantContractTemplate:company	db.RsuGrantContractTemplate	db.Company	foreign_key	declared
edge:declared:db.RsuGrantContractTemplate:stakeholder_set	db.RsuGrantContractTemplate	db.RsuGrantContractTemplateStakeholder	foreign_key	declared
edge:declared:db.RsuGrantContractTemplateStakeholder:company	db.RsuGrantContractTemplateStakeholder	db.Company	foreign_key	declared
edge:declared:db.RsuMeeting:company	db.RsuMeeting	db.Company	foreign_key	declared
edge:declared:db.RsuMeeting:meeting	db.RsuMeeting	db.Meeting	foreign_key	declared
edge:declared:db.RsuMeetingAttachment:meeting	db.RsuMeetingAttachment	db.RsuMeeting	foreign_key	declared
edge:declared:db.RsuPerformanceCondition:company	db.RsuPerformanceCondition	db.Company	foreign_key	declared
edge:declared:db.RsuResumeEvent:pause_event	db.RsuResumeEvent	db.RsuPauseEvent	foreign_key	declared
edge:declared:db.RsuTag:category	db.RsuTag	db.RsuTagCategory	foreign_key	declared
edge:declared:db.RsuTag:company	db.RsuTag	db.Company	foreign_key	declared
edge:declared:db.RsuTag:rsu_set	db.RsuTag	db.Rsu	foreign_key	declared
edge:declared:db.RsuTagCategory:company	db.RsuTagCategory	db.Company	foreign_key	declared
edge:declared:db.RsuVesting:rsu	db.RsuVesting	db.Rsu	foreign_key	declared
edge:declared:db.RsuVestingItem:performance_condition	db.RsuVestingItem	db.RsuPerformanceCondition	foreign_key	declared
edge:declared:db.RsuVestingItem:rsu_vesting	db.RsuVestingItem	db.RsuVesting	foreign_key	declared
edge:declared:db.RsuVestingTraceable:rsu	db.RsuVestingTraceable	db.Rsu	foreign_key	declared
edge:declared:db.RsuVestingTraceable:source_vesting_item	db.RsuVestingTraceable	db.RsuVestingItem	foreign_key	declared
edge:declared:db.RtccEmail:right_to_consent_or_consult	db.RtccEmail	db.RightToConsentOrConsult	foreign_key	declared
edge:declared:db.RtccEmailAuthentication:rtcc_investor	db.RtccEmailAuthentication	db.RtccInvestor	foreign_key	declared
edge:declared:db.RtccInvestor:right_to_consent_or_consult	db.RtccInvestor	db.RightToConsentOrConsult	foreign_key	declared
edge:declared:db.RtccInvestor:stakeholder	db.RtccInvestor	db.Stakeholder	foreign_key	declared
edge:declared:db.RtccInvestorFile:investor	db.RtccInvestorFile	db.RtccInvestor	foreign_key	declared
edge:declared:db.Safe:company	db.Safe	db.Company	foreign_key	declared
edge:declared:db.Safe:holder	db.Safe	db.InvestmentContractHolder	foreign_key	declared
edge:declared:db.SafeCreateEvent:contract_file	db.SafeCreateEvent	db.FileAttachment	foreign_key	declared
edge:declared:db.SalesMetric:legal_partner	db.SalesMetric	db.LegalPartner	foreign_key	declared
edge:declared:db.SalesReportDocument:meeting_document	db.SalesReportDocument	db.MeetingDocument	foreign_key	declared
edge:declared:db.SdContactRequest:secondary_deal	db.SdContactRequest	db.SecondaryDeal	foreign_key	declared
edge:declared:db.SdContactRequest:venture_capital	db.SdContactRequest	db.VentureCapital	foreign_key	declared
edge:declared:db.SealCardReturnRequest:seal_card	db.SealCardReturnRequest	db.SealCard	foreign_key	declared
edge:declared:db.SealCardReturnStatusHistory:seal_card_return_request	db.SealCardReturnStatusHistory	db.SealCardReturnRequest	foreign_key	declared
edge:declared:db.SealCertificateDelivery:company	db.SealCertificateDelivery	db.Company	foreign_key	declared
edge:declared:db.SealCertificateDelivery:seal_card_pickup_delivery	db.SealCertificateDelivery	db.PingpongDelivery	foreign_key	declared
edge:declared:db.SealCertificateIssueRequest:delivery	db.SealCertificateIssueRequest	db.SealCertificateDelivery	foreign_key	declared
edge:declared:db.SealStamp:attachment	db.SealStamp	db.FileAttachment	foreign_key	declared
edge:declared:db.SealStamp:company	db.SealStamp	db.Company	foreign_key	declared
edge:declared:db.SealStamp:director	db.SealStamp	db.Director	foreign_key	declared
edge:declared:db.SealStampCardContinuedUseApplicationFormDocument:meeting_document	db.SealStampCardContinuedUseApplicationFormDocument	db.MeetingDocument	foreign_key	declared
edge:declared:db.SealStampCardContinuedUseApplicationFormDocument:stakeholder	db.SealStampCardContinuedUseApplicationFormDocument	db.Stakeholder	foreign_key	declared
edge:declared:db.SealStampDeclarationDocument:meeting_document	db.SealStampDeclarationDocument	db.MeetingDocument	foreign_key	declared
edge:declared:db.SealStampDeclarationDocument:stakeholder	db.SealStampDeclarationDocument	db.Stakeholder	foreign_key	declared
edge:declared:db.SealStampImage:seal_stamp	db.SealStampImage	db.SealStamp	foreign_key	declared
edge:declared:db.SealStampUsageHistory:employee	db.SealStampUsageHistory	db.Employee	foreign_key	declared
edge:declared:db.SealStampUsageHistory:payroll_statement_document	db.SealStampUsageHistory	db.PayrollStatementDocument	foreign_key	declared
edge:declared:db.SealStampUsageHistory:seal_stamp	db.SealStampUsageHistory	db.SealStamp	foreign_key	declared
edge:declared:db.SealStampUsageHistory:wht_book	db.SealStampUsageHistory	db.WhtBook	foreign_key	declared
edge:declared:db.SealStampUsageHistory:wht_certificate	db.SealStampUsageHistory	db.WhtCertificate	foreign_key	declared
edge:declared:db.SealStampUsageHistory:wht_receipt	db.SealStampUsageHistory	db.WhtReceipt	foreign_key	declared
edge:declared:db.SealedOptionGrantContractDocument:meeting_document	db.SealedOptionGrantContractDocument	db.MeetingDocument	foreign_key	declared
edge:declared:db.SealedOptionGrantShareholdersMeetingResolutionDocument:meeting_document	db.SealedOptionGrantShareholdersMeetingResolutionDocument	db.MeetingDocument	foreign_key	declared
edge:declared:db.SecondaryDeal:assigned_investors	db.SecondaryDeal	db.VentureCapital	foreign_key	declared
edge:declared:db.SecondaryDeal:business_line	db.SecondaryDeal	db.TextValueWithVisibility	foreign_key	declared
edge:declared:db.SecondaryDeal:corporate_registration	db.SecondaryDeal	db.FileValueWithVisibility	foreign_key	declared
edge:declared:db.SecondaryDeal:operating_profit	db.SecondaryDeal	db.BigNumberValueWithVisibility	foreign_key	declared
edge:declared:db.SelfRegistration:meeting	db.SelfRegistration	db.Meeting	foreign_key	declared
edge:declared:db.ServiceFee:basket	db.ServiceFee	db.Basket	foreign_key	declared
edge:declared:db.ServiceFeeItem:product	db.ServiceFeeItem	db.Product	foreign_key	declared
edge:declared:db.ServiceFeeItem:service_fee	db.ServiceFeeItem	db.ServiceFee	foreign_key	declared
edge:declared:db.ShareClass:company	db.ShareClass	db.Company	foreign_key	declared
edge:declared:db.ShareholderInstitutionMember:institution	db.ShareholderInstitutionMember	db.Shareholder	foreign_key	declared
edge:declared:db.ShareholderInstitutionMember:manager	db.ShareholderInstitutionMember	db.InstitutionStakeholderManager	foreign_key	declared
edge:declared:db.ShareholderInstitutionMemberCeo:member	db.ShareholderInstitutionMemberCeo	db.ShareholderInstitutionMember	foreign_key	declared
edge:declared:db.ShareholderVote:agenda	db.ShareholderVote	db.ShareholdersMeetingAgenda	foreign_key	declared
edge:declared:db.ShareholderVote:attended_shareholder	db.ShareholderVote	db.ShareholdersMeetingShareholderAttendance	foreign_key	declared
edge:declared:db.ShareholderVotingRightsPerAgenda:agenda	db.ShareholderVotingRightsPerAgenda	db.ShareholdersMeetingAgenda	foreign_key	declared
edge:declared:db.ShareholderVotingRightsPerAgenda:shareholder	db.ShareholderVotingRightsPerAgenda	db.ShareholdersMeetingShareholderAttendance	foreign_key	declared
edge:declared:db.ShareholdersAgreementStakeholder:stakeholder	db.ShareholdersAgreementStakeholder	db.Stakeholder	foreign_key	declared
edge:declared:db.ShareholdersCertificateOfSealDocument:meeting_document	db.ShareholdersCertificateOfSealDocument	db.MeetingDocument	foreign_key	declared
edge:declared:db.ShareholdersMeeting:chairperson	db.ShareholdersMeeting	db.ShareholdersMeetingDirectorAttendance	foreign_key	declared
edge:declared:db.ShareholdersMeeting:meeting	db.ShareholdersMeeting	db.Meeting	foreign_key	declared
edge:declared:db.ShareholdersMeeting:sealed_meeting_minutes_file	db.ShareholdersMeeting	db.FileAttachment	foreign_key	declared
edge:declared:db.ShareholdersMeetingAgenda:agenda_authorized_shares_change	db.ShareholdersMeetingAgenda	db.AgendaAuthorizedSharesChange	foreign_key	declared
edge:declared:db.ShareholdersMeetingAgenda:agenda_bonus_issue	db.ShareholdersMeetingAgenda	db.AgendaBonusIssue	foreign_key	declared
edge:declared:db.ShareholdersMeetingAgenda:agenda_branch_change	db.ShareholdersMeetingAgenda	db.AgendaBranchChange	foreign_key	declared
edge:declared:db.ShareholdersMeetingAgenda:agenda_change_of_articles_of_incorporation	db.ShareholdersMeetingAgenda	db.AgendaChangeOfArticlesOfIncorporation	foreign_key	declared
edge:declared:db.ShareholdersMeetingAgenda:agenda_co_ceo_system_change	db.ShareholdersMeetingAgenda	db.AgendaCoCeoSystemChange	foreign_key	declared
edge:declared:db.ShareholdersMeetingAgenda:agenda_company_name_change	db.ShareholdersMeetingAgenda	db.AgendaCompanyNameChange	foreign_key	declared
edge:declared:db.ShareholdersMeetingAgenda:agenda_custom	db.ShareholdersMeetingAgenda	db.AgendaCustom	foreign_key	declared
edge:declared:db.ShareholdersMeetingAgenda:agenda_director_change	db.ShareholdersMeetingAgenda	db.AgendaDirectorChange	foreign_key	declared
edge:declared:db.ShareholdersMeetingAgenda:agenda_director_compensation_decision	db.ShareholdersMeetingAgenda	db.AgendaDirectorCompensation	foreign_key	declared
edge:declared:db.ShareholdersMeetingAgenda:agenda_director_compensation_rule	db.ShareholdersMeetingAgenda	db.AgendaDirectorCompensationRule	foreign_key	declared
edge:declared:db.ShareholdersMeetingAgenda:agenda_financial_statements	db.ShareholdersMeetingAgenda	db.AgendaFinancialStatements	foreign_key	declared
edge:declared:db.ShareholdersMeetingAgenda:agenda_head_office_relocation	db.ShareholdersMeetingAgenda	db.AgendaHeadOfficeRelocation	foreign_key	declared
edge:declared:db.ShareholdersMeetingAgenda:agenda_head_office_relocation_aoi_change	db.ShareholdersMeetingAgenda	db.AgendaHeadOfficeRelocationAoiChange	foreign_key	declared
edge:declared:db.ShareholdersMeetingAgenda:agenda_method_of_giving_public_notice_change	db.ShareholdersMeetingAgenda	db.AgendaMethodOfGivingPublicNoticeChange	foreign_key	declared
edge:declared:db.ShareholdersMeetingAgenda:agenda_new_issue	db.ShareholdersMeetingAgenda	db.AgendaNewIssue	foreign_key	declared
edge:declared:db.ShareholdersMeetingAgenda:agenda_new_options_rule	db.ShareholdersMeetingAgenda	db.AgendaNewOptionsRule	foreign_key	declared
edge:declared:db.ShareholdersMeetingAgenda:agenda_new_or_change_rsu_rule	db.ShareholdersMeetingAgenda	db.AgendaNewOrChangeRsuRule	foreign_key	declared
edge:declared:db.ShareholdersMeetingAgenda:agenda_option_cancel	db.ShareholdersMeetingAgenda	db.AgendaOptionCancel	foreign_key	declared
edge:declared:db.ShareholdersMeetingAgenda:agenda_option_grant	db.ShareholdersMeetingAgenda	db.AgendaOptionGrant	foreign_key	declared
edge:declared:db.ShareholdersMeetingAgenda:agenda_purpose_change	db.ShareholdersMeetingAgenda	db.AgendaPurposeChange	foreign_key	declared
edge:declared:db.ShareholdersMeetingAgenda:agenda_rsu_grant	db.ShareholdersMeetingAgenda	db.AgendaRsuGrant	foreign_key	declared
edge:declared:db.ShareholdersMeetingAgenda:agenda_subsidiary_establishment	db.ShareholdersMeetingAgenda	db.AgendaSubsidiaryEstablishment	foreign_key	declared
edge:declared:db.ShareholdersMeetingAgenda:meeting	db.ShareholdersMeetingAgenda	db.ShareholdersMeeting	foreign_key	declared
edge:declared:db.ShareholdersMeetingAuditReportDocument:meeting_document	db.ShareholdersMeetingAuditReportDocument	db.MeetingDocument	foreign_key	declared
edge:declared:db.ShareholdersMeetingConvocationNoticeEmail:shareholders_meeting	db.ShareholdersMeetingConvocationNoticeEmail	db.ShareholdersMeeting	foreign_key	declared
edge:declared:db.ShareholdersMeetingConvocationNoticeEmailAttachment:convocation_notice_email	db.ShareholdersMeetingConvocationNoticeEmailAttachment	db.ShareholdersMeetingConvocationNoticeEmail	foreign_key	declared
edge:declared:db.ShareholdersMeetingConvocationNoticeEmailNewIssueAttachment:email	db.ShareholdersMeetingConvocationNoticeEmailNewIssueAttachment	db.ShareholdersMeetingConvocationNoticeEmail	foreign_key	declared
edge:declared:db.ShareholdersMeetingConvocationNoticeEmailNewIssueAttachment:new_issue	db.ShareholdersMeetingConvocationNoticeEmailNewIssueAttachment	db.AgendaNewIssue	foreign_key	declared
edge:declared:db.ShareholdersMeetingConvocationNoticeEmailRecipient:email_activity_recipient	db.ShareholdersMeetingConvocationNoticeEmailRecipient	db.EmailActivityRecipient	foreign_key	declared
edge:declared:db.ShareholdersMeetingConvocationNoticeRecipient:bulk_email_recipient	db.ShareholdersMeetingConvocationNoticeRecipient	db.BulkEmailRecipient	foreign_key	declared
edge:declared:db.ShareholdersMeetingConvocationNoticeRecipient:convocation_notice_email	db.ShareholdersMeetingConvocationNoticeRecipient	db.ShareholdersMeetingConvocationNoticeEmail	foreign_key	declared
edge:declared:db.ShareholdersMeetingConvocationNoticeRecipient:shareholder	db.ShareholdersMeetingConvocationNoticeRecipient	db.ShareholdersMeetingShareholderAttendance	foreign_key	declared
edge:declared:db.ShareholdersMeetingDirectorAttendance:stakeholder	db.ShareholdersMeetingDirectorAttendance	db.Stakeholder	foreign_key	declared
edge:declared:db.ShareholdersMeetingMinutesDocument:meeting_document	db.ShareholdersMeetingMinutesDocument	db.MeetingDocument	foreign_key	declared
edge:declared:db.ShareholdersMeetingNoticeDocument:meeting_document	db.ShareholdersMeetingNoticeDocument	db.MeetingDocument	foreign_key	declared
edge:declared:db.ShareholdersMeetingPowerOfAttorneyDocument:meeting_document	db.ShareholdersMeetingPowerOfAttorneyDocument	db.MeetingDocument	foreign_key	declared
edge:declared:db.ShareholdersMeetingPowerOfAttorneyIndividualDocument:meeting_document	db.ShareholdersMeetingPowerOfAttorneyIndividualDocument	db.MeetingDocument	foreign_key	declared
edge:declared:db.ShareholdersMeetingPowerOfAttorneyIndividualDocument:shareholder	db.ShareholdersMeetingPowerOfAttorneyIndividualDocument	db.ShareholdersMeetingShareholderAttendance	foreign_key	declared
edge:declared:db.ShareholdersMeetingShareholderAttendance:meeting	db.ShareholdersMeetingShareholderAttendance	db.ShareholdersMeeting	foreign_key	declared
edge:declared:db.ShareholdersMeetingShareholderAttendance:original_shareholder	db.ShareholdersMeetingShareholderAttendance	db.Shareholder	foreign_key	declared
edge:declared:db.ShareholdersMeetingShortenPeriodDocument:meeting_document	db.ShareholdersMeetingShortenPeriodDocument	db.MeetingDocument	foreign_key	declared
edge:declared:db.ShareholdersMeetingShortenPeriodIndividualDocument:meeting_document	db.ShareholdersMeetingShortenPeriodIndividualDocument	db.MeetingDocument	foreign_key	declared
edge:declared:db.ShareholdersMeetingShortenPeriodIndividualDocument:shareholder	db.ShareholdersMeetingShortenPeriodIndividualDocument	db.ShareholdersMeetingShareholderAttendance	foreign_key	declared
edge:declared:db.ShareholdersMeetingSkipNoticeDocument:meeting_document	db.ShareholdersMeetingSkipNoticeDocument	db.MeetingDocument	foreign_key	declared
edge:declared:db.ShareholdersMeetingWrittenDecisionDocument:meeting_document	db.ShareholdersMeetingWrittenDecisionDocument	db.MeetingDocument	foreign_key	declared
edge:declared:db.ShareholdersMeetingWrittenDecisionIndividualDocument:meeting_document	db.ShareholdersMeetingWrittenDecisionIndividualDocument	db.MeetingDocument	foreign_key	declared
edge:declared:db.ShareholdersMeetingWrittenDecisionIndividualDocument:shareholder	db.ShareholdersMeetingWrittenDecisionIndividualDocument	db.ShareholdersMeetingShareholderAttendance	foreign_key	declared
edge:declared:db.ShareholdersWrittenResolutionDocument:meeting_document	db.ShareholdersWrittenResolutionDocument	db.MeetingDocument	foreign_key	declared
edge:declared:db.Stakeholder:company	db.Stakeholder	db.Company	foreign_key	declared
edge:declared:db.Stakeholder:standardized_address	db.Stakeholder	db.Address	foreign_key	declared
edge:declared:db.StakeholderAccount:account	db.StakeholderAccount	db.FinancialAccount	foreign_key	declared
edge:declared:db.StakeholderAccount:stakeholder	db.StakeholderAccount	db.Stakeholder	foreign_key	declared
edge:declared:db.StakeholderSeat:stakeholder	db.StakeholderSeat	db.Stakeholder	foreign_key	declared
edge:declared:db.StarredQuestionThread:question_thread	db.StarredQuestionThread	db.QuestionThread	foreign_key	declared
edge:declared:db.Stock:company	db.Stock	db.Company	foreign_key	declared
edge:declared:db.Stock:share_class	db.Stock	db.ShareClass	foreign_key	declared
edge:declared:db.Stock:shareholder	db.Stock	db.Shareholder	foreign_key	declared
edge:declared:db.StockDocumentAnalysis:document_ai_process_request	db.StockDocumentAnalysis	document_ai.DocumentAiProcessRequest	foreign_key	declared
edge:declared:db.StockDocumentAnalysis:stock_reregistration_event	db.StockDocumentAnalysis	db.StockReregistrationEvent	foreign_key	declared
edge:declared:db.StockTransferAgreement:company	db.StockTransferAgreement	db.Company	foreign_key	declared
edge:declared:db.StockTransferAgreement:purchaser	db.StockTransferAgreement	db.Stakeholder	foreign_key	declared
edge:declared:db.StockTransferAgreement:sealed_agreement_file	db.StockTransferAgreement	db.FileAttachment	foreign_key	declared
edge:declared:db.StockTransferAgreement:seller	db.StockTransferAgreement	db.Shareholder	foreign_key	declared
edge:declared:db.StockTransferAgreement:stock_transfer_event	db.StockTransferAgreement	db.StockTransferEvent	foreign_key	declared
edge:declared:db.StockTransferAgreementClauses:stock_transfer_agreement	db.StockTransferAgreementClauses	db.StockTransferAgreement	foreign_key	declared
edge:declared:db.StockTransferAgreementItem:agreement	db.StockTransferAgreementItem	db.StockTransferAgreement	foreign_key	declared
edge:declared:db.StockTransferAgreementItem:share_class	db.StockTransferAgreementItem	db.ShareClass	foreign_key	declared
edge:declared:db.StockTransferAgreementManagement:company	db.StockTransferAgreementManagement	db.Company	foreign_key	declared
edge:declared:db.StockTransferAgreementManagement:related_tax_advices	db.StockTransferAgreementManagement	db.QuestionThread	foreign_key	declared
edge:declared:db.StockTransferAgreementManagement:stock_transfer_agreement	db.StockTransferAgreementManagement	db.StockTransferAgreement	foreign_key	declared
edge:declared:db.StockTransferAgreementManagementStakeholderSeat:stakeholder_seat	db.StockTransferAgreementManagementStakeholderSeat	db.StakeholderSeat	foreign_key	declared
edge:declared:db.StockTransferAgreementManagementStakeholderSeat:stock_transfer_agreement_management	db.StockTransferAgreementManagementStakeholderSeat	db.StockTransferAgreementManagement	foreign_key	declared
edge:declared:db.StockTransferAgreementModusignDocument:stock_transfer_agreement	db.StockTransferAgreementModusignDocument	db.StockTransferAgreement	foreign_key	declared
edge:declared:db.StockTransferAgreementModusignEmbeddedDraft:stock_transfer_agreement	db.StockTransferAgreementModusignEmbeddedDraft	db.StockTransferAgreement	foreign_key	declared
edge:declared:db.StockTransferAgreementPurchaserInstitution:agreement	db.StockTransferAgreementPurchaserInstitution	db.StockTransferAgreement	foreign_key	declared
edge:declared:db.StockTransferAgreementSellerInstitution:agreement	db.StockTransferAgreementSellerInstitution	db.StockTransferAgreement	foreign_key	declared
edge:declared:db.StockTransferAgreementSurvey:company	db.StockTransferAgreementSurvey	db.Company	foreign_key	declared
edge:declared:db.StockTransferPrice:share_class	db.StockTransferPrice	db.ShareClass	foreign_key	declared
edge:declared:db.StockTransferPrice:stock_transfer_event	db.StockTransferPrice	db.StockTransferEvent	foreign_key	declared
edge:declared:db.StockUnissuedConfirmationRequest:company	db.StockUnissuedConfirmationRequest	db.Company	foreign_key	declared
edge:declared:db.StockUnissuedConfirmationRequest:stock_unissued_confirmation_file	db.StockUnissuedConfirmationRequest	db.FileAttachment	foreign_key	declared
edge:declared:db.StripeCard:customer	db.StripeCard	db.StripeCustomer	foreign_key	declared
edge:declared:db.StripePayment:card	db.StripePayment	db.StripeCard	foreign_key	declared
edge:declared:db.StripePayment:order	db.StripePayment	db.Order	foreign_key	declared
edge:declared:db.StripePayment:seal_card_return_request	db.StripePayment	db.SealCardReturnRequest	foreign_key	declared
edge:declared:db.Subscription:company	db.Subscription	db.Company	foreign_key	declared
edge:declared:db.Subscription:subscription_contract	db.Subscription	db.SubscriptionContract	foreign_key	declared
edge:declared:db.Subscription:subscription_package	db.Subscription	db.SubscriptionPackage	foreign_key	declared
edge:declared:db.Subscription:subscription_plan	db.Subscription	db.SubscriptionPlan	foreign_key	declared
edge:declared:db.Subscription:subscription_policy	db.Subscription	db.SubscriptionPolicy	foreign_key	declared
edge:declared:db.Subscription:subscription_promotion	db.Subscription	db.SubscriptionPromotion	foreign_key	declared
edge:declared:db.SubscriptionBonus:subscription	db.SubscriptionBonus	db.Subscription	foreign_key	declared
edge:declared:db.SubscriptionContract:company	db.SubscriptionContract	db.Company	foreign_key	declared
edge:declared:db.SubscriptionModusignDocumentUsageHistory:subscription	db.SubscriptionModusignDocumentUsageHistory	db.Subscription	foreign_key	declared
edge:declared:db.SubscriptionPackage:company	db.SubscriptionPackage	db.Company	foreign_key	declared
edge:declared:db.SubscriptionPaymentRequest:company	db.SubscriptionPaymentRequest	db.Company	foreign_key	declared
edge:declared:db.SubscriptionPaymentRequest:subscription	db.SubscriptionPaymentRequest	db.Subscription	foreign_key	declared
edge:declared:db.SubscriptionPenaltyPayment:company	db.SubscriptionPenaltyPayment	db.Company	foreign_key	declared
edge:declared:db.SubscriptionPenaltyPayment:subscription	db.SubscriptionPenaltyPayment	db.Subscription	foreign_key	declared
edge:declared:db.SubscriptionPeriod:subscription	db.SubscriptionPeriod	db.Subscription	foreign_key	declared
edge:declared:db.SubscriptionPerk:subscription	db.SubscriptionPerk	db.Subscription	foreign_key	declared
edge:declared:db.SubscriptionPlan:permissions	db.SubscriptionPlan	db.SubscriptionPlanPermission	foreign_key	declared
edge:declared:db.SubscriptionPlanOffering:subscription_plan	db.SubscriptionPlanOffering	db.SubscriptionPlan	foreign_key	declared
edge:declared:db.SubscriptionPlanPerk:subscription_plan	db.SubscriptionPlanPerk	db.SubscriptionPlan	foreign_key	declared
edge:declared:db.SubscriptionPolicy:company	db.SubscriptionPolicy	db.Company	foreign_key	declared
edge:declared:db.SubscriptionPromotion:company	db.SubscriptionPromotion	db.Company	foreign_key	declared
edge:declared:db.SubscriptionReservation:company	db.SubscriptionReservation	db.Company	foreign_key	declared
edge:declared:db.SubscriptionReservation:subscription_plan	db.SubscriptionReservation	db.SubscriptionPlan	foreign_key	declared
edge:declared:db.SubscriptionSuspensionHistory:subscription	db.SubscriptionSuspensionHistory	db.Subscription	foreign_key	declared
edge:declared:db.TalingCoupon:_company	db.TalingCoupon	db.Company	foreign_key	declared
edge:declared:db.TaxBookkeepingServiceRequest:company	db.TaxBookkeepingServiceRequest	db.Company	foreign_key	declared
edge:declared:db.TaxBookkeepingServiceRequest:incorporation_request	db.TaxBookkeepingServiceRequest	db.IncorporationRequest	foreign_key	declared
edge:declared:db.TaxPartnerTbkContract:legal_partner	db.TaxPartnerTbkContract	db.LegalPartner	foreign_key	declared
edge:declared:db.TaxPartnerTbkContractItem:tax_partner_tbk_contract	db.TaxPartnerTbkContractItem	db.TaxPartnerTbkContract	foreign_key	declared
edge:declared:db.TaxPartnerTbkSettings:legal_partner	db.TaxPartnerTbkSettings	db.LegalPartner	foreign_key	declared
edge:declared:db.TaxReceiptDocument:meeting_document	db.TaxReceiptDocument	db.MeetingDocument	foreign_key	declared
edge:declared:db.TbkConsulting:tax_bookkeeping_service_request	db.TbkConsulting	db.TaxBookkeepingServiceRequest	foreign_key	declared
edge:declared:db.TbkConsulting:tbk_question_thread	db.TbkConsulting	db.CompanyQuestionThread	foreign_key	declared
edge:declared:db.TbkConsultingMemo:tbk_consulting	db.TbkConsultingMemo	db.TbkConsulting	foreign_key	declared
edge:declared:db.TbkConsultingRefusal:incorporation_request	db.TbkConsultingRefusal	db.IncorporationRequest	foreign_key	declared
edge:declared:db.TbkConsultingStatusLog:tbk_consulting	db.TbkConsultingStatusLog	db.TbkConsulting	foreign_key	declared
edge:declared:db.TbkContract:tbk_consulting	db.TbkContract	db.TbkConsulting	foreign_key	declared
edge:declared:db.TbkContractBenefit:tbk_contract	db.TbkContractBenefit	db.TbkContract	foreign_key	declared
edge:declared:db.TbkContractSettlement:tbk_contract	db.TbkContractSettlement	db.TbkContract	foreign_key	declared
edge:declared:db.ThirdPartyArticleProviderUserRelation:article_provider	db.ThirdPartyArticleProviderUserRelation	db.ThirdPartyArticleProvider	foreign_key	declared
edge:declared:db.UserApiKeyCompanyAccess:api_key	db.UserApiKeyCompanyAccess	db.UserApiKey	foreign_key	declared
edge:declared:db.UserApiKeyCompanyAccess:selected_companies	db.UserApiKeyCompanyAccess	db.Company	foreign_key	declared
edge:declared:db.UserApiKeyCompanyRelation:company	db.UserApiKeyCompanyRelation	db.Company	foreign_key	declared
edge:declared:db.UserApiKeyCompanyRelation:company_access	db.UserApiKeyCompanyRelation	db.UserApiKeyCompanyAccess	foreign_key	declared
edge:declared:db.UserApiKeyRevocation:api_key	db.UserApiKeyRevocation	db.UserApiKey	foreign_key	declared
edge:declared:db.UserInvitation:company	db.UserInvitation	db.Company	foreign_key	declared
edge:declared:db.UserInvitation:company_user_relation	db.UserInvitation	db.CompanyUserRelation	foreign_key	declared
edge:declared:db.UserInvitationInvitee:invitation	db.UserInvitationInvitee	db.UserInvitation	foreign_key	declared
edge:declared:db.UserInvitationInvitee:stakeholder	db.UserInvitationInvitee	db.Stakeholder	foreign_key	declared
edge:declared:db.UserInvitationOwnerRoleRelation:owner_role	db.UserInvitationOwnerRoleRelation	db.OwnerRole	foreign_key	declared
edge:declared:db.UserInvitationOwnerRoleRelation:user_invitation	db.UserInvitationOwnerRoleRelation	db.UserInvitation	foreign_key	declared
edge:declared:db.UserProfileImageMapping:profile_image	db.UserProfileImageMapping	db.UserProfileImage	foreign_key	declared
edge:declared:db.UserSealCardRelation:seal_card	db.UserSealCardRelation	db.SealCard	foreign_key	declared
edge:declared:db.ValuationHistory:company	db.ValuationHistory	db.Company	foreign_key	declared
edge:declared:db.ValuationServiceRequest:company	db.ValuationServiceRequest	db.Company	foreign_key	declared
edge:declared:db.ValuationServiceRequest:company_question_thread	db.ValuationServiceRequest	db.CompanyQuestionThread	foreign_key	declared
edge:declared:db.VcIrRecommendationRequest:venture_capital	db.VcIrRecommendationRequest	db.VentureCapital	foreign_key	declared
edge:declared:db.VcIrRecommendationRequestResult:investor_relations	db.VcIrRecommendationRequestResult	db.InvestorRelations	foreign_key	declared
edge:declared:db.VcIrRecommendationRequestResult:request	db.VcIrRecommendationRequestResult	db.VcIrRecommendationRequest	foreign_key	declared
edge:declared:db.VcLpReport:venture_capital	db.VcLpReport	db.VentureCapital	foreign_key	declared
edge:declared:db.VcLpReportRequest:alimtalk_activity	db.VcLpReportRequest	db.AlimtalkActivity	foreign_key	declared
edge:declared:db.VcLpReportRequest:vc_lp_report	db.VcLpReportRequest	db.VcLpReport	foreign_key	declared
edge:declared:db.VcLpReportRequestRecipient:alimtalk_activity_recipient	db.VcLpReportRequestRecipient	db.AlimtalkActivityRecipient	foreign_key	declared
edge:declared:db.VcLpReportRequestRecipient:fund_partner	db.VcLpReportRequestRecipient	db.FundPartner	foreign_key	declared
edge:declared:db.VcLpReportRequestRecipient:vc_lp_report_request	db.VcLpReportRequestRecipient	db.VcLpReportRequest	foreign_key	declared
edge:declared:db.VcNameAlias:venture_capital	db.VcNameAlias	db.VentureCapital	foreign_key	declared
edge:declared:db.VcSearchLog:company	db.VcSearchLog	db.Company	foreign_key	declared
edge:declared:db.VcSearchLog:investor_relations	db.VcSearchLog	db.InvestorRelations	foreign_key	declared
edge:declared:db.VcSearchLog:venture_capital	db.VcSearchLog	db.VentureCapital	foreign_key	declared
edge:declared:db.VcUserRole:venture_capital	db.VcUserRole	db.VentureCapital	foreign_key	declared
edge:declared:db.VentureBusinessCertification:attachment	db.VentureBusinessCertification	db.FileAttachment	foreign_key	declared
edge:declared:db.VentureBusinessCertification:company	db.VentureBusinessCertification	db.Company	foreign_key	declared
edge:declared:db.VentureBusinessCertificationExpirationNotificationLog:venture_business_certification	db.VentureBusinessCertificationExpirationNotificationLog	db.VentureBusinessCertification	foreign_key	declared
edge:declared:db.VentureCapitalEmailTemplates:venture_capital	db.VentureCapitalEmailTemplates	db.VentureCapital	foreign_key	declared
edge:declared:db.VentureCapitalPaymentLink:venture_capital	db.VentureCapitalPaymentLink	db.VentureCapital	foreign_key	declared
edge:declared:db.VentureCapitalQuarterlyReport:content_template	db.VentureCapitalQuarterlyReport	db.VentureCapitalQuarterlyReportContentTemplate	foreign_key	declared
edge:declared:db.VentureCapitalQuarterlyReport:venture_capital	db.VentureCapitalQuarterlyReport	db.VentureCapital	foreign_key	declared
edge:declared:db.VentureCapitalQuarterlyReportContentTemplate:venture_capital	db.VentureCapitalQuarterlyReportContentTemplate	db.VentureCapital	foreign_key	declared
edge:declared:db.VentureCapitalQuarterlyReportItem:quarterly_report	db.VentureCapitalQuarterlyReportItem	db.VentureCapitalQuarterlyReport	foreign_key	declared
edge:declared:db.VentureCapitalQuarterlyReportItemReply:file_attachment	db.VentureCapitalQuarterlyReportItemReply	db.FileAttachment	foreign_key	declared
edge:declared:db.VentureCapitalQuarterlyReportItemReply:item	db.VentureCapitalQuarterlyReportItemReply	db.VentureCapitalQuarterlyReportItem	foreign_key	declared
edge:declared:db.VentureCapitalQuarterlyReportItemReply:reply	db.VentureCapitalQuarterlyReportItemReply	db.VentureCapitalQuarterlyReportReply	foreign_key	declared
edge:declared:db.VentureCapitalQuarterlyReportReply:_deprecated_captable	db.VentureCapitalQuarterlyReportReply	db.FileAttachment	foreign_key	declared
edge:declared:db.VentureCapitalQuarterlyReportReply:company_create_request	db.VentureCapitalQuarterlyReportReply	db.CompanyCreateRequest	foreign_key	declared
edge:declared:db.VentureCapitalQuarterlyReportReply:portfolio_company	db.VentureCapitalQuarterlyReportReply	db.PortfolioCompany	foreign_key	declared
edge:declared:db.VentureCapitalQuarterlyReportReply:quarterly_report	db.VentureCapitalQuarterlyReportReply	db.VentureCapitalQuarterlyReport	foreign_key	declared
edge:declared:db.VentureCapitalSubscription:subscription_plan	db.VentureCapitalSubscription	db.VentureCapitalSubscriptionPlan	foreign_key	declared
edge:declared:db.VentureCapitalSubscription:venture_capital	db.VentureCapitalSubscription	db.VentureCapital	foreign_key	declared
edge:declared:db.VentureCapitalSubscriptionPlanPermission:subscription_plan	db.VentureCapitalSubscriptionPlanPermission	db.VentureCapitalSubscriptionPlan	foreign_key	declared
edge:declared:db.VentureCapitalSubscriptionPlanPrice:subscription_plan	db.VentureCapitalSubscriptionPlanPrice	db.VentureCapitalSubscriptionPlan	foreign_key	declared
edge:declared:db.VentureCapitalUserRelation:roles	db.VentureCapitalUserRelation	db.VcUserRole	foreign_key	declared
edge:declared:db.VentureCapitalUserRelation:venture_capital	db.VentureCapitalUserRelation	db.VentureCapital	foreign_key	declared
edge:declared:db.VentureComplex:address	db.VentureComplex	db.Address	foreign_key	declared
edge:declared:db.VideoCollection:video_contents	db.VideoCollection	db.VideoContent	foreign_key	declared
edge:declared:db.VideoCollectionFeedback:company	db.VideoCollectionFeedback	db.Company	foreign_key	declared
edge:declared:db.VideoCollectionFeedback:video_collection	db.VideoCollectionFeedback	db.VideoCollection	foreign_key	declared
edge:declared:db.VideoCollectionPermission:company	db.VideoCollectionPermission	db.Company	foreign_key	declared
edge:declared:db.VideoCollectionPermission:video_collection	db.VideoCollectionPermission	db.VideoCollection	foreign_key	declared
edge:declared:db.VideoContentHistory:company	db.VideoContentHistory	db.Company	foreign_key	declared
edge:declared:db.VideoContentHistory:video_collection	db.VideoContentHistory	db.VideoCollection	foreign_key	declared
edge:declared:db.VideoContentHistory:video_content	db.VideoContentHistory	db.VideoContent	foreign_key	declared
edge:declared:db.VideoContentSpeecher:video_content	db.VideoContentSpeecher	db.VideoContent	foreign_key	declared
edge:declared:db.WhitepaperPreviewFile:whitepaper	db.WhitepaperPreviewFile	db.Whitepaper	foreign_key	declared
edge:declared:db.WhitepaperWatermarkFile:whitepaper	db.WhitepaperWatermarkFile	db.Whitepaper	foreign_key	declared
edge:declared:db.WhtBook:employee	db.WhtBook	db.Employee	foreign_key	declared
edge:declared:db.WhtBook:wht_book_without_date	db.WhtBook	db.WhtBookWithoutDate	foreign_key	declared
edge:declared:db.WhtBookWithoutDate:employee	db.WhtBookWithoutDate	db.Employee	foreign_key	declared
edge:declared:db.WhtCertificate:employee	db.WhtCertificate	db.Employee	foreign_key	declared
edge:declared:db.WhtReceipt:employee	db.WhtReceipt	db.Employee	foreign_key	declared
edge:declared:db.WrittenStatementDocument:meeting_document	db.WrittenStatementDocument	db.MeetingDocument	foreign_key	declared
edge:declared:db.YearEndTaxSettlement:payroll	db.YearEndTaxSettlement	db.Payroll	foreign_key	declared
edge:declared:db.YearEndTaxSettlementConfirmationSchedule:year_end_tax_settlement	db.YearEndTaxSettlementConfirmationSchedule	db.YearEndTaxSettlement	foreign_key	declared
edge:declared:db.YetsAssistance:employee	db.YetsAssistance	db.YetsEmployee	foreign_key	declared
edge:declared:db.YetsAssistanceCreatorYetsEmployee:yets_employee	db.YetsAssistanceCreatorYetsEmployee	db.YetsEmployee	foreign_key	declared
edge:declared:db.YetsAssistanceMessage:assistance	db.YetsAssistanceMessage	db.YetsAssistance	foreign_key	declared
edge:declared:db.YetsAssistanceMessage:creator	db.YetsAssistanceMessage	db.YetsAssistanceCreator	foreign_key	declared
edge:declared:db.YetsAssistanceMessageFile:message	db.YetsAssistanceMessageFile	db.YetsAssistanceMessage	foreign_key	declared
edge:declared:db.YetsAssistanceStaffAccessLog:assistance	db.YetsAssistanceStaffAccessLog	db.YetsAssistance	foreign_key	declared
edge:declared:db.YetsAssistanceStaffFavoriteRelation:assistance	db.YetsAssistanceStaffFavoriteRelation	db.YetsAssistance	foreign_key	declared
edge:declared:db.YetsEmail:year_end_tax_settlement	db.YetsEmail	db.YearEndTaxSettlement	foreign_key	declared
edge:declared:db.YetsEmailAuthentication:yets_employee	db.YetsEmailAuthentication	db.YetsEmployee	foreign_key	declared
edge:declared:db.YetsEmployee:employee	db.YetsEmployee	db.Employee	foreign_key	declared
edge:declared:db.YetsEmployee:year_end_tax_settlement	db.YetsEmployee	db.YearEndTaxSettlement	foreign_key	declared
edge:declared:db.YetsEmployeeFile:employee	db.YetsEmployeeFile	db.YetsEmployee	foreign_key	declared
edge:declared:db.YetsEmployeeResult:yets_employee	db.YetsEmployeeResult	db.YetsEmployee	foreign_key	declared
edge:declared:db.YetsEmployeeResultAssistanceMessageRelation:assistance_message	db.YetsEmployeeResultAssistanceMessageRelation	db.YetsAssistanceMessage	foreign_key	declared
edge:declared:db.YetsEmployeeResultAssistanceMessageRelation:result	db.YetsEmployeeResultAssistanceMessageRelation	db.YetsEmployeeResult	foreign_key	declared
edge:declared:db.YetsEmployeeResultStatusLog:result	db.YetsEmployeeResultStatusLog	db.YetsEmployeeResult	foreign_key	declared
edge:declared:db.YetsEmployeeResultWhtReceipt:result	db.YetsEmployeeResultWhtReceipt	db.YetsEmployeeResult	foreign_key	declared
edge:declared:db.YetsEmployeeSubmissionLog:yets_employee	db.YetsEmployeeSubmissionLog	db.YetsEmployee	foreign_key	declared
edge:declared:db.YetsEmployeeUploadForm:yets_employee	db.YetsEmployeeUploadForm	db.YetsEmployee	foreign_key	declared
edge:declared:db.YetsEmployeeUploadFormStatusLog:yets_employee_upload_form	db.YetsEmployeeUploadFormStatusLog	db.YetsEmployeeUploadForm	foreign_key	declared
edge:declared:db.ZuzuTaxPhoneToken:phone	db.ZuzuTaxPhoneToken	db.Phone	foreign_key	declared
edge:declared:document_ai.DocumentAiProcessResult:request	document_ai.DocumentAiProcessResult	document_ai.DocumentAiProcessRequest	foreign_key	declared
edge:declared:fi_sta.FiStaCompanyCeo:fi_sta_company	fi_sta.FiStaCompanyCeo	fi_sta.FiStaCompany	foreign_key	declared
edge:declared:fi_sta.FiStaCompanySearchResult:fi_sta_company	fi_sta.FiStaCompanySearchResult	fi_sta.FiStaCompany	foreign_key	declared
edge:declared:fi_sta.FiStaContractDocument:participant	fi_sta.FiStaContractDocument	fi_sta.FiStaParticipant	foreign_key	declared
edge:declared:fi_sta.FiStaContractDocument:stock_transfer_agreement_document	fi_sta.FiStaContractDocument	fi_sta.FiStaStockTransferAgreementDocument	foreign_key	declared
edge:declared:fi_sta.FiStaContractDocument:stock_transfer_notice_poa_document	fi_sta.FiStaContractDocument	fi_sta.FiStaStockTransferNoticePoaDocument	foreign_key	declared
edge:declared:fi_sta.FiStaContractDocument:stock_unissued_confirmation_poa_document	fi_sta.FiStaContractDocument	fi_sta.FiStaStockUnissuedConfirmationPoaDocument	foreign_key	declared
edge:declared:fi_sta.FiStaManagement:fi_sta_company	fi_sta.FiStaManagement	fi_sta.FiStaCompany	foreign_key	declared
edge:declared:fi_sta.FiStaParticipant:fi_sta_user	fi_sta.FiStaParticipant	fi_sta.FiStaUser	foreign_key	declared
edge:declared:fi_sta.FiStaStockTransferAgreementDocument:starter	fi_sta.FiStaStockTransferAgreementDocument	fi_sta.FiStaParticipant	foreign_key	declared
edge:declared:fi_sta.FiStaStockTransferNoticePoaDocument:signer	fi_sta.FiStaStockTransferNoticePoaDocument	fi_sta.FiStaParticipant	foreign_key	declared
edge:declared:fi_sta.FiStaStockUnissuedConfirmationPoaDocument:signer	fi_sta.FiStaStockUnissuedConfirmationPoaDocument	fi_sta.FiStaParticipant	foreign_key	declared
edge:declared:fi_sta.FiStaTransferStock:stock_transfer_agreement_document	fi_sta.FiStaTransferStock	fi_sta.FiStaStockTransferAgreementDocument	foreign_key	declared
edge:declared:fi_sta.FiStaUser:fi_sta_management	fi_sta.FiStaUser	fi_sta.FiStaManagement	foreign_key	declared
edge:declared:vcm.VcmAlimtalkActivityRecipient:alimtalk_activity	vcm.VcmAlimtalkActivityRecipient	vcm.VcmAlimtalkActivity	foreign_key	declared
edge:declared:vcm.VcmAlimtalkActivityRecipientStatusHistory:recipient	vcm.VcmAlimtalkActivityRecipientStatusHistory	vcm.VcmAlimtalkActivityRecipient	foreign_key	declared
edge:declared:vcm.VcmCompanyBusinessRegistrationCertificate:company	vcm.VcmCompanyBusinessRegistrationCertificate	vcm.VcmCompany	foreign_key	declared
edge:declared:vcm.VcmCompanyUserInvitation:company	vcm.VcmCompanyUserInvitation	vcm.VcmCompany	foreign_key	declared
edge:declared:vcm.VcmCompanyUserInvitation:user_roles	vcm.VcmCompanyUserInvitation	vcm.VcmCompanyUserRole	foreign_key	declared
edge:declared:vcm.VcmCompanyUserInvitationInvitee:invitation	vcm.VcmCompanyUserInvitationInvitee	vcm.VcmCompanyUserInvitation	foreign_key	declared
edge:declared:vcm.VcmCompanyUserRelation:company	vcm.VcmCompanyUserRelation	vcm.VcmCompany	foreign_key	declared
edge:declared:vcm.VcmCompanyUserRelation:roles	vcm.VcmCompanyUserRelation	vcm.VcmCompanyUserRole	foreign_key	declared
edge:declared:vcm.VcmCompanyUserRelation:user	vcm.VcmCompanyUserRelation	vcm.VcmUser	foreign_key	declared
edge:declared:vcm.VcmCompanyUserRole:company	vcm.VcmCompanyUserRole	vcm.VcmCompany	foreign_key	declared
edge:declared:vcm.VcmDocRequestEmailTemplate:investor	vcm.VcmDocRequestEmailTemplate	vcm.VcmInvestor	foreign_key	declared
edge:declared:vcm.VcmEmailActivityRecipient:email_activity	vcm.VcmEmailActivityRecipient	vcm.VcmEmailActivity	foreign_key	declared
edge:declared:vcm.VcmEmailActivityRecipientStatusHistory:recipient	vcm.VcmEmailActivityRecipientStatusHistory	vcm.VcmEmailActivityRecipient	foreign_key	declared
edge:declared:vcm.VcmFund:gp	vcm.VcmFund	vcm.VcmInvestorGp	foreign_key	declared
edge:declared:vcm.VcmFundContact:fund	vcm.VcmFundContact	vcm.VcmFund	foreign_key	declared
edge:declared:vcm.VcmFundDocRequest:requester	vcm.VcmFundDocRequest	vcm.VcmInvestorLp	foreign_key	declared
edge:declared:vcm.VcmFundDocRequestAttachment:request	vcm.VcmFundDocRequestAttachment	vcm.VcmFundDocRequest	foreign_key	declared
edge:declared:vcm.VcmFundDocRequestEmail:receiver	vcm.VcmFundDocRequestEmail	vcm.VcmFundDocRequestReceiver	foreign_key	declared
edge:declared:vcm.VcmFundDocRequestItem:request	vcm.VcmFundDocRequestItem	vcm.VcmFundDocRequest	foreign_key	declared
edge:declared:vcm.VcmFundDocRequestItemSubmission:item	vcm.VcmFundDocRequestItemSubmission	vcm.VcmFundDocRequestItem	foreign_key	declared
edge:declared:vcm.VcmFundDocRequestItemSubmission:receiver	vcm.VcmFundDocRequestItemSubmission	vcm.VcmFundDocRequestReceiver	foreign_key	declared
edge:declared:vcm.VcmFundDocRequestReceiver:fund	vcm.VcmFundDocRequestReceiver	vcm.VcmFund	foreign_key	declared
edge:declared:vcm.VcmFundDocRequestReceiver:request	vcm.VcmFundDocRequestReceiver	vcm.VcmFundDocRequest	foreign_key	declared
edge:declared:vcm.VcmFundDocRequestSettings:request	vcm.VcmFundDocRequestSettings	vcm.VcmFundDocRequest	foreign_key	declared
edge:declared:vcm.VcmFundInvestmentCondition:fund	vcm.VcmFundInvestmentCondition	vcm.VcmFund	foreign_key	declared
edge:declared:vcm.VcmFundInvitation:lp	vcm.VcmFundInvitation	vcm.VcmInvestorLp	foreign_key	declared
edge:declared:vcm.VcmFundInvitation:partner	vcm.VcmFundInvitation	vcm.VcmFundPartner	foreign_key	declared
edge:declared:vcm.VcmFundPartner:connected_lp	vcm.VcmFundPartner	vcm.VcmInvestorLp	foreign_key	declared
edge:declared:vcm.VcmFundPartner:fund	vcm.VcmFundPartner	vcm.VcmFund	foreign_key	declared
edge:declared:vcm.VcmFundPartnerInvestment:partner	vcm.VcmFundPartnerInvestment	vcm.VcmFundPartner	foreign_key	declared
edge:declared:vcm.VcmFundPfcExit:fund	vcm.VcmFundPfcExit	vcm.VcmFund	foreign_key	declared
edge:declared:vcm.VcmFundPfcExit:pfc	vcm.VcmFundPfcExit	vcm.VcmPfc	foreign_key	declared
edge:declared:vcm.VcmFundPfcInvestment:fund	vcm.VcmFundPfcInvestment	vcm.VcmFund	foreign_key	declared
edge:declared:vcm.VcmFundPfcInvestment:pfc	vcm.VcmFundPfcInvestment	vcm.VcmPfc	foreign_key	declared
edge:declared:vcm.VcmFundProposal:gp	vcm.VcmFundProposal	vcm.VcmInvestorGp	foreign_key	declared
edge:declared:vcm.VcmFundProposal:key_persons	vcm.VcmFundProposal	vcm.VcmInvestorGpKeyPerson	foreign_key	declared
edge:declared:vcm.VcmFundProposal:track_records	vcm.VcmFundProposal	vcm.VcmInvestorGpTrackRecord	foreign_key	declared
edge:declared:vcm.VcmFundProposalAnchor:proposal	vcm.VcmFundProposalAnchor	vcm.VcmFundProposal	foreign_key	declared
edge:declared:vcm.VcmFundProposalAttachment:proposal	vcm.VcmFundProposalAttachment	vcm.VcmFundProposal	foreign_key	declared
edge:declared:vcm.VcmFundProposalClosing:closed_by	vcm.VcmFundProposalClosing	vcm.VcmUser	foreign_key	declared
edge:declared:vcm.VcmFundProposalClosing:proposal	vcm.VcmFundProposalClosing	vcm.VcmFundProposal	foreign_key	declared
edge:declared:vcm.VcmFundProposalContact:proposal	vcm.VcmFundProposalContact	vcm.VcmFundProposal	foreign_key	declared
edge:declared:vcm.VcmInvestor:register_request	vcm.VcmInvestor	vcm.VcmInvestorRegisterRequest	foreign_key	declared
edge:declared:vcm.VcmInvestorGp:investor	vcm.VcmInvestorGp	vcm.VcmInvestor	foreign_key	declared
edge:declared:vcm.VcmInvestorGpKeyPerson:gp	vcm.VcmInvestorGpKeyPerson	vcm.VcmInvestorGp	foreign_key	declared
edge:declared:vcm.VcmInvestorGpTrackRecord:gp	vcm.VcmInvestorGpTrackRecord	vcm.VcmInvestorGp	foreign_key	declared
edge:declared:vcm.VcmInvestorLp:investor	vcm.VcmInvestorLp	vcm.VcmInvestor	foreign_key	declared
edge:declared:vcm.VcmInvestorRegisterRequest:requestor	vcm.VcmInvestorRegisterRequest	vcm.VcmUser	foreign_key	declared
edge:declared:vcm.VcmInvestorRegisterRequestApproval:request	vcm.VcmInvestorRegisterRequestApproval	vcm.VcmInvestorRegisterRequest	foreign_key	declared
edge:declared:vcm.VcmInvestorRegisterRequestAttachment:request	vcm.VcmInvestorRegisterRequestAttachment	vcm.VcmInvestorRegisterRequest	foreign_key	declared
edge:declared:vcm.VcmInvestorUserInvitation:investor	vcm.VcmInvestorUserInvitation	vcm.VcmInvestor	foreign_key	declared
edge:declared:vcm.VcmInvestorUserInvitation:user_roles	vcm.VcmInvestorUserInvitation	vcm.VcmInvestorUserRole	foreign_key	declared
edge:declared:vcm.VcmInvestorUserInvitationInvitee:invitation	vcm.VcmInvestorUserInvitationInvitee	vcm.VcmInvestorUserInvitation	foreign_key	declared
edge:declared:vcm.VcmInvestorUserRelation:investor	vcm.VcmInvestorUserRelation	vcm.VcmInvestor	foreign_key	declared
edge:declared:vcm.VcmInvestorUserRelation:roles	vcm.VcmInvestorUserRelation	vcm.VcmInvestorUserRole	foreign_key	declared
edge:declared:vcm.VcmInvestorUserRelation:user	vcm.VcmInvestorUserRelation	vcm.VcmUser	foreign_key	declared
edge:declared:vcm.VcmInvestorUserRole:investor	vcm.VcmInvestorUserRole	vcm.VcmInvestor	foreign_key	declared
edge:declared:vcm.VcmPfc:connected_company	vcm.VcmPfc	vcm.VcmCompany	foreign_key	declared
edge:declared:vcm.VcmPfc:investor	vcm.VcmPfc	vcm.VcmInvestor	foreign_key	declared
edge:declared:vcm.VcmPfcBusinessStatus:pfc	vcm.VcmPfcBusinessStatus	vcm.VcmPfc	foreign_key	declared
edge:declared:vcm.VcmPfcDocRequest:requester	vcm.VcmPfcDocRequest	vcm.VcmInvestor	foreign_key	declared
edge:declared:vcm.VcmPfcDocRequestAttachment:request	vcm.VcmPfcDocRequestAttachment	vcm.VcmPfcDocRequest	foreign_key	declared
edge:declared:vcm.VcmPfcDocRequestEmail:receiver	vcm.VcmPfcDocRequestEmail	vcm.VcmPfcDocRequestReceiver	foreign_key	declared
edge:declared:vcm.VcmPfcDocRequestItem:request	vcm.VcmPfcDocRequestItem	vcm.VcmPfcDocRequest	foreign_key	declared
edge:declared:vcm.VcmPfcDocRequestItemSubmission:item	vcm.VcmPfcDocRequestItemSubmission	vcm.VcmPfcDocRequestItem	foreign_key	declared
edge:declared:vcm.VcmPfcDocRequestItemSubmission:receiver	vcm.VcmPfcDocRequestItemSubmission	vcm.VcmPfcDocRequestReceiver	foreign_key	declared
edge:declared:vcm.VcmPfcDocRequestReceiver:pfc	vcm.VcmPfcDocRequestReceiver	vcm.VcmPfc	foreign_key	declared
edge:declared:vcm.VcmPfcDocRequestReceiver:request	vcm.VcmPfcDocRequestReceiver	vcm.VcmPfcDocRequest	foreign_key	declared
edge:declared:vcm.VcmPfcDocRequestSettings:request	vcm.VcmPfcDocRequestSettings	vcm.VcmPfcDocRequest	foreign_key	declared
edge:declared:vcm.VcmPfcFinancialStatement:pfc	vcm.VcmPfcFinancialStatement	vcm.VcmPfc	foreign_key	declared
edge:declared:vcm.VcmPfcInvitation:pfc	vcm.VcmPfcInvitation	vcm.VcmPfc	foreign_key	declared
edge:declared:vcm.VcmPfcInvitationInvitee:invitation	vcm.VcmPfcInvitationInvitee	vcm.VcmPfcInvitation	foreign_key	declared
edge:declared:vcm.VcmPfcShareholderRegister:pfc	vcm.VcmPfcShareholderRegister	vcm.VcmPfc	foreign_key	declared
edge:declared:vcm.VcmPfcValuation:pfc	vcm.VcmPfcValuation	vcm.VcmPfc	foreign_key	declared
edge:declared:vcm.VcmProjectFundProposalInvestmentTarget:proposal	vcm.VcmProjectFundProposalInvestmentTarget	vcm.VcmProjectFundProposal	foreign_key	declared
edge:declared:vcm.VcmSession:user	vcm.VcmSession	vcm.VcmUser	foreign_key	declared
edge:declared:vcm.VcmUserMarketingStatus:user	vcm.VcmUserMarketingStatus	vcm.VcmUser	foreign_key	declared
edge:declared:vertex_ai.VertexAiPredictionResult:request	vertex_ai.VertexAiPredictionResult	vertex_ai.VertexAiPredictionRequest	foreign_key	declared
