edge:declared:db.AgendaBonusIssue:certificate_of_payment_for_the_share_file	17924.69,19782.89 20162.54,18236.9
edge:declared:db.AgendaBonusIssue:meeting_draft	17744.08,19928.89 17219.49,20529.24
edge:declared:db.AgendaBonusIssueNewIssueBalanceCertificateFile:agenda_bonus_issue	19101.44,18401.25 17881.51,19782.89
edge:declared:db.AgendaBonusIssueNewIssueMinutesFile:agenda_bonus_issue	18585.62,17023.77 17833.82,19782.89
edge:declared:db.AgendaBonusIssueSharesToIssue:agenda_bonus_issue	16949.33,18531.2 17762.05,19782.89
edge:declared:db.AgendaBonusIssueSharesToIssue:share_class	16852.05,18457.2 16102.37,18150.84
edge:declared:db.AgendaBorrowCapital:meeting_draft	17407.01,20756.37 17241.25,20736.91
edge:declared:db.AgendaBranchChange:address	18410.24,20092.28 23069.68,18684.58
edge:declared:db.AgendaBranchChange:installation_event	18297.94,20078.46 18786.87,17900.48
edge:declared:db.AgendaBranchChange:meeting_draft	18177.51,20176.46 17241.25,20602.14
edge:declared:db.AgendaCashDividends:meeting_draft	16530.02,20618.64 16921.25,20677.41
edge:declared:db.AgendaCeoAddressChange:meeting_draft	14034.65,22142.3 16921.25,20754.47
edge:declared:db.AgendaCeoAddressChangeItem:agenda_ceo_address_change	12644.81,22124.41 13828.89,22180.89
edge:declared:db.AgendaCeoAddressChangeItem:stakeholder	12509.24,22084.94 11859.98,19282.45
edge:declared:db.AgendaChangeOfAoiClassStock:aoi	19114.43,20340.51 18952,20627.93
edge:declared:db.AgendaChangeOfAoiCustom:aoi	19545.8,20324.15 19031.82,20627.93
edge:declared:db.AgendaChangeOfAoiCustom:changed_part	19620.11,20242.15 20277.93,18328.96
edge:declared:db.AgendaChangeOfAoiDirectorCompensationRule:aoi	19574.74,20759.91 19119.86,20722.72
edge:declared:db.AgendaChangeOfAoiNumberOfDirectors:aoi	19524.99,20629.95 19119.86,20677.11
edge:declared:db.AgendaChangeOfAoiThirdPartyAllocation:aoi	19095.45,20884.19 18955.02,20757.93
edge:declared:db.AgendaChangeOfArticlesOfIncorporation:_deprecated_changed_part	18969.82,20627.93 20240.84,18328.96
edge:declared:db.AgendaChangeOfArticlesOfIncorporation:meeting_draft	18752.86,20687.12 17241.25,20679.31
edge:declared:db.AgendaCoCeoSystemChange:meeting_draft	14251.92,22733.95 16921.25,20795.26
edge:declared:db.AgendaCompanyNameChange:meeting_draft	18215.62,22394.03 17178.75,20819.24
edge:declared:db.AgendaCustom:meeting_draft	14562.93,22733.95 16921.25,20810.29
edge:declared:db.AgendaDirectorChange:stakeholder	14526.32,22427.17 11953.72,19282.45
edge:declared:db.AgendaDirectorCompensationItem:director_compensation	15736.58,22047.47 16022.91,21753.39
edge:declared:db.AgendaDirectorCompensationItem:stakeholder	15620.07,22047.47 11989.61,19266.51
edge:declared:db.AgendaDirectorCompensationRule:meeting_draft	18567.25,22394.03 17205.69,20819.24
edge:declared:db.AgendaFinancialStatements:audit_report	18194.87,19806.89 20162.54,18254.78
edge:declared:db.AgendaFinancialStatements:meeting_draft	18064.45,19904.89 17241.25,20554.06
edge:declared:db.AgendaHeadOfficeRelocation:address	18574.53,21888.79 23069.68,18753.57
edge:declared:db.AgendaHeadOfficeRelocation:meeting_draft	18440.51,21888.79 17241.25,20811.94
edge:declared:db.AgendaHeadOfficeRelocationAoiChange:meeting_draft	18217.03,22510.03 17173.22,20819.24
edge:declared:db.AgendaMethodOfGivingPublicNoticeChange:daily_newspaper	17243.8,19992.13 17617.56,14700.24
edge:declared:db.AgendaMethodOfGivingPublicNoticeChange:meeting_draft	17225.88,20074.13 17134.36,20529.24
edge:declared:db.AgendaNewIssue:financial_statements	16867.18,22663.42 20181.81,18328.96
edge:declared:db.AgendaNewIssue:meeting_draft	16811.46,22663.42 17062.21,20819.24
edge:declared:db.AgendaNewIssueItem:new_issue	18915.15,26442.61 16850.47,22833.42
edge:declared:db.AgendaNewIssueItemFromConversion:new_issue_item	19383.28,26929.39 19005.83,26572.61
edge:declared:db.AgendaNewIssueItemFromPayment:new_issue_item	18875.27,26672.88 18938.39,26572.61
edge:declared:db.AgendaNewIssueItemInstitutionMember:institution	20942.01,27146.93 19714.93,25947.97
edge:declared:db.AgendaNewIssueItemInstitutionMemberCeo:member	19971.3,26671.76 20907.02,27146.93
edge:declared:db.AgendaNewIssueItemShareClass:item	18964.88,26113.41 18958.82,26442.61
edge:declared:db.AgendaNewIssueItemShareholder:item	19619.42,25947.97 19054.78,26442.61
edge:declared:db.AgendaNewIssueNewShareClass:new_issue	17120,22820.21 16936.3,22800.9
edge:declared:db.AgendaNewOptionsRule:meeting_draft	18569.05,22510.03 17198.63,20819.24
edge:declared:db.AgendaNewOrChangeRsuRule:meeting_draft	18218.33,22630.03 17168.13,20819.24
edge:declared:db.AgendaOptionCancel:meeting_draft	15903.49,21038.16 16921.25,20730.6
edge:declared:db.AgendaOptionCancelGrantee:option_cancel	15475.47,21085 15655.49,21079.15
edge:declared:db.AgendaOptionCancelGrantee:option_grantee	15342.13,21041.27 14994.59,19043.87
edge:declared:db.AgendaOptionCancelOption:_deprecated_grantee	15370.25,21181.5 15354.48,21123.27
edge:declared:db.AgendaOptionCancelOption:option_cancel	15468.34,21181.5 15668.24,21130.84
edge:declared:db.AgendaOptionCancelOptionDistribution:option	15476.97,21374.28 15402.74,21263.5
edge:declared:db.AgendaOptionExercise:meeting_draft	14042.9,22266.3 16921.25,20761.35
edge:declared:db.AgendaOptionExerciseClaim:option_exercise	14038.91,21794.63 13970.74,22266.3
edge:declared:db.AgendaOptionExerciseClaim:option_exercise_claim	14041.59,21712.63 12891.09,17417.7
edge:declared:db.AgendaOptionExerciseGrantee:option_exercise	14936.04,21821.41 14042.97,22266.3
edge:declared:db.AgendaOptionExerciseGrantee:option_grantee	15017.37,21731.41 14986.17,19043.87
edge:declared:db.AgendaOptionExerciseGranteeOption:grantee	14901.28,21925.13 14988.46,21821.41
edge:declared:db.AgendaOptionGrant:meeting_draft	16715.33,20262.89 16967.92,20529.24
edge:declared:db.AgendaOptionGrantGrantee:_deprecated_option_grant_event	15809.95,18906.01 15900.51,18516.44
edge:declared:db.AgendaOptionGrantGrantee:option_grant	15839.63,19004.01 16656.91,20172.89
edge:declared:db.AgendaOptionGrantGrantee:option_grantee	15690.32,18959.55 15114.39,18982.11
edge:declared:db.AgendaOptionGrantGrantee:stakeholder	15690.32,18960.24 11989.61,19118.45
edge:declared:db.AgendaPurposeChange:meeting_draft	18567.65,22626.03 17192.13,20819.24
edge:declared:db.AgendaPurposeChangeItem:agenda_purpose_change	17951.23,25369.03 18587.38,22708.03
edge:declared:db.AgendaRsuGrant:meeting_draft	14253.89,22857.95 16921.25,20802.4
edge:declared:db.AgendaRsuGrantGrantee:rsu	15304.81,14001.19 15555.38,13914.29
edge:declared:db.AgendaRsuGrantGrantee:rsu_grant	15176.11,14064.16 14202.87,22857.95
edge:declared:db.AgendaRsuGrantGrantee:stakeholder	15153.83,14064.16 11926.91,18968.45
edge:declared:db.AgendaSubsidiaryEstablishment:meeting_draft	14560.24,22861.95 16921.25,20818.32
edge:declared:db.AgendaTemplate:company	23055.11,6482.45 16844.82,10697.91
edge:declared:db.AiPayrollLedger:payroll	6357.24,2209.68 7463.73,1647.87
edge:declared:db.AlimtalkActivityRecipient:activity	32297.01,13092.34 32917.59,12849.95
edge:declared:db.AlimtalkActivityRecipientStatusHistory:recipient	32147.88,13249.54 32176.46,13174.34
edge:declared:db.AllocatedSeat:stakeholder	10568.62,13605.01 11787.92,18968.45
edge:declared:db.Announcement:company_set	20843.25,10487.99 16844.82,10811.51
edge:declared:db.Announcement:subscription_plan_set	20843.25,10450.27 20524.26,10379.05
edge:declared:db.AnnualSalary:employee	11724.28,13865.63 10784.53,13943.24
edge:declared:db.AnnualSalary:ledger	11960.28,13875.8 12785.1,14032.89
edge:declared:db.Article:third_party_provider	20257.32,19606.02 20219.64,19794.48
edge:declared:db.Article:thumbnail_image	20264.03,19524.02 20335.68,18328.96
edge:declared:db.ArticlePublishHistory:article	20367.78,19652.95 20302.83,19606.02
edge:declared:db.ArticlesOfIncorporation:_deprecated_daily_newspaper	17578.84,14387.59 17614.18,14618.24
edge:declared:db.ArticlesOfIncorporation:articles_of_incorporation_file	17612.05,14387.59 20192.87,17894.96
edge:declared:db.ArticlesOfIncorporation:company	17555.22,14273.59 16711.51,11043.88
edge:declared:db.ArticlesOfIncorporation:source_meeting	17572.65,14387.59 17852.53,16942.92
edge:declared:db.ArticlesOfIncorporationAnalyzationRequest:company	14500.15,5308.19 16570.1,10609.88
edge:declared:db.ArticlesOfIncorporationAnalyzationResult:request	12515.37,5389.86 14303.2,5282.18
edge:declared:db.AuditLog:actor_api_key	19604.82,3613.21 18065.44,4784.42
edge:declared:db.AvailableModusignRequest:company	21575.28,20652.4 16763.49,11043.88
edge:declared:db.AvailableModusignRequest:modusign_account	21616.18,20652.4 21718.33,20556.36
edge:declared:db.BalanceCertificateDocument:new_issue_agenda	17992.19,24719.3 16852.87,22833.42
edge:declared:db.BalanceCertificateDocument:option_exercise_agenda	17951.1,24719.3 14032.3,22364.3
edge:declared:db.BaseModusignDocumentUsageHistory:modusign_document	24073.33,12984.11 22937.08,20671.69
edge:declared:db.BaseModusignDocumentUsageHistory:purchase	23922.54,12905.84 22277.81,12477.18
edge:declared:db.BranchAbolitionEvent:installation_event	16576.24,16851.81 18676.07,17802.48
edge:declared:db.BranchChangeEvent:address	19029.14,17555.73 23069.68,18599.49
edge:declared:db.BranchChangeEvent:installation_event	18891.86,17563.39 18814.44,17802.48
edge:declared:db.BranchInstallationEvent:address	18922.57,17874.63 23069.68,18612.14
edge:declared:db.BulkEmail:sender_mail_integration	14637.38,16679.82 14593.44,16890.26
edge:declared:db.BulkEmail:template_revision	14815.49,16573.58 17602.58,15919.73
edge:declared:db.BulkEmailCommonAttachment:bulk_email	19205.73,17710.08 14815.49,16642.61
edge:declared:db.BulkEmailRecipient:bulk_email	19764.13,18493.84 14815.49,16659.33
edge:declared:db.BulkEmailRecipient:email_activity_recipient	19942.17,18599.35 24200.15,23651.23
edge:declared:db.BulkEmailRecipientAttachment:recipient	18986.8,18698.71 19764.13,18564.75
edge:declared:db.BulkEmailTemplateRevision:template	17758.65,15848.35 19267.11,14110.36
edge:declared:db.BusinessPlan:company	15057.53,10225.51 16464.82,10755.35
edge:declared:db.BusinessPlanAiAnalysis:business_plan_ai_review	13455.57,9242.37 14807.91,9973.15
edge:declared:db.BusinessPlanAiAnalysisItem:ai_analysis_feedback	12053.22,8503.85 11727.55,8319.94
edge:declared:db.BusinessPlanAiAnalysisItem:business_plan_ai_analysis	12204.11,8585.85 13316.45,9168.37
edge:declared:db.BusinessPlanAiAnalysisItemImprovement:ai_analysis_feedback	11906.16,8175.35 11745.98,8245.94
edge:declared:db.BusinessPlanAiAnalysisItemImprovement:business_plan_ai_analysis_item	12002.46,8175.35 12112.13,8503.85
edge:declared:db.BusinessPlanAiReview:business_plan	14901.53,10055.15 14943.23,10151.51
edge:declared:db.BusinessPlanAiReview:company	14973.12,10055.15 16464.82,10739.69
edge:declared:db.BusinessRegistrationCertificate:company	23384.8,6482.45 16844.82,10704.23
edge:declared:db.CaptableRequest:captable_file	18188.07,14382.43 20225.19,17894.96
edge:declared:db.CaptableRequest:company	18146.65,14300.43 16746.72,11043.88
edge:declared:db.CashIncentive:category	12589.2,12510.21 14081.07,11897.34
edge:declared:db.CashIncentive:employee	12435.26,12592.21 10775.9,13853.08
edge:declared:db.CashIncentiveCategory:company	14260.06,11823.34 16464.82,10905.94
edge:declared:db.CashIncentiveItem:cash_incentive	12148.68,12594.13 12365.4,12566.83
edge:declared:db.CashPayment:purchase	22337.79,12785.26 22203.69,12546.71
edge:declared:db.CeoAddressChangeEvent:director	15887.44,14974.68 17056.48,15591.2
edge:declared:db.Charge:credit	20318.74,12291.36 20501.57,12453.16
edge:declared:db.Charge:meeting	20250.51,12291.36 17920.22,16942.92
edge:declared:db.CmeBulkEmail:cme	17179.39,15999.08 20021.99,13375.34
edge:declared:db.CmeBulkEmailRecipient:_deprecated_cme_bulk_email	16976.46,16290.86 17110.98,16081.08
edge:declared:db.CmeBulkEmailRecipient:cme_company	16969.75,16290.86 19209.33,12913.12
edge:declared:db.CmeBulkEmailTemplate:cme	20336.72,14500.65 20096.75,13375.34
edge:declared:db.CmeCompany:company	19166.83,12799.12 16844.82,10972.76
edge:declared:db.CmeCompany:company_managing_entity	19336.07,12913.12 19975.28,13245.34
edge:declared:db.CmeCompany:contact_set	19345.28,12913.12 20389.35,13445.23
edge:declared:db.CmeCompanyContact:cme_company	19594.03,12880.05 19371.07,12885.34
edge:declared:db.CmeCompanyContactNotificationSettings:cme_company_contact	19687.04,12802.36 19703.16,12869.57
edge:declared:db.CmeCompanyDirectorTermManagement:cme_company	19597.82,12625.81 19368.08,12799.12
edge:declared:db.CmeCompanyNote:cme_company	19201.67,12551.7 19237,12799.12
edge:declared:db.CmeCompanyRegistration:cme_contact	20337.2,13581.57 20431.05,13535.23
edge:declared:db.CmeCompanyRegistration:company_managing_entity	20267.16,13581.57 20136.06,13375.34
edge:declared:db.CmeCompanyRegistrationFile:cme_company_registration	20428.12,13730.8 20348.68,13663.57
edge:declared:db.CmeContact:company_managing_entity	20370.7,13445.23 20213.62,13368.31
edge:declared:db.CmeMemberRelation:company_managing_entity	20361.43,13104.12 20211.16,13245.34
edge:declared:db.Company:sso_configuration	16464.82,10834.02 16263.84,10841.58
edge:declared:db.CompanyAddressChangeEvent:address	19025.14,17671.26 23069.68,18603.84
edge:declared:db.CompanyAppointedTransferAgentChange:company	23780.93,6482.45 16844.82,10711.05
edge:declared:db.CompanyAuthorizedSharesChange:company	24195.4,6482.45 16844.82,10717.41
edge:declared:db.CompanyBenefit:company	23053.63,6598.45 16844.82,10701.33
edge:declared:db.CompanyBulkEmailTemplate:company	18708.6,14112.75 16790.45,11043.88
edge:declared:db.CompanyCreateAssignmentReadiness:company	23383.24,6598.45 16844.82,10707.48
edge:declared:db.CompanyCreateProgress:company_create_request	22638.72,16006.73 22634.3,16217.85
edge:declared:db.CompanyCreateRequest:address	22524.52,16295.25 23184.8,18515.89
edge:declared:db.CompanyCreateRequest:articles_of_incorporation_attachment	22442.25,16295.25 20542.54,17912.93
edge:declared:db.CompanyCreateRequest:company	22433.42,16165.25 16844.82,11001.13
edge:declared:db.CompanyDepartment:department_code	11701.29,12792.87 11659.87,12610.42
edge:declared:db.CompanyDepartmentCode:organization_chart	11772.75,12523.48 13469.05,12004.47
edge:declared:db.CompanyDocumentAIAnalysis:company	18760.21,15509.64 16752.38,11043.88
edge:declared:db.CompanyDocumentAIAnalysis:file	18803.83,15591.64 20219.2,17894.96
edge:declared:db.CompanyDocumentDelivery:company	18211.19,10995.58 16844.82,10847.47
edge:declared:db.CompanyEndorsement:company	23436.47,3555.74 16844.82,10623.17
edge:declared:db.CompanyEndorsementFeed:company_endorsement	25346.51,2404.31 23533.25,3481.74
edge:declared:db.CompanyExpertClientRelation:company	20912.6,13265.88 16844.82,10935.72
edge:declared:db.CompanyExpertClientRelation:expert_client	21064.86,13339.88 21510.99,13481.41
edge:declared:db.CompanyFeed:company	27147.94,1125.97 16844.82,10651.22
edge:declared:db.CompanyFeedAccessLog:company_feeds	36774.63,576.65 27329.27,1066.54
edge:declared:db.CompanyFeedAccessLog:venture_capital	36883.07,607.53 34299.17,10608.59
edge:declared:db.CompanyFeedRating:company_feed	27826.67,190.08 27242.57,1019.97
edge:declared:db.CompanyGuideState:company	23779.28,6598.45 16844.82,10714.11
edge:declared:db.CompanyInvestmentContractInfo:company	24193.65,6598.45 16844.82,10720.31
edge:declared:db.CompanyInvestorInterest:company	28230.61,5907.61 16844.82,10746.14
edge:declared:db.CompanyInvestorInterest:venture_capital	28362.06,5907.61 34062.21,10660.18
edge:declared:db.CompanyInvitation:invitee	23052.06,6714.45 16844.82,10704.74
edge:declared:db.CompanyIrClosingFeed:investor_relations	27293.32,3361.26 28260.91,4790.03
edge:declared:db.CompanyIrNewCommitFeed:investor_relations	27749.71,3190.72 28303.59,4790.03
edge:declared:db.CompanyIrOpenFeed:investor_relations	27890.33,2556.67 28323.26,4790.03
edge:declared:db.CompanyIrSetting:company	23381.6,6714.45 16844.82,10710.72
edge:declared:db.CompanyLegalPartnerRelation:company	21683.59,13160.84 16844.82,10915.06
edge:declared:db.CompanyLegalPartnerRelation:legal_partner	21770.73,13234.84 21884.65,13803.01
edge:declared:db.CompanyManagementAssignment:company	23777.54,6714.45 16844.82,10717.18
edge:declared:db.CompanyManagingEntity:expert_client	20213.62,13335.6 21503.1,13506.32
edge:declared:db.CompanyManagingEntity:expert_partner	20213.62,13355.14 21755.71,13874.93
edge:declared:db.CompanyManagingEntity:holding_company	20092.99,13245.34 20042.78,13130.75
edge:declared:db.CompanyMethodOfGivingPublicNoticeChange:company	17328.24,13374.16 16712.19,11043.88
edge:declared:db.CompanyMethodOfGivingPublicNoticeChange:daily_newspaper	17346.39,13448.16 17611.18,14618.24
edge:declared:db.CompanyMnaSetting:company	24191.81,6714.45 16844.82,10723.21
edge:declared:db.CompanyNameChange:company	23050.41,6830.45 16844.82,10708.15
edge:declared:db.CompanyNews:company	18363.46,5953.94 16730.91,10609.88
edge:declared:db.CompanyNewsFeed:company_news	18798.55,6175.61 18443.51,5953.94
edge:declared:db.CompanyNewsLink:company_news	18724.43,5133.58 18396.07,5871.94
edge:declared:db.CompanyNotificationSetting:company	15959.67,9842.57 16501.57,10609.88
edge:declared:db.CompanyNotificationTrigger:notification_setting	15530.49,9087.89 15912.76,9768.57
edge:declared:db.CompanyOptionRule:company	23379.86,6830.45 16844.82,10713.97
edge:declared:db.CompanyOverview:company	23775.69,6830.45 16844.82,10720.25
edge:declared:db.CompanyOwnerAddRequest:company	24189.86,6830.45 16844.82,10726.11
edge:declared:db.CompanyOwnerAuditLog:company	10738.86,5526.98 16464.82,10656.86
edge:declared:db.CompanyOwnerAuditLogOwnerRoleRelation:company_owner_audit_log	11272.88,8234.66 10692.63,5526.98
edge:declared:db.CompanyOwnerAuditLogOwnerRoleRelation:owner_role	11284.17,8308.66 11674.68,9030.15
edge:declared:db.CompanyOwnerNotificationTrigger:trigger	15433.55,9267.69 15496.71,9087.89
edge:declared:db.CompanyParValueChange:_deprecated_articles_of_incorporation	17417.63,14030.16 17541.18,14273.59
edge:declared:db.CompanyParValueChange:company	17390.16,13956.16 16705.81,11043.88
edge:declared:db.CompanyPaymentLink:company	21968.11,10545.29 16844.82,10816.81
edge:declared:db.CompanyPolicyFile:company	23048.65,6946.45 16844.82,10711.57
edge:declared:db.CompanyProfileAccessLog:company	28228.53,6023.61 16844.82,10748.03
edge:declared:db.CompanyProfileAccessLog:venture_capital	28363.12,6023.61 34062.21,10663.78
edge:declared:db.CompanyPromotionWinLog:company	14861.53,5312.19 16584.26,10609.88
edge:declared:db.CompanyPromotionWinLog:prize_type	14972.2,5298.34 16153.25,5556.94
edge:declared:db.CompanyPromotionWinLog:promotion	14893.47,5312.19 15832.09,6162.33
edge:declared:db.CompanyPurposeChange:company	17296.19,12845.38 16723.77,11043.88
edge:declared:db.CompanyPurposeChangeItem:company_purpose_change	17496.6,13173.78 17331.9,12919.38
edge:declared:db.CompanyPurposeChangeItem:industrial_code	17532.14,13247.78 17625.49,13545.95
edge:declared:db.CompanyQuestionThread:company	18956.78,12956.02 16844.82,11002.62
edge:declared:db.CompanyQuestionThread:expert_partner	19195,13088.91 21755.71,13880.41
edge:declared:db.CompanyRegistrationAssignment:company	23378.01,6946.45 16844.82,10717.22
edge:declared:db.CompanyRegistrationAssignmentLog:company	23773.74,6946.45 16844.82,10723.31
edge:declared:db.CompanyRsuRule:_deprecate_articles_of_incorporation	17427.47,14146.16 17526.02,14273.59
edge:declared:db.CompanyRsuRule:company	17390.46,14072.16 16704.01,11043.88
edge:declared:db.CompanySsoEmailDomain:configuration	15480.38,10855.83 16015.84,10848.04
edge:declared:db.CompanySsoIdentity:configuration	15467.48,11025.98 16015.84,10879.39
edge:declared:db.CompanyStockTransferRestrictedChange:company	24187.79,6946.45 16844.82,10729.01
edge:declared:db.CompanyStockValue:company	23046.79,7062.45 16844.82,10714.98
edge:declared:db.CompanyTag:company_set	23376.06,7062.45 16844.82,10720.46
edge:declared:db.CompanyTanTableView:company	14500.46,5428.19 16568.23,10609.88
edge:declared:db.CompanyTodo:company	23771.67,7062.45 16844.82,10726.38
edge:declared:db.CompanyUpdateRequest:change_detection	18083.82,12432.93 18183.53,13195.99
edge:declared:db.CompanyUpdateRequest:company	18041.16,12350.93 16844.82,11035.75
edge:declared:db.CompanyUpdateRequest:company_question_thread	18139.64,12432.93 18920.19,12956.02
edge:declared:db.CompanyUserRelation:company	10028.54,10749.74 16464.82,10824.67
edge:declared:db.CompanyUserRelation:stakeholder	9915.77,10797.3 11787.64,18968.45
edge:declared:db.CompanyUserRelationOwnerRoleRelation:company_user_relation	10717.99,9756.25 9944.72,10699.3
edge:declared:db.CompanyUserRelationOwnerRoleRelation:owner_role	10795.91,9682.25 11627.11,9128.15
edge:declared:db.ConsentForm:investor	23741.9,37359.42 12451.2,23448.23
edge:declared:db.ConsentForm:item	23783.63,37359.42 23313.06,28245.56
edge:declared:db.ConsentForm:uploaded_consent_form_file	23776.45,37359.42 20391.58,18328.96
edge:declared:db.ConsentFormModusignDocument:consent_form	24061.76,36597.13 23808.31,37359.42
edge:declared:db.ConsentFormModusignEmbeddedDraft:consent_form	21984.31,23672.27 23778.96,37359.42
edge:declared:db.CorporateRegistration:attachment	18989.67,14839.78 20260.6,17894.96
edge:declared:db.CorporateRegistration:company	18940.47,14741.78 16780.77,11043.88
edge:declared:db.CorporateRegistrationChangeConfirmation:change_detection	18564.78,13014.87 18269.75,13195.99
edge:declared:db.CorporateRegistrationChangeConfirmation:staff_review_required_question_thread	18796.55,13004.78 18911,13022.74
edge:declared:db.CorporateRegistrationChangeDetection:company	18158.82,13195.99 16792.58,11043.88
edge:declared:db.CorporateRegistrationChangeDetection:xml_file	18211.7,13293.99 20256.12,17894.96
edge:declared:db.CorporateRegistrationChangeDetectionParseResult:change_detection	18395.88,12874.48 18217.17,13195.99
edge:declared:db.CorporateRegistrationExtractionLog:corporate_registration_issue_log	20415.91,15166.82 20438.92,15113.54
edge:declared:db.CorporateRegistrationIssueCoupon:company	18832.83,12650.69 16844.82,10980.74
edge:declared:db.CorporateRegistrationIssueCouponIssueLog:coupon	19118.92,12396.17 18938.01,12650.69
edge:declared:db.CorporateRegistrationIssueCouponUseRequest:coupon	19605.68,14781.93 18899.57,12732.69
edge:declared:db.CorporateRegistrationIssueCouponUseResult:corporate_registration	19586.96,14910.58 19092.91,14823.13
edge:declared:db.CorporateRegistrationIssueCouponUseResult:log	19936.63,14976.18 20329.01,15046.58
edge:declared:db.CorporateRegistrationIssueCouponUseResult:request	19740.02,14910.58 19623.93,14855.93
edge:declared:db.CorporateRegistrationIssueLog:_deprecated_staff_review_required_question_thread	20432.83,15015.54 19119.62,13134.02
edge:declared:db.CorporateRegistrationIssueLog:pdf_file	20466.9,15113.54 20364.11,17894.96
edge:declared:db.CorporateRegistrationIssueMaintenance:third_party_api_notice	30772.55,14898 30144.02,14874.81
edge:declared:db.CorporateRegistrationIssueRequest:delivery	19179,10863.71 19337.84,10794.79
edge:declared:db.CorporateRegistrationPaidIssue:company	19192.76,14979.04 16787.46,11043.88
edge:declared:db.CorporateRegistrationPaidIssue:corporate_registration	19175.93,14979.04 19018.97,14839.78
edge:declared:db.CorporationPostRegistrationEmail:company	14535.41,5082.13 16574.76,10609.88
edge:declared:db.CorporationPostRegistrationScheduledEmail:corporation_post_registration_email	15845.83,5098.13 14667.26,5050.95
edge:declared:db.CorporationPostRegistrationScheduledEmailPeriodicTaskRelation:corporation_post_registration_scheduled_email	15698.44,4962.56 15942.9,5068.43
edge:declared:db.Credit:company	20447.48,12453.16 16844.82,10908.35
edge:declared:db.CreditCard:company	22405.32,11878.19 16844.82,10860.85
edge:declared:db.CreditCard:investment_association	22602.19,11949.36 28248.97,15770.41
edge:declared:db.CreditCard:legal_partner	22516.89,11949.36 21941.42,13803.01
edge:declared:db.CreditCard:venture_capital	22653.32,11889.37 34062.21,10829.89
edge:declared:db.CreditUse:credit	21397.3,12380.71 20676.42,12480.92
edge:declared:db.CreditUse:purchase	21633.3,12389.15 21981.81,12410.56
edge:declared:db.CsAgentResponse:inquiry_thread_message	24035.08,9537.71 23201.04,9788.5
edge:declared:db.CsAgentResponseFeedBack:cs_agent_response	24520.93,9458.12 24283.08,9504.9
edge:declared:db.DebtConfirmationAndOffsetContractDocument:new_issue_item	18173.88,26458.71 18823.52,26504.04
edge:declared:db.DepartmentStaffUserRelation:department	18215.9,34235.83 16028.2,34776.66
edge:declared:db.DirectorAppointmentEvent:director	16220.81,14978.68 17087.84,15591.2
edge:declared:db.DirectorCompensationDecisionEvent:director	15898.83,15094.68 17048.01,15598.01
edge:declared:db.DirectorCompensationLimitEvent:director	16224.13,15094.68 17070.89,15591.2
edge:declared:db.DirectorTermEndEvent:appointment_event	15881.57,15136.68 16108.03,14978.68
edge:declared:db.DirectorTermEndEvent:director	15925.07,15218.68 17048.01,15609.68
edge:declared:db.DirectorVote:agenda	15795.75,20768.38 16035.23,21077.42
edge:declared:db.DirectorVote:attended_director	15747.97,20694.38 15732.21,20586.84
edge:declared:db.DirectorVotingRightsPerAgenda:agenda	15806.03,20884.38 16009.39,21077.42
edge:declared:db.DirectorVotingRightsPerAgenda:director	15754.16,20810.38 15722.68,20586.84
edge:declared:db.DirectorsMeeting:chairperson	15927.55,20526.69 15867.36,20481.96
edge:declared:db.DirectorsMeeting:meeting	16087.64,20427.97 17800.02,17176.92
edge:declared:db.DirectorsMeeting:sealed_meeting_minutes_file	16173.93,20427.97 20162.54,18211.55
edge:declared:db.DirectorsMeetingAgenda:agenda_bonus_issue	16222.25,21077.42 17722.9,19928.89
edge:declared:db.DirectorsMeetingAgenda:agenda_branch_change	16248.6,21097.59 18190.7,20176.46
edge:declared:db.DirectorsMeetingAgenda:agenda_co_ceo_system_change	15995.11,21263.42 14246.86,22733.95
edge:declared:db.DirectorsMeetingAgenda:agenda_custom	16013.4,21263.42 14555.8,22733.95
edge:declared:db.DirectorsMeetingAgenda:agenda_director_change	15997.27,21263.42 14632.55,22427.17
edge:declared:db.DirectorsMeetingAgenda:agenda_director_compensation_decision	16114.72,21263.42 16107.73,21663.39
edge:declared:db.DirectorsMeetingAgenda:agenda_financial_statements	16243.34,21077.42 18057.63,19904.89
edge:declared:db.DirectorsMeetingAgenda:agenda_head_office_relocation	16248.6,21216.09 18372.59,21900.14
edge:declared:db.DirectorsMeetingAgenda:agenda_new_issue	16147.34,21263.42 16763.06,22663.42
edge:declared:db.DirectorsMeetingAgenda:agenda_option_cancel	15964.6,21132.87 15903.49,21114.63
edge:declared:db.DirectorsMeetingAgenda:agenda_rsu_grant	16003.31,21263.42 14247.69,22857.95
edge:declared:db.DirectorsMeetingAgenda:agenda_shareholders_meeting_convocation	16234.08,21263.42 16469.66,21439.58
edge:declared:db.DirectorsMeetingAgenda:agenda_subsidiary_establishment	16020.26,21263.42 14552.78,22861.95
edge:declared:db.DirectorsMeetingAgenda:meeting	16104.83,21077.42 16058.71,20549.97
edge:declared:db.DirectorsMeetingDirectorAttendance:stakeholder	15542.44,20472.84 11989.61,19184.62
edge:declared:db.DirectorsMeetingNoticeEmail:directors_meeting	15184.19,19933.9 16067.37,20427.97
edge:declared:db.DirectorsMeetingNoticeEmailRecipient:director	16095.18,20229.84 15772.11,20472.84
edge:declared:db.DirectorsMeetingNoticeEmailRecipient:email	16150.9,20147.84 15185.24,19933.9
edge:declared:db.DocumentDelivery:delivery	19690.5,11004.95 20114.5,10873.08
edge:declared:db.DocumentDeliveryQuestionThreadRelation:document_delivery	19962.8,11030.79 19699.44,11041.1
edge:declared:db.DocumentDeliveryQuestionThreadRelation:question_thread	20305.8,11056.99 20449.23,11117.55
edge:declared:db.DocumentParseResult:attachment	20014.82,16164.18 19990.49,16418.1
edge:declared:db.DormantUserEmail:user	3285.5,32258.65 1997.83,33452.87
edge:declared:db.DormantUserPhone:user	2608.6,31576.36 1967.62,33452.87
edge:declared:db.DormantUserReactivationToken:user	3439.5,32419.58 2010.33,33452.87
edge:declared:db.ESOP:company	11455.96,15947.03 16464.82,11008.6
edge:declared:db.ESOP:shareholder	11404.19,16061.03 12384.74,23318.23
edge:declared:db.ESOPParticipant:esop	11201.58,15169.26 11378.64,15947.03
edge:declared:db.EditableCompanyOwnerAuditLog:company	24185.6,7062.45 16844.82,10731.9
edge:declared:db.ElectronicCertificate:company	16952.69,13064.93 16683.7,11043.88
edge:declared:db.ElectronicCertificate:director	16962.32,13154.93 17178.1,15591.2
edge:declared:db.ElectronicCertificateApplicationFormDocument:stakeholder	19825.29,28258.28 11961.01,19282.45
edge:declared:db.ElectronicCertificateCaseReportDocument:stakeholder	18475.12,28374.28 11936.28,19282.45
edge:declared:db.ElectronicCertificateFileDownloadHistory:file_uploaded	18466.58,16614.14 18457.73,16546.95
edge:declared:db.ElectronicCertificateFileUploadRequest:electronic_certificate	18278.05,16332.57 16977.1,13154.93
edge:declared:db.ElectronicCertificateFileUploaded:file_upload_request	18410.78,16472.95 18335.28,16406.57
edge:declared:db.ElectronicCertificateReturnRequest:electronic_certificate	24592.35,19824.55 17009.84,13154.93
edge:declared:db.ElectronicCertificateReturnRequest:recipient_address	24588.61,19824.55 23377.68,18765.29
edge:declared:db.EmailActivityRecipient:email_activity	24244.46,23749.23 24429.99,26773.08
edge:declared:db.EmailActivityRecipientStatusHistory:recipient	24665.93,25505.42 24252.97,23749.23
edge:declared:db.EmailVerification:email	24067.45,1532.4 23560.22,1244.49
edge:declared:db.Employee:department_code_set	10715.65,13853.08 11613.28,12610.42
edge:declared:db.Employee:group_set	10784.53,13870.79 13036.14,12545.45
edge:declared:db.EmployeeDepartmentCodeRelation:department_code	11371.5,12706.75 11555.27,12610.42
edge:declared:db.EmployeeDepartmentCodeRelation:employee	11280.76,12780.75 10697.55,13853.08
edge:declared:db.EmployeeGroup:company	13177.45,12471.45 16464.82,10916.74
edge:declared:db.EmployeeNumber:company	13172.41,12587.45 16464.82,10922.94
edge:declared:db.EmployeeNumber:employee	13030.61,12661.45 10784.53,13877.5
edge:declared:db.EmployeeOption:company	12212.83,11220.49 16464.82,10843.72
edge:declared:db.EmployeeOption:grantee	12051.33,11284.48 11221.24,12457.53
edge:declared:db.EmployeeOptionExerciseCandidate:management	12786.81,11642.09 14450.59,11663.43
edge:declared:db.EmployeeOptionExerciseCandidate:option	12578.26,11595.19 12160.15,11284.48
edge:declared:db.EmployeeOptionExerciseCandidate:option_exercise_claim	12786.81,11628.28 13983.62,11532
edge:declared:db.EmployeeOptionExerciseCandidateFile:candidate	12623.97,11319.35 12636.73,11595.19
edge:declared:db.EmployeeOptionExerciseClaim:company	14249.62,11484.91 16464.82,10878.86
edge:declared:db.EmployeeOptionExerciseClaimOption:option	13055.96,11209.97 12212.83,11228.72
edge:declared:db.EmployeeOptionExerciseClaimOption:option_exercise_claim	13315.67,11243.57 13998.38,11480.3
edge:declared:db.EmployeeOptionExerciseManagement:company	14702.46,11624.37 16464.82,10904.49
edge:declared:db.EmployeeOptionExerciseManagementEmail:management	14566.76,14288.74 14600.75,11706.37
edge:declared:db.EmployeeOptionVesting:employee_option	11328.19,11470.42 11964.83,11270.43
edge:declared:db.EmployeeOptionVestingItem:option_vesting	11144.98,11737.41 11199.87,11544.42
edge:declared:db.EmployeeOptionVestingTraceable:option	12079.39,11636.93 12087.6,11284.48
edge:declared:db.EmployeeStock:participant	11720.08,15207.86 11311.59,15103.35
edge:declared:db.EmployeeStockGuide:esop	11716.35,15694.39 11500.41,15947.03
edge:declared:db.EmployeeStockGuideAudience:employee_stock_guide	12436.6,15479.08 11843.89,15612.39
edge:declared:db.EmployeeStockGuideAudience:participant	12360.66,15429.44 11311.59,15136.95
edge:declared:db.EmployeeStockGuideEmail:employee_stock_guide	12392.31,16276.1 11807.07,15694.39
edge:declared:db.EmployeeStockTag:category	11581.31,15512.25 11521.81,15220.21
edge:declared:db.EmployeeStockTag:employee_stock_set	11721.03,15440.92 11823.89,15224.96
edge:declared:db.EmployeeStockTag:esop	11679.63,15522.92 11432.06,15947.03
edge:declared:db.EmployeeStockTagCategory:esop	11401.48,15286.07 11399.95,15947.03
edge:declared:db.EmployeeStockWithdrawRequest:account	12612.02,16587.04 12792.04,16404.91
edge:declared:db.EmployeeStockWithdrawRequest:esop	12417.17,16586.95 11494.72,16061.03
edge:declared:db.EmploymentCertificateDocumentRequest:company	14379.44,12168.46 16464.82,10938.91
edge:declared:db.EmploymentCertificateDocumentRequest:history	14244.58,12242.46 11992.04,13425.91
edge:declared:db.EmploymentStatusHistory:connected_hrm_status_event	11792.97,13515.91 7951.7,14980.82
edge:declared:db.EmploymentStatusHistory:employee	11791.16,13515.91 10784.53,13897.62
edge:declared:db.EmploymentStatusHistory:related_events	11978.01,13515.91 16184.51,16116.51
edge:declared:db.Event:company	16339.23,16097.92 16641.45,11043.88
edge:declared:db.EventAttachment:company	16846,16159.95 16662.6,11043.88
edge:declared:db.EventAttachment:event	16729.33,16193.66 16480.51,16211.05
edge:declared:db.ExpertClientIncorporationSupport:contact_set	20852.79,13644.78 20550.49,13535.23
edge:declared:db.ExpertClientIncorporationSupport:expert_client	21076.15,13656.69 21503.1,13554.22
edge:declared:db.ExpertClientIncorporationSupport:incorporation_request	20937.15,13726.78 21329.59,15070.59
edge:declared:db.ExpertClientSignupChannel:expert_client	23587.07,14061.96 21751.1,13542.14
edge:declared:db.ExpertClientTaxServiceSettings:expert_client	21245.09,13852.29 21542.77,13579.41
edge:declared:db.ExpertClientTaxServiceSettings:legal_partner	21323.41,13896.84 21755.71,13919.82
edge:declared:db.ExpressDelivery1:order_status_history	3864.5,7817.05 4050.22,7835.01
edge:declared:db.ExpressDelivery1:seal_card_return_status_history	3736.57,7768.64 3705.36,7652.35
edge:declared:db.ExternalStockInfo:company	23044.82,7178.45 16844.82,10718.4
edge:declared:db.FABContent:thumbnail_image	21370.3,17447.85 20542.54,17987.98
edge:declared:db.FinancialAccount:institution	12920.65,16320.98 12986.98,15940.12
edge:declared:db.FinancialStatementsForNewIssueFromConversionDocument:new_issue	18422.67,24723.3 16870.08,22833.42
edge:declared:db.Fund:fund_partners	31645.68,12401.94 32764.45,12313.83
edge:declared:db.Fund:portfolio_company_set	31397.68,12437.57 28647.28,13041.9
edge:declared:db.Fund:venture_capital	31598.4,12366.71 34062.21,10921.52
edge:declared:db.FundPartner:venture_capital	32925.8,12263.06 34062.21,11015.57
edge:declared:db.FundingNewsDistributionServiceRequest:company	18658.15,13953.44 16793.86,11043.88
edge:declared:db.FundingNewsDistributionServiceRequest:company_question_thread	18704.26,13953.44 19018.83,13134.02
edge:declared:db.FundingNewsDistributionServiceRequest:logo	18705.2,14043.44 20264.68,17894.96
edge:declared:db.HelpTemplate:partners_to_share	10551.54,6811.07 21755.71,13831.51
edge:declared:db.Hrm:company	3706.44,15188.86 16464.82,10890.89
edge:declared:db.HrmAlpConfig:hrm	2157.94,14929.23 3386.44,15206.63
edge:declared:db.HrmAlpConfigIndivApprovalTemplateRel:alp_config	2394.06,14632.97 2088.54,14865.59
edge:declared:db.HrmAlpExcludedEmp:emp	8293.7,17491.49 7685.7,17608.75
edge:declared:db.HrmAlpLaborReceiptRefusal:emp	7896.1,18547.8 7583.65,17817.11
edge:declared:db.HrmAlpTarget:emp	7909.16,18155.8 7644.75,17817.11
edge:declared:db.HrmAlpUsageDesignation:target	8267.79,18270.71 8064.22,18224.78
edge:declared:db.HrmAlpUsageDesignationDate:leave_usage	8910.19,18077.83 9009.61,18076.07
edge:declared:db.HrmAlpUsageDesignationDate:usage_designation	8716.73,18113.1 8452.25,18260.34
edge:declared:db.HrmAlpUsagePlan:target	8242.85,18076.24 8009.11,18155.8
edge:declared:db.HrmAlpUsagePlanDate:usage_plan	8522.65,17779.99 8361.72,17994.24
edge:declared:db.HrmAnnualLeaveAdjustment:emp	8057.64,17615.21 7685.7,17633.06
edge:declared:db.HrmAnnualLeaveConfigBase:annual_leave	6893.18,23008.88 6907.27,22068.7
edge:declared:db.HrmApproval:approvable	6522.52,17611.2 6070.96,17378.71
edge:declared:db.HrmApproval:requestor	6713.92,17655.3 7341.7,17645.36
edge:declared:db.HrmApprovalLine:actual_approver	6834.57,17786.5 7341.7,17678.23
edge:declared:db.HrmApprovalLine:approval	6678.64,17770.1 6624.97,17701.2
edge:declared:db.HrmApprovalLine:approver	6634.24,17852.1 6133.36,18121.16
edge:declared:db.HrmApprovalReview:approval	6343.92,17859.49 6535.47,17701.2
edge:declared:db.HrmApprovalReview:approver	6263.91,17933.49 6085.17,18121.16
edge:declared:db.HrmApprovalTemplate:hrm	4965.93,17132.99 3652.33,15383.76
edge:declared:db.HrmApprovalTemplateLine:approver	5889.83,17989.82 5993.04,18121.16
edge:declared:db.HrmApprovalTemplateLine:template	5819.7,17915.82 5042.21,17214.99
edge:declared:db.HrmApprovalTemplateReview:approver	5595.62,17947.54 5932,18121.16
edge:declared:db.HrmApprovalTemplateReview:template	5497.45,17873.54 5026.07,17214.99
edge:declared:db.HrmApprover:dept	5910.69,18136.2 4013.41,17555.39
edge:declared:db.HrmApprover:emp	6158.69,18130.51 7341.7,17704.65
edge:declared:db.HrmAttendance:emp	6662.46,17322.59 7341.7,17578.98
edge:declared:db.HrmAttendanceItem:attendance	7949.59,17138.35 6678.18,17268.86
edge:declared:db.HrmAttendanceItem:emp	8030.69,17166.62 7685.7,17479.72
edge:declared:db.HrmAttendanceLocation:attendance_item	8308.59,16614.05 8088.09,17084.62
edge:declared:db.HrmAttendanceLocation:ongoing_attendance	8449.92,16560.9 8687.96,16778.56
edge:declared:db.HrmAttendanceLocation:personal_location	8366.87,16516.05 8889.56,16017.97
edge:declared:db.HrmAttendanceLocation:work_location	8296.64,16516.05 6811.26,14705.09
edge:declared:db.HrmCertificateConfig:hrm	3068.78,15305.4 3386.44,15263.74
edge:declared:db.HrmCertificateConfigIndividualApprovalTemplateRelation:certificate_config	2395.56,15854.04 2912.25,15357.87
edge:declared:db.HrmCertificateIssue:connected_status_event	8394.73,15422.57 7951.01,15083.92
edge:declared:db.HrmCertificateIssue:emp	8471.76,15504.57 7591.17,17471.11
edge:declared:db.HrmCommonLocation:work_location_config	7932.94,14586.39 8448.35,14150.1
edge:declared:db.HrmConciergeRequest:company	23373.98,7178.45 16844.82,10723.71
edge:declared:db.HrmDailyLeaveUsageItem:usage	8120.51,20726.6 9115.93,18134.84
edge:declared:db.HrmDept:hrm	3874.37,17454.59 3567.34,15383.76
edge:declared:db.HrmDeptName:dept	2824.03,19381.68 3848.78,17576.59
edge:declared:db.HrmDeptName:event	2793.54,19455.68 2652.55,20005.51
edge:declared:db.HrmDeptParent:dept	3503.28,19372.03 3870.92,17576.59
edge:declared:db.HrmDeptParent:event	3507.6,19454.03 3649.18,19910.51
edge:declared:db.HrmDeptReorg:hrm	3038.82,14383.02 3463.19,15101.76
edge:declared:db.HrmDeptStatus:dept	3980.35,19643.71 3886.19,17576.59
edge:declared:db.HrmDeptStatus:event	3978.54,19717.71 3804.69,21556.59
edge:declared:db.HrmDocument:emp	5036.99,16438.93 7341.7,17546.17
edge:declared:db.HrmDocument:form	4940.28,16340.93 3696.01,13499.48
edge:declared:db.HrmDocument:hrm	4890.03,16340.93 3706.44,15371.46
edge:declared:db.HrmDocumentDraft:emp	4810.75,13396.08 7385.47,17471.11
edge:declared:db.HrmDocumentDraft:form	4729.98,13396.08 3745.57,13401.48
edge:declared:db.HrmDocumentDraftFieldAttachment:field_value	4348.62,9514.45 3494.19,11348.41
edge:declared:db.HrmDocumentDraftFieldMultiSelectValue:field_value	3312.65,11815.54 3456.1,11438.41
edge:declared:db.HrmDocumentDraftFieldMultiSelectValue:selected_option	3257.96,11889.54 3094.68,12038.27
edge:declared:db.HrmDocumentDraftFieldValue:draft	3490.47,11438.41 4764.64,13314.08
edge:declared:db.HrmDocumentDraftFieldValue:field_definition	3419.96,11438.41 2025.72,12616.44
edge:declared:db.HrmDocumentFieldAttachment:field_value	3505.43,12957.19 4151.36,13092.76
edge:declared:db.HrmDocumentFieldMultiSelectValue:field_value	3647.87,12520.61 4251.41,13015.52
edge:declared:db.HrmDocumentFieldMultiSelectValue:selected_option	3575.24,12446.61 3108.33,12120.27
edge:declared:db.HrmDocumentFieldValue:document	4280.27,13105.52 4945.59,16340.93
edge:declared:db.HrmDocumentFieldValue:field_definition	4151.36,13046.53 2120.46,12678.14
edge:declared:db.HrmDocumentForm:hrm	3682.85,13499.48 3553.63,15101.76
edge:declared:db.HrmDocumentFormFieldDefinition:form	2073.96,12706.44 3574.83,13401.48
edge:declared:db.HrmDocumentFormFieldSelectOption:field_definition	2973.81,12120.27 2055.73,12616.44
edge:declared:db.HrmDocumentFormIndividualApprovalTemplateRelation:document_form	3302.22,13504.52 3561.35,13488.48
edge:declared:db.HrmEmp:connected_employee	7659.5,17471.11 10557.41,14055.08
edge:declared:db.HrmEmp:hrm	7341.7,17540.08 3706.44,15339.53
edge:declared:db.HrmEmpAffiliation:emp	5926.46,17164.59 7341.7,17590.69
edge:declared:db.HrmEmpAffiliation:event	5845.65,17085.08 6366,16538.06
edge:declared:db.HrmEmpAffiliationDept:affiliation	5340.65,16894.15 5718.93,17085.08
edge:declared:db.HrmEmpAffiliationDept:dept	5187.62,16894.15 4011.43,17454.59
edge:declared:db.HrmEmpContract:emp	7429.95,34563.06 7512.72,17817.11
edge:declared:db.HrmEmpContract:mgmt	7420.07,34563.06 4924.85,23956.72
edge:declared:db.HrmEmpContractCommonVar:hrm	3334.59,14383.02 3511.7,15101.76
edge:declared:db.HrmEmpContractMgmt:hrm	4908.73,23874.72 3568.69,15383.76
edge:declared:db.HrmEmpContractMgmt:template_revision	4851.76,23874.72 3195.68,22804.43
edge:declared:db.HrmEmpContractModusignDocument:hrm_emp_contract	24603.13,37876.53 7553.72,34641.15
edge:declared:db.HrmEmpContractTemplate:hrm	2247.47,19632.66 3504.72,15383.76
edge:declared:db.HrmEmpContractTemplateRevision:template	3120.37,22722.43 2247.23,19706.66
edge:declared:db.HrmEmpContractTemplateRevisionSigner:revision	2456.24,23367.53 3086.36,22804.43
edge:declared:db.HrmEmpEmploymentType:emp	6748.52,16862.76 7342.82,17471.11
edge:declared:db.HrmEmpEmploymentType:event	6772.78,16788.76 6925.2,16696.03
edge:declared:db.HrmEmpJob:emp	5889.8,16020.03 7341.7,17472.78
edge:declared:db.HrmEmpJob:event	5960.59,15934.2 6505.57,15789.94
edge:declared:db.HrmEmpJob:level	5712.59,15925.65 5138.56,15734.07
edge:declared:db.HrmEmpJob:position	5735.11,15914.03 5390.53,15734.07
edge:declared:db.HrmEmpJob:role	5712.59,15943.43 5145.69,15835.53
edge:declared:db.HrmEmpJob:title	5712.59,15930.1 5437.69,15848.22
edge:declared:db.HrmEmpJobLevel:hrm	4909.69,15660.88 3706.44,15291.83
edge:declared:db.HrmEmpJobPosition:hrm	5201.69,15666.84 3706.44,15283.75
edge:declared:db.HrmEmpJobRole:hrm	4931.59,15776.07 3706.44,15304.36
edge:declared:db.HrmEmpJobTitle:hrm	5204.65,15776.07 3706.44,15294.22
edge:declared:db.HrmEmpMov:hrm	3042.06,14499.02 3450.82,15101.76
edge:declared:db.HrmEmpReturnToWorkEvent:absence_event	7856.45,14763.77 7743.24,14763.77
edge:declared:db.HrmEmpSalaryAccount:emp	13120.73,14520.33 7685.7,17564.85
edge:declared:db.HrmEmpSalaryAccount:institution	13211.37,14520.33 12978.62,15850.12
edge:declared:db.HrmEmpStatus:emp	8472.59,15620.57 7595.68,17471.11
edge:declared:db.HrmEmpStatus:event	8426.81,15546.57 7918.38,15083.92
edge:declared:db.HrmEmpUserInvitation:emp	5756.23,17401.08 7341.7,17619.97
edge:declared:db.HrmEmpUserInvitation:hrm	5592.29,17342.68 3683.81,15383.76
edge:declared:db.HrmEmpUserInvitationInvitee:invitation	5870.49,17725.87 5660.78,17424.68
edge:declared:db.HrmEmpWorkAssignment:emp	6496.62,18521.06 7341.7,17789.82
edge:declared:db.HrmEmpWorkAssignment:work	6334.94,18570.13 5404.87,18665.23
edge:declared:db.HrmEmpWorkLocationAssignment:work_location	7089.34,15284.28 6800.75,14705.09
edge:declared:db.HrmEmpWorkLocationAssignment:work_location_config	7099.6,15358.28 7045.39,15870.43
edge:declared:db.HrmEmpWorkLocationConfig:emp	7052.48,15952.43 7465.47,17471.11
edge:declared:db.HrmEmpWorkLocationConfig:work_location_set	7032.96,15870.43 6791.65,14705.09
edge:declared:db.HrmFixedWorkSchedule:fixed_work	5397.52,18335.56 5355.93,18401.94
edge:declared:db.HrmGoogleCalendarIntegration:hrm	3335.94,14499.02 3506.53,15101.76
edge:declared:db.HrmLeaveBase:hrm	6371.91,21037.35 3615.19,15383.76
edge:declared:db.HrmLeaveCommonConfig:leave	5467.95,21101.02 6271.51,21109
edge:declared:db.HrmLeaveGrant:emp	6974.99,18967.35 7441.43,17817.11
edge:declared:db.HrmLeaveGrant:grantable_leave	6950.03,19041.35 6664.09,20155.12
edge:declared:db.HrmLeaveIndividualApprovalTemplateRelation:leave	5903.95,21102.73 6271.51,21108.29
edge:declared:db.HrmLeaveUsage:emp	9009.61,18044.63 7685.7,17688.05
edge:declared:db.HrmLeaveUsage:leave	9086.69,18134.84 6475.28,21037.35
edge:declared:db.HrmLeaveUsageAttachment:usage	9484.61,19142.59 9153.89,18134.84
edge:declared:db.HrmLeaveUsageItem:emp	7668.42,18812.67 7534.95,17817.11
edge:declared:db.HrmLeaveUsageItem:leave	7650.46,18894.67 6448.46,21037.35
edge:declared:db.HrmLeaveUsageItem:usage	7755.58,18812.67 9025.45,18134.84
edge:declared:db.HrmOngoingAttendance:emp	8751.68,16815.41 7685.7,17527.12
edge:declared:db.HrmOngoingAttendanceClockedSchedule:ongoing_attendance	9284.54,16480.31 8877.84,16733.41
edge:declared:db.HrmPersonalLocation:hrm_emp	8890.86,16017.97 7653.28,17471.11
edge:declared:db.HrmPersonalLocation:work_location_config	8917.87,15927.97 8569.95,14150.1
edge:declared:db.HrmRequestor:dept	4663.1,18916.02 3917.37,17576.59
edge:declared:db.HrmRequestor:emp	4764.36,18916.02 7341.7,17723.01
edge:declared:db.HrmSelectiveWorkPlan:emp	6226.4,17075.85 7341.7,17568.17
edge:declared:db.HrmSelectiveWorkPlanConfig:selective_work	5280.94,19367.55 5339.77,19009.09
edge:declared:db.HrmSelectiveWorkPlanItem:emp	6273.14,16925.6 7341.7,17544.71
edge:declared:db.HrmSelectiveWorkPlanItem:plan	6190,16925.6 6154.72,16993.85
edge:declared:db.HrmSelectiveWorkSchedule:selective_work	5521.23,19144.74 5390.51,19009.09
edge:declared:db.HrmSelectiveWorkSettlementConfig:selective_work	4825.76,19367.55 5289,19009.09
edge:declared:db.HrmSigner:hrm	3046.44,14615.02 3434.13,15101.76
edge:declared:db.HrmSlackChannelConfig:integration	3127.91,15639.37 3123.58,15895.34
edge:declared:db.HrmSlackIntegration:hrm	3145.67,15895.34 3459.85,15383.76
edge:declared:db.HrmStaffNote:hrm	3337.77,14615.02 3499.57,15101.76
edge:declared:db.HrmStaggeredWorkSchedule:staggered_work	4937,20464.92 4413.1,19428.04
edge:declared:db.HrmStandardWork:hrm	3033.23,16181.48 3469.35,15383.76
edge:declared:db.HrmStandardWorkSchedule:standard_work	2625.03,17106.49 2996.83,16255.48
edge:declared:db.HrmTag:hrm_set	3052.67,14731.02 3410.39,15101.76
edge:declared:db.HrmWorkAutoClockOutConfig:work	4839.52,18667.73 5144.87,18675.3
edge:declared:db.HrmWorkBase:emp_set	5404.87,18619.08 7341.7,17722.76
edge:declared:db.HrmWorkBase:hrm	5244.18,18617.52 3617.37,15383.76
edge:declared:db.HrmWorkIndividualApprovalTemplateRelation:work	6135.68,19323.08 5356.34,18739.52
edge:declared:db.HrmWorkLocation:hrm	6657.98,14690.48 3706.44,15198.39
edge:declared:db.HrmWorkLocationGpsConfig:work_location	8435.48,14109.08 6905.98,14656.11
edge:declared:db.HrmWorkOvertime:work	4905.27,18561.19 5144.87,18637.25
edge:declared:db.IBKSignupChannel:ibk_user_login_token	24662.22,13376.46 24631.79,13301.19
edge:declared:db.IBKUserLoginToken:ibk_user	24633.68,13227.19 24663.91,13160.81
edge:declared:db.IaAccountInfo:investment_association	31311.16,17761.22 28556.97,15973.91
edge:declared:db.IaCertificateOfInvestmentDocument:partner	33776.42,18191.9 35389.93,18025.29
edge:declared:db.IaCertificateOfInvestmentDocumentRecipient:certificate_of_investment_document_email	1840.93,20019.35 1815.4,20128.66
edge:declared:db.IaConfirmationRequest:investment_association	22551.4,18023.1 28248.97,15930.53
edge:declared:db.IaConfirmationRequest:partner_list_file	22247.38,18071.93 20542.54,18107.95
edge:declared:db.IaConsentForm:consent_form_or_meeting	32753.74,18271.79 30688.06,19043.53
edge:declared:db.IaConsentFormDocument:consent_form	33890.42,18221.32 33003.67,18230.91
edge:declared:db.IaConsentFormDocument:partner	34260.42,18178.33 35389.93,18032.46
edge:declared:db.IaConsentFormOrMeeting:investment_association	30503.66,19043.53 28490.33,16006.97
edge:declared:db.IaConsentFormOrMeetingDocumentGeneration:consent_form_or_meeting	31012.28,18997.82 30730.97,19069.46
edge:declared:db.IaConsentFormOrMeetingDocumentGenerationItem:document	32057.32,18960.44 32654.15,19072.58
edge:declared:db.IaConsentFormOrMeetingDocumentGenerationItem:generation	31777.84,18935.62 31355.28,18962.71
edge:declared:db.IaConsentFormOrMeetingElectronicSignatureRequest:document	29034.52,20161.22 30809.39,19913.17
edge:declared:db.IaConsentFormOrMeetingElectronicSignatureRequestModusignDocument:electronic_signature_request	28092.53,20077.9 28735.27,20175.09
edge:declared:db.IaConsentFormOrMeetingElectronicSignatureRequestModusignEmbeddedDraft:electronic_signature_request	26158.77,22955.97 28875.34,20267.22
edge:declared:db.IaConsentFormOrMeetingElectronicSignatureRequestStatusHistory:electronic_signature_request	30086.59,21732.13 28944.02,20267.22
edge:declared:db.IaConsentFormOrMeetingElectronicSignatureRequestUploadedModusignDocument:electronic_signature_request	27278.86,21329.36 28786.59,20267.22
edge:declared:db.IaConsentFormOrMeetingElectronicSignatureRequiredDocument:consent_form_or_meeting	30887.96,19807.17 30561.15,19149.53
edge:declared:db.IaConsentFormOrMeetingElectronicSignatureRequiredDocument:edited_file	30712.64,19826.93 20542.54,18143.86
edge:declared:db.IaConsentFormOrMeetingElectronicSignatureRequiredDocument:partner	31033.21,19807.17 35389.93,18068.06
edge:declared:db.IaConsentFormOrMeetingEsigRequiredDocumentPageRange:esig_required_document	31706.4,19242.47 30982.85,19807.17
edge:declared:db.IaConsentFormOrMeetingEsigRequiredDocumentPageRange:page_range_document	31954.81,19195.92 32654.15,19138.61
edge:declared:db.IaConsentFormOrMeetingGuideEmail:consent_form_or_meeting	30987.85,18632.14 30597.33,19043.53
edge:declared:db.IaConsentFormOrMeetingGuideEmailRecipient:consent_form_or_meeting_guide_email	30994.97,18374.18 31023.25,18558.14
edge:declared:db.IaDocumentArchive:investment_association	29962.49,13930.85 28509.71,15740.97
edge:declared:db.IaDocumentArchiveAttachment:ia_document_archive	29688.16,14020.11 29903.09,13930.85
edge:declared:db.IaExpertPartnerBulkEmailTemplate:legal_partner	20984.03,15014.69 21794.56,14053.01
edge:declared:db.IaFoundingProgressStatus:investment_association	29566.39,17033.31 28536.44,16006.97
edge:declared:db.IaGpAppointmentEvent:partner	32527.31,17409.11 35389.93,17974.79
edge:declared:db.IaGpTerminationEvent:appointment_event	32641.48,17718.03 32432.99,17430.06
edge:declared:db.IaGpTerminationEvent:partner	32795.16,17764.51 35389.93,17993.23
edge:declared:db.IaInvestmentCertificateRegistrationRequest:partner	35584.71,19690.41 35554.91,18109.17
edge:declared:db.IaLegalPartnerRelation:investment_association	25487.14,14448.15 28248.97,15798.67
edge:declared:db.IaLegalPartnerRelation:legal_partner	25293.47,14394.87 22063.71,13949.26
edge:declared:db.IaMeeting:consent_form_or_meeting	31308.51,21440.93 30560.76,19149.53
edge:declared:db.IaMeetingAgenda:meeting	32301.51,20620.12 31442.59,21440.93
edge:declared:db.IaMeetingAgendaVote:agenda	32144.17,23003.25 32370.49,20620.12
edge:declared:db.IaMeetingAgendaVote:electronic_signature	32104.12,23003.25 28980.01,20267.22
edge:declared:db.IaMeetingAgendaVote:partner	32166.59,23003.25 35477,18109.17
edge:declared:db.IaMeetingConvocationNoticeEmail:ia_meeting	31974.01,22457.05 31362.02,21562.93
edge:declared:db.IaMeetingConvocationNoticeRecipient:convocation_notice_email	31843.76,21487.11 31985.49,22457.05
edge:declared:db.IaMeetingMinutesDocument:meeting	32011.79,20010.45 31368.56,21440.93
edge:declared:db.IaMeetingNoticeDocument:meeting	31773.77,19870.06 31353.35,21440.93
edge:declared:db.IaMeetingSealedNoticeDocumentFile:ia_meeting	29352.77,19627.86 31258.01,21440.93
edge:declared:db.IaMeetingShortenPeriodDocument:meeting	33593.62,18381.38 31378.51,21440.93
edge:declared:db.IaMeetingShortenPeriodDocument:partner	33809,18299.38 35389.93,18034.86
edge:declared:db.IaModusignDocumentUsageHistory:investment_association	25380.59,13188.94 28253.26,15740.97
edge:declared:db.IaOperation:_deprecated_investment_association	31650.73,15617.86 28556.97,15861.83
edge:declared:db.IaOperation:ia_operation_management	31742.45,15645.56 31607.67,15835.27
edge:declared:db.IaOperationManagement:investment_association	31463.39,15872.33 28556.97,15873.89
edge:declared:db.IaOwner:investment_association	31370.95,16769.81 28556.97,15920.45
edge:declared:db.IaOwner:partner	31622.95,16842.06 35389.93,17957.53
edge:declared:db.IaOwnerAuditLog:investment_association	23526.01,1670 28357.3,15740.97
edge:declared:db.IaPartnerDataCollection:investment_association	25535.92,17163.79 28248.97,15943.25
edge:declared:db.IaPartnerDataCollectionItem:address	24168.33,17465.5 23329.67,18515.89
edge:declared:db.IaPartnerDataCollectionItem:ia_partner_data_collection	24340.1,17400.26 25320.78,17226.73
edge:declared:db.IaPartnerDataCollectionItemReply:address	24164.47,17589.5 23341.45,18515.89
edge:declared:db.IaPartnerDataCollectionItemReply:ia_partner_data_collection	24351.22,17507.5 25320.78,17239.11
edge:declared:db.IaPartnerDataCollectionItemReply:ia_partner_data_collection_item	24203.1,17507.5 24203.1,17465.5
edge:declared:db.IaPartnerInvestmentConfirmation:partner	32281.37,16463.22 35389.93,17929.92
edge:declared:db.IaPartnerInvestmentConfirmationEmailRecipient:ia_partner_investment_confirmation_email	13408.97,2612.72 13333.54,2679.58
edge:declared:db.IaPartnerWithdrawalEvent:partner	35526.65,17519.1 35569.25,17891.17
edge:declared:db.IaPaymentLink:investment_association	26099.62,12052.53 28322.81,15740.97
edge:declared:db.IaPfCompany:investment_association	28650.94,16557.8 28451.2,16006.97
edge:declared:db.IaPfCompanyInvestment:ia_pf_company	29227.1,22265.55 28668.03,16631.8
edge:declared:db.IaPfCompanyInvestmentSalesIntent:ia_pf_company_investment	30963.27,22569.3 29355.17,22325.36
edge:declared:db.IaPfCompanyInvestmentStock:ia_pf_company_investment	28768.55,22624.78 29171.57,22347.55
edge:declared:db.IaQuestionThread:investment_association	21784.31,11812.78 28248.97,15779.48
edge:declared:db.IaRule:address	25307.69,18953.95 23377.68,18662.27
edge:declared:db.IaRule:file	25307.69,18950.04 20542.54,18144.06
edge:declared:db.IaRule:investment_association	25488.35,18911 28292.51,16006.97
edge:declared:db.IaRuleCompensation:rule	26394.37,19250.81 25567.69,19019.07
edge:declared:db.IaRuleDocument:rule	28768.06,19118.1 25567.69,18971.46
edge:declared:db.IaRuleInvestment:rule	26605.56,18552.98 25543.12,18911
edge:declared:db.IaRuleMeeting:rule	25327.19,19438.6 25369.86,19033
edge:declared:db.IaRulePartner:rule	25978.03,19282.69 25484.77,19033
edge:declared:db.IaSealStamp:image_file	22304.88,18191.08 20542.54,18119.66
edge:declared:db.IaSealStamp:investment_association	22534.36,18155.1 28248.97,15933.83
edge:declared:db.IaSealStampImage:seal_stamp	21594.22,18188.18 22304.88,18194.92
edge:declared:db.IaUserInvitation:ia_owner	31170.21,16131.7 31477.14,16766.84
edge:declared:db.IaUserInvitation:investment_association	31026.4,16080.92 28556.97,15886.12
edge:declared:db.IaUserInvitationInvitee:_deprecated_individual_partner	33642.39,15918.53 33175.23,16394.65
edge:declared:db.IaUserInvitationInvitee:invitation	33566.47,15880.33 31274.4,16079.9
edge:declared:db.IaUserInvitationInvitee:legal_representative	33691.06,15918.53 33695.84,16316.31
edge:declared:db.IaUserInvitationInvitee:manager	33650.8,15918.53 33164.95,16518.65
edge:declared:db.IaUserInvitationInvitee:partner	33733.37,15918.53 35451.5,17891.17
edge:declared:db.IaWrittenResolutionDocument:meeting	34039.03,18381.38 31388.32,21440.93
edge:declared:db.IaWrittenResolutionDocument:partner	34219.8,18299.38 35389.93,18044.75
edge:declared:db.ImAccessLog:investor_matching	28018,9700.18 26706.44,9061.91
edge:declared:db.ImAccessLog:venture_capital	28212.03,9757.83 34062.21,10781.4
edge:declared:db.ImAttachment:investor_matching	30339.9,9667.04 26706.44,9018.17
edge:declared:db.ImAttachmentDownloadLog:attachment	32243.41,10405.79 30565.71,9730.18
edge:declared:db.ImAttachmentDownloadLog:venture_capital	32453.29,10465.69 34062.21,10777.89
edge:declared:db.ImAttachmentPdfEvent:attachment	31734.04,9881.83 30587.9,9707.99
edge:declared:db.ImAttachmentPdfEvent:pdf_event	31774.27,9859.64 31309.26,9632.03
edge:declared:db.ImAttachmentPdfEvent:venture_capital	31965.29,9941.64 34062.21,10743.25
edge:declared:db.ImBrokerAssignment:_deprecated_assigned_companies	27285.85,9914.57 16844.82,10810.58
edge:declared:db.ImBrokerAssignment:assigned_investors	27533.85,9920.43 34062.21,10789.11
edge:declared:db.ImBrokerAssignment:im_broker	27533.85,9932.1 29931.33,10476.68
edge:declared:db.ImBrokerAssignment:investor_matching	27364.38,9854.93 26650.73,9085.81
edge:declared:db.ImBrokerAssignmentInvitedUser:broker_assignment	29336.61,10077.56 27533.85,9915.1
edge:declared:db.ImBrokerAssignmentInvitedUser:venture_capital	29613.61,10111.04 34062.21,10785.69
edge:declared:db.ImConsultingRequest:company	25396.73,7055.79 16844.82,10744.92
edge:declared:db.ImConsultingRequest:investor_matching	25514,7055.79 26514.01,8899.81
edge:declared:db.ImContactRequest:investor_matching	28291.37,9696.18 26706.44,9050.65
edge:declared:db.ImContactRequest:venture_capital	28516.03,9759.98 34062.21,10779.76
edge:declared:db.ImContactRequestIntention:im_contact_request	28144.26,9500.98 28349.02,9696.18
edge:declared:db.ImDay:recipients	30771.19,9023.97 30610.33,8525.07
edge:declared:db.ImDay:venture_capitals	30884.37,9121.97 34062.21,10721
edge:declared:db.ImDayParticipation:im_day	30552.24,8814.4 30742.5,9023.97
edge:declared:db.ImDayParticipation:investor_matching	30383.75,8772.55 26706.44,8984.62
edge:declared:db.ImDayParticipation:venture_capital	30597.19,8814.4 34062.21,10712.78
edge:declared:db.ImDayParticipationAttachment:participation	30037.11,8176.02 30468.62,8716.4
edge:declared:db.ImDaySurvey:im_day	28773.32,8946.22 30662.99,9065.16
edge:declared:db.ImDaySurvey:investor_matching	28537.32,8941.84 26706.44,8989.14
edge:declared:db.ImDisclosing:investor_matching	27362.15,7577.42 26616.85,8899.81
edge:declared:db.ImInvestorBroker:venture_capital	32186.45,10663.59 34062.21,10800.19
edge:declared:db.ImInvestorMemo:investor_matching	28028.55,9820.18 26706.44,9073.05
edge:declared:db.ImInvestorMemo:venture_capital	28212.03,9875.52 34062.21,10784.99
edge:declared:db.ImIrPartnerBrokerOwnerRelation:im_ir_partner_broker	28513.14,10467.26 28724.02,10396.42
edge:declared:db.ImNote:investor_matching	27104.52,8341.48 26641.56,8899.81
edge:declared:db.ImTag:investor_matching_set	28342.95,8374.3 26706.44,8943.43
edge:declared:db.ImWatching:_deprecated_investor_matching	27376.62,9994.93 26639.81,9085.81
edge:declared:db.ImWatching:company	27285.85,10045.05 16844.82,10812.91
edge:declared:db.ImWatching:venture_capital	27533.85,10050.04 34062.21,10792.66
edge:declared:db.InauguralConsentDocument:director_change_agenda	13883.47,22748.52 14446.24,22523.29
edge:declared:db.IncorporationBenefitRequest:incorporation_request	21694.99,15053.11 21509.61,15122.04
edge:declared:db.IncorporationBenefitRequest:tax_partner	21801.07,14979.11 21896.79,14053.01
edge:declared:db.IncorporationRequest:address	21415.31,15280.59 23159.76,18515.89
edge:declared:db.IncorporationRequest:balance_certificate_account_file	21325.41,15280.59 20427.36,17894.96
edge:declared:db.IncorporationRequest:balance_certificate_account_holder	21371.2,15280.59 22071.2,17539.64
edge:declared:db.IncorporationRequest:company	21247.76,15070.59 16844.82,11002.11
edge:declared:db.IncorporationRequest:company_question_thread	21247.42,15070.59 19149.79,13134.02
edge:declared:db.IncorporationRequestAoiFile:incorporation_request	21613.28,14863.95 21445.8,15070.59
edge:declared:db.IncorporationRequestAssistance:incorporation_request	21656.75,15147.83 21509.61,15163.24
edge:declared:db.IncorporationRequestAssistance:legal_partner	21801.07,15095.11 21898.07,14053.01
edge:declared:db.IncorporationRequestAssistanceReceipt:incorporation_request_assistance	21442.53,16378.01 21785.54,15177.11
edge:declared:db.IncorporationRequestDirector:address	22107.33,17497.64 23116.71,18515.89
edge:declared:db.IncorporationRequestDirector:incorporation_request	22072.02,17423.64 21371.97,15280.59
edge:declared:db.IncorporationRequestPromoter:address	22120.63,17637.64 23108.99,18515.89
edge:declared:db.IncorporationRequestPromoterCustodian:address	22524.33,17833.51 23138.24,18515.89
edge:declared:db.IncorporationRequestPromoterCustodian:promoter	22413.72,17759.51 22188.66,17637.64
edge:declared:db.IncorporationRequestPromoterInstitutionCeo:promoter	22414.41,15754.67 22114.2,17539.64
edge:declared:db.IncorporationRequestPurpose:incorporation_request	20962.49,15196.38 21213.61,15184.5
edge:declared:db.IndividualInvestorCompanyCeo:company_info	25859.93,22363.18 25682.86,22598.16
edge:declared:db.IndividualInvestorCompanyInfo:address	25626.17,22598.16 23302.29,18765.89
edge:declared:db.IndividualInvestorCompanyInfo:company	25699.19,22680.16 29609.59,26074.41
edge:declared:db.IndividualInvestorCompanyName:non_unified_share_company	31682.89,26167.94 29814.47,26141.27
edge:declared:db.IndividualInvestorCompanyParValue:non_unified_share_company	29009.36,26182.17 29554.47,26147.64
edge:declared:db.IndividualInvestorCompanyShareClass:non_unified_share_company	29560.55,28679.4 29681.3,26204.41
edge:declared:db.IndividualInvestorCompanyShareStock:_deprecated_non_unified_stock_create_request	29103.71,26581.12 28898.92,29676.67
edge:declared:db.IndividualInvestorCompanyShareStock:_deprecated_stock_unissued_confirmation_file	29106.79,26581.12 29092.52,31031.78
edge:declared:db.IndividualInvestorCompanyShareStock:management_history	29077.61,26581.12 28178.23,28082.9
edge:declared:db.IndividualInvestorCompanyShareStock:non_unified_share_company	29179.01,26483.12 29588.88,26204.41
edge:declared:db.IndividualInvestorCompanyShareStock:share_class	29117.09,26581.12 29551.09,28679.4
edge:declared:db.IndividualInvestorEvent:company	33498.53,29570.19 29756.73,26204.41
edge:declared:db.IndividualInvestorStakeholder:address	25626.95,22722.16 23299.92,18765.89
edge:declared:db.IndividualInvestorStakeholder:company	25700.93,22804.16 29606.84,26074.41
edge:declared:db.IndividualInvestorUser:address	24412.53,20214.68 23325.3,18765.89
edge:declared:db.IndividualStockOption:company	28169.63,23843.45 29641.58,26074.41
edge:declared:db.IndividualStockOption:create_request	28262.02,23757.55 28933.84,23608.19
edge:declared:db.IndividualStockOption:grantee	28117.45,23729.45 27808.68,22521.32
edge:declared:db.IndividualStockOptionCreateRequestEtcFile:create_request	29891.61,23541.45 29247.84,23567.05
edge:declared:db.IndividualStockOptionGrantContract:individual_stock_option	27821.66,23427.74 28082.7,23729.45
edge:declared:db.IndividualStockOptionGrantee:stakeholder	27668.22,22501.33 25788.96,22745.37
edge:declared:db.IndividualStockOptionResumeEvent:pause_event	30628.4,31267.65 29990.99,28783.23
edge:declared:db.IndividualStockOptionSalesIntent:individual_stock_option	30844,23695.84 28262.02,23782.11
edge:declared:db.IndividualStockOptionVesting:individual_stock_option	28734.39,24237.01 28208.23,23843.45
edge:declared:db.IndividualStockOptionVestingItem:individual_stock_option_vesting	28873.68,24055.51 28799.07,24237.01
edge:declared:db.IndividualStockOptionVestingTraceable:individual_stock_option	28469.07,23372.29 28178.41,23729.45
edge:declared:db.InputSignupChannel:input_channel	24784.04,14023.62 25153.55,14227.92
edge:declared:db.InstitutionStakeholderManager:institution_stakeholder	11878.12,21847.92 11897.75,21384.87
edge:declared:db.InternetRegistryOfficeOtp:company	17605.27,15453.29 16692.59,11043.88
edge:declared:db.InternetRegistryOfficeOtp:director	17582.1,15535.29 17237.97,15591.2
edge:declared:db.InternetRegistryOfficeOtpReturnRequest:internet_registry_office_otp	22172.81,19832.37 17656.52,15535.29
edge:declared:db.InternetRegistryOfficeOtpReturnRequest:recipient_address	22228.15,19832.37 23171.2,18765.89
edge:declared:db.InvestmentAgreement:document	16690.88,16967.08 18480.05,14382.43
edge:declared:db.InvestmentAgreement:stakeholder	16580.79,17041.08 11989.61,19052.72
edge:declared:db.InvestmentAgreementDocument:company	18488.35,14284.43 16768.46,11043.88
edge:declared:db.InvestmentAgreementDocument:pdf_file	18538.14,14382.43 20245.68,17894.96
edge:declared:db.InvestmentAssociation:venture_capital	28556.55,15740.97 34062.21,10972.94
edge:declared:db.InvestmentAssociationDocument:investment_association	32720.21,19070.71 28556.97,15996.06
edge:declared:db.InvestmentAssociationEvent:investment_association	30529.11,17065.97 28556.97,15960.31
edge:declared:db.InvestmentAssociationIndividualPartnerLegalRepresentative:ward	33498.28,16382.36 33309,16410.12
edge:declared:db.InvestmentAssociationOrganizationPartnerCeo:organization_partner	35003.74,16088.88 34540.47,16106.71
edge:declared:db.InvestmentAssociationOrganizationPartnerCorporationSignerCeo:corporation	34984.53,13869.91 34890.74,13788.86
edge:declared:db.InvestmentAssociationOrganizationPartnerManager:organization_partner	31964.28,14481.88 34287.06,16064.7
edge:declared:db.InvestmentAssociationOrganizationPartnerSigner:_deprecated_manager	34090.7,14060.28 32107.98,14409.96
edge:declared:db.InvestmentAssociationOrganizationPartnerSigner:organization_partner	34290.21,14070.36 34357.32,16064.7
edge:declared:db.InvestmentAssociationPartner:address	35389.93,18010.15 23377.68,18631.1
edge:declared:db.InvestmentAssociationPartner:investment_association	35389.93,17955.45 28556.97,15917.84
edge:declared:db.InvestmentAssociationPartnerManager:partner	33199.65,16592.65 35389.93,17910.31
edge:declared:db.InvestmentAssociationPartnerResume:partner	36751.69,16003.7 35622.33,17891.17
edge:declared:db.InvestmentAssociationPartnerResume:signer	36727.33,15921.7 34346.57,14070.36
edge:declared:db.InvestmentAssociationPartnerResumeItem:resume	36906.16,15559.93 36792.89,15921.7
edge:declared:db.InvestmentAssociationPartnerSalesIntent:partner	33569.73,22109.78 35498.39,18109.17
edge:declared:db.InvestmentAssociationShare:investment_association	31388.32,16890.84 28556.97,15926.43
edge:declared:db.InvestmentAssociationShare:partner	31616.95,16956.79 35389.93,17962.3
edge:declared:db.InvestmentRound:company	16639.53,8271.83 16653.52,10609.88
edge:declared:db.InvestmentRoundNewIssueEvent:investment_round	16840.58,7844.75 16660.66,8189.83
edge:declared:db.InvestmentRoundNewIssueEvent:new_issue_event	16871.83,7770.75 16899.38,7685.47
edge:declared:db.InvestmentSimulation:company	16375.09,4096.13 16645.8,10609.88
edge:declared:db.InvestmentSimulationInitialOption:option_grantee	12918.68,3822.59 13329.68,3951.26
edge:declared:db.InvestmentSimulationInitialOptionGrantee:simulation	13626.87,3992.11 16249.22,4048.47
edge:declared:db.InvestmentSimulationInitialShareholder:simulation	11876.59,3015.32 16249.22,4022.57
edge:declared:db.InvestmentSimulationInitialStock:shareholder	10174.17,590.03 11692.08,2941.32
edge:declared:db.InvestmentSimulationInvestor:simulation_round	18355.99,562.29 15240.11,3420.57
edge:declared:db.InvestmentSimulationNewIssueInvestment:investor	17990.06,2275.3 18391.08,562.29
edge:declared:db.InvestmentSimulationPurchaseInvestment:investor	20848.86,2572.21 18449.62,562.29
edge:declared:db.InvestmentSimulationPurchaseSellStock:seller	21183.08,2066.33 20912.8,2572.21
edge:declared:db.InvestmentSimulationRound:simulation	15272.93,3494.57 16284.26,4006.13
edge:declared:db.InvestorInterest:venture_capital	35495.72,12109.71 34430.21,11004.45
edge:declared:db.InvestorMatching:_deprecated_excluded_companies	26422.44,9019.09 16844.82,10791.71
edge:declared:db.InvestorMatching:excluded_investors	26706.44,9026.47 34062.21,10769.98
edge:declared:db.InvestorRelations:previous_investors	28477.34,5048.03 34062.21,10629.7
edge:declared:db.InvestorRelationsSurvey:_deprecated_preferred_investors	31702.52,7855.4 34069.93,10608.59
edge:declared:db.InvestorRelationsSurvey:investor_relations	31628.3,7781.4 28496.09,5048.03
edge:declared:db.InvitationSeat:allocated_seat	10635,12164.01 10562.18,13531.01
edge:declared:db.InvitationSeat:invitation_seat_request	10652.37,12090.01 11756.09,9437.45
edge:declared:db.InvitationSeatRequest:company	11897.15,9432.78 16464.82,10771.21
edge:declared:db.IrAiAnalysis:investor_relations	28959.99,4393.93 28498.55,4790.03
edge:declared:db.IrAiAnalysisLike:ai_analysis	29397,3869.4 29032.99,4319.93
edge:declared:db.IrAiSummary:investor_relations	29631.92,4755.23 28502.27,4899.38
edge:declared:db.IrAlert:ir_set	31926.38,7777.4 28502.27,5042.05
edge:declared:db.IrAlert:venture_capital	32008.75,7859.4 34090.95,10608.59
edge:declared:db.IrAlertInvestorRelations:investor_relations	31087.67,6872.06 28502.27,5028.82
edge:declared:db.IrAlertInvestorRelations:ir_alert	31173.67,6946.06 31939.91,7777.4
edge:declared:db.IrApproval:investor_relations	28436.25,4314.05 28367.03,4790.03
edge:declared:db.IrApprovalNotificationDismiss:ir_approval	28532.39,3906.14 28450.68,4240.05
edge:declared:db.IrBrokerActivity:investor_relations	28783.55,6733.1 28379.22,5048.03
edge:declared:db.IrBrokerActivity:vc_user_relations	28831.45,6807.1 30548.36,8435.07
edge:declared:db.IrClosing:investor_relations	30293.69,3897.6 28502.27,4838.17
edge:declared:db.IrCommittedInvestmentAmount:investor_relations	31629.99,7901.4 28490.22,5048.03
edge:declared:db.IrCommittedInvestmentAmount:venture_capital	31703.84,7975.4 34062.58,10608.59
edge:declared:db.IrCompanyCreate:company	23769.47,7178.45 16844.82,10729.45
edge:declared:db.IrFeed:investor_relations	27711.47,5088.49 28194.27,4960.01
edge:declared:db.IrFeedAccessLog:ir_feeds	27883.36,5243.64 27696.48,5166.49
edge:declared:db.IrFeedAccessLog:venture_capital	28014.94,5317.64 34062.21,10651.3
edge:declared:db.IrFeedRating:ir_feed	27676.96,4916.27 27607.09,5076.49
edge:declared:db.IrFundRaising:investor_relations	32734.16,4914.02 28502.27,4918.85
edge:declared:db.IrFundRaising:venture_capital	32868.75,4958.88 34197.98,10608.59
edge:declared:db.IrFundRaisingMemo:fund_raising	32178.55,5205.15 32753.16,4958.88
edge:declared:db.IrFundRaisingStageLog:fund_raising	32336.86,2136.87 32849.71,4868.88
edge:declared:db.IrInsightClub:pitching_day_hall	32594.25,6408.06 32383.69,6344.36
edge:declared:db.IrInsightClub:venture_capitals	32732.59,6486.58 34174.5,10608.59
edge:declared:db.IrInsightClubParticipation:investor_relations	31932.02,5493.54 28502.27,4943.72
edge:declared:db.IrInsightClubParticipation:ir_insight_club	32093.25,5559.3 32689.34,6404.58
edge:declared:db.IrInsightClubParticipationAttendee:ir_insight_club_participation	31735.21,5119.24 32024.35,5469.3
edge:declared:db.IrInsightClubSurvey:ir_insight_club_participation	32380.76,5582.43 32191.02,5541.94
edge:declared:db.IrInvestorFeedback:venture_capital	34359.47,11162.82 34312.69,11018.59
edge:declared:db.IrNote:investor_relations	29923.92,4752.63 28502.27,4902.77
edge:declared:db.IrSearchMetadata:investor_relations	29631.92,4861.46 28502.27,4912.12
edge:declared:db.IrSubscription:company	14860.5,5428.19 16582.7,10609.88
edge:declared:db.IrSubscriptionMarketingRequest:ir_subscription	13462.86,5448.56 14730.2,5396.08
edge:declared:db.IrTeamMember:investor_relations	29923.92,4860.55 28502.27,4913.31
edge:declared:db.IrTranscript:investor_relations	29631.92,4967.7 28502.27,4924.87
edge:declared:db.IrosOtpIssueMeetingDocument:stakeholder	10709.24,23514.8 11782.06,19282.45
edge:declared:db.LawtalkSignup:company	19186.68,15530.76 16778.96,11043.88
edge:declared:db.LawtalkSignupAttachment:lawtalk_signup	19418.62,16207.34 19221.8,15604.76
edge:declared:db.LedgerByCustomerDocument:new_issue	17995.91,24847.3 16850,22833.42
edge:declared:db.LegalPartner:address_for_express_delivery	22029.95,13803.01 22815.52,13098.21
edge:declared:db.LegalPartner:logo	21863.19,14053.01 20433.3,17894.96
edge:declared:db.LegalPartnerEmail:legal_partner	22157.3,14361.46 21981.11,14053.01
edge:declared:db.LegalPartnerPaypleSettings:legal_partner	22494.51,14361.46 22063.71,14042.15
edge:declared:db.LegalPartnerRegistrationAssistanceSettings:legal_partner	22161.48,14477.46 21966.99,14053.01
edge:declared:db.LegalPartnerSignupChannel:legal_partner	22979.27,13662.48 22063.71,13889.78
edge:declared:db.LegalPartnerSlackChannels:legal_partner	22504.38,14477.46 22045,14053.01
edge:declared:db.LegalPartnerUserRelation:legal_partner	22164.28,14593.46 21957.53,14053.01
edge:declared:db.ManualOptionVestingItem:manual_option_vesting	15331.94,18415.01 15437.85,18274.05
edge:declared:db.Meeting:company	17838.32,16942.92 16690.83,11043.88
edge:declared:db.Meeting:electronic_signature_selected_ceo	17813.73,16942.92 17211.47,15737.2
edge:declared:db.Meeting:employee_attorney	18005.74,16969.59 18093.96,16835.98
edge:declared:db.Meeting:meeting_draft	17835.77,17176.92 17108.48,20529.24
edge:declared:db.Meeting:new_articles_of_incorporation_file	18005.74,17117.29 20162.54,18038.31
edge:declared:db.Meeting:new_corporate_registration	17918.67,16942.92 18943.39,14839.78
edge:declared:db.MeetingAttachment:meeting	18455.09,17132.38 18005.74,17069.91
edge:declared:db.MeetingDirectorContact:meeting	16612.57,17271.78 17709.74,17086.07
edge:declared:db.MeetingDirectorContact:stakeholder	16400.28,17329.63 11989.61,19060.31
edge:declared:db.MeetingDocument:directors_meeting	16202.43,26871.6 16058.35,20549.97
edge:declared:db.MeetingDocument:meeting	16235.21,26871.6 17839.8,17176.92
edge:declared:db.MeetingDocument:shareholders_meeting	16221.06,26871.6 16464.08,23311.88
edge:declared:db.MeetingDocumentCache:meeting_document	19757.01,28374.28 16383.01,27134.03
edge:declared:db.MeetingDocumentGeneration:meeting	20398.14,21266.86 17933.36,17176.92
edge:declared:db.MeetingDocumentGenerationItem:meeting_document	21327.74,27614.85 16383.01,27088.6
edge:declared:db.MeetingDocumentGenerationItem:meeting_document_generation	21456.16,27592.96 20428.13,21340.86
edge:declared:db.MeetingDocumentManualModification:meeting_document	18443.41,28490.28 16383.01,27181.65
edge:declared:db.MeetingDraft:company	17075.69,20529.24 16663.14,11043.88
edge:declared:db.MeetingDraftAgendaDirectorChange:meeting_draft	16688.76,19590.07 17032.67,20529.24
edge:declared:db.MeetingDraftAgendaDirectorChange:stakeholder	16526.86,19539.9 11989.61,19140.08
edge:declared:db.MeetingDraftAgendaDirectorCompensation:meeting_draft	15459.37,19411.08 16921.25,20626.05
edge:declared:db.MeetingDraftAgendaDirectorCompensationItem:director_compensation	14435.34,20239.5 15183.55,19411.08
edge:declared:db.MeetingDraftAgendaDirectorCompensationItem:stakeholder	14182.91,20239.5 11989.61,19187.2
edge:declared:db.MeetingDraftRegistrationAssistance:meeting_draft	17176.88,21278.05 17108.17,20819.24
edge:declared:db.MeetingDraftSchedule:meeting_draft	16675.84,20408.46 16921.25,20580.07
edge:declared:db.MembershipContentAccessLog:membership_content	2201.23,1259.04 2668.33,1804.78
edge:declared:db.MembershipContentAuthorRelation:author	26148.1,26609.1 25994.93,26373.7
edge:declared:db.MiraeassetAccount:relation	9764.6,10358.87 9886.93,10699.3
edge:declared:db.MnaBuyer:company	14500.79,5544.19 16566.34,10609.88
edge:declared:db.MnaBuyerAttachment:mna_buyer	14098.95,6998.98 14476.11,5544.19
edge:declared:db.ModusignApiLog:modusign_account	21740.17,20014.92 21751.36,20458.36
edge:declared:db.ModusignAuthentication:modusign_account	21553.28,20161.85 21726.03,20458.36
edge:declared:db.ModusignCompanyUserConnection:company	24183.27,7178.45 16844.82,10734.8
edge:declared:db.ModusignDocument:_option_grant_contract	22830.26,20671.69 20632.12,18911.68
edge:declared:db.ModusignDocument:audit_trail_file	22849.09,20671.69 20542.54,18307.53
edge:declared:db.ModusignDocumentActionHistory:modusign_document	23239.42,20584.5 23063.78,20694.46
edge:declared:db.ModusignDocumentActionHistory:modusign_document_participant	23309.49,20510.5 23171.33,20197.77
edge:declared:db.ModusignDocumentModusignAccountRelation:modusign_account	21995.16,20342.02 21835.64,20458.36
edge:declared:db.ModusignDocumentModusignAccountRelation:modusign_document	22133.94,20342.02 22791.78,20683.35
edge:declared:db.ModusignDocumentModusignApiKeyRelation:modusign_api_key	22355.33,20967.28 22204.74,21187.82
edge:declared:db.ModusignDocumentModusignApiKeyRelation:modusign_document	22476.52,20893.28 22791.78,20805.14
edge:declared:db.ModusignDocumentParticipant:modusign_document	23138.25,20197.77 22964.42,20671.69
edge:declared:db.ModusignEmbeddedDraft:modusign_account	21927.91,22155.05 21758.45,20556.36
edge:declared:db.ModusignEmbeddedDraft:modusign_api_key	21945.98,22155.05 22174.78,21261.82
edge:declared:db.ModusignEmbeddedDraft:modusign_document	21970.27,22155.05 22880.37,20833.69
edge:declared:db.ModusignExceededSignings:company	23042.71,7294.45 16844.82,10721.81
edge:declared:db.ModusignIaUserConnection:investment_association	28824.77,14913.6 28461.38,15740.97
edge:declared:db.NaverWorkplaceEmployee:naver_workplace_company	25479.79,13828.97 25630.04,13932.76
edge:declared:db.NcpSignupChannel:naver_workplace_company	25432.78,13944.33 25565.61,13957.8
edge:declared:db.NewIssueNoticeEmail:new_issue	13043,23366.03 16664.3,22747.2
edge:declared:db.NewIssueNoticeEmailRecipient:bulk_email_recipient	13572.63,22075.91 19780.06,18599.35
edge:declared:db.NewIssueNoticeEmailRecipient:email	13467.87,22157.91 12941.71,23323.92
edge:declared:db.NewIssueNoticeEmailRecipient:shareholder	13459.65,22157.91 12442.7,23318.23
edge:declared:db.NewIssueSkipNoticeDocument:new_issue_agenda	18421.23,24843.3 16866.28,22833.42
edge:declared:db.NewIssueSkipNoticeDocument:shareholder	18293.18,24843.3 12523.67,23416.57
edge:declared:db.NewIssueStockAcceptanceDocument:new_issue_item	18617.88,26462.74 18823.52,26501.2
edge:declared:db.NewIssueStockAllocationDocument:bonus_issue_agenda	18015.53,24967.3 17817.27,19928.89
edge:declared:db.NewIssueStockAllocationDocument:new_issue_agenda	17994.81,24967.3 16847.43,22833.42
edge:declared:db.NewIssueStockAllocationRecordDateNoticeDocument:bonus_issue_agenda	18235.88,25882.19 17818.56,19928.89
edge:declared:db.NewIssueStockSubscriptionDocument:new_issue_item	18188.38,26553.65 18823.52,26519.32
edge:declared:db.NewIssueStockUnissuedConfirmationDocument:new_issue_item	18640.38,26538.11 18823.52,26528.61
edge:declared:db.NonUnifiedShareCreateRequest:stock_unissued_confirmation_file	28902.46,29766.67 29085.86,31031.78
edge:declared:db.NonUnifiedShareEtcFile:create_request	28670.89,28808.72 28884.85,29676.67
edge:declared:db.NonUnifiedShareEtcFile:management_history	28631.78,28734.72 28189.44,28188.9
edge:declared:db.NonUnifiedShareManagement:non_unified_share_company	29156.1,26623.12 29613.47,26204.41
edge:declared:db.NonUnifiedShareManagementHistory:create_request	28171.54,28188.9 28874.67,29676.67
edge:declared:db.NonUnifiedShareManagementHistory:management	28181.17,28082.9 29077.5,26713.12
edge:declared:db.NonUnifiedShareManagementHistory:renew_request	28072.33,28082.9 27942.93,28024.14
edge:declared:db.NonUnifiedShareManagementHistory:stock_unissued_confirmation_file	28163.54,28188.9 29077.91,31031.78
edge:declared:db.NonUnifiedShareManagementSalesIntent:non_unified_share_management	30076.85,25765.17 29155.29,26623.12
edge:declared:db.NonUnifiedShareSucPoaDocument:modusign_document	25180.05,22454.14 23921.95,21222.89
edge:declared:db.NonUnifiedShareSucPoaDocument:request	25278.51,22536.14 27858.17,27934.14
edge:declared:db.NonUnifiedShareSucPoaDocument:user_address	25237.01,22454.14 23289.7,18765.89
edge:declared:db.NonUnifiedShareSucRenewRequest:management	27933.42,27934.14 29053.49,26713.12
edge:declared:db.NonUnifiedShareSucRenewRequest:renew_stock_unissued_confirmation_file	27898.96,28024.14 29073.38,31031.78
edge:declared:db.NotarizationPoA:meeting	16446.13,23387.81 16445.95,23311.88
edge:declared:db.NotarizationPoaDirectorSigner:director	15921.44,23297.06 16079.36,23123.06
edge:declared:db.NotarizationPoaDirectorSigner:notarization_poa	15992.87,23371.06 16408.85,23387.81
edge:declared:db.NotarizationPoaShareholderSigner:notarization_poa	16663.43,23679.82 16556.02,23423.34
edge:declared:db.NotarizationPoaShareholderSigner:shareholder	16917.37,23710.4 17387.56,23966.01
edge:declared:db.Notification:company	14860.77,5544.19 16581.12,10609.88
edge:declared:db.NotificationInbox:notification	15787.82,7024.7 14871.11,5544.19
edge:declared:db.Option:company	16536.23,14972.26 16648.61,11043.88
edge:declared:db.Option:grantee	16517.36,15062.26 15006.65,18929.87
edge:declared:db.Option:sealed_contract_file	16590.45,15062.26 20162.54,17957.94
edge:declared:db.Option:source_meeting	16560.18,15062.26 17792.1,16942.92
edge:declared:db.OptionAdjustment:event	16091.08,12318.47 16328.91,16097.92
edge:declared:db.OptionContractTemplatePermission:company	23371.76,7294.45 16844.82,10726.96
edge:declared:db.OptionExerciseClaim:company	12909.42,17287.7 16528.74,11043.88
edge:declared:db.OptionExerciseClaim:financial_account	12877.96,17287.7 12911.28,16418.98
edge:declared:db.OptionExerciseClaimAttachment:attachment_setting_item	14161.62,16934.44 14328.66,16712.67
edge:declared:db.OptionExerciseClaimAttachment:option_exercise_claim	14058.82,17010.88 13001.65,17319.91
edge:declared:db.OptionExerciseClaimCandidate:option_exercise_claim	13188.53,17129.89 12976.45,17287.7
edge:declared:db.OptionExerciseClaimCandidate:option_exercise_management	13289.2,17039.89 14567.35,15291.5
edge:declared:db.OptionExerciseClaimCandidate:option_grantee	13294.66,17129.89 14941.85,18929.87
edge:declared:db.OptionExerciseClaimCandidate:stock_subscription_file	13398.08,17107.89 20162.54,18080.06
edge:declared:db.OptionExerciseClaimDocumentSetting:management	14460.07,15926.85 14597.81,15291.5
edge:declared:db.OptionExerciseClaimEventRelation:_deprecated_payment	13007.83,17844.97 13143,17723.62
edge:declared:db.OptionExerciseClaimEventRelation:claim	12958.53,17844.97 12865.48,17417.7
edge:declared:db.OptionExerciseClaimEventRelation:event	12954.07,17926.97 12829.26,17969.3
edge:declared:db.OptionExerciseClaimMeetingDocument:exercise_claim	14438.22,21968.53 14101.41,21794.63
edge:declared:db.OptionExerciseClaimMeetingDocument:grantee	14602.9,21968.53 14890.23,21821.41
edge:declared:db.OptionExerciseClaimOption:option_exercise_claim	13173.45,17320.05 13001.65,17352.54
edge:declared:db.OptionExerciseClaimOptionTaxation:_deprecated_claim	13298.35,17454.98 13001.65,17394.73
edge:declared:db.OptionExerciseClaimOptionTaxation:claim_option	13387.14,17454.98 13319.11,17356.9
edge:declared:db.OptionExerciseClaimPayment:option_exercise_claim	13177.75,17649.62 12894.94,17417.7
edge:declared:db.OptionExerciseManagement:company	14638.97,15161.5 16551.31,11043.88
edge:declared:db.OptionExerciseManagement:excluded_institution_set	14477.97,15285 13091.21,15850.12
edge:declared:db.OptionExerciseManagementAttachmentSetting:management	14140.06,16230.66 14579.98,15291.5
edge:declared:db.OptionExerciseManagementAttachmentSettingItem:setting	14285.66,16638.67 14133.11,16304.66
edge:declared:db.OptionExerciseManagementCommonSetting:management	14994.37,15558.94 14680.68,15291.5
edge:declared:db.OptionExerciseManagementEmail:option_exercise_management	14823.61,15807.51 14637.08,15291.5
edge:declared:db.OptionExerciseManagementPaymentBankSetting:company	15453.39,11163.48 16464.82,10880.11
edge:declared:db.OptionExerciseManagementReminderSetting:management	14868.8,15095.19 14737.97,15186.63
edge:declared:db.OptionExerciseManagementTaxation:management	14328.35,15139.26 14477.97,15202.51
edge:declared:db.OptionExerciseManagementTaxationDefaultSetting:company	23767.12,7294.45 16844.82,10732.51
edge:declared:db.OptionGrantContract:_deprecated_template	20545.19,18797.68 19490.52,15485.58
edge:declared:db.OptionGrantContract:_grantee	20433.49,18859.94 15938.32,18950
edge:declared:db.OptionGrantContract:contract_file	20547.92,18797.68 20411.82,18328.96
edge:declared:db.OptionGrantContract:template_revision	20557.93,18797.68 20166.27,16039.07
edge:declared:db.OptionGrantContractModusignDocument:option_grant_contract	21088.51,19281.45 20630.96,18911.68
edge:declared:db.OptionGrantContractModusignEmbeddedDraft:option_grant_contract	21576.16,21182.7 20587.44,18911.68
edge:declared:db.OptionGrantContractStakeholder:company	19597.98,15143.64 16806.48,11043.88
edge:declared:db.OptionGrantContractTemplate:_deprecated_stakeholder	19506.57,15379.58 19601.95,15249.64
edge:declared:db.OptionGrantContractTemplate:company	19441.05,15379.58 16787.7,11043.88
edge:declared:db.OptionGrantContractTemplateDraft:company	18320.2,15512.14 16737.1,11043.88
edge:declared:db.OptionGrantContractTemplateDraft:stakeholder_set	18469.32,15512.14 19490.52,15236.22
edge:declared:db.OptionGrantContractTemplateRevision:stakeholder_set	20130.16,15949.07 19672.38,15249.64
edge:declared:db.OptionGrantContractTemplateRevision:template	20100.05,15949.07 19546.32,15485.58
edge:declared:db.OptionGrantEvent:_deprecated_grantee	15837.38,18516.44 15052.74,18929.87
edge:declared:db.OptionGrantEvent:share_class	15913.82,18418.44 15981.39,18150.84
edge:declared:db.OptionManagement:agenda_option_grant	15465.81,19241.05 16597.12,20172.89
edge:declared:db.OptionManagementStakeholderSeat:option_management	14690.36,18915.26 15303.01,19167.05
edge:declared:db.OptionManagementStakeholderSeat:stakeholder_seat	14453.83,18888.98 10338.43,19171.24
edge:declared:db.OptionResumeEvent:pause_event	31582.9,1061.93 31461.8,1199.5
edge:declared:db.OptionTag:category	15165.37,13006.78 15210.48,12935.6
edge:declared:db.OptionTag:company	15167.18,13006.78 16506.73,11043.88
edge:declared:db.OptionTagCategory:company	15259.3,12861.6 16505.99,11043.88
edge:declared:db.OptionTaxCalculatorSetting:company	24180.79,7294.45 16844.82,10737.7
edge:declared:db.OptionValueChange:company	16223.88,8124.57 16620.21,10609.88
edge:declared:db.OptionValueChange:investment_round	16326.79,8124.57 16518.71,8189.83
edge:declared:db.OptionVesting:_deprecated_grant_event	15556.69,18056.54 15823.8,18418.44
edge:declared:db.Order:seal_card	5060.83,5789.92 3477.99,5890.84
edge:declared:db.OrderPromotionRelation:order	6200.68,7354.65 5216.48,5831.01
edge:declared:db.OrderPromotionRelation:promotion	6247.69,7354.65 6700.57,6629.47
edge:declared:db.OrderStaffInChargeRelation:order	5013.24,3945.21 5180.25,5733.01
edge:declared:db.OrderStaffInChargeRelation:staff_in_charge	4882.78,3918.49 4141.96,3978.48
edge:declared:db.OrderStatusHistory:order	4194.29,7806 5160.85,5831.01
edge:declared:db.OrganizationChart:company	13686.49,11931.37 16464.82,10897.58
edge:declared:db.OtherDocumentArchive:company	19782.51,15966.95 16786.08,11043.88
edge:declared:db.OtherDocumentArchiveAttachment:other_document_archive	19966.32,16418.1 19823.15,16040.95
edge:declared:db.OwnerRole:company	11814.12,9120.13 16464.82,10764.09
edge:declared:db.OwnerRolePermissionRelation:owner_permission	10902.69,8672.93 10622.49,8554.45
edge:declared:db.OwnerRolePermissionRelation:owner_role	11036.37,8746.93 11628.96,9030.15
edge:declared:db.Payment:_company	20552.08,12074.31 16844.82,10887.37
edge:declared:db.Payment:app_card	20812.08,12160.98 20883.13,12182.12
edge:declared:db.Payment:charge	20580.84,12172.7 20345.23,12209.36
edge:declared:db.Payment:credit_card	20812.08,12100.51 22405.32,11914.85
edge:declared:db.Payment:purchase	20812.08,12150.67 21981.81,12401.9
edge:declared:db.PaymentLink:payment_store	24598.97,11787.09 23347.41,12938.74
edge:declared:db.PaymentLink:question_threads	24540.54,11702.24 20709.23,11184.28
edge:declared:db.PaymentRefund:payment	21027.64,11934.72 20812.08,12074.38
edge:declared:db.PaymentRefund:payment_status_history	21107.9,11860.72 21043.06,11794.32
edge:declared:db.PaymentStatusHistory:payment	20957.56,11794.32 20758.13,12058.7
edge:declared:db.PaymentStore:legal_partner	23216.45,13028.74 22063.71,13822.03
edge:declared:db.Payroll:company	7654.25,1654.78 16464.82,10635.38
edge:declared:db.Payroll:setting	7592.77,1654.78 7461.28,10129.33
edge:declared:db.PayrollAnnualSalaryInfo:employee	10219.74,13512.51 10543.93,13853.08
edge:declared:db.PayrollAnnualSalaryItem:item_setting_relation	9801.66,12562.95 8133.28,10466.09
edge:declared:db.PayrollAnnualSalaryItem:payroll_annual_salary_info	9846,12636.95 10168.72,13438.51
edge:declared:db.PayrollDocumentSealStampSetting:_deprecated_ceo	16605.65,14777.07 17138.22,15591.2
edge:declared:db.PayrollDocumentSealStampSetting:company	16580.75,14695.07 16650.46,11043.88
edge:declared:db.PayrollDocumentSealStampSetting:seal_stamp	16731.43,14724.83 16924.23,14716.06
edge:declared:db.PayrollEmployeeMonthlyWage:hrm_emp	7130.14,18168.84 7382,17817.11
edge:declared:db.PayrollLedger:company	12971.94,14000.05 16464.82,10987.13
edge:declared:db.PayrollLedgerAttachment:payroll_ldeger	12453.38,13602.68 12857.13,14000.05
edge:declared:db.PayrollLedgerFile:payroll_ledger	12789.13,13594.33 12899.66,14000.05
edge:declared:db.PayrollLedgerFileModificationRequest:payroll_ledger_file	13139.27,13378.47 12856.33,13520.33
edge:declared:db.PayrollLedgerItemSettingRelation:ledger_item	7941.98,10402.88 7547.47,10356.7
edge:declared:db.PayrollLedgerItemSettingRelation:setting	7983.19,10376.09 7564.76,10211.33
edge:declared:db.PayrollManagementRelation:payroll	9867.09,4429.36 7644.43,1654.78
edge:declared:db.PayrollSetting:ledger_item_set	7453.23,10211.33 7436.15,10305.88
edge:declared:db.PayrollSettlement:company_question_thread_set	13228.56,7976.96 18954.19,12956.02
edge:declared:db.PayrollSettlement:payroll	13145.61,7894.96 7649.41,1654.78
edge:declared:db.PayrollSettlementAutoCreation:payroll	8826.12,4110.63 7624.84,1654.78
edge:declared:db.PayrollSettlementAutoCreation:payroll_question_help_template	8868.2,4184.63 10469.28,6737.07
edge:declared:db.PayrollSettlementProgressLog:payroll_settlement	12357.7,7538.71 13059.04,7949.02
edge:declared:db.PayrollSocialInsuranceSetting:hrm	3340.37,14731.02 3489.66,15101.76
edge:declared:db.PayrollStaffUserRelation:payroll	7354.18,1913.36 7526.65,1654.78
edge:declared:db.PayrollStatement:_deprecated_employee	10852.1,14937.94 10664.86,14055.08
edge:declared:db.PayrollStatement:hrm_emp	10793.39,15059.94 7685.7,17498.8
edge:declared:db.PayrollStatement:payroll_ledger	10995.59,14946.01 12785.1,14103.54
edge:declared:db.PayrollStatementAttendance:payroll_statement	10783.75,15260.72 10856.79,15059.94
edge:declared:db.PayrollStatementDocument:payroll_statement	11895.92,14892.01 10995.59,14962.99
edge:declared:db.PayrollStatementEmail:payroll_ledger	12432.07,17129.51 12896.9,14106.05
edge:declared:db.PayrollStatementEmailRecipient:email	11899.99,18051.92 12410.32,17219.51
edge:declared:db.PayrollStatementEmailRecipient:payroll_statement	11876.49,18051.92 10885.12,15059.94
edge:declared:db.PayrollStatementItem:ledger_item_setting_relation	9706.14,11779.74 8150.76,10466.09
edge:declared:db.PayrollStatementItem:payroll_statement	9763.31,11853.74 10843.57,14937.94
edge:declared:db.PayrollStatementPayrollInformation:payroll_statement	11607.79,15063.88 10995.59,14989.82
edge:declared:db.PayrollStatementScheduledEmail:payroll_statement_email	11848.22,16576.84 12337.94,17129.51
edge:declared:db.PayrollStatementScheduledEmailPeriodicTaskRelation:payroll_statement_scheduled_email	11754.66,16713.85 11774.09,16576.84
edge:declared:db.PeriodicOptionVestingItem:periodic_option_vesting	15121.21,18084.37 15129.04,18167.23
edge:declared:db.PhantomStock:company	10916.73,16741.32 16464.82,11009.91
edge:declared:db.PhantomStock:grantee	10884.85,16839.32 11232.06,18168.7
edge:declared:db.PhantomStockGrantContract:phantom_stock	10641.23,16381.67 10813.94,16741.32
edge:declared:db.PhantomStockResumeEvent:pause_event	16074.57,15531.34 15999.77,15350.21
edge:declared:db.PhantomStockVesting:phantom_stock	10690.51,17113.68 10859.82,16839.32
edge:declared:db.PhantomStockVestingItem:phantom_stock_vesting	10631.92,17452.25 10679.32,17187.68
edge:declared:db.PhantomStockVestingTraceable:phantom_stock	10689.82,17229.68 10860.74,16839.32
edge:declared:db.PhantomStockVestingTraceable:source_vesting_item	10675.93,17303.68 10635.68,17452.25
edge:declared:db.PhoneVerification:phone	8325.9,12693.04 6600.25,10948.29
edge:declared:db.PingpongDelivery:dropoff_address	20296.81,10877.89 22805.26,13008.21
edge:declared:db.PitchingDayHall:assigned_irs	32135.69,6262.84 28502.27,4973.67
edge:declared:db.PitchingDayHallAccessLog:pitching_day_hall	32410.84,6584.78 32284.16,6351.84
edge:declared:db.PitchingDayHallAccessLog:venture_capital	32446.98,6658.78 34157.44,10608.59
edge:declared:db.PitchingDayHallAssignedIrs:investor_relations	30396.26,5427.95 28502.27,4957.3
edge:declared:db.PitchingDayHallAssignedIrs:pitching_day_hall	30599.08,5496.51 32167.47,6261.84
edge:declared:db.PortalMenuVisibilitySetting:company	23040.46,7410.45 16844.82,10725.23
edge:declared:db.PortalSetting:company	23369.4,7410.45 16844.82,10730.21
edge:declared:db.PortfolioCompany:company	28387.28,13044.46 16844.82,10862.76
edge:declared:db.PortfolioCompany:venture_capital	28647.28,13018.82 34062.21,10884.64
edge:declared:db.PortfolioCompanyFund:fund	30051.28,12578.17 31397.68,12425.75
edge:declared:db.PortfolioCompanyFund:portfolio_company	29815.28,12628.16 28647.28,13028.66
edge:declared:db.PortfolioCompanyManager:portfolio_company	28251.43,14800.03 28510.05,13134.01
edge:declared:db.PortfolioCompanyUserRelation:portfolio_company	28604.06,13190.51 28592.25,13134.01
edge:declared:db.PrivacyPolicyLog:privacy_policy	3949.99,32014.16 3962.36,31885.84
edge:declared:db.PromotionAddress:promotion	6647.96,4495.08 6722.34,6555.47
edge:declared:db.PromotionCodeUsageHistory:promotion_code	24953.01,11017.95 24830,10752.45
edge:declared:db.PromotionCodeUsageHistory:service_fee_item	24933.19,11091.95 24592.89,11432.6
edge:declared:db.Purchase:_corporate_registration_paid_issue	22008.61,12546.71 19265.14,14979.04
edge:declared:db.Purchase:_credit	21981.81,12442.07 20676.42,12497.86
edge:declared:db.Purchase:_deprecated_payment_store	22277.81,12504.76 23176.21,12938.74
edge:declared:db.Purchase:_incorporation_request	22099.74,12546.71 21391.68,15070.59
edge:declared:db.Purchase:_invitation_seat_request	21981.81,12397.45 11897.15,9433.53
edge:declared:db.Purchase:_meeting	22028.15,12546.71 17971.01,16942.92
edge:declared:db.Purchase:_payment_store_legal_partner	22113.45,12546.71 21929.19,13803.01
edge:declared:db.Purchase:_subscription_payment_request	22091.51,12336.71 21231.16,10021.88
edge:declared:db.Purchase:basket	22249.26,12336.71 22481.66,12187.98
edge:declared:db.Purchase:company	21981.81,12396.66 16844.82,10884.71
edge:declared:db.Purchase:investment_association	22277.81,12521.49 28248.97,15790.96
edge:declared:db.Purchase:service_fee	22277.81,12381.48 22886.82,12187.6
edge:declared:db.Purchase:venture_capital	22277.81,12421.17 34062.21,10839.12
edge:declared:db.PurchaseItem:payment_store	23219.3,12846.18 23261.38,12938.74
edge:declared:db.PurchaseItem:purchase	23084.48,12774.44 22277.81,12485.28
edge:declared:db.PurchaseStatusHistory:purchase	21823.38,12551.09 21981.81,12468.82
edge:declared:db.Purpose:articles_of_incorporation	17646.36,13809.65 17578.45,14273.59
edge:declared:db.Purpose:industrial_code	17648.91,13735.65 17639.95,13619.95
edge:declared:db.QrReplyPasswordReset:request	23922.99,15546.28 23885.62,15893.51
edge:declared:db.QrReplyPasswordResetRequest:reply	23868.35,15967.51 24057.16,16184.19
edge:declared:db.QuarterlyReportRequest:quarterly_report	27037,15974.7 27617.52,15443.14
edge:declared:db.QuarterlyReportRequestAttachment:quarterly_report_request	26128.64,16280.2 26814.99,16064.7
edge:declared:db.QuarterlyReportRequestRecipient:email_activity_recipient	28369.73,16789.87 24270.72,23651.23
edge:declared:db.QuarterlyReportRequestRecipient:portfolio_company	28397.21,16699.87 28516.42,13134.01
edge:declared:db.QuarterlyReportRequestRecipient:portfolio_company_manager	28393.09,16699.87 28250.21,14874.03
edge:declared:db.QuarterlyReportRequestRecipient:quarterly_report_request	28307.81,16699.87 27054.35,16064.7
edge:declared:db.QuarterlyReportRequestReportItem:quarterly_report_item	26163.12,15988.93 26011.95,15964.5
edge:declared:db.QuarterlyReportRequestReportItem:quarterly_report_request	26462.12,16014.6 26795.55,16017.98
edge:declared:db.QuarterlyReportSettings:quarterly_report	27311.56,15070.91 27589.6,15329.14
edge:declared:db.QuarterlyReportSignupChannel:portfolio_company	26477.55,13411.96 28388.53,13134.01
edge:declared:db.QuarterlyReportSignupChannel:quarterly_report	26412.27,13493.96 27685.88,15329.14
edge:declared:db.QuestionMessageAttachment:message	21374.52,17985.44 23055.93,9870.75
edge:declared:db.QuestionMessageScheduled:question_thread_message	23479.26,8973.77 23180.34,9724.75
edge:declared:db.QuestionThread:_company	20449.23,11132.97 16844.82,10840.81
edge:declared:db.QuestionThreadAssignment:question_thread	20362.26,11697.71 20548.33,11211.5
edge:declared:db.QuestionThreadMessage:question_thread	22976.01,9870.75 20663.38,11073.5
edge:declared:db.QuestionThreadMessageAccessLog:message	23982.49,9864.67 23201.04,9805.78
edge:declared:db.QuestionThreadMessageCategory:question_thread_message	24344.99,9866.63 23201.04,9804.25
edge:declared:db.QuestionThreadMessagePeriodicTaskRelation:question_message_scheduled	23396.74,8786.45 23503,8899.77
edge:declared:db.QuestionThreadMessageProfile:message	23993.49,9971.25 23201.04,9816.24
edge:declared:db.QuestionThreadMessageReminder:message	24344.99,9974.26 23201.04,9812.72
edge:declared:db.QuestionThreadMessageReview:message	23997.49,10078.03 23201.04,9826.69
edge:declared:db.QuestionThreadMessageReviewRequest:message	24322.49,10078.01 23201.04,9821.18
edge:declared:db.QuestionThreadTag:question_thread_set	20674.97,11358.38 20594.4,11211.5
edge:declared:db.RebootProductContactRequest:company	23764.62,7410.45 16844.82,10735.58
edge:declared:db.RegisteredMail:order_status_history	3864.5,7901.05 4050.22,7868.64
edge:declared:db.RegisteredMail:seal_card_return_status_history	3740.28,7884.64 3701.25,7652.35
edge:declared:db.Registration:meeting	14581.52,20465.41 17746.82,17176.92
edge:declared:db.RegistrationAgenda:agenda_ceo_address_change	14308.99,22293.35 14076.89,22220.36
edge:declared:db.RegistrationAgenda:agenda_director_change	14480.7,22375.41 14514.05,22427.17
edge:declared:db.RegistrationAgenda:agenda_option_exercise	14308.99,22330.22 14076.89,22315.49
edge:declared:db.RegistrationAgenda:registration	14438.59,22285.41 14537.55,20547.41
edge:declared:db.RegistrationAssistance:legal_partner	21428.83,15869.66 21878.75,14053.01
edge:declared:db.RegistrationAssistance:meeting	21294.68,15949.61 18005.74,17013.44
edge:declared:db.RegistrationAssistanceReceipt:registration_assistance	21228.29,16237.63 21394.81,15951.66
edge:declared:db.RegistrationCaseReport:company	14501.12,5660.19 16564.37,10609.88
edge:declared:db.RegistrationCaseReport:jurisdiction	14484.52,5660.19 14419.01,7713.33
edge:declared:db.RegistrationCaseReportUpdateLog:company	24178.14,7410.45 16844.82,10740.6
edge:declared:db.RegistrationDirector:registration	14779.15,20645.84 14557.81,20547.41
edge:declared:db.RegistrationFormCaptable:agenda	19177.6,24414.22 17739.34,21756.78
edge:declared:db.RegistrationFormCaptableDocument:captable	19007.26,25142.5 19259.71,24496.22
edge:declared:db.RegistrationFormCaptableNotarizationRequestor:registration_form_captable	18287.08,23910.42 19163.51,24414.22
edge:declared:db.RegistrationFormCaptableNotarizationRequestor:shareholder	18199.82,23910.42 17693.93,23960.99
edge:declared:db.RegistrationFormHeadOfficeInsideRelocationDocument:head_office_relocation_agenda	19903.61,24087.61 18536.71,21994.79
edge:declared:db.RegistrationFormHeadOfficeOutsideRelocationDocument:head_office_relocation_agenda	19904.83,24203.61 18534.96,21994.79
edge:declared:db.RegistrationHelp:company_question_thread	18790.9,13111.54 18911,13081.06
edge:declared:db.RegistrationHelp:meeting	18663.69,13178.49 17886.85,16942.92
edge:declared:db.ResignationLetterDocument:director_change_agenda	13863,22864.52 14447.15,22533.17
edge:declared:db.RightToConsentOrConsult:company	15288.41,16107.4 16595.68,11043.88
edge:inheritance:db.RsuAdjustEvent->db.Event	16692.43,12434.47 16344.1,16097.92
edge:declared:db.RsuExerciseClaim:company	14508.85,14481.98 16526.49,11043.88
edge:declared:db.RsuExerciseClaim:financial_account	14432.09,14587.98 12958.03,16320.98
edge:declared:db.RsuExerciseClaimAttachment:attachment_setting_item	14094.29,14669.72 13835.55,14796.84
edge:declared:db.RsuExerciseClaimAttachment:rsu_exercise_claim	14278.63,14600.86 14353.51,14566.97
edge:declared:db.RsuExerciseClaimCandidate:hrm_emp	13254.88,15780.53 7685.7,17587.14
edge:declared:db.RsuExerciseClaimCandidate:rsu_exercise_claim	13425.88,15689.8 14428.83,14587.98
edge:declared:db.RsuExerciseClaimCandidate:rsu_exercise_management	13372.34,15689.8 13388.91,15371.7
edge:declared:db.RsuExerciseClaimCandidate:rsu_grantee	13413.12,15787.8 13130.03,16852.22
edge:declared:db.RsuExerciseClaimCandidateEmailRecipient:candidate	13538,15835.31 13452.71,15787.8
edge:declared:db.RsuExerciseClaimEventRelation:claim	15156.75,14865.12 14580.84,14587.98
edge:declared:db.RsuExerciseClaimEventRelation:event	15251.52,14939.12 15709.25,15632.57
edge:declared:db.RsuExerciseClaimRsu:rsu	15136.32,14198.52 15555.38,13956.72
edge:declared:db.RsuExerciseClaimRsu:rsu_exercise_claim	14977.96,14272.52 14596,14481.98
edge:declared:db.RsuExerciseManagement:company	13417.63,15273.7 16489.81,11043.88
edge:declared:db.RsuExerciseManagement:excluded_institution_set	13359.72,15371.7 13010.17,15850.12
edge:declared:db.RsuExerciseManagementAttachmentSetting:management	13564.09,15079.12 13456.23,15273.7
edge:declared:db.RsuExerciseManagementAttachmentSettingItem:setting	13763.13,14870.84 13632.96,15005.12
edge:declared:db.RsuExerciseManagementEmail:rsu_exercise_management	14183.94,16086.28 13426.17,15371.7
edge:declared:db.RsuExtraAttachment:rsu	15938.75,13742.96 15791.86,13817.19
edge:declared:db.RsuGrantContract:rsu	16280.02,13785.81 15827.38,13856.31
edge:declared:db.RsuGrantContract:template	16398.35,13709.92 16220.69,13321.51
edge:declared:db.RsuGrantContractModusignDocument:rsu_grant_contract	21204.59,19154.84 16444.78,13799.92
edge:declared:db.RsuGrantContractTemplate:company	16223.63,13239.51 16611.97,11043.88
edge:declared:db.RsuGrantContractTemplate:stakeholder_set	16206.13,13239.51 16180.03,12744.35
edge:declared:db.RsuGrantContractTemplateStakeholder:company	16180.8,12670.35 16600.51,11043.88
edge:declared:db.RsuMeeting:company	16140.65,14191.68 16625.83,11043.88
edge:declared:db.RsuMeeting:meeting	16157.68,14281.68 17797.85,16942.92
edge:declared:db.RsuMeetingAttachment:meeting	16046.57,14384.71 16099.56,14281.68
edge:declared:db.RsuPerformanceCondition:company	15696.78,12768.6 16547.75,11043.88
edge:declared:db.RsuResumeEvent:pause_event	15943.06,16851.11 15802.27,16802.16
edge:declared:db.RsuRsa:company	15714.43,13817.19 16586.3,11043.88
edge:declared:db.RsuRsa:grantee	15623.21,13963.19 13195.3,16852.22
edge:declared:db.RsuRsa:grantee_hrm_emp	15555.38,13952.18 7685.7,17565.72
edge:declared:db.RsuRsa:source_meeting	15827.38,13952.07 16035.74,14191.68
edge:declared:db.RsuRsaSealedContractFile:company	16147.06,13528.74 16607.09,11043.88
edge:declared:db.RsuRsaSealedContractFile:grant_contract	16171.34,13602.74 16364.59,13709.92
edge:declared:db.RsuTag:category	15909.23,13065.23 15841.78,12998.02
edge:declared:db.RsuTag:company	15963.05,13065.23 16587.76,11043.88
edge:declared:db.RsuTag:rsu_set	15936.68,13147.23 15715.77,13817.19
edge:declared:db.RsuTagCategory:company	15819.38,12924.02 16568.37,11043.88
edge:declared:db.RsuVesting:rsu	14857.36,13292.5 15575.03,13817.19
edge:declared:db.RsuVestingItem:performance_condition	14992.59,13682.6 15649.58,12842.6
edge:declared:db.RsuVestingItem:rsu_vesting	14930.36,13682.6 14820.62,13292.5
edge:declared:db.RsuVestingTraceable:rsu	14871.65,13408.5 15555.38,13821.51
edge:declared:db.RsuVestingTraceable:source_vesting_item	14830.15,13408.5 14918.76,13682.6
edge:declared:db.RtccConsentSummary:company	14611.5,8746.13 16464.82,10633.4
edge:declared:db.RtccConsentSummary:source_result	14579,8672.13 14722.35,7287.19
edge:declared:db.RtccEmail:right_to_consent_or_consult	15117.72,16233.1 15253.93,16189.4
edge:declared:db.RtccEmailAuthentication:rtcc_investor	15717.14,17066.65 15570.23,17215.26
edge:declared:db.RtccInvestor:right_to_consent_or_consult	15504.59,17215.26 15287.03,16189.4
edge:declared:db.RtccInvestor:stakeholder	15427.77,17305.26 11989.61,19040.15
edge:declared:db.RtccInvestorFile:investor	18862.5,18170.46 15670.84,17303.59
edge:declared:db.RtccSummaryAnalysisRequest:company	14791.52,6859.17 16552.91,10609.88
edge:declared:db.RtccSummaryAnalysisRequestDocument:document	15233.57,8153.49 18488.18,14284.43
edge:declared:db.RtccSummaryAnalysisRequestDocument:request	15201.48,8079.49 14786.22,6859.17
edge:declared:db.RtccSummaryAnalysisResult:request	14730.97,7205.19 14767.89,6859.17
edge:declared:db.RtccSummaryAnalysisResultDocument:document	15102.33,8385.52 18486.1,14284.43
edge:declared:db.RtccSummaryAnalysisResultDocument:result	15069.36,8311.52 14739.78,7287.19
edge:declared:db.Safe:company	11766.62,17061.95 16464.82,11040.1
edge:declared:db.Safe:holder	11699.63,17135.95 12147.58,18243.88
edge:declared:db.SafeCreateEvent:contract_file	17199.98,16956.75 20162.54,18042.34
edge:declared:db.SalesMetric:legal_partner	22511,14593.46 22022.66,14053.01
edge:declared:db.SdContactRequest:secondary_deal	34298.36,6148.17 35117.67,3309.8
edge:declared:db.SdContactRequest:venture_capital	34287.35,6222.17 34248.05,10608.59
edge:declared:db.SealCardReturnRequest:seal_card	2776.83,5993.49 3229.99,5919.11
edge:declared:db.SealCardReturnStatusHistory:seal_card_return_request	3667.63,7570.35 2679.56,6054.85
edge:declared:db.SealCertificateDelivery:company	19326.78,10749.39 16844.82,10821.37
edge:declared:db.SealCertificateDelivery:seal_card_pickup_delivery	19574.78,10757.54 20114.5,10817.14
edge:declared:db.SealCertificateIssueRequest:delivery	19580.88,10863.71 19504.84,10794.79
edge:declared:db.SealStamp:attachment	17099.66,14759.86 20162.54,17916.16
edge:declared:db.SealStamp:company	17042.86,14653.86 16676.82,11043.88
edge:declared:db.SealStamp:director	17054.68,14759.86 17175.13,15591.2
edge:declared:db.SealStampCardContinuedUseApplicationFormDocument:stakeholder	10708.99,23630.8 11783.13,19282.45
edge:declared:db.SealStampDeclarationDocument:stakeholder	10708.75,23746.8 11784.15,19282.45
edge:declared:db.SealStampImage:seal_stamp	19309.73,16712.58 17111.17,14759.86
edge:declared:db.SealStampUsageHistory:employee	12263.58,14256.31 10784.53,13982.03
edge:declared:db.SealStampUsageHistory:payroll_statement_document	12470.23,14333.72 11956.22,14822.38
edge:declared:db.SealStampUsageHistory:seal_stamp	12511.58,14292.36 16924.23,14695.22
edge:declared:db.SealStampUsageHistory:wht_book	12263.58,14286.78 11466.49,14283.95
edge:declared:db.SealStampUsageHistory:wht_certificate	12475.44,14227.72 12438.58,14090.53
edge:declared:db.SealStampUsageHistory:wht_receipt	12336.66,14227.72 12056.89,14126.02
edge:declared:db.SecondaryDeal:assigned_investors	35138.22,3309.8 34270.58,10608.59
edge:declared:db.SecondaryDeal:business_line	34998.6,3163.91 34492.03,3082.06
edge:declared:db.SecondaryDeal:corporate_registration	34998.6,3089.37 34782.81,2950.05
edge:declared:db.SecondaryDeal:operating_profit	34998.6,3131.19 34508.53,2947.86
edge:declared:db.SelfRegistration:meeting	18067.72,17006.34 18005.74,17030.5
edge:declared:db.ServiceFee:basket	22863.56,12147.77 22641.75,12149.87
edge:declared:db.ServiceFeeItem:product	24509.63,11432.6 23676.76,10625.36
edge:declared:db.ServiceFeeItem:service_fee	24456.63,11514.6 23082.86,12105.6
edge:declared:db.ShareClass:company	16005.7,18044.84 16633.58,11043.88
edge:declared:db.ShareholderInstitutionMember:institution	12018.41,22319.38 12370.74,23318.23
edge:declared:db.ShareholderInstitutionMember:manager	11990.67,22237.38 11888.53,21921.92
edge:declared:db.ShareholderInstitutionMemberCeo:member	11964.48,23065.95 12001.9,22319.38
edge:declared:db.ShareholderVote:agenda	17629.18,22160.9 17673.54,21756.78
edge:declared:db.ShareholderVote:attended_shareholder	17618.59,22234.9 17581.81,23960.99
edge:declared:db.ShareholderVotingRightsPerAgenda:agenda	17628.35,22276.9 17676.64,21756.78
edge:declared:db.ShareholderVotingRightsPerAgenda:shareholder	17618.27,22350.9 17582.4,23960.99
edge:declared:db.ShareholdersAgreementStakeholder:stakeholder	10989.22,18841.13 11657.61,19068.88
edge:declared:db.ShareholdersMeeting:chairperson	16339.7,23196.78 16150.63,23123.06
edge:declared:db.ShareholdersMeeting:meeting	16483.36,23173.88 17834.58,17176.92
edge:declared:db.ShareholdersMeeting:sealed_meeting_minutes_file	16522.04,23173.88 20187.93,18328.96
edge:declared:db.ShareholdersMeetingAgenda:agenda_authorized_shares_change	17539.36,21730.51 17150.97,21999.31
edge:declared:db.ShareholdersMeetingAgenda:agenda_bonus_issue	17708.85,21482.78 17808.62,19928.89
edge:declared:db.ShareholdersMeetingAgenda:agenda_branch_change	17749.47,21482.78 18268.32,20176.46
edge:declared:db.ShareholdersMeetingAgenda:agenda_change_of_articles_of_incorporation	17859.36,21506.24 18844.77,20757.93
edge:declared:db.ShareholdersMeetingAgenda:agenda_co_ceo_system_change	17539.36,21672.17 14321.71,22734.35
edge:declared:db.ShareholdersMeetingAgenda:agenda_company_name_change	17793.06,21756.78 18215.19,22394.03
edge:declared:db.ShareholdersMeetingAgenda:agenda_custom	17539.36,21677.32 14628.71,22733.95
edge:declared:db.ShareholdersMeetingAgenda:agenda_director_change	17539.36,21662.54 14694.24,22447.03
edge:declared:db.ShareholdersMeetingAgenda:agenda_director_compensation_decision	17539.36,21631.85 16237.66,21698.89
edge:declared:db.ShareholdersMeetingAgenda:agenda_director_compensation_rule	17846.51,21756.78 18559.26,22394.03
edge:declared:db.ShareholdersMeetingAgenda:agenda_financial_statements	17732.28,21482.78 18117.9,19904.89
edge:declared:db.ShareholdersMeetingAgenda:agenda_head_office_relocation	17859.36,21682.03 18372.59,21891.41
edge:declared:db.ShareholdersMeetingAgenda:agenda_head_office_relocation_aoi_change	17782.56,21756.78 18218.03,22510.03
edge:declared:db.ShareholdersMeetingAgenda:agenda_method_of_giving_public_notice_change	17659.77,21482.78 17252.75,20074.13
edge:declared:db.ShareholdersMeetingAgenda:agenda_new_issue	17602.57,21756.78 16926.98,22663.42
edge:declared:db.ShareholdersMeetingAgenda:agenda_new_options_rule	17830.01,21756.78 18563.71,22510.03
edge:declared:db.ShareholdersMeetingAgenda:agenda_new_or_change_rsu_rule	17773.91,21756.78 18220.37,22630.03
edge:declared:db.ShareholdersMeetingAgenda:agenda_option_cancel	17539.36,21575.08 15903.49,21116.48
edge:declared:db.ShareholdersMeetingAgenda:agenda_option_grant	17600.66,21482.78 16712.58,20262.89
edge:declared:db.ShareholdersMeetingAgenda:agenda_purpose_change	17816.44,21756.78 18563.96,22626.03
edge:declared:db.ShareholdersMeetingAgenda:agenda_rsu_grant	17539.36,21677.96 14321.47,22857.95
edge:declared:db.ShareholdersMeetingAgenda:agenda_subsidiary_establishment	17539.36,21683.68 14617.37,22861.95
edge:declared:db.ShareholdersMeetingAgenda:meeting	17594.77,21756.78 16522.38,23173.88
edge:declared:db.ShareholdersMeetingConvocationNoticeEmail:shareholders_meeting	18259.47,20846 16521.49,23173.88
edge:declared:db.ShareholdersMeetingConvocationNoticeEmailAttachment:convocation_notice_email	19694.68,20533.86 18484.75,20754.95
edge:declared:db.ShareholdersMeetingConvocationNoticeEmailNewIssueAttachment:email	17784.68,23445.27 18280.09,20846
edge:declared:db.ShareholdersMeetingConvocationNoticeEmailNewIssueAttachment:new_issue	17727.88,23445.27 16902.76,22833.42
edge:declared:db.ShareholdersMeetingConvocationNoticeEmailRecipient:email_activity_recipient	19926.16,18715.35 24199.03,23651.23
edge:declared:db.ShareholdersMeetingConvocationNoticeRecipient:bulk_email_recipient	19860.46,21986.64 19874.6,18599.35
edge:declared:db.ShareholdersMeetingConvocationNoticeRecipient:convocation_notice_email	19768.88,21986.64 18379.18,20846
edge:declared:db.ShareholdersMeetingConvocationNoticeRecipient:shareholder	19818.64,22076.64 17615.53,23960.99
edge:declared:db.ShareholdersMeetingDirectorAttendance:stakeholder	15965.64,23025.06 11973.58,19282.45
edge:declared:db.ShareholdersMeetingPowerOfAttorneyIndividualDocument:shareholder	17108.7,24133.1 17460.24,24098.99
edge:declared:db.ShareholdersMeetingShareholderAttendance:meeting	17481.81,23960.99 16562.95,23311.88
edge:declared:db.ShareholdersMeetingShareholderAttendance:original_shareholder	17387.56,24010.56 12523.67,23396.7
edge:declared:db.ShareholdersMeetingShortenPeriodIndividualDocument:shareholder	17088.32,24249.1 17498.24,24098.99
edge:declared:db.ShareholdersMeetingWrittenDecisionIndividualDocument:shareholder	17078.08,24365.1 17517.35,24098.99
edge:declared:db.Stakeholder:company	11915.01,18968.45 16528.49,11043.88
edge:declared:db.Stakeholder:standardized_address	11989.61,19118.69 23069.68,18647.16
edge:declared:db.StakeholderAccount:account	12691.22,16703.06 12901.45,16418.98
edge:declared:db.StakeholderAccount:stakeholder	12662.1,16777.06 11900.43,18968.45
edge:declared:db.StakeholderCustodian:stakeholder	11311.07,19305.81 11657.61,19183.86
edge:declared:db.StakeholderSeat:stakeholder	10338.43,19174.65 11657.61,19133.42
edge:declared:db.StarredQuestionThread:question_thread	20063.74,11155.99 20449.23,11151.42
edge:declared:db.Stock:company	15069.01,17572.88 16604.28,11043.88
edge:declared:db.Stock:share_class	15183.46,17652.02 15876.51,18059.7
edge:declared:db.Stock:shareholder	15040.25,17654.88 12424.13,23318.23
edge:declared:db.StockDocumentAnalysis:document_ai_process_request	26640.98,29156.13 27291.24,28830.61
edge:declared:db.StockDocumentAnalysis:stock_reregistration_event	26593.42,29230.13 26723.65,29412.98
edge:declared:db.StockTransferAgreement:company	17638.07,18274.4 16680,11043.88
edge:declared:db.StockTransferAgreement:purchaser	17511.01,18370.84 11989.61,19101.72
edge:declared:db.StockTransferAgreement:sealed_agreement_file	17783.01,18341.85 20162.54,18125.3
edge:declared:db.StockTransferAgreement:seller	17569.14,18428.4 12459.4,23318.23
edge:declared:db.StockTransferAgreement:stock_transfer_event	17533.72,18274.4 17179.84,18077.17
edge:declared:db.StockTransferAgreementClauses:stock_transfer_agreement	17823.31,18221.42 17783.01,18310.96
edge:declared:db.StockTransferAgreementItem:agreement	17001.17,18211.58 17511.01,18325.6
edge:declared:db.StockTransferAgreementItem:share_class	16754.17,18161.64 16124.51,18124.46
edge:declared:db.StockTransferAgreementManagement:company	16646.96,12626.6 16658.06,11043.88
edge:declared:db.StockTransferAgreementManagement:related_tax_advices	16761.87,12626.6 20449.23,11193.71
edge:declared:db.StockTransferAgreementManagement:stock_transfer_agreement	16654.34,12716.6 17635.53,18274.4
edge:declared:db.StockTransferAgreementManagementStakeholderSeat:stakeholder_seat	9189.56,6929.55 10209.35,19139.6
edge:declared:db.StockTransferAgreementManagementStakeholderSeat:stock_transfer_agreement_management	9232.74,6929.55 16589.55,12626.6
edge:declared:db.StockTransferAgreementModusignDocument:stock_transfer_agreement	20134.99,20190.16 17755.24,18428.4
edge:declared:db.StockTransferAgreementModusignEmbeddedDraft:stock_transfer_agreement	20463.8,20717.36 17741.91,18428.4
edge:declared:db.StockTransferAgreementPurchaserInstitution:agreement	18192.01,18520.12 17783.01,18394.01
edge:declared:db.StockTransferAgreementSellerInstitution:agreement	18012.32,18363.52 17783.01,18366.11
edge:declared:db.StockTransferAgreementSurvey:company	23038.06,7526.45 16844.82,10728.64
edge:declared:db.StockTransferPrice:share_class	16959.31,17883.9 16124.51,18084.78
edge:declared:db.StockTransferPrice:stock_transfer_event	17087.86,17908.47 17114.85,18003.17
edge:declared:db.StockUnissuedConfirmationRequest:company	18147.24,14424.43 16743.6,11043.88
edge:declared:db.StockUnissuedConfirmationRequest:stock_unissued_confirmation_file	18188.89,14506.43 20220.84,17894.96
edge:declared:db.StripeCard:customer	4558.13,4551.79 4612.01,5016.26
edge:declared:db.StripePayment:card	3648.93,5355.97 4514.04,4551.79
edge:declared:db.StripePayment:order	3728.82,5427.19 5060.83,5751.79
edge:declared:db.StripePayment:seal_card_return_request	3541.55,5437.97 2716.1,5972.85
edge:declared:db.Subscription:company	21081.34,9361.41 16844.82,10761.53
edge:declared:db.Subscription:subscription_contract	21081.34,9365.15 19627.36,9845.01
edge:declared:db.Subscription:subscription_package	21081.34,9376.78 19902.72,9845.01
edge:declared:db.Subscription:subscription_plan	21163.04,9395.64 20432.47,10293.03
edge:declared:db.Subscription:subscription_policy	21081.34,9389.12 19889.3,9961.01
edge:declared:db.Subscription:subscription_promotion	21081.34,9385.23 19599.03,10077.01
edge:declared:db.SubscriptionBonus:subscription	21777.84,9391.33 21353.34,9333.29
edge:declared:db.SubscriptionContract:company	19415.24,9919.01 16844.82,10764.39
edge:declared:db.SubscriptionModusignDocumentUsageHistory:subscription	29381.16,12144.42 21304.45,9395.64
edge:declared:db.SubscriptionPackage:company	19703.74,9917.22 16844.82,10770.19
edge:declared:db.SubscriptionPaymentRequest:company	21090.2,10004.25 16844.82,10791.64
edge:declared:db.SubscriptionPaymentRequest:subscription	21209.18,9939.88 21231.21,9395.64
edge:declared:db.SubscriptionPenaltyPayment:company	19407.74,10032.63 16844.82,10772.06
edge:declared:db.SubscriptionPenaltyPayment:subscription	19610.85,9961.01 21081.34,9375.19
edge:declared:db.SubscriptionPeriod:subscription	22127.58,8910.86 21353.34,9263.4
edge:declared:db.SubscriptionPerk:subscription	21636.11,8987.5 21353.34,9235.89
edge:declared:db.SubscriptionPlan:permissions	20264.26,10340.11 20012.45,10320.9
edge:declared:db.SubscriptionPlanOffering:subscription_plan	20768.49,10302.98 20524.26,10333.69
edge:declared:db.SubscriptionPlanPerk:subscription_plan	20774.82,10184.76 20524.26,10293.57
edge:declared:db.SubscriptionPolicy:company	19703.74,10028.89 16844.82,10777.15
edge:declared:db.SubscriptionPromotion:company	19409.74,10143.29 16844.82,10779.73
edge:declared:db.SubscriptionReservation:company	19109.42,10460.98 16844.82,10798.56
edge:declared:db.SubscriptionReservation:subscription_plan	19345.42,10433.95 20264.26,10360.43
edge:declared:db.SubscriptionSuspensionHistory:subscription	21154.38,9122.04 21242.63,9233.64
edge:declared:db.TalingCoupon:_company	23366.87,7526.45 16844.82,10733.45
edge:declared:db.TaxBookkeepingServiceRequest:company	20547.23,12819.55 16844.82,10927.3
edge:declared:db.TaxBookkeepingServiceRequest:incorporation_request	20638.61,12901.55 21326.26,15070.59
edge:declared:db.TaxPartnerTbkContract:legal_partner	22954.15,13358.14 22063.71,13843.98
edge:declared:db.TaxPartnerTbkContractItem:tax_partner_tbk_contract	23090.8,13424.53 23046.59,13358.14
edge:declared:db.TaxPartnerTbkSettings:legal_partner	22166.28,14709.46 21950.75,14053.01
edge:declared:db.TbkConsulting:tax_bookkeeping_service_request	21179.15,12981.25 20761.81,12874.8
edge:declared:db.TbkConsulting:tbk_question_thread	21179.15,12998.07 19195,13040.52
edge:declared:db.TbkConsultingMemo:tbk_consulting	21533.07,12750.08 21375.25,12945.14
edge:declared:db.TbkConsultingRefusal:incorporation_request	20990.58,14539.05 21299.3,15070.59
edge:declared:db.TbkConsultingStatusLog:tbk_consulting	21051.37,12659.49 21280.35,12945.14
edge:declared:db.TbkContract:tbk_consulting	22490.5,13985.35 21363.88,13043.14
edge:declared:db.TbkContractBenefit:tbk_contract	22575.61,14113.94 22579.77,14067.35
edge:declared:db.TbkContractSettlement:tbk_contract	22533.04,13897.47 22563.65,13985.35
edge:declared:db.ThirdPartyArticleProviderUserRelation:article_provider	20223.83,19941.77 20218.93,19868.48
edge:declared:db.UserApiKeyCompanyAccess:api_key	17619.8,5659.59 18008.79,4866.42
edge:declared:db.UserApiKeyCompanyAccess:selected_companies	17592.13,5741.59 16694.82,10609.88
edge:declared:db.UserApiKeyCompanyRelation:company	18166.15,5039.84 16711.49,10609.88
edge:declared:db.UserApiKeyCompanyRelation:company_access	18145.26,5039.84 17633.54,5659.59
edge:declared:db.UserApiKeyRevocation:api_key	17671.3,4804.18 17904.9,4818.05
edge:declared:db.UserInvitation:company	11119.85,10598.42 16464.82,10819.04
edge:declared:db.UserInvitation:company_user_relation	10871.85,10610.91 10028.54,10730.69
edge:declared:db.UserInvitationInvitee:invitation	10053.58,10868.71 10871.85,10629.54
edge:declared:db.UserInvitationInvitee:stakeholder	9944.08,10940.2 11787.56,18968.45
edge:declared:db.UserInvitationOwnerRoleRelation:owner_role	11377.15,9422.84 11668.08,9128.15
edge:declared:db.UserInvitationOwnerRoleRelation:user_invitation	11348.61,9496.84 11010.33,10548.3
edge:declared:db.UserProfileImageMapping:profile_image	21348.08,18485.8 21180.71,18418.79
edge:declared:db.UserSealCardRelation:seal_card	3112.75,6082.94 3300.29,5939.75
edge:declared:db.ValuationHistory:company	23761.94,7526.45 16844.82,10738.65
edge:declared:db.ValuationServiceRequest:company	18787.37,12498.74 16844.82,10962.4
edge:declared:db.ValuationServiceRequest:company_question_thread	18851.02,12572.74 19024.66,12956.02
edge:declared:db.VcIrRecommendationRequest:venture_capital	32618.11,7565.68 34143.45,10608.59
edge:declared:db.VcIrRecommendationRequestResult:investor_relations	31102.54,6396.08 28502.27,5001.62
edge:declared:db.VcIrRecommendationRequestResult:request	31219.76,6470.08 32551.33,7491.68
edge:declared:db.VcLpReport:venture_capital	33870.1,11476.04 34129.82,11018.59
edge:declared:db.VcLpReportRequest:alimtalk_activity	34389.7,11917.93 33069.26,12775.95
edge:declared:db.VcLpReportRequest:vc_lp_report	34384.78,11835.93 33910.47,11550.04
edge:declared:db.VcLpReportRequestRecipient:alimtalk_activity_recipient	32694.18,12598.42 32230.53,13092.34
edge:declared:db.VcLpReportRequestRecipient:fund_partner	32757.88,12516.42 32863.24,12345.06
edge:declared:db.VcLpReportRequestRecipient:vc_lp_report_request	32836.31,12516.42 34349.16,11917.93
edge:declared:db.VcNameAlias:venture_capital	35073.94,10380.63 34430.21,10717.35
edge:declared:db.VcSearchLog:company	25804.46,2648.34 16844.82,10657.05
edge:declared:db.VcSearchLog:investor_relations	25894.63,2648.34 28208.88,4790.03
edge:declared:db.VcSearchLog:venture_capital	25892.28,2648.34 34062.21,10633.75
edge:declared:db.VcUserRole:venture_capital	29233.3,6970.25 34062.21,10672.52
edge:declared:db.VentureBusinessCertification:attachment	18525.54,14506.43 20241.22,17894.96
edge:declared:db.VentureBusinessCertification:company	18483.92,14424.43 16763.79,11043.88
edge:declared:db.VentureBusinessCertificationExpirationNotificationLog:venture_business_certification	18352.23,14649.83 18469.43,14506.43
edge:declared:db.VentureCapitalEmailTemplates:venture_capital	34648.39,10951.62 34430.21,10876.74
edge:declared:db.VentureCapitalPaymentLink:venture_capital	29879.71,11063.45 34062.21,10821.51
edge:declared:db.VentureCapitalQuarterlyReport:content_template	27709.92,15329.14 28021.89,13813.77
edge:declared:db.VentureCapitalQuarterlyReport:venture_capital	27786.24,15329.14 34062.21,10947.67
edge:declared:db.VentureCapitalQuarterlyReportContentTemplate:venture_capital	28100.84,13739.77 34062.21,10901.2
edge:declared:db.VentureCapitalQuarterlyReportItem:quarterly_report	26010.34,15897.81 27561.52,15424.3
edge:declared:db.VentureCapitalQuarterlyReportItemReply:file_attachment	24010.19,16778.07 20542.54,18042.67
edge:declared:db.VentureCapitalQuarterlyReportItemReply:item	24211.49,16696.07 25764.08,15979.81
edge:declared:db.VentureCapitalQuarterlyReportItemReply:reply	24097.1,16696.07 24074.27,16314.19
edge:declared:db.VentureCapitalQuarterlyReportReply:_deprecated_captable	23917.3,16314.19 20542.54,18005.96
edge:declared:db.VentureCapitalQuarterlyReportReply:company_create_request	23864.81,16230.49 22634.3,16244.64
edge:declared:db.VentureCapitalQuarterlyReportReply:portfolio_company	24130.17,16184.19 28420.92,13134.01
edge:declared:db.VentureCapitalQuarterlyReportReply:quarterly_report	24202.81,16216.51 27561.52,15414.47
edge:declared:db.VentureCapitalSubscription:subscription_plan	34930.46,9126.85 35074.39,9366.84
edge:declared:db.VentureCapitalSubscription:venture_capital	34894.06,9126.85 34324.95,10608.59
edge:declared:db.VentureCapitalSubscriptionPlanPermission:subscription_plan	36171.38,9351.12 35243.48,9400.2
edge:declared:db.VentureCapitalSubscriptionPlanPrice:subscription_plan	35019.02,10163.13 35094.64,9448.84
edge:declared:db.VentureCapitalUserRelation:roles	30554.78,8435.07 29218.79,6970.25
edge:declared:db.VentureCapitalUserRelation:venture_capital	30666.21,8525.07 34062.21,10695.97
edge:declared:db.VentureComplex:address	24080.01,18134.67 23377.68,18553.03
edge:declared:db.VideoCollection:video_contents	18827.79,7222.64 19364.32,6488.41
edge:declared:db.VideoCollectionFeedback:company	18716.81,7944.43 16810.05,10609.88
edge:declared:db.VideoCollectionFeedback:video_collection	18746.27,7870.43 18791.28,7312.64
edge:declared:db.VideoCollectionPermission:company	18715.72,8060.43 16816.48,10609.88
edge:declared:db.VideoCollectionPermission:video_collection	18745.81,7986.43 18791.84,7312.64
edge:declared:db.VideoContentHistory:company	19058.37,7757.26 16824.73,10609.88
edge:declared:db.VideoContentHistory:video_collection	19063.46,7675.26 18824.56,7312.64
edge:declared:db.VideoContentHistory:video_content	19100.29,7675.26 19384.46,6488.41
edge:declared:db.VideoContentSpeecher:video_content	19102.47,6380.18 19270.28,6418.84
edge:declared:db.WhitepaperPreviewFile:whitepaper	4103.46,3384.49 4072.18,3539.93
edge:declared:db.WhitepaperWatermarkFile:whitepaper	5102.6,2931.09 4129.46,3539.93
edge:declared:db.WhtBook:employee	11258.85,14249.01 10784.53,14023.69
edge:declared:db.WhtBook:wht_book_without_date	11296.05,14331.01 11139.82,14468.92
edge:declared:db.WhtBookWithoutDate:employee	11067.87,14468.92 10724.54,14055.08
edge:declared:db.WhtCertificate:employee	12381.91,14046.82 10784.53,13962.15
edge:declared:db.WhtReceipt:employee	11903.34,14076.93 10784.53,13968.62
edge:declared:db.YearEndTaxSettlement:payroll	9947.43,19706.69 7601.98,1654.78
edge:declared:db.YearEndTaxSettlementConfirmationSchedule:year_end_tax_settlement	9264.1,17516.92 9937.46,19706.69
edge:declared:db.YetsAssistance:employee	14940.47,32792.25 8777.57,32474.09
edge:declared:db.YetsAssistanceCreatorYetsEmployee:yets_employee	9742.77,32263.32 8777.57,32431.72
edge:declared:db.YetsAssistanceMessage:assistance	17251.72,32669.78 15188.47,32791.61
edge:declared:db.YetsAssistanceMessage:creator	17251.72,32648.89 13671.11,32198.81
edge:declared:db.YetsAssistanceMessageFile:message	22812.64,34202.63 17499.72,32633.99
edge:declared:db.YetsAssistanceStaffAccessLog:assistance	14378.25,32950.65 14940.47,32825.08
edge:declared:db.YetsAssistanceStaffFavoriteRelation:assistance	15638.09,32575.68 15180.9,32752.39
edge:declared:db.YetsEmail:year_end_tax_settlement	10301.96,20272.9 10014.25,19796.69
edge:declared:db.YetsEmailAuthentication:yets_employee	8087.54,33184.67 8574.2,32533.02
edge:declared:db.YetsEmployee:employee	8638.02,32403.02 10631.73,14055.08
edge:declared:db.YetsEmployee:year_end_tax_settlement	8637.94,32403.02 9948.76,19796.69
edge:declared:db.YetsEmployeeFile:employee	23165.14,34789.29 8777.57,32486.93
edge:declared:db.YetsEmployeeResult:yets_employee	9908.41,30529.89 8670.24,32403.02
edge:declared:db.YetsEmployeeResultAssistanceMessageRelation:assistance_message	14045.72,31710.01 17251.72,32630.3
edge:declared:db.YetsEmployeeResultAssistanceMessageRelation:result	13820.78,31636.01 10043.53,30529.89
edge:declared:db.YetsEmployeeResultStatusLog:result	10177.05,30756.83 9939,30529.89
edge:declared:db.YetsEmployeeResultWhtReceipt:result	22175.65,31454.36 10059.52,30491.31
edge:declared:db.YetsEmployeeSubmissionLog:yets_employee	8725.68,32790.6 8647.93,32533.02
edge:declared:db.YetsEmployeeUploadForm:yets_employee	10433.44,33008.53 8777.57,32507.36
edge:declared:db.YetsEmployeeUploadFormStatusLog:yets_employee_upload_form	10142.45,33880.25 10533.43,33077.22
edge:declared:db.ZuzuTaxPhoneToken:phone	6898,10717.33 6627.44,10874.29
edge:declared:document_ai.DocumentAiProcessResult:request	26771.96,31761.21 27357.75,28830.61
edge:declared:fi_sta.FiStaCompanyCeo:fi_sta_company	32510.81,32446.51 31708.36,35324.31
edge:declared:fi_sta.FiStaCompanySearchResult:fi_sta_company	31756.12,33852.07 31698.53,35324.31
edge:declared:fi_sta.FiStaContractDocument:participant	29804.47,35977.43 30285.64,36449.03
edge:declared:fi_sta.FiStaContractDocument:stock_transfer_agreement_document	29634.56,35963.92 27635.28,36471.65
edge:declared:fi_sta.FiStaContractDocument:stock_transfer_notice_poa_document	29772.05,35977.43 29860.41,36272.09
edge:declared:fi_sta.FiStaContractDocument:stock_unissued_confirmation_poa_document	29757.55,35887.43 29679.18,32381.46
edge:declared:fi_sta.FiStaManagement:fi_sta_company	33625.96,38146.67 31725.37,35406.31
edge:declared:fi_sta.FiStaParticipant:fi_sta_user	30441.42,36547.03 32250.03,37384.77
edge:declared:fi_sta.FiStaStockTransferAgreementDocument:starter	27643.84,36511.78 30211.63,36498.66
edge:declared:fi_sta.FiStaStockTransferNoticePoaDocument:signer	29962.39,36346.09 30215.26,36449.03
edge:declared:fi_sta.FiStaStockUnissuedConfirmationPoaDocument:signer	29684.21,32381.46 30327.88,36449.03
edge:declared:fi_sta.FiStaTransferStock:stock_transfer_agreement_document	29243.72,36770.18 27643.84,36537.39
edge:declared:fi_sta.FiStaUser:fi_sta_management	32394.1,37458.77 33587.43,38146.67
edge:declared:vertex_ai.VertexAiPredictionResult:request	35698.79,16856.53 35625.52,16971.97
edge:inheritance:db.AgendaBonusIssueNewIssueBalanceCertificateFile->db.FileAttachment	19314.26,18327.25 20162.54,18151.36
edge:inheritance:db.AgendaBonusIssueNewIssueMinutesFile->db.FileAttachment	18653.6,17023.77 20162.54,17990.26
edge:inheritance:db.Announcement->db.QuestionThread	20945.13,10518.96 20616.46,11073.5
edge:inheritance:db.AppointedDirectorCertificateOfSealDocument->db.MeetingDocument	18390.25,27794.28 16383.01,27127.71
edge:inheritance:db.AppointedDirectorResidentRegistrationDocument->db.MeetingDocument	18820.32,27794.28 16383.01,27117.99
edge:inheritance:db.ArticlesOfIncorporationAfterChangeDocument->db.MeetingDocument	19250.4,27794.28 16383.01,27111.02
edge:inheritance:db.ArticlesOfIncorporationBeforeChangeDocument->db.MeetingDocument	19680.47,27794.28 16383.01,27105.77
edge:inheritance:db.ArticlesOfIncorporationDocument->db.MeetingDocument	18404.96,27910.28 16383.01,27136.7
edge:inheritance:db.AuditReportDocument->db.MeetingDocument	18837.93,27910.28 16383.01,27125.5
edge:inheritance:db.BalanceCertificateDocument->db.MeetingDocument	17981.8,24801.3 16376.78,26871.6
edge:inheritance:db.BeforeunloadPdfEvent->db.PdfEvent	30548.42,9264.91 31140.37,9550.03
edge:inheritance:db.BigNumberValueWithVisibility->db.ValueWithVisibility	34215.53,2893.6 33738.35,2895.4
edge:inheritance:db.BranchAbolitionEvent->db.Event	16455.33,16777.81 16416.22,16315.92
edge:inheritance:db.BranchChangeEvent->db.Event	18826.19,17481.39 16480.51,16283.78
edge:inheritance:db.BranchInstallationEvent->db.Event	18725.95,17802.48 16480.51,16306.78
edge:inheritance:db.BulkEmailCommonAttachment->db.FileAttachment	19427.71,17776.42 20162.54,18043.03
edge:inheritance:db.BulkEmailRecipientAttachment->db.FileAttachment	18946.69,18684.29 20162.54,18189.31
edge:inheritance:db.CapitalChangeEvent->db.Event	16091.05,12202.47 16329,16097.92
edge:inheritance:db.CaptableAfterNewIssueDocument->db.MeetingDocument	19270.89,27910.28 16383.01,27117.47
edge:inheritance:db.CaptableAtRecordDateDocument->db.MeetingDocument	19703.86,27910.28 16383.01,27111.42
edge:inheritance:db.CaptableBeforeNewIssueDocument->db.MeetingDocument	18416.24,28026.28 16383.01,27145.69
edge:inheritance:db.CeoAddressChangeEvent->db.Event	15838.65,14974.68 16285.81,16097.92
edge:inheritance:db.CeoConfirmationDocument->db.MeetingDocument	18851.43,28026.28 16383.01,27133.01
edge:inheritance:db.CeoTypeChangedCeoResidentRegistrationDocument->db.MeetingDocument	19286.61,28026.28 16383.01,27123.92
edge:inheritance:db.CertificateOfCorporateSealDocument->db.MeetingDocument	19721.8,28026.28 16383.01,27117.07
edge:inheritance:db.CertificateOfSealNotarizationPoaDocument->db.MeetingDocument	18425.16,28142.28 16383.01,27154.68
edge:inheritance:db.CmeBulkEmail->db.BulkEmail	17016.52,16070.72 14815.49,16578.7
edge:inheritance:db.CmeBulkEmailRecipient->db.BulkEmailRecipient	16989.86,16372.86 19834.44,18485.35
edge:inheritance:db.CmeBulkEmailTemplate->db.BulkEmailTemplate	20226.19,14511.79 19431.08,14096.54
edge:inheritance:db.CoCeoSystemChangeEvent->db.Event	16382.66,12202.47 16336.03,16097.92
edge:inheritance:db.CompanyAddressChangeEvent->db.Event	18839.75,17605.39 16480.51,16290.66
edge:inheritance:db.CompanyBulkEmailTemplate->db.BulkEmailTemplate	18849.73,14143.56 19183.08,14075.86
edge:inheritance:db.CompanyDocumentDelivery->db.DocumentDelivery	18447.19,11011.93 19451.44,11042.21
edge:inheritance:db.CompanyEndorsementFeed->db.CompanyFeed	25460.13,2330.31 27131.71,1125.97
edge:inheritance:db.CompanyFeed->db.Feed	27200.72,1125.97 26961.04,3916.15
edge:inheritance:db.CompanyIrClosingFeed->db.CompanyFeed	27267.22,3287.26 27206.75,1125.97
edge:inheritance:db.CompanyIrNewCommitFeed->db.CompanyFeed	27727.45,3116.72 27218.81,1125.97
edge:inheritance:db.CompanyIrOpenFeed->db.CompanyFeed	27865.82,2482.67 27230.1,1125.97
edge:inheritance:db.CompanyNewsFeed->db.CompanyFeed	18917.9,6175.61 27119.19,1125.97
edge:inheritance:db.CompanyOwnerAuditLog->db.AuditLog	10817.04,5451.11 19519.79,3609.39
edge:inheritance:db.CompanyPaymentLink->db.PaymentLink	22132.45,10576.04 24608.18,11697.09
edge:inheritance:db.CompanyQuestionThread->db.QuestionThread	19125.46,12956.02 20523.06,11211.5
edge:inheritance:db.CompanyTanTableView->db.TanTableView	14458.79,5428.19 13449.42,6815.93
edge:inheritance:db.ConsentFormModusignDocument->db.ModusignDocument	24074.91,36523.13 22937.07,20833.69
edge:inheritance:db.ConsentFormModusignEmbeddedDraft->db.ModusignEmbeddedDraft	21981.59,23598.27 21936.33,22261.05
edge:inheritance:db.ConsentFormOptionItem->db.ConsentFormItem	22719.72,25135.19 23304.69,28171.56
edge:inheritance:db.CorporateRegistrationDocument->db.MeetingDocument	18862.1,28142.28 16383.01,27140.53
edge:inheritance:db.CustomOptionGrantContractTemplate->db.OptionGrantContractTemplate	19892.46,15586.29 19606.5,15479.22
edge:inheritance:db.CustomOptionGrantContractTemplateRevision->db.OptionGrantContractTemplateRevision	20832.59,15381.21 20205.29,15949.07
edge:inheritance:db.DebtConfirmationAndOffsetContractDocument->db.MeetingDocument	17908.5,26491.09 16383.01,27000.97
edge:inheritance:db.Director->db.Stakeholder	17070.66,15737.2 11989.61,19018.54
edge:inheritance:db.DirectorAppointmentEvent->db.Event	16173.51,14978.68 16314.67,16097.92
edge:inheritance:db.DirectorCompensationDecisionEvent->db.Event	15840.27,15094.68 16281.05,16097.92
edge:inheritance:db.DirectorCompensationLimitEvent->db.Event	16173.47,15094.68 16312.85,16097.92
edge:inheritance:db.DirectorDecisionDocument->db.MeetingDocument	19299.05,28142.28 16383.01,27130.37
edge:inheritance:db.DirectorResidentRegistrationWithAddressChangeHistoryDocument->db.MeetingDocument	19735.99,28142.28 16383.01,27122.73
edge:inheritance:db.DirectorTermEndEvent->db.Event	15844.35,15218.68 16275.23,16097.92
edge:inheritance:db.DirectorsMeetingMinutesDocument->db.MeetingDocument	18432.4,28258.28 16383.01,27163.67
edge:inheritance:db.DirectorsMeetingNoticeDocument->db.MeetingDocument	18870.76,28258.28 16383.01,27148.04
edge:inheritance:db.DirectorsMeetingNoticeEmail->db.BulkEmail	15162.83,19851.9 14732.54,16679.82
edge:inheritance:db.DirectorsMeetingNoticeEmailRecipient->db.BulkEmailRecipient	16246.84,20147.84 19764.13,18594.87
edge:inheritance:db.DirectorsMeetingSkipNoticeDocument->db.MeetingDocument	19309.13,28258.28 16383.01,27136.82
edge:inheritance:db.DocumentLoadedPdfEvent->db.PdfEvent	31023,9369.67 31187.98,9550.03
edge:inheritance:db.ESOPParticipant->db.Employee	11169.01,15079.26 10684.24,14055.08
edge:inheritance:db.ElectronicCertificateApplicationFormDocument->db.MeetingDocument	19747.5,28258.28 16383.01,27128.38
edge:inheritance:db.ElectronicCertificateCaseReportDocument->db.MeetingDocument	18438.38,28374.28 16383.01,27172.66
edge:inheritance:db.Employee->db.Stakeholder	10665.52,14055.08 11787.87,18968.45
edge:inheritance:db.EmployeeOptionExerciseEvent->db.Event	16692.63,12202.47 16343.51,16097.92
edge:inheritance:db.EmployeeOptionExerciseManagementEmail->db.BulkEmail	14568.93,14362.74 14679.18,16541.82
edge:inheritance:db.EmployeeOptionGrantee->db.Employee	11181.06,12531.53 10680.76,13853.08
edge:inheritance:db.EmployeeStockGuideEmail->db.BulkEmail	12524.64,16339.9 14555.49,16581.29
edge:inheritance:db.ExpertClientSignupChannel->db.SignupChannel	23772.27,14036.31 23905.47,13949.92
edge:inheritance:db.FeeReceiptDocument->db.MeetingDocument	18877.93,28374.28 16383.01,27155.55
edge:inheritance:db.FileValueWithVisibility->db.ValueWithVisibility	34564.53,2893.39 33738.35,2895.54
edge:inheritance:db.FinancialStatementsDocument->db.MeetingDocument	19317.47,28374.28 16383.01,27143.27
edge:inheritance:db.FinancialStatementsForNewIssueFromConversionDocument->db.MeetingDocument	18413.48,24797.3 16383.01,26902.18
edge:inheritance:db.HrmAlpUsagePlan->db.HrmApprovable	8192.05,17994.24 6121.57,17372.19
edge:inheritance:db.HrmAnnualLeave->db.HrmLeaveBase	6887.73,21994.7 6447.15,21183.35
edge:inheritance:db.HrmAnnualLeaveFiscalBasedConfig->db.HrmAnnualLeaveConfigBase	7145.48,25939.93 6895.86,23082.88
edge:inheritance:db.HrmAnnualLeaveHireBasedConfig->db.HrmAnnualLeaveConfigBase	6821.01,24957.11 6891.24,23082.88
edge:inheritance:db.HrmAttendance->db.HrmApprovable	6430.18,17284.9 6121.57,17326.4
edge:inheritance:db.HrmAttendanceLocation->db.HrmApprovable	8201.92,16594 6121.57,17300.76
edge:inheritance:db.HrmCertificateIssue->db.HrmApprovable	8435.05,15504.57 6063.39,17280.71
edge:inheritance:db.HrmCompensatoryLeave->db.HrmLeaveBase	5467.95,20894.91 6271.51,21079.17
edge:inheritance:db.HrmCustomLeave->db.HrmLeaveBase	5819.77,20904.85 6271.51,21062.8
edge:inheritance:db.HrmDeptAbolishedEvent->db.HrmDeptStatusEventBase	3857.18,22992.74 3802.47,21638.59
edge:inheritance:db.HrmDeptCreatedEvent->db.HrmDeptStatusEventBase	3712.5,20823.68 3796.13,21556.59
edge:inheritance:db.HrmDeptNameChangedEvent->db.HrmDeptNameEventBase	2959.88,19713.93 2678.74,20005.51
edge:inheritance:db.HrmDeptNameEventBase->db.HrmDeptEventBase	2679.07,20079.51 2891.87,20298.13
edge:inheritance:db.HrmDeptParentChangedEvent->db.HrmDeptParentEventBase	3200.38,19922.93 3542.66,19941.21
edge:inheritance:db.HrmDeptParentEventBase->db.HrmDeptEventBase	3590.71,19984.51 2997.83,20298.13
edge:inheritance:db.HrmDeptStatusEventBase->db.HrmDeptEventBase	3772.46,21556.59 2953.46,20372.13
edge:inheritance:db.HrmDocument->db.HrmApprovable	5010.33,16438.93 5938.18,17280.71
edge:inheritance:db.HrmEmpAbsenceEvent->db.HrmEmpStatusEventBase	7635.28,14800.77 7813.32,14977.92
edge:inheritance:db.HrmEmpAffiliationChangedEvent->db.HrmEmpAffiliationEventBase	6246.05,16169.06 6388.36,16464.06
edge:inheritance:db.HrmEmpAffiliationEventBase->db.HrmEmpEventBase	6531.98,16468.76 7041.39,16325.36
edge:inheritance:db.HrmEmpContractModusignDocument->db.ModusignDocument	24719.52,37876.53 22943.77,20833.69
edge:inheritance:db.HrmEmpDepartedEvent->db.HrmEmpStatusEventBase	8393.46,14964.36 7951.7,14999.15
edge:inheritance:db.HrmEmpEmploymentTypeChangedEvent->db.HrmEmpEmploymentTypeEventBase	7515.22,16390.49 7058.92,16622.03
edge:inheritance:db.HrmEmpEmploymentTypeEventBase->db.HrmEmpEventBase	6998.74,16622.03 7146.66,16332.35
edge:inheritance:db.HrmEmpJobChangedEvent->db.HrmEmpJobEventBase	6663.19,15471.27 6628.67,15721.7
edge:inheritance:db.HrmEmpJobEventBase->db.HrmEmpEventBase	6654.74,15795.7 7128.22,16258.35
edge:inheritance:db.HrmEmpJoinedEvent->db.HrmEmpStatusEventBase	7840.6,15659.77 7839.28,15083.92
edge:inheritance:db.HrmEmpReturnToWorkEvent->db.HrmEmpStatusEventBase	7951.52,14800.77 7863.41,14977.92
edge:inheritance:db.HrmEmpStatusEventBase->db.HrmEmpEventBase	7799.85,15083.92 7178.83,16258.35
edge:inheritance:db.HrmFamilyCareLeave->db.HrmLeaveBase	5467.95,20997.96 6271.51,21094.08
edge:inheritance:db.HrmFixedWork->db.HrmWorkBase	5323.81,18475.94 5289.61,18617.52
edge:inheritance:db.HrmGrantableLeave->db.HrmLeaveBase	6644.63,20229.12 6427.15,21037.35
edge:inheritance:db.HrmInfertilityTreatmentLeave->db.HrmLeaveBase	5844.95,21007.74 6271.51,21085.54
edge:inheritance:db.HrmLeaveUsage->db.HrmApprovable	9009.61,18045.57 6121.57,17360.49
edge:inheritance:db.HrmMaternityLeave->db.HrmLeaveBase	5467.95,21204.08 6271.51,21123.92
edge:inheritance:db.HrmMenstrualLeave->db.HrmLeaveBase	5831.95,21197.9 6271.51,21131.04
edge:inheritance:db.HrmMiscarriageLeave->db.HrmLeaveBase	5467.95,21307.14 6271.51,21138.83
edge:inheritance:db.HrmPaternityLeave->db.HrmLeaveBase	5829.8,21294.85 6271.51,21153.78
edge:inheritance:db.HrmPersonalLocation->db.HrmApprovable	8831.59,16017.97 6101.65,17280.71
edge:inheritance:db.HrmReserveTrainingLeave->db.HrmLeaveBase	5465.89,21410.85 6271.51,21153.75
edge:inheritance:db.HrmSelectiveWork->db.HrmWorkBase	5335.76,18919.09 5290.31,18739.52
edge:inheritance:db.HrmSelectiveWorkPlan->db.HrmApprovable	6120.22,17075.85 6013.48,17280.71
edge:inheritance:db.HrmStaggeredWork->db.HrmWorkBase	4440.13,19354.04 5199.49,18739.52
edge:inheritance:db.IBKSignupChannel->db.SignupChannel	24559.18,13440.21 24101.72,13880.81
edge:inheritance:db.IaCertificateOfInvestmentDocument->db.InvestmentAssociationDocument	33590.25,18253.38 32851.83,19070.71
edge:inheritance:db.IaConsentFormDocument->db.InvestmentAssociationDocument	34019.34,18257.38 32880.58,19070.71
edge:inheritance:db.IaConsentFormOrMeetingElectronicSignatureRequestModusignDocument->db.ModusignDocument	27716.87,20077.9 23063.78,20725.98
edge:inheritance:db.IaConsentFormOrMeetingElectronicSignatureRequestModusignEmbeddedDraft->db.ModusignEmbeddedDraft	25920.33,23000.94 22063.25,22203.06
edge:inheritance:db.IaConsentFormOrMeetingElectronicSignatureRequiredDocument->db.InvestmentAssociationDocument	31038.88,19807.17 32654.15,19190.81
edge:inheritance:db.IaExpertPartnerBulkEmailTemplate->db.BulkEmailTemplate	20871.76,15014.69 19393.71,14110.36
edge:inheritance:db.IaExplanationFormForElectronicSignatureDocument->db.InvestmentAssociationDocument	33182.43,19378.7 32940.15,19180.11
edge:inheritance:db.IaGpAppointmentEvent->db.InvestmentAssociationEvent	32279.31,17369.44 30715.11,17121.96
edge:inheritance:db.IaGpTerminationEvent->db.InvestmentAssociationEvent	32547.16,17719.84 30712.19,17139.97
edge:inheritance:db.IaMeetingAgendaCustom->db.IaMeetingAgenda	32675.88,20952.2 32407.51,20620.12
edge:inheritance:db.IaMeetingMinutesDocument->db.InvestmentAssociationDocument	32056.69,19936.45 32757.52,19192.71
edge:inheritance:db.IaMeetingNoticeDocument->db.InvestmentAssociationDocument	31828.23,19796.06 32726.53,19192.71
edge:inheritance:db.IaMeetingSealedNoticeDocumentFile->db.FileAttachment	29149.57,19564.85 20542.54,18143.44
edge:inheritance:db.IaMeetingShortenPeriodDocument->db.InvestmentAssociationDocument	33581.21,18381.38 32859.95,19070.71
edge:inheritance:db.IaModusignDocumentUsageHistory->db.BaseModusignDocumentUsageHistory	25196.94,13128.11 24233.54,12969.2
edge:inheritance:db.IaOwnerAuditLog->db.AuditLog	23431.91,1670 19719.19,3539.21
edge:inheritance:db.IaPartnerListDocument->db.InvestmentAssociationDocument	32579.87,18739.29 32800.47,19070.71
edge:inheritance:db.IaPaymentLink->db.PaymentLink	25959.32,12033.94 24788.54,11722.75
edge:inheritance:db.IaPfCompanyInvestmentSalesIntent->db.SalesIntent	31160.08,22629.51 32349.45,23634
edge:inheritance:db.IaQuestionThread->db.QuestionThread	21662.05,11738.78 20694.77,11211.5
edge:inheritance:db.IaRuleDocument->db.InvestmentAssociationDocument	29004.06,19124.38 32654.15,19123.5
edge:inheritance:db.IaSealStampImage->db.FileAttachment	21358.22,18179.17 20542.54,18124.66
edge:inheritance:db.IaWrittenResolutionDocument->db.InvestmentAssociationDocument	34011.02,18381.38 32892.97,19070.71
edge:inheritance:db.ImAcVcBroker->db.ImZuzuBroker	27451.36,10668.06 29407.8,10540.31
edge:inheritance:db.ImIndividualGpBroker->db.ImZuzuBroker	29226.5,10724.37 29468.05,10569.6
edge:inheritance:db.ImInvestorBroker->db.ImBroker	31950.45,10646.2 30179.33,10514.1
edge:inheritance:db.ImIrPartnerBroker->db.ImBroker	28952.16,10373.47 29931.33,10490.08
edge:inheritance:db.ImPitchingDay->db.ImDay	30064.23,8892.62 30662.99,9042.03
edge:inheritance:db.ImPitchingDayParticipation->db.ImDayParticipation	28799.15,7396.27 30446.6,8716.4
edge:inheritance:db.ImZuzuBroker->db.ImBroker	29643.8,10526.42 29931.33,10511.35
edge:inheritance:db.InauguralConsentDocument->db.MeetingDocument	13804.05,22822.52 16061.35,26871.6
edge:inheritance:db.IncorporationRequestAssistanceReceipt->db.FileAttachment	21408.42,16452.01 20490.57,17894.96
edge:inheritance:db.IndividualStakeholder->db.Stakeholder	12301.25,20506.67 11877.9,19282.45
edge:inheritance:db.IndividualStockOptionCancelEvent->db.IndividualInvestorEvent	34663.1,30420.32 33610.85,29660.19
edge:inheritance:db.IndividualStockOptionExerciseEvent->db.IndividualInvestorEvent	35002.75,31708.8 33579.82,29660.19
edge:inheritance:db.IndividualStockOptionGrantEvent->db.IndividualInvestorEvent	33668.25,27571.02 33551.19,29570.19
edge:inheritance:db.IndividualStockOptionPauseEvent->db.IndividualInvestorEvent	30127,28781.67 33424.56,29584.98
edge:inheritance:db.IndividualStockOptionResumeEvent->db.IndividualInvestorEvent	30701.64,31267.65 33471.03,29660.19
edge:inheritance:db.IndividualStockOptionSalesIntent->db.SalesIntent	31143,23688.72 32275.26,23672.67
edge:inheritance:db.InputSignupChannel->db.SignupChannel	24631.77,13949.62 24072.29,13949.92
edge:inheritance:db.InstitutionStakeholder->db.Stakeholder	11898.06,21310.87 11828.96,19282.45
edge:inheritance:db.InvestmentAssociationAssociationPartner->db.InvestmentAssociationOrganizationPartner	33092.03,15012.45 34302.6,16064.7
edge:inheritance:db.InvestmentAssociationCorporationPartner->db.InvestmentAssociationOrganizationPartner	35267.56,15068.63 34401.57,16064.7
edge:inheritance:db.InvestmentAssociationIndividualPartner->db.InvestmentAssociationPartner	33200.69,16476.65 35389.93,17902.18
edge:inheritance:db.InvestmentAssociationOrganizationPartner->db.InvestmentAssociationPartner	34389.27,16162.7 35479.53,17891.17
edge:inheritance:db.InvestmentAssociationOrganizationPartnerCorporationSigner->db.InvestmentAssociationOrganizationPartnerSigner	34772.27,13788.86 34380.71,13980.36
edge:inheritance:db.InvestmentAssociationOrganizationPartnerIndividualSigner->db.InvestmentAssociationOrganizationPartnerSigner	34151.67,13859.24 34251.58,13980.36
edge:inheritance:db.InvestmentAssociationPartnerSalesIntent->db.SalesIntent	33525.09,22183.78 32421.42,23634
edge:inheritance:db.InvestmentContractHolder->db.Stakeholder	12103.54,18317.88 11866.12,18968.45
edge:inheritance:db.InvestorRelations->db.InvestorMatching	28291.78,5048.03 26605.16,8899.81
edge:inheritance:db.IrClosingComplete->db.IrClosing	29469.25,2009.32 30351.75,3815.6
edge:inheritance:db.IrClosingExpired->db.IrClosing	30360.92,4496.62 30371.08,3897.6
edge:inheritance:db.IrClosingIncomplete->db.IrClosing	31216.34,3894.7 30495.78,3862.19
edge:inheritance:db.IrConsultingRequest->db.ImConsultingRequest	26186.21,7764.41 25529.75,7055.79
edge:inheritance:db.IrFeed->db.Feed	27563.22,5076.49 26977.8,3990.15
edge:inheritance:db.IrosOtpIssueMeetingDocument->db.MeetingDocument	10757.37,23588.8 16027.01,26954.9
edge:inheritance:db.LawtalkSignupAttachment->db.FileAttachment	19450.9,16281.34 20245.01,17894.96
edge:inheritance:db.LedgerByCustomerDocument->db.MeetingDocument	17983.36,24921.3 16383.01,26875.95
edge:inheritance:db.LegalPartnerSignupChannel->db.SignupChannel	23219.27,13628.07 23853.72,13913.7
edge:inheritance:db.ManualOptionVesting->db.OptionVesting	15471.84,18200.05 15495.87,18056.54
edge:inheritance:db.ManualProduct->db.Product	23463.55,10455.05 23590.01,10551.36
edge:inheritance:db.MeetingAttachment->db.FileAttachment	18640.85,17177.34 20162.54,18008.22
edge:inheritance:db.Mna->db.InvestorMatching	26229.92,8749.08 26436.8,8899.81
edge:inheritance:db.MnaConsultingRequest->db.ImConsultingRequest	25100.3,7053.38 25367.77,7027.01
edge:inheritance:db.NcpSignupChannel->db.SignupChannel	25196.78,13906.21 24101.72,13936.41
edge:inheritance:db.NewCeoCertificateOfSealDocument->db.MeetingDocument	18883.95,28490.28 16383.01,27163.06
edge:inheritance:db.NewCeoResidentRegistrationDocument->db.MeetingDocument	19324.48,28490.28 16383.01,27149.72
edge:inheritance:db.NewIssueNoticeEmail->db.BulkEmail	12929.74,23323.92 14667.41,16679.82
edge:inheritance:db.NewIssueSkipNoticeDocument->db.MeetingDocument	18406.58,24925.3 16383.01,26911.54
edge:inheritance:db.NewIssueStockAcceptanceDocument->db.MeetingDocument	18321.25,26491.09 16383.01,27014.23
edge:inheritance:db.NewIssueStockAllocationDocument->db.MeetingDocument	17977.27,25049.3 16383.01,26887.43
edge:inheritance:db.NewIssueStockAllocationRecordDateNoticeDocument->db.MeetingDocument	18169.66,25956.19 16383.01,26972.72
edge:inheritance:db.NewIssueStockSubscriptionDocument->db.MeetingDocument	17888.47,26607.09 16383.01,27012.5
edge:inheritance:db.NewIssueStockUnissuedConfirmationDocument->db.MeetingDocument	18296.33,26607.09 16383.01,27023.5
edge:inheritance:db.NonUnifiedShareManagementSalesIntent->db.SalesIntent	30157.54,25691.17 32352.31,23708
edge:inheritance:db.NonUnifiedShareSucPoaModusignDocument->db.ModusignDocument	23773.39,21148.89 23063.78,20817.53
edge:inheritance:db.NotarizationPoaDocument->db.MeetingDocument	19765.02,28490.28 16383.01,27139.68
edge:inheritance:db.OptionExerciseClaimAttachment->db.FileAttachment	14339.82,17000.92 20162.54,18077.5
edge:inheritance:db.OptionExerciseClaimMeetingDocument->db.MeetingDocument	14499.49,22050.53 16139.11,26871.6
edge:inheritance:db.OptionExerciseManagementEmail->db.BulkEmail	14835.47,15881.51 14694.27,16541.82
edge:inheritance:db.OptionGrantContractCeo->db.OptionGrantContractStakeholder	20045.94,14768.27 19663.68,15143.64
edge:inheritance:db.OptionGrantContractFirstRefusalRightHolder->db.OptionGrantContractStakeholder	19997.33,15123.24 19743.1,15143.64
edge:inheritance:db.OptionGrantContractModusignDocument->db.ModusignDocument	21177.25,19355.45 22829.39,20671.69
edge:inheritance:db.OptionGrantContractModusignEmbeddedDraft->db.ModusignEmbeddedDraft	21611.35,21256.7 21911.12,22155.05
edge:inheritance:db.OptionGrantEvent->db.Event	15907.19,18418.44 16307.94,16315.92
edge:inheritance:db.OptionGrantee->db.Stakeholder	14854.39,18992.57 11989.61,19118.17
edge:inheritance:db.OptionWithdrawEvent->db.Event	16382.63,12318.47 16336.13,16097.92
edge:inheritance:db.OtherDocumentArchiveAttachment->db.FileAttachment	19995.64,16500.1 20304.49,17894.96
edge:inheritance:db.PageNumberUpdatedPdfEvent->db.PdfEvent	31547.55,9651.48 31349.49,9614.3
edge:inheritance:db.PayrollStatementEmail->db.BulkEmail	12545.71,17166.3 14555.49,16619.43
edge:inheritance:db.PayrollStatementEmailRecipient->db.BulkEmailRecipient	12034.12,18100.55 19764.13,18535.48
edge:inheritance:db.PerformanceRsuVestingItem->db.RsuVestingItem	15446.18,13690.47 15081.39,13718.18
edge:inheritance:db.PeriodPhantomStockVestingItem->db.PhantomStockVestingItem	10821.19,17892.89 10644.74,17534.25
edge:inheritance:db.PeriodRsuVestingItem->db.RsuVestingItem	15418.02,13572.9 15081.39,13685.96
edge:inheritance:db.PeriodicOptionVesting->db.OptionVesting	15206.56,18167.23 15428.03,18056.54
edge:inheritance:db.PhantomStockCancelEvent->db.Event	16692.53,12318.47 16343.79,16097.92
edge:inheritance:db.PhantomStockExerciseEvent->db.Event	16091.11,12434.47 16328.81,16097.92
edge:inheritance:db.PhantomStockGrantEvent->db.Event	16382.6,12434.47 16336.22,16097.92
edge:inheritance:db.PhantomStockGrantee->db.Stakeholder	11261.79,18242.7 11758.3,18968.45
edge:inheritance:db.PhantomStockPauseEvent->db.Event	15906.28,15380.77 16260.29,16097.92
edge:inheritance:db.PhantomStockResumeEvent->db.Event	16200.7,15574.78 16308.57,16097.92
edge:inheritance:db.PingpongDeliveryAddress->db.Address	22861.55,13098.21 23216.06,18515.89
edge:inheritance:db.Playbook->db.MembershipContent	2481.19,1259.04 2689.66,1804.78
edge:inheritance:db.Post->db.MembershipContent	2208.41,1375.04 2659.6,1804.78
edge:inheritance:db.ProofOfEmploymentDocument->db.MeetingDocument	18447.71,28606.28 16383.01,27190.64
edge:inheritance:db.QuarterlyReportRequestAttachment->db.FileAttachment	25890.48,16354.2 20542.54,18050.49
edge:inheritance:db.QuarterlyReportSignupChannel->db.SignupChannel	26259.34,13451.66 24101.72,13910.1
edge:inheritance:db.QuestionMessageAttachment->db.FileAttachment	21251.9,18032.82 20542.54,18095.24
edge:inheritance:db.RegistrationAssistanceReceipt->db.FileAttachment	21189.54,16311.63 20453.43,17894.96
edge:inheritance:db.RegistrationFormAllInOneDocument->db.MeetingDocument	18889.09,28606.28 16383.01,27170.57
edge:inheritance:db.RegistrationFormAoiChangeDocument->db.MeetingDocument	19330.46,28606.28 16383.01,27156.17
edge:inheritance:db.RegistrationFormBranchChangeDocument->db.MeetingDocument	19771.84,28606.28 16383.01,27145.34
edge:inheritance:db.RegistrationFormCaptableDocument->db.MeetingDocument	19017.1,25216.5 16383.01,26945.38
edge:inheritance:db.RegistrationFormCeoAddressChangeDocument->db.MeetingDocument	18451.41,28722.28 16383.01,27199.63
edge:inheritance:db.RegistrationFormDirectorChangeDocument->db.MeetingDocument	18893.52,28722.28 16383.01,27178.09
edge:inheritance:db.RegistrationFormHeadOfficeInsideRelocationDocument->db.MeetingDocument	19877.81,24161.61 16383.01,26936.8
edge:inheritance:db.RegistrationFormHeadOfficeOutsideRelocationDocument->db.MeetingDocument	19875.71,24277.61 16383.01,26942.12
edge:inheritance:db.RegistrationFormNewIssueDocument->db.MeetingDocument	19335.62,28722.28 16383.01,27162.62
edge:inheritance:db.RegistrationFormNewOptionsRuleDocument->db.MeetingDocument	19777.73,28722.28 16383.01,27150.99
edge:inheritance:db.RegistrationPoaDocument->db.MeetingDocument	18454.64,28838.28 16383.01,27208.62
edge:inheritance:db.RegularProduct->db.Product	23507.48,10754.32 23609.36,10625.36
edge:inheritance:db.ResignationLetterDocument->db.MeetingDocument	13804.84,22938.52 16057.16,26871.6
edge:inheritance:db.ResignedDirectorCertificateOfSealDocument->db.MeetingDocument	18897.38,28838.28 16383.01,27185.6
edge:inheritance:db.RsaForfeitEvent->db.Event	15989.92,16207.29 16184.51,16199.44
edge:inheritance:db.RsaVestConfirmEvent->db.Event	16600.73,15828.01 16417.4,16097.92
edge:inheritance:db.RsuCancelEvent->db.Event	16091.15,12550.47 16328.71,16097.92
edge:inheritance:db.RsuExerciseClaimCandidateEmailRecipient->db.BulkEmailRecipient	13679.57,15909.31 19764.13,18487.27
edge:inheritance:db.RsuExerciseEvent->db.Event	15774.67,15706.57 16206.49,16097.92
edge:inheritance:db.RsuExerciseManagementEmail->db.BulkEmail	14286.78,16160.28 14558.2,16541.82
edge:inheritance:db.RsuGrantContractModusignDocument->db.ModusignDocument	21275.26,19228.84 22846.42,20671.69
edge:inheritance:db.RsuGrantEvent->db.Event	16382.57,12550.47 16336.32,16097.92
edge:inheritance:db.RsuGrantee->db.Stakeholder	13132.33,16934.22 11918.11,18968.45
edge:inheritance:db.RsuPauseEvent->db.Event	15852.09,16728.16 16184.51,16313.78
edge:inheritance:db.RsuPerformanceAchievementEvent->db.Event	16692.32,12550.47 16344.41,16097.92
edge:inheritance:db.RsuResumeEvent->db.Event	15964.43,16851.11 16273.78,16315.92
edge:inheritance:db.RtccEmail->db.BulkEmail	15057.82,16307.1 14757.97,16541.82
edge:inheritance:db.RtccInvestorFile->db.FileAttachment	19163.29,18208.14 20162.54,18111.19
edge:inheritance:db.SafeCreateEvent->db.Event	17060.16,16882.75 16446.96,16315.92
edge:inheritance:db.SalesReportDocument->db.MeetingDocument	19340.12,28838.28 16383.01,27169.08
edge:inheritance:db.SealStampCardContinuedUseApplicationFormDocument->db.MeetingDocument	10759.35,23704.8 16027.01,26958.65
edge:inheritance:db.SealStampDeclarationDocument->db.MeetingDocument	10761.46,23820.8 16027.01,26962.4
edge:inheritance:db.SealStampImage->db.FileAttachment	19380.72,16786.58 20193.88,17894.96
edge:inheritance:db.SealedOptionGrantContractDocument->db.MeetingDocument	19782.87,28838.28 16383.01,27156.64
edge:inheritance:db.SealedOptionGrantShareholdersMeetingResolutionDocument->db.MeetingDocument	18457.47,28954.28 16383.01,27217.62
edge:inheritance:db.Shareholder->db.Stakeholder	12384.97,23318.23 11844.63,19282.45
edge:inheritance:db.ShareholdersAgreementModusignDocument->db.ModusignDocument	22150.01,20672.32 22791.78,20741.99
edge:inheritance:db.ShareholdersAgreementModusignEmbeddedDraft->db.ModusignEmbeddedDraft	21755.36,22356.24 21856.84,22261.05
edge:inheritance:db.ShareholdersCertificateOfSealDocument->db.MeetingDocument	18900.77,28954.28 16383.01,27193.11
edge:inheritance:db.ShareholdersMeetingAuditReportDocument->db.MeetingDocument	19344.08,28954.28 16383.01,27175.53
edge:inheritance:db.ShareholdersMeetingConvocationNoticeEmail->db.BulkEmail	18254.49,20748 14744.3,16679.82
edge:inheritance:db.ShareholdersMeetingConvocationNoticeEmailAttachment->db.FileAttachment	19868.74,20459.86 20304.59,18328.96
edge:inheritance:db.ShareholdersMeetingConvocationNoticeEmailRecipient->db.ShareholdersMeetingConvocationNoticeRecipient	19880.77,18715.35 19861.29,21986.64
edge:inheritance:db.ShareholdersMeetingConvocationNoticeWrittenRecipient->db.ShareholdersMeetingConvocationNoticeRecipient	20357.15,23743.04 19910.72,22076.64
edge:inheritance:db.ShareholdersMeetingMinutesDocument->db.MeetingDocument	19787.38,28954.28 16383.01,27162.3
edge:inheritance:db.ShareholdersMeetingNoticeDocument->db.MeetingDocument	18459.99,29070.28 16383.01,27226.61
edge:inheritance:db.ShareholdersMeetingPowerOfAttorneyDocument->db.MeetingDocument	18903.78,29070.28 16383.01,27200.62
edge:inheritance:db.ShareholdersMeetingPowerOfAttorneyIndividualDocument->db.MeetingDocument	17036.38,24207.1 16262.25,26871.6
edge:inheritance:db.ShareholdersMeetingShortenPeriodDocument->db.MeetingDocument	19347.58,29070.28 16383.01,27181.98
edge:inheritance:db.ShareholdersMeetingShortenPeriodIndividualDocument->db.MeetingDocument	17035.93,24323.1 16264.63,26871.6
edge:inheritance:db.ShareholdersMeetingSkipNoticeDocument->db.MeetingDocument	19791.38,29070.28 16383.01,27167.95
edge:inheritance:db.ShareholdersMeetingWrittenDecisionDocument->db.MeetingDocument	18462.23,29186.28 16383.01,27235.6
edge:inheritance:db.ShareholdersMeetingWrittenDecisionIndividualDocument->db.MeetingDocument	17035.44,24439.1 16267.23,26871.6
edge:inheritance:db.ShareholdersWrittenResolutionDocument->db.MeetingDocument	18906.47,29186.28 16383.01,27208.13
edge:inheritance:db.StockTransferAgreementModusignDocument->db.ModusignDocument	20358.5,20261.52 22791.78,20725.44
edge:inheritance:db.StockTransferAgreementModusignEmbeddedDraft->db.ModusignEmbeddedDraft	20549.91,20791.36 21881.22,22155.05
edge:inheritance:db.SubscriptionModusignDocumentUsageHistory->db.BaseModusignDocumentUsageHistory	29241.95,12199.81 24233.54,12927.13
edge:inheritance:db.TaxReceiptDocument->db.MeetingDocument	19350.71,29186.28 16383.01,27188.43
edge:inheritance:db.Template->db.MembershipContent	2484.4,1375.04 2685.76,1804.78
edge:inheritance:db.TextValueWithVisibility->db.ValueWithVisibility	34232.03,3032.09 33738.35,2922.13
edge:inheritance:db.UserProfileImage->db.FileAttachment	20966.36,18336.79 20542.54,18181.55
edge:inheritance:db.VentureCapitalPaymentLink->db.PaymentLink	29639.71,11097 24788.54,11712.76
edge:inheritance:db.Webinar->db.MembershipContent	2219.79,1491.04 2645.75,1804.78
edge:inheritance:db.Whitepaper->db.MembershipContent	4031.79,3539.93 2742.13,1894.78
edge:inheritance:db.WrittenStatementDocument->db.MeetingDocument	19794.95,29186.28 16383.01,27173.6
edge:inheritance:db.YetsAssistanceCreatorUser->db.YetsAssistanceCreator	13248.3,32418.67 13504.96,32221.43
edge:inheritance:db.YetsAssistanceCreatorYetsEmployee->db.YetsAssistanceCreator	10019.77,32227.32 13435.11,32185.86
edge:inheritance:db.YetsAssistanceMessageFile->db.FileAttachment	22926.97,34136.59 20385.79,18328.96
edge:inheritance:db.YetsEmail->db.BulkEmail	10395.29,20272.9 14604.55,16679.82
edge:inheritance:db.YetsEmployeeFile->db.FileAttachment	23278.81,34767.78 20389.64,18328.96
edge:inheritance:db.YetsEmployeeResultWhtReceipt->db.FileAttachment	22304.99,31424.32 20382.78,18328.96
edge:inheritance:db.ZuzuOptionGrantContractTemplate->db.OptionGrantContractTemplate	19867.49,15377.25 19606.5,15391.31
edge:inheritance:db.ZuzuOptionGrantContractTemplateRevision->db.OptionGrantContractTemplateRevision	20286.93,15498.38 20164.52,15949.07
